gene,mean_selection_frequency,n_pipelines_ge50,n_models_ge50,n_explainers_ge50,median_rank,best_rank,mean_rank,frac_signed_positive,ttest_frequency,freq:logreg|coef,freq:logreg|shap,freq:logreg|perm,freq:svm|coef,freq:svm|shap,freq:svm|perm,freq:rf|shap,freq:rf|perm,freq:xgb|shap,freq:xgb|perm,freq:logreg_C0.1|coef,freq:logreg_C100|coef,freq:ttest|ttest,consensus,k
ABHD1,0.5900000000000001,6,3,3,7.0,1.0,12.101694915254237,0.25,0.0,1.0,0.6,0.2,0.9,0.2,1.0,0.3,0.3,0.7,0.7,1.0,0.9,0.0,True,50
DKFZp779M0652,0.5199999999999999,5,2,3,4.5,1.0,8.846153846153847,0.1896551724137931,0.0,0.9,0.8,0.3,1.0,1.0,1.0,0.1,0.1,0.0,0.0,1.0,1.0,0.0,True,50
MMP28,0.49000000000000005,7,4,2,17.0,1.0,18.653061224489797,0.4634146341463415,0.0,0.3,0.6,0.0,0.3,0.7,0.8,0.6,0.6,0.5,0.5,0.6,0.5,0.0,True,50
HSPB6,0.48999999999999994,5,2,3,17.0,2.0,19.448979591836736,0.24489795918367346,0.0,0.7,0.8,0.4,0.8,0.8,0.8,0.1,0.1,0.2,0.2,0.8,0.7,0.0,True,50
NIPSNAP3B,0.45999999999999985,4,2,3,13.0,1.0,18.304347826086957,0.22916666666666666,0.0,0.6,0.1,0.1,1.0,1.0,1.0,0.3,0.3,0.1,0.1,0.7,1.0,0.0,False,50
LOC284825,0.43,4,3,3,15.0,1.0,18.511627906976745,0.2727272727272727,0.1,0.7,0.2,0.2,0.2,0.2,1.0,0.3,0.3,0.6,0.6,0.8,0.2,0.1,False,50
LYVE1,0.42000000000000004,4,2,3,8.0,1.0,12.833333333333334,0.14,0.0,0.7,0.3,0.2,1.0,1.0,1.0,0.0,0.0,0.0,0.0,1.0,1.0,0.0,False,50
DMGDH,0.41,3,1,3,17.0,1.0,17.195121951219512,0.29411764705882354,0.0,0.2,0.0,0.0,1.0,0.6,1.0,0.3,0.4,0.3,0.3,0.0,1.0,0.0,False,50
LOC102723493,0.4,3,1,3,16.0,4.0,18.575,0.1951219512195122,0.0,0.3,0.4,0.1,1.0,0.8,1.0,0.1,0.1,0.1,0.1,0.4,1.0,0.0,False,50
ABCD2,0.37,4,2,3,21.0,4.0,22.864864864864863,0.32142857142857145,0.0,0.0,0.0,0.0,1.0,0.0,0.9,0.2,0.2,0.7,0.7,0.0,0.9,0.0,False,50
RAE1,0.35,4,2,2,15.0,1.0,16.542857142857144,1.0,0.6,0.0,0.0,0.0,0.0,0.0,0.0,0.8,0.9,0.9,0.9,0.0,0.0,0.6,False,50
FLVCR1,0.33999999999999997,4,2,2,3.5,1.0,6.470588235294118,0.9565217391304348,0.5,0.0,0.1,0.0,0.0,0.0,0.0,0.7,0.6,1.0,1.0,0.0,0.0,0.5,False,50
STX11,0.31000000000000005,2,2,2,17.0,1.0,18.161290322580644,0.2608695652173913,0.0,0.5,0.2,0.1,0.2,0.2,1.0,0.3,0.2,0.2,0.2,0.4,0.3,0.0,False,50
LOC101927420,0.31000000000000005,3,1,3,13.0,2.0,19.29032258064516,0.14285714285714285,0.0,0.2,0.2,0.4,0.8,0.8,0.5,0.0,0.0,0.1,0.1,0.0,0.7,0.0,False,50
PQLC2L,0.31,3,1,3,17.0,6.0,18.64516129032258,0.03333333333333333,0.0,0.2,0.0,0.1,1.0,0.8,1.0,0.0,0.0,0.0,0.0,0.0,1.0,0.0,False,50
INHBA,0.31,3,2,3,14.0,1.0,20.322580645161292,0.84,0.1,0.5,0.8,0.0,0.0,0.1,0.0,0.4,0.5,0.4,0.4,0.2,0.0,0.1,False,50
SLC7A10,0.29,3,1,3,16.0,4.0,19.103448275862068,0.125,0.0,0.1,0.0,0.1,1.0,0.7,1.0,0.0,0.0,0.0,0.0,0.4,1.0,0.0,False,50
CCDC178,0.2899999999999999,1,1,1,25.0,8.0,25.75862068965517,0.34782608695652173,0.0,0.3,0.3,0.1,0.0,0.2,0.8,0.3,0.3,0.3,0.3,0.8,0.1,0.0,False,50
ANKRD10-IT1,0.28,2,1,2,11.5,1.0,17.75,0.8275862068965517,0.0,0.7,1.0,0.1,0.0,0.4,0.2,0.1,0.3,0.0,0.0,0.7,0.0,0.0,False,50
ZNRF2P1,0.26,3,2,3,3.0,2.0,10.653846153846153,0.8518518518518519,0.0,0.3,0.0,0.7,0.8,0.8,0.0,0.0,0.0,0.0,0.0,0.0,0.8,0.0,False,50
DCAF12L2,0.25,3,2,3,1.0,1.0,7.12,0.92,0.0,0.3,0.0,0.8,0.8,0.6,0.0,0.0,0.0,0.0,0.0,0.0,0.8,0.0,False,50
CCDC85C,0.25,4,2,2,13.0,3.0,16.12,1.0,0.0,0.0,0.0,0.0,0.0,0.0,0.0,0.5,0.6,0.7,0.7,0.0,0.0,0.0,False,50
APOB,0.25,3,1,3,17.0,5.0,20.72,0.08,0.0,0.0,0.0,0.0,1.0,0.5,1.0,0.0,0.0,0.0,0.0,0.0,1.0,0.0,False,50
PALM,0.24000000000000005,3,1,3,33.5,18.0,33.083333333333336,0.2857142857142857,0.0,0.0,0.0,0.0,0.8,0.8,0.8,0.0,0.0,0.0,0.0,0.0,0.5,0.0,False,50
STIL,0.24,4,2,2,15.5,2.0,17.25,1.0,0.0,0.0,0.0,0.0,0.0,0.0,0.0,0.6,0.6,0.6,0.6,0.0,0.0,0.0,False,50
SDC1,0.24,2,1,2,15.0,5.0,20.666666666666668,0.9565217391304348,0.9,0.1,0.2,0.0,0.0,0.0,0.0,0.7,0.6,0.4,0.4,0.0,0.0,0.9,False,50
NAALAD2,0.23000000000000004,2,1,2,23.0,10.0,24.52173913043478,0.09523809523809523,0.0,0.0,0.0,0.0,1.0,0.0,1.0,0.2,0.1,0.0,0.0,0.0,0.9,0.0,False,50
CELSR1,0.22999999999999998,2,1,2,6.0,1.0,11.130434782608695,0.9333333333333333,0.2,0.0,0.2,0.0,0.0,0.0,0.0,0.3,0.2,0.8,0.8,0.0,0.0,0.2,False,50
PRKCZ,0.22999999999999998,1,1,1,9.0,1.0,15.73913043478261,0.9411764705882353,0.2,0.0,0.0,0.0,0.1,0.2,0.2,0.6,0.4,0.4,0.4,0.1,0.1,0.2,False,50
PFKFB1,0.22999999999999998,3,1,3,28.0,8.0,30.47826086956522,0.13636363636363635,0.0,0.1,0.1,0.1,0.6,0.5,0.9,0.0,0.0,0.0,0.0,0.1,0.8,0.0,False,50
PAFAH1B3,0.22000000000000003,4,2,2,10.0,3.0,12.363636363636363,1.0,0.8,0.0,0.0,0.0,0.0,0.0,0.0,0.5,0.5,0.6,0.6,0.0,0.0,0.8,False,50
TET3,0.22000000000000003,4,2,2,10.5,2.0,14.318181818181818,0.9545454545454546,1.0,0.0,0.1,0.0,0.0,0.0,0.0,0.6,0.5,0.5,0.5,0.0,0.0,1.0,False,50
C22orf39,0.22000000000000003,4,2,2,18.0,2.0,19.545454545454547,0.9230769230769231,0.1,0.0,0.2,0.0,0.0,0.0,0.0,0.5,0.5,0.5,0.5,0.0,0.0,0.1,False,50
C11orf70,0.22000000000000003,3,1,3,21.0,9.0,20.045454545454547,0.18181818181818182,0.0,0.0,0.0,0.1,0.7,0.8,0.6,0.0,0.0,0.0,0.0,0.0,0.7,0.0,False,50
ACADL,0.22000000000000003,1,1,1,22.5,6.0,25.045454545454547,0.09523809523809523,0.0,0.4,0.2,0.1,0.2,0.3,1.0,0.0,0.0,0.0,0.0,0.7,0.3,0.0,False,50
HSPB7,0.21000000000000002,2,1,2,21.0,9.0,26.761904761904763,0.05,0.0,0.0,0.0,0.0,0.9,0.1,1.0,0.1,0.0,0.0,0.0,0.0,0.9,0.0,False,50
DENND2A,0.21000000000000002,3,2,2,31.0,11.0,28.904761904761905,0.17391304347826086,0.0,0.1,0.6,0.0,0.2,0.5,0.5,0.1,0.1,0.0,0.0,0.5,0.3,0.0,False,50
PNMA2,0.20999999999999996,3,2,3,4.0,1.0,6.476190476190476,0.7391304347826086,0.0,0.1,0.1,0.5,0.7,0.7,0.0,0.0,0.0,0.0,0.0,0.0,0.7,0.0,False,50
DNMT1,0.2,2,1,2,14.0,1.0,14.2,1.0,0.2,0.0,0.0,0.0,0.0,0.0,0.0,0.4,0.4,0.6,0.6,0.0,0.0,0.2,False,50
PAQR4,0.2,2,1,2,9.5,1.0,15.85,0.95,1.0,0.0,0.2,0.0,0.0,0.0,0.0,0.5,0.7,0.3,0.3,0.0,0.0,1.0,False,50
MYO16,0.2,2,1,2,18.5,7.0,20.9,0.047619047619047616,0.0,0.0,0.0,0.0,0.9,0.3,0.8,0.0,0.0,0.0,0.0,0.0,0.9,0.0,False,50
C8orf34,0.2,2,1,2,27.0,10.0,27.15,0.0,0.0,0.0,0.0,0.0,1.0,0.0,1.0,0.0,0.0,0.0,0.0,0.0,0.9,0.0,False,50
TMOD1,0.2,3,1,3,32.5,13.0,30.75,0.19047619047619047,0.0,0.0,0.0,0.0,0.8,0.6,0.6,0.0,0.0,0.0,0.0,0.0,0.7,0.0,False,50
EPB42,0.19,2,1,2,16.0,8.0,18.05263157894737,0.0,0.0,0.0,0.0,0.0,1.0,0.0,0.9,0.0,0.0,0.0,0.0,0.0,0.9,0.0,False,50
IGSF10,0.19,0,0,0,20.0,10.0,22.05263157894737,0.36363636363636365,0.0,0.2,0.4,0.1,0.0,0.0,0.0,0.3,0.3,0.3,0.3,1.0,0.0,0.0,False,50
TREM2,0.18000000000000002,2,1,2,18.0,4.0,17.77777777777778,0.9047619047619048,0.0,0.0,0.0,0.4,0.8,0.6,0.0,0.0,0.0,0.0,0.0,0.0,0.7,0.0,False,50
ADCY6,0.18,2,1,2,12.0,3.0,17.38888888888889,0.22727272727272727,0.0,0.0,0.0,0.0,0.8,1.0,0.0,0.0,0.0,0.0,0.0,0.0,0.4,0.0,False,50
ESRP1,0.18,2,1,2,18.0,4.0,19.61111111111111,1.0,0.0,0.0,0.0,0.0,0.0,0.0,0.2,0.5,0.5,0.3,0.3,0.0,0.1,0.0,False,50
COL10A1,0.18,1,1,1,17.5,2.0,19.88888888888889,0.8260869565217391,0.9,0.1,0.7,0.1,0.0,0.1,0.0,0.2,0.2,0.2,0.2,0.1,0.0,0.9,False,50
C15orf48,0.17,2,1,2,18.0,2.0,20.764705882352942,0.85,0.0,0.0,0.2,0.2,0.5,0.8,0.0,0.0,0.0,0.0,0.0,0.0,0.5,0.0,False,50
LRRC15,0.17,1,1,1,22.0,6.0,23.41176470588235,0.782608695652174,1.0,0.1,0.7,0.0,0.0,0.0,0.0,0.2,0.1,0.3,0.3,0.0,0.0,1.0,False,50
CBX4,0.16999999999999998,2,1,2,20.0,3.0,19.647058823529413,1.0,0.7,0.0,0.2,0.0,0.0,0.0,0.0,0.6,0.5,0.2,0.2,0.0,0.0,0.7,False,50
HEPACAM2,0.16999999999999998,2,1,2,29.0,3.0,24.823529411764707,0.6666666666666666,0.0,0.0,0.0,0.3,0.7,0.7,0.0,0.0,0.0,0.0,0.0,0.0,0.4,0.0,False,50
ST6GALNAC6,0.16999999999999998,2,1,2,33.0,17.0,34.23529411764706,0.35714285714285715,0.0,0.1,0.3,0.0,0.1,0.7,0.5,0.0,0.0,0.0,0.0,0.1,0.1,0.0,False,50
ADH1C,0.16000000000000003,1,1,1,26.0,13.0,30.125,0.3076923076923077,0.1,0.0,0.1,0.0,0.2,0.2,0.7,0.1,0.1,0.1,0.1,0.3,0.2,0.1,False,50
CLGN,0.16,1,1,1,5.5,1.0,11.375,0.6666666666666666,0.0,0.1,0.2,0.2,0.3,0.8,0.0,0.0,0.0,0.0,0.0,0.0,0.1,0.0,False,50
ARF1,0.16,2,1,2,14.0,1.0,15.0,1.0,0.0,0.0,0.0,0.0,0.0,0.0,0.0,0.5,0.5,0.3,0.3,0.0,0.0,0.0,False,50
CTHRC1,0.16,1,1,1,18.5,1.0,18.6875,0.5555555555555556,0.0,0.4,0.9,0.2,0.0,0.1,0.0,0.0,0.0,0.0,0.0,0.4,0.0,0.0,False,50
CIDEA,0.16,1,1,1,17.5,8.0,19.8125,0.3333333333333333,0.0,0.0,0.0,0.0,0.1,0.0,0.9,0.0,0.0,0.3,0.3,0.2,0.3,0.0,False,50
C11orf80,0.16,1,1,1,19.5,12.0,23.5625,0.9285714285714286,0.5,0.1,0.1,0.1,0.0,0.0,0.0,0.5,0.4,0.2,0.2,0.0,0.0,0.5,False,50
ACVR1C,0.16,0,0,0,27.0,6.0,27.1875,0.2857142857142857,0.2,0.2,0.2,0.0,0.0,0.1,0.3,0.1,0.1,0.3,0.3,0.2,0.1,0.2,False,50
TRMT13,0.16,1,1,1,30.5,7.0,28.5,0.5714285714285714,0.0,0.3,0.6,0.2,0.0,0.3,0.0,0.1,0.1,0.0,0.0,0.1,0.0,0.0,False,50
CDS1,0.15999999999999998,2,1,2,12.0,4.0,13.6875,1.0,0.0,0.0,0.0,0.0,0.0,0.0,0.0,0.6,0.6,0.2,0.2,0.0,0.0,0.0,False,50
TMEM132C,0.15999999999999998,0,0,0,30.0,2.0,29.375,0.2857142857142857,0.2,0.2,0.3,0.1,0.0,0.0,0.2,0.2,0.2,0.2,0.2,1.0,0.0,0.2,False,50
TRA2A,0.15,0,0,0,16.0,3.0,17.333333333333332,0.8666666666666667,0.1,0.4,0.4,0.1,0.0,0.0,0.0,0.3,0.3,0.0,0.0,0.3,0.0,0.1,False,50
ATOH8,0.15,1,1,1,15.0,6.0,17.6,0.6,0.0,0.0,0.1,0.0,0.0,0.0,0.0,0.4,0.6,0.2,0.2,0.3,0.0,0.0,False,50
FABP4,0.15,2,1,2,22.0,7.0,22.133333333333333,0.8,0.2,0.0,0.0,0.0,0.0,0.0,0.0,0.3,0.2,0.5,0.5,0.0,0.0,0.2,False,50
LDHD,0.15,2,1,2,41.0,21.0,38.13333333333333,0.0,0.0,0.0,0.0,0.1,0.7,0.2,0.5,0.0,0.0,0.0,0.0,0.0,0.6,0.0,False,50
LOC100506368,0.14000000000000004,0,0,0,29.0,3.0,27.5,0.3076923076923077,0.0,0.1,0.1,0.0,0.2,0.4,0.4,0.1,0.1,0.0,0.0,0.2,0.2,0.0,False,50
SLC46A2,0.13999999999999999,2,2,2,8.0,1.0,14.142857142857142,1.0,0.0,0.2,0.0,0.5,0.7,0.0,0.0,0.0,0.0,0.0,0.0,0.0,0.7,0.0,False,50
SLC35A2,0.13999999999999999,2,1,2,10.5,4.0,14.857142857142858,1.0,0.4,0.0,0.0,0.0,0.0,0.0,0.0,0.5,0.5,0.2,0.2,0.0,0.0,0.4,False,50
ARRDC1,0.13999999999999999,0,0,0,20.0,5.0,18.857142857142858,1.0,0.1,0.0,0.0,0.0,0.0,0.0,0.0,0.3,0.3,0.4,0.4,0.0,0.0,0.1,False,50
LOC105378828,0.13999999999999999,2,1,2,27.5,15.0,29.0,0.0,0.0,0.1,0.0,0.0,0.6,0.0,0.7,0.0,0.0,0.0,0.0,0.0,0.7,0.0,False,50
LOC102723886,0.13,1,1,1,4.0,1.0,6.538461538461538,0.10526315789473684,0.0,0.8,0.2,0.3,0.0,0.0,0.0,0.0,0.0,0.0,0.0,0.9,0.0,0.0,False,50
MMP11,0.13,0,0,0,25.0,7.0,19.76923076923077,1.0,1.0,0.0,0.1,0.0,0.0,0.0,0.0,0.4,0.4,0.2,0.2,0.0,0.0,1.0,False,50
CPS1,0.13,1,1,1,17.0,3.0,19.923076923076923,0.6,0.0,0.0,0.3,0.0,0.1,0.9,0.0,0.0,0.0,0.0,0.0,0.0,0.2,0.0,False,50
TPPP3,0.13,1,1,1,14.0,2.0,20.846153846153847,0.35294117647058826,0.0,0.2,0.4,0.1,0.1,0.5,0.0,0.0,0.0,0.0,0.0,0.4,0.1,0.0,False,50
MICAL2,0.13,1,1,1,29.0,3.0,24.153846153846153,0.8333333333333334,0.0,0.0,0.1,0.0,0.0,0.0,0.0,0.3,0.5,0.2,0.2,0.0,0.0,0.0,False,50
PSRC1,0.13,0,0,0,25.0,13.0,24.923076923076923,1.0,0.3,0.0,0.0,0.0,0.0,0.0,0.0,0.4,0.3,0.3,0.3,0.0,0.0,0.3,False,50
CCDC141,0.13,0,0,0,37.0,3.0,28.23076923076923,0.05,0.0,0.4,0.3,0.1,0.2,0.0,0.3,0.0,0.0,0.0,0.0,1.0,0.1,0.0,False,50
ELMOD3,0.13,1,1,1,29.0,17.0,30.923076923076923,0.0,0.0,0.0,0.0,0.1,0.3,0.0,0.9,0.0,0.0,0.0,0.0,0.0,0.2,0.0,False,50
CKAP4,0.12000000000000002,0,0,0,18.5,4.0,18.916666666666668,0.875,0.0,0.1,0.1,0.0,0.0,0.0,0.0,0.4,0.4,0.1,0.1,0.1,0.0,0.0,False,50
LVRN,0.12000000000000002,0,0,0,30.5,10.0,29.583333333333332,0.2727272727272727,0.0,0.1,0.0,0.0,0.2,0.1,0.2,0.3,0.3,0.0,0.0,0.2,0.2,0.0,False,50
TSLP,0.12000000000000002,1,1,1,31.0,17.0,30.833333333333332,0.1,0.0,0.0,0.0,0.1,0.3,0.2,0.6,0.0,0.0,0.0,0.0,0.1,0.4,0.0,False,50
LOC90768,0.12000000000000002,1,1,1,35.5,4.0,31.75,0.08333333333333333,0.0,0.0,0.0,0.0,0.6,0.2,0.4,0.0,0.0,0.0,0.0,0.0,0.4,0.0,False,50
DLG3,0.12,1,1,1,6.0,1.0,13.833333333333334,1.0,0.2,0.0,0.0,0.0,0.0,0.0,0.0,0.5,0.3,0.2,0.2,0.0,0.0,0.2,False,50
FAM110A,0.12,0,0,0,20.5,1.0,17.666666666666668,1.0,0.0,0.0,0.0,0.0,0.0,0.0,0.0,0.4,0.4,0.2,0.2,0.0,0.0,0.0,False,50
TELO2,0.12,0,0,0,19.5,7.0,19.333333333333332,1.0,0.6,0.0,0.1,0.0,0.0,0.0,0.0,0.3,0.4,0.2,0.2,0.0,0.0,0.6,False,50
LRRC1,0.12,0,0,0,17.0,8.0,19.916666666666668,1.0,0.0,0.0,0.0,0.0,0.0,0.0,0.0,0.3,0.3,0.3,0.3,0.0,0.0,0.0,False,50
CTTNBP2,0.12,1,1,1,21.0,7.0,21.0,0.16666666666666666,0.0,0.0,0.0,0.0,0.4,0.5,0.3,0.0,0.0,0.0,0.0,0.0,0.3,0.0,False,50
NLGN1,0.12,1,1,1,23.5,10.0,26.833333333333332,0.14285714285714285,0.0,0.1,0.1,0.0,0.5,0.1,0.4,0.0,0.0,0.0,0.0,0.3,0.3,0.0,False,50
GDF10,0.12,2,1,2,30.5,17.0,30.75,0.0,0.0,0.0,0.0,0.0,0.7,0.0,0.5,0.0,0.0,0.0,0.0,0.0,0.5,0.0,False,50
FGFBP2,0.12,0,0,0,30.5,8.0,30.833333333333332,0.23529411764705882,0.0,0.3,0.4,0.0,0.0,0.2,0.2,0.0,0.1,0.0,0.0,0.7,0.1,0.0,False,50
CREB5,0.12,2,1,2,32.0,16.0,33.166666666666664,0.07142857142857142,0.0,0.1,0.1,0.0,0.5,0.0,0.5,0.0,0.0,0.0,0.0,0.1,0.6,0.0,False,50
ZNF518A,0.11000000000000001,0,0,0,10.0,4.0,13.727272727272727,0.5,0.0,0.4,0.4,0.3,0.0,0.0,0.0,0.0,0.0,0.0,0.0,0.0,0.0,0.0,False,50
FDXACB1,0.11000000000000001,1,1,1,22.0,4.0,24.272727272727273,1.0,0.0,0.0,0.0,0.4,0.6,0.1,0.0,0.0,0.0,0.0,0.0,0.0,0.5,0.0,False,50
IFNLR1,0.11000000000000001,1,1,1,34.0,10.0,32.18181818181818,0.7272727272727273,0.0,0.0,0.0,0.1,0.3,0.7,0.0,0.0,0.0,0.0,0.0,0.0,0.1,0.0,False,50
LOC100506476,0.11000000000000001,1,1,1,32.0,15.0,32.45454545454545,0.2857142857142857,0.0,0.0,0.1,0.0,0.3,0.6,0.1,0.0,0.0,0.0,0.0,0.0,0.4,0.0,False,50
GLYAT,0.11000000000000001,1,1,1,40.0,9.0,32.72727272727273,0.14285714285714285,0.0,0.1,0.0,0.0,0.2,0.1,0.7,0.0,0.0,0.0,0.0,0.1,0.2,0.0,False,50
PPP2R3C,0.10999999999999999,0,0,0,9.0,3.0,11.818181818181818,1.0,0.0,0.0,0.0,0.0,0.0,0.0,0.0,0.3,0.4,0.2,0.2,0.0,0.0,0.0,False,50
CANT1,0.10999999999999999,0,0,0,25.0,6.0,24.727272727272727,0.8333333333333334,0.0,0.0,0.1,0.0,0.0,0.0,0.0,0.3,0.3,0.2,0.2,0.0,0.0,0.0,False,50
FAM134A,0.10999999999999999,0,0,0,23.0,13.0,26.272727272727273,0.8333333333333334,0.0,0.0,0.1,0.0,0.0,0.0,0.0,0.3,0.3,0.2,0.2,0.0,0.0,0.0,False,50
LCOR,0.10999999999999999,1,1,1,26.0,8.0,27.0,0.8888888888888888,0.0,0.2,0.5,0.2,0.0,0.2,0.0,0.0,0.0,0.0,0.0,0.0,0.0,0.0,False,50
CDR1,0.1,1,1,1,3.5,1.0,7.3,0.07142857142857142,0.0,0.6,0.1,0.3,0.0,0.0,0.0,0.0,0.0,0.0,0.0,0.7,0.0,0.0,False,50
CMA1,0.1,0,0,0,22.5,7.0,25.0,0.2857142857142857,0.0,0.4,0.0,0.0,0.0,0.0,0.1,0.1,0.2,0.1,0.1,0.1,0.0,0.0,False,50
TMEM44-AS1,0.1,1,1,1,28.5,5.0,25.1,0.2727272727272727,0.0,0.2,0.2,0.0,0.1,0.5,0.0,0.0,0.0,0.0,0.0,0.0,0.1,0.0,False,50
MOCS1,0.1,0,0,0,30.5,15.0,30.9,0.375,0.0,0.2,0.3,0.0,0.0,0.1,0.4,0.0,0.0,0.0,0.0,0.2,0.0,0.0,False,50
RBPMS-AS1,0.1,1,1,1,33.5,19.0,31.6,0.16666666666666666,0.0,0.0,0.0,0.1,0.1,0.0,0.6,0.1,0.1,0.0,0.0,0.1,0.3,0.0,False,50
TMEM246,0.1,1,1,1,32.5,15.0,31.7,0.0,0.0,0.1,0.0,0.0,0.3,0.0,0.6,0.0,0.0,0.0,0.0,0.0,0.3,0.0,False,50
DMRT2,0.1,1,1,1,34.5,28.0,37.6,0.0,0.0,0.1,0.0,0.0,0.5,0.0,0.4,0.0,0.0,0.0,0.0,0.1,0.5,0.0,False,50
ADAMTS8,0.09000000000000001,0,0,0,18.0,1.0,17.333333333333332,0.8,0.0,0.1,0.0,0.2,0.4,0.2,0.0,0.0,0.0,0.0,0.0,0.0,0.3,0.0,False,50
ADAR,0.09000000000000001,0,0,0,23.0,15.0,24.0,1.0,0.7,0.0,0.0,0.0,0.0,0.0,0.0,0.2,0.1,0.3,0.3,0.0,0.0,0.7,False,50
SLC44A1,0.09000000000000001,0,0,0,21.0,2.0,25.0,0.8,0.0,0.0,0.1,0.1,0.0,0.2,0.0,0.2,0.3,0.0,0.0,0.0,0.0,0.0,False,50
SMARCA4,0.09,0,0,0,7.0,5.0,13.555555555555555,1.0,0.3,0.0,0.0,0.0,0.0,0.0,0.0,0.2,0.3,0.2,0.2,0.0,0.0,0.3,False,50
RCC2,0.09,0,0,0,15.0,5.0,18.666666666666668,1.0,0.2,0.0,0.0,0.0,0.0,0.0,0.0,0.3,0.2,0.2,0.2,0.0,0.0,0.2,False,50
N4BP2L2,0.09,0,0,0,11.0,1.0,22.11111111111111,0.8333333333333334,0.0,0.2,0.3,0.1,0.0,0.1,0.0,0.0,0.2,0.0,0.0,0.0,0.0,0.0,False,50
EFNA1,0.09,0,0,0,23.0,5.0,24.666666666666668,1.0,0.0,0.0,0.0,0.0,0.0,0.0,0.0,0.3,0.2,0.2,0.2,0.0,0.0,0.0,False,50
NAT14,0.09,0,0,0,29.0,3.0,25.0,1.0,0.7,0.0,0.0,0.1,0.0,0.0,0.0,0.4,0.4,0.0,0.0,0.0,0.0,0.7,False,50
SPP1,0.09,1,1,1,24.0,6.0,25.0,0.5,0.0,0.0,0.1,0.1,0.1,0.6,0.0,0.0,0.0,0.0,0.0,0.0,0.0,0.0,False,50
DNMT3A,0.09,0,0,0,23.0,20.0,26.555555555555557,0.8571428571428571,0.2,0.0,0.1,0.0,0.0,0.0,0.0,0.2,0.2,0.2,0.2,0.0,0.0,0.2,False,50
DSP,0.09,0,0,0,18.0,7.0,26.555555555555557,0.8,0.0,0.1,0.0,0.0,0.1,0.1,0.4,0.1,0.1,0.0,0.0,0.0,0.1,0.0,False,50
LOC283588,0.09,1,1,1,34.0,9.0,26.77777777777778,0.6,0.0,0.0,0.0,0.5,0.1,0.3,0.0,0.0,0.0,0.0,0.0,0.0,0.1,0.0,False,50
USP43,0.09,1,1,1,26.0,6.0,29.444444444444443,0.6666666666666666,0.0,0.0,0.0,0.4,0.0,0.5,0.0,0.0,0.0,0.0,0.0,0.0,0.1,0.0,False,50
SGK2,0.09,1,1,1,28.0,16.0,30.22222222222222,0.0,0.0,0.0,0.0,0.0,0.2,0.0,0.6,0.0,0.1,0.0,0.0,0.0,0.2,0.0,False,50
SYN2,0.09,0,0,0,37.0,12.0,34.22222222222222,0.3333333333333333,0.0,0.1,0.0,0.1,0.1,0.0,0.2,0.2,0.2,0.0,0.0,0.0,0.2,0.0,False,50
ADRA1A,0.09,1,1,1,35.0,24.0,35.888888888888886,0.0,0.0,0.0,0.0,0.0,0.3,0.0,0.6,0.0,0.0,0.0,0.0,0.1,0.3,0.0,False,50
MLXIPL,0.09,1,1,1,37.0,10.0,35.888888888888886,0.0,0.0,0.0,0.0,0.0,0.2,0.1,0.6,0.0,0.0,0.0,0.0,0.0,0.3,0.0,False,50
LINC00471,0.08,1,1,1,5.0,3.0,7.75,1.0,0.0,0.0,0.0,0.5,0.3,0.0,0.0,0.0,0.0,0.0,0.0,0.0,0.2,0.0,False,50
TNK2-AS1,0.08,1,1,1,12.5,2.0,15.625,0.0,0.0,0.6,0.2,0.0,0.0,0.0,0.0,0.0,0.0,0.0,0.0,0.5,0.0,0.0,False,50
CCNE2,0.08,0,0,0,12.5,1.0,15.75,1.0,0.2,0.0,0.0,0.0,0.0,0.0,0.0,0.2,0.2,0.2,0.2,0.0,0.0,0.2,False,50
CLDN4,0.08,0,0,0,15.0,1.0,18.625,1.0,0.0,0.0,0.0,0.0,0.0,0.0,0.0,0.2,0.2,0.2,0.2,0.0,0.0,0.0,False,50
TDRD9,0.08,0,0,0,16.5,6.0,20.625,1.0,0.0,0.0,0.0,0.4,0.1,0.3,0.0,0.0,0.0,0.0,0.0,0.0,0.1,0.0,False,50
VTI1B,0.08,0,0,0,20.0,4.0,22.0,1.0,0.0,0.0,0.0,0.0,0.0,0.0,0.0,0.3,0.1,0.2,0.2,0.0,0.0,0.0,False,50
LYPD6,0.08,1,1,1,23.0,14.0,26.625,0.3333333333333333,0.0,0.0,0.1,0.5,0.0,0.2,0.0,0.0,0.0,0.0,0.0,0.0,0.0,0.0,False,50
PRSS8,0.08,0,0,0,25.5,16.0,27.5,1.0,0.7,0.0,0.0,0.0,0.0,0.0,0.0,0.4,0.4,0.0,0.0,0.0,0.0,0.7,False,50
EZH2,0.08,0,0,0,30.0,5.0,28.125,1.0,0.2,0.0,0.0,0.0,0.0,0.0,0.0,0.4,0.2,0.1,0.1,0.0,0.0,0.2,False,50
ABCB7,0.08,1,1,1,36.0,9.0,30.125,0.3333333333333333,0.0,0.1,0.2,0.5,0.0,0.0,0.0,0.0,0.0,0.0,0.0,0.0,0.0,0.0,False,50
ARHGAP42,0.08,1,1,1,39.0,18.0,35.875,0.3333333333333333,0.0,0.0,0.0,0.1,0.1,0.6,0.0,0.0,0.0,0.0,0.0,0.0,0.2,0.0,False,50
CORO2B,0.08,1,1,1,40.5,23.0,39.125,0.0,0.0,0.0,0.0,0.0,0.3,0.0,0.5,0.0,0.0,0.0,0.0,0.0,0.1,0.0,False,50
OR9A1P,0.07999999999999999,0,0,0,4.0,2.0,10.625,0.8333333333333334,0.0,0.1,0.0,0.4,0.2,0.1,0.0,0.0,0.0,0.0,0.0,0.0,0.2,0.0,False,50
FTX,0.07999999999999999,0,0,0,19.5,5.0,17.625,0.6666666666666666,0.0,0.3,0.4,0.1,0.0,0.0,0.0,0.0,0.0,0.0,0.0,0.2,0.0,0.0,False,50
BMPER,0.07999999999999999,0,0,0,11.5,5.0,19.5,0.2857142857142857,0.0,0.1,0.0,0.0,0.2,0.0,0.1,0.1,0.1,0.1,0.1,0.1,0.1,0.0,False,50
CDON,0.07999999999999999,1,1,1,17.0,10.0,20.875,0.5714285714285714,0.0,0.1,0.6,0.1,0.0,0.0,0.0,0.0,0.0,0.0,0.0,0.0,0.0,0.0,False,50
KIF26B,0.07999999999999999,0,0,0,24.5,5.0,25.125,0.8333333333333334,0.1,0.1,0.4,0.2,0.0,0.0,0.0,0.0,0.1,0.0,0.0,0.0,0.0,0.1,False,50
GINS1,0.07999999999999999,0,0,0,41.5,12.0,33.625,1.0,0.2,0.0,0.0,0.0,0.0,0.0,0.0,0.3,0.3,0.1,0.1,0.0,0.0,0.2,False,50
SEC14L2,0.07,0,0,0,14.0,1.0,17.428571428571427,0.6666666666666666,0.0,0.1,0.2,0.4,0.0,0.0,0.0,0.0,0.0,0.0,0.0,0.0,0.0,0.0,False,50
PLA2G2A,0.07,0,0,0,32.0,15.0,29.285714285714285,0.25,0.0,0.0,0.0,0.0,0.2,0.2,0.2,0.0,0.1,0.0,0.0,0.0,0.0,0.0,False,50
ACKR4,0.07,0,0,0,41.0,19.0,38.0,0.6666666666666666,0.0,0.1,0.1,0.0,0.0,0.4,0.1,0.0,0.0,0.0,0.0,0.0,0.0,0.0,False,50
ADGRD1,0.07,0,0,0,45.0,21.0,40.142857142857146,0.0,0.0,0.1,0.0,0.0,0.2,0.0,0.4,0.0,0.0,0.0,0.0,0.1,0.2,0.0,False,50
PENK,0.06999999999999999,0,0,0,9.0,5.0,12.428571428571429,0.125,0.0,0.4,0.3,0.0,0.0,0.0,0.0,0.0,0.0,0.0,0.0,0.9,0.0,0.0,False,50
AP1M2,0.06999999999999999,0,0,0,5.0,1.0,17.285714285714285,1.0,0.2,0.0,0.0,0.0,0.0,0.0,0.0,0.2,0.3,0.1,0.1,0.0,0.0,0.2,False,50
BICDL2,0.06999999999999999,0,0,0,19.0,7.0,18.0,1.0,0.3,0.0,0.0,0.0,0.0,0.0,0.0,0.2,0.3,0.1,0.1,0.0,0.0,0.3,False,50
AGRN,0.06999999999999999,0,0,0,12.0,7.0,19.571428571428573,1.0,0.3,0.0,0.0,0.0,0.0,0.0,0.0,0.3,0.2,0.1,0.1,0.0,0.0,0.3,False,50
STX1B,0.06999999999999999,1,1,1,16.0,4.0,22.571428571428573,0.0,0.0,0.6,0.0,0.1,0.0,0.0,0.0,0.0,0.0,0.0,0.0,0.7,0.0,0.0,False,50
DCUN1D3,0.06999999999999999,0,0,0,20.0,7.0,23.142857142857142,0.16666666666666666,0.0,0.2,0.1,0.2,0.0,0.0,0.0,0.1,0.1,0.0,0.0,0.1,0.1,0.0,False,50
ADRB1,0.06999999999999999,0,0,0,22.0,5.0,24.285714285714285,0.6666666666666666,0.0,0.0,0.4,0.0,0.0,0.1,0.0,0.1,0.1,0.0,0.0,0.0,0.0,0.0,False,50
C11orf74,0.06999999999999999,1,1,1,24.0,13.0,26.428571428571427,0.5714285714285714,0.0,0.0,0.1,0.0,0.0,0.6,0.0,0.0,0.0,0.0,0.0,0.0,0.0,0.0,False,50
FHL5,0.06999999999999999,0,0,0,26.0,11.0,26.571428571428573,0.0,0.0,0.2,0.0,0.0,0.2,0.1,0.2,0.0,0.0,0.0,0.0,0.3,0.2,0.0,False,50
NRIP3,0.06999999999999999,0,0,0,27.0,10.0,26.571428571428573,1.0,0.0,0.0,0.0,0.3,0.1,0.3,0.0,0.0,0.0,0.0,0.0,0.0,0.1,0.0,False,50
ST6GALNAC3,0.06999999999999999,0,0,0,28.0,12.0,26.857142857142858,0.2857142857142857,0.0,0.0,0.0,0.0,0.2,0.2,0.3,0.0,0.0,0.0,0.0,0.1,0.2,0.0,False,50
TRDN,0.06999999999999999,0,0,0,25.0,13.0,27.714285714285715,0.0,0.0,0.2,0.0,0.1,0.2,0.0,0.2,0.0,0.0,0.0,0.0,0.1,0.2,0.0,False,50
ALPK3,0.06999999999999999,0,0,0,29.0,19.0,28.142857142857142,0.14285714285714285,0.0,0.0,0.0,0.0,0.3,0.1,0.3,0.0,0.0,0.0,0.0,0.1,0.2,0.0,False,50
OVOL2,0.06999999999999999,0,0,0,23.0,11.0,28.857142857142858,1.0,0.0,0.0,0.0,0.0,0.0,0.1,0.0,0.3,0.3,0.0,0.0,0.0,0.0,0.0,False,50
FAM83D,0.06999999999999999,0,0,0,42.0,8.0,32.42857142857143,1.0,0.5,0.0,0.0,0.0,0.0,0.0,0.0,0.3,0.4,0.0,0.0,0.0,0.0,0.5,False,50
FTCDNL1,0.06999999999999999,0,0,0,34.0,23.0,34.57142857142857,0.1111111111111111,0.0,0.1,0.1,0.0,0.3,0.1,0.1,0.0,0.0,0.0,0.0,0.1,0.2,0.0,False,50
LOC100289361,0.06999999999999999,1,1,1,33.0,25.0,34.57142857142857,0.8333333333333334,0.0,0.0,0.0,0.1,0.0,0.6,0.0,0.0,0.0,0.0,0.0,0.0,0.0,0.0,False,50
ADH1A,0.06999999999999999,0,0,0,39.0,14.0,36.42857142857143,0.0,0.0,0.0,0.0,0.0,0.3,0.0,0.4,0.0,0.0,0.0,0.0,0.0,0.3,0.0,False,50
SNCG,0.06999999999999999,1,1,1,41.0,19.0,37.857142857142854,0.0,0.0,0.0,0.0,0.0,0.5,0.2,0.0,0.0,0.0,0.0,0.0,0.0,0.4,0.0,False,50
WNT11,0.06999999999999999,0,0,0,42.0,24.0,39.714285714285715,0.7142857142857143,0.0,0.0,0.3,0.0,0.0,0.4,0.0,0.0,0.0,0.0,0.0,0.0,0.0,0.0,False,50
ADAM22,0.06999999999999999,0,0,0,42.0,24.0,40.57142857142857,0.0,0.0,0.0,0.0,0.0,0.3,0.0,0.4,0.0,0.0,0.0,0.0,0.0,0.4,0.0,False,50
WDFY3-AS2,0.06999999999999999,1,1,1,47.0,28.0,43.714285714285715,0.5714285714285714,0.0,0.0,0.1,0.0,0.1,0.5,0.0,0.0,0.0,0.0,0.0,0.0,0.0,0.0,False,50
CYB561,0.06000000000000001,0,0,0,12.5,8.0,13.666666666666666,1.0,0.0,0.0,0.0,0.0,0.0,0.0,0.0,0.1,0.1,0.2,0.2,0.0,0.0,0.0,False,50
LOC101929726,0.06000000000000001,0,0,0,17.5,12.0,17.5,0.16666666666666666,0.0,0.0,0.0,0.0,0.2,0.2,0.2,0.0,0.0,0.0,0.0,0.0,0.2,0.0,False,50
LIMK2,0.06000000000000001,0,0,0,15.5,14.0,18.166666666666668,1.0,0.2,0.0,0.0,0.0,0.0,0.0,0.0,0.1,0.1,0.2,0.2,0.0,0.0,0.2,False,50
CNNM4,0.06000000000000001,0,0,0,22.0,6.0,19.666666666666668,1.0,0.0,0.0,0.0,0.0,0.0,0.0,0.0,0.1,0.1,0.2,0.2,0.0,0.0,0.0,False,50
ACSM5,0.06000000000000001,0,0,0,19.0,8.0,20.5,0.6666666666666666,0.0,0.0,0.0,0.0,0.0,0.0,0.2,0.0,0.0,0.2,0.2,0.0,0.1,0.0,False,50
LEF1,0.06000000000000001,0,0,0,14.0,7.0,22.166666666666668,0.5,0.0,0.0,0.1,0.2,0.1,0.2,0.0,0.0,0.0,0.0,0.0,0.0,0.0,0.0,False,50
ZNF124,0.06000000000000001,0,0,0,29.0,6.0,24.166666666666668,0.5,0.0,0.1,0.2,0.1,0.0,0.2,0.0,0.0,0.0,0.0,0.0,0.0,0.1,0.0,False,50
AGPAT5,0.06000000000000001,0,0,0,21.5,11.0,24.666666666666668,0.6666666666666666,0.0,0.0,0.2,0.0,0.0,0.4,0.0,0.0,0.0,0.0,0.0,0.0,0.0,0.0,False,50
CDC42EP2,0.06000000000000001,0,0,0,34.0,20.0,34.166666666666664,0.4,0.0,0.0,0.0,0.0,0.2,0.2,0.2,0.0,0.0,0.0,0.0,0.0,0.1,0.0,False,50
MYOC,0.06000000000000001,0,0,0,36.0,23.0,34.5,0.0,0.0,0.0,0.0,0.0,0.4,0.0,0.2,0.0,0.0,0.0,0.0,0.0,0.2,0.0,False,50
KIAA0907,0.06000000000000001,0,0,0,37.5,22.0,35.833333333333336,1.0,0.6,0.0,0.0,0.0,0.0,0.0,0.0,0.2,0.4,0.0,0.0,0.0,0.0,0.6,False,50
LINC00968,0.06000000000000001,0,0,0,40.0,24.0,36.833333333333336,0.0,0.0,0.1,0.0,0.0,0.2,0.0,0.3,0.0,0.0,0.0,0.0,0.4,0.2,0.0,False,50
KLHL31,0.06000000000000001,0,0,0,44.0,21.0,39.333333333333336,0.25,0.0,0.0,0.0,0.0,0.1,0.2,0.3,0.0,0.0,0.0,0.0,0.0,0.1,0.0,False,50
DIS3L,0.06000000000000001,0,0,0,40.0,37.0,41.666666666666664,0.4,0.0,0.0,0.1,0.1,0.0,0.4,0.0,0.0,0.0,0.0,0.0,0.0,0.0,0.0,False,50
CHML,0.06,0,0,0,10.0,9.0,15.666666666666666,1.0,0.3,0.0,0.0,0.0,0.0,0.0,0.0,0.2,0.2,0.1,0.1,0.0,0.0,0.3,False,50
MT1M,0.06,0,0,0,9.0,2.0,16.833333333333332,0.4,0.0,0.1,0.1,0.0,0.0,0.0,0.0,0.1,0.1,0.1,0.1,0.1,0.0,0.0,False,50
LOC100272216,0.06,0,0,0,14.0,7.0,18.166666666666668,1.0,0.2,0.0,0.0,0.0,0.0,0.0,0.0,0.2,0.2,0.1,0.1,0.0,0.0,0.2,False,50
ALCAM,0.06,1,1,1,16.5,10.0,22.833333333333332,0.5,0.0,0.0,0.0,0.0,0.0,0.6,0.0,0.0,0.0,0.0,0.0,0.0,0.0,0.0,False,50
AKR1C4,0.06,1,1,1,26.0,4.0,24.666666666666668,0.0,0.0,0.5,0.0,0.1,0.0,0.0,0.0,0.0,0.0,0.0,0.0,0.6,0.0,0.0,False,50
GNG11,0.06,0,0,0,26.0,15.0,25.0,0.6,0.2,0.0,0.0,0.0,0.0,0.0,0.0,0.3,0.3,0.0,0.0,0.0,0.0,0.2,False,50
HSPA12A,0.06,0,0,0,26.0,8.0,25.833333333333332,0.0,0.0,0.2,0.2,0.0,0.1,0.1,0.0,0.0,0.0,0.0,0.0,0.0,0.1,0.0,False,50
FANCI,0.06,0,0,0,29.5,16.0,28.333333333333332,1.0,0.0,0.0,0.0,0.0,0.0,0.0,0.0,0.3,0.1,0.1,0.1,0.0,0.0,0.0,False,50
AADAC,0.06,0,0,0,26.5,12.0,28.666666666666668,0.3333333333333333,0.0,0.1,0.0,0.0,0.1,0.1,0.1,0.1,0.1,0.0,0.0,0.1,0.1,0.0,False,50
HINT3,0.06,1,1,1,31.5,6.0,29.166666666666668,0.4,0.0,0.0,0.5,0.1,0.0,0.0,0.0,0.0,0.0,0.0,0.0,0.0,0.0,0.0,False,50
RWDD1,0.06,0,0,0,33.0,14.0,29.666666666666668,1.0,0.0,0.0,0.0,0.0,0.0,0.0,0.0,0.1,0.3,0.1,0.1,0.0,0.0,0.0,False,50
LSR,0.06,0,0,0,28.5,25.0,30.833333333333332,0.75,0.0,0.0,0.1,0.0,0.0,0.0,0.0,0.2,0.1,0.1,0.1,0.0,0.0,0.0,False,50
SCN4A,0.06,0,0,0,34.0,16.0,32.166666666666664,0.1,0.0,0.4,0.1,0.1,0.0,0.0,0.0,0.0,0.0,0.0,0.0,0.5,0.0,0.0,False,50
PYGM,0.06,0,0,0,35.0,18.0,33.666666666666664,0.2,0.0,0.0,0.0,0.0,0.2,0.0,0.2,0.1,0.1,0.0,0.0,0.0,0.2,0.0,False,50
CASQ2,0.06,1,1,1,35.0,24.0,34.333333333333336,0.0,0.0,0.1,0.0,0.0,0.0,0.0,0.5,0.0,0.0,0.0,0.0,0.0,0.1,0.0,False,50
RILP,0.06,0,0,0,36.0,20.0,35.0,0.2,0.0,0.1,0.3,0.0,0.0,0.0,0.0,0.1,0.1,0.0,0.0,0.0,0.0,0.0,False,50
GLA,0.05,0,0,0,9.0,2.0,9.2,0.8333333333333334,0.0,0.0,0.0,0.1,0.2,0.2,0.0,0.0,0.0,0.0,0.0,0.0,0.2,0.0,False,50
KDM2A,0.05,0,0,0,11.0,7.0,10.2,1.0,0.2,0.1,0.1,0.1,0.0,0.0,0.0,0.1,0.1,0.0,0.0,0.0,0.0,0.2,False,50
MYO5B,0.05,0,0,0,13.0,8.0,13.4,1.0,0.0,0.0,0.0,0.0,0.1,0.1,0.1,0.0,0.0,0.1,0.1,0.0,0.1,0.0,False,50
TRHDE,0.05,0,0,0,20.0,3.0,15.2,0.0,0.0,0.0,0.0,0.0,0.2,0.1,0.2,0.0,0.0,0.0,0.0,0.0,0.2,0.0,False,50
SLC29A4,0.05,0,0,0,14.0,8.0,16.2,0.0,0.0,0.0,0.0,0.0,0.2,0.1,0.2,0.0,0.0,0.0,0.0,0.0,0.2,0.0,False,50
ENTPD7,0.05,0,0,0,11.0,3.0,19.0,1.0,0.0,0.2,0.2,0.1,0.0,0.0,0.0,0.0,0.0,0.0,0.0,0.0,0.0,0.0,False,50
MAP3K1,0.05,1,1,1,18.0,16.0,19.6,,0.0,0.0,0.0,0.5,0.0,0.0,0.0,0.0,0.0,0.0,0.0,0.0,0.0,0.0,False,50
COMP,0.05,0,0,0,22.0,1.0,20.0,0.875,0.3,0.1,0.4,0.0,0.0,0.0,0.0,0.0,0.0,0.0,0.0,0.0,0.0,0.3,False,50
DDR2,0.05,0,0,0,16.0,15.0,20.6,1.0,0.0,0.0,0.0,0.0,0.0,0.0,0.0,0.1,0.0,0.2,0.2,0.0,0.0,0.0,False,50
PGC,0.05,0,0,0,7.0,3.0,20.6,0.0,0.0,0.3,0.0,0.2,0.0,0.0,0.0,0.0,0.0,0.0,0.0,0.7,0.0,0.0,False,50
LINC01088,0.05,0,0,0,13.0,1.0,21.0,0.0,0.0,0.4,0.0,0.1,0.0,0.0,0.0,0.0,0.0,0.0,0.0,0.8,0.0,0.0,False,50
SEPT8,0.05,0,0,0,25.0,9.0,22.0,0.5,0.0,0.0,0.3,0.0,0.0,0.0,0.0,0.0,0.0,0.1,0.1,0.0,0.0,0.0,False,50
KLF15,0.05,0,0,0,17.0,5.0,22.4,0.42857142857142855,0.0,0.0,0.3,0.0,0.0,0.0,0.0,0.1,0.1,0.0,0.0,0.2,0.1,0.0,False,50
SIGLEC16,0.05,0,0,0,17.0,1.0,22.8,1.0,0.0,0.3,0.0,0.1,0.1,0.0,0.0,0.0,0.0,0.0,0.0,0.0,0.2,0.0,False,50
TMEM221,0.05,0,0,0,31.0,12.0,24.4,0.0,0.0,0.3,0.1,0.1,0.0,0.0,0.0,0.0,0.0,0.0,0.0,0.1,0.0,0.0,False,50
BHMT2,0.05,0,0,0,24.0,12.0,24.6,0.0,0.0,0.0,0.0,0.0,0.2,0.1,0.2,0.0,0.0,0.0,0.0,0.0,0.2,0.0,False,50
SGK494,0.05,0,0,0,26.0,10.0,24.6,1.0,0.0,0.0,0.0,0.0,0.0,0.0,0.0,0.1,0.0,0.2,0.2,0.0,0.0,0.0,False,50
F2RL2,0.05,0,0,0,20.0,1.0,25.0,0.6666666666666666,0.0,0.1,0.1,0.2,0.0,0.1,0.0,0.0,0.0,0.0,0.0,0.0,0.0,0.0,False,50
LRFN5,0.05,0,0,0,21.0,7.0,25.0,0.1,0.0,0.1,0.3,0.1,0.0,0.0,0.0,0.0,0.0,0.0,0.0,0.6,0.0,0.0,False,50
FBXO32,0.05,0,0,0,24.0,15.0,25.6,1.0,0.0,0.0,0.0,0.1,0.0,0.0,0.0,0.1,0.1,0.1,0.1,0.0,0.0,0.0,False,50
LINC00667,0.05,0,0,0,29.0,5.0,25.8,0.2,0.0,0.1,0.2,0.0,0.0,0.2,0.0,0.0,0.0,0.0,0.0,0.0,0.0,0.0,False,50
BANK1,0.05,0,0,0,32.0,7.0,26.0,0.4,0.0,0.0,0.2,0.0,0.0,0.3,0.0,0.0,0.0,0.0,0.0,0.0,0.0,0.0,False,50
ANLN,0.05,0,0,0,32.0,16.0,26.6,1.0,0.2,0.0,0.0,0.0,0.0,0.0,0.0,0.1,0.2,0.1,0.1,0.0,0.0,0.2,False,50
GPHA2,0.05,0,0,0,21.0,17.0,27.0,0.0,0.0,0.3,0.0,0.2,0.0,0.0,0.0,0.0,0.0,0.0,0.0,0.5,0.0,0.0,False,50
TLCD2,0.05,0,0,0,29.0,9.0,27.2,0.4,0.0,0.1,0.1,0.0,0.0,0.2,0.0,0.1,0.0,0.0,0.0,0.0,0.0,0.0,False,50
RAB11FIP3,0.05,0,0,0,29.0,11.0,28.0,1.0,0.2,0.0,0.0,0.0,0.0,0.0,0.0,0.2,0.3,0.0,0.0,0.0,0.0,0.2,False,50
LURAP1,0.05,0,0,0,34.0,9.0,28.2,0.1111111111111111,0.0,0.3,0.1,0.0,0.1,0.0,0.0,0.0,0.0,0.0,0.0,0.3,0.1,0.0,False,50
LOC728061,0.05,0,0,0,31.0,11.0,28.4,0.4,0.0,0.2,0.3,0.0,0.0,0.0,0.0,0.0,0.0,0.0,0.0,0.0,0.0,0.0,False,50
TSSK4,0.05,0,0,0,27.0,11.0,28.4,0.0,0.0,0.3,0.0,0.2,0.0,0.0,0.0,0.0,0.0,0.0,0.0,0.4,0.0,0.0,False,50
CSHL1,0.05,0,0,0,28.0,16.0,28.8,0.0,0.0,0.4,0.0,0.1,0.0,0.0,0.0,0.0,0.0,0.0,0.0,0.3,0.0,0.0,False,50
TLDC1,0.05,0,0,0,39.0,8.0,29.0,1.0,0.0,0.0,0.0,0.0,0.0,0.0,0.0,0.2,0.3,0.0,0.0,0.0,0.0,0.0,False,50
SETD5,0.05,0,0,0,32.0,18.0,30.4,1.0,0.0,0.0,0.0,0.0,0.0,0.0,0.0,0.1,0.2,0.1,0.1,0.0,0.0,0.0,False,50
MCM2,0.05,0,0,0,29.0,23.0,31.2,1.0,0.2,0.0,0.0,0.0,0.0,0.0,0.0,0.2,0.1,0.1,0.1,0.0,0.0,0.2,False,50
RGS17,0.05,0,0,0,37.0,11.0,31.2,0.0,0.0,0.2,0.1,0.0,0.1,0.0,0.1,0.0,0.0,0.0,0.0,0.4,0.1,0.0,False,50
SIGLEC9,0.05,0,0,0,37.0,12.0,31.6,1.0,0.0,0.1,0.0,0.2,0.2,0.0,0.0,0.0,0.0,0.0,0.0,0.0,0.2,0.0,False,50
EMX2,0.05,0,0,0,33.0,11.0,32.4,0.2,0.0,0.0,0.0,0.0,0.2,0.1,0.2,0.0,0.0,0.0,0.0,0.0,0.2,0.0,False,50
MORC2,0.05,0,0,0,32.0,31.0,32.6,1.0,0.1,0.0,0.0,0.0,0.0,0.0,0.0,0.1,0.2,0.1,0.1,0.0,0.0,0.1,False,50
CPEB1,0.05,1,1,1,36.0,8.0,33.2,0.6666666666666666,0.0,0.0,0.0,0.0,0.0,0.5,0.0,0.0,0.0,0.0,0.0,0.0,0.1,0.0,False,50
PDE11A,0.05,0,0,0,30.0,20.0,33.4,0.0,0.0,0.0,0.0,0.0,0.2,0.1,0.2,0.0,0.0,0.0,0.0,0.0,0.2,0.0,False,50
POLD1,0.05,0,0,0,28.0,23.0,33.6,0.5,0.0,0.0,0.3,0.0,0.0,0.0,0.0,0.0,0.0,0.1,0.1,0.0,0.0,0.0,False,50
VAV3,0.05,0,0,0,38.0,21.0,33.6,1.0,0.0,0.0,0.2,0.0,0.0,0.3,0.0,0.0,0.0,0.0,0.0,0.0,0.0,0.0,False,50
NPY5R,0.05,0,0,0,38.0,26.0,35.4,0.3333333333333333,0.0,0.0,0.0,0.0,0.1,0.1,0.1,0.0,0.0,0.1,0.1,0.0,0.0,0.0,False,50
FGF14-AS2,0.05,0,0,0,35.0,23.0,35.6,0.125,0.0,0.0,0.0,0.0,0.1,0.2,0.2,0.0,0.0,0.0,0.0,0.4,0.1,0.0,False,50
LOC101928069,0.05,0,0,0,42.0,9.0,36.2,0.0,0.0,0.4,0.0,0.1,0.0,0.0,0.0,0.0,0.0,0.0,0.0,0.4,0.0,0.0,False,50
HIGD1B,0.05,0,0,0,39.0,20.0,36.4,0.5,0.0,0.0,0.2,0.1,0.0,0.2,0.0,0.0,0.0,0.0,0.0,0.0,0.0,0.0,False,50
LINC00310,0.05,0,0,0,32.0,28.0,36.4,0.0,0.0,0.1,0.0,0.0,0.2,0.0,0.2,0.0,0.0,0.0,0.0,0.1,0.2,0.0,False,50
MGC16275,0.05,0,0,0,34.0,29.0,36.8,1.0,0.0,0.0,0.0,0.1,0.3,0.1,0.0,0.0,0.0,0.0,0.0,0.0,0.3,0.0,False,50
ALDH1L1,0.05,0,0,0,41.0,21.0,37.4,0.0,0.0,0.0,0.0,0.0,0.1,0.0,0.4,0.0,0.0,0.0,0.0,0.1,0.2,0.0,False,50
KCNIP2,0.05,0,0,0,49.0,22.0,39.6,0.5,0.0,0.0,0.0,0.0,0.0,0.0,0.4,0.1,0.0,0.0,0.0,0.0,0.1,0.0,False,50
GPIHBP1,0.05,0,0,0,41.0,37.0,42.8,,0.0,0.0,0.0,0.1,0.0,0.0,0.4,0.0,0.0,0.0,0.0,0.0,0.0,0.0,False,50
DPT,0.04,0,0,0,6.0,1.0,5.5,1.0,0.0,0.0,0.0,0.0,0.0,0.0,0.0,0.1,0.1,0.1,0.1,0.0,0.0,0.0,False,50
RUSC1,0.04,0,0,0,6.5,3.0,6.75,1.0,0.0,0.0,0.0,0.0,0.0,0.0,0.0,0.2,0.2,0.0,0.0,0.0,0.0,0.0,False,50
TRIM11,0.04,0,0,0,9.0,3.0,8.0,1.0,0.8,0.0,0.0,0.0,0.0,0.0,0.0,0.2,0.2,0.0,0.0,0.0,0.0,0.8,False,50
POLR2H,0.04,0,0,0,10.5,5.0,10.5,1.0,0.0,0.0,0.0,0.0,0.0,0.0,0.0,0.1,0.1,0.1,0.1,0.0,0.0,0.0,False,50
TOP2A,0.04,0,0,0,10.0,6.0,11.0,1.0,0.2,0.0,0.0,0.0,0.0,0.0,0.0,0.1,0.1,0.1,0.1,0.0,0.0,0.2,False,50
ARFGAP1,0.04,0,0,0,12.5,2.0,11.75,1.0,0.1,0.0,0.0,0.0,0.0,0.0,0.0,0.0,0.0,0.2,0.2,0.0,0.0,0.1,False,50
FAM83H,0.04,0,0,0,11.5,4.0,11.75,1.0,0.2,0.0,0.0,0.0,0.0,0.0,0.0,0.1,0.1,0.1,0.1,0.0,0.0,0.2,False,50
HN1L,0.04,0,0,0,11.0,6.0,12.25,1.0,0.2,0.0,0.0,0.0,0.0,0.0,0.0,0.2,0.2,0.0,0.0,0.0,0.0,0.2,False,50
CDC14A,0.04,0,0,0,8.0,2.0,13.25,0.3333333333333333,0.0,0.1,0.2,0.1,0.0,0.0,0.0,0.0,0.0,0.0,0.0,0.0,0.0,0.0,False,50
CGN,0.04,0,0,0,11.5,10.0,13.25,1.0,0.7,0.0,0.0,0.0,0.0,0.0,0.0,0.1,0.1,0.1,0.1,0.0,0.0,0.7,False,50
SPATS2,0.04,0,0,0,14.5,2.0,14.75,1.0,0.1,0.0,0.0,0.0,0.0,0.0,0.0,0.1,0.1,0.1,0.1,0.0,0.0,0.1,False,50
HDGF,0.04,0,0,0,16.0,12.0,15.0,1.0,0.0,0.0,0.0,0.0,0.0,0.0,0.0,0.0,0.0,0.2,0.2,0.0,0.0,0.0,False,50
POGK,0.04,0,0,0,18.0,11.0,18.0,0.6666666666666666,0.0,0.0,0.2,0.0,0.0,0.0,0.0,0.1,0.1,0.0,0.0,0.0,0.0,0.0,False,50
GALE,0.04,0,0,0,16.0,15.0,18.5,1.0,0.1,0.0,0.0,0.0,0.0,0.0,0.0,0.1,0.1,0.1,0.1,0.0,0.0,0.1,False,50
ODF3L1,0.04,0,0,0,16.5,8.0,19.0,0.0,0.0,0.4,0.0,0.0,0.0,0.0,0.0,0.0,0.0,0.0,0.0,0.4,0.0,0.0,False,50
C6orf132,0.04,0,0,0,18.5,11.0,19.25,1.0,0.1,0.0,0.0,0.0,0.0,0.0,0.0,0.1,0.1,0.1,0.1,0.0,0.0,0.1,False,50
MMD,0.04,0,0,0,12.5,8.0,19.25,0.6666666666666666,0.1,0.0,0.0,0.0,0.0,0.0,0.0,0.2,0.2,0.0,0.0,0.0,0.0,0.1,False,50
CBFA2T2,0.04,0,0,0,21.5,13.0,19.5,1.0,0.0,0.0,0.0,0.0,0.0,0.0,0.0,0.0,0.0,0.2,0.2,0.0,0.0,0.0,False,50
FAAH2,0.04,0,0,0,20.0,6.0,19.75,1.0,0.3,0.0,0.0,0.0,0.0,0.0,0.0,0.1,0.3,0.0,0.0,0.0,0.0,0.3,False,50
GPC3,0.04,0,0,0,24.5,3.0,21.5,0.6666666666666666,0.0,0.0,0.2,0.0,0.0,0.0,0.0,0.1,0.1,0.0,0.0,0.0,0.0,0.0,False,50
NPR1,0.04,0,0,0,20.0,12.0,21.5,0.5,0.2,0.0,0.2,0.0,0.0,0.0,0.0,0.1,0.1,0.0,0.0,0.1,0.0,0.2,False,50
COL11A1,0.04,0,0,0,27.0,8.0,23.0,1.0,0.6,0.0,0.2,0.0,0.0,0.0,0.0,0.1,0.1,0.0,0.0,0.0,0.0,0.6,False,50
UPK3B,0.04,0,0,0,21.0,12.0,23.0,,0.0,0.0,0.0,0.4,0.0,0.0,0.0,0.0,0.0,0.0,0.0,0.0,0.0,0.0,False,50
SERPINB10,0.04,0,0,0,28.5,2.0,24.0,0.0,0.0,0.3,0.0,0.1,0.0,0.0,0.0,0.0,0.0,0.0,0.0,0.4,0.0,0.0,False,50
SH3GLB1,0.04,0,0,0,23.0,4.0,24.0,1.0,0.0,0.0,0.0,0.0,0.0,0.0,0.0,0.2,0.2,0.0,0.0,0.0,0.0,0.0,False,50
F12,0.04,0,0,0,25.0,13.0,24.5,1.0,0.6,0.0,0.0,0.0,0.0,0.0,0.0,0.2,0.2,0.0,0.0,0.0,0.0,0.6,False,50
LRRN1,0.04,0,0,0,26.5,9.0,25.0,1.0,0.0,0.0,0.2,0.2,0.0,0.0,0.0,0.0,0.0,0.0,0.0,0.0,0.0,0.0,False,50
ZNF764,0.04,0,0,0,27.0,12.0,25.0,1.0,0.0,0.0,0.0,0.0,0.0,0.0,0.0,0.2,0.2,0.0,0.0,0.0,0.0,0.0,False,50
LIPJ,0.04,0,0,0,23.5,7.0,25.75,0.2,0.0,0.1,0.2,0.0,0.0,0.1,0.0,0.0,0.0,0.0,0.0,0.1,0.0,0.0,False,50
RAB25,0.04,0,0,0,24.5,15.0,25.75,1.0,0.2,0.0,0.0,0.0,0.0,0.0,0.0,0.2,0.2,0.0,0.0,0.0,0.0,0.2,False,50
ZNF670,0.04,0,0,0,22.0,9.0,25.75,0.0,0.0,0.0,0.1,0.3,0.0,0.0,0.0,0.0,0.0,0.0,0.0,0.0,0.0,0.0,False,50
SHB,0.04,0,0,0,24.5,12.0,26.0,1.0,0.0,0.0,0.0,0.0,0.0,0.0,0.0,0.1,0.3,0.0,0.0,0.0,0.0,0.0,False,50
THAP3,0.04,0,0,0,26.0,12.0,26.0,0.0,0.0,0.0,0.0,0.0,0.1,0.3,0.0,0.0,0.0,0.0,0.0,0.0,0.1,0.0,False,50
FAM162B,0.04,0,0,0,24.5,15.0,26.5,0.6666666666666666,0.1,0.0,0.0,0.0,0.0,0.0,0.0,0.1,0.1,0.1,0.1,0.0,0.0,0.1,False,50
TRPM8,0.04,0,0,0,30.5,10.0,26.75,1.0,0.0,0.0,0.0,0.3,0.1,0.0,0.0,0.0,0.0,0.0,0.0,0.0,0.1,0.0,False,50
TMEM97,0.04,0,0,0,25.5,22.0,27.0,1.0,0.0,0.0,0.0,0.0,0.0,0.0,0.0,0.2,0.2,0.0,0.0,0.0,0.0,0.0,False,50
TPD52,0.04,0,0,0,26.5,22.0,27.0,0.75,0.0,0.0,0.0,0.0,0.1,0.1,0.1,0.1,0.0,0.0,0.0,0.0,0.1,0.0,False,50
ZNF544,0.04,0,0,0,22.5,16.0,27.0,1.0,0.0,0.0,0.0,0.0,0.0,0.0,0.0,0.2,0.2,0.0,0.0,0.0,0.0,0.0,False,50
ZNF555,0.04,0,0,0,28.0,9.0,27.5,0.5,0.0,0.0,0.0,0.2,0.0,0.2,0.0,0.0,0.0,0.0,0.0,0.0,0.0,0.0,False,50
ADAL,0.04,0,0,0,27.5,10.0,27.75,0.0,0.0,0.3,0.1,0.0,0.0,0.0,0.0,0.0,0.0,0.0,0.0,0.3,0.0,0.0,False,50
EPS8L2,0.04,0,0,0,28.0,24.0,28.0,1.0,0.2,0.0,0.0,0.0,0.0,0.0,0.0,0.1,0.1,0.1,0.1,0.0,0.0,0.2,False,50
ARHGEF3,0.04,0,0,0,29.0,20.0,29.5,,0.0,0.0,0.0,0.4,0.0,0.0,0.0,0.0,0.0,0.0,0.0,0.0,0.0,0.0,False,50
ATP2A2,0.04,0,0,0,28.0,21.0,29.5,1.0,0.3,0.0,0.0,0.0,0.0,0.0,0.0,0.1,0.1,0.1,0.1,0.0,0.0,0.3,False,50
ZNF512B,0.04,0,0,0,29.5,28.0,30.0,1.0,0.0,0.0,0.0,0.0,0.0,0.0,0.0,0.2,0.2,0.0,0.0,0.0,0.0,0.0,False,50
HELLS,0.04,0,0,0,25.5,22.0,30.25,1.0,0.0,0.0,0.0,0.0,0.0,0.0,0.0,0.1,0.1,0.1,0.1,0.0,0.0,0.0,False,50
SYCP2,0.04,0,0,0,32.0,9.0,30.75,0.6666666666666666,0.1,0.0,0.1,0.0,0.0,0.0,0.0,0.1,0.2,0.0,0.0,0.0,0.0,0.1,False,50
SLC38A1,0.04,0,0,0,32.0,16.0,31.0,0.8,0.0,0.0,0.0,0.0,0.2,0.2,0.0,0.0,0.0,0.0,0.0,0.0,0.1,0.0,False,50
LOC101928909,0.04,0,0,0,37.0,6.0,31.5,0.0,0.0,0.2,0.0,0.2,0.0,0.0,0.0,0.0,0.0,0.0,0.0,0.4,0.0,0.0,False,50
ZNF541,0.04,0,0,0,32.0,16.0,31.5,0.0,0.0,0.0,0.0,0.0,0.2,0.2,0.0,0.0,0.0,0.0,0.0,0.0,0.1,0.0,False,50
PGM2L1,0.04,0,0,0,31.5,23.0,31.75,1.0,0.0,0.0,0.0,0.1,0.0,0.0,0.0,0.1,0.2,0.0,0.0,0.0,0.0,0.0,False,50
RBPMS2,0.04,0,0,0,32.0,30.0,32.0,0.25,0.0,0.0,0.0,0.0,0.1,0.1,0.1,0.1,0.0,0.0,0.0,0.0,0.1,0.0,False,50
LOC107985971,0.04,0,0,0,32.0,23.0,32.25,1.0,0.5,0.0,0.0,0.0,0.0,0.0,0.0,0.1,0.3,0.0,0.0,0.0,0.0,0.5,False,50
RTKN,0.04,0,0,0,32.0,18.0,32.75,1.0,0.3,0.0,0.0,0.0,0.0,0.0,0.0,0.1,0.1,0.1,0.1,0.0,0.0,0.3,False,50
VGLL3,0.04,0,0,0,39.0,7.0,32.75,1.0,0.0,0.0,0.0,0.0,0.0,0.0,0.0,0.2,0.2,0.0,0.0,0.0,0.0,0.0,False,50
FFAR4,0.04,0,0,0,34.0,21.0,33.0,0.0,0.0,0.0,0.0,0.0,0.2,0.0,0.2,0.0,0.0,0.0,0.0,0.0,0.1,0.0,False,50
BGN,0.04,0,0,0,33.5,28.0,34.0,1.0,0.0,0.0,0.2,0.0,0.0,0.0,0.0,0.1,0.1,0.0,0.0,0.0,0.0,0.0,False,50
TMED3,0.04,0,0,0,38.5,28.0,36.5,0.5,0.0,0.0,0.0,0.0,0.0,0.4,0.0,0.0,0.0,0.0,0.0,0.0,0.0,0.0,False,50
CLMP,0.04,0,0,0,42.0,25.0,38.25,1.0,0.0,0.0,0.0,0.0,0.0,0.0,0.0,0.3,0.1,0.0,0.0,0.0,0.0,0.0,False,50
GRP,0.04,0,0,0,39.5,24.0,38.25,0.5,0.0,0.0,0.0,0.2,0.0,0.2,0.0,0.0,0.0,0.0,0.0,0.0,0.0,0.0,False,50
KLB,0.04,0,0,0,41.5,25.0,38.75,0.2,0.0,0.2,0.0,0.0,0.0,0.0,0.1,0.1,0.0,0.0,0.0,0.1,0.1,0.0,False,50
LINC00537,0.04,0,0,0,43.5,19.0,38.75,0.3333333333333333,0.0,0.0,0.0,0.1,0.0,0.3,0.0,0.0,0.0,0.0,0.0,0.0,0.0,0.0,False,50
MSX2,0.04,0,0,0,40.5,30.0,39.5,1.0,0.0,0.0,0.0,0.2,0.0,0.2,0.0,0.0,0.0,0.0,0.0,0.0,0.0,0.0,False,50
RBMS3-AS3,0.04,0,0,0,46.5,40.0,45.5,0.0,0.0,0.0,0.0,0.0,0.3,0.0,0.1,0.0,0.0,0.0,0.0,0.0,0.3,0.0,False,50
KCNA1,0.030000000000000006,0,0,0,7.0,5.0,9.0,0.0,0.0,0.2,0.0,0.1,0.0,0.0,0.0,0.0,0.0,0.0,0.0,0.2,0.0,0.0,False,50
GRHL2,0.030000000000000006,0,0,0,5.0,2.0,10.666666666666666,1.0,0.0,0.0,0.0,0.0,0.0,0.0,0.0,0.1,0.2,0.0,0.0,0.0,0.0,0.0,False,50
VN1R3,0.030000000000000006,0,0,0,13.0,3.0,12.0,1.0,0.0,0.0,0.0,0.1,0.2,0.0,0.0,0.0,0.0,0.0,0.0,0.0,0.2,0.0,False,50
SUSD6,0.030000000000000006,0,0,0,7.0,5.0,13.333333333333334,1.0,0.1,0.0,0.1,0.0,0.0,0.0,0.0,0.1,0.1,0.0,0.0,0.0,0.0,0.1,False,50
SERTAD4,0.030000000000000006,0,0,0,16.0,5.0,13.666666666666666,0.0,0.0,0.0,0.2,0.1,0.0,0.0,0.0,0.0,0.0,0.0,0.0,0.0,0.0,0.0,False,50
LOC101927870,0.030000000000000006,0,0,0,17.0,4.0,15.333333333333334,1.0,0.0,0.0,0.0,0.1,0.1,0.1,0.0,0.0,0.0,0.0,0.0,0.0,0.1,0.0,False,50
LOC105374690,0.030000000000000006,0,0,0,13.0,11.0,15.333333333333334,0.0,0.0,0.2,0.0,0.1,0.0,0.0,0.0,0.0,0.0,0.0,0.0,0.6,0.0,0.0,False,50
LOC727820,0.030000000000000006,0,0,0,19.0,5.0,15.666666666666666,0.5,0.0,0.1,0.1,0.1,0.0,0.0,0.0,0.0,0.0,0.0,0.0,0.0,0.0,0.0,False,50
CNIH3,0.030000000000000006,0,0,0,15.0,13.0,16.333333333333332,0.6666666666666666,0.0,0.1,0.1,0.1,0.0,0.0,0.0,0.0,0.0,0.0,0.0,0.0,0.1,0.0,False,50
APOF,0.030000000000000006,0,0,0,13.0,8.0,17.333333333333332,1.0,0.0,0.0,0.0,0.1,0.2,0.0,0.0,0.0,0.0,0.0,0.0,0.0,0.1,0.0,False,50
CENPU,0.030000000000000006,0,0,0,14.0,13.0,17.666666666666668,1.0,0.0,0.0,0.0,0.0,0.0,0.0,0.0,0.1,0.0,0.1,0.1,0.0,0.0,0.0,False,50
ZSCAN2,0.030000000000000006,0,0,0,19.0,11.0,18.333333333333332,0.5,0.0,0.1,0.1,0.1,0.0,0.0,0.0,0.0,0.0,0.0,0.0,0.0,0.0,0.0,False,50
KL,0.030000000000000006,0,0,0,17.0,14.0,19.0,0.0,0.0,0.0,0.0,0.0,0.1,0.1,0.1,0.0,0.0,0.0,0.0,0.1,0.0,0.0,False,50
UHRF1,0.030000000000000006,0,0,0,14.0,8.0,19.0,1.0,0.0,0.0,0.0,0.0,0.0,0.0,0.0,0.2,0.1,0.0,0.0,0.0,0.0,0.0,False,50
ST6GAL2,0.030000000000000006,0,0,0,16.0,9.0,19.666666666666668,0.0,0.0,0.0,0.1,0.2,0.0,0.0,0.0,0.0,0.0,0.0,0.0,0.0,0.0,0.0,False,50
ABLIM3,0.030000000000000006,0,0,0,18.0,2.0,20.0,0.3333333333333333,0.0,0.1,0.2,0.0,0.0,0.0,0.0,0.0,0.0,0.0,0.0,0.0,0.0,0.0,False,50
DCAF8,0.030000000000000006,0,0,0,18.0,17.0,21.0,1.0,0.0,0.0,0.0,0.0,0.0,0.0,0.0,0.1,0.0,0.1,0.1,0.0,0.0,0.0,False,50
MELK,0.030000000000000006,0,0,0,23.0,18.0,22.0,1.0,0.0,0.0,0.0,0.0,0.0,0.0,0.0,0.1,0.2,0.0,0.0,0.0,0.0,0.0,False,50
FAM124B,0.030000000000000006,0,0,0,23.0,10.0,22.333333333333332,1.0,0.0,0.0,0.0,0.2,0.1,0.0,0.0,0.0,0.0,0.0,0.0,0.0,0.1,0.0,False,50
KCTD15,0.030000000000000006,0,0,0,17.0,17.0,22.666666666666668,0.75,0.2,0.0,0.1,0.0,0.0,0.0,0.0,0.1,0.1,0.0,0.0,0.0,0.0,0.2,False,50
CXCL6,0.030000000000000006,0,0,0,19.0,18.0,23.333333333333332,0.0,0.0,0.2,0.0,0.1,0.0,0.0,0.0,0.0,0.0,0.0,0.0,0.5,0.0,0.0,False,50
SLC4A7,0.030000000000000006,0,0,0,22.0,15.0,24.333333333333332,1.0,0.0,0.0,0.1,0.2,0.0,0.0,0.0,0.0,0.0,0.0,0.0,0.0,0.0,0.0,False,50
COBLL1,0.030000000000000006,0,0,0,21.0,9.0,24.666666666666668,0.6666666666666666,0.0,0.1,0.2,0.0,0.0,0.0,0.0,0.0,0.0,0.0,0.0,0.0,0.0,0.0,False,50
EGOT,0.030000000000000006,0,0,0,23.0,16.0,25.0,0.6666666666666666,0.0,0.1,0.2,0.0,0.0,0.0,0.0,0.0,0.0,0.0,0.0,0.0,0.0,0.0,False,50
FGF7P3,0.030000000000000006,0,0,0,14.0,14.0,25.333333333333332,1.0,0.0,0.0,0.0,0.0,0.0,0.0,0.0,0.1,0.0,0.1,0.1,0.0,0.0,0.0,False,50
ZNF563,0.030000000000000006,0,0,0,15.0,13.0,25.666666666666668,0.5,0.0,0.1,0.1,0.1,0.0,0.0,0.0,0.0,0.0,0.0,0.0,0.0,0.0,0.0,False,50
SGK223,0.030000000000000006,0,0,0,26.0,8.0,26.0,1.0,0.0,0.0,0.0,0.2,0.0,0.1,0.0,0.0,0.0,0.0,0.0,0.0,0.0,0.0,False,50
POMP,0.030000000000000006,0,0,0,19.0,10.0,26.333333333333332,0.5,0.1,0.0,0.0,0.0,0.0,0.0,0.0,0.1,0.2,0.0,0.0,0.0,0.0,0.1,False,50
LINC01140,0.030000000000000006,0,0,0,18.0,18.0,26.666666666666668,1.0,0.0,0.0,0.0,0.0,0.0,0.0,0.0,0.1,0.0,0.1,0.1,0.0,0.0,0.0,False,50
LOC101928409,0.030000000000000006,0,0,0,23.0,23.0,26.666666666666668,0.5,0.0,0.0,0.0,0.1,0.0,0.0,0.0,0.0,0.0,0.1,0.1,0.1,0.0,0.0,False,50
TBC1D2,0.030000000000000006,0,0,0,30.0,11.0,26.666666666666668,0.25,0.0,0.0,0.1,0.0,0.0,0.2,0.0,0.0,0.0,0.0,0.0,0.0,0.1,0.0,False,50
PAICS,0.030000000000000006,0,0,0,17.0,17.0,27.0,1.0,0.3,0.0,0.0,0.0,0.0,0.0,0.0,0.1,0.2,0.0,0.0,0.0,0.0,0.3,False,50
EGFLAM,0.030000000000000006,0,0,0,21.0,21.0,27.666666666666668,1.0,0.0,0.0,0.0,0.0,0.0,0.0,0.0,0.0,0.1,0.1,0.1,0.0,0.0,0.0,False,50
C1QTNF7,0.030000000000000006,0,0,0,23.0,22.0,28.0,0.3333333333333333,0.0,0.0,0.0,0.0,0.1,0.1,0.1,0.0,0.0,0.0,0.0,0.0,0.1,0.0,False,50
C6,0.030000000000000006,0,0,0,32.0,14.0,29.0,0.0,0.0,0.1,0.0,0.0,0.1,0.0,0.1,0.0,0.0,0.0,0.0,0.2,0.2,0.0,False,50
SCN2A,0.030000000000000006,0,0,0,30.0,13.0,29.0,1.0,0.0,0.0,0.0,0.1,0.2,0.0,0.0,0.0,0.0,0.0,0.0,0.0,0.2,0.0,False,50
TAT,0.030000000000000006,0,0,0,22.0,22.0,29.0,0.5,0.0,0.0,0.0,0.1,0.1,0.1,0.0,0.0,0.0,0.0,0.0,0.0,0.0,0.0,False,50
CNRIP1,0.030000000000000006,0,0,0,20.0,18.0,29.333333333333332,1.0,0.0,0.0,0.0,0.0,0.0,0.0,0.0,0.1,0.0,0.1,0.1,0.0,0.0,0.0,False,50
CNTFR-AS1,0.030000000000000006,0,0,0,23.0,23.0,29.333333333333332,0.2,0.0,0.1,0.1,0.0,0.0,0.0,0.1,0.0,0.0,0.0,0.0,0.3,0.0,0.0,False,50
NSMF,0.030000000000000006,0,0,0,29.0,28.0,29.333333333333332,0.0,0.0,0.2,0.1,0.0,0.0,0.0,0.0,0.0,0.0,0.0,0.0,0.0,0.0,0.0,False,50
PPP1R14B,0.030000000000000006,0,0,0,33.0,19.0,29.333333333333332,1.0,0.0,0.0,0.0,0.0,0.0,0.0,0.0,0.1,0.2,0.0,0.0,0.0,0.0,0.0,False,50
BSPRY,0.030000000000000006,0,0,0,35.0,13.0,30.0,1.0,0.0,0.0,0.0,0.0,0.1,0.2,0.0,0.0,0.0,0.0,0.0,0.0,0.1,0.0,False,50
ARHGEF33,0.030000000000000006,0,0,0,44.0,2.0,30.333333333333332,0.0,0.0,0.2,0.0,0.1,0.0,0.0,0.0,0.0,0.0,0.0,0.0,0.1,0.0,0.0,False,50
CHSY1,0.030000000000000006,0,0,0,35.0,21.0,30.333333333333332,0.5,0.0,0.0,0.1,0.1,0.0,0.1,0.0,0.0,0.0,0.0,0.0,0.0,0.0,0.0,False,50
TTC23,0.030000000000000006,0,0,0,35.0,9.0,31.0,1.0,0.0,0.1,0.1,0.1,0.0,0.0,0.0,0.0,0.0,0.0,0.0,0.0,0.0,0.0,False,50
HCAR3,0.030000000000000006,0,0,0,31.0,27.0,31.666666666666668,0.0,0.0,0.1,0.1,0.0,0.0,0.1,0.0,0.0,0.0,0.0,0.0,0.0,0.0,0.0,False,50
SLC4A4,0.030000000000000006,0,0,0,25.0,23.0,31.666666666666668,1.0,0.0,0.0,0.0,0.0,0.0,0.0,0.0,0.1,0.2,0.0,0.0,0.0,0.0,0.0,False,50
POGZ,0.030000000000000006,0,0,0,27.0,24.0,32.0,1.0,0.0,0.0,0.0,0.0,0.0,0.0,0.0,0.1,0.2,0.0,0.0,0.0,0.0,0.0,False,50
ABCA8,0.030000000000000006,0,0,0,25.0,24.0,33.0,1.0,0.0,0.0,0.0,0.0,0.0,0.0,0.0,0.1,0.0,0.1,0.1,0.0,0.0,0.0,False,50
EEF1AKMT1,0.030000000000000006,0,0,0,28.0,24.0,33.0,1.0,0.0,0.0,0.1,0.2,0.0,0.0,0.0,0.0,0.0,0.0,0.0,0.0,0.0,0.0,False,50
SOX5,0.030000000000000006,0,0,0,39.0,12.0,33.0,0.0,0.0,0.1,0.1,0.0,0.0,0.1,0.0,0.0,0.0,0.0,0.0,0.0,0.0,0.0,False,50
IRS4,0.030000000000000006,0,0,0,33.0,27.0,33.333333333333336,0.0,0.0,0.2,0.0,0.1,0.0,0.0,0.0,0.0,0.0,0.0,0.0,0.0,0.0,0.0,False,50
LOC158863,0.030000000000000006,0,0,0,37.0,17.0,34.0,1.0,0.0,0.1,0.1,0.1,0.0,0.0,0.0,0.0,0.0,0.0,0.0,0.0,0.0,0.0,False,50
PMEL,0.030000000000000006,0,0,0,33.0,19.0,34.0,0.0,0.0,0.1,0.0,0.2,0.0,0.0,0.0,0.0,0.0,0.0,0.0,0.0,0.0,0.0,False,50
PHYKPL,0.030000000000000006,0,0,0,43.0,16.0,34.333333333333336,0.0,0.0,0.1,0.1,0.1,0.0,0.0,0.0,0.0,0.0,0.0,0.0,0.0,0.0,0.0,False,50
DNAH17,0.030000000000000006,0,0,0,37.0,23.0,34.666666666666664,0.0,0.0,0.2,0.0,0.1,0.0,0.0,0.0,0.0,0.0,0.0,0.0,0.5,0.0,0.0,False,50
GTDC1,0.030000000000000006,0,0,0,35.0,26.0,34.666666666666664,1.0,0.0,0.0,0.2,0.0,0.0,0.1,0.0,0.0,0.0,0.0,0.0,0.0,0.0,0.0,False,50
RBM10,0.030000000000000006,0,0,0,33.0,26.0,35.333333333333336,1.0,0.2,0.0,0.0,0.0,0.0,0.0,0.0,0.1,0.2,0.0,0.0,0.0,0.0,0.2,False,50
RBP7,0.030000000000000006,0,0,0,38.0,21.0,35.333333333333336,1.0,0.0,0.0,0.0,0.0,0.0,0.0,0.0,0.2,0.1,0.0,0.0,0.0,0.0,0.0,False,50
CTB-113P19.1,0.030000000000000006,0,0,0,39.0,26.0,36.0,0.0,0.0,0.2,0.0,0.1,0.0,0.0,0.0,0.0,0.0,0.0,0.0,0.1,0.0,0.0,False,50
GPATCH2L,0.030000000000000006,0,0,0,39.0,27.0,36.0,0.5,0.0,0.0,0.2,0.1,0.0,0.0,0.0,0.0,0.0,0.0,0.0,0.0,0.0,0.0,False,50
ST14,0.030000000000000006,0,0,0,46.0,15.0,36.333333333333336,0.5,0.0,0.0,0.0,0.0,0.0,0.2,0.1,0.0,0.0,0.0,0.0,0.0,0.0,0.0,False,50
CAPN1,0.030000000000000006,0,0,0,43.0,23.0,37.0,0.5,0.0,0.0,0.1,0.0,0.0,0.0,0.0,0.1,0.1,0.0,0.0,0.0,0.0,0.0,False,50
RHOXF1,0.030000000000000006,0,0,0,44.0,20.0,37.0,0.3333333333333333,0.0,0.0,0.0,0.0,0.1,0.0,0.1,0.1,0.0,0.0,0.0,0.0,0.1,0.0,False,50
RDH5,0.030000000000000006,0,0,0,39.0,31.0,37.333333333333336,0.3333333333333333,0.0,0.0,0.1,0.0,0.0,0.2,0.0,0.0,0.0,0.0,0.0,0.0,0.0,0.0,False,50
IDI1,0.030000000000000006,0,0,0,44.0,23.0,38.333333333333336,0.0,0.0,0.1,0.2,0.0,0.0,0.0,0.0,0.0,0.0,0.0,0.0,0.0,0.0,0.0,False,50
SHANK2-AS2,0.030000000000000006,0,0,0,41.0,28.0,39.0,0.0,0.0,0.2,0.0,0.1,0.0,0.0,0.0,0.0,0.0,0.0,0.0,0.0,0.0,0.0,False,50
KCNA2,0.030000000000000006,0,0,0,36.0,35.0,40.0,0.0,0.0,0.1,0.0,0.0,0.1,0.0,0.1,0.0,0.0,0.0,0.0,0.1,0.1,0.0,False,50
LMO3,0.030000000000000006,0,0,0,44.0,33.0,42.0,0.6666666666666666,0.0,0.0,0.1,0.0,0.0,0.2,0.0,0.0,0.0,0.0,0.0,0.0,0.0,0.0,False,50
ASPA,0.030000000000000006,0,0,0,45.0,35.0,42.333333333333336,0.0,0.0,0.1,0.0,0.0,0.0,0.0,0.2,0.0,0.0,0.0,0.0,0.1,0.1,0.0,False,50
PTGFRN,0.030000000000000006,0,0,0,43.0,43.0,45.333333333333336,0.5,0.0,0.0,0.2,0.0,0.0,0.0,0.0,0.0,0.1,0.0,0.0,0.0,0.0,0.0,False,50
RUSC1-AS1,0.030000000000000006,0,0,0,45.0,42.0,45.333333333333336,1.0,0.0,0.0,0.0,0.0,0.0,0.0,0.0,0.2,0.1,0.0,0.0,0.0,0.0,0.0,False,50
GPBAR1,0.030000000000000006,0,0,0,45.0,44.0,46.333333333333336,0.0,0.0,0.0,0.0,0.0,0.1,0.0,0.2,0.0,0.0,0.0,0.0,0.0,0.1,0.0,False,50
MARVELD2,0.030000000000000006,0,0,0,49.0,42.0,47.0,1.0,0.0,0.0,0.0,0.0,0.0,0.1,0.0,0.1,0.1,0.0,0.0,0.0,0.0,0.0,False,50
C17orf77,0.03,0,0,0,12.0,4.0,14.0,,0.0,0.0,0.0,0.3,0.0,0.0,0.0,0.0,0.0,0.0,0.0,0.0,0.0,0.0,False,50
CLEC4GP1,0.03,0,0,0,14.0,12.0,15.333333333333334,0.0,0.0,0.3,0.0,0.0,0.0,0.0,0.0,0.0,0.0,0.0,0.0,0.4,0.0,0.0,False,50
LINC00301,0.03,0,0,0,16.0,2.0,21.0,,0.0,0.0,0.0,0.3,0.0,0.0,0.0,0.0,0.0,0.0,0.0,0.0,0.0,0.0,False,50
RAPSN,0.03,0,0,0,10.0,8.0,21.333333333333332,,0.0,0.0,0.0,0.3,0.0,0.0,0.0,0.0,0.0,0.0,0.0,0.0,0.0,0.0,False,50
LOC100506142,0.03,0,0,0,23.0,10.0,23.0,0.0,0.0,0.3,0.0,0.0,0.0,0.0,0.0,0.0,0.0,0.0,0.0,0.2,0.0,0.0,False,50
C4orf19,0.03,0,0,0,29.0,18.0,27.666666666666668,1.0,0.0,0.0,0.0,0.0,0.0,0.3,0.0,0.0,0.0,0.0,0.0,0.0,0.0,0.0,False,50
SHISA6,0.03,0,0,0,23.0,20.0,27.666666666666668,,0.0,0.0,0.0,0.3,0.0,0.0,0.0,0.0,0.0,0.0,0.0,0.0,0.0,0.0,False,50
PDZD7,0.03,0,0,0,20.0,17.0,29.0,0.0,0.0,0.3,0.0,0.0,0.0,0.0,0.0,0.0,0.0,0.0,0.0,0.0,0.0,0.0,False,50
IQCH,0.03,0,0,0,32.0,23.0,29.333333333333332,1.0,0.0,0.0,0.0,0.3,0.0,0.0,0.0,0.0,0.0,0.0,0.0,0.0,0.1,0.0,False,50
FOXF1,0.03,0,0,0,40.0,3.0,29.666666666666668,,0.0,0.0,0.0,0.3,0.0,0.0,0.0,0.0,0.0,0.0,0.0,0.0,0.0,0.0,False,50
LOC100190986,0.03,0,0,0,27.0,26.0,30.333333333333332,0.75,0.0,0.0,0.3,0.0,0.0,0.0,0.0,0.0,0.0,0.0,0.0,0.1,0.0,0.0,False,50
ZNF718,0.03,0,0,0,27.0,14.0,30.333333333333332,,0.0,0.0,0.0,0.3,0.0,0.0,0.0,0.0,0.0,0.0,0.0,0.0,0.0,0.0,False,50
LOC400965,0.03,0,0,0,32.0,21.0,32.666666666666664,,0.0,0.0,0.0,0.3,0.0,0.0,0.0,0.0,0.0,0.0,0.0,0.0,0.0,0.0,False,50
GNRH2,0.03,0,0,0,34.0,27.0,35.666666666666664,0.0,0.0,0.3,0.0,0.0,0.0,0.0,0.0,0.0,0.0,0.0,0.0,0.3,0.0,0.0,False,50
PRPS1L1,0.03,0,0,0,31.0,27.0,36.0,0.0,0.0,0.3,0.0,0.0,0.0,0.0,0.0,0.0,0.0,0.0,0.0,0.5,0.0,0.0,False,50
CHURC1,0.03,0,0,0,32.0,28.0,36.666666666666664,0.0,0.0,0.0,0.3,0.0,0.0,0.0,0.0,0.0,0.0,0.0,0.0,0.0,0.0,0.0,False,50
TMEM120B,0.03,0,0,0,40.0,30.0,39.666666666666664,0.6666666666666666,0.0,0.0,0.0,0.0,0.0,0.3,0.0,0.0,0.0,0.0,0.0,0.0,0.0,0.0,False,50
RNF215,0.03,0,0,0,41.0,35.0,41.0,0.0,0.0,0.3,0.0,0.0,0.0,0.0,0.0,0.0,0.0,0.0,0.0,0.0,0.0,0.0,False,50
PLEKHG6,0.03,0,0,0,46.0,35.0,43.0,0.6666666666666666,0.0,0.0,0.0,0.0,0.0,0.3,0.0,0.0,0.0,0.0,0.0,0.0,0.0,0.0,False,50
DPY19L2P3,0.02,0,0,0,1.0,1.0,1.0,1.0,0.0,0.0,0.0,0.1,0.1,0.0,0.0,0.0,0.0,0.0,0.0,0.0,0.1,0.0,False,50
RAB15,0.02,0,0,0,1.5,1.0,1.5,1.0,0.0,0.0,0.0,0.0,0.0,0.0,0.0,0.1,0.1,0.0,0.0,0.0,0.0,0.0,False,50
ACSM3,0.02,0,0,0,4.0,3.0,4.0,0.0,0.0,0.2,0.0,0.0,0.0,0.0,0.0,0.0,0.0,0.0,0.0,0.7,0.0,0.0,False,50
PLPP2,0.02,0,0,0,4.5,4.0,4.5,1.0,0.2,0.0,0.0,0.0,0.0,0.0,0.0,0.1,0.1,0.0,0.0,0.0,0.0,0.2,False,50
AASDH,0.02,0,0,0,5.0,1.0,5.0,0.5,0.0,0.1,0.1,0.0,0.0,0.0,0.0,0.0,0.0,0.0,0.0,0.0,0.0,0.0,False,50
DEPDC7,0.02,0,0,0,6.0,2.0,6.0,1.0,0.0,0.1,0.0,0.1,0.0,0.0,0.0,0.0,0.0,0.0,0.0,0.0,0.0,0.0,False,50
DIRC3,0.02,0,0,0,6.0,4.0,6.0,0.3333333333333333,0.0,0.1,0.1,0.0,0.0,0.0,0.0,0.0,0.0,0.0,0.0,0.1,0.0,0.0,False,50
CCDC3,0.02,0,0,0,6.5,2.0,6.5,1.0,0.0,0.0,0.0,0.0,0.0,0.0,0.0,0.1,0.1,0.0,0.0,0.0,0.0,0.0,False,50
SETD1B,0.02,0,0,0,6.5,6.0,6.5,1.0,0.1,0.0,0.0,0.0,0.0,0.0,0.0,0.0,0.0,0.1,0.1,0.0,0.0,0.1,False,50
GAL3ST4,0.02,0,0,0,7.0,5.0,7.0,0.5,0.0,0.1,0.1,0.0,0.0,0.0,0.0,0.0,0.0,0.0,0.0,0.0,0.0,0.0,False,50
LINC00630,0.02,0,0,0,7.5,4.0,7.5,,0.0,0.0,0.0,0.2,0.0,0.0,0.0,0.0,0.0,0.0,0.0,0.0,0.0,0.0,False,50
OCLN,0.02,0,0,0,7.5,6.0,7.5,0.5,0.0,0.1,0.1,0.0,0.0,0.0,0.0,0.0,0.0,0.0,0.0,0.0,0.0,0.0,False,50
PRG4,0.02,0,0,0,7.5,2.0,7.5,0.0,0.0,0.1,0.1,0.0,0.0,0.0,0.0,0.0,0.0,0.0,0.0,0.1,0.0,0.0,False,50
S1PR1,0.02,0,0,0,7.5,4.0,7.5,0.3333333333333333,0.0,0.1,0.1,0.0,0.0,0.0,0.0,0.0,0.0,0.0,0.0,0.1,0.0,0.0,False,50
VIM,0.02,0,0,0,7.5,2.0,7.5,1.0,0.0,0.0,0.0,0.0,0.0,0.0,0.0,0.1,0.1,0.0,0.0,0.0,0.0,0.0,False,50
LOC101929406,0.02,0,0,0,8.0,6.0,8.0,0.0,0.0,0.2,0.0,0.0,0.0,0.0,0.0,0.0,0.0,0.0,0.0,0.2,0.0,0.0,False,50
NOL4L,0.02,0,0,0,8.0,6.0,8.0,1.0,0.1,0.0,0.0,0.0,0.0,0.0,0.0,0.1,0.1,0.0,0.0,0.0,0.0,0.1,False,50
ADGRL3,0.02,0,0,0,8.5,3.0,8.5,0.5,0.0,0.1,0.1,0.0,0.0,0.0,0.0,0.0,0.0,0.0,0.0,0.0,0.0,0.0,False,50
NKX6-1,0.02,0,0,0,8.5,6.0,8.5,,0.0,0.0,0.0,0.2,0.0,0.0,0.0,0.0,0.0,0.0,0.0,0.0,0.0,0.0,False,50
BUB1B,0.02,0,0,0,9.5,6.0,9.5,1.0,0.1,0.0,0.0,0.0,0.0,0.0,0.0,0.1,0.1,0.0,0.0,0.0,0.0,0.1,False,50
TYRO3,0.02,0,0,0,10.0,7.0,10.0,0.5,0.0,0.0,0.0,0.0,0.0,0.0,0.0,0.1,0.1,0.0,0.0,0.0,0.1,0.0,False,50
ACACB,0.02,0,0,0,10.5,8.0,10.5,0.3333333333333333,0.2,0.0,0.0,0.0,0.0,0.0,0.0,0.1,0.1,0.0,0.0,0.0,0.0,0.2,False,50
CSMD3,0.02,0,0,0,10.5,5.0,10.5,0.0,0.0,0.2,0.0,0.0,0.0,0.0,0.0,0.0,0.0,0.0,0.0,0.2,0.0,0.0,False,50
MYO1C,0.02,0,0,0,10.5,10.0,10.5,1.0,0.0,0.0,0.0,0.0,0.0,0.2,0.0,0.0,0.0,0.0,0.0,0.0,0.0,0.0,False,50
POSTN,0.02,0,0,0,10.5,1.0,10.5,1.0,0.0,0.0,0.1,0.1,0.0,0.0,0.0,0.0,0.0,0.0,0.0,0.0,0.0,0.0,False,50
PRKACG,0.02,0,0,0,10.5,7.0,10.5,0.0,0.0,0.1,0.1,0.0,0.0,0.0,0.0,0.0,0.0,0.0,0.0,0.1,0.0,0.0,False,50
RANGAP1,0.02,0,0,0,11.0,11.0,11.0,1.0,0.0,0.0,0.0,0.0,0.0,0.0,0.0,0.0,0.0,0.1,0.1,0.0,0.0,0.0,False,50
AKAP12,0.02,0,0,0,12.0,4.0,12.0,1.0,0.0,0.0,0.0,0.0,0.0,0.0,0.0,0.1,0.1,0.0,0.0,0.0,0.0,0.0,False,50
FREM1,0.02,0,0,0,12.0,11.0,12.0,1.0,0.0,0.0,0.0,0.0,0.0,0.0,0.0,0.0,0.0,0.1,0.1,0.0,0.0,0.0,False,50
PAX8-AS1,0.02,0,0,0,12.0,4.0,12.0,0.0,0.0,0.0,0.2,0.0,0.0,0.0,0.0,0.0,0.0,0.0,0.0,0.0,0.0,0.0,False,50
SOX6,0.02,0,0,0,12.0,9.0,12.0,1.0,0.0,0.1,0.1,0.0,0.0,0.0,0.0,0.0,0.0,0.0,0.0,0.0,0.0,0.0,False,50
CCDC7,0.02,0,0,0,12.5,7.0,12.5,0.5,0.0,0.1,0.1,0.0,0.0,0.0,0.0,0.0,0.0,0.0,0.0,0.0,0.0,0.0,False,50
DGCR2,0.02,0,0,0,12.5,10.0,12.5,1.0,0.0,0.0,0.0,0.0,0.0,0.0,0.0,0.1,0.1,0.0,0.0,0.0,0.0,0.0,False,50
FAM149A,0.02,0,0,0,12.5,5.0,12.5,0.5,0.0,0.1,0.1,0.0,0.0,0.0,0.0,0.0,0.0,0.0,0.0,0.0,0.0,0.0,False,50
MAPK10,0.02,0,0,0,12.5,6.0,12.5,0.0,0.0,0.0,0.0,0.0,0.0,0.2,0.0,0.0,0.0,0.0,0.0,0.0,0.0,0.0,False,50
ROR2,0.02,0,0,0,12.5,11.0,12.5,1.0,0.0,0.0,0.2,0.0,0.0,0.0,0.0,0.0,0.0,0.0,0.0,0.0,0.0,0.0,False,50
ALAS2,0.02,0,0,0,13.0,7.0,13.0,0.0,0.0,0.2,0.0,0.0,0.0,0.0,0.0,0.0,0.0,0.0,0.0,0.3,0.0,0.0,False,50
CENPF,0.02,0,0,0,13.0,12.0,13.0,1.0,0.3,0.0,0.0,0.0,0.0,0.0,0.0,0.1,0.1,0.0,0.0,0.0,0.0,0.3,False,50
CHIT1,0.02,0,0,0,13.0,12.0,13.0,1.0,0.0,0.0,0.0,0.0,0.1,0.1,0.0,0.0,0.0,0.0,0.0,0.0,0.1,0.0,False,50
MAOA,0.02,0,0,0,13.5,8.0,13.5,0.3333333333333333,0.1,0.0,0.2,0.0,0.0,0.0,0.0,0.0,0.0,0.0,0.0,0.0,0.0,0.1,False,50
RPS6KB2,0.02,0,0,0,13.5,13.0,13.5,1.0,0.0,0.0,0.0,0.0,0.0,0.0,0.0,0.1,0.1,0.0,0.0,0.0,0.0,0.0,False,50
OPRL1,0.02,0,0,0,14.0,2.0,14.0,0.0,0.0,0.2,0.0,0.0,0.0,0.0,0.0,0.0,0.0,0.0,0.0,0.0,0.0,0.0,False,50
TCEAL7,0.02,0,0,0,14.0,3.0,14.0,0.3333333333333333,0.0,0.1,0.1,0.0,0.0,0.0,0.0,0.0,0.0,0.0,0.0,0.1,0.0,0.0,False,50
TSTA3,0.02,0,0,0,14.0,14.0,14.0,1.0,0.2,0.0,0.0,0.0,0.0,0.0,0.0,0.0,0.0,0.1,0.1,0.0,0.0,0.2,False,50
CLC,0.02,0,0,0,14.5,7.0,14.5,0.0,0.0,0.1,0.0,0.1,0.0,0.0,0.0,0.0,0.0,0.0,0.0,0.1,0.0,0.0,False,50
GBX1,0.02,0,0,0,14.5,5.0,14.5,0.0,0.0,0.1,0.0,0.1,0.0,0.0,0.0,0.0,0.0,0.0,0.0,0.1,0.0,0.0,False,50
TSPAN17,0.02,0,0,0,15.0,10.0,15.0,1.0,0.2,0.0,0.0,0.0,0.0,0.0,0.0,0.1,0.1,0.0,0.0,0.0,0.0,0.2,False,50
YPEL1,0.02,0,0,0,15.0,9.0,15.0,,0.0,0.0,0.0,0.2,0.0,0.0,0.0,0.0,0.0,0.0,0.0,0.0,0.0,0.0,False,50
ZNF788,0.02,0,0,0,15.0,14.0,15.0,,0.0,0.0,0.0,0.2,0.0,0.0,0.0,0.0,0.0,0.0,0.0,0.0,0.0,0.0,False,50
ADH5,0.02,0,0,0,16.0,15.0,16.0,1.0,0.0,0.0,0.0,0.0,0.0,0.0,0.0,0.0,0.0,0.1,0.1,0.0,0.0,0.0,False,50
EDNRB,0.02,0,0,0,16.0,15.0,16.0,0.3333333333333333,0.2,0.0,0.0,0.0,0.0,0.0,0.0,0.0,0.0,0.1,0.1,0.0,0.0,0.2,False,50
FAM169B,0.02,0,0,0,16.0,15.0,16.0,,0.0,0.0,0.0,0.2,0.0,0.0,0.0,0.0,0.0,0.0,0.0,0.0,0.0,0.0,False,50
KIF1C,0.02,0,0,0,16.0,14.0,16.0,0.5,0.0,0.0,0.2,0.0,0.0,0.0,0.0,0.0,0.0,0.0,0.0,0.0,0.0,0.0,False,50
LINC00572,0.02,0,0,0,16.0,2.0,16.0,,0.0,0.0,0.0,0.2,0.0,0.0,0.0,0.0,0.0,0.0,0.0,0.0,0.0,0.0,False,50
LOC285889,0.02,0,0,0,16.0,7.0,16.0,0.0,0.0,0.2,0.0,0.0,0.0,0.0,0.0,0.0,0.0,0.0,0.0,0.1,0.0,0.0,False,50
MMP13,0.02,0,0,0,16.0,12.0,16.0,0.5,0.0,0.1,0.1,0.0,0.0,0.0,0.0,0.0,0.0,0.0,0.0,0.0,0.0,0.0,False,50
ATP8B5P,0.02,0,0,0,16.5,14.0,16.5,0.0,0.0,0.2,0.0,0.0,0.0,0.0,0.0,0.0,0.0,0.0,0.0,0.5,0.0,0.0,False,50
EPHX1,0.02,0,0,0,16.5,6.0,16.5,0.0,0.0,0.1,0.1,0.0,0.0,0.0,0.0,0.0,0.0,0.0,0.0,0.0,0.0,0.0,False,50
FAM71D,0.02,0,0,0,16.5,8.0,16.5,0.0,0.0,0.1,0.1,0.0,0.0,0.0,0.0,0.0,0.0,0.0,0.0,0.1,0.0,0.0,False,50
NCAPG,0.02,0,0,0,16.5,15.0,16.5,1.0,0.0,0.0,0.0,0.0,0.0,0.0,0.0,0.1,0.1,0.0,0.0,0.0,0.0,0.0,False,50
AP1G2,0.02,0,0,0,17.0,15.0,17.0,1.0,0.0,0.0,0.0,0.0,0.0,0.0,0.0,0.0,0.0,0.1,0.1,0.0,0.0,0.0,False,50
BTNL2,0.02,0,0,0,17.0,3.0,17.0,0.0,0.0,0.1,0.0,0.1,0.0,0.0,0.0,0.0,0.0,0.0,0.0,0.2,0.0,0.0,False,50
CES5A,0.02,0,0,0,17.0,8.0,17.0,0.0,0.0,0.1,0.0,0.1,0.0,0.0,0.0,0.0,0.0,0.0,0.0,0.1,0.0,0.0,False,50
TMEM125,0.02,0,0,0,17.0,13.0,17.0,1.0,0.2,0.0,0.0,0.0,0.0,0.0,0.0,0.1,0.1,0.0,0.0,0.0,0.0,0.2,False,50
CCDC18-AS1,0.02,0,0,0,17.5,11.0,17.5,1.0,0.1,0.0,0.0,0.0,0.0,0.0,0.0,0.1,0.1,0.0,0.0,0.0,0.0,0.1,False,50
RGCC,0.02,0,0,0,17.5,11.0,17.5,1.0,0.0,0.0,0.0,0.0,0.0,0.0,0.0,0.1,0.1,0.0,0.0,0.0,0.0,0.0,False,50
OPN5,0.02,0,0,0,18.0,4.0,18.0,0.0,0.0,0.1,0.1,0.0,0.0,0.0,0.0,0.0,0.0,0.0,0.0,0.1,0.0,0.0,False,50
RUNX2,0.02,0,0,0,18.0,11.0,18.0,0.5,0.0,0.0,0.2,0.0,0.0,0.0,0.0,0.0,0.0,0.0,0.0,0.0,0.0,0.0,False,50
KIAA1107,0.02,0,0,0,19.0,15.0,19.0,1.0,0.0,0.0,0.1,0.0,0.0,0.1,0.0,0.0,0.0,0.0,0.0,0.0,0.0,0.0,False,50
STMN4,0.02,0,0,0,19.0,3.0,19.0,,0.0,0.0,0.0,0.2,0.0,0.0,0.0,0.0,0.0,0.0,0.0,0.0,0.0,0.0,False,50
ARFGEF1,0.02,0,0,0,19.5,3.0,19.5,0.75,0.2,0.1,0.1,0.0,0.0,0.0,0.0,0.0,0.0,0.0,0.0,0.0,0.0,0.2,False,50
HEATR6,0.02,0,0,0,19.5,17.0,19.5,1.0,0.0,0.1,0.1,0.0,0.0,0.0,0.0,0.0,0.0,0.0,0.0,0.0,0.0,0.0,False,50
LCN6,0.02,0,0,0,20.0,4.0,20.0,0.0,0.0,0.1,0.1,0.0,0.0,0.0,0.0,0.0,0.0,0.0,0.0,0.1,0.0,0.0,False,50
LINC00616,0.02,0,0,0,20.0,9.0,20.0,0.0,0.0,0.1,0.0,0.1,0.0,0.0,0.0,0.0,0.0,0.0,0.0,0.1,0.0,0.0,False,50
LLGL2,0.02,0,0,0,20.0,13.0,20.0,1.0,0.9,0.0,0.0,0.0,0.0,0.0,0.0,0.1,0.1,0.0,0.0,0.0,0.0,0.9,False,50
SLC12A7,0.02,0,0,0,20.0,14.0,20.0,1.0,0.0,0.0,0.0,0.0,0.0,0.0,0.0,0.1,0.1,0.0,0.0,0.0,0.0,0.0,False,50
SLC18A2,0.02,0,0,0,20.0,19.0,20.0,1.0,0.0,0.1,0.0,0.1,0.0,0.0,0.0,0.0,0.0,0.0,0.0,0.0,0.0,0.0,False,50
SPAG1,0.02,0,0,0,20.0,15.0,20.0,1.0,0.0,0.0,0.0,0.0,0.0,0.0,0.0,0.1,0.1,0.0,0.0,0.0,0.0,0.0,False,50
ADH1B,0.02,0,0,0,20.5,20.0,20.5,0.5,0.1,0.0,0.0,0.0,0.0,0.0,0.0,0.1,0.1,0.0,0.0,0.0,0.0,0.1,False,50
CSNK1G2,0.02,0,0,0,20.5,20.0,20.5,1.0,0.0,0.0,0.0,0.0,0.0,0.0,0.0,0.0,0.0,0.1,0.1,0.0,0.0,0.0,False,50
APOLD1,0.02,0,0,0,21.0,16.0,21.0,0.5,0.0,0.1,0.1,0.0,0.0,0.0,0.0,0.0,0.0,0.0,0.0,0.0,0.0,0.0,False,50
DLX1,0.02,0,0,0,21.0,13.0,21.0,,0.0,0.0,0.0,0.2,0.0,0.0,0.0,0.0,0.0,0.0,0.0,0.0,0.0,0.0,False,50
SLC35C2,0.02,0,0,0,21.0,19.0,21.0,1.0,0.0,0.0,0.0,0.0,0.0,0.0,0.0,0.0,0.0,0.1,0.1,0.0,0.0,0.0,False,50
RASL11B,0.02,0,0,0,21.5,7.0,21.5,1.0,0.0,0.0,0.1,0.1,0.0,0.0,0.0,0.0,0.0,0.0,0.0,0.0,0.0,0.0,False,50
SLC35G3,0.02,0,0,0,21.5,5.0,21.5,,0.0,0.0,0.0,0.2,0.0,0.0,0.0,0.0,0.0,0.0,0.0,0.0,0.0,0.0,False,50
BICD1,0.02,0,0,0,22.0,4.0,22.0,0.5,0.0,0.1,0.1,0.0,0.0,0.0,0.0,0.0,0.0,0.0,0.0,0.0,0.0,0.0,False,50
ERICH1-AS1,0.02,0,0,0,22.0,10.0,22.0,0.0,0.0,0.2,0.0,0.0,0.0,0.0,0.0,0.0,0.0,0.0,0.0,0.3,0.0,0.0,False,50
LINC00636,0.02,0,0,0,22.0,9.0,22.0,,0.0,0.0,0.0,0.2,0.0,0.0,0.0,0.0,0.0,0.0,0.0,0.0,0.0,0.0,False,50
RPL32P3,0.02,0,0,0,22.0,17.0,22.0,1.0,0.0,0.0,0.0,0.0,0.0,0.0,0.0,0.1,0.1,0.0,0.0,0.0,0.0,0.0,False,50
PDE8B,0.02,0,0,0,22.5,10.0,22.5,0.5,0.0,0.0,0.0,0.0,0.0,0.2,0.0,0.0,0.0,0.0,0.0,0.0,0.0,0.0,False,50
CD109,0.02,0,0,0,23.0,16.0,23.0,0.0,0.0,0.0,0.0,0.1,0.0,0.1,0.0,0.0,0.0,0.0,0.0,0.0,0.0,0.0,False,50
SNRNP70,0.02,0,0,0,23.0,16.0,23.0,1.0,0.0,0.0,0.0,0.0,0.0,0.0,0.0,0.1,0.1,0.0,0.0,0.0,0.0,0.0,False,50
TAPBP,0.02,0,0,0,23.0,23.0,23.0,1.0,0.1,0.0,0.0,0.0,0.0,0.0,0.0,0.0,0.0,0.1,0.1,0.0,0.0,0.1,False,50
NAA40,0.02,0,0,0,23.5,13.0,23.5,0.5,0.0,0.1,0.1,0.0,0.0,0.0,0.0,0.0,0.0,0.0,0.0,0.0,0.0,0.0,False,50
CCNA2,0.02,0,0,0,24.0,24.0,24.0,1.0,0.0,0.0,0.0,0.0,0.0,0.0,0.0,0.0,0.0,0.1,0.1,0.0,0.0,0.0,False,50
DKFZP547J0410,0.02,0,0,0,24.0,16.0,24.0,0.0,0.0,0.2,0.0,0.0,0.0,0.0,0.0,0.0,0.0,0.0,0.0,0.0,0.0,0.0,False,50
FANCD2,0.02,0,0,0,24.0,19.0,24.0,1.0,0.0,0.0,0.0,0.0,0.0,0.0,0.0,0.1,0.1,0.0,0.0,0.0,0.0,0.0,False,50
KIF20A,0.02,0,0,0,24.0,19.0,24.0,1.0,0.1,0.0,0.0,0.0,0.0,0.0,0.0,0.1,0.1,0.0,0.0,0.0,0.0,0.1,False,50
RAD9B,0.02,0,0,0,24.0,5.0,24.0,0.0,0.0,0.1,0.0,0.1,0.0,0.0,0.0,0.0,0.0,0.0,0.0,0.1,0.0,0.0,False,50
SLC37A1,0.02,0,0,0,24.0,24.0,24.0,1.0,0.0,0.0,0.0,0.0,0.0,0.0,0.0,0.0,0.0,0.1,0.1,0.0,0.0,0.0,False,50
STAP2,0.02,0,0,0,24.0,18.0,24.0,1.0,0.0,0.0,0.0,0.0,0.0,0.0,0.0,0.1,0.1,0.0,0.0,0.0,0.0,0.0,False,50
CEP112,0.02,0,0,0,24.5,14.0,24.5,0.3333333333333333,0.0,0.1,0.1,0.0,0.0,0.0,0.0,0.0,0.0,0.0,0.0,0.1,0.0,0.0,False,50
CRTAP,0.02,0,0,0,24.5,17.0,24.5,1.0,0.0,0.0,0.0,0.0,0.0,0.0,0.0,0.1,0.1,0.0,0.0,0.0,0.0,0.0,False,50
LAMA4,0.02,0,0,0,24.5,13.0,24.5,1.0,0.0,0.0,0.0,0.0,0.0,0.0,0.0,0.2,0.0,0.0,0.0,0.0,0.0,0.0,False,50
STK26,0.02,0,0,0,24.5,6.0,24.5,0.5,0.0,0.1,0.1,0.0,0.0,0.0,0.0,0.0,0.0,0.0,0.0,0.0,0.0,0.0,False,50
DNAJC7,0.02,0,0,0,25.0,25.0,25.0,1.0,0.0,0.0,0.0,0.0,0.0,0.0,0.0,0.0,0.0,0.1,0.1,0.0,0.0,0.0,False,50
FCN2,0.02,0,0,0,25.0,5.0,25.0,0.0,0.0,0.0,0.1,0.1,0.0,0.0,0.0,0.0,0.0,0.0,0.0,0.3,0.0,0.0,False,50
KIAA1549,0.02,0,0,0,25.0,23.0,25.0,1.0,0.0,0.0,0.0,0.0,0.0,0.0,0.0,0.0,0.0,0.1,0.1,0.0,0.0,0.0,False,50
LOC728730,0.02,0,0,0,25.0,20.0,25.0,0.0,0.0,0.0,0.2,0.0,0.0,0.0,0.0,0.0,0.0,0.0,0.0,0.0,0.0,0.0,False,50
PCDH9,0.02,0,0,0,25.0,23.0,25.0,1.0,0.0,0.0,0.0,0.0,0.0,0.0,0.0,0.1,0.1,0.0,0.0,0.0,0.0,0.0,False,50
TMEM67,0.02,0,0,0,25.0,21.0,25.0,0.5,0.0,0.0,0.2,0.0,0.0,0.0,0.0,0.0,0.0,0.0,0.0,0.0,0.0,0.0,False,50
GJD2,0.02,0,0,0,25.5,14.0,25.5,0.0,0.0,0.1,0.1,0.0,0.0,0.0,0.0,0.0,0.0,0.0,0.0,0.0,0.0,0.0,False,50
MDFIC,0.02,0,0,0,25.5,25.0,25.5,1.0,0.0,0.0,0.0,0.0,0.0,0.0,0.0,0.0,0.0,0.1,0.1,0.0,0.0,0.0,False,50
PIH2,0.02,0,0,0,25.5,7.0,25.5,0.0,0.0,0.1,0.0,0.1,0.0,0.0,0.0,0.0,0.0,0.0,0.0,0.1,0.0,0.0,False,50
KIF25,0.02,0,0,0,26.0,20.0,26.0,1.0,0.0,0.0,0.0,0.0,0.0,0.0,0.0,0.1,0.1,0.0,0.0,0.0,0.0,0.0,False,50
ZNF629,0.02,0,0,0,26.0,17.0,26.0,1.0,0.0,0.0,0.0,0.0,0.0,0.0,0.0,0.1,0.1,0.0,0.0,0.0,0.0,0.0,False,50
ABHD5,0.02,0,0,0,26.5,25.0,26.5,1.0,0.0,0.0,0.0,0.0,0.0,0.0,0.0,0.0,0.0,0.1,0.1,0.0,0.0,0.0,False,50
HPD,0.02,0,0,0,26.5,13.0,26.5,0.0,0.0,0.1,0.0,0.1,0.0,0.0,0.0,0.0,0.0,0.0,0.0,0.2,0.0,0.0,False,50
LOC100288798,0.02,0,0,0,26.5,15.0,26.5,0.0,0.0,0.2,0.0,0.0,0.0,0.0,0.0,0.0,0.0,0.0,0.0,0.1,0.0,0.0,False,50
LOC389831,0.02,0,0,0,26.5,16.0,26.5,1.0,0.0,0.0,0.0,0.0,0.1,0.1,0.0,0.0,0.0,0.0,0.0,0.0,0.0,0.0,False,50
MID1,0.02,0,0,0,26.5,14.0,26.5,1.0,0.0,0.0,0.0,0.0,0.0,0.0,0.0,0.1,0.1,0.0,0.0,0.0,0.0,0.0,False,50
SOWAHA,0.02,0,0,0,26.5,8.0,26.5,0.0,0.0,0.0,0.1,0.1,0.0,0.0,0.0,0.0,0.0,0.0,0.0,0.0,0.0,0.0,False,50
CCL23,0.02,0,0,0,27.0,11.0,27.0,0.5,0.0,0.0,0.0,0.1,0.1,0.0,0.0,0.0,0.0,0.0,0.0,0.1,0.0,0.0,False,50
CDC20,0.02,0,0,0,27.0,26.0,27.0,1.0,0.3,0.0,0.0,0.0,0.0,0.0,0.0,0.0,0.0,0.1,0.1,0.0,0.0,0.3,False,50
HSPB2,0.02,0,0,0,27.0,14.0,27.0,0.5,0.1,0.0,0.0,0.0,0.0,0.0,0.0,0.1,0.1,0.0,0.0,0.0,0.0,0.1,False,50
LIG1,0.02,0,0,0,27.0,18.0,27.0,1.0,0.0,0.0,0.0,0.0,0.0,0.0,0.0,0.1,0.1,0.0,0.0,0.0,0.0,0.0,False,50
NNMT,0.02,0,0,0,27.0,8.0,27.0,0.3333333333333333,0.0,0.1,0.1,0.0,0.0,0.0,0.0,0.0,0.0,0.0,0.0,0.1,0.0,0.0,False,50
CCDC185,0.02,0,0,0,27.5,21.0,27.5,0.0,0.0,0.1,0.0,0.1,0.0,0.0,0.0,0.0,0.0,0.0,0.0,0.0,0.0,0.0,False,50
CPN2,0.02,0,0,0,27.5,25.0,27.5,,0.0,0.0,0.0,0.2,0.0,0.0,0.0,0.0,0.0,0.0,0.0,0.0,0.0,0.0,False,50
ZNF667-AS1,0.02,0,0,0,27.5,6.0,27.5,0.0,0.0,0.1,0.1,0.0,0.0,0.0,0.0,0.0,0.0,0.0,0.0,0.0,0.0,0.0,False,50
ABCA6,0.02,0,0,0,28.0,26.0,28.0,1.0,0.0,0.0,0.0,0.0,0.0,0.0,0.0,0.0,0.0,0.1,0.1,0.0,0.0,0.0,False,50
BARD1,0.02,0,0,0,28.5,20.0,28.5,1.0,0.1,0.0,0.0,0.0,0.0,0.0,0.0,0.1,0.1,0.0,0.0,0.0,0.0,0.1,False,50
GDPGP1,0.02,0,0,0,28.5,11.0,28.5,,0.0,0.0,0.0,0.2,0.0,0.0,0.0,0.0,0.0,0.0,0.0,0.0,0.0,0.0,False,50
HS3ST1,0.02,0,0,0,28.5,25.0,28.5,0.5,0.0,0.0,0.0,0.0,0.0,0.2,0.0,0.0,0.0,0.0,0.0,0.0,0.0,0.0,False,50
LOC101927331,0.02,0,0,0,28.5,18.0,28.5,,0.0,0.0,0.0,0.2,0.0,0.0,0.0,0.0,0.0,0.0,0.0,0.0,0.0,0.0,False,50
NUSAP1,0.02,0,0,0,28.5,26.0,28.5,1.0,0.2,0.0,0.0,0.0,0.0,0.0,0.0,0.1,0.1,0.0,0.0,0.0,0.0,0.2,False,50
STYK1,0.02,0,0,0,28.5,12.0,28.5,0.5,0.0,0.0,0.0,0.0,0.0,0.2,0.0,0.0,0.0,0.0,0.0,0.0,0.0,0.0,False,50
THAP7-AS1,0.02,0,0,0,28.5,28.0,28.5,0.0,0.0,0.1,0.1,0.0,0.0,0.0,0.0,0.0,0.0,0.0,0.0,0.0,0.0,0.0,False,50
CYP2A7P1,0.02,0,0,0,29.0,14.0,29.0,0.0,0.0,0.2,0.0,0.0,0.0,0.0,0.0,0.0,0.0,0.0,0.0,0.2,0.0,0.0,False,50
SOD3,0.02,0,0,0,29.0,28.0,29.0,1.0,0.0,0.0,0.0,0.0,0.0,0.0,0.0,0.1,0.1,0.0,0.0,0.0,0.0,0.0,False,50
MARCKSL1,0.02,0,0,0,29.5,21.0,29.5,1.0,0.0,0.0,0.0,0.0,0.0,0.0,0.0,0.1,0.1,0.0,0.0,0.0,0.0,0.0,False,50
ANGPT1,0.02,0,0,0,30.0,30.0,30.0,0.5,0.0,0.0,0.0,0.0,0.0,0.0,0.0,0.0,0.0,0.1,0.1,0.0,0.1,0.0,False,50
MYO18B,0.02,0,0,0,30.0,13.0,30.0,0.0,0.0,0.0,0.0,0.2,0.0,0.0,0.0,0.0,0.0,0.0,0.0,0.1,0.0,0.0,False,50
A2M-AS1,0.02,0,0,0,30.5,27.0,30.5,0.0,0.0,0.0,0.0,0.0,0.0,0.2,0.0,0.0,0.0,0.0,0.0,0.0,0.0,0.0,False,50
ATP6V1E1,0.02,0,0,0,30.5,13.0,30.5,,0.0,0.0,0.0,0.2,0.0,0.0,0.0,0.0,0.0,0.0,0.0,0.0,0.0,0.0,False,50
ENTPD6,0.02,0,0,0,30.5,26.0,30.5,1.0,0.0,0.0,0.0,0.0,0.0,0.0,0.0,0.1,0.1,0.0,0.0,0.0,0.0,0.0,False,50
HMGB3,0.02,0,0,0,30.5,22.0,30.5,1.0,0.2,0.0,0.0,0.0,0.0,0.0,0.0,0.1,0.1,0.0,0.0,0.0,0.0,0.2,False,50
ILF3,0.02,0,0,0,30.5,25.0,30.5,1.0,0.0,0.0,0.0,0.0,0.0,0.0,0.0,0.1,0.1,0.0,0.0,0.0,0.0,0.0,False,50
LINC01169,0.02,0,0,0,30.5,19.0,30.5,,0.0,0.0,0.0,0.2,0.0,0.0,0.0,0.0,0.0,0.0,0.0,0.0,0.0,0.0,False,50
LOC101929034,0.02,0,0,0,30.5,14.0,30.5,0.0,0.0,0.2,0.0,0.0,0.0,0.0,0.0,0.0,0.0,0.0,0.0,0.1,0.0,0.0,False,50
PLPP7,0.02,0,0,0,30.5,29.0,30.5,0.0,0.0,0.0,0.0,0.0,0.1,0.0,0.1,0.0,0.0,0.0,0.0,0.0,0.1,0.0,False,50
PPARG,0.02,0,0,0,30.5,16.0,30.5,1.0,0.0,0.0,0.0,0.0,0.0,0.0,0.0,0.1,0.1,0.0,0.0,0.0,0.0,0.0,False,50
RFTN2,0.02,0,0,0,30.5,27.0,30.5,0.0,0.0,0.0,0.0,0.0,0.1,0.0,0.1,0.0,0.0,0.0,0.0,0.0,0.1,0.0,False,50
SLC6A6,0.02,0,0,0,30.5,28.0,30.5,1.0,0.0,0.0,0.1,0.1,0.0,0.0,0.0,0.0,0.0,0.0,0.0,0.0,0.0,0.0,False,50
TRIM25,0.02,0,0,0,30.5,30.0,30.5,1.0,0.0,0.0,0.0,0.0,0.0,0.0,0.0,0.1,0.1,0.0,0.0,0.0,0.0,0.0,False,50
TMEM133,0.02,0,0,0,31.0,19.0,31.0,0.0,0.0,0.1,0.1,0.0,0.0,0.0,0.0,0.0,0.0,0.0,0.0,0.0,0.0,0.0,False,50
DTWD2,0.02,0,0,0,31.5,26.0,31.5,,0.0,0.0,0.0,0.2,0.0,0.0,0.0,0.0,0.0,0.0,0.0,0.0,0.0,0.0,False,50
VEGFC,0.02,0,0,0,31.5,31.0,31.5,1.0,0.0,0.0,0.0,0.0,0.0,0.0,0.0,0.0,0.0,0.1,0.1,0.0,0.0,0.0,False,50
ARHGEF40,0.02,0,0,0,32.0,17.0,32.0,1.0,0.0,0.0,0.0,0.0,0.0,0.0,0.0,0.2,0.0,0.0,0.0,0.0,0.0,0.0,False,50
CUBN,0.02,0,0,0,32.0,19.0,32.0,0.0,0.0,0.2,0.0,0.0,0.0,0.0,0.0,0.0,0.0,0.0,0.0,0.3,0.0,0.0,False,50
KIAA1024,0.02,0,0,0,32.0,30.0,32.0,0.5,0.0,0.1,0.1,0.0,0.0,0.0,0.0,0.0,0.0,0.0,0.0,0.0,0.0,0.0,False,50
MBNL1,0.02,0,0,0,32.0,31.0,32.0,1.0,0.0,0.0,0.0,0.0,0.0,0.0,0.0,0.0,0.0,0.1,0.1,0.0,0.0,0.0,False,50
PRORY,0.02,0,0,0,32.5,26.0,32.5,,0.0,0.0,0.0,0.2,0.0,0.0,0.0,0.0,0.0,0.0,0.0,0.0,0.0,0.0,False,50
RDH13,0.02,0,0,0,32.5,25.0,32.5,0.75,0.2,0.0,0.1,0.0,0.0,0.0,0.0,0.1,0.0,0.0,0.0,0.0,0.0,0.2,False,50
STK11IP,0.02,0,0,0,32.5,28.0,32.5,0.0,0.0,0.0,0.1,0.0,0.0,0.1,0.0,0.0,0.0,0.0,0.0,0.0,0.0,0.0,False,50
TJP3,0.02,0,0,0,32.5,30.0,32.5,1.0,0.0,0.0,0.0,0.0,0.0,0.0,0.0,0.1,0.1,0.0,0.0,0.0,0.0,0.0,False,50
TPMT,0.02,0,0,0,32.5,20.0,32.5,1.0,0.0,0.1,0.1,0.0,0.0,0.0,0.0,0.0,0.0,0.0,0.0,0.0,0.0,0.0,False,50
VASH1,0.02,0,0,0,32.5,21.0,32.5,0.5,0.0,0.1,0.1,0.0,0.0,0.0,0.0,0.0,0.0,0.0,0.0,0.0,0.0,0.0,False,50
CLSTN1,0.02,0,0,0,33.0,30.0,33.0,1.0,0.0,0.0,0.0,0.0,0.0,0.0,0.0,0.1,0.1,0.0,0.0,0.0,0.0,0.0,False,50
EPPK1,0.02,0,0,0,33.0,25.0,33.0,1.0,0.0,0.0,0.0,0.0,0.0,0.0,0.0,0.1,0.1,0.0,0.0,0.0,0.0,0.0,False,50
PEBP4,0.02,0,0,0,33.0,24.0,33.0,,0.0,0.0,0.0,0.2,0.0,0.0,0.0,0.0,0.0,0.0,0.0,0.0,0.0,0.0,False,50
SMYD3,0.02,0,0,0,33.0,27.0,33.0,0.5,0.0,0.0,0.1,0.0,0.0,0.1,0.0,0.0,0.0,0.0,0.0,0.0,0.0,0.0,False,50
CRTAM,0.02,0,0,0,33.5,28.0,33.5,0.5,0.0,0.1,0.1,0.0,0.0,0.0,0.0,0.0,0.0,0.0,0.0,0.0,0.0,0.0,False,50
DEPDC1-AS1,0.02,0,0,0,33.5,24.0,33.5,,0.0,0.0,0.0,0.2,0.0,0.0,0.0,0.0,0.0,0.0,0.0,0.0,0.0,0.0,False,50
MIR9-3HG,0.02,0,0,0,33.5,21.0,33.5,0.5,0.0,0.1,0.1,0.0,0.0,0.0,0.0,0.0,0.0,0.0,0.0,0.0,0.0,0.0,False,50
NNAT,0.02,0,0,0,33.5,31.0,33.5,1.0,0.0,0.0,0.0,0.0,0.0,0.0,0.0,0.1,0.1,0.0,0.0,0.0,0.0,0.0,False,50
SYNPR,0.02,0,0,0,33.5,27.0,33.5,0.0,0.0,0.1,0.0,0.1,0.0,0.0,0.0,0.0,0.0,0.0,0.0,0.1,0.0,0.0,False,50
CEP19,0.02,0,0,0,34.0,27.0,34.0,,0.0,0.0,0.0,0.2,0.0,0.0,0.0,0.0,0.0,0.0,0.0,0.0,0.0,0.0,False,50
CHTOP,0.02,0,0,0,34.0,30.0,34.0,1.0,0.0,0.0,0.0,0.0,0.0,0.0,0.0,0.1,0.1,0.0,0.0,0.0,0.0,0.0,False,50
CYP4B1,0.02,0,0,0,34.0,32.0,34.0,0.5,0.0,0.0,0.1,0.0,0.0,0.1,0.0,0.0,0.0,0.0,0.0,0.0,0.0,0.0,False,50
SPTBN1,0.02,0,0,0,34.0,20.0,34.0,1.0,0.0,0.0,0.0,0.0,0.0,0.0,0.0,0.1,0.1,0.0,0.0,0.0,0.0,0.0,False,50
ZNF689,0.02,0,0,0,34.0,19.0,34.0,,0.0,0.0,0.0,0.2,0.0,0.0,0.0,0.0,0.0,0.0,0.0,0.0,0.0,0.0,False,50
ANXA2P3,0.02,0,0,0,34.5,27.0,34.5,0.0,0.0,0.0,0.1,0.0,0.0,0.1,0.0,0.0,0.0,0.0,0.0,0.2,0.0,0.0,False,50
LOC645321,0.02,0,0,0,34.5,20.0,34.5,,0.0,0.0,0.0,0.2,0.0,0.0,0.0,0.0,0.0,0.0,0.0,0.0,0.0,0.0,False,50
RNASE4,0.02,0,0,0,34.5,23.0,34.5,1.0,0.0,0.0,0.0,0.0,0.0,0.0,0.0,0.1,0.1,0.0,0.0,0.0,0.0,0.0,False,50
SUCLA2,0.02,0,0,0,34.5,22.0,34.5,1.0,0.0,0.0,0.0,0.0,0.0,0.0,0.0,0.1,0.1,0.0,0.0,0.0,0.0,0.0,False,50
UBE2L3,0.02,0,0,0,34.5,26.0,34.5,,0.0,0.0,0.0,0.2,0.0,0.0,0.0,0.0,0.0,0.0,0.0,0.0,0.0,0.0,False,50
C12orf40,0.02,0,0,0,35.0,23.0,35.0,0.0,0.0,0.1,0.0,0.1,0.0,0.0,0.0,0.0,0.0,0.0,0.0,0.0,0.0,0.0,False,50
IBA57-AS1,0.02,0,0,0,35.0,24.0,35.0,0.0,0.0,0.2,0.0,0.0,0.0,0.0,0.0,0.0,0.0,0.0,0.0,0.0,0.0,0.0,False,50
KRT19,0.02,0,0,0,35.0,28.0,35.0,1.0,0.0,0.0,0.0,0.0,0.0,0.0,0.0,0.1,0.1,0.0,0.0,0.0,0.0,0.0,False,50
LOC102724809,0.02,0,0,0,35.0,29.0,35.0,,0.0,0.0,0.0,0.2,0.0,0.0,0.0,0.0,0.0,0.0,0.0,0.0,0.0,0.0,False,50
STARD3,0.02,0,0,0,35.0,24.0,35.0,1.0,0.0,0.0,0.0,0.0,0.0,0.0,0.0,0.1,0.1,0.0,0.0,0.0,0.0,0.0,False,50
TNMD,0.02,0,0,0,35.0,32.0,35.0,0.0,0.0,0.1,0.0,0.0,0.0,0.0,0.1,0.0,0.0,0.0,0.0,0.1,0.0,0.0,False,50
PDK4,0.02,0,0,0,35.5,31.0,35.5,0.3333333333333333,0.2,0.0,0.0,0.0,0.0,0.0,0.0,0.1,0.1,0.0,0.0,0.0,0.0,0.2,False,50
PUS1,0.02,0,0,0,35.5,30.0,35.5,1.0,0.0,0.0,0.0,0.0,0.0,0.0,0.0,0.1,0.1,0.0,0.0,0.0,0.0,0.0,False,50
HAPLN4,0.02,0,0,0,36.0,24.0,36.0,1.0,0.0,0.1,0.0,0.0,0.1,0.0,0.0,0.0,0.0,0.0,0.0,0.0,0.1,0.0,False,50
RBM12B,0.02,0,0,0,36.0,33.0,36.0,1.0,0.1,0.0,0.0,0.0,0.0,0.0,0.0,0.1,0.1,0.0,0.0,0.0,0.0,0.1,False,50
ADAMTSL3,0.02,0,0,0,37.0,28.0,37.0,0.0,0.0,0.0,0.0,0.0,0.2,0.0,0.0,0.0,0.0,0.0,0.0,0.0,0.0,0.0,False,50
GTF3C1,0.02,0,0,0,37.0,28.0,37.0,1.0,0.0,0.0,0.0,0.0,0.0,0.0,0.0,0.1,0.1,0.0,0.0,0.0,0.0,0.0,False,50
LMNB2,0.02,0,0,0,37.0,28.0,37.0,1.0,0.0,0.0,0.0,0.0,0.0,0.0,0.0,0.1,0.1,0.0,0.0,0.0,0.0,0.0,False,50
SOGA1,0.02,0,0,0,37.0,26.0,37.0,0.6666666666666666,0.2,0.0,0.1,0.0,0.0,0.0,0.0,0.0,0.1,0.0,0.0,0.0,0.0,0.2,False,50
WDR34,0.02,0,0,0,37.0,27.0,37.0,1.0,0.1,0.0,0.0,0.0,0.0,0.0,0.0,0.1,0.1,0.0,0.0,0.0,0.0,0.1,False,50
LOC101927204,0.02,0,0,0,37.5,31.0,37.5,0.7777777777777778,0.7,0.0,0.2,0.0,0.0,0.0,0.0,0.0,0.0,0.0,0.0,0.0,0.0,0.7,False,50
LOC101928806,0.02,0,0,0,37.5,25.0,37.5,0.0,0.0,0.1,0.0,0.1,0.0,0.0,0.0,0.0,0.0,0.0,0.0,0.0,0.0,0.0,False,50
SLC35D1,0.02,0,0,0,37.5,36.0,37.5,1.0,0.0,0.1,0.1,0.0,0.0,0.0,0.0,0.0,0.0,0.0,0.0,0.1,0.0,0.0,False,50
ANGPTL8,0.02,0,0,0,38.0,36.0,38.0,0.0,0.0,0.0,0.0,0.0,0.1,0.0,0.1,0.0,0.0,0.0,0.0,0.0,0.1,0.0,False,50
CHERP,0.02,0,0,0,38.0,29.0,38.0,1.0,0.0,0.0,0.0,0.0,0.0,0.0,0.0,0.1,0.1,0.0,0.0,0.0,0.0,0.0,False,50
PKM,0.02,0,0,0,38.0,36.0,38.0,1.0,0.0,0.0,0.0,0.0,0.0,0.0,0.0,0.1,0.1,0.0,0.0,0.0,0.0,0.0,False,50
ARHGAP32,0.02,0,0,0,38.5,28.0,38.5,1.0,0.0,0.0,0.0,0.0,0.0,0.0,0.0,0.1,0.1,0.0,0.0,0.0,0.0,0.0,False,50
LINC01082,0.02,0,0,0,38.5,30.0,38.5,0.0,0.0,0.2,0.0,0.0,0.0,0.0,0.0,0.0,0.0,0.0,0.0,0.3,0.0,0.0,False,50
SCRIB,0.02,0,0,0,38.5,34.0,38.5,1.0,0.0,0.0,0.0,0.0,0.0,0.0,0.0,0.1,0.1,0.0,0.0,0.0,0.0,0.0,False,50
VPS37C,0.02,0,0,0,38.5,30.0,38.5,1.0,0.1,0.0,0.0,0.0,0.0,0.0,0.0,0.1,0.1,0.0,0.0,0.0,0.0,0.1,False,50
CAMK1,0.02,0,0,0,39.0,33.0,39.0,0.0,0.0,0.0,0.0,0.0,0.1,0.1,0.0,0.0,0.0,0.0,0.0,0.0,0.0,0.0,False,50
ZNF436-AS1,0.02,0,0,0,39.0,31.0,39.0,0.3333333333333333,0.0,0.0,0.0,0.0,0.1,0.1,0.0,0.0,0.0,0.0,0.0,0.0,0.1,0.0,False,50
CDCA4,0.02,0,0,0,39.5,39.0,39.5,1.0,0.0,0.0,0.0,0.0,0.0,0.0,0.0,0.1,0.1,0.0,0.0,0.0,0.0,0.0,False,50
LPL,0.02,0,0,0,39.5,37.0,39.5,1.0,0.0,0.0,0.0,0.0,0.0,0.0,0.0,0.2,0.0,0.0,0.0,0.0,0.0,0.0,False,50
MRAP,0.02,0,0,0,39.5,38.0,39.5,0.5,0.0,0.0,0.0,0.0,0.0,0.0,0.0,0.1,0.1,0.0,0.0,0.0,0.1,0.0,False,50
SMIM20,0.02,0,0,0,39.5,29.0,39.5,1.0,0.0,0.0,0.0,0.0,0.0,0.0,0.0,0.1,0.1,0.0,0.0,0.0,0.0,0.0,False,50
ARF3,0.02,0,0,0,40.0,38.0,40.0,1.0,0.0,0.0,0.0,0.0,0.0,0.0,0.0,0.1,0.1,0.0,0.0,0.0,0.0,0.0,False,50
LOC100653086,0.02,0,0,0,40.0,33.0,40.0,0.0,0.0,0.0,0.0,0.0,0.1,0.0,0.1,0.0,0.0,0.0,0.0,0.0,0.1,0.0,False,50
PGM5,0.02,0,0,0,40.0,32.0,40.0,1.0,0.0,0.0,0.0,0.0,0.0,0.0,0.0,0.1,0.1,0.0,0.0,0.0,0.0,0.0,False,50
CFL2,0.02,0,0,0,40.5,32.0,40.5,0.5,0.0,0.0,0.1,0.0,0.0,0.0,0.0,0.1,0.0,0.0,0.0,0.0,0.0,0.0,False,50
ECHDC1,0.02,0,0,0,40.5,37.0,40.5,1.0,0.0,0.0,0.0,0.0,0.0,0.0,0.0,0.1,0.1,0.0,0.0,0.0,0.0,0.0,False,50
LOC388692,0.02,0,0,0,40.5,36.0,40.5,1.0,0.0,0.0,0.1,0.1,0.0,0.0,0.0,0.0,0.0,0.0,0.0,0.0,0.0,0.0,False,50
PKDCC,0.02,0,0,0,40.5,33.0,40.5,0.0,0.0,0.0,0.2,0.0,0.0,0.0,0.0,0.0,0.0,0.0,0.0,0.0,0.0,0.0,False,50
WASF3,0.02,0,0,0,40.5,40.0,40.5,0.5,0.0,0.0,0.1,0.0,0.0,0.0,0.0,0.1,0.0,0.0,0.0,0.0,0.0,0.0,False,50
ABCC10,0.02,0,0,0,41.0,39.0,41.0,1.0,0.0,0.0,0.0,0.0,0.0,0.0,0.0,0.1,0.1,0.0,0.0,0.0,0.0,0.0,False,50
C3orf56,0.02,0,0,0,41.0,34.0,41.0,0.0,0.0,0.2,0.0,0.0,0.0,0.0,0.0,0.0,0.0,0.0,0.0,0.0,0.0,0.0,False,50
FGF2,0.02,0,0,0,41.0,36.0,41.0,0.0,0.0,0.0,0.1,0.0,0.0,0.1,0.0,0.0,0.0,0.0,0.0,0.0,0.0,0.0,False,50
GPLD1,0.02,0,0,0,41.0,41.0,41.0,0.0,0.0,0.0,0.0,0.0,0.1,0.0,0.1,0.0,0.0,0.0,0.0,0.0,0.2,0.0,False,50
PUS7,0.02,0,0,0,41.0,39.0,41.0,1.0,0.0,0.0,0.0,0.0,0.0,0.0,0.0,0.1,0.1,0.0,0.0,0.0,0.0,0.0,False,50
ACSS2,0.02,0,0,0,41.5,39.0,41.5,0.5,0.0,0.0,0.1,0.0,0.0,0.0,0.0,0.1,0.0,0.0,0.0,0.0,0.0,0.0,False,50
APOL6,0.02,0,0,0,41.5,40.0,41.5,0.5,0.0,0.0,0.1,0.0,0.0,0.1,0.0,0.0,0.0,0.0,0.0,0.0,0.0,0.0,False,50
F2R,0.02,0,0,0,41.5,34.0,41.5,,0.0,0.0,0.0,0.2,0.0,0.0,0.0,0.0,0.0,0.0,0.0,0.0,0.0,0.0,False,50
KRT8,0.02,0,0,0,42.0,39.0,42.0,1.0,0.2,0.0,0.0,0.0,0.0,0.0,0.0,0.0,0.2,0.0,0.0,0.0,0.0,0.2,False,50
ANKRD35,0.02,0,0,0,42.5,39.0,42.5,0.0,0.0,0.0,0.1,0.0,0.0,0.0,0.0,0.0,0.1,0.0,0.0,0.0,0.0,0.0,False,50
LOC728353,0.02,0,0,0,42.5,35.0,42.5,0.0,0.0,0.2,0.0,0.0,0.0,0.0,0.0,0.0,0.0,0.0,0.0,0.0,0.0,0.0,False,50
TNFAIP8L1,0.02,0,0,0,42.5,40.0,42.5,0.0,0.0,0.0,0.2,0.0,0.0,0.0,0.0,0.0,0.0,0.0,0.0,0.0,0.0,0.0,False,50
ALDH18A1,0.02,0,0,0,43.0,37.0,43.0,1.0,0.0,0.0,0.1,0.0,0.0,0.0,0.0,0.0,0.1,0.0,0.0,0.0,0.0,0.0,False,50
NPR2,0.02,0,0,0,43.0,40.0,43.0,,0.0,0.0,0.0,0.0,0.0,0.0,0.2,0.0,0.0,0.0,0.0,0.0,0.0,0.0,False,50
PGBD5,0.02,0,0,0,43.0,42.0,43.0,0.0,0.0,0.0,0.0,0.1,0.0,0.1,0.0,0.0,0.0,0.0,0.0,0.0,0.0,0.0,False,50
SETD4,0.02,0,0,0,43.0,40.0,43.0,1.0,0.0,0.0,0.0,0.0,0.0,0.0,0.0,0.1,0.1,0.0,0.0,0.0,0.0,0.0,False,50
SH3D19,0.02,0,0,0,43.0,40.0,43.0,1.0,0.0,0.0,0.0,0.0,0.0,0.0,0.0,0.2,0.0,0.0,0.0,0.0,0.0,0.0,False,50
COL6A6,0.02,0,0,0,43.5,38.0,43.5,0.0,0.0,0.1,0.1,0.0,0.0,0.0,0.0,0.0,0.0,0.0,0.0,0.1,0.0,0.0,False,50
RAI1,0.02,0,0,0,43.5,42.0,43.5,1.0,0.0,0.0,0.0,0.0,0.0,0.0,0.0,0.1,0.1,0.0,0.0,0.0,0.0,0.0,False,50
SH3KBP1,0.02,0,0,0,43.5,41.0,43.5,0.3333333333333333,0.2,0.0,0.0,0.0,0.0,0.0,0.0,0.1,0.1,0.0,0.0,0.0,0.0,0.2,False,50
CD24,0.02,0,0,0,44.0,38.0,44.0,1.0,0.0,0.0,0.0,0.0,0.1,0.0,0.1,0.0,0.0,0.0,0.0,0.0,0.1,0.0,False,50
ZNF776,0.02,0,0,0,44.0,41.0,44.0,1.0,0.0,0.0,0.0,0.0,0.0,0.0,0.0,0.1,0.1,0.0,0.0,0.0,0.0,0.0,False,50
DEFB132,0.02,0,0,0,45.5,45.0,45.5,0.5,0.0,0.0,0.0,0.0,0.0,0.0,0.1,0.1,0.0,0.0,0.0,0.0,0.1,0.0,False,50
DIO3OS,0.02,0,0,0,45.5,44.0,45.5,0.0,0.0,0.0,0.1,0.0,0.0,0.1,0.0,0.0,0.0,0.0,0.0,0.0,0.0,0.0,False,50
OR51E1,0.02,0,0,0,45.5,45.0,45.5,0.0,0.0,0.0,0.0,0.0,0.1,0.1,0.0,0.0,0.0,0.0,0.0,0.0,0.4,0.0,False,50
TRIM59,0.02,0,0,0,45.5,43.0,45.5,1.0,0.1,0.0,0.0,0.0,0.0,0.0,0.0,0.2,0.0,0.0,0.0,0.0,0.0,0.1,False,50
ANK2,0.02,0,0,0,46.0,43.0,46.0,1.0,0.0,0.0,0.1,0.0,0.0,0.0,0.0,0.1,0.0,0.0,0.0,0.0,0.0,0.0,False,50
C8B,0.02,0,0,0,46.0,44.0,46.0,0.0,0.0,0.1,0.0,0.1,0.0,0.0,0.0,0.0,0.0,0.0,0.0,0.0,0.0,0.0,False,50
CACNB3,0.02,0,0,0,46.0,46.0,46.0,1.0,0.8,0.0,0.0,0.0,0.0,0.0,0.0,0.1,0.1,0.0,0.0,0.0,0.0,0.8,False,50
ND4,0.02,0,0,0,46.0,45.0,46.0,,0.0,0.0,0.0,0.2,0.0,0.0,0.0,0.0,0.0,0.0,0.0,0.0,0.0,0.0,False,50
ATG16L1,0.02,0,0,0,47.0,46.0,47.0,1.0,0.1,0.0,0.1,0.0,0.0,0.0,0.0,0.0,0.1,0.0,0.0,0.0,0.0,0.1,False,50
IGFBP1,0.02,0,0,0,48.5,47.0,48.5,0.0,0.0,0.1,0.0,0.1,0.0,0.0,0.0,0.0,0.0,0.0,0.0,0.0,0.0,0.0,False,50
SPATA22,0.02,0,0,0,48.5,47.0,48.5,0.0,0.0,0.0,0.0,0.0,0.1,0.0,0.1,0.0,0.0,0.0,0.0,0.0,0.0,0.0,False,50
F11R,0.02,0,0,0,49.5,49.0,49.5,,0.0,0.0,0.0,0.0,0.0,0.0,0.0,0.0,0.2,0.0,0.0,0.0,0.0,0.0,False,50
IL5,0.01,0,0,0,3.0,3.0,3.0,,0.0,0.0,0.0,0.1,0.0,0.0,0.0,0.0,0.0,0.0,0.0,0.0,0.0,0.0,False,50
MIR17HG,0.01,0,0,0,3.0,3.0,3.0,0.0,0.0,0.1,0.0,0.0,0.0,0.0,0.0,0.0,0.0,0.0,0.0,0.1,0.0,0.0,False,50
SHISA2,0.01,0,0,0,3.0,3.0,3.0,,0.0,0.0,0.0,0.1,0.0,0.0,0.0,0.0,0.0,0.0,0.0,0.0,0.0,0.0,False,50
KCNE1,0.01,0,0,0,4.0,4.0,4.0,1.0,0.0,0.0,0.0,0.1,0.0,0.0,0.0,0.0,0.0,0.0,0.0,0.0,0.1,0.0,False,50
FBXL13,0.01,0,0,0,5.0,5.0,5.0,,0.0,0.0,0.0,0.1,0.0,0.0,0.0,0.0,0.0,0.0,0.0,0.0,0.0,0.0,False,50
LOC153577,0.01,0,0,0,5.0,5.0,5.0,,0.0,0.0,0.0,0.1,0.0,0.0,0.0,0.0,0.0,0.0,0.0,0.0,0.0,0.0,False,50
STARD6,0.01,0,0,0,6.0,6.0,6.0,0.0,0.0,0.1,0.0,0.0,0.0,0.0,0.0,0.0,0.0,0.0,0.0,0.1,0.0,0.0,False,50
TG,0.01,0,0,0,6.0,6.0,6.0,0.0,0.0,0.1,0.0,0.0,0.0,0.0,0.0,0.0,0.0,0.0,0.0,0.0,0.0,0.0,False,50
LOC101929475,0.01,0,0,0,7.0,7.0,7.0,,0.0,0.0,0.0,0.1,0.0,0.0,0.0,0.0,0.0,0.0,0.0,0.0,0.0,0.0,False,50
ADAMTS4,0.01,0,0,0,8.0,8.0,8.0,,0.0,0.0,0.0,0.1,0.0,0.0,0.0,0.0,0.0,0.0,0.0,0.0,0.0,0.0,False,50
CSMD2,0.01,0,0,0,8.0,8.0,8.0,,0.0,0.0,0.0,0.1,0.0,0.0,0.0,0.0,0.0,0.0,0.0,0.0,0.0,0.0,False,50
RNASE7,0.01,0,0,0,8.0,8.0,8.0,,0.0,0.0,0.0,0.1,0.0,0.0,0.0,0.0,0.0,0.0,0.0,0.0,0.0,0.0,False,50
DLGAP4-AS1,0.01,0,0,0,9.0,9.0,9.0,0.0,0.0,0.1,0.0,0.0,0.0,0.0,0.0,0.0,0.0,0.0,0.0,0.0,0.0,0.0,False,50
SPTB,0.01,0,0,0,9.0,9.0,9.0,,0.0,0.0,0.0,0.1,0.0,0.0,0.0,0.0,0.0,0.0,0.0,0.0,0.0,0.0,False,50
GHRH,0.01,0,0,0,10.0,10.0,10.0,,0.0,0.0,0.0,0.1,0.0,0.0,0.0,0.0,0.0,0.0,0.0,0.0,0.0,0.0,False,50
LINC01115,0.01,0,0,0,10.0,10.0,10.0,,0.0,0.0,0.0,0.1,0.0,0.0,0.0,0.0,0.0,0.0,0.0,0.0,0.0,0.0,False,50
LOC100506585,0.01,0,0,0,10.0,10.0,10.0,1.0,0.0,0.0,0.0,0.1,0.0,0.0,0.0,0.0,0.0,0.0,0.0,0.0,0.1,0.0,False,50
LOC105376292,0.01,0,0,0,10.0,10.0,10.0,0.0,0.0,0.0,0.0,0.1,0.0,0.0,0.0,0.0,0.0,0.0,0.0,0.1,0.0,0.0,False,50
ARSE,0.01,0,0,0,11.0,11.0,11.0,1.0,0.0,0.1,0.0,0.0,0.0,0.0,0.0,0.0,0.0,0.0,0.0,0.0,0.0,0.0,False,50
LINGO1-AS1,0.01,0,0,0,11.0,11.0,11.0,0.0,0.0,0.1,0.0,0.0,0.0,0.0,0.0,0.0,0.0,0.0,0.0,0.0,0.0,0.0,False,50
LOC729815,0.01,0,0,0,11.0,11.0,11.0,0.0,0.0,0.1,0.0,0.0,0.0,0.0,0.0,0.0,0.0,0.0,0.0,0.1,0.0,0.0,False,50
SYCP3,0.01,0,0,0,11.0,11.0,11.0,,0.0,0.0,0.0,0.1,0.0,0.0,0.0,0.0,0.0,0.0,0.0,0.0,0.0,0.0,False,50
VCAN,0.01,0,0,0,11.0,11.0,11.0,,0.0,0.0,0.0,0.1,0.0,0.0,0.0,0.0,0.0,0.0,0.0,0.0,0.0,0.0,False,50
A1CF,0.01,0,0,0,12.0,12.0,12.0,,0.0,0.0,0.0,0.1,0.0,0.0,0.0,0.0,0.0,0.0,0.0,0.0,0.0,0.0,False,50
DACT2,0.01,0,0,0,12.0,12.0,12.0,0.0,0.0,0.1,0.0,0.0,0.0,0.0,0.0,0.0,0.0,0.0,0.0,0.1,0.0,0.0,False,50
DLEU2,0.01,0,0,0,12.0,12.0,12.0,1.0,0.0,0.0,0.1,0.0,0.0,0.0,0.0,0.0,0.0,0.0,0.0,0.0,0.0,0.0,False,50
EPC2,0.01,0,0,0,12.0,12.0,12.0,,0.0,0.0,0.0,0.1,0.0,0.0,0.0,0.0,0.0,0.0,0.0,0.0,0.0,0.0,False,50
LOC440028,0.01,0,0,0,12.0,12.0,12.0,0.0,0.0,0.1,0.0,0.0,0.0,0.0,0.0,0.0,0.0,0.0,0.0,0.1,0.0,0.0,False,50
OR2C3,0.01,0,0,0,12.0,12.0,12.0,0.0,0.0,0.1,0.0,0.0,0.0,0.0,0.0,0.0,0.0,0.0,0.0,0.1,0.0,0.0,False,50
EDN3,0.01,0,0,0,13.0,13.0,13.0,,0.0,0.0,0.0,0.1,0.0,0.0,0.0,0.0,0.0,0.0,0.0,0.0,0.0,0.0,False,50
GRAMD1C,0.01,0,0,0,13.0,13.0,13.0,1.0,0.0,0.0,0.0,0.0,0.0,0.1,0.0,0.0,0.0,0.0,0.0,0.0,0.0,0.0,False,50
LOC102723845,0.01,0,0,0,13.0,13.0,13.0,0.0,0.0,0.0,0.0,0.1,0.0,0.0,0.0,0.0,0.0,0.0,0.0,0.1,0.0,0.0,False,50
PLXNC1,0.01,0,0,0,13.0,13.0,13.0,,0.0,0.0,0.0,0.1,0.0,0.0,0.0,0.0,0.0,0.0,0.0,0.0,0.0,0.0,False,50
LINC00280,0.01,0,0,0,14.0,14.0,14.0,,0.0,0.0,0.0,0.1,0.0,0.0,0.0,0.0,0.0,0.0,0.0,0.0,0.0,0.0,False,50
LOC101928902,0.01,0,0,0,14.0,14.0,14.0,0.0,0.0,0.1,0.0,0.0,0.0,0.0,0.0,0.0,0.0,0.0,0.0,0.0,0.0,0.0,False,50
CFLAR,0.01,0,0,0,15.0,15.0,15.0,,0.0,0.0,0.0,0.1,0.0,0.0,0.0,0.0,0.0,0.0,0.0,0.0,0.0,0.0,False,50
DDX53,0.01,0,0,0,15.0,15.0,15.0,1.0,0.0,0.1,0.0,0.0,0.0,0.0,0.0,0.0,0.0,0.0,0.0,0.0,0.0,0.0,False,50
EXD1,0.01,0,0,0,15.0,15.0,15.0,,0.0,0.0,0.0,0.1,0.0,0.0,0.0,0.0,0.0,0.0,0.0,0.0,0.0,0.0,False,50
GABRG2,0.01,0,0,0,15.0,15.0,15.0,,0.0,0.0,0.0,0.1,0.0,0.0,0.0,0.0,0.0,0.0,0.0,0.0,0.0,0.0,False,50
PIR,0.01,0,0,0,15.0,15.0,15.0,1.0,0.0,0.0,0.1,0.0,0.0,0.0,0.0,0.0,0.0,0.0,0.0,0.0,0.0,0.0,False,50
SLC25A33,0.01,0,0,0,15.0,15.0,15.0,,0.0,0.0,0.0,0.1,0.0,0.0,0.0,0.0,0.0,0.0,0.0,0.0,0.0,0.0,False,50
SULF1,0.01,0,0,0,15.0,15.0,15.0,1.0,0.0,0.0,0.1,0.0,0.0,0.0,0.0,0.0,0.0,0.0,0.0,0.0,0.0,0.0,False,50
IFNA10,0.01,0,0,0,16.0,16.0,16.0,0.0,0.0,0.1,0.0,0.0,0.0,0.0,0.0,0.0,0.0,0.0,0.0,0.1,0.0,0.0,False,50
LINC00354,0.01,0,0,0,16.0,16.0,16.0,,0.0,0.0,0.0,0.1,0.0,0.0,0.0,0.0,0.0,0.0,0.0,0.0,0.0,0.0,False,50
NR0B2,0.01,0,0,0,16.0,16.0,16.0,0.0,0.0,0.1,0.0,0.0,0.0,0.0,0.0,0.0,0.0,0.0,0.0,0.2,0.0,0.0,False,50
FRMD1,0.01,0,0,0,17.0,17.0,17.0,0.0,0.0,0.1,0.0,0.0,0.0,0.0,0.0,0.0,0.0,0.0,0.0,0.2,0.0,0.0,False,50
KIAA0930,0.01,0,0,0,17.0,17.0,17.0,0.0,0.0,0.0,0.1,0.0,0.0,0.0,0.0,0.0,0.0,0.0,0.0,0.0,0.0,0.0,False,50
KRT8P12,0.01,0,0,0,17.0,17.0,17.0,,0.0,0.0,0.0,0.1,0.0,0.0,0.0,0.0,0.0,0.0,0.0,0.0,0.0,0.0,False,50
LILRA6,0.01,0,0,0,17.0,17.0,17.0,,0.0,0.0,0.0,0.1,0.0,0.0,0.0,0.0,0.0,0.0,0.0,0.0,0.0,0.0,False,50
LOC286114,0.01,0,0,0,17.0,17.0,17.0,0.0,0.0,0.1,0.0,0.0,0.0,0.0,0.0,0.0,0.0,0.0,0.0,0.0,0.0,0.0,False,50
MFAP2,0.01,0,0,0,17.0,17.0,17.0,1.0,0.0,0.0,0.1,0.0,0.0,0.0,0.0,0.0,0.0,0.0,0.0,0.0,0.0,0.0,False,50
MRPS36,0.01,0,0,0,17.0,17.0,17.0,,0.0,0.0,0.0,0.1,0.0,0.0,0.0,0.0,0.0,0.0,0.0,0.0,0.0,0.0,False,50
BRD7,0.01,0,0,0,18.0,18.0,18.0,,0.0,0.0,0.0,0.1,0.0,0.0,0.0,0.0,0.0,0.0,0.0,0.0,0.0,0.0,False,50
CA7,0.01,0,0,0,18.0,18.0,18.0,,0.0,0.0,0.0,0.1,0.0,0.0,0.0,0.0,0.0,0.0,0.0,0.0,0.0,0.0,False,50
CD44,0.01,0,0,0,18.0,18.0,18.0,,0.0,0.0,0.0,0.1,0.0,0.0,0.0,0.0,0.0,0.0,0.0,0.0,0.0,0.0,False,50
GPX5,0.01,0,0,0,18.0,18.0,18.0,,0.0,0.0,0.0,0.1,0.0,0.0,0.0,0.0,0.0,0.0,0.0,0.0,0.0,0.0,False,50
MORN5,0.01,0,0,0,18.0,18.0,18.0,0.0,0.0,0.1,0.0,0.0,0.0,0.0,0.0,0.0,0.0,0.0,0.0,0.0,0.0,0.0,False,50
MYH9,0.01,0,0,0,18.0,18.0,18.0,0.0,0.0,0.0,0.1,0.0,0.0,0.0,0.0,0.0,0.0,0.0,0.0,0.0,0.0,0.0,False,50
PPP1R2P9,0.01,0,0,0,18.0,18.0,18.0,0.0,0.0,0.1,0.0,0.0,0.0,0.0,0.0,0.0,0.0,0.0,0.0,0.1,0.0,0.0,False,50
SPATA13,0.01,0,0,0,18.0,18.0,18.0,0.0,0.0,0.0,0.0,0.0,0.0,0.1,0.0,0.0,0.0,0.0,0.0,0.0,0.0,0.0,False,50
ZNF708,0.01,0,0,0,18.0,18.0,18.0,,0.0,0.0,0.0,0.1,0.0,0.0,0.0,0.0,0.0,0.0,0.0,0.0,0.0,0.0,False,50
AOC4P,0.01,0,0,0,19.0,19.0,19.0,,0.0,0.0,0.0,0.1,0.0,0.0,0.0,0.0,0.0,0.0,0.0,0.0,0.0,0.0,False,50
DENND1B,0.01,0,0,0,19.0,19.0,19.0,0.0,0.0,0.0,0.1,0.0,0.0,0.0,0.0,0.0,0.0,0.0,0.0,0.0,0.0,0.0,False,50
FAM47B,0.01,0,0,0,19.0,19.0,19.0,0.0,0.0,0.1,0.0,0.0,0.0,0.0,0.0,0.0,0.0,0.0,0.0,0.1,0.0,0.0,False,50
NUDT16L1,0.01,0,0,0,19.0,19.0,19.0,0.0,0.0,0.0,0.1,0.0,0.0,0.0,0.0,0.0,0.0,0.0,0.0,0.0,0.0,0.0,False,50
RBAKDN,0.01,0,0,0,19.0,19.0,19.0,0.0,0.0,0.1,0.0,0.0,0.0,0.0,0.0,0.0,0.0,0.0,0.0,0.1,0.0,0.0,False,50
SCRN2,0.01,0,0,0,19.0,19.0,19.0,1.0,0.0,0.0,0.0,0.0,0.0,0.0,0.0,0.1,0.0,0.0,0.0,0.0,0.0,0.0,False,50
TIAM1,0.01,0,0,0,19.0,19.0,19.0,0.0,0.0,0.0,0.1,0.0,0.0,0.0,0.0,0.0,0.0,0.0,0.0,0.0,0.0,0.0,False,50
TRIM72,0.01,0,0,0,19.0,19.0,19.0,,0.0,0.0,0.0,0.1,0.0,0.0,0.0,0.0,0.0,0.0,0.0,0.0,0.0,0.0,False,50
TSPAN5,0.01,0,0,0,19.0,19.0,19.0,0.0,0.0,0.0,0.1,0.0,0.0,0.0,0.0,0.0,0.0,0.0,0.0,0.0,0.0,0.0,False,50
CASP10,0.01,0,0,0,20.0,20.0,20.0,0.0,0.0,0.1,0.0,0.0,0.0,0.0,0.0,0.0,0.0,0.0,0.0,0.0,0.0,0.0,False,50
DKFZp434L192,0.01,0,0,0,20.0,20.0,20.0,0.0,0.0,0.1,0.0,0.0,0.0,0.0,0.0,0.0,0.0,0.0,0.0,0.0,0.0,0.0,False,50
ZNF281,0.01,0,0,0,20.0,20.0,20.0,0.0,0.0,0.0,0.1,0.0,0.0,0.0,0.0,0.0,0.0,0.0,0.0,0.0,0.0,0.0,False,50
LILRA1,0.01,0,0,0,21.0,21.0,21.0,0.0,0.0,0.1,0.0,0.0,0.0,0.0,0.0,0.0,0.0,0.0,0.0,0.0,0.0,0.0,False,50
LOC100422526,0.01,0,0,0,21.0,21.0,21.0,,0.0,0.0,0.0,0.1,0.0,0.0,0.0,0.0,0.0,0.0,0.0,0.0,0.0,0.0,False,50
MAGEC3,0.01,0,0,0,21.0,21.0,21.0,,0.0,0.0,0.0,0.1,0.0,0.0,0.0,0.0,0.0,0.0,0.0,0.0,0.0,0.0,False,50
SARDH,0.01,0,0,0,21.0,21.0,21.0,,0.0,0.0,0.0,0.1,0.0,0.0,0.0,0.0,0.0,0.0,0.0,0.0,0.0,0.0,False,50
ZNF493,0.01,0,0,0,21.0,21.0,21.0,,0.0,0.0,0.0,0.1,0.0,0.0,0.0,0.0,0.0,0.0,0.0,0.0,0.0,0.0,False,50
ADAM12,0.01,0,0,0,22.0,22.0,22.0,,0.0,0.0,0.0,0.1,0.0,0.0,0.0,0.0,0.0,0.0,0.0,0.0,0.0,0.0,False,50
BRWD1,0.01,0,0,0,22.0,22.0,22.0,,0.0,0.0,0.0,0.1,0.0,0.0,0.0,0.0,0.0,0.0,0.0,0.0,0.0,0.0,False,50
FAP,0.01,0,0,0,22.0,22.0,22.0,1.0,0.0,0.0,0.1,0.0,0.0,0.0,0.0,0.0,0.0,0.0,0.0,0.0,0.0,0.0,False,50
LINC01094,0.01,0,0,0,22.0,22.0,22.0,0.0,0.0,0.0,0.1,0.0,0.0,0.0,0.0,0.0,0.0,0.0,0.0,0.0,0.0,0.0,False,50
LINC01260,0.01,0,0,0,22.0,22.0,22.0,,0.0,0.0,0.0,0.1,0.0,0.0,0.0,0.0,0.0,0.0,0.0,0.0,0.0,0.0,False,50
LOC101927450,0.01,0,0,0,22.0,22.0,22.0,0.0,0.0,0.1,0.0,0.0,0.0,0.0,0.0,0.0,0.0,0.0,0.0,0.0,0.0,0.0,False,50
MILR1,0.01,0,0,0,22.0,22.0,22.0,,0.0,0.0,0.0,0.1,0.0,0.0,0.0,0.0,0.0,0.0,0.0,0.0,0.0,0.0,False,50
NBEAL2,0.01,0,0,0,22.0,22.0,22.0,,0.0,0.0,0.0,0.0,0.0,0.0,0.0,0.0,0.1,0.0,0.0,0.0,0.0,0.0,False,50
RORB,0.01,0,0,0,22.0,22.0,22.0,0.0,0.0,0.1,0.0,0.0,0.0,0.0,0.0,0.0,0.0,0.0,0.0,0.1,0.0,0.0,False,50
SEMA3F,0.01,0,0,0,22.0,22.0,22.0,1.0,0.2,0.0,0.0,0.0,0.0,0.0,0.0,0.0,0.1,0.0,0.0,0.0,0.0,0.2,False,50
TP53TG3HP,0.01,0,0,0,22.0,22.0,22.0,,0.0,0.0,0.0,0.1,0.0,0.0,0.0,0.0,0.0,0.0,0.0,0.0,0.0,0.0,False,50
C1QTNF6,0.01,0,0,0,23.0,23.0,23.0,1.0,0.0,0.1,0.0,0.0,0.0,0.0,0.0,0.0,0.0,0.0,0.0,0.0,0.0,0.0,False,50
C7orf69,0.01,0,0,0,23.0,23.0,23.0,,0.0,0.0,0.0,0.1,0.0,0.0,0.0,0.0,0.0,0.0,0.0,0.0,0.0,0.0,False,50
CDNF,0.01,0,0,0,23.0,23.0,23.0,0.0,0.0,0.1,0.0,0.0,0.0,0.0,0.0,0.0,0.0,0.0,0.0,0.0,0.0,0.0,False,50
ERMP1,0.01,0,0,0,23.0,23.0,23.0,0.0,0.0,0.0,0.1,0.0,0.0,0.0,0.0,0.0,0.0,0.0,0.0,0.0,0.0,0.0,False,50
GPT2,0.01,0,0,0,23.0,23.0,23.0,,0.0,0.0,0.0,0.1,0.0,0.0,0.0,0.0,0.0,0.0,0.0,0.0,0.0,0.0,False,50
HPGD,0.01,0,0,0,23.0,23.0,23.0,0.0,0.0,0.1,0.0,0.0,0.0,0.0,0.0,0.0,0.0,0.0,0.0,0.5,0.0,0.0,False,50
ZIC1,0.01,0,0,0,23.0,23.0,23.0,,0.0,0.0,0.0,0.1,0.0,0.0,0.0,0.0,0.0,0.0,0.0,0.0,0.0,0.0,False,50
ZNF137P,0.01,0,0,0,23.0,23.0,23.0,1.0,0.0,0.0,0.1,0.0,0.0,0.0,0.0,0.0,0.0,0.0,0.0,0.0,0.0,0.0,False,50
DCBLD1,0.01,0,0,0,24.0,24.0,24.0,0.0,0.0,0.0,0.1,0.0,0.0,0.0,0.0,0.0,0.0,0.0,0.0,0.0,0.0,0.0,False,50
LOC101928433,0.01,0,0,0,24.0,24.0,24.0,1.0,0.0,0.0,0.1,0.0,0.0,0.0,0.0,0.0,0.0,0.0,0.0,0.0,0.0,0.0,False,50
NAV2-AS5,0.01,0,0,0,24.0,24.0,24.0,0.0,0.0,0.1,0.0,0.0,0.0,0.0,0.0,0.0,0.0,0.0,0.0,0.0,0.0,0.0,False,50
PAK5,0.01,0,0,0,24.0,24.0,24.0,0.0,0.0,0.1,0.0,0.0,0.0,0.0,0.0,0.0,0.0,0.0,0.0,0.0,0.0,0.0,False,50
PKIB,0.01,0,0,0,24.0,24.0,24.0,1.0,0.0,0.0,0.0,0.0,0.0,0.1,0.0,0.0,0.0,0.0,0.0,0.0,0.0,0.0,False,50
PYGL,0.01,0,0,0,24.0,24.0,24.0,1.0,0.0,0.0,0.1,0.0,0.0,0.0,0.0,0.0,0.0,0.0,0.0,0.0,0.0,0.0,False,50
SORD,0.01,0,0,0,24.0,24.0,24.0,1.0,0.0,0.0,0.0,0.0,0.0,0.1,0.0,0.0,0.0,0.0,0.0,0.0,0.0,0.0,False,50
ARPP21,0.01,0,0,0,25.0,25.0,25.0,1.0,0.0,0.1,0.0,0.0,0.0,0.0,0.0,0.0,0.0,0.0,0.0,0.0,0.0,0.0,False,50
C10orf55,0.01,0,0,0,25.0,25.0,25.0,1.0,0.0,0.1,0.0,0.0,0.0,0.0,0.0,0.0,0.0,0.0,0.0,0.0,0.0,0.0,False,50
DBH-AS1,0.01,0,0,0,25.0,25.0,25.0,1.0,0.0,0.1,0.0,0.0,0.0,0.0,0.0,0.0,0.0,0.0,0.0,0.0,0.0,0.0,False,50
LHCGR,0.01,0,0,0,25.0,25.0,25.0,0.0,0.0,0.1,0.0,0.0,0.0,0.0,0.0,0.0,0.0,0.0,0.0,0.0,0.0,0.0,False,50
LINC00266-1,0.01,0,0,0,25.0,25.0,25.0,,0.0,0.0,0.0,0.1,0.0,0.0,0.0,0.0,0.0,0.0,0.0,0.0,0.0,0.0,False,50
LOC100134445,0.01,0,0,0,25.0,25.0,25.0,,0.0,0.0,0.0,0.1,0.0,0.0,0.0,0.0,0.0,0.0,0.0,0.0,0.0,0.0,False,50
LOC105375875,0.01,0,0,0,25.0,25.0,25.0,0.0,0.0,0.1,0.0,0.0,0.0,0.0,0.0,0.0,0.0,0.0,0.0,0.1,0.0,0.0,False,50
NT5C1A,0.01,0,0,0,25.0,25.0,25.0,,0.0,0.0,0.0,0.1,0.0,0.0,0.0,0.0,0.0,0.0,0.0,0.0,0.0,0.0,False,50
PRKCA-AS1,0.01,0,0,0,25.0,25.0,25.0,0.0,0.0,0.1,0.0,0.0,0.0,0.0,0.0,0.0,0.0,0.0,0.0,0.1,0.0,0.0,False,50
SIGLEC15,0.01,0,0,0,25.0,25.0,25.0,,0.0,0.0,0.0,0.1,0.0,0.0,0.0,0.0,0.0,0.0,0.0,0.0,0.0,0.0,False,50
SLC25A25,0.01,0,0,0,25.0,25.0,25.0,0.0,0.0,0.0,0.1,0.0,0.0,0.0,0.0,0.0,0.0,0.0,0.0,0.0,0.0,0.0,False,50
TPPP,0.01,0,0,0,25.0,25.0,25.0,1.0,0.0,0.0,0.1,0.0,0.0,0.0,0.0,0.0,0.0,0.0,0.0,0.0,0.0,0.0,False,50
WISP1,0.01,0,0,0,25.0,25.0,25.0,0.6666666666666666,0.2,0.0,0.1,0.0,0.0,0.0,0.0,0.0,0.0,0.0,0.0,0.0,0.0,0.2,False,50
ZNF780B,0.01,0,0,0,25.0,25.0,25.0,,0.0,0.0,0.0,0.1,0.0,0.0,0.0,0.0,0.0,0.0,0.0,0.0,0.0,0.0,False,50
CXCL2,0.01,0,0,0,26.0,26.0,26.0,1.0,0.0,0.0,0.1,0.0,0.0,0.0,0.0,0.0,0.0,0.0,0.0,0.0,0.0,0.0,False,50
FAM185A,0.01,0,0,0,26.0,26.0,26.0,,0.0,0.0,0.0,0.1,0.0,0.0,0.0,0.0,0.0,0.0,0.0,0.0,0.0,0.0,False,50
GREM2,0.01,0,0,0,26.0,26.0,26.0,0.0,0.0,0.1,0.0,0.0,0.0,0.0,0.0,0.0,0.0,0.0,0.0,0.3,0.0,0.0,False,50
KIAA1217,0.01,0,0,0,26.0,26.0,26.0,,0.0,0.0,0.0,0.1,0.0,0.0,0.0,0.0,0.0,0.0,0.0,0.0,0.0,0.0,False,50
PHF8,0.01,0,0,0,26.0,26.0,26.0,,0.0,0.0,0.0,0.1,0.0,0.0,0.0,0.0,0.0,0.0,0.0,0.0,0.0,0.0,False,50
ACE,0.01,0,0,0,27.0,27.0,27.0,1.0,0.0,0.0,0.1,0.0,0.0,0.0,0.0,0.0,0.0,0.0,0.0,0.0,0.0,0.0,False,50
AURKA,0.01,0,0,0,27.0,27.0,27.0,1.0,0.1,0.0,0.0,0.0,0.0,0.0,0.0,0.0,0.1,0.0,0.0,0.0,0.0,0.1,False,50
AUTS2,0.01,0,0,0,27.0,27.0,27.0,,0.0,0.0,0.0,0.0,0.0,0.0,0.0,0.0,0.1,0.0,0.0,0.0,0.0,0.0,False,50
CHRNE,0.01,0,0,0,27.0,27.0,27.0,,0.0,0.0,0.0,0.1,0.0,0.0,0.0,0.0,0.0,0.0,0.0,0.0,0.0,0.0,False,50
OR2L13,0.01,0,0,0,27.0,27.0,27.0,0.0,0.0,0.1,0.0,0.0,0.0,0.0,0.0,0.0,0.0,0.0,0.0,0.0,0.0,0.0,False,50
PCDHGB7,0.01,0,0,0,27.0,27.0,27.0,0.0,0.0,0.1,0.0,0.0,0.0,0.0,0.0,0.0,0.0,0.0,0.0,0.0,0.0,0.0,False,50
PSD,0.01,0,0,0,27.0,27.0,27.0,,0.0,0.0,0.0,0.1,0.0,0.0,0.0,0.0,0.0,0.0,0.0,0.0,0.0,0.0,False,50
SLC16A2,0.01,0,0,0,27.0,27.0,27.0,1.0,0.0,0.0,0.0,0.0,0.0,0.1,0.0,0.0,0.0,0.0,0.0,0.0,0.0,0.0,False,50
ZFP37,0.01,0,0,0,27.0,27.0,27.0,,0.0,0.0,0.0,0.1,0.0,0.0,0.0,0.0,0.0,0.0,0.0,0.0,0.0,0.0,False,50
ATP13A4-AS1,0.01,0,0,0,28.0,28.0,28.0,0.0,0.0,0.1,0.0,0.0,0.0,0.0,0.0,0.0,0.0,0.0,0.0,0.6,0.0,0.0,False,50
F7,0.01,0,0,0,28.0,28.0,28.0,,0.0,0.0,0.0,0.1,0.0,0.0,0.0,0.0,0.0,0.0,0.0,0.0,0.0,0.0,False,50
FAM189A1,0.01,0,0,0,28.0,28.0,28.0,,0.0,0.0,0.0,0.1,0.0,0.0,0.0,0.0,0.0,0.0,0.0,0.0,0.0,0.0,False,50
GBA3,0.01,0,0,0,28.0,28.0,28.0,,0.0,0.0,0.0,0.1,0.0,0.0,0.0,0.0,0.0,0.0,0.0,0.0,0.0,0.0,False,50
GYPA,0.01,0,0,0,28.0,28.0,28.0,,0.0,0.0,0.0,0.1,0.0,0.0,0.0,0.0,0.0,0.0,0.0,0.0,0.0,0.0,False,50
HCN2,0.01,0,0,0,28.0,28.0,28.0,,0.0,0.0,0.0,0.1,0.0,0.0,0.0,0.0,0.0,0.0,0.0,0.0,0.0,0.0,False,50
LOC101928526,0.01,0,0,0,28.0,28.0,28.0,0.0,0.0,0.1,0.0,0.0,0.0,0.0,0.0,0.0,0.0,0.0,0.0,0.1,0.0,0.0,False,50
PDCD4,0.01,0,0,0,28.0,28.0,28.0,,0.0,0.0,0.0,0.1,0.0,0.0,0.0,0.0,0.0,0.0,0.0,0.0,0.0,0.0,False,50
RAB3B,0.01,0,0,0,28.0,28.0,28.0,0.0,0.0,0.1,0.0,0.0,0.0,0.0,0.0,0.0,0.0,0.0,0.0,0.0,0.0,0.0,False,50
LOC107984534,0.01,0,0,0,29.0,29.0,29.0,,0.0,0.0,0.0,0.1,0.0,0.0,0.0,0.0,0.0,0.0,0.0,0.0,0.0,0.0,False,50
SLC29A1,0.01,0,0,0,29.0,29.0,29.0,0.0,0.0,0.0,0.1,0.0,0.0,0.0,0.0,0.0,0.0,0.0,0.0,0.0,0.0,0.0,False,50
ZNF700,0.01,0,0,0,29.0,29.0,29.0,,0.0,0.0,0.0,0.1,0.0,0.0,0.0,0.0,0.0,0.0,0.0,0.0,0.0,0.0,False,50
GPATCH11,0.01,0,0,0,30.0,30.0,30.0,0.0,0.0,0.0,0.0,0.0,0.0,0.1,0.0,0.0,0.0,0.0,0.0,0.0,0.0,0.0,False,50
KIR2DL1,0.01,0,0,0,30.0,30.0,30.0,0.0,0.0,0.1,0.0,0.0,0.0,0.0,0.0,0.0,0.0,0.0,0.0,0.0,0.0,0.0,False,50
KRTAP4-8,0.01,0,0,0,30.0,30.0,30.0,0.0,0.0,0.1,0.0,0.0,0.0,0.0,0.0,0.0,0.0,0.0,0.0,0.1,0.0,0.0,False,50
LZTS1,0.01,0,0,0,30.0,30.0,30.0,,0.0,0.0,0.0,0.1,0.0,0.0,0.0,0.0,0.0,0.0,0.0,0.0,0.0,0.0,False,50
NRN1,0.01,0,0,0,30.0,30.0,30.0,1.0,0.0,0.0,0.1,0.0,0.0,0.0,0.0,0.0,0.0,0.0,0.0,0.0,0.0,0.0,False,50
SGCG,0.01,0,0,0,30.0,30.0,30.0,0.5,0.0,0.0,0.0,0.0,0.0,0.0,0.0,0.1,0.0,0.0,0.0,0.0,0.1,0.0,False,50
TOM1L2,0.01,0,0,0,30.0,30.0,30.0,,0.0,0.0,0.0,0.1,0.0,0.0,0.0,0.0,0.0,0.0,0.0,0.0,0.0,0.0,False,50
ZNF90,0.01,0,0,0,30.0,30.0,30.0,,0.0,0.0,0.0,0.1,0.0,0.0,0.0,0.0,0.0,0.0,0.0,0.0,0.0,0.0,False,50
CUL2,0.01,0,0,0,31.0,31.0,31.0,,0.0,0.0,0.0,0.1,0.0,0.0,0.0,0.0,0.0,0.0,0.0,0.0,0.0,0.0,False,50
CYP4F2,0.01,0,0,0,31.0,31.0,31.0,,0.0,0.0,0.0,0.1,0.0,0.0,0.0,0.0,0.0,0.0,0.0,0.0,0.0,0.0,False,50
DYX1C1,0.01,0,0,0,31.0,31.0,31.0,,0.0,0.0,0.0,0.1,0.0,0.0,0.0,0.0,0.0,0.0,0.0,0.0,0.0,0.0,False,50
ECHDC3,0.01,0,0,0,31.0,31.0,31.0,1.0,0.0,0.0,0.1,0.0,0.0,0.0,0.0,0.0,0.0,0.0,0.0,0.0,0.0,0.0,False,50
H1FNT,0.01,0,0,0,31.0,31.0,31.0,0.0,0.0,0.1,0.0,0.0,0.0,0.0,0.0,0.0,0.0,0.0,0.0,0.0,0.0,0.0,False,50
MAP3K9,0.01,0,0,0,31.0,31.0,31.0,,0.0,0.0,0.0,0.0,0.0,0.0,0.0,0.0,0.1,0.0,0.0,0.0,0.0,0.0,False,50
MFSD13A,0.01,0,0,0,31.0,31.0,31.0,1.0,0.0,0.1,0.0,0.0,0.0,0.0,0.0,0.0,0.0,0.0,0.0,0.0,0.0,0.0,False,50
NEURL1B,0.01,0,0,0,31.0,31.0,31.0,0.0,0.0,0.0,0.1,0.0,0.0,0.0,0.0,0.0,0.0,0.0,0.0,0.0,0.0,0.0,False,50
OR10H3,0.01,0,0,0,31.0,31.0,31.0,0.0,0.0,0.1,0.0,0.0,0.0,0.0,0.0,0.0,0.0,0.0,0.0,0.0,0.0,0.0,False,50
RFX7,0.01,0,0,0,31.0,31.0,31.0,,0.0,0.0,0.0,0.1,0.0,0.0,0.0,0.0,0.0,0.0,0.0,0.0,0.0,0.0,False,50
SPINT2,0.01,0,0,0,31.0,31.0,31.0,,0.0,0.0,0.0,0.0,0.0,0.0,0.1,0.0,0.0,0.0,0.0,0.0,0.0,0.0,False,50
STS,0.01,0,0,0,31.0,31.0,31.0,0.0,0.0,0.0,0.1,0.0,0.0,0.0,0.0,0.0,0.0,0.0,0.0,0.0,0.0,0.0,False,50
TLX1NB,0.01,0,0,0,31.0,31.0,31.0,,0.0,0.0,0.0,0.1,0.0,0.0,0.0,0.0,0.0,0.0,0.0,0.0,0.0,0.0,False,50
ZNF675,0.01,0,0,0,31.0,31.0,31.0,,0.0,0.0,0.0,0.1,0.0,0.0,0.0,0.0,0.0,0.0,0.0,0.0,0.0,0.0,False,50
ADAMTS9-AS1,0.01,0,0,0,32.0,32.0,32.0,0.0,0.0,0.1,0.0,0.0,0.0,0.0,0.0,0.0,0.0,0.0,0.0,0.5,0.0,0.0,False,50
BTF3P13,0.01,0,0,0,32.0,32.0,32.0,0.0,0.0,0.1,0.0,0.0,0.0,0.0,0.0,0.0,0.0,0.0,0.0,0.0,0.0,0.0,False,50
CASP6,0.01,0,0,0,32.0,32.0,32.0,0.0,0.0,0.0,0.1,0.0,0.0,0.0,0.0,0.0,0.0,0.0,0.0,0.0,0.0,0.0,False,50
FMNL3,0.01,0,0,0,32.0,32.0,32.0,,0.0,0.0,0.0,0.1,0.0,0.0,0.0,0.0,0.0,0.0,0.0,0.0,0.0,0.0,False,50
GAL,0.01,0,0,0,32.0,32.0,32.0,,0.0,0.0,0.0,0.1,0.0,0.0,0.0,0.0,0.0,0.0,0.0,0.0,0.0,0.0,False,50
IRF5,0.01,0,0,0,32.0,32.0,32.0,0.0,0.0,0.0,0.1,0.0,0.0,0.0,0.0,0.0,0.0,0.0,0.0,0.0,0.0,0.0,False,50
LINC00922,0.01,0,0,0,32.0,32.0,32.0,,0.0,0.0,0.0,0.1,0.0,0.0,0.0,0.0,0.0,0.0,0.0,0.0,0.0,0.0,False,50
LRP1B,0.01,0,0,0,32.0,32.0,32.0,1.0,0.0,0.0,0.0,0.0,0.0,0.1,0.0,0.0,0.0,0.0,0.0,0.0,0.0,0.0,False,50
NIPSNAP1,0.01,0,0,0,32.0,32.0,32.0,,0.0,0.0,0.0,0.0,0.0,0.0,0.0,0.0,0.1,0.0,0.0,0.0,0.0,0.0,False,50
OSBPL11,0.01,0,0,0,32.0,32.0,32.0,,0.0,0.0,0.0,0.1,0.0,0.0,0.0,0.0,0.0,0.0,0.0,0.0,0.0,0.0,False,50
OVOL1,0.01,0,0,0,32.0,32.0,32.0,,0.0,0.0,0.0,0.0,0.0,0.0,0.0,0.0,0.1,0.0,0.0,0.0,0.0,0.0,False,50
PRRT3-AS1,0.01,0,0,0,32.0,32.0,32.0,1.0,0.0,0.0,0.1,0.0,0.0,0.0,0.0,0.0,0.0,0.0,0.0,0.0,0.0,0.0,False,50
SEL1L2,0.01,0,0,0,32.0,32.0,32.0,0.0,0.0,0.1,0.0,0.0,0.0,0.0,0.0,0.0,0.0,0.0,0.0,0.1,0.0,0.0,False,50
ZFP14,0.01,0,0,0,32.0,32.0,32.0,1.0,0.0,0.0,0.1,0.0,0.0,0.0,0.0,0.0,0.0,0.0,0.0,0.0,0.0,0.0,False,50
ZIC5,0.01,0,0,0,32.0,32.0,32.0,0.0,0.0,0.1,0.0,0.0,0.0,0.0,0.0,0.0,0.0,0.0,0.0,0.0,0.0,0.0,False,50
CHIAP2,0.01,0,0,0,33.0,33.0,33.0,,0.0,0.0,0.0,0.1,0.0,0.0,0.0,0.0,0.0,0.0,0.0,0.0,0.0,0.0,False,50
DTX3L,0.01,0,0,0,33.0,33.0,33.0,1.0,0.0,0.0,0.1,0.0,0.0,0.0,0.0,0.0,0.0,0.0,0.0,0.0,0.0,0.0,False,50
EVC,0.01,0,0,0,33.0,33.0,33.0,0.0,0.0,0.0,0.1,0.0,0.0,0.0,0.0,0.0,0.0,0.0,0.0,0.0,0.0,0.0,False,50
HOOK2,0.01,0,0,0,33.0,33.0,33.0,1.0,0.0,0.0,0.1,0.0,0.0,0.0,0.0,0.0,0.0,0.0,0.0,0.0,0.0,0.0,False,50
KLHDC7A,0.01,0,0,0,33.0,33.0,33.0,,0.0,0.0,0.0,0.1,0.0,0.0,0.0,0.0,0.0,0.0,0.0,0.0,0.0,0.0,False,50
LINC01272,0.01,0,0,0,33.0,33.0,33.0,1.0,0.0,0.1,0.0,0.0,0.0,0.0,0.0,0.0,0.0,0.0,0.0,0.0,0.0,0.0,False,50
LOC100133461,0.01,0,0,0,33.0,33.0,33.0,0.0,0.0,0.1,0.0,0.0,0.0,0.0,0.0,0.0,0.0,0.0,0.0,0.1,0.0,0.0,False,50
MGARP,0.01,0,0,0,33.0,33.0,33.0,1.0,0.0,0.0,0.0,0.0,0.1,0.0,0.0,0.0,0.0,0.0,0.0,0.0,0.0,0.0,False,50
PDE3B,0.01,0,0,0,33.0,33.0,33.0,1.0,0.0,0.0,0.0,0.0,0.0,0.0,0.0,0.1,0.0,0.0,0.0,0.0,0.0,0.0,False,50
PINLYP,0.01,0,0,0,33.0,33.0,33.0,1.0,0.0,0.0,0.0,0.0,0.0,0.0,0.0,0.1,0.0,0.0,0.0,0.0,0.0,0.0,False,50
SAP18,0.01,0,0,0,33.0,33.0,33.0,,0.0,0.0,0.0,0.1,0.0,0.0,0.0,0.0,0.0,0.0,0.0,0.0,0.0,0.0,False,50
SCARF2,0.01,0,0,0,33.0,33.0,33.0,,0.0,0.0,0.0,0.1,0.0,0.0,0.0,0.0,0.0,0.0,0.0,0.0,0.0,0.0,False,50
ZNF528,0.01,0,0,0,33.0,33.0,33.0,,0.0,0.0,0.0,0.1,0.0,0.0,0.0,0.0,0.0,0.0,0.0,0.0,0.0,0.0,False,50
COX7A1,0.01,0,0,0,34.0,34.0,34.0,0.5,0.1,0.0,0.0,0.0,0.0,0.0,0.0,0.1,0.0,0.0,0.0,0.0,0.0,0.1,False,50
FAM228B,0.01,0,0,0,34.0,34.0,34.0,1.0,0.0,0.0,0.1,0.0,0.0,0.0,0.0,0.0,0.0,0.0,0.0,0.0,0.0,0.0,False,50
FZD2,0.01,0,0,0,34.0,34.0,34.0,0.0,0.0,0.0,0.1,0.0,0.0,0.0,0.0,0.0,0.0,0.0,0.0,0.0,0.0,0.0,False,50
PHBP19,0.01,0,0,0,34.0,34.0,34.0,,0.0,0.0,0.0,0.0,0.0,0.0,0.0,0.0,0.1,0.0,0.0,0.0,0.0,0.0,False,50
PIP4K2C,0.01,0,0,0,34.0,34.0,34.0,,0.0,0.0,0.0,0.0,0.0,0.0,0.0,0.0,0.1,0.0,0.0,0.0,0.0,0.0,False,50
POLR2E,0.01,0,0,0,34.0,34.0,34.0,,0.0,0.0,0.0,0.1,0.0,0.0,0.0,0.0,0.0,0.0,0.0,0.0,0.0,0.0,False,50
PRDX6,0.01,0,0,0,34.0,34.0,34.0,,0.0,0.0,0.0,0.1,0.0,0.0,0.0,0.0,0.0,0.0,0.0,0.0,0.0,0.0,False,50
THRSP,0.01,0,0,0,34.0,34.0,34.0,1.0,0.0,0.0,0.1,0.0,0.0,0.0,0.0,0.0,0.0,0.0,0.0,0.0,0.0,0.0,False,50
VIT,0.01,0,0,0,34.0,34.0,34.0,1.0,0.0,0.0,0.0,0.0,0.0,0.1,0.0,0.0,0.0,0.0,0.0,0.0,0.0,0.0,False,50
WNT10B,0.01,0,0,0,34.0,34.0,34.0,,0.0,0.0,0.0,0.1,0.0,0.0,0.0,0.0,0.0,0.0,0.0,0.0,0.0,0.0,False,50
ZNF763,0.01,0,0,0,34.0,34.0,34.0,1.0,0.0,0.1,0.0,0.0,0.0,0.0,0.0,0.0,0.0,0.0,0.0,0.0,0.0,0.0,False,50
HIST1H4G,0.01,0,0,0,35.0,35.0,35.0,0.0,0.0,0.1,0.0,0.0,0.0,0.0,0.0,0.0,0.0,0.0,0.0,0.0,0.0,0.0,False,50
LINC01580,0.01,0,0,0,35.0,35.0,35.0,,0.0,0.0,0.0,0.1,0.0,0.0,0.0,0.0,0.0,0.0,0.0,0.0,0.0,0.0,False,50
LOC100996412,0.01,0,0,0,35.0,35.0,35.0,,0.0,0.0,0.0,0.1,0.0,0.0,0.0,0.0,0.0,0.0,0.0,0.0,0.0,0.0,False,50
MCM4,0.01,0,0,0,35.0,35.0,35.0,0.0,0.0,0.0,0.1,0.0,0.0,0.0,0.0,0.0,0.0,0.0,0.0,0.0,0.0,0.0,False,50
PTPRK,0.01,0,0,0,35.0,35.0,35.0,,0.0,0.0,0.0,0.1,0.0,0.0,0.0,0.0,0.0,0.0,0.0,0.0,0.0,0.0,False,50
ASB16,0.01,0,0,0,36.0,36.0,36.0,,0.0,0.0,0.0,0.1,0.0,0.0,0.0,0.0,0.0,0.0,0.0,0.0,0.0,0.0,False,50
CA3,0.01,0,0,0,36.0,36.0,36.0,0.0,0.0,0.0,0.1,0.0,0.0,0.0,0.0,0.0,0.0,0.0,0.0,0.1,0.0,0.0,False,50
CCDC160,0.01,0,0,0,36.0,36.0,36.0,,0.0,0.0,0.0,0.1,0.0,0.0,0.0,0.0,0.0,0.0,0.0,0.0,0.0,0.0,False,50
CHMP4C,0.01,0,0,0,36.0,36.0,36.0,1.0,0.0,0.0,0.0,0.0,0.0,0.1,0.0,0.0,0.0,0.0,0.0,0.0,0.0,0.0,False,50
IRF2BP2,0.01,0,0,0,36.0,36.0,36.0,,0.0,0.0,0.0,0.1,0.0,0.0,0.0,0.0,0.0,0.0,0.0,0.0,0.0,0.0,False,50
LOC100128281,0.01,0,0,0,36.0,36.0,36.0,,0.0,0.0,0.0,0.1,0.0,0.0,0.0,0.0,0.0,0.0,0.0,0.0,0.0,0.0,False,50
LPP-AS2,0.01,0,0,0,36.0,36.0,36.0,0.0,0.0,0.0,0.0,0.0,0.1,0.0,0.0,0.0,0.0,0.0,0.0,0.0,0.0,0.0,False,50
MCCC1,0.01,0,0,0,36.0,36.0,36.0,0.0,0.0,0.0,0.1,0.0,0.0,0.0,0.0,0.0,0.0,0.0,0.0,0.0,0.0,0.0,False,50
PEG10,0.01,0,0,0,36.0,36.0,36.0,1.0,0.0,0.0,0.1,0.0,0.0,0.0,0.0,0.0,0.0,0.0,0.0,0.0,0.0,0.0,False,50
SLC19A3,0.01,0,0,0,36.0,36.0,36.0,,0.0,0.0,0.0,0.0,0.0,0.0,0.1,0.0,0.0,0.0,0.0,0.0,0.0,0.0,False,50
TRIT1,0.01,0,0,0,36.0,36.0,36.0,1.0,0.0,0.0,0.1,0.0,0.0,0.0,0.0,0.0,0.0,0.0,0.0,0.0,0.0,0.0,False,50
VGLL4,0.01,0,0,0,36.0,36.0,36.0,0.0,0.0,0.0,0.0,0.0,0.0,0.1,0.0,0.0,0.0,0.0,0.0,0.0,0.0,0.0,False,50
ADM,0.01,0,0,0,37.0,37.0,37.0,0.0,0.0,0.0,0.1,0.0,0.0,0.0,0.0,0.0,0.0,0.0,0.0,0.0,0.0,0.0,False,50
C15orf39,0.01,0,0,0,37.0,37.0,37.0,,0.0,0.0,0.0,0.1,0.0,0.0,0.0,0.0,0.0,0.0,0.0,0.0,0.0,0.0,False,50
C1orf158,0.01,0,0,0,37.0,37.0,37.0,,0.0,0.0,0.0,0.1,0.0,0.0,0.0,0.0,0.0,0.0,0.0,0.0,0.0,0.0,False,50
C9orf47,0.01,0,0,0,37.0,37.0,37.0,0.0,0.0,0.1,0.0,0.0,0.0,0.0,0.0,0.0,0.0,0.0,0.0,0.0,0.0,0.0,False,50
CHD4,0.01,0,0,0,37.0,37.0,37.0,,0.0,0.0,0.0,0.0,0.0,0.0,0.0,0.0,0.1,0.0,0.0,0.0,0.0,0.0,False,50
COL4A5,0.01,0,0,0,37.0,37.0,37.0,0.5,0.0,0.0,0.0,0.0,0.0,0.1,0.0,0.0,0.0,0.0,0.0,0.0,0.1,0.0,False,50
CPA2,0.01,0,0,0,37.0,37.0,37.0,0.0,0.0,0.0,0.0,0.0,0.1,0.0,0.0,0.0,0.0,0.0,0.0,0.0,0.1,0.0,False,50
CPM,0.01,0,0,0,37.0,37.0,37.0,1.0,0.0,0.0,0.1,0.0,0.0,0.0,0.0,0.0,0.0,0.0,0.0,0.0,0.0,0.0,False,50
ITGAE,0.01,0,0,0,37.0,37.0,37.0,,0.0,0.0,0.0,0.0,0.0,0.0,0.0,0.0,0.1,0.0,0.0,0.0,0.0,0.0,False,50
LMBRD1,0.01,0,0,0,37.0,37.0,37.0,1.0,0.0,0.0,0.0,0.0,0.0,0.0,0.0,0.1,0.0,0.0,0.0,0.0,0.0,0.0,False,50
LOC100506371,0.01,0,0,0,37.0,37.0,37.0,,0.0,0.0,0.0,0.1,0.0,0.0,0.0,0.0,0.0,0.0,0.0,0.0,0.0,0.0,False,50
LOC157931,0.01,0,0,0,37.0,37.0,37.0,,0.0,0.0,0.0,0.1,0.0,0.0,0.0,0.0,0.0,0.0,0.0,0.0,0.0,0.0,False,50
PHACTR4,0.01,0,0,0,37.0,37.0,37.0,0.0,0.0,0.0,0.0,0.0,0.0,0.1,0.0,0.0,0.0,0.0,0.0,0.0,0.0,0.0,False,50
PLEKHG5,0.01,0,0,0,37.0,37.0,37.0,0.0,0.0,0.1,0.0,0.0,0.0,0.0,0.0,0.0,0.0,0.0,0.0,0.0,0.0,0.0,False,50
SRRT,0.01,0,0,0,37.0,37.0,37.0,,0.0,0.0,0.0,0.0,0.0,0.0,0.0,0.0,0.1,0.0,0.0,0.0,0.0,0.0,False,50
SYT2,0.01,0,0,0,37.0,37.0,37.0,0.0,0.0,0.1,0.0,0.0,0.0,0.0,0.0,0.0,0.0,0.0,0.0,0.0,0.0,0.0,False,50
UBE2O,0.01,0,0,0,37.0,37.0,37.0,,0.0,0.0,0.0,0.0,0.0,0.0,0.0,0.0,0.1,0.0,0.0,0.0,0.0,0.0,False,50
WDR74,0.01,0,0,0,37.0,37.0,37.0,1.0,0.0,0.1,0.0,0.0,0.0,0.0,0.0,0.0,0.0,0.0,0.0,0.0,0.0,0.0,False,50
ZNF496,0.01,0,0,0,37.0,37.0,37.0,0.0,0.0,0.0,0.1,0.0,0.0,0.0,0.0,0.0,0.0,0.0,0.0,0.0,0.0,0.0,False,50
AIFM2,0.01,0,0,0,38.0,38.0,38.0,0.0,0.0,0.0,0.0,0.0,0.0,0.1,0.0,0.0,0.0,0.0,0.0,0.0,0.0,0.0,False,50
FAM76A,0.01,0,0,0,38.0,38.0,38.0,1.0,0.0,0.0,0.0,0.0,0.0,0.0,0.0,0.1,0.0,0.0,0.0,0.0,0.0,0.0,False,50
GNG2,0.01,0,0,0,38.0,38.0,38.0,1.0,0.0,0.0,0.0,0.0,0.0,0.0,0.0,0.1,0.0,0.0,0.0,0.0,0.0,0.0,False,50
IFI6,0.01,0,0,0,38.0,38.0,38.0,0.0,0.0,0.0,0.1,0.0,0.0,0.0,0.0,0.0,0.0,0.0,0.0,0.0,0.0,0.0,False,50
LINC00276,0.01,0,0,0,38.0,38.0,38.0,,0.0,0.0,0.0,0.1,0.0,0.0,0.0,0.0,0.0,0.0,0.0,0.0,0.0,0.0,False,50
RMI1,0.01,0,0,0,38.0,38.0,38.0,1.0,0.0,0.0,0.1,0.0,0.0,0.0,0.0,0.0,0.0,0.0,0.0,0.0,0.0,0.0,False,50
SIX4,0.01,0,0,0,38.0,38.0,38.0,,0.0,0.0,0.0,0.0,0.0,0.0,0.0,0.0,0.1,0.0,0.0,0.0,0.0,0.0,False,50
TBX15,0.01,0,0,0,38.0,38.0,38.0,1.0,0.0,0.0,0.0,0.0,0.0,0.0,0.0,0.1,0.0,0.0,0.0,0.0,0.0,0.0,False,50
TDRD5,0.01,0,0,0,38.0,38.0,38.0,,0.0,0.0,0.0,0.1,0.0,0.0,0.0,0.0,0.0,0.0,0.0,0.0,0.0,0.0,False,50
TLN2,0.01,0,0,0,38.0,38.0,38.0,0.0,0.0,0.0,0.0,0.0,0.0,0.1,0.0,0.0,0.0,0.0,0.0,0.0,0.0,0.0,False,50
AOX1,0.01,0,0,0,39.0,39.0,39.0,,0.0,0.0,0.0,0.0,0.0,0.0,0.0,0.0,0.1,0.0,0.0,0.0,0.0,0.0,False,50
CCDC158,0.01,0,0,0,39.0,39.0,39.0,0.0,0.0,0.1,0.0,0.0,0.0,0.0,0.0,0.0,0.0,0.0,0.0,0.0,0.0,0.0,False,50
CLEC2B,0.01,0,0,0,39.0,39.0,39.0,,0.0,0.0,0.0,0.0,0.0,0.0,0.0,0.0,0.1,0.0,0.0,0.0,0.0,0.0,False,50
DACT1,0.01,0,0,0,39.0,39.0,39.0,1.0,0.0,0.0,0.1,0.0,0.0,0.0,0.0,0.0,0.0,0.0,0.0,0.0,0.0,0.0,False,50
NECTIN4,0.01,0,0,0,39.0,39.0,39.0,1.0,0.9,0.0,0.0,0.0,0.0,0.0,0.0,0.0,0.1,0.0,0.0,0.0,0.0,0.9,False,50
PPP2R1B,0.01,0,0,0,39.0,39.0,39.0,1.0,0.0,0.0,0.0,0.0,0.0,0.0,0.0,0.1,0.0,0.0,0.0,0.0,0.0,0.0,False,50
TRIM14,0.01,0,0,0,39.0,39.0,39.0,1.0,0.0,0.0,0.0,0.0,0.0,0.1,0.0,0.0,0.0,0.0,0.0,0.0,0.0,0.0,False,50
USP46-AS1,0.01,0,0,0,39.0,39.0,39.0,0.0,0.0,0.0,0.0,0.0,0.1,0.0,0.0,0.0,0.0,0.0,0.0,0.0,0.1,0.0,False,50
ZNF184,0.01,0,0,0,39.0,39.0,39.0,1.0,0.0,0.0,0.1,0.0,0.0,0.0,0.0,0.0,0.0,0.0,0.0,0.0,0.0,0.0,False,50
CENPK,0.01,0,0,0,40.0,40.0,40.0,1.0,0.0,0.0,0.0,0.0,0.0,0.0,0.0,0.1,0.0,0.0,0.0,0.0,0.0,0.0,False,50
CHAMP1,0.01,0,0,0,40.0,40.0,40.0,0.0,0.0,0.0,0.0,0.0,0.0,0.1,0.0,0.0,0.0,0.0,0.0,0.0,0.0,0.0,False,50
CSMD2-AS1,0.01,0,0,0,40.0,40.0,40.0,0.0,0.0,0.1,0.0,0.0,0.0,0.0,0.0,0.0,0.0,0.0,0.0,0.0,0.0,0.0,False,50
DIRAS3,0.01,0,0,0,40.0,40.0,40.0,,0.0,0.0,0.0,0.1,0.0,0.0,0.0,0.0,0.0,0.0,0.0,0.0,0.0,0.0,False,50
LHFPL1,0.01,0,0,0,40.0,40.0,40.0,0.0,0.0,0.1,0.0,0.0,0.0,0.0,0.0,0.0,0.0,0.0,0.0,0.0,0.0,0.0,False,50
LINC00271,0.01,0,0,0,40.0,40.0,40.0,,0.0,0.0,0.0,0.1,0.0,0.0,0.0,0.0,0.0,0.0,0.0,0.0,0.0,0.0,False,50
LOC101930370,0.01,0,0,0,40.0,40.0,40.0,,0.0,0.0,0.0,0.1,0.0,0.0,0.0,0.0,0.0,0.0,0.0,0.0,0.0,0.0,False,50
MYO6,0.01,0,0,0,40.0,40.0,40.0,,0.0,0.0,0.0,0.1,0.0,0.0,0.0,0.0,0.0,0.0,0.0,0.0,0.0,0.0,False,50
SH3RF1,0.01,0,0,0,40.0,40.0,40.0,1.0,0.0,0.0,0.1,0.0,0.0,0.0,0.0,0.0,0.0,0.0,0.0,0.0,0.0,0.0,False,50
SLC12A9,0.01,0,0,0,40.0,40.0,40.0,,0.0,0.0,0.0,0.0,0.0,0.0,0.0,0.0,0.1,0.0,0.0,0.0,0.0,0.0,False,50
SLC1A5,0.01,0,0,0,40.0,40.0,40.0,1.0,0.0,0.0,0.1,0.0,0.0,0.0,0.0,0.0,0.0,0.0,0.0,0.0,0.0,0.0,False,50
SULF2,0.01,0,0,0,40.0,40.0,40.0,0.0,0.0,0.0,0.1,0.0,0.0,0.0,0.0,0.0,0.0,0.0,0.0,0.0,0.0,0.0,False,50
ZNF442,0.01,0,0,0,40.0,40.0,40.0,,0.0,0.0,0.0,0.1,0.0,0.0,0.0,0.0,0.0,0.0,0.0,0.0,0.0,0.0,False,50
APIP,0.01,0,0,0,41.0,41.0,41.0,,0.0,0.0,0.0,0.1,0.0,0.0,0.0,0.0,0.0,0.0,0.0,0.0,0.0,0.0,False,50
C4orf46,0.01,0,0,0,41.0,41.0,41.0,,0.0,0.0,0.0,0.1,0.0,0.0,0.0,0.0,0.0,0.0,0.0,0.0,0.0,0.0,False,50
COPZ2,0.01,0,0,0,41.0,41.0,41.0,1.0,0.0,0.0,0.0,0.0,0.0,0.0,0.0,0.1,0.0,0.0,0.0,0.0,0.0,0.0,False,50
NOVA1,0.01,0,0,0,41.0,41.0,41.0,1.0,0.0,0.0,0.1,0.0,0.0,0.0,0.0,0.0,0.0,0.0,0.0,0.0,0.0,0.0,False,50
P2RX4,0.01,0,0,0,41.0,41.0,41.0,1.0,0.0,0.0,0.0,0.0,0.0,0.1,0.0,0.0,0.0,0.0,0.0,0.0,0.0,0.0,False,50
RAB30-AS1,0.01,0,0,0,41.0,41.0,41.0,0.0,0.0,0.0,0.1,0.0,0.0,0.0,0.0,0.0,0.0,0.0,0.0,0.0,0.0,0.0,False,50
SPIN4,0.01,0,0,0,41.0,41.0,41.0,0.0,0.0,0.0,0.1,0.0,0.0,0.0,0.0,0.0,0.0,0.0,0.0,0.0,0.0,0.0,False,50
TTC1,0.01,0,0,0,41.0,41.0,41.0,,0.0,0.0,0.0,0.1,0.0,0.0,0.0,0.0,0.0,0.0,0.0,0.0,0.0,0.0,False,50
ZNF385B,0.01,0,0,0,41.0,41.0,41.0,,0.0,0.0,0.0,0.1,0.0,0.0,0.0,0.0,0.0,0.0,0.0,0.0,0.0,0.0,False,50
ALOX12P2,0.01,0,0,0,42.0,42.0,42.0,0.0,0.0,0.1,0.0,0.0,0.0,0.0,0.0,0.0,0.0,0.0,0.0,0.0,0.0,0.0,False,50
ANGPTL2,0.01,0,0,0,42.0,42.0,42.0,1.0,0.0,0.0,0.0,0.0,0.0,0.0,0.0,0.1,0.0,0.0,0.0,0.0,0.0,0.0,False,50
FRAS1,0.01,0,0,0,42.0,42.0,42.0,1.0,0.0,0.0,0.1,0.0,0.0,0.0,0.0,0.0,0.0,0.0,0.0,0.0,0.0,0.0,False,50
MAPKAPK2,0.01,0,0,0,42.0,42.0,42.0,,0.0,0.0,0.0,0.0,0.0,0.0,0.0,0.0,0.1,0.0,0.0,0.0,0.0,0.0,False,50
MOG,0.01,0,0,0,42.0,42.0,42.0,,0.0,0.0,0.0,0.1,0.0,0.0,0.0,0.0,0.0,0.0,0.0,0.0,0.0,0.0,False,50
NAIP,0.01,0,0,0,42.0,42.0,42.0,1.0,0.0,0.0,0.1,0.0,0.0,0.0,0.0,0.0,0.0,0.0,0.0,0.0,0.0,0.0,False,50
PDE1B,0.01,0,0,0,42.0,42.0,42.0,0.0,0.0,0.1,0.0,0.0,0.0,0.0,0.0,0.0,0.0,0.0,0.0,0.0,0.0,0.0,False,50
PEAR1,0.01,0,0,0,42.0,42.0,42.0,0.0,0.0,0.0,0.1,0.0,0.0,0.0,0.0,0.0,0.0,0.0,0.0,0.0,0.0,0.0,False,50
PLCH1-AS1,0.01,0,0,0,42.0,42.0,42.0,0.0,0.0,0.1,0.0,0.0,0.0,0.0,0.0,0.0,0.0,0.0,0.0,0.1,0.0,0.0,False,50
PSD4,0.01,0,0,0,42.0,42.0,42.0,1.0,0.0,0.0,0.0,0.0,0.0,0.0,0.0,0.1,0.0,0.0,0.0,0.0,0.0,0.0,False,50
RASSF6,0.01,0,0,0,42.0,42.0,42.0,0.0,0.0,0.0,0.1,0.0,0.0,0.0,0.0,0.0,0.0,0.0,0.0,0.0,0.0,0.0,False,50
STX18-AS1,0.01,0,0,0,42.0,42.0,42.0,,0.0,0.0,0.0,0.1,0.0,0.0,0.0,0.0,0.0,0.0,0.0,0.0,0.0,0.0,False,50
SUCLG1,0.01,0,0,0,42.0,42.0,42.0,0.0,0.0,0.0,0.1,0.0,0.0,0.0,0.0,0.0,0.0,0.0,0.0,0.0,0.0,0.0,False,50
TFAP2A,0.01,0,0,0,42.0,42.0,42.0,,0.0,0.0,0.0,0.0,0.0,0.0,0.1,0.0,0.0,0.0,0.0,0.0,0.0,0.0,False,50
UBA6,0.01,0,0,0,42.0,42.0,42.0,1.0,0.0,0.0,0.1,0.0,0.0,0.0,0.0,0.0,0.0,0.0,0.0,0.0,0.0,0.0,False,50
ARHGAP20,0.01,0,0,0,43.0,43.0,43.0,0.0,0.0,0.0,0.0,0.0,0.0,0.0,0.1,0.0,0.0,0.0,0.0,0.0,0.1,0.0,False,50
ATXN1,0.01,0,0,0,43.0,43.0,43.0,,0.0,0.0,0.0,0.1,0.0,0.0,0.0,0.0,0.0,0.0,0.0,0.0,0.0,0.0,False,50
CYP4F11,0.01,0,0,0,43.0,43.0,43.0,,0.0,0.0,0.0,0.1,0.0,0.0,0.0,0.0,0.0,0.0,0.0,0.0,0.0,0.0,False,50
ENPP5,0.01,0,0,0,43.0,43.0,43.0,1.0,0.0,0.0,0.0,0.0,0.0,0.1,0.0,0.0,0.0,0.0,0.0,0.0,0.0,0.0,False,50
HTR1E,0.01,0,0,0,43.0,43.0,43.0,0.0,0.0,0.1,0.0,0.0,0.0,0.0,0.0,0.0,0.0,0.0,0.0,0.0,0.0,0.0,False,50
LOC101929552,0.01,0,0,0,43.0,43.0,43.0,0.0,0.0,0.1,0.0,0.0,0.0,0.0,0.0,0.0,0.0,0.0,0.0,0.0,0.0,0.0,False,50
LRRC34,0.01,0,0,0,43.0,43.0,43.0,0.0,0.0,0.0,0.0,0.0,0.0,0.1,0.0,0.0,0.0,0.0,0.0,0.0,0.0,0.0,False,50
SEMA3A,0.01,0,0,0,43.0,43.0,43.0,0.0,0.0,0.0,0.0,0.0,0.1,0.0,0.0,0.0,0.0,0.0,0.0,0.0,0.0,0.0,False,50
SLAMF9,0.01,0,0,0,43.0,43.0,43.0,1.0,0.0,0.0,0.0,0.0,0.1,0.0,0.0,0.0,0.0,0.0,0.0,0.0,0.1,0.0,False,50
SPEM1,0.01,0,0,0,43.0,43.0,43.0,,0.0,0.0,0.0,0.1,0.0,0.0,0.0,0.0,0.0,0.0,0.0,0.0,0.0,0.0,False,50
TMEM108,0.01,0,0,0,43.0,43.0,43.0,,0.0,0.0,0.0,0.1,0.0,0.0,0.0,0.0,0.0,0.0,0.0,0.0,0.0,0.0,False,50
USP27X-AS1,0.01,0,0,0,43.0,43.0,43.0,,0.0,0.0,0.0,0.1,0.0,0.0,0.0,0.0,0.0,0.0,0.0,0.0,0.0,0.0,False,50
ZNF154,0.01,0,0,0,43.0,43.0,43.0,0.0,0.0,0.1,0.0,0.0,0.0,0.0,0.0,0.0,0.0,0.0,0.0,0.0,0.0,0.0,False,50
BTBD6,0.01,0,0,0,44.0,44.0,44.0,1.0,0.0,0.0,0.0,0.0,0.0,0.0,0.0,0.1,0.0,0.0,0.0,0.0,0.0,0.0,False,50
CFAP44,0.01,0,0,0,44.0,44.0,44.0,1.0,0.3,0.0,0.0,0.0,0.0,0.0,0.0,0.0,0.1,0.0,0.0,0.0,0.0,0.3,False,50
CLK2,0.01,0,0,0,44.0,44.0,44.0,,0.0,0.0,0.0,0.0,0.0,0.0,0.0,0.0,0.1,0.0,0.0,0.0,0.0,0.0,False,50
CRLF2,0.01,0,0,0,44.0,44.0,44.0,,0.0,0.0,0.0,0.1,0.0,0.0,0.0,0.0,0.0,0.0,0.0,0.0,0.0,0.0,False,50
CYMP,0.01,0,0,0,44.0,44.0,44.0,,0.0,0.0,0.0,0.1,0.0,0.0,0.0,0.0,0.0,0.0,0.0,0.0,0.0,0.0,False,50
GPR176,0.01,0,0,0,44.0,44.0,44.0,0.0,0.0,0.0,0.1,0.0,0.0,0.0,0.0,0.0,0.0,0.0,0.0,0.0,0.0,0.0,False,50
ISCU,0.01,0,0,0,44.0,44.0,44.0,1.0,0.0,0.0,0.0,0.0,0.0,0.0,0.0,0.1,0.0,0.0,0.0,0.0,0.0,0.0,False,50
KCTD1,0.01,0,0,0,44.0,44.0,44.0,,0.0,0.0,0.0,0.1,0.0,0.0,0.0,0.0,0.0,0.0,0.0,0.0,0.0,0.0,False,50
PATJ,0.01,0,0,0,44.0,44.0,44.0,1.0,0.0,0.1,0.0,0.0,0.0,0.0,0.0,0.0,0.0,0.0,0.0,0.0,0.0,0.0,False,50
SHTN1,0.01,0,0,0,44.0,44.0,44.0,1.0,0.0,0.0,0.1,0.0,0.0,0.0,0.0,0.0,0.0,0.0,0.0,0.0,0.0,0.0,False,50
SMARCC1,0.01,0,0,0,44.0,44.0,44.0,1.0,0.3,0.0,0.0,0.0,0.0,0.0,0.0,0.0,0.1,0.0,0.0,0.0,0.0,0.3,False,50
TMEM134,0.01,0,0,0,44.0,44.0,44.0,1.0,0.0,0.0,0.1,0.0,0.0,0.0,0.0,0.0,0.0,0.0,0.0,0.0,0.0,0.0,False,50
WDR63,0.01,0,0,0,44.0,44.0,44.0,0.0,0.0,0.1,0.0,0.0,0.0,0.0,0.0,0.0,0.0,0.0,0.0,0.0,0.0,0.0,False,50
WHSC1L1,0.01,0,0,0,44.0,44.0,44.0,,0.0,0.0,0.0,0.1,0.0,0.0,0.0,0.0,0.0,0.0,0.0,0.0,0.0,0.0,False,50
CRY2,0.01,0,0,0,45.0,45.0,45.0,1.0,0.0,0.0,0.1,0.0,0.0,0.0,0.0,0.0,0.0,0.0,0.0,0.0,0.0,0.0,False,50
CTSH,0.01,0,0,0,45.0,45.0,45.0,1.0,0.0,0.0,0.0,0.0,0.0,0.1,0.0,0.0,0.0,0.0,0.0,0.0,0.0,0.0,False,50
FSIP2,0.01,0,0,0,45.0,45.0,45.0,,0.0,0.0,0.0,0.1,0.0,0.0,0.0,0.0,0.0,0.0,0.0,0.0,0.0,0.0,False,50
IDH1-AS1,0.01,0,0,0,45.0,45.0,45.0,0.0,0.0,0.1,0.0,0.0,0.0,0.0,0.0,0.0,0.0,0.0,0.0,0.0,0.0,0.0,False,50
LOC101929210,0.01,0,0,0,45.0,45.0,45.0,0.0,0.0,0.1,0.0,0.0,0.0,0.0,0.0,0.0,0.0,0.0,0.0,0.1,0.0,0.0,False,50
MME,0.01,0,0,0,45.0,45.0,45.0,1.0,0.0,0.0,0.0,0.0,0.0,0.0,0.0,0.1,0.0,0.0,0.0,0.0,0.0,0.0,False,50
NDUFAF2,0.01,0,0,0,45.0,45.0,45.0,,0.0,0.0,0.0,0.1,0.0,0.0,0.0,0.0,0.0,0.0,0.0,0.0,0.0,0.0,False,50
PNMAL1,0.01,0,0,0,45.0,45.0,45.0,,0.0,0.0,0.0,0.1,0.0,0.0,0.0,0.0,0.0,0.0,0.0,0.0,0.0,0.0,False,50
PROM2,0.01,0,0,0,45.0,45.0,45.0,1.0,0.0,0.0,0.0,0.0,0.0,0.0,0.0,0.1,0.0,0.0,0.0,0.0,0.0,0.0,False,50
TAF4,0.01,0,0,0,45.0,45.0,45.0,0.0,0.0,0.0,0.1,0.0,0.0,0.0,0.0,0.0,0.0,0.0,0.0,0.0,0.0,0.0,False,50
YPEL5,0.01,0,0,0,45.0,45.0,45.0,,0.0,0.0,0.0,0.1,0.0,0.0,0.0,0.0,0.0,0.0,0.0,0.0,0.0,0.0,False,50
ZBTB7C,0.01,0,0,0,45.0,45.0,45.0,,0.0,0.0,0.0,0.1,0.0,0.0,0.0,0.0,0.0,0.0,0.0,0.0,0.0,0.0,False,50
ARR3,0.01,0,0,0,46.0,46.0,46.0,,0.0,0.0,0.0,0.1,0.0,0.0,0.0,0.0,0.0,0.0,0.0,0.0,0.0,0.0,False,50
ATP6,0.01,0,0,0,46.0,46.0,46.0,,0.0,0.0,0.0,0.1,0.0,0.0,0.0,0.0,0.0,0.0,0.0,0.0,0.0,0.0,False,50
DPF1,0.01,0,0,0,46.0,46.0,46.0,0.0,0.0,0.1,0.0,0.0,0.0,0.0,0.0,0.0,0.0,0.0,0.0,0.0,0.0,0.0,False,50
FAM129B,0.01,0,0,0,46.0,46.0,46.0,,0.0,0.0,0.0,0.0,0.0,0.0,0.0,0.0,0.1,0.0,0.0,0.0,0.0,0.0,False,50
FBXO40,0.01,0,0,0,46.0,46.0,46.0,0.0,0.0,0.1,0.0,0.0,0.0,0.0,0.0,0.0,0.0,0.0,0.0,0.0,0.0,0.0,False,50
FRY-AS1,0.01,0,0,0,46.0,46.0,46.0,,0.0,0.0,0.0,0.1,0.0,0.0,0.0,0.0,0.0,0.0,0.0,0.0,0.0,0.0,False,50
GINS2,0.01,0,0,0,46.0,46.0,46.0,1.0,0.0,0.0,0.0,0.0,0.0,0.0,0.0,0.1,0.0,0.0,0.0,0.0,0.0,0.0,False,50
HN1,0.01,0,0,0,46.0,46.0,46.0,,0.0,0.0,0.0,0.0,0.0,0.0,0.0,0.0,0.1,0.0,0.0,0.0,0.0,0.0,False,50
MAP6,0.01,0,0,0,46.0,46.0,46.0,0.0,0.0,0.1,0.0,0.0,0.0,0.0,0.0,0.0,0.0,0.0,0.0,0.0,0.0,0.0,False,50
PARVA,0.01,0,0,0,46.0,46.0,46.0,1.0,0.0,0.0,0.0,0.0,0.0,0.0,0.0,0.1,0.0,0.0,0.0,0.0,0.0,0.0,False,50
PMS2P5,0.01,0,0,0,46.0,46.0,46.0,1.0,0.0,0.0,0.1,0.0,0.0,0.0,0.0,0.0,0.0,0.0,0.0,0.0,0.0,0.0,False,50
RFX6,0.01,0,0,0,46.0,46.0,46.0,1.0,0.0,0.0,0.0,0.0,0.1,0.0,0.0,0.0,0.0,0.0,0.0,0.0,0.0,0.0,False,50
TADA1,0.01,0,0,0,46.0,46.0,46.0,1.0,0.0,0.0,0.1,0.0,0.0,0.0,0.0,0.0,0.0,0.0,0.0,0.0,0.0,0.0,False,50
TBX2-AS1,0.01,0,0,0,46.0,46.0,46.0,1.0,0.0,0.0,0.1,0.0,0.0,0.0,0.0,0.0,0.0,0.0,0.0,0.0,0.0,0.0,False,50
ZNF692,0.01,0,0,0,46.0,46.0,46.0,1.0,0.2,0.0,0.0,0.0,0.0,0.0,0.0,0.1,0.0,0.0,0.0,0.0,0.0,0.2,False,50
AKAP9,0.01,0,0,0,47.0,47.0,47.0,,0.0,0.0,0.0,0.1,0.0,0.0,0.0,0.0,0.0,0.0,0.0,0.0,0.0,0.0,False,50
AMIGO1,0.01,0,0,0,47.0,47.0,47.0,,0.0,0.0,0.0,0.1,0.0,0.0,0.0,0.0,0.0,0.0,0.0,0.0,0.0,0.0,False,50
CCDC187,0.01,0,0,0,47.0,47.0,47.0,,0.0,0.0,0.0,0.1,0.0,0.0,0.0,0.0,0.0,0.0,0.0,0.0,0.0,0.0,False,50
CKMT2,0.01,0,0,0,47.0,47.0,47.0,,0.0,0.0,0.0,0.0,0.0,0.0,0.1,0.0,0.0,0.0,0.0,0.0,0.0,0.0,False,50
CLRN1,0.01,0,0,0,47.0,47.0,47.0,,0.0,0.0,0.0,0.1,0.0,0.0,0.0,0.0,0.0,0.0,0.0,0.0,0.0,0.0,False,50
CRYGB,0.01,0,0,0,47.0,47.0,47.0,0.0,0.0,0.1,0.0,0.0,0.0,0.0,0.0,0.0,0.0,0.0,0.0,0.0,0.0,0.0,False,50
GJB2,0.01,0,0,0,47.0,47.0,47.0,0.5,0.1,0.0,0.1,0.0,0.0,0.0,0.0,0.0,0.0,0.0,0.0,0.0,0.0,0.1,False,50
ITGA9-AS1,0.01,0,0,0,47.0,47.0,47.0,,0.0,0.0,0.0,0.1,0.0,0.0,0.0,0.0,0.0,0.0,0.0,0.0,0.0,0.0,False,50
LOXL1,0.01,0,0,0,47.0,47.0,47.0,0.0,0.0,0.0,0.1,0.0,0.0,0.0,0.0,0.0,0.0,0.0,0.0,0.0,0.0,0.0,False,50
MSI2,0.01,0,0,0,47.0,47.0,47.0,0.0,0.0,0.0,0.1,0.0,0.0,0.0,0.0,0.0,0.0,0.0,0.0,0.0,0.0,0.0,False,50
ND2,0.01,0,0,0,47.0,47.0,47.0,,0.0,0.0,0.0,0.1,0.0,0.0,0.0,0.0,0.0,0.0,0.0,0.0,0.0,0.0,False,50
NKAPL,0.01,0,0,0,47.0,47.0,47.0,,0.0,0.0,0.0,0.0,0.0,0.0,0.1,0.0,0.0,0.0,0.0,0.0,0.0,0.0,False,50
PDE3A,0.01,0,0,0,47.0,47.0,47.0,0.0,0.0,0.0,0.1,0.0,0.0,0.0,0.0,0.0,0.0,0.0,0.0,0.0,0.0,0.0,False,50
ZNF562,0.01,0,0,0,47.0,47.0,47.0,0.0,0.0,0.0,0.1,0.0,0.0,0.0,0.0,0.0,0.0,0.0,0.0,0.0,0.0,0.0,False,50
ZNF792,0.01,0,0,0,47.0,47.0,47.0,0.0,0.0,0.0,0.1,0.0,0.0,0.0,0.0,0.0,0.0,0.0,0.0,0.0,0.0,0.0,False,50
C11orf54,0.01,0,0,0,48.0,48.0,48.0,,0.0,0.0,0.0,0.1,0.0,0.0,0.0,0.0,0.0,0.0,0.0,0.0,0.0,0.0,False,50
C3orf52,0.01,0,0,0,48.0,48.0,48.0,1.0,0.1,0.0,0.0,0.0,0.0,0.0,0.0,0.0,0.1,0.0,0.0,0.0,0.0,0.1,False,50
CCDC22,0.01,0,0,0,48.0,48.0,48.0,,0.0,0.0,0.0,0.1,0.0,0.0,0.0,0.0,0.0,0.0,0.0,0.0,0.0,0.0,False,50
DGAT2,0.01,0,0,0,48.0,48.0,48.0,1.0,0.0,0.0,0.1,0.0,0.0,0.0,0.0,0.0,0.0,0.0,0.0,0.0,0.0,0.0,False,50
EPB41L1,0.01,0,0,0,48.0,48.0,48.0,0.0,0.0,0.0,0.0,0.0,0.0,0.1,0.0,0.0,0.0,0.0,0.0,0.0,0.0,0.0,False,50
GUCA1A,0.01,0,0,0,48.0,48.0,48.0,,0.0,0.0,0.0,0.1,0.0,0.0,0.0,0.0,0.0,0.0,0.0,0.0,0.0,0.0,False,50
MARK1,0.01,0,0,0,48.0,48.0,48.0,1.0,0.0,0.0,0.1,0.0,0.0,0.0,0.0,0.0,0.0,0.0,0.0,0.0,0.0,0.0,False,50
NAT10,0.01,0,0,0,48.0,48.0,48.0,,0.0,0.0,0.0,0.0,0.0,0.0,0.0,0.0,0.1,0.0,0.0,0.0,0.0,0.0,False,50
OTUB2,0.01,0,0,0,48.0,48.0,48.0,0.0,0.0,0.0,0.1,0.0,0.0,0.0,0.0,0.0,0.0,0.0,0.0,0.0,0.0,0.0,False,50
PPP1R1A,0.01,0,0,0,48.0,48.0,48.0,1.0,0.0,0.0,0.0,0.0,0.0,0.0,0.0,0.1,0.0,0.0,0.0,0.0,0.0,0.0,False,50
PRC1,0.01,0,0,0,48.0,48.0,48.0,1.0,0.7,0.0,0.0,0.0,0.0,0.0,0.0,0.0,0.1,0.0,0.0,0.0,0.0,0.7,False,50
PTGER3,0.01,0,0,0,48.0,48.0,48.0,1.0,0.0,0.0,0.0,0.0,0.0,0.0,0.0,0.1,0.0,0.0,0.0,0.0,0.0,0.0,False,50
SLC25A51,0.01,0,0,0,48.0,48.0,48.0,1.0,0.0,0.0,0.1,0.0,0.0,0.0,0.0,0.0,0.0,0.0,0.0,0.0,0.0,0.0,False,50
SLC29A3,0.01,0,0,0,48.0,48.0,48.0,,0.0,0.0,0.0,0.1,0.0,0.0,0.0,0.0,0.0,0.0,0.0,0.0,0.0,0.0,False,50
SPATA9,0.01,0,0,0,48.0,48.0,48.0,0.0,0.0,0.0,0.0,0.0,0.1,0.0,0.0,0.0,0.0,0.0,0.0,0.0,0.1,0.0,False,50
VAMP3,0.01,0,0,0,48.0,48.0,48.0,1.0,0.0,0.0,0.0,0.0,0.0,0.0,0.0,0.1,0.0,0.0,0.0,0.0,0.0,0.0,False,50
ATG4B,0.01,0,0,0,49.0,49.0,49.0,1.0,0.0,0.0,0.0,0.0,0.0,0.0,0.0,0.1,0.0,0.0,0.0,0.0,0.0,0.0,False,50
C10orf113,0.01,0,0,0,49.0,49.0,49.0,,0.0,0.0,0.0,0.1,0.0,0.0,0.0,0.0,0.0,0.0,0.0,0.0,0.0,0.0,False,50
C7orf57,0.01,0,0,0,49.0,49.0,49.0,0.0,0.0,0.1,0.0,0.0,0.0,0.0,0.0,0.0,0.0,0.0,0.0,0.0,0.0,0.0,False,50
CLEC4G,0.01,0,0,0,49.0,49.0,49.0,1.0,0.0,0.0,0.0,0.0,0.0,0.0,0.0,0.1,0.0,0.0,0.0,0.0,0.0,0.0,False,50
CORO2A,0.01,0,0,0,49.0,49.0,49.0,1.0,0.0,0.0,0.1,0.0,0.0,0.0,0.0,0.0,0.0,0.0,0.0,0.0,0.0,0.0,False,50
FFAR1,0.01,0,0,0,49.0,49.0,49.0,0.0,0.0,0.1,0.0,0.0,0.0,0.0,0.0,0.0,0.0,0.0,0.0,0.0,0.0,0.0,False,50
FOXN3,0.01,0,0,0,49.0,49.0,49.0,,0.0,0.0,0.0,0.0,0.0,0.0,0.0,0.0,0.1,0.0,0.0,0.0,0.0,0.0,False,50
GJD4,0.01,0,0,0,49.0,49.0,49.0,,0.0,0.0,0.0,0.1,0.0,0.0,0.0,0.0,0.0,0.0,0.0,0.0,0.0,0.0,False,50
GYPC,0.01,0,0,0,49.0,49.0,49.0,,0.0,0.0,0.0,0.0,0.0,0.0,0.0,0.0,0.1,0.0,0.0,0.0,0.0,0.0,False,50
IDH3A,0.01,0,0,0,49.0,49.0,49.0,,0.0,0.0,0.0,0.1,0.0,0.0,0.0,0.0,0.0,0.0,0.0,0.0,0.0,0.0,False,50
KIAA0101,0.01,0,0,0,49.0,49.0,49.0,,0.0,0.0,0.0,0.0,0.0,0.0,0.0,0.0,0.1,0.0,0.0,0.0,0.0,0.0,False,50
LAYN,0.01,0,0,0,49.0,49.0,49.0,1.0,0.0,0.0,0.1,0.0,0.0,0.0,0.0,0.0,0.0,0.0,0.0,0.0,0.0,0.0,False,50
LILRB5,0.01,0,0,0,49.0,49.0,49.0,0.0,0.0,0.0,0.0,0.0,0.1,0.0,0.0,0.0,0.0,0.0,0.0,0.0,0.0,0.0,False,50
LOC100652999,0.01,0,0,0,49.0,49.0,49.0,,0.0,0.0,0.0,0.1,0.0,0.0,0.0,0.0,0.0,0.0,0.0,0.0,0.0,0.0,False,50
LOC101927027,0.01,0,0,0,49.0,49.0,49.0,1.0,0.0,0.0,0.1,0.0,0.0,0.0,0.0,0.0,0.0,0.0,0.0,0.0,0.0,0.0,False,50
PREX2,0.01,0,0,0,49.0,49.0,49.0,1.0,0.0,0.0,0.0,0.0,0.0,0.0,0.0,0.1,0.0,0.0,0.0,0.0,0.0,0.0,False,50
PTCD3,0.01,0,0,0,49.0,49.0,49.0,1.0,0.0,0.0,0.1,0.0,0.0,0.0,0.0,0.0,0.0,0.0,0.0,0.0,0.0,0.0,False,50
RAP1GAP,0.01,0,0,0,49.0,49.0,49.0,1.0,0.4,0.0,0.0,0.0,0.0,0.0,0.0,0.0,0.1,0.0,0.0,0.0,0.0,0.4,False,50
SMIM3,0.01,0,0,0,49.0,49.0,49.0,1.0,0.0,0.0,0.0,0.0,0.0,0.0,0.0,0.1,0.0,0.0,0.0,0.0,0.0,0.0,False,50
SUGP2,0.01,0,0,0,49.0,49.0,49.0,,0.0,0.0,0.0,0.0,0.0,0.0,0.0,0.0,0.1,0.0,0.0,0.0,0.0,0.0,False,50
BEND3,0.01,0,0,0,50.0,50.0,50.0,1.0,0.0,0.0,0.0,0.0,0.0,0.0,0.0,0.1,0.0,0.0,0.0,0.0,0.0,0.0,False,50
BUB3,0.01,0,0,0,50.0,50.0,50.0,1.0,0.0,0.0,0.1,0.0,0.0,0.0,0.0,0.0,0.0,0.0,0.0,0.0,0.0,0.0,False,50
FKBP4,0.01,0,0,0,50.0,50.0,50.0,1.0,0.1,0.0,0.0,0.0,0.0,0.0,0.0,0.1,0.0,0.0,0.0,0.0,0.0,0.1,False,50
LINC00702,0.01,0,0,0,50.0,50.0,50.0,0.0,0.0,0.1,0.0,0.0,0.0,0.0,0.0,0.0,0.0,0.0,0.0,0.0,0.0,0.0,False,50
NLGN3,0.01,0,0,0,50.0,50.0,50.0,,0.0,0.0,0.0,0.1,0.0,0.0,0.0,0.0,0.0,0.0,0.0,0.0,0.0,0.0,False,50
PGPEP1,0.01,0,0,0,50.0,50.0,50.0,,0.0,0.0,0.0,0.1,0.0,0.0,0.0,0.0,0.0,0.0,0.0,0.0,0.0,0.0,False,50
PLXDC2,0.01,0,0,0,50.0,50.0,50.0,,0.0,0.0,0.0,0.1,0.0,0.0,0.0,0.0,0.0,0.0,0.0,0.0,0.0,0.0,False,50
ADIRF,0.0,0,0,0,,,,0.0,0.1,0.0,0.0,0.0,0.0,0.0,0.0,0.0,0.0,0.0,0.0,0.0,0.0,0.1,False,50
AKR1C1,0.0,0,0,0,,,,0.0,0.2,0.0,0.0,0.0,0.0,0.0,0.0,0.0,0.0,0.0,0.0,0.0,0.0,0.2,False,50
AKR1C3,0.0,0,0,0,,,,0.0,0.1,0.0,0.0,0.0,0.0,0.0,0.0,0.0,0.0,0.0,0.0,0.0,0.0,0.1,False,50
AKR1D1,0.0,0,0,0,,,,0.0,0.0,0.0,0.0,0.0,0.0,0.0,0.0,0.0,0.0,0.0,0.0,0.2,0.0,0.0,False,50
ANGPTL4,0.0,0,0,0,,,,0.0,0.1,0.0,0.0,0.0,0.0,0.0,0.0,0.0,0.0,0.0,0.0,0.0,0.0,0.1,False,50
AQP9,0.0,0,0,0,,,,1.0,0.0,0.0,0.0,0.0,0.0,0.0,0.0,0.0,0.0,0.0,0.0,0.0,0.1,0.0,False,50
ATP12A,0.0,0,0,0,,,,0.0,0.0,0.0,0.0,0.0,0.0,0.0,0.0,0.0,0.0,0.0,0.0,0.1,0.0,0.0,False,50
BAIAP2L1,0.0,0,0,0,,,,1.0,0.1,0.0,0.0,0.0,0.0,0.0,0.0,0.0,0.0,0.0,0.0,0.0,0.0,0.1,False,50
BICDL1,0.0,0,0,0,,,,1.0,0.1,0.0,0.0,0.0,0.0,0.0,0.0,0.0,0.0,0.0,0.0,0.0,0.0,0.1,False,50
BRMS1,0.0,0,0,0,,,,1.0,0.1,0.0,0.0,0.0,0.0,0.0,0.0,0.0,0.0,0.0,0.0,0.0,0.0,0.1,False,50
BTF3P12,0.0,0,0,0,,,,0.0,0.0,0.0,0.0,0.0,0.0,0.0,0.0,0.0,0.0,0.0,0.0,0.1,0.0,0.0,False,50
CD300LB,0.0,0,0,0,,,,1.0,0.0,0.0,0.0,0.0,0.0,0.0,0.0,0.0,0.0,0.0,0.0,0.0,0.1,0.0,False,50
CD36,0.0,0,0,0,,,,0.0,0.2,0.0,0.0,0.0,0.0,0.0,0.0,0.0,0.0,0.0,0.0,0.0,0.0,0.2,False,50
CDK1,0.0,0,0,0,,,,1.0,0.1,0.0,0.0,0.0,0.0,0.0,0.0,0.0,0.0,0.0,0.0,0.0,0.0,0.1,False,50
CEP55,0.0,0,0,0,,,,1.0,0.1,0.0,0.0,0.0,0.0,0.0,0.0,0.0,0.0,0.0,0.0,0.0,0.0,0.1,False,50
CFAP100,0.0,0,0,0,,,,0.0,0.0,0.0,0.0,0.0,0.0,0.0,0.0,0.0,0.0,0.0,0.0,0.1,0.0,0.0,False,50
CLDN7,0.0,0,0,0,,,,1.0,0.1,0.0,0.0,0.0,0.0,0.0,0.0,0.0,0.0,0.0,0.0,0.0,0.0,0.1,False,50
DCSTAMP,0.0,0,0,0,,,,1.0,0.0,0.0,0.0,0.0,0.0,0.0,0.0,0.0,0.0,0.0,0.0,0.0,0.1,0.0,False,50
DLGAP5,0.0,0,0,0,,,,1.0,0.1,0.0,0.0,0.0,0.0,0.0,0.0,0.0,0.0,0.0,0.0,0.0,0.0,0.1,False,50
DMRT3,0.0,0,0,0,,,,0.0,0.0,0.0,0.0,0.0,0.0,0.0,0.0,0.0,0.0,0.0,0.0,0.1,0.0,0.0,False,50
DNASE1L3,0.0,0,0,0,,,,0.0,0.1,0.0,0.0,0.0,0.0,0.0,0.0,0.0,0.0,0.0,0.0,0.0,0.0,0.1,False,50
DPP3,0.0,0,0,0,,,,1.0,0.2,0.0,0.0,0.0,0.0,0.0,0.0,0.0,0.0,0.0,0.0,0.0,0.0,0.2,False,50
EBF2,0.0,0,0,0,,,,0.0,0.0,0.0,0.0,0.0,0.0,0.0,0.0,0.0,0.0,0.0,0.0,0.1,0.0,0.0,False,50
EIF3C,0.0,0,0,0,,,,1.0,0.5,0.0,0.0,0.0,0.0,0.0,0.0,0.0,0.0,0.0,0.0,0.0,0.0,0.5,False,50
ELMO3,0.0,0,0,0,,,,1.0,0.1,0.0,0.0,0.0,0.0,0.0,0.0,0.0,0.0,0.0,0.0,0.0,0.0,0.1,False,50
EXOC7,0.0,0,0,0,,,,1.0,0.2,0.0,0.0,0.0,0.0,0.0,0.0,0.0,0.0,0.0,0.0,0.0,0.0,0.2,False,50
F2,0.0,0,0,0,,,,0.0,0.0,0.0,0.0,0.0,0.0,0.0,0.0,0.0,0.0,0.0,0.0,0.1,0.0,0.0,False,50
FABP5,0.0,0,0,0,,,,0.0,0.2,0.0,0.0,0.0,0.0,0.0,0.0,0.0,0.0,0.0,0.0,0.0,0.0,0.2,False,50
FAM166B,0.0,0,0,0,,,,0.0,0.0,0.0,0.0,0.0,0.0,0.0,0.0,0.0,0.0,0.0,0.0,0.1,0.0,0.0,False,50
FBXL16,0.0,0,0,0,,,,1.0,0.9,0.0,0.0,0.0,0.0,0.0,0.0,0.0,0.0,0.0,0.0,0.0,0.0,0.9,False,50
FGFR3,0.0,0,0,0,,,,1.0,0.4,0.0,0.0,0.0,0.0,0.0,0.0,0.0,0.0,0.0,0.0,0.0,0.0,0.4,False,50
FOXA1,0.0,0,0,0,,,,1.0,0.2,0.0,0.0,0.0,0.0,0.0,0.0,0.0,0.0,0.0,0.0,0.0,0.0,0.2,False,50
FOXO6,0.0,0,0,0,,,,1.0,0.1,0.0,0.0,0.0,0.0,0.0,0.0,0.0,0.0,0.0,0.0,0.0,0.0,0.1,False,50
GALNT6,0.0,0,0,0,,,,1.0,0.2,0.0,0.0,0.0,0.0,0.0,0.0,0.0,0.0,0.0,0.0,0.0,0.0,0.2,False,50
GFRA2,0.0,0,0,0,,,,0.0,0.0,0.0,0.0,0.0,0.0,0.0,0.0,0.0,0.0,0.0,0.0,0.2,0.0,0.0,False,50
GSTM5,0.0,0,0,0,,,,0.0,0.0,0.0,0.0,0.0,0.0,0.0,0.0,0.0,0.0,0.0,0.0,0.1,0.0,0.0,False,50
HS3ST2,0.0,0,0,0,,,,1.0,0.0,0.0,0.0,0.0,0.0,0.0,0.0,0.0,0.0,0.0,0.0,0.0,0.1,0.0,False,50
HS6ST1,0.0,0,0,0,,,,1.0,0.5,0.0,0.0,0.0,0.0,0.0,0.0,0.0,0.0,0.0,0.0,0.0,0.0,0.5,False,50
IGSF9,0.0,0,0,0,,,,1.0,0.5,0.0,0.0,0.0,0.0,0.0,0.0,0.0,0.0,0.0,0.0,0.0,0.0,0.5,False,50
IQGAP3,0.0,0,0,0,,,,1.0,0.2,0.0,0.0,0.0,0.0,0.0,0.0,0.0,0.0,0.0,0.0,0.0,0.0,0.2,False,50
KIF11,0.0,0,0,0,,,,1.0,0.1,0.0,0.0,0.0,0.0,0.0,0.0,0.0,0.0,0.0,0.0,0.0,0.0,0.1,False,50
KIF18B,0.0,0,0,0,,,,1.0,0.1,0.0,0.0,0.0,0.0,0.0,0.0,0.0,0.0,0.0,0.0,0.0,0.0,0.1,False,50
KIF2C,0.0,0,0,0,,,,1.0,0.2,0.0,0.0,0.0,0.0,0.0,0.0,0.0,0.0,0.0,0.0,0.0,0.0,0.2,False,50
KRT76,0.0,0,0,0,,,,0.0,0.0,0.0,0.0,0.0,0.0,0.0,0.0,0.0,0.0,0.0,0.0,0.1,0.0,0.0,False,50
LAMA5,0.0,0,0,0,,,,1.0,0.3,0.0,0.0,0.0,0.0,0.0,0.0,0.0,0.0,0.0,0.0,0.0,0.0,0.3,False,50
LDB2,0.0,0,0,0,,,,0.0,0.1,0.0,0.0,0.0,0.0,0.0,0.0,0.0,0.0,0.0,0.0,0.0,0.0,0.1,False,50
LINC00900,0.0,0,0,0,,,,1.0,0.0,0.0,0.0,0.0,0.0,0.0,0.0,0.0,0.0,0.0,0.0,0.0,0.1,0.0,False,50
LINC01029,0.0,0,0,0,,,,0.0,0.0,0.0,0.0,0.0,0.0,0.0,0.0,0.0,0.0,0.0,0.0,0.1,0.0,0.0,False,50
LOC100132735,0.0,0,0,0,,,,0.0,0.0,0.0,0.0,0.0,0.0,0.0,0.0,0.0,0.0,0.0,0.0,0.1,0.0,0.0,False,50
LOC100507336,0.0,0,0,0,,,,0.0,0.0,0.0,0.0,0.0,0.0,0.0,0.0,0.0,0.0,0.0,0.0,0.1,0.0,0.0,False,50
LOC101927734,0.0,0,0,0,,,,0.0,0.0,0.0,0.0,0.0,0.0,0.0,0.0,0.0,0.0,0.0,0.0,0.1,0.0,0.0,False,50
LOC101928111,0.0,0,0,0,,,,0.0,0.0,0.0,0.0,0.0,0.0,0.0,0.0,0.0,0.0,0.0,0.0,0.0,0.1,0.0,False,50
LOC101928429,0.0,0,0,0,,,,1.0,0.0,0.0,0.0,0.0,0.0,0.0,0.0,0.0,0.0,0.0,0.0,0.0,0.1,0.0,False,50
LOC101928716,0.0,0,0,0,,,,1.0,0.0,0.0,0.0,0.0,0.0,0.0,0.0,0.0,0.0,0.0,0.0,0.0,0.1,0.0,False,50
LOC101929241,0.0,0,0,0,,,,0.0,0.0,0.0,0.0,0.0,0.0,0.0,0.0,0.0,0.0,0.0,0.0,0.1,0.0,0.0,False,50
LOC284080,0.0,0,0,0,,,,0.0,0.0,0.0,0.0,0.0,0.0,0.0,0.0,0.0,0.0,0.0,0.0,0.1,0.0,0.0,False,50
LOC647115,0.0,0,0,0,,,,0.0,0.0,0.0,0.0,0.0,0.0,0.0,0.0,0.0,0.0,0.0,0.0,0.0,0.1,0.0,False,50
LRRC8E,0.0,0,0,0,,,,1.0,0.2,0.0,0.0,0.0,0.0,0.0,0.0,0.0,0.0,0.0,0.0,0.0,0.0,0.2,False,50
MTUS2,0.0,0,0,0,,,,1.0,0.0,0.0,0.0,0.0,0.0,0.0,0.0,0.0,0.0,0.0,0.0,0.0,0.1,0.0,False,50
MYOM1,0.0,0,0,0,,,,0.0,0.0,0.0,0.0,0.0,0.0,0.0,0.0,0.0,0.0,0.0,0.0,0.0,0.1,0.0,False,50
NEUROG2,0.0,0,0,0,,,,0.0,0.0,0.0,0.0,0.0,0.0,0.0,0.0,0.0,0.0,0.0,0.0,0.1,0.0,0.0,False,50
NUF2,0.0,0,0,0,,,,1.0,0.1,0.0,0.0,0.0,0.0,0.0,0.0,0.0,0.0,0.0,0.0,0.0,0.0,0.1,False,50
NUP210,0.0,0,0,0,,,,1.0,0.2,0.0,0.0,0.0,0.0,0.0,0.0,0.0,0.0,0.0,0.0,0.0,0.0,0.2,False,50
ODF2,0.0,0,0,0,,,,1.0,0.1,0.0,0.0,0.0,0.0,0.0,0.0,0.0,0.0,0.0,0.0,0.0,0.0,0.1,False,50
PAGR1,0.0,0,0,0,,,,1.0,0.1,0.0,0.0,0.0,0.0,0.0,0.0,0.0,0.0,0.0,0.0,0.0,0.0,0.1,False,50
PBK,0.0,0,0,0,,,,1.0,0.1,0.0,0.0,0.0,0.0,0.0,0.0,0.0,0.0,0.0,0.0,0.0,0.0,0.1,False,50
PCDHGA9,0.0,0,0,0,,,,0.0,0.0,0.0,0.0,0.0,0.0,0.0,0.0,0.0,0.0,0.0,0.0,0.2,0.0,0.0,False,50
PDCD6,0.0,0,0,0,,,,1.0,0.2,0.0,0.0,0.0,0.0,0.0,0.0,0.0,0.0,0.0,0.0,0.0,0.0,0.2,False,50
PDE2A,0.0,0,0,0,,,,0.0,0.0,0.0,0.0,0.0,0.0,0.0,0.0,0.0,0.0,0.0,0.0,0.1,0.0,0.0,False,50
PFKFB4,0.0,0,0,0,,,,1.0,0.1,0.0,0.0,0.0,0.0,0.0,0.0,0.0,0.0,0.0,0.0,0.0,0.0,0.1,False,50
PILRA,0.0,0,0,0,,,,1.0,0.0,0.0,0.0,0.0,0.0,0.0,0.0,0.0,0.0,0.0,0.0,0.0,0.1,0.0,False,50
PLCL2,0.0,0,0,0,,,,0.0,0.2,0.0,0.0,0.0,0.0,0.0,0.0,0.0,0.0,0.0,0.0,0.0,0.0,0.2,False,50
PRRC2C,0.0,0,0,0,,,,1.0,0.1,0.0,0.0,0.0,0.0,0.0,0.0,0.0,0.0,0.0,0.0,0.0,0.0,0.1,False,50
PTBP1,0.0,0,0,0,,,,1.0,0.2,0.0,0.0,0.0,0.0,0.0,0.0,0.0,0.0,0.0,0.0,0.0,0.0,0.2,False,50
PTHLH,0.0,0,0,0,,,,0.0,0.0,0.0,0.0,0.0,0.0,0.0,0.0,0.0,0.0,0.0,0.0,0.1,0.0,0.0,False,50
RAB26,0.0,0,0,0,,,,1.0,0.2,0.0,0.0,0.0,0.0,0.0,0.0,0.0,0.0,0.0,0.0,0.0,0.0,0.2,False,50
RACGAP1,0.0,0,0,0,,,,1.0,0.1,0.0,0.0,0.0,0.0,0.0,0.0,0.0,0.0,0.0,0.0,0.0,0.0,0.1,False,50
RECQL4,0.0,0,0,0,,,,1.0,0.1,0.0,0.0,0.0,0.0,0.0,0.0,0.0,0.0,0.0,0.0,0.0,0.0,0.1,False,50
RGL2,0.0,0,0,0,,,,1.0,0.1,0.0,0.0,0.0,0.0,0.0,0.0,0.0,0.0,0.0,0.0,0.0,0.0,0.1,False,50
RSPH1,0.0,0,0,0,,,,1.0,0.3,0.0,0.0,0.0,0.0,0.0,0.0,0.0,0.0,0.0,0.0,0.0,0.0,0.3,False,50
S100A14,0.0,0,0,0,,,,1.0,0.4,0.0,0.0,0.0,0.0,0.0,0.0,0.0,0.0,0.0,0.0,0.0,0.0,0.4,False,50
S100P,0.0,0,0,0,,,,1.0,0.3,0.0,0.0,0.0,0.0,0.0,0.0,0.0,0.0,0.0,0.0,0.0,0.0,0.3,False,50
SAPCD2,0.0,0,0,0,,,,1.0,0.5,0.0,0.0,0.0,0.0,0.0,0.0,0.0,0.0,0.0,0.0,0.0,0.0,0.5,False,50
SDPR,0.0,0,0,0,,,,0.0,0.1,0.0,0.0,0.0,0.0,0.0,0.0,0.0,0.0,0.0,0.0,0.0,0.0,0.1,False,50
SERINC2,0.0,0,0,0,,,,1.0,0.3,0.0,0.0,0.0,0.0,0.0,0.0,0.0,0.0,0.0,0.0,0.0,0.0,0.3,False,50
SIPA1L3,0.0,0,0,0,,,,1.0,0.0,0.0,0.0,0.0,0.0,0.0,0.0,0.0,0.0,0.0,0.0,0.1,0.0,0.0,False,50
SLC16A10,0.0,0,0,0,,,,1.0,0.0,0.0,0.0,0.0,0.0,0.0,0.0,0.0,0.0,0.0,0.0,0.0,0.1,0.0,False,50
SLC26A6,0.0,0,0,0,,,,1.0,0.1,0.0,0.0,0.0,0.0,0.0,0.0,0.0,0.0,0.0,0.0,0.0,0.0,0.1,False,50
SNHG24,0.0,0,0,0,,,,0.0,0.0,0.0,0.0,0.0,0.0,0.0,0.0,0.0,0.0,0.0,0.0,0.2,0.0,0.0,False,50
SNORA74A,0.0,0,0,0,,,,0.0,0.0,0.0,0.0,0.0,0.0,0.0,0.0,0.0,0.0,0.0,0.0,0.1,0.0,0.0,False,50
SPG20-AS1,0.0,0,0,0,,,,0.0,0.0,0.0,0.0,0.0,0.0,0.0,0.0,0.0,0.0,0.0,0.0,0.1,0.0,0.0,False,50
SPX,0.0,0,0,0,,,,0.0,0.0,0.0,0.0,0.0,0.0,0.0,0.0,0.0,0.0,0.0,0.0,0.0,0.1,0.0,False,50
STBD1,0.0,0,0,0,,,,0.0,0.0,0.0,0.0,0.0,0.0,0.0,0.0,0.0,0.0,0.0,0.0,0.1,0.0,0.0,False,50
SYTL1,0.0,0,0,0,,,,1.0,0.1,0.0,0.0,0.0,0.0,0.0,0.0,0.0,0.0,0.0,0.0,0.0,0.0,0.1,False,50
TPX2,0.0,0,0,0,,,,1.0,0.1,0.0,0.0,0.0,0.0,0.0,0.0,0.0,0.0,0.0,0.0,0.0,0.0,0.1,False,50
TRPS1,0.0,0,0,0,,,,1.0,0.1,0.0,0.0,0.0,0.0,0.0,0.0,0.0,0.0,0.0,0.0,0.0,0.0,0.1,False,50
UBE2T,0.0,0,0,0,,,,1.0,0.2,0.0,0.0,0.0,0.0,0.0,0.0,0.0,0.0,0.0,0.0,0.0,0.0,0.2,False,50
WDR54,0.0,0,0,0,,,,1.0,0.1,0.0,0.0,0.0,0.0,0.0,0.0,0.0,0.0,0.0,0.0,0.0,0.0,0.1,False,50
WDR90,0.0,0,0,0,,,,1.0,0.7,0.0,0.0,0.0,0.0,0.0,0.0,0.0,0.0,0.0,0.0,0.0,0.0,0.7,False,50
ZBTB42,0.0,0,0,0,,,,1.0,0.5,0.0,0.0,0.0,0.0,0.0,0.0,0.0,0.0,0.0,0.0,0.0,0.0,0.5,False,50
