gene,mean_selection_frequency,n_pipelines_ge50,n_models_ge50,n_explainers_ge50,median_rank,best_rank,mean_rank,frac_signed_positive,ttest_frequency,freq:logreg|coef,freq:logreg|shap,freq:logreg|perm,freq:svm|coef,freq:svm|shap,freq:svm|perm,freq:rf|shap,freq:rf|perm,freq:xgb|shap,freq:xgb|perm,freq:logreg_C0.1|coef,freq:logreg_C100|coef,freq:ttest|ttest,consensus,k
DKFZp779M0652,0.48100000000000004,5,2,3,4.0,1.0,6.076923076923077,0.17570093457943925,0.0,0.73,0.69,0.28,1.0,1.0,1.0,0.03,0.01,0.03,0.04,0.94,0.93,0.0,True,25
ABHD1,0.40199999999999997,3,2,2,9.0,1.0,10.039800995024876,0.19414893617021275,0.0,0.81,0.37,0.23,0.71,0.03,0.84,0.13,0.16,0.37,0.37,0.64,0.7,0.0,False,25
LYVE1,0.38899999999999996,4,2,3,8.0,1.0,8.866323907455012,0.11991434689507495,0.0,0.71,0.23,0.13,1.0,0.82,1.0,0.0,0.0,0.0,0.0,0.92,0.99,0.0,False,25
MMP28,0.372,2,2,1,11.5,1.0,12.317204301075268,0.49063670411985016,0.0,0.39,0.67,0.02,0.1,0.59,0.38,0.32,0.41,0.41,0.43,0.04,0.15,0.0,False,25
DMGDH,0.356,4,2,3,10.0,1.0,11.202247191011235,0.31970260223048325,0.0,0.18,0.0,0.01,0.79,0.18,0.87,0.23,0.19,0.55,0.56,0.01,0.75,0.0,False,25
FLVCR1,0.31999999999999995,4,2,2,3.0,1.0,5.496875,0.9533678756476683,0.3,0.01,0.11,0.0,0.0,0.0,0.0,0.53,0.59,0.98,0.98,0.0,0.0,0.3,False,25
NIPSNAP3B,0.31899999999999995,2,1,2,9.0,1.0,10.266457680250785,0.10818713450292397,0.0,0.45,0.02,0.05,1.0,0.39,1.0,0.09,0.05,0.07,0.07,0.4,1.0,0.0,False,25
RAE1,0.31,4,2,2,4.0,1.0,6.329032258064516,1.0,0.03,0.0,0.0,0.0,0.0,0.0,0.0,0.64,0.64,0.91,0.91,0.0,0.0,0.03,False,25
HSPB6,0.309,4,2,3,11.0,1.0,11.877022653721683,0.2238372093023256,0.0,0.69,0.75,0.06,0.28,0.57,0.52,0.04,0.04,0.07,0.07,0.66,0.38,0.0,False,25
LOC102723493,0.29699999999999993,2,1,2,13.0,1.0,13.461279461279462,0.13131313131313133,0.0,0.44,0.17,0.07,0.8,0.43,0.95,0.01,0.01,0.04,0.05,0.19,0.89,0.0,False,25
LOC284825,0.29300000000000004,1,1,1,13.0,1.0,12.501706484641637,0.36486486486486486,0.0,0.31,0.16,0.04,0.2,0.2,0.83,0.29,0.22,0.33,0.35,0.53,0.2,0.0,False,25
PQLC2L,0.259,3,1,3,15.0,4.0,14.725868725868725,0.1125,0.0,0.1,0.0,0.01,0.9,0.59,0.98,0.01,0.0,0.0,0.0,0.0,0.8,0.0,False,25
ZNRF2P1,0.236,3,2,3,3.0,1.0,5.389830508474576,0.8491379310344828,0.0,0.19,0.0,0.74,0.8,0.63,0.0,0.0,0.0,0.0,0.0,0.0,0.7,0.0,False,25
ABCD2,0.22999999999999998,2,1,2,14.0,1.0,14.7,0.48344370860927155,0.0,0.0,0.0,0.0,0.45,0.0,0.42,0.16,0.13,0.57,0.57,0.0,0.33,0.0,False,25
CELSR1,0.227,2,1,2,6.0,1.0,8.41409691629956,0.9300699300699301,0.2,0.0,0.16,0.0,0.0,0.0,0.0,0.29,0.27,0.78,0.77,0.0,0.0,0.2,False,25
SLC7A10,0.225,2,1,2,11.0,3.0,12.502222222222223,0.058333333333333334,0.0,0.05,0.02,0.05,0.91,0.29,0.93,0.0,0.0,0.0,0.0,0.24,0.89,0.0,False,25
LOC101927420,0.22399999999999992,2,1,2,10.0,1.0,11.46875,0.1888412017167382,0.0,0.19,0.24,0.26,0.69,0.77,0.07,0.0,0.0,0.01,0.01,0.01,0.42,0.0,False,25
STX11,0.22300000000000003,1,1,1,12.0,1.0,11.739910313901346,0.36496350364963503,0.0,0.19,0.08,0.01,0.2,0.2,0.9,0.11,0.1,0.22,0.22,0.17,0.2,0.0,False,25
DCAF12L2,0.219,2,2,2,2.0,1.0,4.799086757990867,0.9111111111111111,0.0,0.28,0.0,0.74,0.8,0.37,0.0,0.0,0.0,0.0,0.0,0.0,0.8,0.0,False,25
ALPI,0.20600000000000002,3,2,3,4.0,1.0,5.606796116504855,0.8564356435643564,0.0,0.08,0.0,0.64,0.8,0.54,0.0,0.0,0.0,0.0,0.0,0.0,0.6,0.0,False,25
PNMA2,0.198,3,2,3,6.0,1.0,8.353535353535353,0.8181818181818182,0.0,0.05,0.04,0.62,0.64,0.63,0.0,0.0,0.0,0.0,0.0,0.0,0.4,0.0,False,25
PAFAH1B3,0.197,2,1,2,8.0,1.0,9.949238578680204,0.988950276243094,0.79,0.0,0.02,0.0,0.0,0.0,0.0,0.4,0.35,0.6,0.6,0.0,0.0,0.79,False,25
TET3,0.189,1,1,1,7.0,1.0,9.915343915343914,1.0,0.9,0.0,0.0,0.0,0.0,0.0,0.0,0.44,0.44,0.49,0.52,0.0,0.0,0.9,False,25
CCDC85C,0.187,2,1,2,8.0,1.0,9.122994652406417,1.0,0.0,0.0,0.0,0.0,0.0,0.0,0.0,0.31,0.37,0.59,0.6,0.0,0.0,0.0,False,25
ANKRD10-IT1,0.187,2,1,2,8.0,1.0,9.909090909090908,0.7853403141361257,0.0,0.51,0.81,0.07,0.01,0.18,0.01,0.07,0.13,0.04,0.04,0.29,0.0,0.0,False,25
APOB,0.186,2,1,2,14.0,3.0,14.268817204301076,0.011494252873563218,0.0,0.0,0.0,0.01,0.9,0.05,0.9,0.0,0.0,0.0,0.0,0.0,0.79,0.0,False,25
SDC1,0.185,0,0,0,8.0,1.0,10.259459459459459,0.9728260869565217,0.86,0.01,0.07,0.0,0.0,0.0,0.0,0.44,0.42,0.46,0.45,0.0,0.0,0.86,False,25
INHBA,0.185,1,1,1,13.0,1.0,13.108108108108109,0.7352941176470589,0.06,0.13,0.62,0.0,0.0,0.03,0.0,0.24,0.3,0.27,0.26,0.01,0.0,0.06,False,25
C11orf70,0.18100000000000002,1,1,1,16.0,3.0,15.94475138121547,0.25824175824175827,0.0,0.17,0.11,0.03,0.36,0.67,0.31,0.03,0.03,0.05,0.05,0.0,0.43,0.0,False,25
PRKCZ,0.181,0,0,0,10.0,1.0,10.640883977900552,0.9705882352941176,0.2,0.06,0.07,0.0,0.08,0.13,0.14,0.28,0.24,0.41,0.4,0.0,0.13,0.2,False,25
ACADL,0.169,1,1,1,15.0,3.0,14.08284023668639,0.13333333333333333,0.0,0.28,0.18,0.02,0.2,0.19,0.76,0.0,0.0,0.03,0.03,0.28,0.19,0.0,False,25
DNMT1,0.168,2,1,2,9.0,1.0,10.773809523809524,0.98,0.14,0.0,0.03,0.0,0.0,0.0,0.0,0.27,0.26,0.56,0.56,0.0,0.0,0.14,False,25
PAQR4,0.166,0,0,0,10.0,1.0,10.831325301204819,0.9939393939393939,0.86,0.0,0.03,0.0,0.0,0.0,0.0,0.28,0.39,0.48,0.48,0.0,0.0,0.86,False,25
EPB42,0.16,2,1,2,17.0,8.0,16.9125,0.0,0.0,0.0,0.0,0.0,0.87,0.0,0.73,0.0,0.0,0.0,0.0,0.0,0.75,0.0,False,25
C22orf39,0.15599999999999997,0,0,0,9.5,1.0,10.653846153846153,0.9036144578313253,0.01,0.01,0.09,0.0,0.0,0.0,0.0,0.24,0.25,0.48,0.49,0.0,0.0,0.01,False,25
STIL,0.15199999999999997,0,0,0,10.0,1.0,11.05921052631579,0.9864864864864865,0.0,0.01,0.01,0.0,0.0,0.0,0.0,0.29,0.36,0.43,0.42,0.0,0.0,0.0,False,25
MYO16,0.14500000000000002,2,1,2,17.0,5.0,16.46206896551724,0.007194244604316547,0.0,0.0,0.0,0.0,0.8,0.0,0.63,0.01,0.01,0.0,0.0,0.0,0.58,0.0,False,25
NAALAD2,0.14100000000000001,1,1,1,18.0,7.0,17.22695035460993,0.07777777777777778,0.0,0.0,0.0,0.0,0.46,0.0,0.83,0.04,0.02,0.03,0.03,0.0,0.37,0.0,False,25
CCDC178,0.14,0,0,0,14.0,1.0,14.342857142857143,0.45454545454545453,0.0,0.16,0.34,0.0,0.0,0.03,0.14,0.24,0.34,0.07,0.08,0.37,0.0,0.0,False,25
ADCY6,0.13,1,1,1,10.0,1.0,10.507692307692308,0.3137254901960784,0.0,0.01,0.01,0.01,0.37,0.9,0.0,0.0,0.0,0.0,0.0,0.0,0.24,0.0,False,25
ESRP1,0.128,0,0,0,12.0,1.0,12.28125,1.0,0.0,0.01,0.0,0.0,0.01,0.01,0.06,0.32,0.45,0.21,0.21,0.0,0.02,0.0,False,25
LRRC15,0.122,0,0,0,14.0,1.0,13.737704918032787,0.8516129032258064,0.77,0.02,0.36,0.0,0.0,0.0,0.0,0.13,0.13,0.27,0.31,0.0,0.0,0.77,False,25
C15orf48,0.12000000000000002,1,1,1,8.0,1.0,10.125,0.6439393939393939,0.0,0.07,0.23,0.05,0.09,0.74,0.0,0.0,0.0,0.01,0.01,0.0,0.18,0.0,False,25
HSPB7,0.119,1,1,1,13.0,6.0,13.0,0.0196078431372549,0.0,0.01,0.0,0.0,0.2,0.0,0.97,0.01,0.0,0.0,0.0,0.0,0.29,0.0,False,25
TREM2,0.119,0,0,0,15.0,2.0,14.806722689075631,0.9174311926605505,0.0,0.0,0.0,0.49,0.47,0.23,0.0,0.0,0.0,0.0,0.0,0.0,0.39,0.0,False,25
CIDEA,0.11499999999999999,1,1,1,15.0,1.0,15.139130434782608,0.35384615384615387,0.0,0.06,0.01,0.0,0.06,0.02,0.61,0.09,0.06,0.12,0.12,0.11,0.18,0.0,False,25
VN1R3,0.11299999999999999,2,2,2,6.0,2.0,8.619469026548673,1.0,0.0,0.0,0.0,0.62,0.51,0.0,0.0,0.0,0.0,0.0,0.0,0.0,0.24,0.0,False,25
LRRC1,0.10999999999999999,0,0,0,14.0,1.0,12.872727272727273,1.0,0.0,0.0,0.0,0.0,0.0,0.0,0.0,0.35,0.35,0.2,0.2,0.0,0.0,0.0,False,25
CBX4,0.10599999999999998,0,0,0,11.0,1.0,11.877358490566039,0.9753086419753086,0.28,0.0,0.03,0.0,0.0,0.0,0.0,0.3,0.33,0.2,0.2,0.0,0.0,0.28,False,25
SLC46A2,0.10500000000000001,2,2,2,10.0,1.0,10.666666666666666,1.0,0.0,0.04,0.0,0.5,0.51,0.0,0.0,0.0,0.0,0.0,0.0,0.0,0.49,0.0,False,25
CDR1,0.101,1,1,1,6.0,1.0,8.544554455445544,0.0111731843575419,0.0,0.77,0.03,0.21,0.0,0.0,0.0,0.0,0.0,0.0,0.0,0.99,0.0,0.0,False,25
CLGN,0.099,1,1,1,4.0,1.0,6.292929292929293,0.5510204081632653,0.0,0.0,0.03,0.05,0.12,0.79,0.0,0.0,0.0,0.0,0.0,0.0,0.04,0.0,False,25
ARF1,0.099,0,0,0,13.0,1.0,13.383838383838384,1.0,0.0,0.0,0.0,0.0,0.0,0.0,0.0,0.14,0.13,0.36,0.36,0.0,0.0,0.0,False,25
DENND2A,0.09899999999999999,0,0,0,17.0,2.0,16.262626262626263,0.38372093023255816,0.0,0.11,0.3,0.0,0.0,0.25,0.13,0.06,0.14,0.0,0.0,0.12,0.02,0.0,False,25
DLG3,0.098,0,0,0,15.0,1.0,14.020408163265307,1.0,0.13,0.0,0.0,0.0,0.0,0.0,0.0,0.2,0.14,0.32,0.32,0.0,0.0,0.13,False,25
TMEM132C,0.097,0,0,0,13.0,1.0,13.855670103092784,0.49473684210526314,0.12,0.03,0.08,0.0,0.0,0.0,0.02,0.2,0.16,0.23,0.25,0.29,0.0,0.12,False,25
C8orf34,0.097,1,1,1,16.0,6.0,16.587628865979383,0.0,0.0,0.0,0.0,0.0,0.18,0.0,0.79,0.0,0.0,0.0,0.0,0.0,0.16,0.0,False,25
PFKFB1,0.095,1,1,1,17.0,5.0,16.778947368421054,0.0967741935483871,0.0,0.08,0.01,0.01,0.1,0.06,0.67,0.02,0.0,0.0,0.0,0.03,0.32,0.0,False,25
COL10A1,0.094,0,0,0,11.0,1.0,11.627659574468085,0.8571428571428571,0.86,0.0,0.29,0.0,0.0,0.03,0.0,0.16,0.21,0.13,0.12,0.0,0.0,0.86,False,25
IGSF10,0.08900000000000001,0,0,0,12.0,1.0,12.651685393258427,0.4036697247706422,0.0,0.06,0.24,0.0,0.0,0.0,0.01,0.12,0.12,0.17,0.17,0.5,0.0,0.0,False,25
C11orf80,0.089,0,0,0,15.0,1.0,15.03370786516854,0.9180327868852459,0.1,0.02,0.1,0.01,0.0,0.0,0.0,0.15,0.13,0.24,0.24,0.0,0.0,0.1,False,25
ATOH8,0.088,0,0,0,14.0,1.0,14.159090909090908,0.8222222222222222,0.0,0.01,0.05,0.0,0.0,0.0,0.0,0.15,0.25,0.21,0.21,0.03,0.0,0.0,False,25
LOC100506368,0.088,0,0,0,15.0,1.0,14.943181818181818,0.38235294117647056,0.0,0.06,0.07,0.0,0.08,0.18,0.13,0.11,0.09,0.08,0.08,0.05,0.05,0.0,False,25
SGK494,0.085,0,0,0,13.0,1.0,13.729411764705882,1.0,0.0,0.0,0.0,0.0,0.0,0.0,0.0,0.14,0.19,0.25,0.27,0.0,0.0,0.0,False,25
LOC102723886,0.08499999999999999,1,1,1,3.0,1.0,5.905882352941177,0.025477707006369428,0.0,0.66,0.07,0.1,0.0,0.0,0.0,0.0,0.0,0.01,0.01,0.83,0.0,0.0,False,25
TPPP3,0.08499999999999999,0,0,0,12.0,1.0,12.423529411764706,0.38823529411764707,0.0,0.09,0.36,0.02,0.01,0.37,0.0,0.0,0.0,0.0,0.0,0.01,0.01,0.0,False,25
HEPACAM2,0.082,0,0,0,13.0,3.0,13.817073170731707,0.7,0.0,0.0,0.0,0.28,0.22,0.32,0.0,0.0,0.0,0.0,0.0,0.0,0.06,0.0,False,25
PSRC1,0.07899999999999999,0,0,0,11.0,1.0,12.253164556962025,1.0,0.15,0.0,0.0,0.0,0.0,0.0,0.0,0.17,0.19,0.21,0.22,0.0,0.0,0.15,False,25
ADAR,0.077,0,0,0,10.0,3.0,11.96103896103896,1.0,0.41,0.0,0.0,0.0,0.0,0.0,0.0,0.22,0.17,0.19,0.19,0.0,0.0,0.41,False,25
FABP4,0.076,0,0,0,9.5,1.0,11.289473684210526,0.6551724137931034,0.2,0.0,0.0,0.0,0.0,0.0,0.0,0.21,0.21,0.17,0.17,0.0,0.0,0.2,False,25
CCNE2,0.076,0,0,0,10.0,1.0,11.605263157894736,0.9152542372881356,0.16,0.0,0.08,0.0,0.0,0.0,0.0,0.13,0.11,0.22,0.22,0.0,0.0,0.16,False,25
MMP11,0.075,0,0,0,13.0,1.0,12.693333333333333,0.9913793103448276,0.78,0.0,0.02,0.0,0.0,0.0,0.0,0.14,0.15,0.22,0.22,0.0,0.0,0.78,False,25
TMOD1,0.074,0,0,0,17.5,6.0,17.675675675675677,0.3132530120481928,0.0,0.04,0.04,0.0,0.11,0.45,0.1,0.0,0.0,0.0,0.0,0.0,0.19,0.0,False,25
CYB561,0.072,0,0,0,10.0,1.0,12.055555555555555,1.0,0.03,0.0,0.0,0.0,0.0,0.0,0.0,0.16,0.09,0.24,0.23,0.0,0.0,0.03,False,25
ARRDC1,0.072,0,0,0,15.0,2.0,13.88888888888889,1.0,0.0,0.0,0.0,0.0,0.0,0.0,0.0,0.06,0.05,0.31,0.3,0.0,0.0,0.0,False,25
LIMK2,0.071,0,0,0,15.0,1.0,14.253521126760564,1.0,0.03,0.0,0.0,0.0,0.0,0.0,0.0,0.1,0.11,0.26,0.24,0.0,0.0,0.03,False,25
LINC00471,0.06999999999999999,0,0,0,8.0,2.0,9.571428571428571,1.0,0.0,0.01,0.0,0.49,0.2,0.0,0.0,0.0,0.0,0.0,0.0,0.0,0.12,0.0,False,25
LOC105378828,0.067,1,1,1,19.0,8.0,17.402985074626866,0.0,0.0,0.03,0.0,0.0,0.12,0.0,0.52,0.0,0.0,0.0,0.0,0.0,0.21,0.0,False,25
MICAL2,0.06600000000000002,0,0,0,11.5,2.0,12.43939393939394,0.9393939393939394,0.0,0.02,0.04,0.0,0.0,0.0,0.0,0.21,0.27,0.06,0.06,0.0,0.0,0.0,False,25
CPS1,0.06599999999999999,1,1,1,11.0,1.0,12.106060606060606,0.5373134328358209,0.0,0.01,0.07,0.0,0.0,0.58,0.0,0.0,0.0,0.0,0.0,0.0,0.01,0.0,False,25
CKAP4,0.06500000000000002,0,0,0,14.0,3.0,14.446153846153846,0.875,0.0,0.0,0.05,0.0,0.0,0.0,0.0,0.21,0.27,0.06,0.06,0.0,0.0,0.0,False,25
SPP1,0.065,0,0,0,13.0,1.0,13.8,0.53125,0.0,0.0,0.13,0.04,0.02,0.46,0.0,0.0,0.0,0.0,0.0,0.0,0.03,0.0,False,25
DSP,0.06400000000000002,0,0,0,16.0,4.0,15.171875,0.8837209302325582,0.0,0.02,0.01,0.0,0.04,0.1,0.13,0.16,0.18,0.0,0.0,0.0,0.1,0.0,False,25
FDXACB1,0.06300000000000001,0,0,0,13.0,3.0,13.158730158730158,0.96,0.0,0.0,0.0,0.26,0.33,0.04,0.0,0.0,0.0,0.0,0.0,0.0,0.13,0.0,False,25
SLC35A2,0.063,0,0,0,12.0,2.0,12.857142857142858,1.0,0.14,0.0,0.0,0.0,0.0,0.0,0.0,0.2,0.23,0.1,0.1,0.0,0.0,0.14,False,25
SMARCA4,0.063,0,0,0,13.0,4.0,14.11111111111111,0.98,0.16,0.0,0.01,0.0,0.0,0.0,0.0,0.2,0.16,0.13,0.13,0.0,0.0,0.16,False,25
EZH2,0.06200000000000001,0,0,0,12.5,3.0,13.274193548387096,1.0,0.19,0.0,0.0,0.0,0.0,0.0,0.0,0.17,0.13,0.16,0.16,0.0,0.0,0.19,False,25
CANT1,0.06,0,0,0,14.5,1.0,13.416666666666666,1.0,0.0,0.0,0.0,0.0,0.0,0.0,0.0,0.08,0.09,0.21,0.22,0.0,0.0,0.0,False,25
CDS1,0.06,0,0,0,16.0,1.0,14.166666666666666,1.0,0.0,0.0,0.0,0.0,0.0,0.0,0.0,0.17,0.24,0.09,0.1,0.0,0.0,0.0,False,25
ALAS2,0.05800000000000001,0,0,0,7.5,1.0,9.413793103448276,0.0,0.0,0.46,0.01,0.11,0.0,0.0,0.0,0.0,0.0,0.0,0.0,0.61,0.0,0.0,False,25
ADAMTS8,0.05700000000000001,0,0,0,9.0,1.0,11.403508771929825,0.873015873015873,0.0,0.0,0.0,0.12,0.31,0.14,0.0,0.0,0.0,0.0,0.0,0.0,0.18,0.0,False,25
TRA2A,0.05700000000000001,0,0,0,13.0,1.0,12.824561403508772,0.7674418604651163,0.01,0.04,0.15,0.02,0.0,0.0,0.0,0.11,0.08,0.08,0.09,0.04,0.0,0.01,False,25
ACVR1C,0.05700000000000001,0,0,0,14.0,1.0,13.68421052631579,0.5454545454545454,0.04,0.01,0.02,0.0,0.01,0.04,0.06,0.08,0.06,0.14,0.15,0.02,0.08,0.04,False,25
AGRN,0.056999999999999995,0,0,0,16.0,3.0,15.421052631578947,0.96,0.19,0.01,0.05,0.0,0.0,0.0,0.0,0.03,0.04,0.22,0.22,0.0,0.0,0.19,False,25
CTHRC1,0.05600000000000001,0,0,0,9.0,1.0,10.982142857142858,0.5737704918032787,0.0,0.09,0.45,0.01,0.0,0.01,0.0,0.0,0.0,0.0,0.0,0.06,0.0,0.0,False,25
ACSM5,0.05600000000000001,0,0,0,14.5,1.0,15.0,0.7058823529411765,0.03,0.0,0.0,0.0,0.01,0.01,0.09,0.06,0.03,0.18,0.18,0.01,0.04,0.03,False,25
CTTNBP2,0.05600000000000001,0,0,0,15.0,3.0,15.089285714285714,0.3793103448275862,0.0,0.05,0.05,0.0,0.07,0.34,0.05,0.0,0.0,0.0,0.0,0.0,0.07,0.0,False,25
TRDN,0.05600000000000001,0,0,0,17.0,4.0,16.446428571428573,0.061224489795918366,0.0,0.17,0.02,0.07,0.15,0.0,0.13,0.01,0.01,0.0,0.0,0.03,0.11,0.0,False,25
FAM83H,0.05500000000000001,0,0,0,13.0,3.0,13.218181818181819,1.0,0.19,0.0,0.0,0.0,0.0,0.0,0.0,0.11,0.09,0.18,0.17,0.0,0.0,0.19,False,25
VTI1B,0.054000000000000006,0,0,0,13.0,1.0,13.055555555555555,1.0,0.0,0.0,0.0,0.01,0.0,0.0,0.0,0.18,0.1,0.12,0.13,0.0,0.0,0.0,False,25
LVRN,0.054000000000000006,0,0,0,14.0,1.0,14.074074074074074,0.2,0.0,0.03,0.0,0.0,0.12,0.0,0.2,0.07,0.06,0.03,0.03,0.07,0.18,0.0,False,25
ADH1C,0.05399999999999999,0,0,0,17.0,3.0,16.75925925925926,0.3157894736842105,0.02,0.06,0.03,0.0,0.04,0.06,0.18,0.04,0.05,0.04,0.04,0.04,0.05,0.02,False,25
GLYAT,0.053000000000000005,0,0,0,11.0,3.0,11.452830188679245,0.14583333333333334,0.0,0.03,0.0,0.0,0.18,0.0,0.2,0.06,0.05,0.01,0.0,0.0,0.2,0.0,False,25
EFNA1,0.053000000000000005,0,0,0,19.0,1.0,16.77358490566038,1.0,0.0,0.0,0.01,0.0,0.0,0.0,0.0,0.14,0.13,0.13,0.12,0.0,0.0,0.0,False,25
FAM110A,0.051000000000000004,0,0,0,14.0,1.0,13.352941176470589,1.0,0.0,0.0,0.0,0.0,0.0,0.0,0.0,0.14,0.21,0.08,0.08,0.0,0.0,0.0,False,25
WDR90,0.05,0,0,0,16.0,4.0,15.7,1.0,0.62,0.0,0.0,0.0,0.0,0.0,0.0,0.15,0.12,0.12,0.11,0.0,0.0,0.62,False,25
LOC101929486,0.049,0,0,0,5.0,1.0,7.26530612244898,0.0,0.0,0.43,0.0,0.06,0.0,0.0,0.0,0.0,0.0,0.0,0.0,0.61,0.0,0.0,False,25
LOC101929406,0.049,0,0,0,12.0,1.0,12.612244897959183,0.013888888888888888,0.0,0.42,0.01,0.06,0.0,0.0,0.0,0.0,0.0,0.0,0.0,0.29,0.0,0.0,False,25
ELMOD3,0.048,0,0,0,17.0,2.0,15.791666666666666,0.05714285714285714,0.0,0.02,0.0,0.0,0.19,0.03,0.24,0.0,0.0,0.0,0.0,0.0,0.11,0.0,False,25
RCC2,0.04700000000000001,0,0,0,14.0,1.0,12.553191489361701,1.0,0.05,0.0,0.0,0.0,0.0,0.0,0.0,0.1,0.05,0.16,0.16,0.0,0.0,0.05,False,25
DDR2,0.047,0,0,0,14.0,2.0,13.72340425531915,0.896551724137931,0.03,0.0,0.0,0.0,0.0,0.0,0.0,0.07,0.02,0.19,0.19,0.0,0.0,0.03,False,25
CHML,0.047,0,0,0,15.0,1.0,14.680851063829786,1.0,0.14,0.0,0.0,0.0,0.0,0.0,0.0,0.13,0.16,0.09,0.09,0.0,0.0,0.14,False,25
BARD1,0.047,0,0,0,16.0,3.0,14.808510638297872,1.0,0.0,0.0,0.0,0.0,0.0,0.0,0.0,0.14,0.08,0.13,0.12,0.0,0.0,0.0,False,25
IFNLR1,0.047,0,0,0,16.0,6.0,15.361702127659575,0.6727272727272727,0.0,0.02,0.04,0.06,0.05,0.3,0.0,0.0,0.0,0.0,0.0,0.0,0.14,0.0,False,25
NLGN1,0.046000000000000006,0,0,0,19.0,3.0,17.652173913043477,0.1,0.0,0.04,0.02,0.07,0.12,0.03,0.16,0.0,0.0,0.01,0.01,0.22,0.06,0.0,False,25
CLDN4,0.046,0,0,0,15.5,1.0,14.326086956521738,1.0,0.0,0.0,0.0,0.0,0.0,0.0,0.0,0.13,0.13,0.1,0.1,0.0,0.0,0.0,False,25
ZNF764,0.045,0,0,0,16.0,3.0,15.422222222222222,1.0,0.0,0.0,0.0,0.0,0.0,0.0,0.0,0.1,0.17,0.09,0.09,0.0,0.0,0.0,False,25
TELO2,0.044000000000000004,0,0,0,12.5,5.0,13.363636363636363,1.0,0.35,0.0,0.01,0.0,0.0,0.0,0.0,0.11,0.16,0.08,0.08,0.0,0.0,0.35,False,25
FAM134A,0.044000000000000004,0,0,0,15.0,5.0,15.022727272727273,1.0,0.0,0.0,0.0,0.0,0.0,0.0,0.0,0.08,0.06,0.15,0.15,0.0,0.0,0.0,False,25
CCDC141,0.044,0,0,0,12.0,1.0,12.181818181818182,0.01834862385321101,0.0,0.22,0.07,0.11,0.0,0.0,0.04,0.0,0.0,0.0,0.0,0.79,0.01,0.0,False,25
DPY19L2P3,0.043000000000000003,0,0,0,1.0,1.0,2.7906976744186047,1.0,0.0,0.11,0.0,0.16,0.16,0.0,0.0,0.0,0.0,0.0,0.0,0.0,0.16,0.0,False,25
OR2H4P,0.043,0,0,0,14.0,3.0,12.930232558139535,0.0,0.0,0.35,0.0,0.08,0.0,0.0,0.0,0.0,0.0,0.0,0.0,0.49,0.0,0.0,False,25
ST6GALNAC6,0.043,0,0,0,18.0,3.0,16.767441860465116,0.3157894736842105,0.0,0.03,0.07,0.02,0.01,0.21,0.09,0.0,0.0,0.0,0.0,0.0,0.06,0.0,False,25
TSLP,0.042,0,0,0,18.5,4.0,17.714285714285715,0.18181818181818182,0.0,0.03,0.01,0.0,0.06,0.03,0.24,0.02,0.01,0.01,0.01,0.02,0.04,0.0,False,25
PALM,0.042,0,0,0,20.5,4.0,19.761904761904763,0.2692307692307692,0.0,0.0,0.0,0.0,0.1,0.09,0.22,0.01,0.0,0.0,0.0,0.0,0.06,0.0,False,25
LOC101929726,0.041999999999999996,0,0,0,14.5,4.0,15.047619047619047,0.1,0.0,0.0,0.0,0.0,0.18,0.11,0.13,0.0,0.0,0.0,0.0,0.0,0.11,0.0,False,25
GINS1,0.041,0,0,0,17.0,2.0,15.707317073170731,1.0,0.11,0.0,0.0,0.0,0.0,0.0,0.0,0.08,0.07,0.13,0.13,0.0,0.0,0.11,False,25
PLA2G2A,0.04,0,0,0,14.0,1.0,12.875,0.15625,0.0,0.0,0.0,0.0,0.11,0.15,0.13,0.0,0.01,0.0,0.0,0.0,0.06,0.0,False,25
MYO5B,0.04,0,0,0,13.5,1.0,13.525,0.775,0.0,0.05,0.05,0.03,0.04,0.11,0.04,0.02,0.01,0.03,0.02,0.0,0.1,0.0,False,25
SLC29A4,0.04,0,0,0,14.5,4.0,14.475,0.1111111111111111,0.0,0.0,0.0,0.0,0.18,0.09,0.13,0.0,0.0,0.0,0.0,0.0,0.18,0.0,False,25
RAB11FIP3,0.04,0,0,0,14.0,4.0,14.75,1.0,0.04,0.0,0.0,0.0,0.0,0.0,0.0,0.13,0.11,0.08,0.08,0.0,0.0,0.04,False,25
FGFBP2,0.04,0,0,0,17.5,4.0,16.575,0.10416666666666667,0.0,0.07,0.14,0.05,0.01,0.07,0.04,0.01,0.01,0.0,0.0,0.65,0.01,0.0,False,25
C11orf74,0.039999999999999994,0,0,0,17.5,6.0,16.625,0.5853658536585366,0.0,0.01,0.03,0.0,0.01,0.35,0.0,0.0,0.0,0.0,0.0,0.0,0.01,0.0,False,25
MCM2,0.039,0,0,0,13.0,2.0,13.461538461538462,1.0,0.08,0.0,0.0,0.0,0.0,0.0,0.0,0.13,0.11,0.08,0.07,0.0,0.0,0.08,False,25
ENTPD7,0.038000000000000006,0,0,0,9.0,1.0,10.578947368421053,0.7567567567567568,0.0,0.15,0.13,0.02,0.02,0.06,0.0,0.0,0.0,0.0,0.0,0.0,0.01,0.0,False,25
PRSS8,0.038000000000000006,0,0,0,11.0,1.0,11.552631578947368,1.0,0.48,0.0,0.0,0.0,0.0,0.0,0.0,0.17,0.17,0.02,0.02,0.0,0.0,0.48,False,25
KIF26B,0.037000000000000005,0,0,0,9.0,1.0,9.08108108108108,0.7777777777777778,0.09,0.08,0.26,0.0,0.0,0.01,0.0,0.01,0.01,0.0,0.0,0.0,0.0,0.09,False,25
HINT3,0.037,0,0,0,12.0,1.0,11.675675675675675,0.2702702702702703,0.0,0.1,0.26,0.0,0.0,0.01,0.0,0.0,0.0,0.0,0.0,0.0,0.0,0.0,False,25
SEC14L2,0.037,0,0,0,12.0,1.0,12.405405405405405,0.7142857142857143,0.0,0.02,0.09,0.23,0.0,0.03,0.0,0.0,0.0,0.0,0.0,0.0,0.0,0.0,False,25
TRMT13,0.037,0,0,0,13.0,2.0,13.297297297297296,0.5666666666666667,0.0,0.06,0.19,0.04,0.0,0.03,0.0,0.01,0.02,0.01,0.01,0.0,0.0,0.0,False,25
ADRB1,0.037,0,0,0,13.0,2.0,13.432432432432432,0.4864864864864865,0.0,0.05,0.17,0.0,0.0,0.15,0.0,0.0,0.0,0.0,0.0,0.0,0.0,0.0,False,25
NAT14,0.037,0,0,0,13.0,2.0,13.891891891891891,1.0,0.43,0.0,0.01,0.0,0.0,0.0,0.0,0.12,0.16,0.04,0.04,0.0,0.0,0.43,False,25
FANCI,0.037,0,0,0,15.0,1.0,15.27027027027027,0.9523809523809523,0.0,0.01,0.02,0.0,0.0,0.0,0.0,0.06,0.05,0.12,0.11,0.0,0.0,0.0,False,25
LOC100506476,0.037,0,0,0,18.0,7.0,18.08108108108108,0.3,0.0,0.0,0.0,0.01,0.03,0.32,0.01,0.0,0.0,0.0,0.0,0.0,0.15,0.0,False,25
PENK,0.036,0,0,0,12.0,2.0,12.11111111111111,0.038834951456310676,0.0,0.26,0.07,0.03,0.0,0.0,0.0,0.0,0.0,0.0,0.0,0.7,0.0,0.0,False,25
ZNF718,0.036,0,0,0,12.5,1.0,13.305555555555555,0.5454545454545454,0.0,0.06,0.05,0.25,0.0,0.0,0.0,0.0,0.0,0.0,0.0,0.0,0.0,0.0,False,25
LYPD6,0.036,0,0,0,12.0,4.0,13.777777777777779,0.4444444444444444,0.0,0.0,0.0,0.27,0.0,0.09,0.0,0.0,0.0,0.0,0.0,0.0,0.0,0.0,False,25
ZNF512B,0.034999999999999996,0,0,0,13.0,1.0,11.971428571428572,1.0,0.0,0.0,0.0,0.0,0.0,0.0,0.0,0.12,0.15,0.04,0.04,0.0,0.0,0.0,False,25
NRIP3,0.034999999999999996,0,0,0,18.0,3.0,16.285714285714285,0.6842105263157895,0.0,0.0,0.04,0.16,0.0,0.15,0.0,0.0,0.0,0.0,0.0,0.0,0.0,0.0,False,25
KIAA0907,0.034999999999999996,0,0,0,17.0,5.0,16.82857142857143,0.8611111111111112,0.19,0.0,0.05,0.0,0.0,0.0,0.0,0.08,0.14,0.04,0.04,0.0,0.0,0.19,False,25
COMP,0.03400000000000001,0,0,0,17.0,2.0,15.735294117647058,0.7446808510638298,0.19,0.01,0.22,0.0,0.0,0.0,0.0,0.02,0.03,0.03,0.03,0.0,0.0,0.19,False,25
SLC12A7,0.034,0,0,0,13.0,4.0,12.705882352941176,1.0,0.0,0.0,0.0,0.0,0.0,0.0,0.0,0.13,0.09,0.06,0.06,0.0,0.0,0.0,False,25
ALCAM,0.034,0,0,0,14.0,2.0,13.470588235294118,0.7058823529411765,0.0,0.0,0.0,0.0,0.0,0.34,0.0,0.0,0.0,0.0,0.0,0.0,0.0,0.0,False,25
LOC283588,0.034,0,0,0,13.5,2.0,13.794117647058824,0.6875,0.0,0.04,0.07,0.18,0.0,0.05,0.0,0.0,0.0,0.0,0.0,0.0,0.0,0.0,False,25
RDH13,0.034,0,0,0,13.0,2.0,14.117647058823529,1.0,0.02,0.0,0.0,0.0,0.0,0.0,0.0,0.12,0.1,0.06,0.06,0.0,0.0,0.02,False,25
MORC2,0.034,0,0,0,15.5,4.0,15.264705882352942,1.0,0.09,0.0,0.0,0.0,0.0,0.0,0.0,0.08,0.1,0.08,0.08,0.0,0.0,0.09,False,25
ALDH1L1,0.034,0,0,0,15.0,7.0,15.411764705882353,0.04878048780487805,0.0,0.03,0.0,0.0,0.09,0.01,0.18,0.02,0.01,0.0,0.0,0.09,0.17,0.0,False,25
TDRD9,0.033999999999999996,0,0,0,10.0,1.0,11.647058823529411,0.75,0.0,0.0,0.0,0.15,0.08,0.11,0.0,0.0,0.0,0.0,0.0,0.0,0.05,0.0,False,25
NPR1,0.033999999999999996,0,0,0,12.5,1.0,12.852941176470589,0.6129032258064516,0.11,0.0,0.02,0.0,0.0,0.0,0.0,0.13,0.1,0.05,0.04,0.0,0.0,0.11,False,25
LOC100272216,0.033999999999999996,0,0,0,13.5,4.0,13.970588235294118,1.0,0.0,0.0,0.0,0.0,0.0,0.0,0.0,0.1,0.06,0.09,0.09,0.0,0.0,0.0,False,25
FAAH2,0.033999999999999996,0,0,0,16.0,1.0,14.264705882352942,1.0,0.0,0.0,0.0,0.0,0.0,0.0,0.0,0.08,0.18,0.04,0.04,0.0,0.0,0.0,False,25
PYGM,0.03300000000000001,0,0,0,17.0,1.0,15.545454545454545,0.35,0.0,0.0,0.0,0.02,0.04,0.0,0.15,0.05,0.03,0.02,0.02,0.0,0.09,0.0,False,25
GLA,0.032999999999999995,0,0,0,12.0,1.0,12.515151515151516,0.71875,0.0,0.01,0.01,0.07,0.09,0.15,0.0,0.0,0.0,0.0,0.0,0.0,0.06,0.0,False,25
KCNIP2,0.032999999999999995,0,0,0,19.0,2.0,17.303030303030305,0.34615384615384615,0.0,0.0,0.0,0.0,0.03,0.0,0.13,0.05,0.04,0.04,0.04,0.0,0.14,0.0,False,25
RBPMS-AS1,0.032,0,0,0,20.0,6.0,17.8125,0.05263157894736842,0.0,0.07,0.0,0.01,0.03,0.0,0.2,0.01,0.0,0.0,0.0,0.02,0.06,0.0,False,25
LCOR,0.031000000000000007,0,0,0,14.0,2.0,14.387096774193548,0.4666666666666667,0.0,0.01,0.28,0.01,0.0,0.01,0.0,0.0,0.0,0.0,0.0,0.0,0.0,0.0,False,25
ALDH18A1,0.031000000000000007,0,0,0,16.0,4.0,16.64516129032258,0.95,0.0,0.04,0.07,0.0,0.0,0.0,0.0,0.02,0.04,0.07,0.07,0.0,0.0,0.0,False,25
FTX,0.031,0,0,0,14.0,3.0,14.32258064516129,0.72,0.0,0.08,0.16,0.06,0.0,0.0,0.0,0.01,0.0,0.0,0.0,0.0,0.0,0.0,False,25
CMA1,0.031,0,0,0,14.0,4.0,15.193548387096774,0.4782608695652174,0.0,0.08,0.02,0.01,0.0,0.0,0.0,0.05,0.05,0.05,0.05,0.03,0.0,0.0,False,25
CACNB3,0.030999999999999993,0,0,0,14.0,1.0,12.806451612903226,1.0,0.2,0.0,0.0,0.0,0.0,0.0,0.0,0.11,0.12,0.04,0.04,0.0,0.0,0.2,False,25
KCNE1,0.030000000000000006,0,0,0,7.0,1.0,7.833333333333333,1.0,0.0,0.03,0.0,0.26,0.01,0.0,0.0,0.0,0.0,0.0,0.0,0.0,0.16,0.0,False,25
BANK1,0.030000000000000006,0,0,0,9.0,1.0,9.266666666666667,0.36666666666666664,0.0,0.01,0.13,0.0,0.0,0.16,0.0,0.0,0.0,0.0,0.0,0.0,0.0,0.0,False,25
CBFA2T2,0.030000000000000006,0,0,0,13.0,5.0,13.066666666666666,1.0,0.0,0.0,0.0,0.0,0.0,0.0,0.0,0.03,0.01,0.13,0.13,0.0,0.0,0.0,False,25
HDGF,0.030000000000000006,0,0,0,14.0,2.0,14.233333333333333,1.0,0.0,0.0,0.0,0.0,0.0,0.0,0.0,0.04,0.05,0.11,0.1,0.0,0.0,0.0,False,25
DNMT3A,0.030000000000000006,0,0,0,16.0,6.0,15.566666666666666,1.0,0.14,0.0,0.0,0.0,0.0,0.0,0.0,0.09,0.07,0.07,0.07,0.0,0.0,0.14,False,25
PPP2R3C,0.03,0,0,0,14.0,6.0,14.666666666666666,0.9411764705882353,0.0,0.0,0.02,0.0,0.0,0.0,0.0,0.09,0.07,0.06,0.06,0.0,0.0,0.0,False,25
CNNM4,0.03,0,0,0,16.0,5.0,15.533333333333333,1.0,0.0,0.0,0.0,0.0,0.0,0.0,0.0,0.06,0.09,0.08,0.07,0.0,0.0,0.0,False,25
TMEM246,0.03,0,0,0,18.0,4.0,17.966666666666665,0.05,0.0,0.03,0.0,0.0,0.07,0.01,0.18,0.0,0.01,0.0,0.0,0.0,0.09,0.0,False,25
GDF10,0.03,0,0,0,22.0,6.0,20.966666666666665,0.0,0.0,0.0,0.0,0.0,0.19,0.0,0.11,0.0,0.0,0.0,0.0,0.0,0.15,0.0,False,25
PGC,0.029000000000000005,0,0,0,9.0,2.0,10.620689655172415,0.0,0.0,0.19,0.0,0.1,0.0,0.0,0.0,0.0,0.0,0.0,0.0,0.78,0.0,0.0,False,25
BMPER,0.029000000000000005,0,0,0,10.0,4.0,12.137931034482758,0.5882352941176471,0.0,0.01,0.0,0.0,0.03,0.0,0.06,0.02,0.01,0.08,0.08,0.0,0.03,0.0,False,25
LOC105371414,0.029000000000000005,0,0,0,11.0,2.0,12.310344827586206,0.0,0.0,0.23,0.0,0.06,0.0,0.0,0.0,0.0,0.0,0.0,0.0,0.2,0.0,0.0,False,25
WNT11,0.029000000000000005,0,0,0,13.0,3.0,12.96551724137931,0.5517241379310345,0.0,0.04,0.19,0.0,0.0,0.06,0.0,0.0,0.0,0.0,0.0,0.0,0.0,0.0,False,25
BICDL2,0.029000000000000005,0,0,0,19.0,3.0,17.75862068965517,1.0,0.05,0.0,0.0,0.0,0.0,0.0,0.0,0.09,0.14,0.03,0.03,0.0,0.0,0.05,False,25
SETD5,0.028999999999999998,0,0,0,15.0,2.0,14.448275862068966,1.0,0.0,0.0,0.0,0.0,0.0,0.0,0.0,0.08,0.14,0.03,0.04,0.0,0.0,0.0,False,25
FHL5,0.028999999999999998,0,0,0,15.0,4.0,15.310344827586206,0.1388888888888889,0.0,0.05,0.0,0.0,0.06,0.01,0.07,0.01,0.01,0.04,0.04,0.11,0.08,0.0,False,25
RAPSN,0.028000000000000004,0,0,0,9.0,2.0,10.785714285714286,1.0,0.0,0.02,0.0,0.24,0.02,0.0,0.0,0.0,0.0,0.0,0.0,0.0,0.02,0.0,False,25
KDM2A,0.028000000000000004,0,0,0,10.5,2.0,10.964285714285714,0.7368421052631579,0.0,0.05,0.08,0.01,0.0,0.0,0.0,0.05,0.07,0.01,0.01,0.0,0.0,0.0,False,25
SLC44A1,0.028000000000000004,0,0,0,12.0,1.0,13.285714285714286,0.75,0.0,0.02,0.09,0.02,0.0,0.01,0.0,0.07,0.05,0.01,0.01,0.0,0.0,0.0,False,25
LOC101929378,0.027999999999999997,0,0,0,8.0,1.0,8.714285714285714,0.0,0.0,0.24,0.0,0.04,0.0,0.0,0.0,0.0,0.0,0.0,0.0,0.26,0.0,0.0,False,25
LRFN5,0.027999999999999997,0,0,0,12.5,2.0,13.285714285714286,0.12307692307692308,0.0,0.06,0.15,0.03,0.0,0.04,0.0,0.0,0.0,0.0,0.0,0.4,0.0,0.0,False,25
SPATS2,0.027999999999999997,0,0,0,16.0,1.0,14.857142857142858,0.9375,0.01,0.0,0.01,0.0,0.0,0.0,0.0,0.09,0.08,0.05,0.05,0.0,0.0,0.01,False,25
MAPK10,0.027000000000000003,0,0,0,10.0,1.0,11.148148148148149,0.48148148148148145,0.0,0.01,0.07,0.0,0.01,0.18,0.0,0.0,0.0,0.0,0.0,0.0,0.0,0.0,False,25
LSR,0.027000000000000003,0,0,0,10.0,2.0,12.222222222222221,1.0,0.0,0.01,0.01,0.0,0.0,0.0,0.0,0.06,0.06,0.07,0.06,0.0,0.0,0.0,False,25
ATP2A2,0.027000000000000003,0,0,0,12.0,1.0,13.11111111111111,0.9629629629629629,0.13,0.0,0.01,0.0,0.0,0.0,0.0,0.06,0.06,0.07,0.07,0.0,0.0,0.13,False,25
UPK3B,0.027000000000000003,0,0,0,15.0,6.0,14.444444444444445,0.0,0.0,0.0,0.0,0.24,0.03,0.0,0.0,0.0,0.0,0.0,0.0,0.0,0.01,0.0,False,25
TMEM44-AS1,0.027000000000000003,0,0,0,17.0,1.0,15.074074074074074,0.5185185185185185,0.0,0.04,0.07,0.0,0.0,0.16,0.0,0.0,0.0,0.0,0.0,0.0,0.0,0.0,False,25
CLC,0.027000000000000003,0,0,0,17.0,2.0,17.037037037037038,0.0,0.0,0.25,0.0,0.02,0.0,0.0,0.0,0.0,0.0,0.0,0.0,0.21,0.0,0.0,False,25
AP1M2,0.026000000000000002,0,0,0,9.0,2.0,9.961538461538462,0.9714285714285714,0.2,0.0,0.01,0.0,0.0,0.0,0.0,0.1,0.07,0.04,0.04,0.0,0.0,0.2,False,25
CDON,0.026000000000000002,0,0,0,13.0,1.0,13.384615384615385,0.3076923076923077,0.0,0.04,0.21,0.0,0.0,0.01,0.0,0.0,0.0,0.0,0.0,0.0,0.0,0.0,False,25
RUSC1-AS1,0.026000000000000002,0,0,0,15.0,3.0,14.692307692307692,1.0,0.01,0.0,0.0,0.0,0.0,0.0,0.0,0.1,0.06,0.05,0.05,0.0,0.0,0.01,False,25
EMX2,0.026000000000000002,0,0,0,15.5,4.0,15.26923076923077,0.0,0.0,0.06,0.0,0.0,0.15,0.01,0.04,0.0,0.0,0.0,0.0,0.01,0.06,0.0,False,25
EGFLAM,0.026000000000000002,0,0,0,18.0,3.0,16.692307692307693,0.875,0.0,0.0,0.04,0.0,0.0,0.0,0.0,0.07,0.05,0.05,0.05,0.0,0.0,0.0,False,25
CASQ2,0.026000000000000002,0,0,0,20.0,5.0,18.576923076923077,0.07142857142857142,0.0,0.08,0.01,0.0,0.02,0.0,0.13,0.01,0.01,0.0,0.0,0.0,0.02,0.0,False,25
CPEB1,0.025,0,0,0,14.0,1.0,12.88,0.2692307692307692,0.0,0.03,0.06,0.0,0.01,0.15,0.0,0.0,0.0,0.0,0.0,0.0,0.01,0.0,False,25
GRHL2,0.025,0,0,0,12.0,4.0,13.4,1.0,0.0,0.0,0.0,0.0,0.0,0.01,0.02,0.11,0.07,0.02,0.02,0.0,0.01,0.0,False,25
TRIM11,0.025,0,0,0,14.0,1.0,13.52,0.9857142857142858,0.57,0.0,0.01,0.0,0.0,0.0,0.0,0.09,0.09,0.03,0.03,0.0,0.0,0.57,False,25
LINC01140,0.025,0,0,0,16.0,1.0,14.2,0.875,0.02,0.0,0.0,0.0,0.0,0.0,0.0,0.06,0.03,0.08,0.08,0.0,0.0,0.02,False,25
RWDD1,0.025,0,0,0,16.0,2.0,14.32,0.9090909090909091,0.0,0.0,0.01,0.0,0.0,0.0,0.0,0.06,0.1,0.04,0.04,0.0,0.0,0.0,False,25
KRT8,0.025,0,0,0,15.0,3.0,14.44,1.0,0.05,0.0,0.0,0.0,0.0,0.0,0.0,0.08,0.15,0.01,0.01,0.0,0.0,0.05,False,25
WDR34,0.024,0,0,0,13.5,4.0,13.041666666666666,1.0,0.0,0.0,0.0,0.0,0.0,0.0,0.0,0.1,0.1,0.02,0.02,0.0,0.0,0.0,False,25
LLGL2,0.024,0,0,0,12.0,3.0,13.625,1.0,0.74,0.0,0.0,0.0,0.0,0.0,0.0,0.09,0.09,0.03,0.03,0.0,0.0,0.74,False,25
GRP,0.024,0,0,0,16.0,2.0,13.666666666666666,0.631578947368421,0.0,0.02,0.04,0.05,0.0,0.13,0.0,0.0,0.0,0.0,0.0,0.0,0.0,0.0,False,25
DIS3L,0.024,0,0,0,15.0,1.0,14.625,0.47368421052631576,0.0,0.03,0.07,0.05,0.0,0.09,0.0,0.0,0.0,0.0,0.0,0.0,0.0,0.0,False,25
TLCD2,0.024,0,0,0,13.5,3.0,15.125,0.375,0.0,0.01,0.1,0.0,0.0,0.13,0.0,0.0,0.0,0.0,0.0,0.0,0.0,0.0,False,25
ARHGEF3,0.024,0,0,0,18.5,5.0,18.0,0.0,0.0,0.0,0.03,0.21,0.0,0.0,0.0,0.0,0.0,0.0,0.0,0.0,0.0,0.0,False,25
OR9A1P,0.023,0,0,0,9.0,3.0,10.391304347826088,1.0,0.0,0.0,0.0,0.2,0.02,0.01,0.0,0.0,0.0,0.0,0.0,0.0,0.02,0.0,False,25
MYO1C,0.023,0,0,0,10.0,2.0,11.73913043478261,0.45454545454545453,0.0,0.0,0.03,0.0,0.01,0.18,0.0,0.0,0.01,0.0,0.0,0.0,0.0,0.0,False,25
ABCB7,0.023,0,0,0,13.0,3.0,13.91304347826087,0.3684210526315789,0.0,0.06,0.07,0.05,0.01,0.04,0.0,0.0,0.0,0.0,0.0,0.0,0.01,0.0,False,25
GNG11,0.023,0,0,0,12.0,4.0,14.0,0.4482758620689655,0.16,0.0,0.0,0.0,0.0,0.0,0.0,0.1,0.07,0.03,0.03,0.0,0.0,0.16,False,25
TRHDE,0.023,0,0,0,16.0,2.0,14.217391304347826,0.0,0.0,0.0,0.0,0.0,0.09,0.01,0.12,0.0,0.01,0.0,0.0,0.01,0.07,0.0,False,25
AKR1C4,0.023,0,0,0,15.0,1.0,14.695652173913043,0.0,0.0,0.21,0.0,0.02,0.0,0.0,0.0,0.0,0.0,0.0,0.0,0.3,0.0,0.0,False,25
SOX5,0.022000000000000002,0,0,0,13.5,3.0,13.318181818181818,0.30434782608695654,0.0,0.0,0.0,0.0,0.05,0.17,0.0,0.0,0.0,0.0,0.0,0.0,0.01,0.0,False,25
USP43,0.022000000000000002,0,0,0,16.0,3.0,15.5,0.4375,0.0,0.0,0.0,0.06,0.02,0.14,0.0,0.0,0.0,0.0,0.0,0.0,0.0,0.0,False,25
LOC100190986,0.022000000000000002,0,0,0,20.5,4.0,17.545454545454547,0.6875,0.0,0.0,0.11,0.0,0.0,0.0,0.0,0.04,0.05,0.01,0.01,0.0,0.0,0.0,False,25
SIGLEC9,0.022,0,0,0,7.0,1.0,9.136363636363637,1.0,0.0,0.01,0.0,0.21,0.0,0.0,0.0,0.0,0.0,0.0,0.0,0.0,0.29,0.0,False,25
EDNRB,0.022,0,0,0,12.5,6.0,12.363636363636363,0.39285714285714285,0.17,0.0,0.0,0.0,0.0,0.0,0.0,0.06,0.06,0.05,0.05,0.0,0.0,0.17,False,25
TNK2-AS1,0.022,0,0,0,12.0,2.0,13.409090909090908,0.02564102564102564,0.0,0.19,0.01,0.02,0.0,0.0,0.0,0.0,0.0,0.0,0.0,0.19,0.0,0.0,False,25
MAP3K1,0.022,0,0,0,16.5,6.0,16.0,,0.0,0.0,0.0,0.22,0.0,0.0,0.0,0.0,0.0,0.0,0.0,0.0,0.0,0.0,False,25
KLHL31,0.022,0,0,0,19.0,5.0,17.818181818181817,0.47619047619047616,0.0,0.02,0.0,0.01,0.03,0.08,0.03,0.03,0.02,0.0,0.0,0.0,0.05,0.0,False,25
MLXIPL,0.022,0,0,0,20.5,3.0,18.045454545454547,0.08333333333333333,0.0,0.01,0.0,0.01,0.03,0.01,0.16,0.0,0.0,0.0,0.0,0.01,0.06,0.0,False,25
CSTL1,0.021,0,0,0,7.0,3.0,10.047619047619047,0.9090909090909091,0.0,0.02,0.0,0.13,0.05,0.01,0.0,0.0,0.0,0.0,0.0,0.0,0.03,0.0,False,25
AP1G2,0.021,0,0,0,16.0,8.0,16.095238095238095,1.0,0.0,0.0,0.0,0.0,0.0,0.0,0.0,0.0,0.0,0.11,0.1,0.0,0.0,0.0,False,25
GDPGP1,0.021,0,0,0,17.0,7.0,17.095238095238095,0.4,0.0,0.02,0.03,0.16,0.0,0.0,0.0,0.0,0.0,0.0,0.0,0.0,0.0,0.0,False,25
COL11A1,0.021,0,0,0,18.0,10.0,17.476190476190474,0.8461538461538461,0.37,0.0,0.1,0.0,0.0,0.0,0.0,0.04,0.05,0.01,0.01,0.0,0.0,0.37,False,25
LOC90768,0.021,0,0,0,20.0,2.0,18.523809523809526,0.16666666666666666,0.0,0.0,0.0,0.0,0.11,0.0,0.02,0.03,0.03,0.01,0.01,0.0,0.09,0.0,False,25
HN1L,0.020999999999999998,0,0,0,11.0,3.0,12.285714285714286,1.0,0.15,0.0,0.0,0.0,0.0,0.0,0.0,0.08,0.09,0.02,0.02,0.0,0.0,0.15,False,25
CNTFR-AS1,0.020999999999999998,0,0,0,18.0,1.0,15.904761904761905,0.15,0.0,0.02,0.03,0.01,0.02,0.04,0.06,0.0,0.0,0.02,0.01,0.06,0.01,0.0,False,25
SLC38A1,0.020999999999999998,0,0,0,16.0,5.0,15.952380952380953,0.6296296296296297,0.0,0.0,0.01,0.01,0.03,0.14,0.02,0.0,0.0,0.0,0.0,0.0,0.09,0.0,False,25
F2R,0.020999999999999998,0,0,0,15.0,5.0,16.19047619047619,0.6666666666666666,0.0,0.01,0.01,0.18,0.0,0.01,0.0,0.0,0.0,0.0,0.0,0.0,0.0,0.0,False,25
RTKN,0.020999999999999998,0,0,0,19.0,3.0,16.476190476190474,1.0,0.02,0.0,0.0,0.0,0.0,0.0,0.0,0.08,0.09,0.02,0.02,0.0,0.0,0.02,False,25
HSPA12A,0.020999999999999998,0,0,0,17.0,2.0,16.666666666666668,0.5789473684210527,0.0,0.0,0.01,0.0,0.01,0.1,0.02,0.05,0.02,0.0,0.0,0.0,0.02,0.0,False,25
SIGLEC16,0.02,0,0,0,7.5,1.0,8.45,1.0,0.0,0.02,0.0,0.17,0.01,0.0,0.0,0.0,0.0,0.0,0.0,0.0,0.16,0.0,False,25
LINC01088,0.02,0,0,0,12.5,1.0,11.65,0.0,0.0,0.11,0.0,0.09,0.0,0.0,0.0,0.0,0.0,0.0,0.0,0.72,0.0,0.0,False,25
CD24,0.02,0,0,0,13.5,4.0,14.45,0.92,0.0,0.01,0.01,0.0,0.05,0.1,0.03,0.0,0.0,0.0,0.0,0.0,0.08,0.0,False,25
ANLN,0.02,0,0,0,16.5,1.0,15.35,1.0,0.16,0.0,0.0,0.0,0.0,0.0,0.0,0.03,0.03,0.07,0.07,0.0,0.0,0.16,False,25
LINC00537,0.02,0,0,0,19.0,1.0,15.7,0.7894736842105263,0.0,0.01,0.1,0.01,0.0,0.08,0.0,0.0,0.0,0.0,0.0,0.0,0.0,0.0,False,25
ALPK3,0.02,0,0,0,17.5,5.0,16.35,0.09090909090909091,0.0,0.02,0.01,0.0,0.07,0.02,0.08,0.0,0.0,0.0,0.0,0.04,0.06,0.0,False,25
PDK4,0.02,0,0,0,18.5,2.0,17.15,0.5882352941176471,0.07,0.0,0.0,0.0,0.0,0.0,0.0,0.06,0.05,0.04,0.05,0.0,0.0,0.07,False,25
LDHD,0.02,0,0,0,20.5,9.0,20.45,0.11764705882352941,0.0,0.02,0.0,0.03,0.09,0.02,0.04,0.0,0.0,0.0,0.0,0.01,0.03,0.0,False,25
ARHGAP42,0.019999999999999997,0,0,0,20.0,8.0,19.35,0.6666666666666666,0.0,0.0,0.02,0.0,0.0,0.18,0.0,0.0,0.0,0.0,0.0,0.0,0.01,0.0,False,25
TLDC1,0.019000000000000003,0,0,0,14.0,2.0,14.789473684210526,1.0,0.0,0.0,0.0,0.0,0.0,0.0,0.0,0.1,0.07,0.01,0.01,0.0,0.0,0.0,False,25
TRIM59,0.019000000000000003,0,0,0,16.0,5.0,16.31578947368421,1.0,0.02,0.0,0.02,0.0,0.0,0.0,0.0,0.05,0.04,0.04,0.04,0.0,0.0,0.02,False,25
PRPS1L1,0.019,0,0,0,11.0,2.0,12.052631578947368,0.0,0.0,0.17,0.0,0.02,0.0,0.0,0.0,0.0,0.0,0.0,0.0,0.17,0.0,0.0,False,25
LRRN1,0.019,0,0,0,14.0,1.0,13.789473684210526,0.5833333333333334,0.0,0.02,0.09,0.07,0.0,0.01,0.0,0.0,0.0,0.0,0.0,0.0,0.0,0.0,False,25
GALE,0.019,0,0,0,16.0,2.0,14.578947368421053,1.0,0.01,0.0,0.0,0.0,0.0,0.0,0.0,0.06,0.03,0.05,0.05,0.0,0.0,0.01,False,25
TBCD,0.019,0,0,0,14.0,9.0,15.157894736842104,1.0,0.0,0.0,0.0,0.0,0.0,0.0,0.0,0.05,0.02,0.06,0.06,0.0,0.0,0.0,False,25
MSX2,0.019,0,0,0,17.0,1.0,17.0,0.38461538461538464,0.0,0.0,0.03,0.06,0.0,0.1,0.0,0.0,0.0,0.0,0.0,0.0,0.0,0.0,False,25
LOC100289361,0.019,0,0,0,19.0,8.0,18.157894736842106,0.5,0.0,0.0,0.01,0.01,0.0,0.17,0.0,0.0,0.0,0.0,0.0,0.0,0.0,0.0,False,25
ADRA1A,0.019,0,0,0,20.0,8.0,19.842105263157894,0.0,0.0,0.0,0.0,0.0,0.06,0.0,0.13,0.0,0.0,0.0,0.0,0.0,0.01,0.0,False,25
KLB,0.019,0,0,0,21.0,11.0,19.842105263157894,0.10810810810810811,0.0,0.05,0.04,0.0,0.03,0.02,0.05,0.0,0.0,0.0,0.0,0.05,0.18,0.0,False,25
ARFGAP1,0.018000000000000002,0,0,0,9.5,2.0,11.333333333333334,1.0,0.01,0.0,0.0,0.0,0.0,0.0,0.0,0.03,0.01,0.07,0.07,0.0,0.0,0.01,False,25
WISP1,0.018000000000000002,0,0,0,14.5,4.0,13.61111111111111,0.7407407407407407,0.09,0.01,0.13,0.0,0.0,0.04,0.0,0.0,0.0,0.0,0.0,0.0,0.0,0.09,False,25
LURAP1,0.018000000000000002,0,0,0,16.0,2.0,14.444444444444445,0.06666666666666667,0.0,0.12,0.01,0.04,0.01,0.0,0.0,0.0,0.0,0.0,0.0,0.0,0.01,0.0,False,25
MME,0.018000000000000002,0,0,0,14.0,2.0,14.61111111111111,0.8461538461538461,0.02,0.0,0.0,0.0,0.0,0.0,0.0,0.1,0.06,0.01,0.01,0.0,0.0,0.02,False,25
DNAH17,0.018000000000000002,0,0,0,16.5,6.0,16.555555555555557,0.1,0.0,0.11,0.04,0.01,0.0,0.0,0.0,0.0,0.0,0.01,0.01,0.14,0.0,0.0,False,25
CORO2B,0.018000000000000002,0,0,0,16.5,9.0,17.0,0.07142857142857142,0.0,0.0,0.0,0.0,0.07,0.0,0.09,0.0,0.0,0.01,0.01,0.0,0.06,0.0,False,25
TPD52,0.018000000000000002,0,0,0,19.5,8.0,19.38888888888889,0.75,0.0,0.01,0.01,0.0,0.02,0.06,0.06,0.01,0.01,0.0,0.0,0.0,0.01,0.0,False,25
LOC107985971,0.018,0,0,0,16.5,5.0,15.0,1.0,0.04,0.0,0.01,0.0,0.0,0.0,0.0,0.07,0.1,0.0,0.0,0.0,0.0,0.04,False,25
VAV3,0.018,0,0,0,17.0,3.0,15.0,0.6470588235294118,0.0,0.01,0.1,0.02,0.0,0.05,0.0,0.0,0.0,0.0,0.0,0.0,0.01,0.0,False,25
RBP7,0.018,0,0,0,16.5,3.0,16.11111111111111,1.0,0.0,0.0,0.0,0.0,0.0,0.0,0.0,0.04,0.04,0.05,0.05,0.0,0.0,0.0,False,25
DCUN1D3,0.018,0,0,0,18.0,4.0,16.5,0.25,0.0,0.04,0.02,0.09,0.0,0.0,0.0,0.02,0.01,0.0,0.0,0.0,0.0,0.0,False,25
PDE11A,0.018,0,0,0,17.5,4.0,16.833333333333332,0.0,0.0,0.0,0.0,0.0,0.07,0.01,0.1,0.0,0.0,0.0,0.0,0.0,0.06,0.0,False,25
MOCS1,0.018,0,0,0,20.0,3.0,16.88888888888889,0.4444444444444444,0.0,0.05,0.08,0.0,0.0,0.01,0.0,0.02,0.02,0.0,0.0,0.02,0.0,0.0,False,25
ZNF124,0.018,0,0,0,20.0,3.0,17.166666666666668,0.6153846153846154,0.0,0.01,0.06,0.06,0.0,0.05,0.0,0.0,0.0,0.0,0.0,0.0,0.01,0.0,False,25
ZNF436-AS1,0.018,0,0,0,19.0,12.0,18.22222222222222,0.2,0.0,0.01,0.01,0.0,0.05,0.11,0.0,0.0,0.0,0.0,0.0,0.0,0.02,0.0,False,25
DMRT2,0.018,0,0,0,20.0,8.0,19.38888888888889,0.041666666666666664,0.0,0.03,0.0,0.0,0.07,0.01,0.07,0.0,0.0,0.0,0.0,0.03,0.1,0.0,False,25
CREB5,0.017000000000000005,0,0,0,19.0,16.0,20.41176470588235,0.058823529411764705,0.0,0.0,0.0,0.01,0.04,0.0,0.1,0.0,0.0,0.01,0.01,0.04,0.08,0.0,False,25
LOC101927650,0.017,0,0,0,8.0,2.0,10.529411764705882,1.0,0.0,0.01,0.0,0.16,0.0,0.0,0.0,0.0,0.0,0.0,0.0,0.0,0.1,0.0,False,25
LOC100422526,0.017,0,0,0,9.0,1.0,11.176470588235293,1.0,0.0,0.0,0.0,0.08,0.07,0.02,0.0,0.0,0.0,0.0,0.0,0.0,0.02,0.0,False,25
FBXO32,0.017,0,0,0,11.0,3.0,11.470588235294118,0.875,0.0,0.0,0.02,0.02,0.0,0.0,0.0,0.02,0.03,0.04,0.04,0.0,0.0,0.0,False,25
LEF1,0.017,0,0,0,12.0,1.0,11.647058823529411,0.4375,0.0,0.01,0.05,0.01,0.0,0.1,0.0,0.0,0.0,0.0,0.0,0.0,0.0,0.0,False,25
ADH5,0.017,0,0,0,16.0,2.0,16.0,1.0,0.0,0.0,0.0,0.01,0.0,0.0,0.0,0.01,0.01,0.07,0.07,0.0,0.0,0.0,False,25
TMED3,0.017,0,0,0,19.0,11.0,18.58823529411765,0.625,0.0,0.01,0.03,0.0,0.0,0.11,0.0,0.01,0.01,0.0,0.0,0.0,0.0,0.0,False,25
FGF14-AS2,0.017,0,0,0,23.0,12.0,20.235294117647058,0.2857142857142857,0.0,0.01,0.02,0.0,0.01,0.08,0.03,0.01,0.01,0.0,0.0,0.08,0.0,0.0,False,25
CGN,0.016999999999999998,0,0,0,12.0,3.0,11.705882352941176,1.0,0.61,0.0,0.0,0.0,0.0,0.0,0.0,0.06,0.07,0.02,0.02,0.0,0.0,0.61,False,25
POGK,0.016999999999999998,0,0,0,13.0,1.0,12.588235294117647,0.6,0.0,0.03,0.1,0.0,0.0,0.0,0.0,0.02,0.02,0.0,0.0,0.0,0.0,0.0,False,25
C1QTNF7,0.016999999999999998,0,0,0,11.0,4.0,13.058823529411764,0.13333333333333333,0.0,0.0,0.0,0.03,0.05,0.04,0.05,0.0,0.0,0.0,0.0,0.0,0.06,0.0,False,25
LINC00667,0.016999999999999998,0,0,0,15.0,2.0,14.588235294117647,0.5384615384615384,0.0,0.01,0.06,0.04,0.0,0.06,0.0,0.0,0.0,0.0,0.0,0.0,0.0,0.0,False,25
LOC101928271,0.016999999999999998,0,0,0,15.0,7.0,15.117647058823529,0.0,0.0,0.12,0.0,0.05,0.0,0.0,0.0,0.0,0.0,0.0,0.0,0.13,0.0,0.0,False,25
MT1M,0.016999999999999998,0,0,0,16.0,3.0,15.823529411764707,0.6923076923076923,0.0,0.01,0.07,0.0,0.0,0.0,0.0,0.03,0.02,0.02,0.02,0.0,0.0,0.0,False,25
CD209,0.016999999999999998,0,0,0,18.0,7.0,16.11764705882353,0.6666666666666666,0.0,0.01,0.02,0.0,0.0,0.0,0.0,0.06,0.08,0.0,0.0,0.0,0.0,0.0,False,25
KLF15,0.016000000000000004,0,0,0,13.5,4.0,14.25,0.5,0.0,0.01,0.14,0.0,0.0,0.0,0.0,0.0,0.01,0.0,0.0,0.0,0.01,0.0,False,25
ADAMTS9-AS1,0.016000000000000004,0,0,0,19.0,2.0,14.9375,0.058823529411764705,0.0,0.08,0.01,0.04,0.0,0.0,0.0,0.0,0.01,0.01,0.01,0.24,0.0,0.0,False,25
CLEC4GP1,0.016,0,0,0,10.0,2.0,9.75,0.03125,0.0,0.12,0.01,0.03,0.0,0.0,0.0,0.0,0.0,0.0,0.0,0.19,0.0,0.0,False,25
HMGB3,0.016,0,0,0,8.5,2.0,10.5625,1.0,0.05,0.0,0.0,0.0,0.0,0.0,0.0,0.08,0.08,0.0,0.0,0.0,0.0,0.05,False,25
PDE8B,0.016,0,0,0,11.0,1.0,11.125,0.5625,0.0,0.0,0.04,0.0,0.0,0.12,0.0,0.0,0.0,0.0,0.0,0.0,0.0,0.0,False,25
SEPT8,0.016,0,0,0,14.5,5.0,13.75,0.5,0.0,0.0,0.16,0.0,0.0,0.0,0.0,0.0,0.0,0.0,0.0,0.0,0.0,0.0,False,25
SCN2A,0.016,0,0,0,16.0,4.0,14.9375,1.0,0.0,0.02,0.0,0.08,0.06,0.0,0.0,0.0,0.0,0.0,0.0,0.0,0.02,0.0,False,25
AOC4P,0.016,0,0,0,15.0,5.0,15.375,,0.0,0.0,0.0,0.16,0.0,0.0,0.0,0.0,0.0,0.0,0.0,0.0,0.0,0.0,False,25
GNG2,0.016,0,0,0,19.0,2.0,15.375,0.7272727272727273,0.03,0.0,0.0,0.0,0.0,0.0,0.0,0.03,0.02,0.05,0.06,0.0,0.0,0.03,False,25
GTDC1,0.016,0,0,0,16.0,7.0,15.75,0.9,0.0,0.0,0.04,0.0,0.0,0.0,0.0,0.03,0.03,0.03,0.03,0.0,0.0,0.0,False,25
ODF3L1,0.016,0,0,0,18.5,8.0,16.6875,0.0,0.0,0.15,0.0,0.01,0.0,0.0,0.0,0.0,0.0,0.0,0.0,0.08,0.0,0.0,False,25
SNRNP70,0.016,0,0,0,18.5,8.0,17.5625,1.0,0.0,0.0,0.0,0.0,0.0,0.0,0.0,0.03,0.05,0.04,0.04,0.0,0.0,0.0,False,25
AGPAT5,0.015000000000000003,0,0,0,13.0,1.0,12.0,0.8,0.0,0.01,0.04,0.0,0.0,0.1,0.0,0.0,0.0,0.0,0.0,0.0,0.0,0.0,False,25
CEP112,0.015000000000000003,0,0,0,12.0,5.0,12.666666666666666,0.6666666666666666,0.0,0.01,0.01,0.0,0.0,0.0,0.01,0.02,0.0,0.05,0.05,0.03,0.0,0.0,False,25
N4BP2L2,0.015000000000000003,0,0,0,12.0,4.0,13.2,0.6153846153846154,0.0,0.02,0.08,0.02,0.0,0.03,0.0,0.0,0.0,0.0,0.0,0.0,0.0,0.0,False,25
BSPRY,0.015000000000000003,0,0,0,15.0,3.0,13.533333333333333,0.6666666666666666,0.01,0.01,0.01,0.0,0.0,0.1,0.0,0.02,0.01,0.0,0.0,0.0,0.06,0.01,False,25
FCN2,0.015000000000000003,0,0,0,13.0,1.0,13.6,0.08,0.0,0.07,0.05,0.03,0.0,0.0,0.0,0.0,0.0,0.0,0.0,0.13,0.0,0.0,False,25
SHB,0.015000000000000003,0,0,0,15.0,4.0,14.666666666666666,1.0,0.0,0.0,0.0,0.0,0.0,0.0,0.0,0.07,0.08,0.0,0.0,0.0,0.0,0.0,False,25
APOF,0.015000000000000003,0,0,0,17.0,7.0,15.866666666666667,1.0,0.0,0.0,0.0,0.08,0.07,0.0,0.0,0.0,0.0,0.0,0.0,0.0,0.0,0.0,False,25
CDC20,0.015000000000000003,0,0,0,14.0,2.0,15.933333333333334,1.0,0.16,0.0,0.0,0.0,0.0,0.0,0.0,0.02,0.02,0.06,0.05,0.0,0.0,0.16,False,25
SYN2,0.015000000000000003,0,0,0,16.0,8.0,16.666666666666668,0.7142857142857143,0.0,0.02,0.0,0.0,0.0,0.0,0.02,0.04,0.05,0.01,0.01,0.0,0.0,0.0,False,25
SLC26A6,0.015000000000000003,0,0,0,20.0,15.0,20.333333333333332,0.9230769230769231,0.05,0.0,0.01,0.0,0.0,0.0,0.0,0.01,0.02,0.06,0.05,0.0,0.0,0.05,False,25
CLSTN1,0.015,0,0,0,11.0,3.0,11.333333333333334,1.0,0.0,0.0,0.0,0.0,0.0,0.0,0.0,0.05,0.04,0.03,0.03,0.0,0.0,0.0,False,25
PGM2L1,0.015,0,0,0,14.0,1.0,13.266666666666667,0.6923076923076923,0.0,0.02,0.11,0.0,0.0,0.0,0.0,0.0,0.02,0.0,0.0,0.0,0.0,0.0,False,25
STX1B,0.015,0,0,0,15.0,10.0,16.0,0.0,0.0,0.13,0.0,0.02,0.0,0.0,0.0,0.0,0.0,0.0,0.0,0.1,0.0,0.0,False,25
ZNF555,0.015,0,0,0,17.0,5.0,16.8,0.2222222222222222,0.0,0.0,0.06,0.06,0.0,0.03,0.0,0.0,0.0,0.0,0.0,0.0,0.0,0.0,False,25
ACO1,0.015,0,0,0,21.0,9.0,18.866666666666667,1.0,0.0,0.0,0.0,0.0,0.0,0.0,0.0,0.06,0.01,0.04,0.04,0.0,0.0,0.0,False,25
CAPN1,0.014000000000000002,0,0,0,9.0,3.0,10.214285714285714,1.0,0.0,0.0,0.0,0.0,0.0,0.0,0.0,0.04,0.04,0.03,0.03,0.0,0.0,0.0,False,25
RASL11B,0.014000000000000002,0,0,0,11.5,1.0,10.714285714285714,0.45454545454545453,0.0,0.03,0.08,0.03,0.0,0.0,0.0,0.0,0.0,0.0,0.0,0.0,0.0,0.0,False,25
HPD,0.014000000000000002,0,0,0,14.0,3.0,12.857142857142858,0.0,0.0,0.09,0.0,0.05,0.0,0.0,0.0,0.0,0.0,0.0,0.0,0.58,0.0,0.0,False,25
ZNF692,0.014000000000000002,0,0,0,15.0,1.0,13.142857142857142,1.0,0.18,0.0,0.0,0.0,0.0,0.0,0.0,0.08,0.06,0.0,0.0,0.0,0.0,0.18,False,25
KDM5B,0.014000000000000002,0,0,0,12.5,3.0,13.714285714285714,1.0,0.0,0.0,0.0,0.0,0.0,0.0,0.0,0.07,0.07,0.0,0.0,0.0,0.0,0.0,False,25
SYCP3,0.014000000000000002,0,0,0,12.0,3.0,13.785714285714286,0.8,0.0,0.0,0.0,0.11,0.02,0.01,0.0,0.0,0.0,0.0,0.0,0.0,0.02,0.0,False,25
YPEL1,0.014000000000000002,0,0,0,11.5,3.0,13.928571428571429,0.6666666666666666,0.0,0.01,0.02,0.11,0.0,0.0,0.0,0.0,0.0,0.0,0.0,0.0,0.0,0.0,False,25
LMO3,0.014000000000000002,0,0,0,16.5,3.0,14.071428571428571,0.35714285714285715,0.0,0.02,0.1,0.0,0.0,0.02,0.0,0.0,0.0,0.0,0.0,0.0,0.0,0.0,False,25
FAM83D,0.014000000000000002,0,0,0,15.5,4.0,14.357142857142858,1.0,0.11,0.0,0.0,0.0,0.0,0.0,0.0,0.04,0.06,0.02,0.02,0.0,0.0,0.11,False,25
SLC6A6,0.014000000000000002,0,0,0,15.0,2.0,15.0,0.3076923076923077,0.0,0.02,0.08,0.0,0.0,0.02,0.0,0.0,0.0,0.01,0.01,0.0,0.0,0.0,False,25
TDRD5,0.014000000000000002,0,0,0,17.0,5.0,15.785714285714286,0.7,0.0,0.06,0.04,0.04,0.0,0.0,0.0,0.0,0.0,0.0,0.0,0.0,0.0,0.0,False,25
SLC25A51,0.014000000000000002,0,0,0,16.0,8.0,15.857142857142858,0.25,0.0,0.0,0.08,0.0,0.0,0.03,0.0,0.0,0.01,0.01,0.01,0.0,0.0,0.0,False,25
LOC100132735,0.014000000000000002,0,0,0,19.0,3.0,16.857142857142858,0.7,0.0,0.0,0.0,0.01,0.0,0.0,0.0,0.01,0.01,0.06,0.05,0.03,0.0,0.0,False,25
HCAR3,0.014000000000000002,0,0,0,18.5,5.0,17.071428571428573,0.5,0.0,0.04,0.07,0.0,0.0,0.03,0.0,0.0,0.0,0.0,0.0,0.0,0.0,0.0,False,25
ANXA2P3,0.014000000000000002,0,0,0,18.5,5.0,17.428571428571427,0.10526315789473684,0.0,0.05,0.05,0.03,0.0,0.01,0.0,0.0,0.0,0.0,0.0,0.08,0.0,0.0,False,25
ABCA8,0.014000000000000002,0,0,0,18.0,12.0,18.214285714285715,1.0,0.0,0.0,0.0,0.0,0.0,0.0,0.0,0.01,0.0,0.06,0.07,0.0,0.0,0.0,False,25
ADH1A,0.014000000000000002,0,0,0,22.0,16.0,21.285714285714285,0.11764705882352941,0.0,0.01,0.0,0.0,0.08,0.0,0.02,0.02,0.01,0.0,0.0,0.0,0.06,0.0,False,25
SORD,0.013999999999999999,0,0,0,12.5,3.0,13.142857142857142,0.8,0.0,0.0,0.01,0.0,0.01,0.12,0.0,0.0,0.0,0.0,0.0,0.0,0.01,0.0,False,25
ZNF670,0.013999999999999999,0,0,0,13.0,4.0,13.928571428571429,0.5,0.0,0.0,0.02,0.12,0.0,0.0,0.0,0.0,0.0,0.0,0.0,0.0,0.0,0.0,False,25
ZSCAN2,0.013000000000000001,0,0,0,13.0,2.0,10.307692307692308,0.8181818181818182,0.0,0.05,0.06,0.02,0.0,0.0,0.0,0.0,0.0,0.0,0.0,0.0,0.0,0.0,False,25
MAOA,0.013000000000000001,0,0,0,11.0,3.0,10.692307692307692,0.375,0.03,0.0,0.12,0.0,0.0,0.0,0.0,0.01,0.0,0.0,0.0,0.0,0.0,0.03,False,25
ADAL,0.013000000000000001,0,0,0,13.0,2.0,13.307692307692308,0.16666666666666666,0.0,0.1,0.02,0.01,0.0,0.0,0.0,0.0,0.0,0.0,0.0,0.0,0.0,0.0,False,25
CCNF,0.013000000000000001,0,0,0,12.0,3.0,14.0,1.0,0.0,0.0,0.0,0.0,0.0,0.0,0.0,0.01,0.0,0.06,0.06,0.0,0.0,0.0,False,25
CXCL6,0.013000000000000001,0,0,0,13.0,4.0,14.461538461538462,0.0,0.0,0.09,0.01,0.03,0.0,0.0,0.0,0.0,0.0,0.0,0.0,0.06,0.0,0.0,False,25
F2RL2,0.013000000000000001,0,0,0,13.0,6.0,14.461538461538462,0.3333333333333333,0.0,0.0,0.07,0.04,0.0,0.02,0.0,0.0,0.0,0.0,0.0,0.0,0.0,0.0,False,25
IQCH,0.013000000000000001,0,0,0,13.0,8.0,14.692307692307692,1.0,0.0,0.01,0.0,0.12,0.0,0.0,0.0,0.0,0.0,0.0,0.0,0.0,0.0,0.0,False,25
GPT2,0.013000000000000001,0,0,0,14.0,6.0,14.76923076923077,0.7777777777777778,0.0,0.0,0.09,0.04,0.0,0.0,0.0,0.0,0.0,0.0,0.0,0.0,0.0,0.0,False,25
DNASE1L3,0.013000000000000001,0,0,0,19.0,7.0,15.923076923076923,1.0,0.0,0.0,0.0,0.0,0.0,0.0,0.0,0.05,0.04,0.02,0.02,0.0,0.0,0.0,False,25
FAM162B,0.013000000000000001,0,0,0,17.0,5.0,16.384615384615383,1.0,0.0,0.0,0.0,0.0,0.0,0.0,0.0,0.03,0.01,0.04,0.05,0.0,0.0,0.0,False,25
TAT,0.013000000000000001,0,0,0,17.0,5.0,16.46153846153846,0.625,0.0,0.0,0.0,0.05,0.02,0.06,0.0,0.0,0.0,0.0,0.0,0.0,0.0,0.0,False,25
C4orf19,0.013000000000000001,0,0,0,16.0,4.0,16.846153846153847,0.23076923076923078,0.0,0.0,0.0,0.0,0.0,0.13,0.0,0.0,0.0,0.0,0.0,0.0,0.0,0.0,False,25
LSM6,0.013000000000000001,0,0,0,17.0,4.0,17.076923076923077,0.8,0.01,0.0,0.04,0.01,0.0,0.0,0.0,0.02,0.0,0.03,0.03,0.0,0.0,0.01,False,25
ACACB,0.013000000000000001,0,0,0,19.0,7.0,17.307692307692307,0.8571428571428571,0.01,0.0,0.0,0.0,0.0,0.0,0.0,0.05,0.06,0.01,0.01,0.0,0.0,0.01,False,25
OVOL2,0.013000000000000001,0,0,0,18.0,7.0,17.923076923076923,0.6666666666666666,0.0,0.0,0.0,0.0,0.0,0.04,0.02,0.04,0.03,0.0,0.0,0.0,0.01,0.0,False,25
LOC105374690,0.013000000000000001,0,0,0,20.0,10.0,18.076923076923077,0.0,0.0,0.11,0.0,0.02,0.0,0.0,0.0,0.0,0.0,0.0,0.0,0.12,0.0,0.0,False,25
TSTA3,0.013000000000000001,0,0,0,22.0,11.0,20.0,1.0,0.04,0.0,0.0,0.0,0.0,0.0,0.0,0.02,0.01,0.05,0.05,0.0,0.0,0.04,False,25
ACSM3,0.012,0,0,0,5.5,1.0,9.416666666666666,0.0,0.0,0.05,0.01,0.06,0.0,0.0,0.0,0.0,0.0,0.0,0.0,0.72,0.0,0.0,False,25
C3orf22,0.012,0,0,0,9.0,1.0,9.416666666666666,1.0,0.0,0.0,0.0,0.12,0.0,0.0,0.0,0.0,0.0,0.0,0.0,0.0,0.02,0.0,False,25
DPT,0.012,0,0,0,10.5,2.0,10.25,1.0,0.0,0.0,0.0,0.0,0.0,0.0,0.0,0.04,0.02,0.03,0.03,0.0,0.0,0.0,False,25
IGF1R,0.012,0,0,0,10.5,1.0,10.916666666666666,0.6363636363636364,0.0,0.02,0.09,0.01,0.0,0.0,0.0,0.0,0.0,0.0,0.0,0.0,0.0,0.0,False,25
MOP-1,0.012,0,0,0,11.0,2.0,10.916666666666666,1.0,0.0,0.01,0.0,0.11,0.0,0.0,0.0,0.0,0.0,0.0,0.0,0.0,0.02,0.0,False,25
LOC101928433,0.012,0,0,0,11.0,2.0,12.083333333333334,0.8333333333333334,0.0,0.01,0.11,0.0,0.0,0.0,0.0,0.0,0.0,0.0,0.0,0.0,0.0,0.0,False,25
ZNF541,0.012,0,0,0,12.5,3.0,13.416666666666666,0.5,0.0,0.0,0.0,0.0,0.01,0.11,0.0,0.0,0.0,0.0,0.0,0.0,0.0,0.0,False,25
IRS4,0.012,0,0,0,15.0,3.0,13.583333333333334,0.0,0.0,0.11,0.0,0.01,0.0,0.0,0.0,0.0,0.0,0.0,0.0,0.0,0.0,0.0,False,25
TSPAN17,0.012,0,0,0,10.0,7.0,13.666666666666666,1.0,0.06,0.0,0.0,0.0,0.0,0.0,0.0,0.03,0.05,0.02,0.02,0.0,0.0,0.06,False,25
ZNF518A,0.012,0,0,0,17.0,1.0,14.333333333333334,0.75,0.0,0.03,0.05,0.04,0.0,0.0,0.0,0.0,0.0,0.0,0.0,0.0,0.0,0.0,False,25
TRPM8,0.012,0,0,0,16.5,4.0,15.25,1.0,0.0,0.0,0.0,0.11,0.01,0.0,0.0,0.0,0.0,0.0,0.0,0.0,0.01,0.0,False,25
RANGAP1,0.012,0,0,0,18.0,4.0,16.583333333333332,1.0,0.0,0.0,0.0,0.0,0.0,0.0,0.0,0.01,0.01,0.05,0.05,0.0,0.0,0.0,False,25
CLK2,0.012,0,0,0,17.0,6.0,16.75,1.0,0.0,0.0,0.0,0.0,0.0,0.0,0.0,0.02,0.02,0.04,0.04,0.0,0.0,0.0,False,25
ZNF48,0.012,0,0,0,17.0,5.0,16.833333333333332,1.0,0.0,0.0,0.0,0.0,0.0,0.0,0.0,0.05,0.07,0.0,0.0,0.0,0.0,0.0,False,25
LINC00310,0.012,0,0,0,21.0,2.0,17.5,0.18181818181818182,0.0,0.01,0.0,0.0,0.05,0.0,0.03,0.02,0.01,0.0,0.0,0.0,0.03,0.0,False,25
TBC1D2,0.012,0,0,0,18.5,10.0,17.916666666666668,0.7,0.0,0.0,0.03,0.04,0.0,0.05,0.0,0.0,0.0,0.0,0.0,0.0,0.02,0.0,False,25
ADAM22,0.012,0,0,0,22.5,12.0,21.583333333333332,0.07142857142857142,0.0,0.0,0.0,0.0,0.07,0.0,0.04,0.0,0.0,0.01,0.0,0.0,0.06,0.0,False,25
CNIH3,0.011000000000000001,0,0,0,10.0,1.0,12.545454545454545,1.0,0.0,0.05,0.01,0.05,0.0,0.0,0.0,0.0,0.0,0.0,0.0,0.0,0.0,0.0,False,25
CLDN7,0.011000000000000001,0,0,0,10.0,8.0,13.727272727272727,1.0,0.0,0.0,0.0,0.0,0.0,0.0,0.0,0.04,0.03,0.02,0.02,0.0,0.0,0.0,False,25
STARD10,0.011000000000000001,0,0,0,14.0,4.0,14.0,1.0,0.0,0.0,0.0,0.0,0.0,0.0,0.0,0.07,0.04,0.0,0.0,0.0,0.0,0.0,False,25
FAM76A,0.011000000000000001,0,0,0,20.0,11.0,18.818181818181817,1.0,0.0,0.0,0.0,0.0,0.0,0.0,0.0,0.03,0.0,0.04,0.04,0.0,0.0,0.0,False,25
TNFAIP8L1,0.011,0,0,0,8.0,2.0,10.545454545454545,0.6363636363636364,0.0,0.02,0.09,0.0,0.0,0.0,0.0,0.0,0.0,0.0,0.0,0.0,0.0,0.0,False,25
SCARF2,0.011,0,0,0,13.0,4.0,14.454545454545455,1.0,0.0,0.02,0.01,0.08,0.0,0.0,0.0,0.0,0.0,0.0,0.0,0.0,0.01,0.0,False,25
CATSPER1,0.011,0,0,0,18.0,3.0,15.545454545454545,1.0,0.0,0.0,0.0,0.11,0.0,0.0,0.0,0.0,0.0,0.0,0.0,0.0,0.07,0.0,False,25
GAS5,0.011,0,0,0,15.0,8.0,15.727272727272727,,0.0,0.0,0.0,0.11,0.0,0.0,0.0,0.0,0.0,0.0,0.0,0.0,0.0,0.0,False,25
GPHA2,0.011,0,0,0,18.0,4.0,15.909090909090908,0.05555555555555555,0.0,0.08,0.01,0.02,0.0,0.0,0.0,0.0,0.0,0.0,0.0,0.09,0.0,0.0,False,25
LOC728061,0.011,0,0,0,15.0,8.0,15.909090909090908,0.7272727272727273,0.0,0.03,0.08,0.0,0.0,0.0,0.0,0.0,0.0,0.0,0.0,0.0,0.0,0.0,False,25
LOC401052,0.011,0,0,0,17.0,9.0,16.272727272727273,0.5454545454545454,0.0,0.01,0.08,0.0,0.0,0.01,0.0,0.01,0.0,0.0,0.0,0.0,0.0,0.0,False,25
LZTS1,0.011,0,0,0,20.0,7.0,17.09090909090909,0.8333333333333334,0.0,0.01,0.02,0.05,0.0,0.03,0.0,0.0,0.0,0.0,0.0,0.0,0.0,0.0,False,25
TMEM221,0.011,0,0,0,18.0,4.0,17.272727272727273,0.0,0.0,0.08,0.01,0.02,0.0,0.0,0.0,0.0,0.0,0.0,0.0,0.01,0.0,0.0,False,25
LOC101927204,0.01,0,0,0,9.0,2.0,11.2,1.0,0.28,0.0,0.01,0.0,0.0,0.0,0.0,0.02,0.07,0.0,0.0,0.0,0.0,0.28,False,25
PPP1R2P9,0.01,0,0,0,10.5,4.0,11.6,0.0,0.0,0.08,0.0,0.02,0.0,0.0,0.0,0.0,0.0,0.0,0.0,0.06,0.0,0.0,False,25
ANGPT1,0.01,0,0,0,12.5,2.0,12.5,0.8333333333333334,0.0,0.01,0.0,0.0,0.0,0.0,0.0,0.05,0.04,0.0,0.0,0.0,0.0,0.0,False,25
EPS8L2,0.01,0,0,0,15.0,3.0,12.7,1.0,0.01,0.0,0.0,0.0,0.0,0.0,0.0,0.04,0.02,0.02,0.02,0.0,0.0,0.01,False,25
CCL23,0.01,0,0,0,13.0,6.0,12.9,0.8888888888888888,0.0,0.0,0.0,0.07,0.03,0.0,0.0,0.0,0.0,0.0,0.0,0.01,0.05,0.0,False,25
TMEM132A,0.01,0,0,0,13.0,5.0,13.6,1.0,0.0,0.0,0.0,0.0,0.0,0.0,0.0,0.05,0.05,0.0,0.0,0.0,0.0,0.0,False,25
KCTD15,0.01,0,0,0,14.0,6.0,13.7,0.38461538461538464,0.03,0.0,0.1,0.0,0.0,0.0,0.0,0.0,0.0,0.0,0.0,0.0,0.0,0.03,False,25
RGS17,0.01,0,0,0,13.0,2.0,13.7,0.0,0.0,0.06,0.0,0.04,0.0,0.0,0.0,0.0,0.0,0.0,0.0,0.3,0.0,0.0,False,25
FAM124B,0.01,0,0,0,15.5,4.0,14.6,1.0,0.0,0.0,0.0,0.08,0.02,0.0,0.0,0.0,0.0,0.0,0.0,0.0,0.03,0.0,False,25
PILRA,0.01,0,0,0,13.5,5.0,14.6,,0.0,0.0,0.0,0.1,0.0,0.0,0.0,0.0,0.0,0.0,0.0,0.0,0.0,0.0,False,25
LOC645321,0.01,0,0,0,13.5,6.0,14.8,,0.0,0.0,0.0,0.1,0.0,0.0,0.0,0.0,0.0,0.0,0.0,0.0,0.0,0.0,False,25
PGM2,0.01,0,0,0,15.0,5.0,14.8,0.2222222222222222,0.0,0.01,0.01,0.01,0.0,0.07,0.0,0.0,0.0,0.0,0.0,0.0,0.0,0.0,False,25
GPC3,0.01,0,0,0,18.5,2.0,15.5,0.5,0.0,0.02,0.05,0.0,0.0,0.01,0.0,0.02,0.0,0.0,0.0,0.0,0.0,0.0,False,25
TYRO3,0.01,0,0,0,20.5,4.0,15.5,0.2857142857142857,0.0,0.02,0.0,0.0,0.01,0.01,0.01,0.02,0.03,0.0,0.0,0.0,0.01,0.0,False,25
KIAA1549,0.01,0,0,0,22.0,2.0,18.0,1.0,0.0,0.0,0.0,0.0,0.0,0.0,0.0,0.02,0.02,0.03,0.03,0.0,0.0,0.0,False,25
ACKR4,0.01,0,0,0,19.5,12.0,18.2,0.1,0.0,0.0,0.03,0.0,0.0,0.07,0.0,0.0,0.0,0.0,0.0,0.0,0.0,0.0,False,25
SETD1B,0.01,0,0,0,20.0,8.0,19.2,1.0,0.03,0.0,0.0,0.0,0.0,0.0,0.0,0.03,0.03,0.02,0.02,0.0,0.0,0.03,False,25
LINC01029,0.009999999999999998,0,0,0,10.0,2.0,10.8,0.0,0.0,0.09,0.0,0.01,0.0,0.0,0.0,0.0,0.0,0.0,0.0,0.11,0.0,0.0,False,25
NMRAL1,0.009999999999999998,0,0,0,16.5,7.0,15.1,1.0,0.0,0.0,0.01,0.0,0.0,0.0,0.0,0.04,0.03,0.01,0.01,0.0,0.0,0.0,False,25
GSTM5,0.009999999999999998,0,0,0,19.0,8.0,17.1,0.11764705882352941,0.0,0.04,0.05,0.01,0.0,0.0,0.0,0.0,0.0,0.0,0.0,0.08,0.0,0.0,False,25
MYH9,0.009999999999999998,0,0,0,20.0,4.0,18.8,0.5555555555555556,0.0,0.0,0.07,0.01,0.0,0.01,0.0,0.01,0.0,0.0,0.0,0.0,0.0,0.0,False,25
LINC00968,0.009999999999999998,0,0,0,21.0,7.0,19.0,0.04,0.0,0.06,0.0,0.01,0.01,0.0,0.01,0.01,0.0,0.0,0.0,0.17,0.0,0.0,False,25
HS6ST1,0.009000000000000001,0,0,0,10.0,2.0,8.444444444444445,0.9444444444444444,0.13,0.0,0.01,0.0,0.0,0.0,0.0,0.02,0.02,0.02,0.02,0.0,0.0,0.13,False,25
PEBP4,0.009000000000000001,0,0,0,14.0,6.0,13.88888888888889,1.0,0.0,0.0,0.0,0.07,0.02,0.0,0.0,0.0,0.0,0.0,0.0,0.0,0.0,0.0,False,25
NUSAP1,0.009000000000000001,0,0,0,19.0,8.0,18.555555555555557,1.0,0.05,0.0,0.0,0.0,0.0,0.0,0.0,0.02,0.03,0.02,0.02,0.0,0.0,0.05,False,25
CENPF,0.009000000000000001,0,0,0,21.0,13.0,19.88888888888889,1.0,0.15,0.0,0.0,0.0,0.0,0.0,0.0,0.03,0.01,0.03,0.02,0.0,0.0,0.15,False,25
LOC400965,0.009,0,0,0,8.0,4.0,10.11111111111111,1.0,0.0,0.0,0.0,0.09,0.0,0.0,0.0,0.0,0.0,0.0,0.0,0.0,0.03,0.0,False,25
HAPLN4,0.009,0,0,0,11.0,1.0,10.444444444444445,1.0,0.0,0.02,0.0,0.06,0.01,0.0,0.0,0.0,0.0,0.0,0.0,0.0,0.11,0.0,False,25
KRTAP1-3,0.009,0,0,0,9.0,1.0,11.11111111111111,0.0,0.0,0.05,0.0,0.04,0.0,0.0,0.0,0.0,0.0,0.0,0.0,0.03,0.0,0.0,False,25
THAP3,0.009,0,0,0,11.0,6.0,13.333333333333334,0.3,0.0,0.02,0.02,0.0,0.01,0.04,0.0,0.0,0.0,0.0,0.0,0.0,0.01,0.0,False,25
DCAF8,0.009,0,0,0,14.0,5.0,13.555555555555555,1.0,0.0,0.0,0.0,0.0,0.0,0.0,0.0,0.02,0.01,0.03,0.03,0.0,0.0,0.0,False,25
SLC4A4,0.009,0,0,0,16.0,2.0,13.777777777777779,1.0,0.0,0.0,0.0,0.01,0.0,0.0,0.0,0.03,0.05,0.0,0.0,0.0,0.0,0.0,False,25
TOP2A,0.009,0,0,0,12.0,6.0,13.777777777777779,1.0,0.16,0.0,0.0,0.0,0.0,0.0,0.0,0.02,0.05,0.01,0.01,0.0,0.0,0.16,False,25
MYO18B,0.009,0,0,0,14.0,4.0,14.11111111111111,0.0,0.0,0.08,0.0,0.01,0.0,0.0,0.0,0.0,0.0,0.0,0.0,0.02,0.0,0.0,False,25
TSPAN13,0.009,0,0,0,12.0,4.0,14.11111111111111,0.8333333333333334,0.01,0.0,0.02,0.0,0.0,0.0,0.0,0.03,0.04,0.0,0.0,0.0,0.0,0.01,False,25
DACT2,0.009,0,0,0,14.0,9.0,15.0,0.0,0.0,0.03,0.0,0.06,0.0,0.0,0.0,0.0,0.0,0.0,0.0,0.1,0.0,0.0,False,25
CNRIP1,0.009,0,0,0,15.0,9.0,15.88888888888889,0.75,0.02,0.0,0.0,0.0,0.0,0.0,0.0,0.03,0.0,0.03,0.03,0.0,0.0,0.02,False,25
ATP13A4-AS1,0.009,0,0,0,15.0,5.0,16.0,0.0,0.0,0.08,0.0,0.01,0.0,0.0,0.0,0.0,0.0,0.0,0.0,0.24,0.0,0.0,False,25
VPS37C,0.009,0,0,0,16.0,10.0,16.22222222222222,1.0,0.0,0.0,0.0,0.0,0.0,0.0,0.0,0.04,0.05,0.0,0.0,0.0,0.0,0.0,False,25
PIP4K2C,0.009,0,0,0,17.0,11.0,16.444444444444443,1.0,0.0,0.0,0.0,0.0,0.0,0.0,0.0,0.05,0.02,0.01,0.01,0.0,0.0,0.0,False,25
DOCK11,0.009,0,0,0,18.0,8.0,16.77777777777778,1.0,0.0,0.0,0.0,0.0,0.0,0.0,0.0,0.04,0.03,0.01,0.01,0.0,0.0,0.0,False,25
SOWAHA,0.009,0,0,0,19.0,7.0,17.11111111111111,,0.0,0.0,0.0,0.09,0.0,0.0,0.0,0.0,0.0,0.0,0.0,0.0,0.0,0.0,False,25
SHTN1,0.009,0,0,0,19.0,10.0,17.88888888888889,0.625,0.0,0.01,0.07,0.01,0.0,0.0,0.0,0.0,0.0,0.0,0.0,0.0,0.0,0.0,False,25
BHMT2,0.009,0,0,0,21.0,7.0,18.333333333333332,0.3333333333333333,0.0,0.0,0.0,0.0,0.03,0.02,0.03,0.01,0.0,0.0,0.0,0.0,0.03,0.0,False,25
CENPK,0.009,0,0,0,19.0,10.0,19.444444444444443,1.0,0.0,0.0,0.0,0.0,0.0,0.0,0.0,0.01,0.02,0.03,0.03,0.0,0.0,0.0,False,25
DNAJC7,0.009,0,0,0,22.0,13.0,21.22222222222222,0.6666666666666666,0.0,0.0,0.04,0.0,0.0,0.0,0.0,0.02,0.03,0.0,0.0,0.0,0.0,0.0,False,25
PDE2A,0.008,0,0,0,4.0,1.0,8.0,0.6666666666666666,0.0,0.0,0.03,0.01,0.0,0.0,0.0,0.01,0.01,0.01,0.01,0.01,0.0,0.0,False,25
DEPDC7,0.008,0,0,0,9.5,5.0,9.625,1.0,0.0,0.03,0.0,0.05,0.0,0.0,0.0,0.0,0.0,0.0,0.0,0.0,0.0,0.0,False,25
WISP2,0.008,0,0,0,6.5,4.0,9.75,0.5714285714285714,0.01,0.02,0.02,0.0,0.0,0.0,0.0,0.02,0.02,0.0,0.0,0.0,0.0,0.01,False,25
SPATA8,0.008,0,0,0,8.5,2.0,10.5,1.0,0.0,0.0,0.0,0.08,0.0,0.0,0.0,0.0,0.0,0.0,0.0,0.0,0.01,0.0,False,25
ERMP1,0.008,0,0,0,11.5,1.0,11.0,0.6666666666666666,0.0,0.0,0.01,0.0,0.0,0.0,0.0,0.02,0.05,0.0,0.0,0.0,0.0,0.0,False,25
FLJ27354,0.008,0,0,0,11.0,4.0,11.25,0.0,0.0,0.03,0.0,0.05,0.0,0.0,0.0,0.0,0.0,0.0,0.0,0.07,0.0,0.0,False,25
SMYD3,0.008,0,0,0,9.0,2.0,11.5,0.375,0.0,0.0,0.08,0.0,0.0,0.0,0.0,0.0,0.0,0.0,0.0,0.0,0.0,0.0,False,25
LINC01004,0.008,0,0,0,12.5,1.0,11.625,0.75,0.02,0.01,0.03,0.0,0.0,0.0,0.0,0.02,0.02,0.0,0.0,0.0,0.0,0.02,False,25
AURKA,0.008,0,0,0,11.5,5.0,12.0,1.0,0.0,0.0,0.0,0.0,0.0,0.0,0.0,0.02,0.02,0.02,0.02,0.0,0.0,0.0,False,25
PRC1,0.008,0,0,0,10.5,2.0,12.0,1.0,0.58,0.0,0.0,0.0,0.0,0.0,0.0,0.04,0.04,0.0,0.0,0.0,0.0,0.58,False,25
MBNL1,0.008,0,0,0,13.5,3.0,12.625,1.0,0.0,0.0,0.0,0.0,0.0,0.0,0.0,0.04,0.04,0.0,0.0,0.0,0.0,0.0,False,25
AVPI1,0.008,0,0,0,15.0,3.0,13.125,1.0,0.0,0.0,0.0,0.0,0.0,0.0,0.0,0.01,0.0,0.04,0.03,0.0,0.0,0.0,False,25
RFX6,0.008,0,0,0,14.5,2.0,13.625,1.0,0.0,0.01,0.0,0.07,0.0,0.0,0.0,0.0,0.0,0.0,0.0,0.0,0.0,0.0,False,25
SPATA13,0.008,0,0,0,13.0,5.0,13.625,0.5,0.0,0.0,0.0,0.0,0.0,0.08,0.0,0.0,0.0,0.0,0.0,0.0,0.0,0.0,False,25
FREM1,0.008,0,0,0,14.5,8.0,14.125,1.0,0.0,0.0,0.0,0.0,0.0,0.0,0.0,0.01,0.01,0.03,0.03,0.0,0.0,0.0,False,25
CDCP1,0.008,0,0,0,12.0,6.0,14.375,1.0,0.0,0.0,0.0,0.0,0.0,0.0,0.0,0.03,0.05,0.0,0.0,0.0,0.0,0.0,False,25
BGN,0.008,0,0,0,18.0,1.0,14.5,0.42857142857142855,0.01,0.01,0.04,0.0,0.0,0.0,0.0,0.01,0.02,0.0,0.0,0.0,0.0,0.01,False,25
MSTN,0.008,0,0,0,14.5,8.0,14.5,,0.0,0.0,0.0,0.08,0.0,0.0,0.0,0.0,0.0,0.0,0.0,0.0,0.0,0.0,False,25
LOC647115,0.008,0,0,0,13.5,6.0,14.625,0.4,0.0,0.01,0.02,0.0,0.02,0.02,0.01,0.0,0.0,0.0,0.0,0.0,0.03,0.0,False,25
RASSF6,0.008,0,0,0,15.5,7.0,15.25,0.8,0.0,0.0,0.0,0.03,0.0,0.05,0.0,0.0,0.0,0.0,0.0,0.0,0.0,0.0,False,25
FRAS1,0.008,0,0,0,18.0,1.0,15.375,0.5714285714285714,0.0,0.02,0.05,0.01,0.0,0.0,0.0,0.0,0.0,0.0,0.0,0.0,0.0,0.0,False,25
SERTAD4,0.008,0,0,0,17.0,2.0,15.375,0.625,0.0,0.0,0.08,0.0,0.0,0.0,0.0,0.0,0.0,0.0,0.0,0.0,0.0,0.0,False,25
A2M-AS1,0.008,0,0,0,14.5,7.0,15.5,0.1,0.0,0.01,0.01,0.0,0.01,0.05,0.0,0.0,0.0,0.0,0.0,0.0,0.02,0.0,False,25
RBM12B,0.008,0,0,0,13.5,10.0,15.75,1.0,0.07,0.0,0.01,0.0,0.0,0.0,0.0,0.03,0.03,0.0,0.01,0.0,0.0,0.07,False,25
SULF2,0.008,0,0,0,17.0,3.0,15.875,0.375,0.0,0.02,0.06,0.0,0.0,0.0,0.0,0.0,0.0,0.0,0.0,0.0,0.0,0.0,False,25
LOC254028,0.008,0,0,0,16.5,10.0,16.125,0.0,0.0,0.06,0.0,0.02,0.0,0.0,0.0,0.0,0.0,0.0,0.0,0.05,0.0,0.0,False,25
AADAC,0.008,0,0,0,16.0,13.0,16.25,0.14285714285714285,0.0,0.03,0.0,0.0,0.0,0.0,0.02,0.01,0.02,0.0,0.0,0.0,0.03,0.0,False,25
LOC389831,0.008,0,0,0,16.5,8.0,16.25,0.6666666666666666,0.0,0.0,0.0,0.05,0.0,0.03,0.0,0.0,0.0,0.0,0.0,0.0,0.0,0.0,False,25
NAALADL1,0.008,0,0,0,17.0,7.0,16.25,0.5,0.0,0.0,0.08,0.0,0.0,0.0,0.0,0.0,0.0,0.0,0.0,0.0,0.0,0.0,False,25
MRPL1,0.008,0,0,0,15.5,6.0,16.5,0.625,0.0,0.0,0.08,0.0,0.0,0.0,0.0,0.0,0.0,0.0,0.0,0.0,0.0,0.0,False,25
ZNF788,0.008,0,0,0,17.0,11.0,17.0,,0.0,0.0,0.0,0.08,0.0,0.0,0.0,0.0,0.0,0.0,0.0,0.0,0.0,0.0,False,25
HELLS,0.008,0,0,0,18.5,9.0,17.125,1.0,0.0,0.0,0.0,0.0,0.0,0.0,0.0,0.01,0.02,0.02,0.03,0.0,0.0,0.0,False,25
ATP8B5P,0.008,0,0,0,20.5,2.0,17.375,0.0,0.0,0.08,0.0,0.0,0.0,0.0,0.0,0.0,0.0,0.0,0.0,0.27,0.0,0.0,False,25
LOC101928409,0.008,0,0,0,18.0,7.0,17.625,0.2222222222222222,0.0,0.03,0.0,0.01,0.0,0.0,0.0,0.0,0.0,0.02,0.02,0.04,0.0,0.0,False,25
ST6GALNAC3,0.008,0,0,0,18.0,11.0,17.625,0.2,0.0,0.02,0.0,0.01,0.01,0.01,0.03,0.0,0.0,0.0,0.0,0.0,0.01,0.0,False,25
TMEM120B,0.008,0,0,0,18.5,9.0,17.625,0.375,0.0,0.0,0.0,0.0,0.0,0.08,0.0,0.0,0.0,0.0,0.0,0.0,0.0,0.0,False,25
WDFY3-AS2,0.008,0,0,0,20.0,8.0,18.625,0.5,0.0,0.0,0.01,0.01,0.01,0.05,0.0,0.0,0.0,0.0,0.0,0.0,0.01,0.0,False,25
PLEKHG6,0.008,0,0,0,18.5,15.0,19.0,0.7142857142857143,0.0,0.0,0.04,0.01,0.0,0.03,0.0,0.0,0.0,0.0,0.0,0.0,0.0,0.0,False,25
RPL32P3,0.008,0,0,0,19.5,15.0,19.125,1.0,0.0,0.0,0.0,0.0,0.0,0.0,0.0,0.03,0.05,0.0,0.0,0.0,0.0,0.0,False,25
KIF20A,0.008,0,0,0,19.0,12.0,19.5,1.0,0.01,0.0,0.0,0.0,0.0,0.0,0.0,0.04,0.04,0.0,0.0,0.0,0.0,0.01,False,25
ADGRD1,0.008,0,0,0,21.0,9.0,20.0,0.0,0.0,0.0,0.0,0.0,0.02,0.0,0.06,0.0,0.0,0.0,0.0,0.02,0.01,0.0,False,25
TNMD,0.007999999999999998,0,0,0,11.5,10.0,13.5,0.3333333333333333,0.0,0.02,0.01,0.0,0.01,0.0,0.02,0.01,0.01,0.0,0.0,0.0,0.01,0.0,False,25
LIG1,0.007999999999999998,0,0,0,15.0,2.0,14.0,1.0,0.0,0.0,0.0,0.0,0.0,0.0,0.0,0.03,0.03,0.01,0.01,0.0,0.0,0.0,False,25
CLDN5,0.007999999999999998,0,0,0,15.5,10.0,16.25,0.8,0.01,0.0,0.0,0.0,0.0,0.0,0.0,0.03,0.03,0.01,0.01,0.0,0.0,0.01,False,25
PTBP1,0.007999999999999998,0,0,0,16.5,11.0,17.25,1.0,0.02,0.0,0.0,0.0,0.0,0.0,0.0,0.03,0.03,0.01,0.01,0.0,0.0,0.02,False,25
PTGFRN,0.007999999999999998,0,0,0,17.5,12.0,17.5,0.75,0.0,0.0,0.03,0.03,0.0,0.0,0.0,0.01,0.01,0.0,0.0,0.0,0.0,0.0,False,25
TMEM125,0.007000000000000001,0,0,0,5.0,2.0,7.0,1.0,0.18,0.0,0.0,0.0,0.0,0.0,0.0,0.04,0.03,0.0,0.0,0.0,0.0,0.18,False,25
RECQL4,0.007000000000000001,0,0,0,9.0,2.0,10.857142857142858,1.0,0.12,0.0,0.0,0.0,0.0,0.0,0.0,0.03,0.04,0.0,0.0,0.0,0.0,0.12,False,25
SHISA6,0.007000000000000001,0,0,0,8.0,7.0,11.0,,0.0,0.0,0.0,0.07,0.0,0.0,0.0,0.0,0.0,0.0,0.0,0.0,0.0,0.0,False,25
CEP19,0.007000000000000001,0,0,0,10.0,3.0,11.142857142857142,0.5714285714285714,0.0,0.0,0.07,0.0,0.0,0.0,0.0,0.0,0.0,0.0,0.0,0.0,0.0,0.0,False,25
AKR1C1,0.007000000000000001,0,0,0,12.0,4.0,11.428571428571429,0.21428571428571427,0.11,0.0,0.0,0.0,0.0,0.0,0.0,0.03,0.04,0.0,0.0,0.0,0.0,0.11,False,25
LOC339352,0.007000000000000001,0,0,0,13.0,4.0,11.857142857142858,,0.0,0.0,0.0,0.07,0.0,0.0,0.0,0.0,0.0,0.0,0.0,0.0,0.0,0.0,False,25
CLMP,0.007000000000000001,0,0,0,12.0,5.0,12.714285714285714,0.8,0.01,0.0,0.0,0.0,0.0,0.0,0.0,0.02,0.01,0.02,0.02,0.0,0.0,0.01,False,25
AMIGO1,0.007000000000000001,0,0,0,14.0,8.0,13.571428571428571,0.3333333333333333,0.0,0.01,0.05,0.01,0.0,0.0,0.0,0.0,0.0,0.0,0.0,0.0,0.0,0.0,False,25
LOC101927870,0.007000000000000001,0,0,0,14.0,4.0,13.714285714285714,1.0,0.0,0.0,0.0,0.04,0.03,0.0,0.0,0.0,0.0,0.0,0.0,0.0,0.01,0.0,False,25
LOC101928069,0.007000000000000001,0,0,0,15.0,4.0,13.857142857142858,0.0,0.0,0.05,0.0,0.02,0.0,0.0,0.0,0.0,0.0,0.0,0.0,0.06,0.0,0.0,False,25
CENPU,0.007000000000000001,0,0,0,15.0,7.0,14.285714285714286,1.0,0.0,0.0,0.01,0.0,0.0,0.0,0.0,0.01,0.01,0.02,0.02,0.0,0.0,0.0,False,25
SERPINB10,0.007000000000000001,0,0,0,16.0,6.0,14.571428571428571,0.0,0.0,0.07,0.0,0.0,0.0,0.0,0.0,0.0,0.0,0.0,0.0,0.02,0.0,0.0,False,25
ARHGEF33,0.007000000000000001,0,0,0,12.0,8.0,15.0,0.0,0.0,0.05,0.0,0.02,0.0,0.0,0.0,0.0,0.0,0.0,0.0,0.05,0.0,0.0,False,25
EPB41L1,0.007000000000000001,0,0,0,17.0,6.0,15.142857142857142,0.5,0.0,0.0,0.01,0.01,0.0,0.05,0.0,0.0,0.0,0.0,0.0,0.0,0.0,0.0,False,25
ACAA2,0.007000000000000001,0,0,0,15.0,11.0,15.714285714285714,1.0,0.0,0.0,0.0,0.0,0.0,0.0,0.0,0.01,0.0,0.03,0.03,0.0,0.0,0.0,False,25
BAIAP2L1,0.007000000000000001,0,0,0,17.0,7.0,15.857142857142858,1.0,0.05,0.0,0.0,0.0,0.0,0.0,0.0,0.02,0.01,0.02,0.02,0.0,0.0,0.05,False,25
LCNL1,0.007000000000000001,0,0,0,21.0,5.0,16.142857142857142,0.0,0.0,0.07,0.0,0.0,0.0,0.0,0.0,0.0,0.0,0.0,0.0,0.0,0.0,0.0,False,25
MELK,0.007000000000000001,0,0,0,18.0,3.0,16.142857142857142,1.0,0.0,0.0,0.0,0.0,0.0,0.0,0.0,0.03,0.04,0.0,0.0,0.0,0.0,0.0,False,25
EPPK1,0.007000000000000001,0,0,0,15.0,13.0,16.428571428571427,1.0,0.0,0.0,0.0,0.0,0.0,0.0,0.0,0.02,0.05,0.0,0.0,0.0,0.0,0.0,False,25
PHACTR4,0.007000000000000001,0,0,0,18.0,1.0,16.428571428571427,0.3333333333333333,0.0,0.01,0.02,0.01,0.0,0.03,0.0,0.0,0.0,0.0,0.0,0.0,0.0,0.0,False,25
SH3KBP1,0.007000000000000001,0,0,0,16.0,9.0,16.714285714285715,0.26666666666666666,0.11,0.0,0.0,0.0,0.0,0.0,0.0,0.03,0.02,0.01,0.01,0.0,0.0,0.11,False,25
ZNF629,0.007000000000000001,0,0,0,17.0,11.0,16.714285714285715,1.0,0.0,0.0,0.0,0.0,0.0,0.0,0.0,0.03,0.04,0.0,0.0,0.0,0.0,0.0,False,25
GPIHBP1,0.007000000000000001,0,0,0,15.0,12.0,17.0,0.3333333333333333,0.0,0.0,0.0,0.01,0.0,0.0,0.05,0.01,0.0,0.0,0.0,0.0,0.02,0.0,False,25
MGC16275,0.007000000000000001,0,0,0,18.0,12.0,17.142857142857142,0.5,0.0,0.0,0.0,0.05,0.01,0.01,0.0,0.0,0.0,0.0,0.0,0.0,0.0,0.0,False,25
STXBP6,0.007000000000000001,0,0,0,22.0,4.0,18.428571428571427,0.4,0.0,0.02,0.01,0.0,0.0,0.0,0.0,0.0,0.0,0.02,0.02,0.0,0.0,0.0,False,25
ZWINT,0.007000000000000001,0,0,0,18.0,13.0,18.428571428571427,1.0,0.0,0.0,0.0,0.0,0.0,0.0,0.0,0.01,0.02,0.02,0.02,0.0,0.0,0.0,False,25
EXOC7,0.007000000000000001,0,0,0,19.0,15.0,18.714285714285715,1.0,0.0,0.0,0.0,0.0,0.0,0.0,0.0,0.0,0.01,0.03,0.03,0.0,0.0,0.0,False,25
SIX4,0.007000000000000001,0,0,0,20.0,10.0,19.142857142857142,1.0,0.0,0.0,0.0,0.0,0.0,0.0,0.0,0.02,0.05,0.0,0.0,0.0,0.0,0.0,False,25
CD109,0.007000000000000001,0,0,0,21.0,9.0,19.571428571428573,0.8,0.0,0.01,0.02,0.02,0.0,0.02,0.0,0.0,0.0,0.0,0.0,0.0,0.0,0.0,False,25
LAMA5,0.007000000000000001,0,0,0,21.0,13.0,19.571428571428573,1.0,0.05,0.0,0.0,0.0,0.0,0.0,0.0,0.0,0.01,0.03,0.03,0.0,0.0,0.05,False,25
SGK2,0.007000000000000001,0,0,0,24.0,17.0,22.428571428571427,0.0,0.0,0.0,0.0,0.0,0.03,0.0,0.04,0.0,0.0,0.0,0.0,0.0,0.05,0.0,False,25
PAK5,0.006999999999999999,0,0,0,13.0,2.0,12.714285714285714,0.0,0.0,0.06,0.0,0.01,0.0,0.0,0.0,0.0,0.0,0.0,0.0,0.02,0.0,0.0,False,25
GHRH,0.006999999999999999,0,0,0,13.0,5.0,13.285714285714286,1.0,0.0,0.0,0.0,0.06,0.01,0.0,0.0,0.0,0.0,0.0,0.0,0.0,0.01,0.0,False,25
LOC158863,0.006999999999999999,0,0,0,15.0,6.0,13.571428571428571,0.8333333333333334,0.0,0.02,0.04,0.01,0.0,0.0,0.0,0.0,0.0,0.0,0.0,0.0,0.0,0.0,False,25
SMIM3,0.006999999999999999,0,0,0,16.0,9.0,16.142857142857142,1.0,0.0,0.0,0.0,0.0,0.0,0.0,0.0,0.06,0.01,0.0,0.0,0.0,0.0,0.0,False,25
FFAR4,0.006999999999999999,0,0,0,17.0,11.0,16.714285714285715,0.0,0.0,0.0,0.0,0.0,0.06,0.0,0.01,0.0,0.0,0.0,0.0,0.0,0.01,0.0,False,25
TFAP2A,0.006999999999999999,0,0,0,20.0,6.0,17.285714285714285,1.0,0.0,0.01,0.01,0.0,0.0,0.0,0.02,0.02,0.01,0.0,0.0,0.0,0.0,0.0,False,25
UHRF1,0.006999999999999999,0,0,0,22.0,6.0,18.571428571428573,1.0,0.0,0.01,0.01,0.0,0.0,0.0,0.0,0.02,0.02,0.0,0.01,0.0,0.0,0.0,False,25
PLEKHA4,0.006999999999999999,0,0,0,22.0,14.0,21.857142857142858,1.0,0.0,0.0,0.0,0.06,0.01,0.0,0.0,0.0,0.0,0.0,0.0,0.0,0.01,0.0,False,25
KY,0.006,0,0,0,3.5,2.0,6.5,,0.0,0.0,0.0,0.06,0.0,0.0,0.0,0.0,0.0,0.0,0.0,0.0,0.0,0.0,False,25
COPZ2,0.006,0,0,0,9.5,4.0,9.166666666666666,0.6,0.02,0.0,0.0,0.0,0.0,0.0,0.0,0.03,0.03,0.0,0.0,0.0,0.0,0.02,False,25
FLG,0.006,0,0,0,9.5,6.0,10.0,0.0,0.0,0.06,0.0,0.0,0.0,0.0,0.0,0.0,0.0,0.0,0.0,0.11,0.0,0.0,False,25
ROR2,0.006,0,0,0,11.5,1.0,11.0,0.3333333333333333,0.0,0.02,0.04,0.0,0.0,0.0,0.0,0.0,0.0,0.0,0.0,0.0,0.0,0.0,False,25
LINC00271,0.006,0,0,0,10.0,2.0,11.333333333333334,,0.0,0.0,0.0,0.06,0.0,0.0,0.0,0.0,0.0,0.0,0.0,0.0,0.0,0.0,False,25
LOC153577,0.006,0,0,0,11.5,5.0,11.833333333333334,,0.0,0.0,0.0,0.06,0.0,0.0,0.0,0.0,0.0,0.0,0.0,0.0,0.0,0.0,False,25
ILF3,0.006,0,0,0,14.5,2.0,12.333333333333334,1.0,0.0,0.0,0.0,0.0,0.0,0.0,0.0,0.02,0.04,0.0,0.0,0.0,0.0,0.0,False,25
PHEX-AS1,0.006,0,0,0,13.0,4.0,13.333333333333334,,0.0,0.0,0.0,0.06,0.0,0.0,0.0,0.0,0.0,0.0,0.0,0.0,0.0,0.0,False,25
CHERP,0.006,0,0,0,14.5,8.0,14.333333333333334,1.0,0.0,0.0,0.0,0.0,0.0,0.0,0.0,0.03,0.03,0.0,0.0,0.0,0.0,0.0,False,25
PTHLH,0.006,0,0,0,16.0,4.0,14.333333333333334,0.0,0.0,0.05,0.01,0.0,0.0,0.0,0.0,0.0,0.0,0.0,0.0,0.03,0.0,0.0,False,25
ARHGAP24,0.006,0,0,0,20.0,4.0,15.0,1.0,0.0,0.0,0.0,0.0,0.0,0.0,0.0,0.0,0.0,0.03,0.03,0.0,0.0,0.0,False,25
MGARP,0.006,0,0,0,14.0,9.0,15.0,,0.0,0.0,0.0,0.06,0.0,0.0,0.0,0.0,0.0,0.0,0.0,0.0,0.0,0.0,False,25
ZNF92,0.006,0,0,0,15.0,6.0,15.0,0.3333333333333333,0.0,0.0,0.03,0.03,0.0,0.0,0.0,0.0,0.0,0.0,0.0,0.0,0.0,0.0,False,25
EEF1AKMT1,0.006,0,0,0,17.5,7.0,15.833333333333334,0.4,0.0,0.02,0.03,0.01,0.0,0.0,0.0,0.0,0.0,0.0,0.0,0.0,0.0,0.0,False,25
MAP6,0.006,0,0,0,15.5,9.0,15.833333333333334,0.25,0.0,0.04,0.02,0.0,0.0,0.0,0.0,0.0,0.0,0.0,0.0,0.02,0.0,0.0,False,25
SLC26A11,0.006,0,0,0,14.5,13.0,16.0,1.0,0.0,0.0,0.0,0.0,0.0,0.0,0.0,0.02,0.02,0.01,0.01,0.0,0.0,0.0,False,25
TMEM97,0.006,0,0,0,16.0,7.0,16.166666666666668,1.0,0.0,0.0,0.0,0.0,0.0,0.0,0.0,0.01,0.03,0.01,0.01,0.0,0.0,0.0,False,25
KIF2C,0.006,0,0,0,16.0,13.0,16.333333333333332,1.0,0.18,0.0,0.0,0.0,0.0,0.0,0.0,0.04,0.02,0.0,0.0,0.0,0.0,0.18,False,25
TNAP,0.006,0,0,0,15.0,13.0,16.333333333333332,,0.0,0.0,0.0,0.06,0.0,0.0,0.0,0.0,0.0,0.0,0.0,0.0,0.0,0.0,False,25
MMD,0.006,0,0,0,18.0,4.0,16.5,1.0,0.0,0.0,0.0,0.0,0.0,0.0,0.0,0.04,0.02,0.0,0.0,0.0,0.0,0.0,False,25
ZNF792,0.006,0,0,0,17.0,10.0,16.5,0.8333333333333334,0.0,0.02,0.04,0.0,0.0,0.0,0.0,0.0,0.0,0.0,0.0,0.0,0.0,0.0,False,25
SH3GLB1,0.006,0,0,0,16.0,12.0,16.666666666666668,1.0,0.0,0.0,0.0,0.0,0.0,0.0,0.0,0.01,0.01,0.02,0.02,0.0,0.0,0.0,False,25
TSPAN11,0.006,0,0,0,17.5,7.0,16.833333333333332,1.0,0.0,0.01,0.0,0.05,0.0,0.0,0.0,0.0,0.0,0.0,0.0,0.0,0.0,0.0,False,25
PROK2,0.006,0,0,0,17.0,10.0,17.0,0.0,0.0,0.04,0.0,0.02,0.0,0.0,0.0,0.0,0.0,0.0,0.0,0.04,0.0,0.0,False,25
SEL1L2,0.006,0,0,0,15.0,9.0,17.0,0.0,0.0,0.06,0.0,0.0,0.0,0.0,0.0,0.0,0.0,0.0,0.0,0.06,0.0,0.0,False,25
LOC100506585,0.006,0,0,0,17.0,11.0,17.166666666666668,,0.0,0.0,0.0,0.06,0.0,0.0,0.0,0.0,0.0,0.0,0.0,0.0,0.0,0.0,False,25
KIAA1522,0.006,0,0,0,18.0,10.0,17.333333333333332,1.0,0.01,0.0,0.0,0.0,0.0,0.0,0.0,0.02,0.02,0.01,0.01,0.0,0.0,0.01,False,25
LOC728730,0.006,0,0,0,19.5,2.0,17.333333333333332,0.6666666666666666,0.0,0.01,0.04,0.0,0.0,0.01,0.0,0.0,0.0,0.0,0.0,0.0,0.0,0.0,False,25
OR51E1,0.006,0,0,0,16.5,12.0,17.333333333333332,0.0,0.0,0.01,0.0,0.02,0.01,0.01,0.01,0.0,0.0,0.0,0.0,0.0,0.07,0.0,False,25
UNC5B,0.006,0,0,0,20.5,8.0,17.333333333333332,0.5,0.0,0.01,0.02,0.0,0.0,0.0,0.0,0.0,0.01,0.01,0.01,0.0,0.0,0.0,False,25
LOC105370424,0.006,0,0,0,21.5,6.0,17.5,0.0,0.0,0.05,0.0,0.01,0.0,0.0,0.0,0.0,0.0,0.0,0.0,0.03,0.0,0.0,False,25
SAA3P,0.006,0,0,0,19.5,8.0,17.5,0.14285714285714285,0.0,0.03,0.03,0.0,0.0,0.0,0.0,0.0,0.0,0.0,0.0,0.01,0.0,0.0,False,25
RAB25,0.006,0,0,0,18.5,10.0,17.666666666666668,1.0,0.1,0.0,0.0,0.0,0.0,0.0,0.0,0.02,0.04,0.0,0.0,0.0,0.0,0.1,False,25
BCHE,0.006,0,0,0,19.5,6.0,17.833333333333332,0.3333333333333333,0.0,0.0,0.0,0.0,0.01,0.02,0.01,0.01,0.01,0.0,0.0,0.0,0.02,0.0,False,25
RUSC1,0.006,0,0,0,18.0,12.0,17.833333333333332,1.0,0.0,0.0,0.0,0.0,0.0,0.0,0.0,0.01,0.05,0.0,0.0,0.0,0.0,0.0,False,25
FAM149A,0.006,0,0,0,17.5,16.0,18.333333333333332,0.5,0.0,0.0,0.06,0.0,0.0,0.0,0.0,0.0,0.0,0.0,0.0,0.0,0.0,0.0,False,25
GPBAR1,0.006,0,0,0,20.0,9.0,18.333333333333332,0.75,0.0,0.0,0.0,0.0,0.01,0.0,0.0,0.02,0.01,0.01,0.01,0.0,0.0,0.0,False,25
ARFGEF1,0.006,0,0,0,17.5,15.0,18.666666666666668,0.6,0.02,0.0,0.02,0.0,0.0,0.0,0.0,0.01,0.03,0.0,0.0,0.0,0.0,0.02,False,25
CHIT1,0.006,0,0,0,19.0,13.0,18.666666666666668,0.7142857142857143,0.0,0.0,0.0,0.02,0.02,0.02,0.0,0.0,0.0,0.0,0.0,0.0,0.03,0.0,False,25
LOC101928806,0.006,0,0,0,19.5,13.0,18.666666666666668,0.0,0.0,0.06,0.0,0.0,0.0,0.0,0.0,0.0,0.0,0.0,0.0,0.0,0.0,0.0,False,25
SMIM20,0.006,0,0,0,22.0,5.0,18.833333333333332,1.0,0.0,0.0,0.0,0.0,0.0,0.0,0.0,0.03,0.03,0.0,0.0,0.0,0.0,0.0,False,25
GPLD1,0.006,0,0,0,18.5,13.0,19.0,0.0,0.0,0.0,0.0,0.0,0.03,0.02,0.01,0.0,0.0,0.0,0.0,0.0,0.06,0.0,False,25
SLC25A25,0.006,0,0,0,18.5,16.0,19.0,0.3333333333333333,0.0,0.0,0.02,0.03,0.0,0.01,0.0,0.0,0.0,0.0,0.0,0.0,0.0,0.0,False,25
CD248,0.006,0,0,0,20.5,11.0,19.166666666666668,1.0,0.0,0.0,0.0,0.0,0.0,0.0,0.0,0.01,0.0,0.03,0.02,0.0,0.0,0.0,False,25
MID1,0.006,0,0,0,18.5,14.0,19.166666666666668,1.0,0.0,0.0,0.0,0.0,0.0,0.0,0.0,0.01,0.01,0.02,0.02,0.0,0.0,0.0,False,25
MFAP2,0.006,0,0,0,20.5,11.0,19.5,0.3333333333333333,0.0,0.0,0.06,0.0,0.0,0.0,0.0,0.0,0.0,0.0,0.0,0.0,0.0,0.0,False,25
PAK4,0.006,0,0,0,20.5,14.0,19.833333333333332,1.0,0.0,0.0,0.0,0.0,0.0,0.0,0.0,0.01,0.05,0.0,0.0,0.0,0.0,0.0,False,25
POLD1,0.006,0,0,0,23.0,14.0,20.666666666666668,0.8,0.01,0.0,0.03,0.0,0.0,0.0,0.0,0.0,0.01,0.01,0.01,0.0,0.0,0.01,False,25
ASPA,0.006,0,0,0,21.5,15.0,20.833333333333332,0.16666666666666666,0.0,0.01,0.0,0.0,0.0,0.0,0.03,0.01,0.01,0.0,0.0,0.0,0.04,0.0,False,25
SLC19A3,0.006,0,0,0,22.5,19.0,22.333333333333332,0.3333333333333333,0.0,0.0,0.0,0.0,0.0,0.0,0.05,0.01,0.0,0.0,0.0,0.0,0.02,0.0,False,25
KRT75,0.005,0,0,0,2.0,1.0,3.0,1.0,0.0,0.05,0.0,0.0,0.0,0.0,0.0,0.0,0.0,0.0,0.0,0.0,0.0,0.0,False,25
PLEKHS1,0.005,0,0,0,8.0,2.0,6.6,0.2,0.0,0.01,0.04,0.0,0.0,0.0,0.0,0.0,0.0,0.0,0.0,0.0,0.0,0.0,False,25
BICD1,0.005,0,0,0,7.0,3.0,9.2,0.4,0.0,0.01,0.04,0.0,0.0,0.0,0.0,0.0,0.0,0.0,0.0,0.0,0.0,0.0,False,25
LINC01104,0.005,0,0,0,8.0,4.0,9.4,,0.0,0.0,0.0,0.05,0.0,0.0,0.0,0.0,0.0,0.0,0.0,0.0,0.0,0.0,False,25
ITGAE,0.005,0,0,0,9.0,3.0,9.6,0.8,0.0,0.01,0.04,0.0,0.0,0.0,0.0,0.0,0.0,0.0,0.0,0.0,0.0,0.0,False,25
GLRA3,0.005,0,0,0,12.0,1.0,10.0,0.2,0.0,0.04,0.01,0.0,0.0,0.0,0.0,0.0,0.0,0.0,0.0,0.0,0.0,0.0,False,25
ZFP37,0.005,0,0,0,8.0,4.0,10.0,,0.0,0.0,0.0,0.05,0.0,0.0,0.0,0.0,0.0,0.0,0.0,0.0,0.0,0.0,False,25
COL4A5,0.005,0,0,0,6.0,1.0,10.2,0.75,0.0,0.01,0.02,0.01,0.0,0.01,0.0,0.0,0.0,0.0,0.0,0.0,0.0,0.0,False,25
LOC102723845,0.005,0,0,0,9.0,4.0,10.4,0.0,0.0,0.04,0.0,0.01,0.0,0.0,0.0,0.0,0.0,0.0,0.0,0.1,0.0,0.0,False,25
PDIA4,0.005,0,0,0,9.0,6.0,10.4,0.75,0.0,0.0,0.01,0.0,0.0,0.01,0.0,0.02,0.01,0.0,0.0,0.0,0.0,0.0,False,25
PKM,0.005,0,0,0,8.0,3.0,10.8,1.0,0.0,0.0,0.01,0.0,0.0,0.0,0.0,0.02,0.02,0.0,0.0,0.0,0.0,0.0,False,25
PLPP2,0.005,0,0,0,10.0,2.0,10.8,1.0,0.06,0.0,0.0,0.0,0.0,0.0,0.0,0.03,0.02,0.0,0.0,0.0,0.0,0.06,False,25
RAB15,0.005,0,0,0,13.0,5.0,10.8,1.0,0.0,0.0,0.0,0.0,0.0,0.0,0.0,0.02,0.01,0.01,0.01,0.0,0.0,0.0,False,25
NOVA1,0.005,0,0,0,14.0,3.0,11.2,0.4,0.0,0.01,0.04,0.0,0.0,0.0,0.0,0.0,0.0,0.0,0.0,0.0,0.0,0.0,False,25
MMP13,0.005,0,0,0,6.0,2.0,11.4,0.3333333333333333,0.0,0.01,0.02,0.02,0.0,0.0,0.0,0.0,0.0,0.0,0.0,0.0,0.0,0.0,False,25
SLC30A7,0.005,0,0,0,7.0,3.0,11.4,0.75,0.0,0.01,0.03,0.01,0.0,0.0,0.0,0.0,0.0,0.0,0.0,0.0,0.0,0.0,False,25
KRT8P12,0.005,0,0,0,15.0,1.0,11.8,0.6,0.0,0.03,0.02,0.0,0.0,0.0,0.0,0.0,0.0,0.0,0.0,0.0,0.0,0.0,False,25
ZNF544,0.005,0,0,0,11.0,6.0,11.8,1.0,0.0,0.0,0.0,0.0,0.0,0.0,0.0,0.03,0.02,0.0,0.0,0.0,0.0,0.0,False,25
PSD4,0.005,0,0,0,11.0,8.0,12.0,1.0,0.0,0.0,0.0,0.0,0.0,0.0,0.0,0.01,0.0,0.02,0.02,0.0,0.0,0.0,False,25
FBXL16,0.005,0,0,0,13.0,4.0,12.2,1.0,0.79,0.0,0.0,0.0,0.0,0.0,0.0,0.02,0.03,0.0,0.0,0.0,0.0,0.79,False,25
TRIM40,0.005,0,0,0,12.0,7.0,12.8,0.0,0.0,0.04,0.0,0.01,0.0,0.0,0.0,0.0,0.0,0.0,0.0,0.01,0.0,0.0,False,25
RILP,0.005,0,0,0,9.0,7.0,13.0,0.2,0.0,0.01,0.04,0.0,0.0,0.0,0.0,0.0,0.0,0.0,0.0,0.0,0.0,0.0,False,25
LILRA6,0.005,0,0,0,8.0,5.0,13.2,,0.0,0.0,0.0,0.05,0.0,0.0,0.0,0.0,0.0,0.0,0.0,0.0,0.0,0.0,False,25
PDCD6,0.005,0,0,0,18.0,1.0,13.2,1.0,0.04,0.0,0.0,0.0,0.0,0.0,0.0,0.03,0.02,0.0,0.0,0.0,0.0,0.04,False,25
SLC44A5,0.005,0,0,0,12.0,3.0,13.2,0.75,0.0,0.01,0.03,0.01,0.0,0.0,0.0,0.0,0.0,0.0,0.0,0.0,0.0,0.0,False,25
EBF3,0.005,0,0,0,11.0,8.0,13.4,1.0,0.0,0.0,0.0,0.0,0.0,0.0,0.0,0.03,0.02,0.0,0.0,0.0,0.0,0.0,False,25
LIG3,0.005,0,0,0,11.0,3.0,13.8,0.0,0.0,0.0,0.05,0.0,0.0,0.0,0.0,0.0,0.0,0.0,0.0,0.0,0.0,0.0,False,25
C1orf116,0.005,0,0,0,15.0,6.0,14.0,0.6,0.0,0.02,0.03,0.0,0.0,0.0,0.0,0.0,0.0,0.0,0.0,0.0,0.0,0.0,False,25
HIGD1B,0.005,0,0,0,14.0,9.0,14.0,0.3333333333333333,0.0,0.01,0.03,0.0,0.0,0.01,0.0,0.0,0.0,0.0,0.0,0.0,0.01,0.0,False,25
NKX6-1,0.005,0,0,0,11.0,9.0,14.0,1.0,0.0,0.0,0.0,0.05,0.0,0.0,0.0,0.0,0.0,0.0,0.0,0.0,0.01,0.0,False,25
DYX1C1,0.005,0,0,0,13.0,5.0,14.2,0.0,0.0,0.0,0.0,0.01,0.0,0.04,0.0,0.0,0.0,0.0,0.0,0.0,0.0,0.0,False,25
FGF7P3,0.005,0,0,0,14.0,11.0,14.2,0.6666666666666666,0.0,0.0,0.01,0.0,0.0,0.0,0.0,0.0,0.0,0.02,0.02,0.0,0.0,0.0,False,25
FRMD1,0.005,0,0,0,14.0,10.0,14.4,0.0,0.0,0.03,0.0,0.02,0.0,0.0,0.0,0.0,0.0,0.0,0.0,0.09,0.0,0.0,False,25
GNRH2,0.005,0,0,0,13.0,10.0,14.4,0.0,0.0,0.04,0.0,0.01,0.0,0.0,0.0,0.0,0.0,0.0,0.0,0.08,0.0,0.0,False,25
CSMD3,0.005,0,0,0,11.0,7.0,14.6,0.0,0.0,0.05,0.0,0.0,0.0,0.0,0.0,0.0,0.0,0.0,0.0,0.09,0.0,0.0,False,25
PRG4,0.005,0,0,0,15.0,10.0,14.6,0.0,0.0,0.02,0.0,0.03,0.0,0.0,0.0,0.0,0.0,0.0,0.0,0.02,0.0,0.0,False,25
CHRNA1,0.005,0,0,0,15.0,9.0,14.8,1.0,0.0,0.0,0.0,0.05,0.0,0.0,0.0,0.0,0.0,0.0,0.0,0.0,0.06,0.0,False,25
NIPSNAP1,0.005,0,0,0,14.0,9.0,14.8,1.0,0.0,0.0,0.0,0.0,0.0,0.0,0.0,0.01,0.02,0.01,0.01,0.0,0.0,0.0,False,25
TRIM14,0.005,0,0,0,18.0,6.0,14.8,0.4,0.0,0.01,0.02,0.0,0.0,0.02,0.0,0.0,0.0,0.0,0.0,0.0,0.0,0.0,False,25
STARD6,0.005,0,0,0,14.0,7.0,15.0,0.0,0.0,0.04,0.0,0.01,0.0,0.0,0.0,0.0,0.0,0.0,0.0,0.04,0.0,0.0,False,25
SIRT7,0.005,0,0,0,14.0,11.0,15.2,1.0,0.0,0.0,0.0,0.0,0.0,0.0,0.0,0.03,0.02,0.0,0.0,0.0,0.0,0.0,False,25
TMEM67,0.005,0,0,0,17.0,3.0,15.4,0.4,0.0,0.01,0.04,0.0,0.0,0.0,0.0,0.0,0.0,0.0,0.0,0.0,0.0,0.0,False,25
DTL,0.005,0,0,0,12.0,12.0,15.6,1.0,0.0,0.0,0.0,0.0,0.0,0.0,0.0,0.02,0.01,0.01,0.01,0.0,0.0,0.0,False,25
ST6GAL2,0.005,0,0,0,19.0,8.0,15.6,0.6,0.0,0.0,0.05,0.0,0.0,0.0,0.0,0.0,0.0,0.0,0.0,0.0,0.0,0.0,False,25
TAPBP,0.005,0,0,0,16.0,7.0,15.6,1.0,0.02,0.0,0.0,0.0,0.0,0.0,0.0,0.02,0.03,0.0,0.0,0.0,0.0,0.02,False,25
TBC1D32,0.005,0,0,0,17.0,6.0,15.8,1.0,0.0,0.01,0.01,0.03,0.0,0.0,0.0,0.0,0.0,0.0,0.0,0.0,0.0,0.0,False,25
ARHGAP20,0.005,0,0,0,22.0,1.0,16.0,0.3333333333333333,0.0,0.0,0.0,0.0,0.0,0.0,0.03,0.01,0.01,0.0,0.0,0.0,0.02,0.0,False,25
KIAA1107,0.005,0,0,0,20.0,5.0,16.0,0.8,0.0,0.0,0.02,0.0,0.0,0.03,0.0,0.0,0.0,0.0,0.0,0.0,0.0,0.0,False,25
SYCP2,0.005,0,0,0,12.0,11.0,16.0,0.75,0.01,0.0,0.01,0.0,0.0,0.0,0.0,0.02,0.02,0.0,0.0,0.0,0.0,0.01,False,25
TPMT,0.005,0,0,0,17.0,5.0,16.0,0.6,0.0,0.01,0.04,0.0,0.0,0.0,0.0,0.0,0.0,0.0,0.0,0.0,0.0,0.0,False,25
OCIAD2,0.005,0,0,0,17.0,14.0,16.4,1.0,0.0,0.0,0.0,0.0,0.0,0.0,0.0,0.02,0.03,0.0,0.0,0.0,0.0,0.0,False,25
PDK2,0.005,0,0,0,18.0,5.0,16.6,0.4,0.0,0.01,0.04,0.0,0.0,0.0,0.0,0.0,0.0,0.0,0.0,0.0,0.0,0.0,False,25
SCN4A,0.005,0,0,0,18.0,8.0,16.6,0.037037037037037035,0.0,0.03,0.01,0.01,0.0,0.0,0.0,0.0,0.0,0.0,0.0,0.23,0.0,0.0,False,25
PCDH9,0.005,0,0,0,19.0,6.0,16.8,0.5,0.0,0.0,0.0,0.0,0.0,0.0,0.02,0.02,0.01,0.0,0.0,0.0,0.02,0.0,False,25
TTC23,0.005,0,0,0,18.0,8.0,16.8,1.0,0.0,0.02,0.01,0.02,0.0,0.0,0.0,0.0,0.0,0.0,0.0,0.0,0.0,0.0,False,25
CD300LB,0.005,0,0,0,16.0,12.0,17.0,1.0,0.0,0.0,0.0,0.05,0.0,0.0,0.0,0.0,0.0,0.0,0.0,0.0,0.01,0.0,False,25
CHPF2,0.005,0,0,0,15.0,11.0,17.0,0.6666666666666666,0.0,0.0,0.01,0.0,0.0,0.0,0.0,0.01,0.01,0.01,0.01,0.0,0.0,0.0,False,25
ADH1B,0.005,0,0,0,21.0,3.0,17.2,0.42857142857142855,0.04,0.0,0.0,0.0,0.0,0.0,0.0,0.03,0.02,0.0,0.0,0.0,0.0,0.04,False,25
AUTS2,0.005,0,0,0,16.0,14.0,17.2,1.0,0.0,0.0,0.0,0.0,0.0,0.0,0.0,0.0,0.03,0.01,0.01,0.0,0.0,0.0,False,25
CFHR2,0.005,0,0,0,19.0,13.0,17.2,0.0,0.0,0.05,0.0,0.0,0.0,0.0,0.0,0.0,0.0,0.0,0.0,0.0,0.0,0.0,False,25
TEFM,0.005,0,0,0,19.0,4.0,17.2,1.0,0.0,0.0,0.0,0.01,0.0,0.0,0.0,0.0,0.0,0.02,0.02,0.0,0.0,0.0,False,25
CHSY1,0.005,0,0,0,17.0,13.0,17.6,1.0,0.0,0.0,0.03,0.02,0.0,0.0,0.0,0.0,0.0,0.0,0.0,0.0,0.0,0.0,False,25
KL,0.005,0,0,0,16.0,14.0,17.6,0.6666666666666666,0.0,0.0,0.0,0.0,0.01,0.01,0.01,0.0,0.0,0.01,0.01,0.0,0.0,0.0,False,25
ACVR2A,0.005,0,0,0,16.0,11.0,17.8,0.6,0.0,0.0,0.05,0.0,0.0,0.0,0.0,0.0,0.0,0.0,0.0,0.0,0.0,0.0,False,25
SMC4,0.005,0,0,0,18.0,3.0,17.8,0.6666666666666666,0.0,0.01,0.01,0.0,0.0,0.0,0.0,0.01,0.02,0.0,0.0,0.0,0.0,0.0,False,25
HCN2,0.005,0,0,0,18.0,13.0,18.0,1.0,0.0,0.0,0.0,0.04,0.01,0.0,0.0,0.0,0.0,0.0,0.0,0.0,0.02,0.0,False,25
ABHD5,0.005,0,0,0,19.0,12.0,18.2,0.0,0.0,0.01,0.01,0.03,0.0,0.0,0.0,0.0,0.0,0.0,0.0,0.0,0.0,0.0,False,25
BAMBI,0.005,0,0,0,23.0,10.0,18.2,0.4,0.0,0.0,0.05,0.0,0.0,0.0,0.0,0.0,0.0,0.0,0.0,0.0,0.0,0.0,False,25
GPATCH2L,0.005,0,0,0,19.0,10.0,18.2,0.4,0.0,0.01,0.04,0.0,0.0,0.0,0.0,0.0,0.0,0.0,0.0,0.0,0.0,0.0,False,25
CTB-113P19.1,0.005,0,0,0,21.0,12.0,18.4,0.0,0.0,0.04,0.0,0.01,0.0,0.0,0.0,0.0,0.0,0.0,0.0,0.06,0.0,0.0,False,25
LIPJ,0.005,0,0,0,23.0,1.0,18.4,0.6,0.0,0.01,0.03,0.01,0.0,0.0,0.0,0.0,0.0,0.0,0.0,0.01,0.0,0.0,False,25
SRRT,0.005,0,0,0,17.0,13.0,18.4,1.0,0.0,0.0,0.0,0.0,0.0,0.0,0.0,0.03,0.02,0.0,0.0,0.0,0.0,0.0,False,25
TCEAL7,0.005,0,0,0,23.0,9.0,18.6,0.6666666666666666,0.0,0.0,0.01,0.0,0.0,0.0,0.0,0.01,0.01,0.01,0.01,0.0,0.0,0.0,False,25
KRT18,0.005,0,0,0,19.0,14.0,18.8,1.0,0.0,0.0,0.0,0.0,0.0,0.0,0.0,0.04,0.01,0.0,0.0,0.0,0.0,0.0,False,25
NREP,0.005,0,0,0,20.0,15.0,18.8,0.4,0.0,0.0,0.05,0.0,0.0,0.0,0.0,0.0,0.0,0.0,0.0,0.0,0.0,0.0,False,25
RHOXF1,0.005,0,0,0,20.0,12.0,18.8,0.0,0.0,0.01,0.0,0.0,0.02,0.0,0.02,0.0,0.0,0.0,0.0,0.0,0.01,0.0,False,25
CSHL1,0.005,0,0,0,20.0,14.0,19.0,0.0,0.0,0.05,0.0,0.0,0.0,0.0,0.0,0.0,0.0,0.0,0.0,0.03,0.0,0.0,False,25
GINS2,0.005,0,0,0,20.0,14.0,19.4,1.0,0.0,0.0,0.0,0.0,0.0,0.0,0.0,0.02,0.03,0.0,0.0,0.0,0.0,0.0,False,25
HPGD,0.005,0,0,0,22.0,11.0,19.6,0.0,0.0,0.03,0.0,0.02,0.0,0.0,0.0,0.0,0.0,0.0,0.0,0.2,0.0,0.0,False,25
STAP2,0.005,0,0,0,21.0,16.0,20.0,1.0,0.01,0.0,0.0,0.0,0.0,0.0,0.0,0.04,0.01,0.0,0.0,0.0,0.0,0.01,False,25
C2CD3,0.005,0,0,0,21.0,16.0,20.4,1.0,0.0,0.0,0.0,0.0,0.0,0.0,0.0,0.01,0.04,0.0,0.0,0.0,0.0,0.0,False,25
GCNT1,0.005,0,0,0,21.0,16.0,20.4,0.6,0.0,0.0,0.05,0.0,0.0,0.0,0.0,0.0,0.0,0.0,0.0,0.0,0.0,0.0,False,25
ZNF385B,0.005,0,0,0,22.0,16.0,20.6,,0.0,0.0,0.0,0.05,0.0,0.0,0.0,0.0,0.0,0.0,0.0,0.0,0.0,0.0,False,25
B3GAT3,0.005,0,0,0,23.0,12.0,21.2,1.0,0.0,0.0,0.0,0.0,0.0,0.0,0.0,0.01,0.04,0.0,0.0,0.0,0.0,0.0,False,25
ADM,0.005,0,0,0,23.0,15.0,21.4,0.75,0.0,0.0,0.03,0.0,0.0,0.0,0.0,0.01,0.01,0.0,0.0,0.0,0.0,0.0,False,25
TM7SF2,0.005,0,0,0,23.0,17.0,22.0,0.4,0.0,0.0,0.02,0.0,0.0,0.03,0.0,0.0,0.0,0.0,0.0,0.0,0.0,0.0,False,25
ANGPTL8,0.005,0,0,0,23.0,20.0,22.8,0.0,0.0,0.0,0.0,0.0,0.04,0.0,0.01,0.0,0.0,0.0,0.0,0.0,0.0,0.0,False,25
SHISA2,0.004,0,0,0,3.5,2.0,3.75,0.0,0.0,0.0,0.04,0.0,0.0,0.0,0.0,0.0,0.0,0.0,0.0,0.0,0.0,0.0,False,25
APOBEC3B,0.004,0,0,0,6.5,1.0,7.0,1.0,0.0,0.01,0.01,0.0,0.0,0.0,0.0,0.0,0.0,0.01,0.01,0.0,0.0,0.0,False,25
PTGDR2,0.004,0,0,0,7.5,2.0,7.0,,0.0,0.0,0.0,0.04,0.0,0.0,0.0,0.0,0.0,0.0,0.0,0.0,0.0,0.0,False,25
CCDC27,0.004,0,0,0,9.0,1.0,7.5,0.0,0.0,0.03,0.01,0.0,0.0,0.0,0.0,0.0,0.0,0.0,0.0,0.01,0.0,0.0,False,25
CDC14A,0.004,0,0,0,8.0,3.0,8.0,1.0,0.0,0.01,0.02,0.01,0.0,0.0,0.0,0.0,0.0,0.0,0.0,0.0,0.0,0.0,False,25
FOXF1,0.004,0,0,0,10.0,1.0,8.25,,0.0,0.0,0.0,0.04,0.0,0.0,0.0,0.0,0.0,0.0,0.0,0.0,0.0,0.0,False,25
TSPAN5,0.004,0,0,0,6.5,1.0,8.25,1.0,0.0,0.01,0.02,0.01,0.0,0.0,0.0,0.0,0.0,0.0,0.0,0.0,0.0,0.0,False,25
CYP4B1,0.004,0,0,0,7.5,1.0,9.0,0.5,0.0,0.0,0.02,0.0,0.0,0.02,0.0,0.0,0.0,0.0,0.0,0.0,0.0,0.0,False,25
RMI1,0.004,0,0,0,9.0,6.0,10.0,0.5,0.0,0.0,0.04,0.0,0.0,0.0,0.0,0.0,0.0,0.0,0.0,0.0,0.0,0.0,False,25
GALNT3,0.004,0,0,0,10.5,1.0,10.25,0.25,0.0,0.01,0.03,0.0,0.0,0.0,0.0,0.0,0.0,0.0,0.0,0.0,0.0,0.0,False,25
DTX1,0.004,0,0,0,9.0,2.0,10.5,1.0,0.0,0.0,0.0,0.0,0.0,0.0,0.0,0.02,0.02,0.0,0.0,0.0,0.0,0.0,False,25
WFDC10A,0.004,0,0,0,8.5,2.0,11.0,1.0,0.0,0.04,0.0,0.0,0.0,0.0,0.0,0.0,0.0,0.0,0.0,0.0,0.0,0.0,False,25
C1QTNF6,0.004,0,0,0,9.5,4.0,11.25,1.0,0.0,0.03,0.0,0.01,0.0,0.0,0.0,0.0,0.0,0.0,0.0,0.0,0.0,0.0,False,25
KIAA1217,0.004,0,0,0,10.5,1.0,11.5,1.0,0.0,0.01,0.01,0.02,0.0,0.0,0.0,0.0,0.0,0.0,0.0,0.0,0.0,0.0,False,25
AZGP1P1,0.004,0,0,0,11.5,1.0,11.75,1.0,0.0,0.03,0.0,0.01,0.0,0.0,0.0,0.0,0.0,0.0,0.0,0.0,0.0,0.0,False,25
LACE1,0.004,0,0,0,10.5,1.0,11.75,0.0,0.0,0.03,0.01,0.0,0.0,0.0,0.0,0.0,0.0,0.0,0.0,0.01,0.0,0.0,False,25
HPS3,0.004,0,0,0,12.5,2.0,12.0,0.75,0.0,0.01,0.03,0.0,0.0,0.0,0.0,0.0,0.0,0.0,0.0,0.0,0.0,0.0,False,25
USP2,0.004,0,0,0,11.5,8.0,12.25,,0.0,0.0,0.0,0.04,0.0,0.0,0.0,0.0,0.0,0.0,0.0,0.0,0.0,0.0,False,25
XYLT2,0.004,0,0,0,11.5,6.0,12.5,1.0,0.0,0.0,0.0,0.0,0.0,0.0,0.0,0.01,0.03,0.0,0.0,0.0,0.0,0.0,False,25
C17orf77,0.004,0,0,0,11.0,6.0,12.75,,0.0,0.0,0.0,0.04,0.0,0.0,0.0,0.0,0.0,0.0,0.0,0.0,0.0,0.0,False,25
WDR6,0.004,0,0,0,12.0,12.0,12.75,1.0,0.0,0.0,0.0,0.0,0.0,0.0,0.0,0.0,0.0,0.02,0.02,0.0,0.0,0.0,False,25
ZBTB49,0.004,0,0,0,12.0,7.0,13.0,0.5,0.0,0.02,0.02,0.0,0.0,0.0,0.0,0.0,0.0,0.0,0.0,0.0,0.0,0.0,False,25
ATAD3A,0.004,0,0,0,13.5,5.0,13.25,1.0,0.0,0.0,0.0,0.0,0.0,0.0,0.0,0.02,0.02,0.0,0.0,0.0,0.0,0.0,False,25
MYT1L,0.004,0,0,0,12.5,5.0,13.25,0.0,0.0,0.03,0.0,0.01,0.0,0.0,0.0,0.0,0.0,0.0,0.0,0.01,0.0,0.0,False,25
FLJ10038,0.004,0,0,0,12.5,5.0,13.5,0.5,0.0,0.01,0.03,0.0,0.0,0.0,0.0,0.0,0.0,0.0,0.0,0.0,0.0,0.0,False,25
LINC01082,0.004,0,0,0,14.5,8.0,13.5,0.0,0.0,0.02,0.0,0.02,0.0,0.0,0.0,0.0,0.0,0.0,0.0,0.02,0.0,0.0,False,25
ZNF562,0.004,0,0,0,10.5,9.0,13.5,0.75,0.0,0.01,0.03,0.0,0.0,0.0,0.0,0.0,0.0,0.0,0.0,0.0,0.0,0.0,False,25
SCRIB,0.004,0,0,0,13.0,8.0,13.75,1.0,0.0,0.0,0.0,0.0,0.0,0.0,0.0,0.01,0.03,0.0,0.0,0.0,0.0,0.0,False,25
WWC3,0.004,0,0,0,13.5,6.0,13.75,0.3333333333333333,0.0,0.01,0.02,0.01,0.0,0.0,0.0,0.0,0.0,0.0,0.0,0.0,0.0,0.0,False,25
ZIC1,0.004,0,0,0,13.5,6.0,13.75,0.75,0.0,0.0,0.04,0.0,0.0,0.0,0.0,0.0,0.0,0.0,0.0,0.0,0.0,0.0,False,25
AGPAT2,0.004,0,0,0,15.5,3.0,14.0,1.0,0.0,0.0,0.0,0.0,0.0,0.0,0.0,0.03,0.01,0.0,0.0,0.0,0.0,0.0,False,25
KRTAP4-8,0.004,0,0,0,15.5,6.0,14.0,0.0,0.0,0.03,0.0,0.01,0.0,0.0,0.0,0.0,0.0,0.0,0.0,0.05,0.0,0.0,False,25
SPX,0.004,0,0,0,13.5,5.0,14.25,0.1111111111111111,0.0,0.01,0.0,0.0,0.01,0.0,0.01,0.01,0.0,0.0,0.0,0.0,0.06,0.0,False,25
CCNB1,0.004,0,0,0,13.0,10.0,14.5,1.0,0.0,0.0,0.0,0.0,0.0,0.0,0.0,0.01,0.03,0.0,0.0,0.0,0.0,0.0,False,25
FAM228B,0.004,0,0,0,14.5,12.0,14.5,1.0,0.0,0.0,0.0,0.0,0.0,0.0,0.0,0.0,0.0,0.02,0.02,0.0,0.0,0.0,False,25
CA7,0.004,0,0,0,16.0,6.0,14.75,,0.0,0.0,0.0,0.04,0.0,0.0,0.0,0.0,0.0,0.0,0.0,0.0,0.0,0.0,False,25
MARVELD2,0.004,0,0,0,14.0,11.0,14.75,0.6666666666666666,0.0,0.0,0.0,0.0,0.0,0.02,0.02,0.0,0.0,0.0,0.0,0.0,0.01,0.0,False,25
C6,0.004,0,0,0,15.0,5.0,15.0,0.0,0.0,0.03,0.0,0.0,0.0,0.0,0.01,0.0,0.0,0.0,0.0,0.06,0.0,0.0,False,25
KLHDC7A,0.004,0,0,0,14.5,7.0,15.25,1.0,0.0,0.0,0.01,0.03,0.0,0.0,0.0,0.0,0.0,0.0,0.0,0.0,0.0,0.0,False,25
ATP1A1,0.004,0,0,0,16.0,12.0,15.5,0.5,0.0,0.0,0.01,0.0,0.0,0.01,0.0,0.0,0.02,0.0,0.0,0.0,0.0,0.0,False,25
DENND5B,0.004,0,0,0,15.5,15.0,15.5,0.6666666666666666,0.01,0.0,0.0,0.0,0.0,0.0,0.0,0.0,0.0,0.02,0.02,0.0,0.0,0.01,False,25
LINC01094,0.004,0,0,0,16.0,5.0,15.5,0.75,0.0,0.01,0.03,0.0,0.0,0.0,0.0,0.0,0.0,0.0,0.0,0.0,0.0,0.0,False,25
TRPS1,0.004,0,0,0,14.0,9.0,15.5,1.0,0.0,0.0,0.01,0.0,0.0,0.0,0.0,0.01,0.02,0.0,0.0,0.0,0.0,0.0,False,25
VIM,0.004,0,0,0,16.0,6.0,15.5,1.0,0.0,0.0,0.0,0.0,0.0,0.0,0.0,0.02,0.02,0.0,0.0,0.0,0.0,0.0,False,25
SLC52A2,0.004,0,0,0,16.0,7.0,15.75,1.0,0.0,0.0,0.0,0.0,0.0,0.0,0.0,0.02,0.02,0.0,0.0,0.0,0.0,0.0,False,25
SQLE,0.004,0,0,0,15.0,10.0,15.75,1.0,0.0,0.0,0.0,0.0,0.0,0.0,0.0,0.03,0.01,0.0,0.0,0.0,0.0,0.0,False,25
STX7,0.004,0,0,0,17.5,5.0,15.75,1.0,0.0,0.0,0.0,0.0,0.0,0.0,0.0,0.02,0.01,0.01,0.0,0.0,0.0,0.0,False,25
TRMT44,0.004,0,0,0,17.0,5.0,15.75,1.0,0.0,0.0,0.0,0.03,0.01,0.0,0.0,0.0,0.0,0.0,0.0,0.0,0.0,0.0,False,25
CHMP4C,0.004,0,0,0,16.0,7.0,16.0,0.75,0.0,0.0,0.0,0.0,0.0,0.04,0.0,0.0,0.0,0.0,0.0,0.0,0.0,0.0,False,25
CPM,0.004,0,0,0,15.5,14.0,16.0,0.5,0.01,0.0,0.0,0.0,0.0,0.01,0.0,0.02,0.01,0.0,0.0,0.0,0.0,0.01,False,25
CHAMP1,0.004,0,0,0,16.0,9.0,16.25,1.0,0.0,0.0,0.0,0.03,0.0,0.01,0.0,0.0,0.0,0.0,0.0,0.0,0.0,0.0,False,25
CYP4F8,0.004,0,0,0,15.5,9.0,16.25,0.5,0.0,0.01,0.01,0.02,0.0,0.0,0.0,0.0,0.0,0.0,0.0,0.0,0.0,0.0,False,25
STK11IP,0.004,0,0,0,16.5,11.0,16.25,0.6666666666666666,0.0,0.0,0.0,0.01,0.0,0.02,0.0,0.01,0.0,0.0,0.0,0.0,0.0,0.0,False,25
ZNF442,0.004,0,0,0,16.5,14.0,16.25,,0.0,0.0,0.0,0.04,0.0,0.0,0.0,0.0,0.0,0.0,0.0,0.0,0.0,0.0,False,25
BICDL1,0.004,0,0,0,15.5,10.0,16.5,1.0,0.02,0.0,0.0,0.0,0.0,0.0,0.0,0.01,0.01,0.01,0.01,0.0,0.0,0.02,False,25
SOGA1,0.004,0,0,0,16.0,15.0,16.5,0.8333333333333334,0.02,0.0,0.02,0.0,0.0,0.0,0.0,0.02,0.0,0.0,0.0,0.0,0.0,0.02,False,25
CLEC2B,0.004,0,0,0,17.0,9.0,16.75,1.0,0.0,0.0,0.0,0.0,0.0,0.0,0.0,0.01,0.03,0.0,0.0,0.0,0.0,0.0,False,25
DIRC3,0.004,0,0,0,15.5,12.0,17.0,0.0,0.0,0.02,0.0,0.02,0.0,0.0,0.0,0.0,0.0,0.0,0.0,0.03,0.0,0.0,False,25
MRPL2,0.004,0,0,0,15.0,13.0,17.0,0.3333333333333333,0.0,0.0,0.03,0.01,0.0,0.0,0.0,0.0,0.0,0.0,0.0,0.0,0.0,0.0,False,25
ADGRL4,0.004,0,0,0,20.0,8.0,17.25,1.0,0.0,0.0,0.0,0.0,0.0,0.0,0.0,0.01,0.01,0.01,0.01,0.0,0.0,0.0,False,25
LOC101928909,0.004,0,0,0,17.0,10.0,17.25,0.0,0.0,0.03,0.0,0.01,0.0,0.0,0.0,0.0,0.0,0.0,0.0,0.0,0.0,0.0,False,25
NOL4L,0.004,0,0,0,16.5,12.0,17.25,1.0,0.02,0.0,0.0,0.0,0.0,0.0,0.0,0.0,0.02,0.01,0.01,0.0,0.0,0.02,False,25
NPY5R,0.004,0,0,0,18.0,12.0,17.25,1.0,0.0,0.0,0.0,0.0,0.0,0.0,0.0,0.02,0.02,0.0,0.0,0.0,0.0,0.0,False,25
THRSP,0.004,0,0,0,17.0,10.0,17.25,0.5,0.0,0.01,0.02,0.0,0.0,0.0,0.0,0.01,0.0,0.0,0.0,0.0,0.0,0.0,False,25
KIAA0930,0.004,0,0,0,19.0,7.0,17.5,0.6666666666666666,0.0,0.01,0.02,0.01,0.0,0.0,0.0,0.0,0.0,0.0,0.0,0.0,0.0,0.0,False,25
ZNF780B,0.004,0,0,0,19.0,9.0,17.5,,0.0,0.0,0.0,0.04,0.0,0.0,0.0,0.0,0.0,0.0,0.0,0.0,0.0,0.0,False,25
NR4A3,0.004,0,0,0,19.5,7.0,17.75,0.25,0.0,0.0,0.04,0.0,0.0,0.0,0.0,0.0,0.0,0.0,0.0,0.0,0.0,0.0,False,25
CHURC1,0.004,0,0,0,17.5,14.0,18.25,0.5,0.0,0.0,0.04,0.0,0.0,0.0,0.0,0.0,0.0,0.0,0.0,0.0,0.0,0.0,False,25
KCNA2,0.004,0,0,0,17.5,15.0,18.25,1.0,0.0,0.0,0.0,0.0,0.0,0.0,0.0,0.0,0.02,0.01,0.01,0.0,0.0,0.0,False,25
MAS1L,0.004,0,0,0,20.5,8.0,18.25,0.0,0.0,0.02,0.0,0.02,0.0,0.0,0.0,0.0,0.0,0.0,0.0,0.0,0.0,0.0,False,25
SLC35C2,0.004,0,0,0,18.0,12.0,18.25,1.0,0.0,0.0,0.0,0.0,0.0,0.0,0.0,0.02,0.02,0.0,0.0,0.0,0.0,0.0,False,25
LRP1B,0.004,0,0,0,20.0,12.0,18.5,0.25,0.0,0.0,0.0,0.0,0.0,0.04,0.0,0.0,0.0,0.0,0.0,0.0,0.0,0.0,False,25
HOXA4,0.004,0,0,0,18.5,13.0,18.75,0.0,0.0,0.02,0.01,0.01,0.0,0.0,0.0,0.0,0.0,0.0,0.0,0.0,0.0,0.0,False,25
LMNB2,0.004,0,0,0,19.5,13.0,18.75,1.0,0.0,0.0,0.0,0.0,0.0,0.0,0.0,0.02,0.02,0.0,0.0,0.0,0.0,0.0,False,25
RABEP2,0.004,0,0,0,19.0,12.0,18.75,1.0,0.0,0.0,0.0,0.0,0.0,0.0,0.0,0.03,0.01,0.0,0.0,0.0,0.0,0.0,False,25
ST14,0.004,0,0,0,20.0,15.0,18.75,0.75,0.0,0.0,0.01,0.0,0.0,0.03,0.0,0.0,0.0,0.0,0.0,0.0,0.0,0.0,False,25
SGK223,0.004,0,0,0,19.5,13.0,19.0,0.0,0.0,0.0,0.02,0.02,0.0,0.0,0.0,0.0,0.0,0.0,0.0,0.0,0.0,0.0,False,25
SLITRK6,0.004,0,0,0,19.5,14.0,19.0,0.5,0.0,0.0,0.04,0.0,0.0,0.0,0.0,0.0,0.0,0.0,0.0,0.0,0.0,0.0,False,25
PLCB2,0.004,0,0,0,19.5,15.0,19.25,,0.0,0.0,0.0,0.04,0.0,0.0,0.0,0.0,0.0,0.0,0.0,0.0,0.0,0.0,False,25
PGLYRP2,0.004,0,0,0,21.0,13.0,19.5,,0.0,0.0,0.0,0.04,0.0,0.0,0.0,0.0,0.0,0.0,0.0,0.0,0.0,0.0,False,25
USMG5,0.004,0,0,0,20.5,14.0,19.5,0.0,0.0,0.01,0.03,0.0,0.0,0.0,0.0,0.0,0.0,0.0,0.0,0.0,0.0,0.0,False,25
PHF12,0.004,0,0,0,19.0,17.0,20.0,1.0,0.03,0.0,0.0,0.0,0.0,0.0,0.0,0.01,0.03,0.0,0.0,0.0,0.0,0.03,False,25
ABI3BP,0.004,0,0,0,21.0,16.0,20.25,1.0,0.0,0.0,0.0,0.0,0.0,0.0,0.0,0.0,0.0,0.03,0.01,0.0,0.0,0.0,False,25
HS3ST2,0.004,0,0,0,20.0,17.0,20.25,,0.0,0.0,0.0,0.04,0.0,0.0,0.0,0.0,0.0,0.0,0.0,0.0,0.0,0.0,False,25
IBA57-AS1,0.004,0,0,0,21.5,15.0,20.25,0.0,0.0,0.02,0.0,0.02,0.0,0.0,0.0,0.0,0.0,0.0,0.0,0.0,0.0,0.0,False,25
PGBD5,0.004,0,0,0,20.0,18.0,20.25,,0.0,0.0,0.0,0.04,0.0,0.0,0.0,0.0,0.0,0.0,0.0,0.0,0.0,0.0,False,25
WDR54,0.004,0,0,0,24.0,8.0,20.25,1.0,0.01,0.0,0.0,0.0,0.0,0.0,0.0,0.01,0.03,0.0,0.0,0.0,0.0,0.01,False,25
EME2,0.004,0,0,0,20.0,18.0,20.5,1.0,0.0,0.0,0.0,0.0,0.0,0.0,0.0,0.01,0.03,0.0,0.0,0.0,0.0,0.0,False,25
POLR2H,0.004,0,0,0,23.0,11.0,20.5,1.0,0.0,0.0,0.0,0.0,0.0,0.0,0.0,0.02,0.0,0.01,0.01,0.0,0.0,0.0,False,25
MICALL2,0.004,0,0,0,22.0,15.0,20.75,1.0,0.0,0.0,0.0,0.0,0.0,0.0,0.0,0.03,0.01,0.0,0.0,0.0,0.0,0.0,False,25
RUNX2,0.004,0,0,0,22.0,16.0,20.75,0.25,0.0,0.0,0.04,0.0,0.0,0.0,0.0,0.0,0.0,0.0,0.0,0.0,0.0,0.0,False,25
RFTN2,0.004,0,0,0,22.5,15.0,21.0,0.0,0.0,0.0,0.0,0.0,0.02,0.0,0.02,0.0,0.0,0.0,0.0,0.0,0.02,0.0,False,25
ZNF776,0.004,0,0,0,21.0,19.0,21.0,1.0,0.0,0.0,0.0,0.0,0.0,0.0,0.0,0.01,0.01,0.01,0.01,0.0,0.0,0.0,False,25
MDM4,0.004,0,0,0,21.5,17.0,21.25,0.75,0.0,0.0,0.04,0.0,0.0,0.0,0.0,0.0,0.0,0.0,0.0,0.0,0.0,0.0,False,25
RHOT2,0.004,0,0,0,20.5,19.0,21.25,1.0,0.0,0.0,0.0,0.0,0.0,0.0,0.0,0.01,0.01,0.01,0.01,0.0,0.0,0.0,False,25
PHYKPL,0.004,0,0,0,24.0,14.0,21.75,0.0,0.0,0.0,0.01,0.02,0.0,0.01,0.0,0.0,0.0,0.0,0.0,0.0,0.0,0.0,False,25
CFAP44,0.004,0,0,0,23.0,19.0,22.25,1.0,0.02,0.0,0.0,0.0,0.0,0.0,0.0,0.01,0.03,0.0,0.0,0.0,0.0,0.02,False,25
MYOC,0.004,0,0,0,23.0,22.0,22.75,0.0,0.0,0.0,0.0,0.0,0.01,0.0,0.03,0.0,0.0,0.0,0.0,0.0,0.02,0.0,False,25
SUSD6,0.004,0,0,0,23.0,20.0,22.75,1.0,0.0,0.0,0.0,0.0,0.0,0.0,0.0,0.01,0.03,0.0,0.0,0.0,0.0,0.0,False,25
SEMA4C,0.004,0,0,0,24.0,20.0,23.25,1.0,0.0,0.0,0.0,0.0,0.0,0.0,0.0,0.01,0.01,0.01,0.01,0.0,0.0,0.0,False,25
CCL28,0.003,0,0,0,4.0,2.0,5.666666666666667,0.6666666666666666,0.0,0.01,0.02,0.0,0.0,0.0,0.0,0.0,0.0,0.0,0.0,0.0,0.0,0.0,False,25
LAMP5,0.003,0,0,0,3.0,1.0,5.666666666666667,0.6666666666666666,0.0,0.0,0.0,0.0,0.01,0.02,0.0,0.0,0.0,0.0,0.0,0.0,0.0,0.0,False,25
FZD2,0.003,0,0,0,7.0,2.0,7.0,0.5,0.0,0.01,0.01,0.01,0.0,0.0,0.0,0.0,0.0,0.0,0.0,0.0,0.0,0.0,False,25
FAM169B,0.003,0,0,0,10.0,1.0,7.333333333333333,,0.0,0.0,0.0,0.03,0.0,0.0,0.0,0.0,0.0,0.0,0.0,0.0,0.0,0.0,False,25
MTUS2,0.003,0,0,0,7.0,2.0,7.333333333333333,1.0,0.0,0.0,0.0,0.03,0.0,0.0,0.0,0.0,0.0,0.0,0.0,0.0,0.03,0.0,False,25
C19orf33,0.003,0,0,0,5.0,3.0,8.0,0.6666666666666666,0.0,0.01,0.02,0.0,0.0,0.0,0.0,0.0,0.0,0.0,0.0,0.0,0.0,0.0,False,25
HSPB2,0.003,0,0,0,6.0,2.0,8.0,1.0,0.0,0.0,0.0,0.0,0.0,0.0,0.0,0.01,0.02,0.0,0.0,0.0,0.0,0.0,False,25
FABP5,0.003,0,0,0,1.0,1.0,8.333333333333334,0.6666666666666666,0.01,0.0,0.0,0.0,0.0,0.0,0.0,0.02,0.01,0.0,0.0,0.0,0.0,0.01,False,25
LRRK1,0.003,0,0,0,3.0,1.0,8.333333333333334,0.6666666666666666,0.0,0.01,0.02,0.0,0.0,0.0,0.0,0.0,0.0,0.0,0.0,0.0,0.0,0.0,False,25
POMP,0.003,0,0,0,10.0,5.0,8.333333333333334,0.25,0.03,0.0,0.0,0.01,0.0,0.0,0.0,0.01,0.01,0.0,0.0,0.0,0.0,0.03,False,25
PRKAR2B,0.003,0,0,0,7.0,4.0,8.333333333333334,0.0,0.0,0.01,0.01,0.01,0.0,0.0,0.0,0.0,0.0,0.0,0.0,0.0,0.0,0.0,False,25
ZNF624,0.003,0,0,0,5.0,4.0,8.666666666666666,0.3333333333333333,0.0,0.01,0.02,0.0,0.0,0.0,0.0,0.0,0.0,0.0,0.0,0.0,0.0,0.0,False,25
HGFAC,0.003,0,0,0,8.0,7.0,9.333333333333334,,0.0,0.0,0.0,0.03,0.0,0.0,0.0,0.0,0.0,0.0,0.0,0.0,0.0,0.0,False,25
HOTAIR,0.003,0,0,0,11.0,4.0,9.333333333333334,0.3333333333333333,0.0,0.01,0.02,0.0,0.0,0.0,0.0,0.0,0.0,0.0,0.0,0.0,0.0,0.0,False,25
LOXL3,0.003,0,0,0,9.0,4.0,9.333333333333334,0.3333333333333333,0.0,0.01,0.02,0.0,0.0,0.0,0.0,0.0,0.0,0.0,0.0,0.0,0.0,0.0,False,25
AOC3,0.003,0,0,0,12.0,3.0,10.0,1.0,0.0,0.0,0.0,0.0,0.0,0.0,0.0,0.02,0.01,0.0,0.0,0.0,0.0,0.0,False,25
DLX1,0.003,0,0,0,9.0,9.0,10.333333333333334,1.0,0.0,0.01,0.0,0.02,0.0,0.0,0.0,0.0,0.0,0.0,0.0,0.0,0.0,0.0,False,25
LINC00616,0.003,0,0,0,8.0,7.0,10.333333333333334,0.0,0.0,0.03,0.0,0.0,0.0,0.0,0.0,0.0,0.0,0.0,0.0,0.04,0.0,0.0,False,25
MUC17,0.003,0,0,0,8.0,4.0,10.333333333333334,1.0,0.0,0.01,0.0,0.02,0.0,0.0,0.0,0.0,0.0,0.0,0.0,0.0,0.0,0.0,False,25
PDE1C,0.003,0,0,0,7.0,2.0,10.333333333333334,1.0,0.0,0.01,0.0,0.02,0.0,0.0,0.0,0.0,0.0,0.0,0.0,0.0,0.0,0.0,False,25
C3orf52,0.003,0,0,0,11.0,8.0,10.666666666666666,0.5714285714285714,0.04,0.0,0.03,0.0,0.0,0.0,0.0,0.0,0.0,0.0,0.0,0.0,0.0,0.04,False,25
CD44,0.003,0,0,0,12.0,1.0,11.0,1.0,0.0,0.01,0.01,0.01,0.0,0.0,0.0,0.0,0.0,0.0,0.0,0.0,0.0,0.0,False,25
IFNA10,0.003,0,0,0,9.0,9.0,11.0,0.0,0.0,0.03,0.0,0.0,0.0,0.0,0.0,0.0,0.0,0.0,0.0,0.06,0.0,0.0,False,25
KRT19,0.003,0,0,0,8.0,4.0,11.0,1.0,0.0,0.0,0.0,0.0,0.0,0.0,0.0,0.01,0.02,0.0,0.0,0.0,0.0,0.0,False,25
PLEKHG4,0.003,0,0,0,11.0,5.0,11.0,0.6666666666666666,0.0,0.01,0.02,0.0,0.0,0.0,0.0,0.0,0.0,0.0,0.0,0.0,0.0,0.0,False,25
C10orf113,0.003,0,0,0,14.0,1.0,11.333333333333334,,0.0,0.0,0.0,0.03,0.0,0.0,0.0,0.0,0.0,0.0,0.0,0.0,0.0,0.0,False,25
SPINT2,0.003,0,0,0,10.0,8.0,11.333333333333334,1.0,0.0,0.0,0.0,0.0,0.0,0.0,0.0,0.02,0.01,0.0,0.0,0.0,0.0,0.0,False,25
ADAM5,0.003,0,0,0,11.0,7.0,11.666666666666666,,0.0,0.0,0.0,0.03,0.0,0.0,0.0,0.0,0.0,0.0,0.0,0.0,0.0,0.0,False,25
BTNL2,0.003,0,0,0,5.0,5.0,11.666666666666666,0.0,0.0,0.03,0.0,0.0,0.0,0.0,0.0,0.0,0.0,0.0,0.0,0.03,0.0,0.0,False,25
FAM118A,0.003,0,0,0,13.0,5.0,11.666666666666666,0.6666666666666666,0.0,0.01,0.02,0.0,0.0,0.0,0.0,0.0,0.0,0.0,0.0,0.0,0.0,0.0,False,25
IGFBP2,0.003,0,0,0,6.0,6.0,12.0,0.6666666666666666,0.0,0.0,0.03,0.0,0.0,0.0,0.0,0.0,0.0,0.0,0.0,0.0,0.0,0.0,False,25
SNX21,0.003,0,0,0,11.0,10.0,12.0,1.0,0.0,0.0,0.0,0.0,0.0,0.0,0.0,0.03,0.0,0.0,0.0,0.0,0.0,0.0,False,25
ZNF587,0.003,0,0,0,10.0,9.0,12.0,1.0,0.0,0.0,0.0,0.0,0.0,0.0,0.0,0.02,0.01,0.0,0.0,0.0,0.0,0.0,False,25
CCDC7,0.003,0,0,0,15.0,1.0,12.333333333333334,0.0,0.0,0.01,0.02,0.0,0.0,0.0,0.0,0.0,0.0,0.0,0.0,0.0,0.0,0.0,False,25
HAAO,0.003,0,0,0,15.0,7.0,12.333333333333334,0.5,0.0,0.01,0.01,0.01,0.0,0.0,0.0,0.0,0.0,0.0,0.0,0.0,0.0,0.0,False,25
OSGIN1,0.003,0,0,0,15.0,7.0,12.333333333333334,0.0,0.0,0.02,0.01,0.0,0.0,0.0,0.0,0.0,0.0,0.0,0.0,0.0,0.0,0.0,False,25
ATP6V0D2,0.003,0,0,0,12.0,7.0,12.666666666666666,,0.0,0.0,0.0,0.03,0.0,0.0,0.0,0.0,0.0,0.0,0.0,0.0,0.0,0.0,False,25
CCNA2,0.003,0,0,0,12.0,12.0,12.666666666666666,1.0,0.0,0.0,0.0,0.0,0.0,0.0,0.0,0.0,0.01,0.01,0.01,0.0,0.0,0.0,False,25
CLN6,0.003,0,0,0,16.0,4.0,12.666666666666666,0.5,0.0,0.01,0.01,0.0,0.0,0.0,0.0,0.0,0.01,0.0,0.0,0.0,0.0,0.0,False,25
DYRK3,0.003,0,0,0,13.0,2.0,12.666666666666666,0.3333333333333333,0.0,0.01,0.02,0.0,0.0,0.0,0.0,0.0,0.0,0.0,0.0,0.0,0.0,0.0,False,25
KIF1C,0.003,0,0,0,12.0,2.0,12.666666666666666,0.5,0.0,0.01,0.01,0.01,0.0,0.0,0.0,0.0,0.0,0.0,0.0,0.0,0.0,0.0,False,25
LINC00354,0.003,0,0,0,10.0,4.0,12.666666666666666,,0.0,0.0,0.0,0.03,0.0,0.0,0.0,0.0,0.0,0.0,0.0,0.0,0.0,0.0,False,25
TEF,0.003,0,0,0,15.0,5.0,12.666666666666666,0.5,0.0,0.01,0.01,0.01,0.0,0.0,0.0,0.0,0.0,0.0,0.0,0.0,0.0,0.0,False,25
ADAMTS9-AS2,0.003,0,0,0,14.0,6.0,13.0,,0.0,0.0,0.0,0.03,0.0,0.0,0.0,0.0,0.0,0.0,0.0,0.0,0.0,0.0,False,25
ATG16L1,0.003,0,0,0,8.0,6.0,13.0,1.0,0.01,0.0,0.03,0.0,0.0,0.0,0.0,0.0,0.0,0.0,0.0,0.0,0.0,0.01,False,25
C5orf64,0.003,0,0,0,11.0,6.0,13.0,0.0,0.0,0.03,0.0,0.0,0.0,0.0,0.0,0.0,0.0,0.0,0.0,0.0,0.0,0.0,False,25
FARP1,0.003,0,0,0,15.0,8.0,13.0,0.6666666666666666,0.0,0.01,0.02,0.0,0.0,0.0,0.0,0.0,0.0,0.0,0.0,0.0,0.0,0.0,False,25
CYLC2,0.003,0,0,0,17.0,5.0,13.333333333333334,0.0,0.0,0.02,0.0,0.01,0.0,0.0,0.0,0.0,0.0,0.0,0.0,0.04,0.0,0.0,False,25
DBH-AS1,0.003,0,0,0,17.0,5.0,13.333333333333334,1.0,0.0,0.01,0.01,0.01,0.0,0.0,0.0,0.0,0.0,0.0,0.0,0.0,0.0,0.0,False,25
ND4,0.003,0,0,0,14.0,6.0,13.333333333333334,,0.0,0.0,0.0,0.03,0.0,0.0,0.0,0.0,0.0,0.0,0.0,0.0,0.0,0.0,False,25
PLA2G5,0.003,0,0,0,15.0,4.0,13.333333333333334,0.0,0.0,0.02,0.0,0.01,0.0,0.0,0.0,0.0,0.0,0.0,0.0,0.08,0.0,0.0,False,25
TRPM4,0.003,0,0,0,13.0,8.0,13.333333333333334,1.0,0.0,0.0,0.0,0.0,0.0,0.0,0.0,0.01,0.02,0.0,0.0,0.0,0.0,0.0,False,25
LDB2,0.003,0,0,0,12.0,4.0,13.666666666666666,0.3333333333333333,0.04,0.0,0.0,0.0,0.0,0.0,0.0,0.02,0.01,0.0,0.0,0.0,0.0,0.04,False,25
MTCL1,0.003,0,0,0,16.0,6.0,13.666666666666666,1.0,0.0,0.01,0.02,0.0,0.0,0.0,0.0,0.0,0.0,0.0,0.0,0.0,0.0,0.0,False,25
P2RY12,0.003,0,0,0,12.0,8.0,13.666666666666666,1.0,0.0,0.0,0.0,0.0,0.0,0.0,0.0,0.02,0.01,0.0,0.0,0.0,0.0,0.0,False,25
SLC16A6,0.003,0,0,0,16.0,6.0,13.666666666666666,0.3333333333333333,0.0,0.0,0.01,0.0,0.0,0.02,0.0,0.0,0.0,0.0,0.0,0.0,0.0,0.0,False,25
ASGR1,0.003,0,0,0,13.0,10.0,14.0,1.0,0.0,0.0,0.0,0.03,0.0,0.0,0.0,0.0,0.0,0.0,0.0,0.0,0.01,0.0,False,25
GBX1,0.003,0,0,0,19.0,1.0,14.0,0.0,0.0,0.03,0.0,0.0,0.0,0.0,0.0,0.0,0.0,0.0,0.0,0.0,0.0,0.0,False,25
SNHG24,0.003,0,0,0,12.0,9.0,14.0,0.0,0.0,0.0,0.0,0.03,0.0,0.0,0.0,0.0,0.0,0.0,0.0,0.14,0.0,0.0,False,25
FUS,0.003,0,0,0,11.0,10.0,14.333333333333334,1.0,0.0,0.0,0.0,0.0,0.0,0.0,0.0,0.01,0.02,0.0,0.0,0.0,0.0,0.0,False,25
JUP,0.003,0,0,0,16.0,10.0,14.333333333333334,1.0,0.0,0.0,0.0,0.0,0.0,0.0,0.0,0.02,0.01,0.0,0.0,0.0,0.0,0.0,False,25
SLC35D1,0.003,0,0,0,12.0,10.0,14.333333333333334,0.6666666666666666,0.0,0.01,0.02,0.0,0.0,0.0,0.0,0.0,0.0,0.0,0.0,0.0,0.0,0.0,False,25
LOC102725438,0.003,0,0,0,14.0,5.0,14.666666666666666,0.0,0.0,0.03,0.0,0.0,0.0,0.0,0.0,0.0,0.0,0.0,0.0,0.05,0.0,0.0,False,25
ABCC8,0.003,0,0,0,17.0,8.0,15.0,,0.0,0.0,0.0,0.03,0.0,0.0,0.0,0.0,0.0,0.0,0.0,0.0,0.0,0.0,False,25
FAM185A,0.003,0,0,0,18.0,7.0,15.0,0.6666666666666666,0.0,0.01,0.02,0.0,0.0,0.0,0.0,0.0,0.0,0.0,0.0,0.0,0.0,0.0,False,25
DRG1,0.003,0,0,0,17.0,12.0,15.333333333333334,,0.0,0.0,0.0,0.03,0.0,0.0,0.0,0.0,0.0,0.0,0.0,0.0,0.0,0.0,False,25
GPATCH11,0.003,0,0,0,15.0,6.0,15.333333333333334,0.6666666666666666,0.0,0.0,0.0,0.0,0.0,0.01,0.0,0.02,0.0,0.0,0.0,0.0,0.0,0.0,False,25
ILDR1,0.003,0,0,0,16.0,13.0,15.333333333333334,0.3333333333333333,0.0,0.0,0.0,0.0,0.0,0.03,0.0,0.0,0.0,0.0,0.0,0.0,0.0,0.0,False,25
TPX2,0.003,0,0,0,15.0,8.0,15.333333333333334,1.0,0.0,0.0,0.0,0.0,0.0,0.0,0.0,0.01,0.02,0.0,0.0,0.0,0.0,0.0,False,25
ACADM,0.003,0,0,0,17.0,12.0,15.666666666666666,1.0,0.0,0.0,0.0,0.01,0.0,0.0,0.0,0.0,0.0,0.01,0.01,0.0,0.0,0.0,False,25
FERMT2,0.003,0,0,0,20.0,4.0,15.666666666666666,1.0,0.0,0.0,0.0,0.0,0.0,0.0,0.0,0.02,0.01,0.0,0.0,0.0,0.0,0.0,False,25
PALMD,0.003,0,0,0,17.0,11.0,15.666666666666666,1.0,0.0,0.0,0.0,0.0,0.0,0.0,0.0,0.03,0.0,0.0,0.0,0.0,0.0,0.0,False,25
SLC37A1,0.003,0,0,0,21.0,5.0,15.666666666666666,1.0,0.0,0.0,0.0,0.0,0.0,0.0,0.0,0.02,0.01,0.0,0.0,0.0,0.0,0.0,False,25
ZNF596,0.003,0,0,0,15.0,12.0,15.666666666666666,0.3333333333333333,0.0,0.02,0.01,0.0,0.0,0.0,0.0,0.0,0.0,0.0,0.0,0.0,0.0,0.0,False,25
SUGP2,0.003,0,0,0,16.0,7.0,16.0,1.0,0.03,0.0,0.0,0.0,0.0,0.0,0.0,0.01,0.02,0.0,0.0,0.0,0.0,0.03,False,25
THCAT158,0.003,0,0,0,17.0,11.0,16.0,,0.0,0.0,0.0,0.03,0.0,0.0,0.0,0.0,0.0,0.0,0.0,0.0,0.0,0.0,False,25
LPL,0.003,0,0,0,16.0,15.0,16.333333333333332,0.6,0.02,0.0,0.0,0.0,0.0,0.0,0.0,0.03,0.0,0.0,0.0,0.0,0.0,0.02,False,25
NME7,0.003,0,0,0,19.0,9.0,16.333333333333332,1.0,0.0,0.01,0.02,0.0,0.0,0.0,0.0,0.0,0.0,0.0,0.0,0.0,0.0,0.0,False,25
CWC22,0.003,0,0,0,23.0,4.0,16.666666666666668,0.5,0.0,0.0,0.01,0.0,0.0,0.0,0.0,0.0,0.0,0.01,0.01,0.0,0.0,0.0,False,25
MMP1,0.003,0,0,0,16.0,9.0,16.666666666666668,0.6666666666666666,0.0,0.0,0.03,0.0,0.0,0.0,0.0,0.0,0.0,0.0,0.0,0.0,0.0,0.0,False,25
PTPRK,0.003,0,0,0,16.0,11.0,16.666666666666668,0.6666666666666666,0.0,0.0,0.03,0.0,0.0,0.0,0.0,0.0,0.0,0.0,0.0,0.0,0.0,0.0,False,25
FMNL3,0.003,0,0,0,21.0,5.0,17.0,,0.0,0.0,0.0,0.03,0.0,0.0,0.0,0.0,0.0,0.0,0.0,0.0,0.0,0.0,False,25
LOC100288798,0.003,0,0,0,21.0,7.0,17.0,0.0,0.0,0.02,0.0,0.01,0.0,0.0,0.0,0.0,0.0,0.0,0.0,0.0,0.0,0.0,False,25
LOC101927027,0.003,0,0,0,16.0,13.0,17.0,0.6666666666666666,0.0,0.0,0.03,0.0,0.0,0.0,0.0,0.0,0.0,0.0,0.0,0.0,0.0,0.0,False,25
RALY,0.003,0,0,0,20.0,10.0,17.0,1.0,0.0,0.0,0.0,0.0,0.0,0.0,0.0,0.01,0.02,0.0,0.0,0.0,0.0,0.0,False,25
ANKRD13D,0.003,0,0,0,19.0,9.0,17.333333333333332,0.0,0.0,0.0,0.01,0.02,0.0,0.0,0.0,0.0,0.0,0.0,0.0,0.0,0.0,0.0,False,25
CD36,0.003,0,0,0,14.0,13.0,17.333333333333332,0.08333333333333333,0.11,0.0,0.0,0.0,0.0,0.0,0.0,0.01,0.01,0.0,0.01,0.0,0.0,0.11,False,25
PKDCC,0.003,0,0,0,17.0,12.0,17.333333333333332,0.3333333333333333,0.0,0.01,0.02,0.0,0.0,0.0,0.0,0.0,0.0,0.0,0.0,0.0,0.0,0.0,False,25
PLA2G7,0.003,0,0,0,21.0,7.0,17.333333333333332,1.0,0.0,0.0,0.0,0.02,0.0,0.01,0.0,0.0,0.0,0.0,0.0,0.0,0.0,0.0,False,25
RBM10,0.003,0,0,0,15.0,14.0,17.333333333333332,1.0,0.02,0.0,0.0,0.0,0.0,0.0,0.0,0.01,0.02,0.0,0.0,0.0,0.0,0.02,False,25
GRAMD3,0.003,0,0,0,21.0,8.0,17.666666666666668,1.0,0.0,0.01,0.01,0.01,0.0,0.0,0.0,0.0,0.0,0.0,0.0,0.0,0.0,0.0,False,25
NECTIN4,0.003,0,0,0,15.0,14.0,17.666666666666668,1.0,0.75,0.0,0.0,0.0,0.0,0.0,0.0,0.0,0.01,0.01,0.01,0.0,0.0,0.75,False,25
ADORA3,0.003,0,0,0,17.0,16.0,18.0,,0.0,0.0,0.0,0.03,0.0,0.0,0.0,0.0,0.0,0.0,0.0,0.0,0.0,0.0,False,25
ATP12A,0.003,0,0,0,19.0,11.0,18.0,0.0,0.0,0.02,0.0,0.01,0.0,0.0,0.0,0.0,0.0,0.0,0.0,0.02,0.0,0.0,False,25
F2,0.003,0,0,0,18.0,17.0,18.0,0.0,0.0,0.03,0.0,0.0,0.0,0.0,0.0,0.0,0.0,0.0,0.0,0.05,0.0,0.0,False,25
GPX3,0.003,0,0,0,17.0,13.0,18.0,1.0,0.0,0.0,0.0,0.0,0.0,0.0,0.0,0.02,0.01,0.0,0.0,0.0,0.0,0.0,False,25
IFI6,0.003,0,0,0,17.0,17.0,18.0,0.6666666666666666,0.0,0.0,0.03,0.0,0.0,0.0,0.0,0.0,0.0,0.0,0.0,0.0,0.0,0.0,False,25
NR2F1-AS1,0.003,0,0,0,17.0,15.0,18.0,0.6666666666666666,0.0,0.0,0.03,0.0,0.0,0.0,0.0,0.0,0.0,0.0,0.0,0.0,0.0,0.0,False,25
SDS,0.003,0,0,0,15.0,14.0,18.0,,0.0,0.0,0.0,0.03,0.0,0.0,0.0,0.0,0.0,0.0,0.0,0.0,0.0,0.0,False,25
STX8,0.003,0,0,0,16.0,15.0,18.0,1.0,0.0,0.0,0.0,0.0,0.0,0.0,0.0,0.01,0.02,0.0,0.0,0.0,0.0,0.0,False,25
EPYC,0.003,0,0,0,18.0,17.0,18.333333333333332,,0.0,0.0,0.0,0.03,0.0,0.0,0.0,0.0,0.0,0.0,0.0,0.0,0.0,0.0,False,25
F12,0.003,0,0,0,17.0,16.0,18.333333333333332,1.0,0.22,0.0,0.0,0.0,0.0,0.0,0.0,0.0,0.01,0.01,0.01,0.0,0.0,0.22,False,25
GREM2,0.003,0,0,0,19.0,11.0,18.333333333333332,0.0,0.0,0.02,0.01,0.0,0.0,0.0,0.0,0.0,0.0,0.0,0.0,0.02,0.0,0.0,False,25
IDH1-AS1,0.003,0,0,0,22.0,11.0,18.666666666666668,0.0,0.0,0.01,0.0,0.02,0.0,0.0,0.0,0.0,0.0,0.0,0.0,0.01,0.0,0.0,False,25
RACGAP1,0.003,0,0,0,18.0,15.0,18.666666666666668,0.6,0.02,0.0,0.03,0.0,0.0,0.0,0.0,0.0,0.0,0.0,0.0,0.0,0.0,0.02,False,25
RRM2,0.003,0,0,0,18.0,16.0,18.666666666666668,1.0,0.01,0.0,0.0,0.0,0.0,0.0,0.0,0.03,0.0,0.0,0.0,0.0,0.0,0.01,False,25
SULF1,0.003,0,0,0,22.0,9.0,18.666666666666668,0.0,0.0,0.0,0.03,0.0,0.0,0.0,0.0,0.0,0.0,0.0,0.0,0.0,0.0,0.0,False,25
COX7A1,0.003,0,0,0,18.0,15.0,19.0,0.42857142857142855,0.04,0.0,0.0,0.0,0.0,0.0,0.0,0.03,0.0,0.0,0.0,0.0,0.0,0.04,False,25
EZR,0.003,0,0,0,19.0,16.0,19.0,1.0,0.0,0.0,0.0,0.0,0.0,0.0,0.0,0.01,0.02,0.0,0.0,0.0,0.0,0.0,False,25
LOC101928111,0.003,0,0,0,19.0,15.0,19.0,0.0,0.0,0.01,0.0,0.01,0.0,0.0,0.01,0.0,0.0,0.0,0.0,0.0,0.0,0.0,False,25
ADHFE1,0.003,0,0,0,18.0,15.0,19.333333333333332,0.3333333333333333,0.0,0.0,0.03,0.0,0.0,0.0,0.0,0.0,0.0,0.0,0.0,0.0,0.0,0.0,False,25
KRT76,0.003,0,0,0,18.0,18.0,19.333333333333332,0.0,0.0,0.02,0.0,0.01,0.0,0.0,0.0,0.0,0.0,0.0,0.0,0.01,0.0,0.0,False,25
NOXRED1,0.003,0,0,0,19.0,14.0,19.333333333333332,0.0,0.0,0.02,0.0,0.01,0.0,0.0,0.0,0.0,0.0,0.0,0.0,0.0,0.0,0.0,False,25
SGCZ,0.003,0,0,0,22.0,12.0,19.333333333333332,0.0,0.0,0.02,0.0,0.01,0.0,0.0,0.0,0.0,0.0,0.0,0.0,0.04,0.0,0.0,False,25
SPRNP1,0.003,0,0,0,21.0,15.0,19.333333333333332,,0.0,0.0,0.0,0.03,0.0,0.0,0.0,0.0,0.0,0.0,0.0,0.0,0.0,0.0,False,25
TTC41P,0.003,0,0,0,21.0,15.0,19.333333333333332,0.0,0.0,0.03,0.0,0.0,0.0,0.0,0.0,0.0,0.0,0.0,0.0,0.0,0.0,0.0,False,25
BCL2L1,0.003,0,0,0,18.0,17.0,20.0,1.0,0.0,0.0,0.0,0.0,0.0,0.0,0.0,0.01,0.02,0.0,0.0,0.0,0.0,0.0,False,25
MMP3,0.003,0,0,0,21.0,15.0,20.0,,0.0,0.0,0.0,0.03,0.0,0.0,0.0,0.0,0.0,0.0,0.0,0.0,0.0,0.0,False,25
FGF2,0.003,0,0,0,20.0,16.0,20.333333333333332,1.0,0.0,0.0,0.01,0.0,0.0,0.0,0.0,0.01,0.01,0.0,0.0,0.0,0.0,0.0,False,25
SYNE4,0.003,0,0,0,24.0,13.0,20.333333333333332,1.0,0.04,0.0,0.01,0.0,0.0,0.0,0.0,0.02,0.0,0.0,0.0,0.0,0.0,0.04,False,25
ZMAT3,0.003,0,0,0,20.0,19.0,20.333333333333332,,0.0,0.0,0.0,0.03,0.0,0.0,0.0,0.0,0.0,0.0,0.0,0.0,0.0,0.0,False,25
ABCA9,0.003,0,0,0,20.0,17.0,20.666666666666668,0.5,0.0,0.0,0.01,0.0,0.0,0.0,0.0,0.0,0.0,0.01,0.01,0.0,0.0,0.0,False,25
FCGBP,0.003,0,0,0,25.0,12.0,20.666666666666668,0.0,0.0,0.0,0.01,0.02,0.0,0.0,0.0,0.0,0.0,0.0,0.0,0.0,0.0,0.0,False,25
GABRG1,0.003,0,0,0,21.0,16.0,20.666666666666668,0.0,0.0,0.02,0.0,0.01,0.0,0.0,0.0,0.0,0.0,0.0,0.0,0.03,0.0,0.0,False,25
PCCA,0.003,0,0,0,23.0,14.0,20.666666666666668,1.0,0.0,0.0,0.0,0.0,0.0,0.0,0.0,0.02,0.01,0.0,0.0,0.0,0.0,0.0,False,25
SNCG,0.003,0,0,0,21.0,17.0,20.666666666666668,0.0,0.0,0.0,0.0,0.0,0.03,0.0,0.0,0.0,0.0,0.0,0.0,0.0,0.03,0.0,False,25
ANK2,0.003,0,0,0,22.0,18.0,21.0,0.6666666666666666,0.0,0.0,0.02,0.0,0.0,0.0,0.0,0.01,0.0,0.0,0.0,0.0,0.0,0.0,False,25
CA4,0.003,0,0,0,20.0,19.0,21.0,1.0,0.0,0.0,0.0,0.0,0.0,0.0,0.0,0.01,0.02,0.0,0.0,0.0,0.0,0.0,False,25
HN1,0.003,0,0,0,23.0,15.0,21.0,1.0,0.0,0.0,0.0,0.0,0.0,0.0,0.0,0.01,0.02,0.0,0.0,0.0,0.0,0.0,False,25
HOOK2,0.003,0,0,0,21.0,18.0,21.0,0.6666666666666666,0.0,0.0,0.0,0.0,0.0,0.03,0.0,0.0,0.0,0.0,0.0,0.0,0.0,0.0,False,25
RAB42,0.003,0,0,0,20.0,19.0,21.0,,0.0,0.0,0.0,0.03,0.0,0.0,0.0,0.0,0.0,0.0,0.0,0.0,0.0,0.0,False,25
AIFM2,0.003,0,0,0,20.0,20.0,21.333333333333332,0.0,0.0,0.0,0.0,0.0,0.01,0.02,0.0,0.0,0.0,0.0,0.0,0.0,0.0,0.0,False,25
ANKRD33B,0.003,0,0,0,23.0,16.0,21.333333333333332,,0.0,0.0,0.0,0.03,0.0,0.0,0.0,0.0,0.0,0.0,0.0,0.0,0.0,0.0,False,25
LCN8,0.003,0,0,0,23.0,16.0,21.333333333333332,,0.0,0.0,0.0,0.03,0.0,0.0,0.0,0.0,0.0,0.0,0.0,0.0,0.0,0.0,False,25
P2RX4,0.003,0,0,0,20.0,19.0,21.333333333333332,1.0,0.0,0.0,0.03,0.0,0.0,0.0,0.0,0.0,0.0,0.0,0.0,0.0,0.0,0.0,False,25
RAB3D,0.003,0,0,0,21.0,19.0,21.333333333333332,1.0,0.0,0.0,0.0,0.0,0.0,0.0,0.0,0.01,0.02,0.0,0.0,0.0,0.0,0.0,False,25
CHTOP,0.003,0,0,0,22.0,20.0,21.666666666666668,,0.0,0.0,0.0,0.0,0.0,0.0,0.0,0.0,0.03,0.0,0.0,0.0,0.0,0.0,False,25
CRTAP,0.003,0,0,0,24.0,17.0,21.666666666666668,1.0,0.0,0.0,0.0,0.0,0.0,0.0,0.0,0.01,0.0,0.01,0.01,0.0,0.0,0.0,False,25
GAL,0.003,0,0,0,20.0,20.0,21.666666666666668,,0.0,0.0,0.0,0.03,0.0,0.0,0.0,0.0,0.0,0.0,0.0,0.0,0.0,0.0,False,25
MYO19,0.003,0,0,0,22.0,21.0,21.666666666666668,1.0,0.0,0.0,0.0,0.0,0.0,0.0,0.0,0.02,0.01,0.0,0.0,0.0,0.0,0.0,False,25
ZNF696,0.003,0,0,0,21.0,20.0,21.666666666666668,1.0,0.0,0.0,0.0,0.0,0.0,0.0,0.0,0.0,0.0,0.02,0.01,0.0,0.0,0.0,False,25
HIST1H4G,0.003,0,0,0,25.0,17.0,22.333333333333332,0.0,0.0,0.03,0.0,0.0,0.0,0.0,0.0,0.0,0.0,0.0,0.0,0.0,0.0,0.0,False,25
KDF1,0.003,0,0,0,23.0,19.0,22.333333333333332,1.0,0.0,0.0,0.0,0.0,0.0,0.0,0.0,0.01,0.02,0.0,0.0,0.0,0.0,0.0,False,25
ADGRG5,0.003,0,0,0,23.0,22.0,22.666666666666668,,0.0,0.0,0.0,0.03,0.0,0.0,0.0,0.0,0.0,0.0,0.0,0.0,0.0,0.0,False,25
SMARCC1,0.003,0,0,0,24.0,20.0,23.0,1.0,0.03,0.0,0.01,0.0,0.0,0.0,0.0,0.0,0.0,0.01,0.01,0.0,0.0,0.03,False,25
TRIM25,0.003,0,0,0,24.0,21.0,23.0,,0.0,0.0,0.0,0.0,0.0,0.0,0.0,0.0,0.03,0.0,0.0,0.0,0.0,0.0,False,25
CA3,0.003,0,0,0,25.0,20.0,23.333333333333332,1.0,0.0,0.0,0.01,0.02,0.0,0.0,0.0,0.0,0.0,0.0,0.0,0.0,0.0,0.0,False,25
RASL10A,0.002,0,0,0,1.5,1.0,1.5,0.5,0.0,0.01,0.01,0.0,0.0,0.0,0.0,0.0,0.0,0.0,0.0,0.0,0.0,0.0,False,25
FRMD8,0.002,0,0,0,2.0,1.0,2.0,1.0,0.0,0.0,0.0,0.0,0.0,0.0,0.0,0.01,0.01,0.0,0.0,0.0,0.0,0.0,False,25
TRIM72,0.002,0,0,0,2.0,1.0,2.0,1.0,0.0,0.01,0.0,0.01,0.0,0.0,0.0,0.0,0.0,0.0,0.0,0.0,0.0,0.0,False,25
OLR1,0.002,0,0,0,3.5,2.0,3.5,1.0,0.0,0.0,0.0,0.02,0.0,0.0,0.0,0.0,0.0,0.0,0.0,0.0,0.01,0.0,False,25
HERC2P7,0.002,0,0,0,4.0,3.0,4.0,1.0,0.0,0.0,0.02,0.0,0.0,0.0,0.0,0.0,0.0,0.0,0.0,0.0,0.0,0.0,False,25
LCE2B,0.002,0,0,0,4.0,1.0,4.0,0.0,0.0,0.02,0.0,0.0,0.0,0.0,0.0,0.0,0.0,0.0,0.0,0.02,0.0,0.0,False,25
APOLD1,0.002,0,0,0,4.5,2.0,4.5,1.0,0.0,0.0,0.0,0.0,0.0,0.0,0.0,0.01,0.01,0.0,0.0,0.0,0.0,0.0,False,25
LOC105378577,0.002,0,0,0,4.5,4.0,4.5,0.5,0.0,0.01,0.01,0.0,0.0,0.0,0.0,0.0,0.0,0.0,0.0,0.0,0.0,0.0,False,25
MATR3,0.002,0,0,0,4.5,2.0,4.5,1.0,0.0,0.01,0.01,0.0,0.0,0.0,0.0,0.0,0.0,0.0,0.0,0.0,0.0,0.0,False,25
NNMT,0.002,0,0,0,4.5,4.0,4.5,0.5,0.0,0.0,0.02,0.0,0.0,0.0,0.0,0.0,0.0,0.0,0.0,0.0,0.0,0.0,False,25
GFAP,0.002,0,0,0,5.0,3.0,5.0,0.0,0.0,0.02,0.0,0.0,0.0,0.0,0.0,0.0,0.0,0.0,0.0,0.02,0.0,0.0,False,25
MMEL1,0.002,0,0,0,5.0,4.0,5.0,0.0,0.0,0.0,0.02,0.0,0.0,0.0,0.0,0.0,0.0,0.0,0.0,0.0,0.0,0.0,False,25
ST8SIA2,0.002,0,0,0,5.0,5.0,5.0,1.0,0.0,0.02,0.0,0.0,0.0,0.0,0.0,0.0,0.0,0.0,0.0,0.0,0.0,0.0,False,25
PELI2,0.002,0,0,0,5.5,2.0,5.5,0.5,0.0,0.0,0.02,0.0,0.0,0.0,0.0,0.0,0.0,0.0,0.0,0.0,0.0,0.0,False,25
PGBD2,0.002,0,0,0,5.5,5.0,5.5,1.0,0.0,0.01,0.01,0.0,0.0,0.0,0.0,0.0,0.0,0.0,0.0,0.0,0.0,0.0,False,25
C1orf123,0.002,0,0,0,6.5,2.0,6.5,1.0,0.0,0.0,0.0,0.01,0.0,0.0,0.0,0.01,0.0,0.0,0.0,0.0,0.0,0.0,False,25
TMEM190,0.002,0,0,0,6.5,3.0,6.5,,0.0,0.0,0.0,0.02,0.0,0.0,0.0,0.0,0.0,0.0,0.0,0.0,0.0,0.0,False,25
LOC643355,0.002,0,0,0,7.0,5.0,7.0,,0.0,0.0,0.0,0.02,0.0,0.0,0.0,0.0,0.0,0.0,0.0,0.0,0.0,0.0,False,25
NAT8L,0.002,0,0,0,7.0,7.0,7.0,0.0,0.0,0.01,0.01,0.0,0.0,0.0,0.0,0.0,0.0,0.0,0.0,0.0,0.0,0.0,False,25
PTPA,0.002,0,0,0,7.5,7.0,7.5,1.0,0.0,0.0,0.0,0.0,0.0,0.0,0.0,0.01,0.01,0.0,0.0,0.0,0.0,0.0,False,25
TBL2,0.002,0,0,0,7.5,3.0,7.5,0.5,0.0,0.01,0.01,0.0,0.0,0.0,0.0,0.0,0.0,0.0,0.0,0.0,0.0,0.0,False,25
HK1,0.002,0,0,0,8.0,7.0,8.0,1.0,0.0,0.0,0.0,0.0,0.0,0.0,0.0,0.01,0.01,0.0,0.0,0.0,0.0,0.0,False,25
KLRC3,0.002,0,0,0,8.0,8.0,8.0,1.0,0.0,0.02,0.0,0.0,0.0,0.0,0.0,0.0,0.0,0.0,0.0,0.0,0.0,0.0,False,25
NCAPG,0.002,0,0,0,8.0,8.0,8.0,1.0,0.0,0.0,0.0,0.0,0.0,0.0,0.0,0.01,0.01,0.0,0.0,0.0,0.0,0.0,False,25
THRB,0.002,0,0,0,8.0,4.0,8.0,0.5,0.0,0.01,0.01,0.0,0.0,0.0,0.0,0.0,0.0,0.0,0.0,0.0,0.0,0.0,False,25
ZNF563,0.002,0,0,0,8.0,4.0,8.0,,0.0,0.0,0.0,0.02,0.0,0.0,0.0,0.0,0.0,0.0,0.0,0.0,0.0,0.0,False,25
LOC100131532,0.002,0,0,0,8.5,8.0,8.5,,0.0,0.0,0.0,0.02,0.0,0.0,0.0,0.0,0.0,0.0,0.0,0.0,0.0,0.0,False,25
PHF8,0.002,0,0,0,8.5,4.0,8.5,0.5,0.0,0.0,0.0,0.0,0.01,0.01,0.0,0.0,0.0,0.0,0.0,0.0,0.0,0.0,False,25
PPP2R1B,0.002,0,0,0,8.5,5.0,8.5,1.0,0.0,0.0,0.0,0.0,0.0,0.0,0.0,0.02,0.0,0.0,0.0,0.0,0.0,0.0,False,25
CPED1,0.002,0,0,0,9.0,1.0,9.0,1.0,0.0,0.0,0.0,0.0,0.0,0.0,0.0,0.01,0.01,0.0,0.0,0.0,0.0,0.0,False,25
LDHAL6A,0.002,0,0,0,9.0,2.0,9.0,,0.0,0.0,0.0,0.02,0.0,0.0,0.0,0.0,0.0,0.0,0.0,0.0,0.0,0.0,False,25
MRPS36,0.002,0,0,0,9.0,5.0,9.0,,0.0,0.0,0.0,0.02,0.0,0.0,0.0,0.0,0.0,0.0,0.0,0.0,0.0,0.0,False,25
STK40,0.002,0,0,0,9.0,6.0,9.0,0.0,0.0,0.01,0.01,0.0,0.0,0.0,0.0,0.0,0.0,0.0,0.0,0.0,0.0,0.0,False,25
BRD7,0.002,0,0,0,9.5,5.0,9.5,1.0,0.0,0.0,0.01,0.01,0.0,0.0,0.0,0.0,0.0,0.0,0.0,0.0,0.0,0.0,False,25
LINC00327,0.002,0,0,0,9.5,8.0,9.5,,0.0,0.0,0.0,0.02,0.0,0.0,0.0,0.0,0.0,0.0,0.0,0.0,0.0,0.0,False,25
IL5,0.002,0,0,0,10.0,7.0,10.0,,0.0,0.0,0.0,0.02,0.0,0.0,0.0,0.0,0.0,0.0,0.0,0.0,0.0,0.0,False,25
ATP5O,0.002,0,0,0,10.5,3.0,10.5,1.0,0.0,0.0,0.01,0.01,0.0,0.0,0.0,0.0,0.0,0.0,0.0,0.0,0.0,0.0,False,25
DEFB127,0.002,0,0,0,10.5,4.0,10.5,0.0,0.0,0.01,0.0,0.01,0.0,0.0,0.0,0.0,0.0,0.0,0.0,0.02,0.0,0.0,False,25
FANCD2,0.002,0,0,0,10.5,7.0,10.5,1.0,0.0,0.0,0.0,0.0,0.0,0.0,0.0,0.01,0.01,0.0,0.0,0.0,0.0,0.0,False,25
FUT10,0.002,0,0,0,10.5,8.0,10.5,0.0,0.0,0.01,0.01,0.0,0.0,0.0,0.0,0.0,0.0,0.0,0.0,0.0,0.0,0.0,False,25
SFXN5,0.002,0,0,0,10.5,9.0,10.5,1.0,0.0,0.01,0.01,0.0,0.0,0.0,0.0,0.0,0.0,0.0,0.0,0.0,0.0,0.0,False,25
ADAM23,0.002,0,0,0,11.0,8.0,11.0,1.0,0.0,0.02,0.0,0.0,0.0,0.0,0.0,0.0,0.0,0.0,0.0,0.0,0.0,0.0,False,25
DAGLB,0.002,0,0,0,11.0,9.0,11.0,0.5,0.0,0.0,0.02,0.0,0.0,0.0,0.0,0.0,0.0,0.0,0.0,0.0,0.0,0.0,False,25
LINC00674,0.002,0,0,0,11.0,6.0,11.0,0.5,0.0,0.01,0.01,0.0,0.0,0.0,0.0,0.0,0.0,0.0,0.0,0.0,0.0,0.0,False,25
LOC100131347,0.002,0,0,0,11.0,1.0,11.0,1.0,0.0,0.02,0.0,0.0,0.0,0.0,0.0,0.0,0.0,0.0,0.0,0.0,0.0,0.0,False,25
MILR1,0.002,0,0,0,11.0,8.0,11.0,,0.0,0.0,0.0,0.02,0.0,0.0,0.0,0.0,0.0,0.0,0.0,0.0,0.0,0.0,False,25
ROGDI,0.002,0,0,0,11.0,11.0,11.0,1.0,0.0,0.0,0.0,0.0,0.0,0.0,0.0,0.01,0.01,0.0,0.0,0.0,0.0,0.0,False,25
SYTL1,0.002,0,0,0,11.0,9.0,11.0,1.0,0.0,0.0,0.0,0.0,0.0,0.0,0.0,0.01,0.01,0.0,0.0,0.0,0.0,0.0,False,25
AKR1D1,0.002,0,0,0,11.5,5.0,11.5,0.0,0.0,0.02,0.0,0.0,0.0,0.0,0.0,0.0,0.0,0.0,0.0,0.16,0.0,0.0,False,25
ALX4,0.002,0,0,0,11.5,2.0,11.5,,0.0,0.0,0.0,0.02,0.0,0.0,0.0,0.0,0.0,0.0,0.0,0.0,0.0,0.0,False,25
LOC729173,0.002,0,0,0,11.5,11.0,11.5,0.0,0.0,0.02,0.0,0.0,0.0,0.0,0.0,0.0,0.0,0.0,0.0,0.03,0.0,0.0,False,25
MC3R,0.002,0,0,0,11.5,6.0,11.5,1.0,0.0,0.02,0.0,0.0,0.0,0.0,0.0,0.0,0.0,0.0,0.0,0.0,0.0,0.0,False,25
MCCC1,0.002,0,0,0,11.5,11.0,11.5,1.0,0.0,0.0,0.02,0.0,0.0,0.0,0.0,0.0,0.0,0.0,0.0,0.0,0.0,0.0,False,25
SERINC2,0.002,0,0,0,11.5,7.0,11.5,1.0,0.05,0.0,0.0,0.0,0.0,0.0,0.0,0.02,0.0,0.0,0.0,0.0,0.0,0.05,False,25
WNT10B,0.002,0,0,0,11.5,5.0,11.5,0.0,0.0,0.0,0.0,0.01,0.01,0.0,0.0,0.0,0.0,0.0,0.0,0.0,0.0,0.0,False,25
ABCC10,0.002,0,0,0,12.0,10.0,12.0,1.0,0.0,0.0,0.0,0.0,0.0,0.0,0.0,0.0,0.0,0.01,0.01,0.0,0.0,0.0,False,25
AK6,0.002,0,0,0,12.0,1.0,12.0,,0.0,0.0,0.0,0.02,0.0,0.0,0.0,0.0,0.0,0.0,0.0,0.0,0.0,0.0,False,25
CTNNA3,0.002,0,0,0,12.0,5.0,12.0,0.0,0.0,0.01,0.0,0.01,0.0,0.0,0.0,0.0,0.0,0.0,0.0,0.01,0.0,0.0,False,25
IDH3A,0.002,0,0,0,12.0,9.0,12.0,,0.0,0.0,0.0,0.02,0.0,0.0,0.0,0.0,0.0,0.0,0.0,0.0,0.0,0.0,False,25
IQCA1,0.002,0,0,0,12.0,3.0,12.0,1.0,0.0,0.01,0.01,0.0,0.0,0.0,0.0,0.0,0.0,0.0,0.0,0.0,0.0,0.0,False,25
LINC00636,0.002,0,0,0,12.0,6.0,12.0,,0.0,0.0,0.0,0.02,0.0,0.0,0.0,0.0,0.0,0.0,0.0,0.0,0.0,0.0,False,25
LOC100506459,0.002,0,0,0,12.0,10.0,12.0,0.5,0.0,0.01,0.01,0.0,0.0,0.0,0.0,0.0,0.0,0.0,0.0,0.0,0.0,0.0,False,25
LOC101060391,0.002,0,0,0,12.0,10.0,12.0,1.0,0.0,0.0,0.01,0.0,0.0,0.01,0.0,0.0,0.0,0.0,0.0,0.0,0.0,0.0,False,25
NDN,0.002,0,0,0,12.0,10.0,12.0,0.6666666666666666,0.01,0.0,0.0,0.0,0.0,0.0,0.0,0.02,0.0,0.0,0.0,0.0,0.0,0.01,False,25
PIK3IP1-AS1,0.002,0,0,0,12.0,11.0,12.0,0.5,0.0,0.01,0.01,0.0,0.0,0.0,0.0,0.0,0.0,0.0,0.0,0.0,0.0,0.0,False,25
SLC12A2,0.002,0,0,0,12.0,4.0,12.0,1.0,0.0,0.01,0.01,0.0,0.0,0.0,0.0,0.0,0.0,0.0,0.0,0.0,0.0,0.0,False,25
SLC16A7,0.002,0,0,0,12.0,6.0,12.0,1.0,0.0,0.0,0.0,0.0,0.0,0.0,0.0,0.01,0.01,0.0,0.0,0.0,0.0,0.0,False,25
ZFP14,0.002,0,0,0,12.0,9.0,12.0,0.5,0.0,0.0,0.02,0.0,0.0,0.0,0.0,0.0,0.0,0.0,0.0,0.0,0.0,0.0,False,25
ZNF169,0.002,0,0,0,12.0,8.0,12.0,,0.0,0.0,0.0,0.02,0.0,0.0,0.0,0.0,0.0,0.0,0.0,0.0,0.0,0.0,False,25
ZNF667-AS1,0.002,0,0,0,12.0,8.0,12.0,0.0,0.0,0.0,0.02,0.0,0.0,0.0,0.0,0.0,0.0,0.0,0.0,0.0,0.0,0.0,False,25
ATP6V1E1,0.002,0,0,0,12.5,11.0,12.5,,0.0,0.0,0.0,0.02,0.0,0.0,0.0,0.0,0.0,0.0,0.0,0.0,0.0,0.0,False,25
CAPZA3,0.002,0,0,0,12.5,2.0,12.5,1.0,0.0,0.02,0.0,0.0,0.0,0.0,0.0,0.0,0.0,0.0,0.0,0.0,0.0,0.0,False,25
EPCAM,0.002,0,0,0,12.5,10.0,12.5,1.0,0.0,0.0,0.0,0.0,0.0,0.0,0.01,0.01,0.0,0.0,0.0,0.0,0.01,0.0,False,25
EPS8L1,0.002,0,0,0,12.5,8.0,12.5,1.0,0.03,0.0,0.0,0.0,0.0,0.0,0.0,0.01,0.01,0.0,0.0,0.0,0.0,0.03,False,25
LINC01119,0.002,0,0,0,12.5,12.0,12.5,0.0,0.0,0.02,0.0,0.0,0.0,0.0,0.0,0.0,0.0,0.0,0.0,0.0,0.0,0.0,False,25
LOC105376072,0.002,0,0,0,12.5,2.0,12.5,0.0,0.0,0.02,0.0,0.0,0.0,0.0,0.0,0.0,0.0,0.0,0.0,0.0,0.0,0.0,False,25
MAPKAPK2,0.002,0,0,0,12.5,2.0,12.5,0.3333333333333333,0.01,0.0,0.02,0.0,0.0,0.0,0.0,0.0,0.0,0.0,0.0,0.0,0.0,0.01,False,25
PTPRD-AS1,0.002,0,0,0,12.5,10.0,12.5,1.0,0.0,0.01,0.0,0.01,0.0,0.0,0.0,0.0,0.0,0.0,0.0,0.0,0.0,0.0,False,25
SUCLG1,0.002,0,0,0,12.5,12.0,12.5,,0.0,0.0,0.0,0.02,0.0,0.0,0.0,0.0,0.0,0.0,0.0,0.0,0.0,0.0,False,25
SUGCT,0.002,0,0,0,12.5,10.0,12.5,0.5,0.0,0.01,0.01,0.0,0.0,0.0,0.0,0.0,0.0,0.0,0.0,0.0,0.0,0.0,False,25
UPK1A,0.002,0,0,0,12.5,8.0,12.5,0.0,0.0,0.02,0.0,0.0,0.0,0.0,0.0,0.0,0.0,0.0,0.0,0.0,0.0,0.0,False,25
ADIRF,0.002,0,0,0,13.0,10.0,13.0,1.0,0.0,0.0,0.0,0.0,0.0,0.0,0.0,0.02,0.0,0.0,0.0,0.0,0.0,0.0,False,25
CRCP,0.002,0,0,0,13.0,12.0,13.0,0.5,0.0,0.01,0.01,0.0,0.0,0.0,0.0,0.0,0.0,0.0,0.0,0.0,0.0,0.0,False,25
E2F7,0.002,0,0,0,13.0,13.0,13.0,1.0,0.0,0.0,0.0,0.0,0.0,0.0,0.0,0.0,0.0,0.01,0.01,0.0,0.0,0.0,False,25
EPHX1,0.002,0,0,0,13.0,10.0,13.0,0.0,0.0,0.0,0.02,0.0,0.0,0.0,0.0,0.0,0.0,0.0,0.0,0.0,0.0,0.0,False,25
GAL3ST4,0.002,0,0,0,13.0,11.0,13.0,1.0,0.0,0.01,0.01,0.0,0.0,0.0,0.0,0.0,0.0,0.0,0.0,0.0,0.0,0.0,False,25
LINC01448,0.002,0,0,0,13.0,11.0,13.0,0.0,0.0,0.02,0.0,0.0,0.0,0.0,0.0,0.0,0.0,0.0,0.0,0.0,0.0,0.0,False,25
MYZAP,0.002,0,0,0,13.0,4.0,13.0,1.0,0.0,0.0,0.0,0.0,0.0,0.0,0.0,0.02,0.0,0.0,0.0,0.0,0.0,0.0,False,25
SLAMF9,0.002,0,0,0,13.0,9.0,13.0,1.0,0.0,0.0,0.0,0.02,0.0,0.0,0.0,0.0,0.0,0.0,0.0,0.0,0.06,0.0,False,25
SLC7A1,0.002,0,0,0,13.0,12.0,13.0,1.0,0.0,0.0,0.0,0.0,0.0,0.0,0.0,0.01,0.01,0.0,0.0,0.0,0.0,0.0,False,25
SOX6,0.002,0,0,0,13.0,10.0,13.0,0.0,0.0,0.0,0.02,0.0,0.0,0.0,0.0,0.0,0.0,0.0,0.0,0.0,0.0,0.0,False,25
SVEP1,0.002,0,0,0,13.0,9.0,13.0,1.0,0.0,0.0,0.0,0.0,0.0,0.0,0.0,0.02,0.0,0.0,0.0,0.0,0.0,0.0,False,25
TMED9,0.002,0,0,0,13.0,6.0,13.0,0.5,0.0,0.0,0.02,0.0,0.0,0.0,0.0,0.0,0.0,0.0,0.0,0.0,0.0,0.0,False,25
TNC,0.002,0,0,0,13.0,9.0,13.0,1.0,0.0,0.01,0.01,0.0,0.0,0.0,0.0,0.0,0.0,0.0,0.0,0.0,0.0,0.0,False,25
TSSK4,0.002,0,0,0,13.0,6.0,13.0,0.0,0.0,0.01,0.0,0.01,0.0,0.0,0.0,0.0,0.0,0.0,0.0,0.0,0.0,0.0,False,25
C19orf12,0.002,0,0,0,13.5,13.0,13.5,1.0,0.0,0.0,0.0,0.0,0.0,0.0,0.0,0.02,0.0,0.0,0.0,0.0,0.0,0.0,False,25
ERICH1-AS1,0.002,0,0,0,13.5,6.0,13.5,0.0,0.0,0.01,0.0,0.01,0.0,0.0,0.0,0.0,0.0,0.0,0.0,0.0,0.0,0.0,False,25
FOXO6,0.002,0,0,0,13.5,13.0,13.5,1.0,0.01,0.0,0.0,0.0,0.0,0.0,0.0,0.0,0.0,0.01,0.01,0.0,0.0,0.01,False,25
IZUMO1,0.002,0,0,0,13.5,5.0,13.5,,0.0,0.0,0.0,0.02,0.0,0.0,0.0,0.0,0.0,0.0,0.0,0.0,0.0,0.0,False,25
LOC101927151,0.002,0,0,0,13.5,12.0,13.5,0.0,0.0,0.0,0.01,0.0,0.0,0.01,0.0,0.0,0.0,0.0,0.0,0.0,0.0,0.0,False,25
MIR17HG,0.002,0,0,0,13.5,7.0,13.5,0.0,0.0,0.02,0.0,0.0,0.0,0.0,0.0,0.0,0.0,0.0,0.0,0.02,0.0,0.0,False,25
PCDH17,0.002,0,0,0,13.5,8.0,13.5,1.0,0.0,0.01,0.01,0.0,0.0,0.0,0.0,0.0,0.0,0.0,0.0,0.0,0.0,0.0,False,25
PLXDC2,0.002,0,0,0,13.5,12.0,13.5,,0.0,0.0,0.0,0.02,0.0,0.0,0.0,0.0,0.0,0.0,0.0,0.0,0.0,0.0,False,25
PNLIPRP3,0.002,0,0,0,13.5,4.0,13.5,0.0,0.0,0.02,0.0,0.0,0.0,0.0,0.0,0.0,0.0,0.0,0.0,0.06,0.0,0.0,False,25
RGS18,0.002,0,0,0,13.5,9.0,13.5,,0.0,0.0,0.0,0.02,0.0,0.0,0.0,0.0,0.0,0.0,0.0,0.0,0.0,0.0,False,25
TAF8,0.002,0,0,0,13.5,9.0,13.5,0.5,0.0,0.01,0.01,0.0,0.0,0.0,0.0,0.0,0.0,0.0,0.0,0.0,0.0,0.0,False,25
UCP3,0.002,0,0,0,13.5,7.0,13.5,1.0,0.0,0.0,0.01,0.01,0.0,0.0,0.0,0.0,0.0,0.0,0.0,0.0,0.0,0.0,False,25
ANTXR2,0.002,0,0,0,14.0,14.0,14.0,1.0,0.0,0.0,0.0,0.0,0.0,0.0,0.0,0.02,0.0,0.0,0.0,0.0,0.0,0.0,False,25
CREBL2,0.002,0,0,0,14.0,14.0,14.0,1.0,0.0,0.0,0.0,0.0,0.0,0.0,0.0,0.0,0.0,0.01,0.01,0.0,0.0,0.0,False,25
EHF,0.002,0,0,0,14.0,10.0,14.0,0.5,0.0,0.01,0.01,0.0,0.0,0.0,0.0,0.0,0.0,0.0,0.0,0.0,0.0,0.0,False,25
GGN,0.002,0,0,0,14.0,3.0,14.0,,0.0,0.0,0.0,0.02,0.0,0.0,0.0,0.0,0.0,0.0,0.0,0.0,0.0,0.0,False,25
INSL3,0.002,0,0,0,14.0,9.0,14.0,,0.0,0.0,0.0,0.02,0.0,0.0,0.0,0.0,0.0,0.0,0.0,0.0,0.0,0.0,False,25
KMT2D,0.002,0,0,0,14.0,10.0,14.0,1.0,0.0,0.0,0.0,0.0,0.0,0.0,0.0,0.01,0.01,0.0,0.0,0.0,0.0,0.0,False,25
AMPD1,0.002,0,0,0,14.5,14.0,14.5,,0.0,0.0,0.0,0.02,0.0,0.0,0.0,0.0,0.0,0.0,0.0,0.0,0.0,0.0,False,25
C8B,0.002,0,0,0,14.5,7.0,14.5,0.0,0.0,0.01,0.0,0.01,0.0,0.0,0.0,0.0,0.0,0.0,0.0,0.0,0.0,0.0,False,25
FAM84B,0.002,0,0,0,14.5,14.0,14.5,1.0,0.0,0.0,0.0,0.0,0.0,0.0,0.0,0.01,0.01,0.0,0.0,0.0,0.0,0.0,False,25
FIG4,0.002,0,0,0,14.5,11.0,14.5,,0.0,0.0,0.0,0.02,0.0,0.0,0.0,0.0,0.0,0.0,0.0,0.0,0.0,0.0,False,25
GPR137B,0.002,0,0,0,14.5,6.0,14.5,0.0,0.0,0.0,0.02,0.0,0.0,0.0,0.0,0.0,0.0,0.0,0.0,0.0,0.0,0.0,False,25
LOC101928132,0.002,0,0,0,14.5,10.0,14.5,0.0,0.0,0.01,0.0,0.01,0.0,0.0,0.0,0.0,0.0,0.0,0.0,0.01,0.0,0.0,False,25
OLFML1,0.002,0,0,0,14.5,14.0,14.5,1.0,0.0,0.0,0.0,0.0,0.0,0.0,0.0,0.02,0.0,0.0,0.0,0.0,0.0,0.0,False,25
PDE3A,0.002,0,0,0,14.5,11.0,14.5,0.5,0.0,0.0,0.01,0.0,0.0,0.0,0.01,0.0,0.0,0.0,0.0,0.0,0.01,0.0,False,25
PLCL2,0.002,0,0,0,14.5,13.0,14.5,0.3333333333333333,0.02,0.0,0.0,0.0,0.0,0.0,0.0,0.01,0.01,0.0,0.0,0.0,0.0,0.02,False,25
PPP1R1A,0.002,0,0,0,14.5,6.0,14.5,0.5,0.0,0.0,0.01,0.0,0.0,0.0,0.0,0.01,0.0,0.0,0.0,0.0,0.0,0.0,False,25
TMPRSS3,0.002,0,0,0,14.5,10.0,14.5,1.0,0.0,0.0,0.02,0.0,0.0,0.0,0.0,0.0,0.0,0.0,0.0,0.0,0.0,0.0,False,25
ZDHHC20,0.002,0,0,0,14.5,5.0,14.5,0.5,0.0,0.01,0.01,0.0,0.0,0.0,0.0,0.0,0.0,0.0,0.0,0.0,0.0,0.0,False,25
C8orf88,0.002,0,0,0,15.0,13.0,15.0,1.0,0.0,0.0,0.0,0.0,0.0,0.0,0.0,0.0,0.0,0.01,0.01,0.0,0.0,0.0,False,25
CUL9,0.002,0,0,0,15.0,12.0,15.0,1.0,0.0,0.0,0.0,0.0,0.0,0.0,0.0,0.01,0.01,0.0,0.0,0.0,0.0,0.0,False,25
LINC01010,0.002,0,0,0,15.0,10.0,15.0,1.0,0.0,0.0,0.0,0.02,0.0,0.0,0.0,0.0,0.0,0.0,0.0,0.0,0.01,0.0,False,25
LOC101930114,0.002,0,0,0,15.0,14.0,15.0,0.5,0.0,0.01,0.01,0.0,0.0,0.0,0.0,0.0,0.0,0.0,0.0,0.0,0.0,0.0,False,25
PRKXP1,0.002,0,0,0,15.0,10.0,15.0,0.5,0.0,0.0,0.02,0.0,0.0,0.0,0.0,0.0,0.0,0.0,0.0,0.0,0.0,0.0,False,25
SPIN4,0.002,0,0,0,15.0,13.0,15.0,1.0,0.0,0.01,0.01,0.0,0.0,0.0,0.0,0.0,0.0,0.0,0.0,0.0,0.0,0.0,False,25
WARS2,0.002,0,0,0,15.0,8.0,15.0,0.0,0.0,0.0,0.01,0.01,0.0,0.0,0.0,0.0,0.0,0.0,0.0,0.0,0.0,0.0,False,25
ZBTB42,0.002,0,0,0,15.0,15.0,15.0,1.0,0.15,0.0,0.0,0.0,0.0,0.0,0.0,0.0,0.0,0.01,0.01,0.0,0.0,0.15,False,25
AKAP10,0.002,0,0,0,15.5,15.0,15.5,1.0,0.0,0.0,0.0,0.0,0.0,0.0,0.0,0.01,0.01,0.0,0.0,0.0,0.0,0.0,False,25
FAM129B,0.002,0,0,0,15.5,13.0,15.5,1.0,0.0,0.0,0.0,0.0,0.0,0.0,0.0,0.01,0.01,0.0,0.0,0.0,0.0,0.0,False,25
LRRC8E,0.002,0,0,0,15.5,11.0,15.5,1.0,0.09,0.0,0.0,0.0,0.0,0.0,0.0,0.02,0.0,0.0,0.0,0.0,0.0,0.09,False,25
MED23,0.002,0,0,0,15.5,9.0,15.5,,0.0,0.0,0.0,0.02,0.0,0.0,0.0,0.0,0.0,0.0,0.0,0.0,0.0,0.0,False,25
APOL6,0.002,0,0,0,16.0,13.0,16.0,0.5,0.0,0.0,0.0,0.0,0.0,0.02,0.0,0.0,0.0,0.0,0.0,0.0,0.0,0.0,False,25
CHRDL1,0.002,0,0,0,16.0,16.0,16.0,1.0,0.0,0.0,0.0,0.0,0.0,0.0,0.0,0.02,0.0,0.0,0.0,0.0,0.0,0.0,False,25
KIAA1524,0.002,0,0,0,16.0,9.0,16.0,0.5,0.0,0.01,0.01,0.0,0.0,0.0,0.0,0.0,0.0,0.0,0.0,0.0,0.0,0.0,False,25
MAN1B1,0.002,0,0,0,16.0,16.0,16.0,1.0,0.0,0.0,0.0,0.0,0.0,0.0,0.0,0.0,0.0,0.01,0.01,0.0,0.0,0.0,False,25
PDE3B,0.002,0,0,0,16.0,15.0,16.0,1.0,0.0,0.0,0.0,0.0,0.0,0.0,0.0,0.02,0.0,0.0,0.0,0.0,0.0,0.0,False,25
PRMT9,0.002,0,0,0,16.0,10.0,16.0,1.0,0.0,0.0,0.02,0.0,0.0,0.0,0.0,0.0,0.0,0.0,0.0,0.0,0.0,0.0,False,25
REC114,0.002,0,0,0,16.0,8.0,16.0,0.0,0.0,0.02,0.0,0.0,0.0,0.0,0.0,0.0,0.0,0.0,0.0,0.0,0.0,0.0,False,25
S1PR1,0.002,0,0,0,16.0,8.0,16.0,0.5,0.0,0.01,0.01,0.0,0.0,0.0,0.0,0.0,0.0,0.0,0.0,0.0,0.0,0.0,False,25
SNRNP27,0.002,0,0,0,16.0,8.0,16.0,,0.0,0.0,0.0,0.02,0.0,0.0,0.0,0.0,0.0,0.0,0.0,0.0,0.0,0.0,False,25
TG,0.002,0,0,0,16.0,11.0,16.0,0.0,0.0,0.02,0.0,0.0,0.0,0.0,0.0,0.0,0.0,0.0,0.0,0.0,0.0,0.0,False,25
ERBB3,0.002,0,0,0,16.5,9.0,16.5,,0.0,0.0,0.0,0.0,0.0,0.0,0.01,0.0,0.01,0.0,0.0,0.0,0.0,0.0,False,25
LOC101928461,0.002,0,0,0,16.5,15.0,16.5,0.0,0.0,0.02,0.0,0.0,0.0,0.0,0.0,0.0,0.0,0.0,0.0,0.01,0.0,0.0,False,25
PPP1R13L,0.002,0,0,0,16.5,16.0,16.5,1.0,0.0,0.0,0.0,0.0,0.0,0.0,0.0,0.01,0.01,0.0,0.0,0.0,0.0,0.0,False,25
PRSS23,0.002,0,0,0,16.5,16.0,16.5,0.0,0.0,0.0,0.01,0.01,0.0,0.0,0.0,0.0,0.0,0.0,0.0,0.0,0.0,0.0,False,25
RASD1,0.002,0,0,0,16.5,9.0,16.5,0.0,0.0,0.0,0.01,0.01,0.0,0.0,0.0,0.0,0.0,0.0,0.0,0.0,0.0,0.0,False,25
RPS6KB2,0.002,0,0,0,16.5,15.0,16.5,1.0,0.0,0.0,0.0,0.0,0.0,0.0,0.0,0.01,0.01,0.0,0.0,0.0,0.0,0.0,False,25
SSR2,0.002,0,0,0,16.5,16.0,16.5,1.0,0.0,0.0,0.0,0.0,0.0,0.0,0.0,0.0,0.0,0.01,0.01,0.0,0.0,0.0,False,25
WNT1,0.002,0,0,0,16.5,14.0,16.5,0.0,0.0,0.02,0.0,0.0,0.0,0.0,0.0,0.0,0.0,0.0,0.0,0.02,0.0,0.0,False,25
ACADS,0.002,0,0,0,17.0,17.0,17.0,1.0,0.0,0.0,0.0,0.0,0.0,0.0,0.0,0.0,0.0,0.01,0.01,0.0,0.0,0.0,False,25
COLEC12,0.002,0,0,0,17.0,10.0,17.0,0.5,0.0,0.01,0.01,0.0,0.0,0.0,0.0,0.0,0.0,0.0,0.0,0.0,0.0,0.0,False,25
CUX1,0.002,0,0,0,17.0,15.0,17.0,1.0,0.0,0.0,0.0,0.0,0.0,0.0,0.0,0.01,0.01,0.0,0.0,0.0,0.0,0.0,False,25
FAM213B,0.002,0,0,0,17.0,17.0,17.0,1.0,0.0,0.0,0.0,0.0,0.0,0.0,0.0,0.0,0.0,0.01,0.01,0.0,0.0,0.0,False,25
FARSA,0.002,0,0,0,17.0,9.0,17.0,1.0,0.0,0.0,0.0,0.0,0.0,0.0,0.0,0.01,0.01,0.0,0.0,0.0,0.0,0.0,False,25
FST,0.002,0,0,0,17.0,14.0,17.0,0.0,0.0,0.01,0.01,0.0,0.0,0.0,0.0,0.0,0.0,0.0,0.0,0.0,0.0,0.0,False,25
HBB,0.002,0,0,0,17.0,15.0,17.0,1.0,0.0,0.0,0.0,0.0,0.0,0.0,0.0,0.02,0.0,0.0,0.0,0.0,0.0,0.0,False,25
MATK,0.002,0,0,0,17.0,11.0,17.0,,0.0,0.0,0.0,0.02,0.0,0.0,0.0,0.0,0.0,0.0,0.0,0.0,0.0,0.0,False,25
PDZD7,0.002,0,0,0,17.0,17.0,17.0,0.0,0.0,0.02,0.0,0.0,0.0,0.0,0.0,0.0,0.0,0.0,0.0,0.0,0.0,0.0,False,25
PRKCA-AS1,0.002,0,0,0,17.0,9.0,17.0,0.0,0.0,0.02,0.0,0.0,0.0,0.0,0.0,0.0,0.0,0.0,0.0,0.01,0.0,0.0,False,25
STYK1,0.002,0,0,0,17.0,14.0,17.0,0.0,0.0,0.0,0.0,0.0,0.0,0.02,0.0,0.0,0.0,0.0,0.0,0.0,0.0,0.0,False,25
ZNF605,0.002,0,0,0,17.0,10.0,17.0,1.0,0.0,0.01,0.01,0.0,0.0,0.0,0.0,0.0,0.0,0.0,0.0,0.0,0.0,0.0,False,25
CD300LF,0.002,0,0,0,17.5,11.0,17.5,1.0,0.0,0.0,0.01,0.01,0.0,0.0,0.0,0.0,0.0,0.0,0.0,0.0,0.0,0.0,False,25
CREG2,0.002,0,0,0,17.5,15.0,17.5,,0.0,0.0,0.0,0.02,0.0,0.0,0.0,0.0,0.0,0.0,0.0,0.0,0.0,0.0,False,25
CTSH,0.002,0,0,0,17.5,13.0,17.5,1.0,0.0,0.0,0.01,0.0,0.0,0.01,0.0,0.0,0.0,0.0,0.0,0.0,0.0,0.0,False,25
GRAMD1C,0.002,0,0,0,17.5,12.0,17.5,0.5,0.0,0.0,0.0,0.0,0.0,0.02,0.0,0.0,0.0,0.0,0.0,0.0,0.0,0.0,False,25
KNL1,0.002,0,0,0,17.5,15.0,17.5,1.0,0.0,0.0,0.0,0.0,0.0,0.0,0.0,0.02,0.0,0.0,0.0,0.0,0.0,0.0,False,25
KRTAP4-3,0.002,0,0,0,17.5,17.0,17.5,0.0,0.0,0.01,0.0,0.01,0.0,0.0,0.0,0.0,0.0,0.0,0.0,0.0,0.0,0.0,False,25
LOC100134445,0.002,0,0,0,17.5,13.0,17.5,0.5,0.0,0.0,0.01,0.0,0.0,0.01,0.0,0.0,0.0,0.0,0.0,0.0,0.0,0.0,False,25
LOC105374809,0.002,0,0,0,17.5,17.0,17.5,,0.0,0.0,0.0,0.02,0.0,0.0,0.0,0.0,0.0,0.0,0.0,0.0,0.0,0.0,False,25
LOC653581,0.002,0,0,0,17.5,16.0,17.5,0.0,0.0,0.02,0.0,0.0,0.0,0.0,0.0,0.0,0.0,0.0,0.0,0.0,0.0,0.0,False,25
NKPD1,0.002,0,0,0,17.5,13.0,17.5,0.0,0.0,0.01,0.0,0.01,0.0,0.0,0.0,0.0,0.0,0.0,0.0,0.0,0.0,0.0,False,25
OTUD6B-AS1,0.002,0,0,0,17.5,15.0,17.5,0.0,0.0,0.01,0.01,0.0,0.0,0.0,0.0,0.0,0.0,0.0,0.0,0.0,0.0,0.0,False,25
PPP1R14B,0.002,0,0,0,17.5,13.0,17.5,1.0,0.0,0.0,0.0,0.0,0.0,0.0,0.0,0.01,0.01,0.0,0.0,0.0,0.0,0.0,False,25
RNASE1,0.002,0,0,0,17.5,16.0,17.5,0.5,0.0,0.0,0.01,0.0,0.0,0.0,0.0,0.01,0.0,0.0,0.0,0.0,0.0,0.0,False,25
SCD,0.002,0,0,0,17.5,17.0,17.5,0.5,0.0,0.0,0.02,0.0,0.0,0.0,0.0,0.0,0.0,0.0,0.0,0.0,0.0,0.0,False,25
SMIM4,0.002,0,0,0,17.5,14.0,17.5,0.5,0.0,0.01,0.01,0.0,0.0,0.0,0.0,0.0,0.0,0.0,0.0,0.0,0.0,0.0,False,25
TMF1,0.002,0,0,0,17.5,15.0,17.5,1.0,0.0,0.0,0.02,0.0,0.0,0.0,0.0,0.0,0.0,0.0,0.0,0.0,0.0,0.0,False,25
ATG4B,0.002,0,0,0,18.0,18.0,18.0,1.0,0.0,0.0,0.0,0.0,0.0,0.0,0.0,0.0,0.0,0.01,0.01,0.0,0.0,0.0,False,25
COX2,0.002,0,0,0,18.0,18.0,18.0,,0.0,0.0,0.0,0.02,0.0,0.0,0.0,0.0,0.0,0.0,0.0,0.0,0.0,0.0,False,25
ISG20L2,0.002,0,0,0,18.0,18.0,18.0,1.0,0.0,0.0,0.0,0.0,0.0,0.0,0.0,0.0,0.0,0.01,0.01,0.0,0.0,0.0,False,25
LINC00572,0.002,0,0,0,18.0,12.0,18.0,,0.0,0.0,0.0,0.02,0.0,0.0,0.0,0.0,0.0,0.0,0.0,0.0,0.0,0.0,False,25
MAP3K9,0.002,0,0,0,18.0,16.0,18.0,1.0,0.0,0.0,0.0,0.0,0.0,0.0,0.0,0.01,0.01,0.0,0.0,0.0,0.0,0.0,False,25
NPR2,0.002,0,0,0,18.0,13.0,18.0,0.0,0.0,0.01,0.0,0.01,0.0,0.0,0.0,0.0,0.0,0.0,0.0,0.0,0.0,0.0,False,25
NUDT16L1,0.002,0,0,0,18.0,14.0,18.0,1.0,0.0,0.0,0.0,0.0,0.0,0.0,0.0,0.01,0.01,0.0,0.0,0.0,0.0,0.0,False,25
ALDH1B1,0.002,0,0,0,18.5,17.0,18.5,,0.0,0.0,0.0,0.02,0.0,0.0,0.0,0.0,0.0,0.0,0.0,0.0,0.0,0.0,False,25
C20orf173,0.002,0,0,0,18.5,16.0,18.5,,0.0,0.0,0.0,0.02,0.0,0.0,0.0,0.0,0.0,0.0,0.0,0.0,0.0,0.0,False,25
CUBN,0.002,0,0,0,18.5,15.0,18.5,0.0,0.0,0.01,0.0,0.01,0.0,0.0,0.0,0.0,0.0,0.0,0.0,0.0,0.0,0.0,False,25
DGAT2,0.002,0,0,0,18.5,18.0,18.5,0.5,0.0,0.0,0.01,0.0,0.0,0.0,0.0,0.01,0.0,0.0,0.0,0.0,0.0,0.0,False,25
DTWD1,0.002,0,0,0,18.5,12.0,18.5,,0.0,0.0,0.0,0.02,0.0,0.0,0.0,0.0,0.0,0.0,0.0,0.0,0.0,0.0,False,25
MBOAT7,0.002,0,0,0,18.5,18.0,18.5,1.0,0.0,0.0,0.0,0.0,0.0,0.0,0.0,0.0,0.0,0.01,0.01,0.0,0.0,0.0,False,25
NUP58,0.002,0,0,0,18.5,18.0,18.5,0.0,0.0,0.0,0.01,0.01,0.0,0.0,0.0,0.0,0.0,0.0,0.0,0.0,0.0,0.0,False,25
PHKB,0.002,0,0,0,18.5,17.0,18.5,0.5,0.0,0.0,0.02,0.0,0.0,0.0,0.0,0.0,0.0,0.0,0.0,0.0,0.0,0.0,False,25
PIK3R2,0.002,0,0,0,18.5,13.0,18.5,1.0,0.0,0.0,0.0,0.0,0.0,0.0,0.0,0.01,0.01,0.0,0.0,0.0,0.0,0.0,False,25
RAB40C,0.002,0,0,0,18.5,14.0,18.5,1.0,0.0,0.0,0.0,0.0,0.0,0.0,0.0,0.01,0.01,0.0,0.0,0.0,0.0,0.0,False,25
RBMS3-AS3,0.002,0,0,0,18.5,17.0,18.5,0.0,0.0,0.0,0.0,0.0,0.01,0.0,0.01,0.0,0.0,0.0,0.0,0.0,0.01,0.0,False,25
SIGLEC15,0.002,0,0,0,18.5,13.0,18.5,1.0,0.0,0.0,0.02,0.0,0.0,0.0,0.0,0.0,0.0,0.0,0.0,0.0,0.0,0.0,False,25
CD1B,0.002,0,0,0,19.0,14.0,19.0,0.0,0.0,0.02,0.0,0.0,0.0,0.0,0.0,0.0,0.0,0.0,0.0,0.0,0.0,0.0,False,25
CYP2A7P1,0.002,0,0,0,19.0,16.0,19.0,0.0,0.0,0.02,0.0,0.0,0.0,0.0,0.0,0.0,0.0,0.0,0.0,0.01,0.0,0.0,False,25
DNTTIP2,0.002,0,0,0,19.0,14.0,19.0,0.5,0.0,0.01,0.01,0.0,0.0,0.0,0.0,0.0,0.0,0.0,0.0,0.0,0.0,0.0,False,25
HMGA1,0.002,0,0,0,19.0,15.0,19.0,1.0,0.0,0.0,0.0,0.0,0.0,0.0,0.0,0.0,0.01,0.01,0.0,0.0,0.0,0.0,False,25
LILRB5,0.002,0,0,0,19.0,19.0,19.0,0.0,0.0,0.0,0.0,0.0,0.01,0.0,0.01,0.0,0.0,0.0,0.0,0.0,0.01,0.0,False,25
SEC61A2,0.002,0,0,0,19.0,18.0,19.0,,0.0,0.0,0.0,0.0,0.0,0.0,0.0,0.0,0.02,0.0,0.0,0.0,0.0,0.0,False,25
SEMA3F,0.002,0,0,0,19.0,18.0,19.0,1.0,0.05,0.0,0.0,0.0,0.0,0.0,0.0,0.0,0.02,0.0,0.0,0.0,0.0,0.05,False,25
SLC25A33,0.002,0,0,0,19.0,14.0,19.0,0.5,0.0,0.0,0.02,0.0,0.0,0.0,0.0,0.0,0.0,0.0,0.0,0.0,0.0,0.0,False,25
ADGRG1,0.002,0,0,0,19.5,19.0,19.5,,0.0,0.0,0.0,0.0,0.0,0.0,0.0,0.0,0.02,0.0,0.0,0.0,0.0,0.0,False,25
FANCF,0.002,0,0,0,19.5,15.0,19.5,1.0,0.0,0.0,0.0,0.0,0.0,0.0,0.0,0.01,0.01,0.0,0.0,0.0,0.0,0.0,False,25
IRF2BP2,0.002,0,0,0,19.5,18.0,19.5,0.0,0.0,0.0,0.01,0.01,0.0,0.0,0.0,0.0,0.0,0.0,0.0,0.0,0.0,0.0,False,25
PDP2,0.002,0,0,0,19.5,17.0,19.5,0.0,0.0,0.0,0.02,0.0,0.0,0.0,0.0,0.0,0.0,0.0,0.0,0.0,0.0,0.0,False,25
PDRG1,0.002,0,0,0,19.5,18.0,19.5,1.0,0.0,0.0,0.01,0.0,0.0,0.0,0.0,0.01,0.0,0.0,0.0,0.0,0.0,0.0,False,25
PINLYP,0.002,0,0,0,19.5,18.0,19.5,0.5,0.0,0.0,0.01,0.0,0.0,0.0,0.0,0.01,0.0,0.0,0.0,0.0,0.0,0.0,False,25
RNF183,0.002,0,0,0,19.5,16.0,19.5,,0.0,0.0,0.0,0.02,0.0,0.0,0.0,0.0,0.0,0.0,0.0,0.0,0.0,0.0,False,25
SLC4A7,0.002,0,0,0,19.5,18.0,19.5,1.0,0.0,0.0,0.01,0.01,0.0,0.0,0.0,0.0,0.0,0.0,0.0,0.0,0.0,0.0,False,25
STK26,0.002,0,0,0,19.5,17.0,19.5,0.5,0.0,0.0,0.02,0.0,0.0,0.0,0.0,0.0,0.0,0.0,0.0,0.0,0.0,0.0,False,25
CSK,0.002,0,0,0,20.0,16.0,20.0,1.0,0.0,0.0,0.0,0.0,0.0,0.0,0.0,0.01,0.01,0.0,0.0,0.0,0.0,0.0,False,25
NKAPL,0.002,0,0,0,20.0,16.0,20.0,,0.0,0.0,0.0,0.0,0.0,0.0,0.0,0.0,0.02,0.0,0.0,0.0,0.0,0.0,False,25
OCLN,0.002,0,0,0,20.0,18.0,20.0,0.5,0.0,0.0,0.0,0.0,0.0,0.01,0.0,0.01,0.0,0.0,0.0,0.0,0.0,0.0,False,25
PCDHGA9,0.002,0,0,0,20.0,19.0,20.0,0.0,0.0,0.01,0.0,0.01,0.0,0.0,0.0,0.0,0.0,0.0,0.0,0.13,0.0,0.0,False,25
PDCD4,0.002,0,0,0,20.0,16.0,20.0,,0.0,0.0,0.0,0.02,0.0,0.0,0.0,0.0,0.0,0.0,0.0,0.0,0.0,0.0,False,25
RAD51,0.002,0,0,0,20.0,20.0,20.0,1.0,0.0,0.0,0.0,0.0,0.0,0.0,0.0,0.0,0.0,0.01,0.01,0.0,0.0,0.0,False,25
RIN3,0.002,0,0,0,20.0,18.0,20.0,,0.0,0.0,0.0,0.02,0.0,0.0,0.0,0.0,0.0,0.0,0.0,0.0,0.0,0.0,False,25
RNASE2,0.002,0,0,0,20.0,19.0,20.0,,0.0,0.0,0.0,0.02,0.0,0.0,0.0,0.0,0.0,0.0,0.0,0.0,0.0,0.0,False,25
SH3D19,0.002,0,0,0,20.0,17.0,20.0,1.0,0.0,0.0,0.0,0.0,0.0,0.0,0.0,0.02,0.0,0.0,0.0,0.0,0.0,0.0,False,25
WHSC1,0.002,0,0,0,20.0,16.0,20.0,1.0,0.0,0.0,0.0,0.0,0.0,0.0,0.0,0.01,0.01,0.0,0.0,0.0,0.0,0.0,False,25
ACSS2,0.002,0,0,0,20.5,19.0,20.5,0.5,0.0,0.01,0.01,0.0,0.0,0.0,0.0,0.0,0.0,0.0,0.0,0.0,0.0,0.0,False,25
CSNK1G2,0.002,0,0,0,20.5,18.0,20.5,,0.0,0.0,0.0,0.0,0.0,0.0,0.0,0.0,0.02,0.0,0.0,0.0,0.0,0.0,False,25
ECHDC1,0.002,0,0,0,20.5,20.0,20.5,1.0,0.0,0.0,0.0,0.0,0.0,0.0,0.0,0.01,0.01,0.0,0.0,0.0,0.0,0.0,False,25
PROM2,0.002,0,0,0,20.5,16.0,20.5,1.0,0.0,0.0,0.0,0.0,0.0,0.0,0.0,0.01,0.01,0.0,0.0,0.0,0.0,0.0,False,25
TMEM56,0.002,0,0,0,20.5,19.0,20.5,0.0,0.0,0.0,0.0,0.0,0.0,0.02,0.0,0.0,0.0,0.0,0.0,0.0,0.0,0.0,False,25
VAMP3,0.002,0,0,0,20.5,20.0,20.5,1.0,0.0,0.0,0.0,0.01,0.0,0.0,0.0,0.01,0.0,0.0,0.0,0.0,0.0,0.0,False,25
ANKRD35,0.002,0,0,0,21.0,17.0,21.0,1.0,0.0,0.0,0.01,0.0,0.0,0.0,0.0,0.0,0.01,0.0,0.0,0.0,0.0,0.0,False,25
C1QTNF1,0.002,0,0,0,21.0,17.0,21.0,0.0,0.0,0.01,0.0,0.01,0.0,0.0,0.0,0.0,0.0,0.0,0.0,0.0,0.0,0.0,False,25
CDH1,0.002,0,0,0,21.0,21.0,21.0,1.0,0.0,0.0,0.0,0.0,0.0,0.0,0.0,0.0,0.0,0.01,0.01,0.0,0.0,0.0,False,25
CSNK1D,0.002,0,0,0,21.0,21.0,21.0,1.0,0.0,0.0,0.0,0.0,0.0,0.0,0.0,0.0,0.0,0.01,0.01,0.0,0.0,0.0,False,25
MEIS3,0.002,0,0,0,21.0,18.0,21.0,0.0,0.0,0.0,0.01,0.01,0.0,0.0,0.0,0.0,0.0,0.0,0.0,0.0,0.0,0.0,False,25
MMP27,0.002,0,0,0,21.0,21.0,21.0,0.0,0.0,0.02,0.0,0.0,0.0,0.0,0.0,0.0,0.0,0.0,0.0,0.0,0.0,0.0,False,25
MXRA5,0.002,0,0,0,21.0,21.0,21.0,1.0,0.0,0.01,0.01,0.0,0.0,0.0,0.0,0.0,0.0,0.0,0.0,0.0,0.0,0.0,False,25
OPN5,0.002,0,0,0,21.0,19.0,21.0,0.0,0.0,0.0,0.0,0.02,0.0,0.0,0.0,0.0,0.0,0.0,0.0,0.01,0.0,0.0,False,25
RAB30-AS1,0.002,0,0,0,21.0,21.0,21.0,0.5,0.0,0.01,0.01,0.0,0.0,0.0,0.0,0.0,0.0,0.0,0.0,0.0,0.0,0.0,False,25
SLC39A13,0.002,0,0,0,21.0,18.0,21.0,0.5,0.0,0.01,0.01,0.0,0.0,0.0,0.0,0.0,0.0,0.0,0.0,0.0,0.0,0.0,False,25
WDR5,0.002,0,0,0,21.0,20.0,21.0,1.0,0.0,0.0,0.0,0.0,0.0,0.0,0.0,0.0,0.0,0.01,0.01,0.0,0.0,0.0,False,25
COL13A1,0.002,0,0,0,21.5,19.0,21.5,0.0,0.0,0.0,0.02,0.0,0.0,0.0,0.0,0.0,0.0,0.0,0.0,0.0,0.0,0.0,False,25
LARP6,0.002,0,0,0,21.5,18.0,21.5,1.0,0.0,0.0,0.0,0.0,0.0,0.0,0.0,0.02,0.0,0.0,0.0,0.0,0.0,0.0,False,25
LINC01018,0.002,0,0,0,21.5,20.0,21.5,,0.0,0.0,0.0,0.02,0.0,0.0,0.0,0.0,0.0,0.0,0.0,0.0,0.0,0.0,False,25
NKX3-1,0.002,0,0,0,21.5,20.0,21.5,0.5,0.0,0.01,0.01,0.0,0.0,0.0,0.0,0.0,0.0,0.0,0.0,0.0,0.0,0.0,False,25
XPNPEP2,0.002,0,0,0,21.5,18.0,21.5,,0.0,0.0,0.0,0.02,0.0,0.0,0.0,0.0,0.0,0.0,0.0,0.0,0.0,0.0,False,25
ZEB2,0.002,0,0,0,21.5,18.0,21.5,0.5,0.02,0.0,0.0,0.0,0.0,0.0,0.0,0.02,0.0,0.0,0.0,0.0,0.0,0.02,False,25
ADAMTS4,0.002,0,0,0,22.0,19.0,22.0,,0.0,0.0,0.0,0.02,0.0,0.0,0.0,0.0,0.0,0.0,0.0,0.0,0.0,0.0,False,25
ASPM,0.002,0,0,0,22.0,19.0,22.0,0.5,0.0,0.0,0.01,0.0,0.0,0.0,0.0,0.01,0.0,0.0,0.0,0.0,0.0,0.0,False,25
BMP2,0.002,0,0,0,22.0,22.0,22.0,1.0,0.0,0.0,0.0,0.0,0.0,0.0,0.0,0.0,0.0,0.01,0.01,0.0,0.0,0.0,False,25
CDC42EP2,0.002,0,0,0,22.0,19.0,22.0,0.3333333333333333,0.0,0.0,0.0,0.0,0.01,0.01,0.0,0.0,0.0,0.0,0.0,0.0,0.01,0.0,False,25
CKS2,0.002,0,0,0,22.0,21.0,22.0,1.0,0.0,0.0,0.0,0.0,0.0,0.0,0.0,0.0,0.0,0.01,0.01,0.0,0.0,0.0,False,25
DDX31,0.002,0,0,0,22.0,21.0,22.0,0.5,0.0,0.0,0.02,0.0,0.0,0.0,0.0,0.0,0.0,0.0,0.0,0.0,0.0,0.0,False,25
FBXL22,0.002,0,0,0,22.0,21.0,22.0,0.0,0.0,0.02,0.0,0.0,0.0,0.0,0.0,0.0,0.0,0.0,0.0,0.01,0.0,0.0,False,25
HEATR6,0.002,0,0,0,22.0,21.0,22.0,0.5,0.0,0.01,0.01,0.0,0.0,0.0,0.0,0.0,0.0,0.0,0.0,0.0,0.0,0.0,False,25
MEGF10,0.002,0,0,0,22.0,21.0,22.0,0.0,0.0,0.0,0.01,0.01,0.0,0.0,0.0,0.0,0.0,0.0,0.0,0.0,0.0,0.0,False,25
MIR205HG,0.002,0,0,0,22.0,22.0,22.0,0.5,0.0,0.01,0.01,0.0,0.0,0.0,0.0,0.0,0.0,0.0,0.0,0.0,0.0,0.0,False,25
PLCH1-AS1,0.002,0,0,0,22.0,21.0,22.0,0.0,0.0,0.01,0.0,0.01,0.0,0.0,0.0,0.0,0.0,0.0,0.0,0.01,0.0,0.0,False,25
CCDC130,0.002,0,0,0,22.5,20.0,22.5,,0.0,0.0,0.0,0.0,0.0,0.0,0.0,0.0,0.02,0.0,0.0,0.0,0.0,0.0,False,25
CCDC18-AS1,0.002,0,0,0,22.5,22.0,22.5,,0.0,0.0,0.0,0.0,0.0,0.0,0.0,0.0,0.02,0.0,0.0,0.0,0.0,0.0,False,25
KIAA0319,0.002,0,0,0,22.5,22.0,22.5,0.0,0.0,0.02,0.0,0.0,0.0,0.0,0.0,0.0,0.0,0.0,0.0,0.0,0.0,0.0,False,25
KLK11,0.002,0,0,0,22.5,20.0,22.5,1.0,0.0,0.01,0.0,0.01,0.0,0.0,0.0,0.0,0.0,0.0,0.0,0.0,0.0,0.0,False,25
NAT10,0.002,0,0,0,22.5,20.0,22.5,1.0,0.0,0.0,0.0,0.0,0.0,0.0,0.0,0.01,0.01,0.0,0.0,0.0,0.0,0.0,False,25
NRG1-IT1,0.002,0,0,0,22.5,22.0,22.5,1.0,0.0,0.0,0.0,0.01,0.01,0.0,0.0,0.0,0.0,0.0,0.0,0.0,0.01,0.0,False,25
STPG3,0.002,0,0,0,22.5,22.0,22.5,0.0,0.0,0.02,0.0,0.0,0.0,0.0,0.0,0.0,0.0,0.0,0.0,0.0,0.0,0.0,False,25
EIF3C,0.002,0,0,0,23.0,21.0,23.0,1.0,0.16,0.0,0.0,0.0,0.0,0.0,0.0,0.0,0.02,0.0,0.0,0.0,0.0,0.16,False,25
MARCKSL1,0.002,0,0,0,23.0,22.0,23.0,1.0,0.0,0.0,0.0,0.0,0.0,0.0,0.0,0.0,0.0,0.01,0.01,0.0,0.0,0.0,False,25
MTHFD1,0.002,0,0,0,23.0,23.0,23.0,,0.0,0.0,0.0,0.02,0.0,0.0,0.0,0.0,0.0,0.0,0.0,0.0,0.0,0.0,False,25
PUS7,0.002,0,0,0,23.0,22.0,23.0,,0.0,0.0,0.0,0.0,0.0,0.0,0.0,0.0,0.02,0.0,0.0,0.0,0.0,0.0,False,25
SIPA1L3,0.002,0,0,0,23.0,21.0,23.0,1.0,0.0,0.01,0.0,0.01,0.0,0.0,0.0,0.0,0.0,0.0,0.0,0.0,0.0,0.0,False,25
TMEM108,0.002,0,0,0,23.0,22.0,23.0,,0.0,0.0,0.0,0.02,0.0,0.0,0.0,0.0,0.0,0.0,0.0,0.0,0.0,0.0,False,25
CEP57L1,0.002,0,0,0,23.5,22.0,23.5,0.0,0.0,0.0,0.0,0.0,0.01,0.01,0.0,0.0,0.0,0.0,0.0,0.0,0.01,0.0,False,25
ANGPTL4,0.002,0,0,0,24.0,23.0,24.0,0.16666666666666666,0.05,0.0,0.0,0.0,0.0,0.0,0.0,0.0,0.0,0.01,0.01,0.0,0.0,0.05,False,25
BMS1P6,0.002,0,0,0,24.0,24.0,24.0,1.0,0.0,0.0,0.0,0.0,0.0,0.0,0.0,0.0,0.0,0.01,0.01,0.0,0.0,0.0,False,25
CAMK1,0.002,0,0,0,24.0,23.0,24.0,0.0,0.0,0.0,0.0,0.0,0.01,0.01,0.0,0.0,0.0,0.0,0.0,0.0,0.0,0.0,False,25
COL6A6,0.002,0,0,0,24.0,23.0,24.0,0.2,0.0,0.01,0.01,0.0,0.0,0.0,0.0,0.0,0.0,0.0,0.0,0.03,0.0,0.0,False,25
DNAH9,0.002,0,0,0,24.0,24.0,24.0,1.0,0.0,0.0,0.0,0.0,0.0,0.0,0.0,0.0,0.0,0.01,0.01,0.0,0.0,0.0,False,25
TCTN2,0.002,0,0,0,24.0,23.0,24.0,,0.0,0.0,0.0,0.02,0.0,0.0,0.0,0.0,0.0,0.0,0.0,0.0,0.0,0.0,False,25
ALDH1A1,0.002,0,0,0,24.5,24.0,24.5,1.0,0.0,0.0,0.0,0.0,0.0,0.0,0.0,0.0,0.0,0.01,0.01,0.0,0.0,0.0,False,25
ABCA6,0.002,0,0,0,25.0,25.0,25.0,1.0,0.0,0.0,0.0,0.0,0.0,0.0,0.0,0.0,0.0,0.01,0.01,0.0,0.0,0.0,False,25
AFAP1L1,0.002,0,0,0,25.0,25.0,25.0,1.0,0.0,0.0,0.0,0.0,0.0,0.0,0.0,0.0,0.0,0.01,0.01,0.0,0.0,0.0,False,25
RNPS1,0.002,0,0,0,25.0,25.0,25.0,1.0,0.0,0.0,0.0,0.0,0.0,0.0,0.0,0.0,0.0,0.01,0.01,0.0,0.0,0.0,False,25
CST13P,0.001,0,0,0,1.0,1.0,1.0,0.0,0.0,0.01,0.0,0.0,0.0,0.0,0.0,0.0,0.0,0.0,0.0,0.0,0.0,0.0,False,25
MEX3B,0.001,0,0,0,1.0,1.0,1.0,,0.0,0.0,0.0,0.01,0.0,0.0,0.0,0.0,0.0,0.0,0.0,0.0,0.0,0.0,False,25
SBSN,0.001,0,0,0,1.0,1.0,1.0,1.0,0.0,0.01,0.0,0.0,0.0,0.0,0.0,0.0,0.0,0.0,0.0,0.0,0.0,0.0,False,25
SMR3B,0.001,0,0,0,1.0,1.0,1.0,,0.0,0.0,0.0,0.01,0.0,0.0,0.0,0.0,0.0,0.0,0.0,0.0,0.0,0.0,False,25
ULK4,0.001,0,0,0,1.0,1.0,1.0,,0.0,0.0,0.0,0.01,0.0,0.0,0.0,0.0,0.0,0.0,0.0,0.0,0.0,0.0,False,25
ZNF214,0.001,0,0,0,1.0,1.0,1.0,0.0,0.0,0.01,0.0,0.0,0.0,0.0,0.0,0.0,0.0,0.0,0.0,0.0,0.0,0.0,False,25
ABLIM3,0.001,0,0,0,2.0,2.0,2.0,0.0,0.0,0.0,0.01,0.0,0.0,0.0,0.0,0.0,0.0,0.0,0.0,0.0,0.0,0.0,False,25
C1orf234,0.001,0,0,0,2.0,2.0,2.0,0.0,0.0,0.01,0.0,0.0,0.0,0.0,0.0,0.0,0.0,0.0,0.0,0.0,0.0,0.0,False,25
CNKSR2,0.001,0,0,0,2.0,2.0,2.0,0.0,0.0,0.01,0.0,0.0,0.0,0.0,0.0,0.0,0.0,0.0,0.0,0.0,0.0,0.0,False,25
KLHL1,0.001,0,0,0,2.0,2.0,2.0,1.0,0.0,0.01,0.0,0.0,0.0,0.0,0.0,0.0,0.0,0.0,0.0,0.0,0.0,0.0,False,25
LINC00929,0.001,0,0,0,2.0,2.0,2.0,,0.0,0.0,0.0,0.01,0.0,0.0,0.0,0.0,0.0,0.0,0.0,0.0,0.0,0.0,False,25
LOC101928333,0.001,0,0,0,2.0,2.0,2.0,,0.0,0.0,0.0,0.01,0.0,0.0,0.0,0.0,0.0,0.0,0.0,0.0,0.0,0.0,False,25
MAP3K7CL,0.001,0,0,0,2.0,2.0,2.0,,0.0,0.0,0.0,0.01,0.0,0.0,0.0,0.0,0.0,0.0,0.0,0.0,0.0,0.0,False,25
TRH,0.001,0,0,0,2.0,2.0,2.0,0.0,0.0,0.01,0.0,0.0,0.0,0.0,0.0,0.0,0.0,0.0,0.0,0.0,0.0,0.0,False,25
B3GALT2,0.001,0,0,0,3.0,3.0,3.0,,0.0,0.0,0.0,0.01,0.0,0.0,0.0,0.0,0.0,0.0,0.0,0.0,0.0,0.0,False,25
GAS1RR,0.001,0,0,0,3.0,3.0,3.0,,0.0,0.0,0.0,0.01,0.0,0.0,0.0,0.0,0.0,0.0,0.0,0.0,0.0,0.0,False,25
KCTD19,0.001,0,0,0,3.0,3.0,3.0,,0.0,0.0,0.0,0.01,0.0,0.0,0.0,0.0,0.0,0.0,0.0,0.0,0.0,0.0,False,25
LINC00996,0.001,0,0,0,3.0,3.0,3.0,,0.0,0.0,0.0,0.01,0.0,0.0,0.0,0.0,0.0,0.0,0.0,0.0,0.0,0.0,False,25
LOC100288721,0.001,0,0,0,3.0,3.0,3.0,1.0,0.0,0.0,0.0,0.01,0.0,0.0,0.0,0.0,0.0,0.0,0.0,0.0,0.01,0.0,False,25
NXF5,0.001,0,0,0,3.0,3.0,3.0,0.0,0.0,0.01,0.0,0.0,0.0,0.0,0.0,0.0,0.0,0.0,0.0,0.0,0.0,0.0,False,25
OR52A1,0.001,0,0,0,3.0,3.0,3.0,,0.0,0.0,0.0,0.01,0.0,0.0,0.0,0.0,0.0,0.0,0.0,0.0,0.0,0.0,False,25
PARD3-AS1,0.001,0,0,0,3.0,3.0,3.0,,0.0,0.0,0.0,0.01,0.0,0.0,0.0,0.0,0.0,0.0,0.0,0.0,0.0,0.0,False,25
ZBTB46-AS1,0.001,0,0,0,3.0,3.0,3.0,,0.0,0.0,0.0,0.01,0.0,0.0,0.0,0.0,0.0,0.0,0.0,0.0,0.0,0.0,False,25
BBS5,0.001,0,0,0,4.0,4.0,4.0,,0.0,0.0,0.0,0.01,0.0,0.0,0.0,0.0,0.0,0.0,0.0,0.0,0.0,0.0,False,25
CAMK2B,0.001,0,0,0,4.0,4.0,4.0,,0.0,0.0,0.0,0.01,0.0,0.0,0.0,0.0,0.0,0.0,0.0,0.0,0.0,0.0,False,25
CHP1,0.001,0,0,0,4.0,4.0,4.0,,0.0,0.0,0.0,0.01,0.0,0.0,0.0,0.0,0.0,0.0,0.0,0.0,0.0,0.0,False,25
CPT1C,0.001,0,0,0,4.0,4.0,4.0,1.0,0.0,0.01,0.0,0.0,0.0,0.0,0.0,0.0,0.0,0.0,0.0,0.0,0.0,0.0,False,25
DNAH5,0.001,0,0,0,4.0,4.0,4.0,,0.0,0.0,0.0,0.01,0.0,0.0,0.0,0.0,0.0,0.0,0.0,0.0,0.0,0.0,False,25
INSIG1,0.001,0,0,0,4.0,4.0,4.0,1.0,0.0,0.0,0.01,0.0,0.0,0.0,0.0,0.0,0.0,0.0,0.0,0.0,0.0,0.0,False,25
LOC283435,0.001,0,0,0,4.0,4.0,4.0,,0.0,0.0,0.0,0.01,0.0,0.0,0.0,0.0,0.0,0.0,0.0,0.0,0.0,0.0,False,25
MTRF1L,0.001,0,0,0,4.0,4.0,4.0,1.0,0.0,0.0,0.01,0.0,0.0,0.0,0.0,0.0,0.0,0.0,0.0,0.0,0.0,0.0,False,25
COL4A4,0.001,0,0,0,5.0,5.0,5.0,,0.0,0.0,0.0,0.01,0.0,0.0,0.0,0.0,0.0,0.0,0.0,0.0,0.0,0.0,False,25
DUXAP10,0.001,0,0,0,5.0,5.0,5.0,0.0,0.0,0.0,0.01,0.0,0.0,0.0,0.0,0.0,0.0,0.0,0.0,0.0,0.0,0.0,False,25
EGOT,0.001,0,0,0,5.0,5.0,5.0,,0.0,0.0,0.0,0.01,0.0,0.0,0.0,0.0,0.0,0.0,0.0,0.0,0.0,0.0,False,25
GALNT9,0.001,0,0,0,5.0,5.0,5.0,0.0,0.0,0.01,0.0,0.0,0.0,0.0,0.0,0.0,0.0,0.0,0.0,0.0,0.0,0.0,False,25
HSPC324,0.001,0,0,0,5.0,5.0,5.0,1.0,0.0,0.01,0.0,0.0,0.0,0.0,0.0,0.0,0.0,0.0,0.0,0.0,0.0,0.0,False,25
LOC100996724,0.001,0,0,0,5.0,5.0,5.0,0.0,0.0,0.01,0.0,0.0,0.0,0.0,0.0,0.0,0.0,0.0,0.0,0.0,0.0,0.0,False,25
LOC101927734,0.001,0,0,0,5.0,5.0,5.0,0.0,0.0,0.01,0.0,0.0,0.0,0.0,0.0,0.0,0.0,0.0,0.0,0.02,0.0,0.0,False,25
LOC401098,0.001,0,0,0,5.0,5.0,5.0,,0.0,0.0,0.0,0.01,0.0,0.0,0.0,0.0,0.0,0.0,0.0,0.0,0.0,0.0,False,25
MYLK4,0.001,0,0,0,5.0,5.0,5.0,,0.0,0.0,0.0,0.01,0.0,0.0,0.0,0.0,0.0,0.0,0.0,0.0,0.0,0.0,False,25
RBM20,0.001,0,0,0,5.0,5.0,5.0,,0.0,0.0,0.0,0.01,0.0,0.0,0.0,0.0,0.0,0.0,0.0,0.0,0.0,0.0,False,25
SLC5A10,0.001,0,0,0,5.0,5.0,5.0,,0.0,0.0,0.0,0.01,0.0,0.0,0.0,0.0,0.0,0.0,0.0,0.0,0.0,0.0,False,25
SOX2,0.001,0,0,0,5.0,5.0,5.0,1.0,0.0,0.01,0.0,0.0,0.0,0.0,0.0,0.0,0.0,0.0,0.0,0.0,0.0,0.0,False,25
STMN4,0.001,0,0,0,5.0,5.0,5.0,,0.0,0.0,0.0,0.01,0.0,0.0,0.0,0.0,0.0,0.0,0.0,0.0,0.0,0.0,False,25
TRIM63,0.001,0,0,0,5.0,5.0,5.0,0.0,0.0,0.01,0.0,0.0,0.0,0.0,0.0,0.0,0.0,0.0,0.0,0.0,0.0,0.0,False,25
C10orf2,0.001,0,0,0,6.0,6.0,6.0,0.0,0.0,0.0,0.01,0.0,0.0,0.0,0.0,0.0,0.0,0.0,0.0,0.0,0.0,0.0,False,25
CAPSL,0.001,0,0,0,6.0,6.0,6.0,1.0,0.0,0.01,0.0,0.0,0.0,0.0,0.0,0.0,0.0,0.0,0.0,0.0,0.0,0.0,False,25
CASZ1,0.001,0,0,0,6.0,6.0,6.0,1.0,0.0,0.0,0.01,0.0,0.0,0.0,0.0,0.0,0.0,0.0,0.0,0.0,0.0,0.0,False,25
CD37,0.001,0,0,0,6.0,6.0,6.0,,0.0,0.0,0.0,0.01,0.0,0.0,0.0,0.0,0.0,0.0,0.0,0.0,0.0,0.0,False,25
DIO3OS,0.001,0,0,0,6.0,6.0,6.0,1.0,0.0,0.0,0.0,0.0,0.0,0.01,0.0,0.0,0.0,0.0,0.0,0.0,0.0,0.0,False,25
DUSP19,0.001,0,0,0,6.0,6.0,6.0,,0.0,0.0,0.0,0.01,0.0,0.0,0.0,0.0,0.0,0.0,0.0,0.0,0.0,0.0,False,25
GLYCTK-AS1,0.001,0,0,0,6.0,6.0,6.0,0.0,0.0,0.01,0.0,0.0,0.0,0.0,0.0,0.0,0.0,0.0,0.0,0.01,0.0,0.0,False,25
LINC01103,0.001,0,0,0,6.0,6.0,6.0,,0.0,0.0,0.0,0.01,0.0,0.0,0.0,0.0,0.0,0.0,0.0,0.0,0.0,0.0,False,25
LOC101928161,0.001,0,0,0,6.0,6.0,6.0,,0.0,0.0,0.0,0.01,0.0,0.0,0.0,0.0,0.0,0.0,0.0,0.0,0.0,0.0,False,25
LOC285000,0.001,0,0,0,6.0,6.0,6.0,0.0,0.0,0.01,0.0,0.0,0.0,0.0,0.0,0.0,0.0,0.0,0.0,0.0,0.0,0.0,False,25
LOC399716,0.001,0,0,0,6.0,6.0,6.0,1.0,0.0,0.01,0.0,0.0,0.0,0.0,0.0,0.0,0.0,0.0,0.0,0.0,0.0,0.0,False,25
TENM4,0.001,0,0,0,6.0,6.0,6.0,1.0,0.0,0.0,0.01,0.0,0.0,0.0,0.0,0.0,0.0,0.0,0.0,0.0,0.0,0.0,False,25
ZSCAN12,0.001,0,0,0,6.0,6.0,6.0,,0.0,0.0,0.0,0.01,0.0,0.0,0.0,0.0,0.0,0.0,0.0,0.0,0.0,0.0,False,25
ABCB5,0.001,0,0,0,7.0,7.0,7.0,,0.0,0.0,0.0,0.01,0.0,0.0,0.0,0.0,0.0,0.0,0.0,0.0,0.0,0.0,False,25
ADTRP,0.001,0,0,0,7.0,7.0,7.0,1.0,0.0,0.01,0.0,0.0,0.0,0.0,0.0,0.0,0.0,0.0,0.0,0.0,0.0,0.0,False,25
CYP4F11,0.001,0,0,0,7.0,7.0,7.0,,0.0,0.0,0.0,0.01,0.0,0.0,0.0,0.0,0.0,0.0,0.0,0.0,0.0,0.0,False,25
DNAJA2,0.001,0,0,0,7.0,7.0,7.0,1.0,0.0,0.0,0.01,0.0,0.0,0.0,0.0,0.0,0.0,0.0,0.0,0.0,0.0,0.0,False,25
EXPH5,0.001,0,0,0,7.0,7.0,7.0,1.0,0.0,0.0,0.01,0.0,0.0,0.0,0.0,0.0,0.0,0.0,0.0,0.0,0.0,0.0,False,25
EXTL3-AS1,0.001,0,0,0,7.0,7.0,7.0,,0.0,0.0,0.0,0.01,0.0,0.0,0.0,0.0,0.0,0.0,0.0,0.0,0.0,0.0,False,25
HIST1H2BO,0.001,0,0,0,7.0,7.0,7.0,1.0,0.0,0.01,0.0,0.0,0.0,0.0,0.0,0.0,0.0,0.0,0.0,0.0,0.0,0.0,False,25
HS3ST3A1,0.001,0,0,0,7.0,7.0,7.0,,0.0,0.0,0.0,0.01,0.0,0.0,0.0,0.0,0.0,0.0,0.0,0.0,0.0,0.0,False,25
LAYN,0.001,0,0,0,7.0,7.0,7.0,,0.0,0.0,0.0,0.01,0.0,0.0,0.0,0.0,0.0,0.0,0.0,0.0,0.0,0.0,False,25
LOC100507403,0.001,0,0,0,7.0,7.0,7.0,1.0,0.0,0.01,0.0,0.0,0.0,0.0,0.0,0.0,0.0,0.0,0.0,0.0,0.0,0.0,False,25
LOC102724938,0.001,0,0,0,7.0,7.0,7.0,0.0,0.0,0.0,0.0,0.01,0.0,0.0,0.0,0.0,0.0,0.0,0.0,0.07,0.0,0.0,False,25
NAE1,0.001,0,0,0,7.0,7.0,7.0,,0.0,0.0,0.0,0.01,0.0,0.0,0.0,0.0,0.0,0.0,0.0,0.0,0.0,0.0,False,25
PCP4,0.001,0,0,0,7.0,7.0,7.0,,0.0,0.0,0.0,0.01,0.0,0.0,0.0,0.0,0.0,0.0,0.0,0.0,0.0,0.0,False,25
RCC1L,0.001,0,0,0,7.0,7.0,7.0,,0.0,0.0,0.0,0.01,0.0,0.0,0.0,0.0,0.0,0.0,0.0,0.0,0.0,0.0,False,25
RNF123,0.001,0,0,0,7.0,7.0,7.0,,0.0,0.0,0.0,0.01,0.0,0.0,0.0,0.0,0.0,0.0,0.0,0.0,0.0,0.0,False,25
SELE,0.001,0,0,0,7.0,7.0,7.0,1.0,0.0,0.0,0.01,0.0,0.0,0.0,0.0,0.0,0.0,0.0,0.0,0.0,0.0,0.0,False,25
WFIKKN1,0.001,0,0,0,7.0,7.0,7.0,,0.0,0.0,0.0,0.01,0.0,0.0,0.0,0.0,0.0,0.0,0.0,0.0,0.0,0.0,False,25
BTF3L4,0.001,0,0,0,8.0,8.0,8.0,,0.0,0.0,0.0,0.01,0.0,0.0,0.0,0.0,0.0,0.0,0.0,0.0,0.0,0.0,False,25
CCDC15,0.001,0,0,0,8.0,8.0,8.0,1.0,0.0,0.0,0.01,0.0,0.0,0.0,0.0,0.0,0.0,0.0,0.0,0.0,0.0,0.0,False,25
CCNJ,0.001,0,0,0,8.0,8.0,8.0,0.0,0.0,0.0,0.01,0.0,0.0,0.0,0.0,0.0,0.0,0.0,0.0,0.0,0.0,0.0,False,25
COBL,0.001,0,0,0,8.0,8.0,8.0,1.0,0.0,0.0,0.01,0.0,0.0,0.0,0.0,0.0,0.0,0.0,0.0,0.0,0.0,0.0,False,25
DACH1,0.001,0,0,0,8.0,8.0,8.0,1.0,0.0,0.0,0.01,0.0,0.0,0.0,0.0,0.0,0.0,0.0,0.0,0.0,0.0,0.0,False,25
FUT2,0.001,0,0,0,8.0,8.0,8.0,1.0,0.0,0.01,0.0,0.0,0.0,0.0,0.0,0.0,0.0,0.0,0.0,0.0,0.0,0.0,False,25
GALNT10,0.001,0,0,0,8.0,8.0,8.0,1.0,0.0,0.0,0.01,0.0,0.0,0.0,0.0,0.0,0.0,0.0,0.0,0.0,0.0,0.0,False,25
HK2,0.001,0,0,0,8.0,8.0,8.0,,0.0,0.0,0.0,0.01,0.0,0.0,0.0,0.0,0.0,0.0,0.0,0.0,0.0,0.0,False,25
LOC100129112,0.001,0,0,0,8.0,8.0,8.0,0.0,0.0,0.01,0.0,0.0,0.0,0.0,0.0,0.0,0.0,0.0,0.0,0.0,0.0,0.0,False,25
LOC105378470,0.001,0,0,0,8.0,8.0,8.0,,0.0,0.0,0.0,0.01,0.0,0.0,0.0,0.0,0.0,0.0,0.0,0.0,0.0,0.0,False,25
MARC2,0.001,0,0,0,8.0,8.0,8.0,,0.0,0.0,0.0,0.01,0.0,0.0,0.0,0.0,0.0,0.0,0.0,0.0,0.0,0.0,False,25
MB,0.001,0,0,0,8.0,8.0,8.0,1.0,0.06,0.0,0.0,0.0,0.0,0.0,0.0,0.0,0.01,0.0,0.0,0.0,0.0,0.06,False,25
NCAM2,0.001,0,0,0,8.0,8.0,8.0,1.0,0.0,0.01,0.0,0.0,0.0,0.0,0.0,0.0,0.0,0.0,0.0,0.0,0.0,0.0,False,25
P3H4,0.001,0,0,0,8.0,8.0,8.0,,0.0,0.0,0.0,0.01,0.0,0.0,0.0,0.0,0.0,0.0,0.0,0.0,0.0,0.0,False,25
PLXNA4,0.001,0,0,0,8.0,8.0,8.0,1.0,0.0,0.0,0.0,0.0,0.0,0.0,0.0,0.01,0.0,0.0,0.0,0.0,0.0,0.0,False,25
RORB,0.001,0,0,0,8.0,8.0,8.0,0.0,0.0,0.01,0.0,0.0,0.0,0.0,0.0,0.0,0.0,0.0,0.0,0.03,0.0,0.0,False,25
TBXAS1,0.001,0,0,0,8.0,8.0,8.0,,0.0,0.0,0.0,0.01,0.0,0.0,0.0,0.0,0.0,0.0,0.0,0.0,0.0,0.0,False,25
TMEM178A,0.001,0,0,0,8.0,8.0,8.0,,0.0,0.0,0.0,0.01,0.0,0.0,0.0,0.0,0.0,0.0,0.0,0.0,0.0,0.0,False,25
TREML1,0.001,0,0,0,8.0,8.0,8.0,,0.0,0.0,0.0,0.01,0.0,0.0,0.0,0.0,0.0,0.0,0.0,0.0,0.0,0.0,False,25
WDR11-AS1,0.001,0,0,0,8.0,8.0,8.0,,0.0,0.0,0.0,0.01,0.0,0.0,0.0,0.0,0.0,0.0,0.0,0.0,0.0,0.0,False,25
ARHGEF40,0.001,0,0,0,9.0,9.0,9.0,1.0,0.0,0.0,0.0,0.0,0.0,0.0,0.0,0.01,0.0,0.0,0.0,0.0,0.0,0.0,False,25
ATP1B1,0.001,0,0,0,9.0,9.0,9.0,0.0,0.0,0.0,0.01,0.0,0.0,0.0,0.0,0.0,0.0,0.0,0.0,0.0,0.0,0.0,False,25
COL17A1,0.001,0,0,0,9.0,9.0,9.0,,0.0,0.0,0.0,0.01,0.0,0.0,0.0,0.0,0.0,0.0,0.0,0.0,0.0,0.0,False,25
CYP4F2,0.001,0,0,0,9.0,9.0,9.0,,0.0,0.0,0.0,0.01,0.0,0.0,0.0,0.0,0.0,0.0,0.0,0.0,0.0,0.0,False,25
FEZ2,0.001,0,0,0,9.0,9.0,9.0,,0.0,0.0,0.0,0.01,0.0,0.0,0.0,0.0,0.0,0.0,0.0,0.0,0.0,0.0,False,25
GLB1L3,0.001,0,0,0,9.0,9.0,9.0,1.0,0.0,0.01,0.0,0.0,0.0,0.0,0.0,0.0,0.0,0.0,0.0,0.0,0.0,0.0,False,25
GUSBP4,0.001,0,0,0,9.0,9.0,9.0,0.0,0.0,0.01,0.0,0.0,0.0,0.0,0.0,0.0,0.0,0.0,0.0,0.0,0.0,0.0,False,25
IGLV6-57,0.001,0,0,0,9.0,9.0,9.0,1.0,0.0,0.01,0.0,0.0,0.0,0.0,0.0,0.0,0.0,0.0,0.0,0.0,0.0,0.0,False,25
LOC100288570,0.001,0,0,0,9.0,9.0,9.0,1.0,0.0,0.01,0.0,0.0,0.0,0.0,0.0,0.0,0.0,0.0,0.0,0.0,0.0,0.0,False,25
RGS22,0.001,0,0,0,9.0,9.0,9.0,1.0,0.0,0.0,0.01,0.0,0.0,0.0,0.0,0.0,0.0,0.0,0.0,0.0,0.0,0.0,False,25
RLF,0.001,0,0,0,9.0,9.0,9.0,0.0,0.0,0.0,0.01,0.0,0.0,0.0,0.0,0.0,0.0,0.0,0.0,0.0,0.0,0.0,False,25
SERPINA7,0.001,0,0,0,9.0,9.0,9.0,,0.0,0.0,0.0,0.01,0.0,0.0,0.0,0.0,0.0,0.0,0.0,0.0,0.0,0.0,False,25
TPBGL,0.001,0,0,0,9.0,9.0,9.0,,0.0,0.0,0.0,0.01,0.0,0.0,0.0,0.0,0.0,0.0,0.0,0.0,0.0,0.0,False,25
UMOD,0.001,0,0,0,9.0,9.0,9.0,0.0,0.0,0.01,0.0,0.0,0.0,0.0,0.0,0.0,0.0,0.0,0.0,0.0,0.0,0.0,False,25
ZNF99,0.001,0,0,0,9.0,9.0,9.0,0.0,0.0,0.01,0.0,0.0,0.0,0.0,0.0,0.0,0.0,0.0,0.0,0.0,0.0,0.0,False,25
AK5,0.001,0,0,0,10.0,10.0,10.0,,0.0,0.0,0.0,0.01,0.0,0.0,0.0,0.0,0.0,0.0,0.0,0.0,0.0,0.0,False,25
AKR1C3,0.001,0,0,0,10.0,10.0,10.0,,0.0,0.0,0.0,0.0,0.0,0.0,0.0,0.0,0.01,0.0,0.0,0.0,0.0,0.0,False,25
ARHGEF18,0.001,0,0,0,10.0,10.0,10.0,0.0,0.0,0.0,0.01,0.0,0.0,0.0,0.0,0.0,0.0,0.0,0.0,0.0,0.0,0.0,False,25
B3GALT6,0.001,0,0,0,10.0,10.0,10.0,0.0,0.0,0.0,0.01,0.0,0.0,0.0,0.0,0.0,0.0,0.0,0.0,0.0,0.0,0.0,False,25
C12orf65,0.001,0,0,0,10.0,10.0,10.0,,0.0,0.0,0.0,0.01,0.0,0.0,0.0,0.0,0.0,0.0,0.0,0.0,0.0,0.0,False,25
CARF,0.001,0,0,0,10.0,10.0,10.0,,0.0,0.0,0.0,0.01,0.0,0.0,0.0,0.0,0.0,0.0,0.0,0.0,0.0,0.0,False,25
CTBP2,0.001,0,0,0,10.0,10.0,10.0,0.0,0.0,0.0,0.01,0.0,0.0,0.0,0.0,0.0,0.0,0.0,0.0,0.0,0.0,0.0,False,25
FASN,0.001,0,0,0,10.0,10.0,10.0,0.0,0.0,0.0,0.01,0.0,0.0,0.0,0.0,0.0,0.0,0.0,0.0,0.0,0.0,0.0,False,25
FSTL4,0.001,0,0,0,10.0,10.0,10.0,,0.0,0.0,0.0,0.01,0.0,0.0,0.0,0.0,0.0,0.0,0.0,0.0,0.0,0.0,False,25
KCNA1,0.001,0,0,0,10.0,10.0,10.0,0.0,0.0,0.01,0.0,0.0,0.0,0.0,0.0,0.0,0.0,0.0,0.0,0.06,0.0,0.0,False,25
LGALS4,0.001,0,0,0,10.0,10.0,10.0,,0.0,0.0,0.0,0.01,0.0,0.0,0.0,0.0,0.0,0.0,0.0,0.0,0.0,0.0,False,25
MT4,0.001,0,0,0,10.0,10.0,10.0,1.0,0.0,0.0,0.0,0.0,0.01,0.0,0.0,0.0,0.0,0.0,0.0,0.0,0.01,0.0,False,25
NALCN,0.001,0,0,0,10.0,10.0,10.0,,0.0,0.0,0.0,0.01,0.0,0.0,0.0,0.0,0.0,0.0,0.0,0.0,0.0,0.0,False,25
PGM1,0.001,0,0,0,10.0,10.0,10.0,,0.0,0.0,0.0,0.01,0.0,0.0,0.0,0.0,0.0,0.0,0.0,0.0,0.0,0.0,False,25
PRIMA1,0.001,0,0,0,10.0,10.0,10.0,0.0,0.0,0.0,0.01,0.0,0.0,0.0,0.0,0.0,0.0,0.0,0.0,0.0,0.0,0.0,False,25
SP7,0.001,0,0,0,10.0,10.0,10.0,,0.0,0.0,0.0,0.01,0.0,0.0,0.0,0.0,0.0,0.0,0.0,0.0,0.0,0.0,False,25
TSC22D4,0.001,0,0,0,10.0,10.0,10.0,,0.0,0.0,0.0,0.01,0.0,0.0,0.0,0.0,0.0,0.0,0.0,0.0,0.0,0.0,False,25
TTC39A,0.001,0,0,0,10.0,10.0,10.0,0.0,0.0,0.0,0.01,0.0,0.0,0.0,0.0,0.0,0.0,0.0,0.0,0.0,0.0,0.0,False,25
ZNF804A,0.001,0,0,0,10.0,10.0,10.0,,0.0,0.0,0.0,0.01,0.0,0.0,0.0,0.0,0.0,0.0,0.0,0.0,0.0,0.0,False,25
ADSSL1,0.001,0,0,0,11.0,11.0,11.0,0.0,0.0,0.0,0.01,0.0,0.0,0.0,0.0,0.0,0.0,0.0,0.0,0.0,0.0,0.0,False,25
ATP1A2,0.001,0,0,0,11.0,11.0,11.0,1.0,0.0,0.0,0.0,0.0,0.0,0.0,0.0,0.01,0.0,0.0,0.0,0.0,0.0,0.0,False,25
C14orf39,0.001,0,0,0,11.0,11.0,11.0,1.0,0.0,0.01,0.0,0.0,0.0,0.0,0.0,0.0,0.0,0.0,0.0,0.0,0.0,0.0,False,25
CFHR5,0.001,0,0,0,11.0,11.0,11.0,1.0,0.0,0.01,0.0,0.0,0.0,0.0,0.0,0.0,0.0,0.0,0.0,0.0,0.0,0.0,False,25
CYP2J2,0.001,0,0,0,11.0,11.0,11.0,,0.0,0.0,0.0,0.01,0.0,0.0,0.0,0.0,0.0,0.0,0.0,0.0,0.0,0.0,False,25
DKFZP547J0410,0.001,0,0,0,11.0,11.0,11.0,,0.0,0.0,0.0,0.01,0.0,0.0,0.0,0.0,0.0,0.0,0.0,0.0,0.0,0.0,False,25
GABRA5,0.001,0,0,0,11.0,11.0,11.0,1.0,0.0,0.01,0.0,0.0,0.0,0.0,0.0,0.0,0.0,0.0,0.0,0.0,0.0,0.0,False,25
GRK3,0.001,0,0,0,11.0,11.0,11.0,1.0,0.0,0.0,0.0,0.0,0.0,0.0,0.0,0.01,0.0,0.0,0.0,0.0,0.0,0.0,False,25
HIPK4,0.001,0,0,0,11.0,11.0,11.0,,0.0,0.0,0.0,0.01,0.0,0.0,0.0,0.0,0.0,0.0,0.0,0.0,0.0,0.0,False,25
IGF2BP2-AS1,0.001,0,0,0,11.0,11.0,11.0,0.0,0.0,0.01,0.0,0.0,0.0,0.0,0.0,0.0,0.0,0.0,0.0,0.0,0.0,0.0,False,25
IQCF4,0.001,0,0,0,11.0,11.0,11.0,1.0,0.0,0.0,0.0,0.0,0.01,0.0,0.0,0.0,0.0,0.0,0.0,0.0,0.01,0.0,False,25
KANSL1L,0.001,0,0,0,11.0,11.0,11.0,,0.0,0.0,0.0,0.01,0.0,0.0,0.0,0.0,0.0,0.0,0.0,0.0,0.0,0.0,False,25
LOC100133461,0.001,0,0,0,11.0,11.0,11.0,0.0,0.0,0.0,0.0,0.01,0.0,0.0,0.0,0.0,0.0,0.0,0.0,0.04,0.0,0.0,False,25
LOC100507311,0.001,0,0,0,11.0,11.0,11.0,,0.0,0.0,0.0,0.01,0.0,0.0,0.0,0.0,0.0,0.0,0.0,0.0,0.0,0.0,False,25
LOC100996404,0.001,0,0,0,11.0,11.0,11.0,0.0,0.0,0.01,0.0,0.0,0.0,0.0,0.0,0.0,0.0,0.0,0.0,0.03,0.0,0.0,False,25
LSM11,0.001,0,0,0,11.0,11.0,11.0,0.0,0.0,0.0,0.01,0.0,0.0,0.0,0.0,0.0,0.0,0.0,0.0,0.0,0.0,0.0,False,25
PPARG,0.001,0,0,0,11.0,11.0,11.0,1.0,0.0,0.0,0.0,0.0,0.0,0.0,0.0,0.01,0.0,0.0,0.0,0.0,0.0,0.0,False,25
RUVBL2,0.001,0,0,0,11.0,11.0,11.0,1.0,0.0,0.0,0.01,0.0,0.0,0.0,0.0,0.0,0.0,0.0,0.0,0.0,0.0,0.0,False,25
SAPCD2,0.001,0,0,0,11.0,11.0,11.0,1.0,0.13,0.0,0.0,0.0,0.0,0.0,0.0,0.0,0.01,0.0,0.0,0.0,0.0,0.13,False,25
SPACA9,0.001,0,0,0,11.0,11.0,11.0,0.0,0.0,0.0,0.01,0.0,0.0,0.0,0.0,0.0,0.0,0.0,0.0,0.0,0.0,0.0,False,25
TMEM254-AS1,0.001,0,0,0,11.0,11.0,11.0,0.0,0.0,0.01,0.0,0.0,0.0,0.0,0.0,0.0,0.0,0.0,0.0,0.0,0.0,0.0,False,25
AP3M2,0.001,0,0,0,12.0,12.0,12.0,0.0,0.0,0.0,0.01,0.0,0.0,0.0,0.0,0.0,0.0,0.0,0.0,0.0,0.0,0.0,False,25
APIP,0.001,0,0,0,12.0,12.0,12.0,,0.0,0.0,0.0,0.01,0.0,0.0,0.0,0.0,0.0,0.0,0.0,0.0,0.0,0.0,False,25
C11orf54,0.001,0,0,0,12.0,12.0,12.0,,0.0,0.0,0.0,0.01,0.0,0.0,0.0,0.0,0.0,0.0,0.0,0.0,0.0,0.0,False,25
C17orf47,0.001,0,0,0,12.0,12.0,12.0,,0.0,0.0,0.0,0.01,0.0,0.0,0.0,0.0,0.0,0.0,0.0,0.0,0.0,0.0,False,25
CLEC4D,0.001,0,0,0,12.0,12.0,12.0,,0.0,0.0,0.0,0.01,0.0,0.0,0.0,0.0,0.0,0.0,0.0,0.0,0.0,0.0,False,25
CRYAB,0.001,0,0,0,12.0,12.0,12.0,1.0,0.0,0.0,0.0,0.0,0.0,0.0,0.0,0.01,0.0,0.0,0.0,0.0,0.0,0.0,False,25
EHHADH,0.001,0,0,0,12.0,12.0,12.0,1.0,0.0,0.0,0.0,0.0,0.0,0.0,0.0,0.01,0.0,0.0,0.0,0.0,0.0,0.0,False,25
ELSPBP1,0.001,0,0,0,12.0,12.0,12.0,,0.0,0.0,0.0,0.01,0.0,0.0,0.0,0.0,0.0,0.0,0.0,0.0,0.0,0.0,False,25
EQTN,0.001,0,0,0,12.0,12.0,12.0,,0.0,0.0,0.0,0.01,0.0,0.0,0.0,0.0,0.0,0.0,0.0,0.0,0.0,0.0,False,25
FMR1NB,0.001,0,0,0,12.0,12.0,12.0,0.0,0.0,0.01,0.0,0.0,0.0,0.0,0.0,0.0,0.0,0.0,0.0,0.0,0.0,0.0,False,25
FOXF2,0.001,0,0,0,12.0,12.0,12.0,1.0,0.0,0.01,0.0,0.0,0.0,0.0,0.0,0.0,0.0,0.0,0.0,0.0,0.0,0.0,False,25
GHR,0.001,0,0,0,12.0,12.0,12.0,1.0,0.0,0.0,0.0,0.0,0.0,0.0,0.0,0.01,0.0,0.0,0.0,0.0,0.0,0.0,False,25
GYPA,0.001,0,0,0,12.0,12.0,12.0,,0.0,0.0,0.0,0.01,0.0,0.0,0.0,0.0,0.0,0.0,0.0,0.0,0.0,0.0,False,25
MFSD13A,0.001,0,0,0,12.0,12.0,12.0,,0.0,0.0,0.0,0.01,0.0,0.0,0.0,0.0,0.0,0.0,0.0,0.0,0.0,0.0,False,25
MYCL,0.001,0,0,0,12.0,12.0,12.0,,0.0,0.0,0.0,0.01,0.0,0.0,0.0,0.0,0.0,0.0,0.0,0.0,0.0,0.0,False,25
NSUN5P1,0.001,0,0,0,12.0,12.0,12.0,,0.0,0.0,0.0,0.01,0.0,0.0,0.0,0.0,0.0,0.0,0.0,0.0,0.0,0.0,False,25
PLS1,0.001,0,0,0,12.0,12.0,12.0,1.0,0.0,0.0,0.01,0.0,0.0,0.0,0.0,0.0,0.0,0.0,0.0,0.0,0.0,0.0,False,25
POSTN,0.001,0,0,0,12.0,12.0,12.0,1.0,0.0,0.0,0.01,0.0,0.0,0.0,0.0,0.0,0.0,0.0,0.0,0.0,0.0,0.0,False,25
S100P,0.001,0,0,0,12.0,12.0,12.0,0.9230769230769231,0.12,0.0,0.01,0.0,0.0,0.0,0.0,0.0,0.0,0.0,0.0,0.0,0.0,0.12,False,25
SNORA17B,0.001,0,0,0,12.0,12.0,12.0,,0.0,0.0,0.0,0.01,0.0,0.0,0.0,0.0,0.0,0.0,0.0,0.0,0.0,0.0,False,25
TAF11,0.001,0,0,0,12.0,12.0,12.0,1.0,0.0,0.0,0.01,0.0,0.0,0.0,0.0,0.0,0.0,0.0,0.0,0.0,0.0,0.0,False,25
TFPI2,0.001,0,0,0,12.0,12.0,12.0,0.0,0.0,0.0,0.01,0.0,0.0,0.0,0.0,0.0,0.0,0.0,0.0,0.0,0.0,0.0,False,25
TTTY13,0.001,0,0,0,12.0,12.0,12.0,,0.0,0.0,0.0,0.01,0.0,0.0,0.0,0.0,0.0,0.0,0.0,0.0,0.0,0.0,False,25
ZNF621,0.001,0,0,0,12.0,12.0,12.0,1.0,0.0,0.0,0.01,0.0,0.0,0.0,0.0,0.0,0.0,0.0,0.0,0.0,0.0,0.0,False,25
ADPRHL2,0.001,0,0,0,13.0,13.0,13.0,,0.0,0.0,0.0,0.0,0.0,0.0,0.0,0.0,0.01,0.0,0.0,0.0,0.0,0.0,False,25
AP1S2,0.001,0,0,0,13.0,13.0,13.0,1.0,0.0,0.0,0.01,0.0,0.0,0.0,0.0,0.0,0.0,0.0,0.0,0.0,0.0,0.0,False,25
DOCK10,0.001,0,0,0,13.0,13.0,13.0,0.0,0.0,0.0,0.01,0.0,0.0,0.0,0.0,0.0,0.0,0.0,0.0,0.0,0.0,0.0,False,25
ECHDC3,0.001,0,0,0,13.0,13.0,13.0,,0.0,0.0,0.0,0.01,0.0,0.0,0.0,0.0,0.0,0.0,0.0,0.0,0.0,0.0,False,25
FAM20A,0.001,0,0,0,13.0,13.0,13.0,,0.0,0.0,0.0,0.01,0.0,0.0,0.0,0.0,0.0,0.0,0.0,0.0,0.0,0.0,False,25
GATA3,0.001,0,0,0,13.0,13.0,13.0,,0.0,0.0,0.0,0.0,0.0,0.0,0.0,0.0,0.01,0.0,0.0,0.0,0.0,0.0,False,25
HOXC10,0.001,0,0,0,13.0,13.0,13.0,1.0,0.0,0.0,0.01,0.0,0.0,0.0,0.0,0.0,0.0,0.0,0.0,0.0,0.0,0.0,False,25
HTR2C,0.001,0,0,0,13.0,13.0,13.0,1.0,0.0,0.01,0.0,0.0,0.0,0.0,0.0,0.0,0.0,0.0,0.0,0.0,0.0,0.0,False,25
ITGA7,0.001,0,0,0,13.0,13.0,13.0,1.0,0.0,0.0,0.0,0.0,0.0,0.0,0.0,0.01,0.0,0.0,0.0,0.0,0.0,0.0,False,25
LACTB2,0.001,0,0,0,13.0,13.0,13.0,1.0,0.0,0.0,0.01,0.0,0.0,0.0,0.0,0.0,0.0,0.0,0.0,0.0,0.0,0.0,False,25
LINC00869,0.001,0,0,0,13.0,13.0,13.0,,0.0,0.0,0.0,0.01,0.0,0.0,0.0,0.0,0.0,0.0,0.0,0.0,0.0,0.0,False,25
LOC100506142,0.001,0,0,0,13.0,13.0,13.0,0.0,0.0,0.01,0.0,0.0,0.0,0.0,0.0,0.0,0.0,0.0,0.0,0.0,0.0,0.0,False,25
LOC100506691,0.001,0,0,0,13.0,13.0,13.0,,0.0,0.0,0.0,0.01,0.0,0.0,0.0,0.0,0.0,0.0,0.0,0.0,0.0,0.0,False,25
LOC100507336,0.001,0,0,0,13.0,13.0,13.0,0.0,0.0,0.01,0.0,0.0,0.0,0.0,0.0,0.0,0.0,0.0,0.0,0.0,0.0,0.0,False,25
NRDC,0.001,0,0,0,13.0,13.0,13.0,,0.0,0.0,0.0,0.01,0.0,0.0,0.0,0.0,0.0,0.0,0.0,0.0,0.0,0.0,False,25
PMS2P5,0.001,0,0,0,13.0,13.0,13.0,0.0,0.0,0.0,0.01,0.0,0.0,0.0,0.0,0.0,0.0,0.0,0.0,0.0,0.0,0.0,False,25
PSD,0.001,0,0,0,13.0,13.0,13.0,,0.0,0.0,0.0,0.01,0.0,0.0,0.0,0.0,0.0,0.0,0.0,0.0,0.0,0.0,False,25
S100A14,0.001,0,0,0,13.0,13.0,13.0,1.0,0.08,0.0,0.0,0.0,0.0,0.0,0.0,0.0,0.01,0.0,0.0,0.0,0.0,0.08,False,25
SEPT11,0.001,0,0,0,13.0,13.0,13.0,1.0,0.0,0.0,0.0,0.0,0.0,0.0,0.0,0.01,0.0,0.0,0.0,0.0,0.0,0.0,False,25
SLC16A10,0.001,0,0,0,13.0,13.0,13.0,,0.0,0.0,0.0,0.01,0.0,0.0,0.0,0.0,0.0,0.0,0.0,0.0,0.0,0.0,False,25
SMG9,0.001,0,0,0,13.0,13.0,13.0,1.0,0.0,0.0,0.0,0.0,0.0,0.0,0.0,0.01,0.0,0.0,0.0,0.0,0.0,0.0,False,25
TBX3,0.001,0,0,0,13.0,13.0,13.0,0.0,0.0,0.0,0.01,0.0,0.0,0.0,0.0,0.0,0.0,0.0,0.0,0.0,0.0,0.0,False,25
TCN1,0.001,0,0,0,13.0,13.0,13.0,,0.0,0.0,0.0,0.01,0.0,0.0,0.0,0.0,0.0,0.0,0.0,0.0,0.0,0.0,False,25
THSD7B,0.001,0,0,0,13.0,13.0,13.0,0.0,0.0,0.01,0.0,0.0,0.0,0.0,0.0,0.0,0.0,0.0,0.0,0.0,0.0,0.0,False,25
TNFRSF10A,0.001,0,0,0,13.0,13.0,13.0,,0.0,0.0,0.0,0.01,0.0,0.0,0.0,0.0,0.0,0.0,0.0,0.0,0.0,0.0,False,25
TSSK3,0.001,0,0,0,13.0,13.0,13.0,,0.0,0.0,0.0,0.01,0.0,0.0,0.0,0.0,0.0,0.0,0.0,0.0,0.0,0.0,False,25
ZNF142,0.001,0,0,0,13.0,13.0,13.0,1.0,0.0,0.0,0.01,0.0,0.0,0.0,0.0,0.0,0.0,0.0,0.0,0.0,0.0,0.0,False,25
ANGPTL2,0.001,0,0,0,14.0,14.0,14.0,1.0,0.0,0.0,0.0,0.0,0.0,0.0,0.0,0.01,0.0,0.0,0.0,0.0,0.0,0.0,False,25
BUB3,0.001,0,0,0,14.0,14.0,14.0,,0.0,0.0,0.0,0.01,0.0,0.0,0.0,0.0,0.0,0.0,0.0,0.0,0.0,0.0,False,25
C1orf168,0.001,0,0,0,14.0,14.0,14.0,,0.0,0.0,0.0,0.01,0.0,0.0,0.0,0.0,0.0,0.0,0.0,0.0,0.0,0.0,False,25
CDC37L1,0.001,0,0,0,14.0,14.0,14.0,,0.0,0.0,0.0,0.01,0.0,0.0,0.0,0.0,0.0,0.0,0.0,0.0,0.0,0.0,False,25
CLEC11A,0.001,0,0,0,14.0,14.0,14.0,,0.0,0.0,0.0,0.01,0.0,0.0,0.0,0.0,0.0,0.0,0.0,0.0,0.0,0.0,False,25
DOK1,0.001,0,0,0,14.0,14.0,14.0,,0.0,0.0,0.0,0.01,0.0,0.0,0.0,0.0,0.0,0.0,0.0,0.0,0.0,0.0,False,25
EIF1,0.001,0,0,0,14.0,14.0,14.0,,0.0,0.0,0.0,0.01,0.0,0.0,0.0,0.0,0.0,0.0,0.0,0.0,0.0,0.0,False,25
FOSB,0.001,0,0,0,14.0,14.0,14.0,0.0,0.0,0.0,0.01,0.0,0.0,0.0,0.0,0.0,0.0,0.0,0.0,0.0,0.0,0.0,False,25
FRY-AS1,0.001,0,0,0,14.0,14.0,14.0,,0.0,0.0,0.0,0.01,0.0,0.0,0.0,0.0,0.0,0.0,0.0,0.0,0.0,0.0,False,25
FYTTD1,0.001,0,0,0,14.0,14.0,14.0,,0.0,0.0,0.0,0.01,0.0,0.0,0.0,0.0,0.0,0.0,0.0,0.0,0.0,0.0,False,25
GFRA4,0.001,0,0,0,14.0,14.0,14.0,0.0,0.0,0.01,0.0,0.0,0.0,0.0,0.0,0.0,0.0,0.0,0.0,0.0,0.0,0.0,False,25
HAS1,0.001,0,0,0,14.0,14.0,14.0,0.0,0.0,0.0,0.0,0.01,0.0,0.0,0.0,0.0,0.0,0.0,0.0,0.01,0.0,0.0,False,25
KIF18B,0.001,0,0,0,14.0,14.0,14.0,,0.0,0.0,0.0,0.0,0.0,0.0,0.0,0.0,0.01,0.0,0.0,0.0,0.0,0.0,False,25
LINC00935,0.001,0,0,0,14.0,14.0,14.0,1.0,0.0,0.01,0.0,0.0,0.0,0.0,0.0,0.0,0.0,0.0,0.0,0.0,0.0,0.0,False,25
LINC01019,0.001,0,0,0,14.0,14.0,14.0,0.0,0.0,0.01,0.0,0.0,0.0,0.0,0.0,0.0,0.0,0.0,0.0,0.0,0.0,0.0,False,25
LINC01102,0.001,0,0,0,14.0,14.0,14.0,,0.0,0.0,0.0,0.01,0.0,0.0,0.0,0.0,0.0,0.0,0.0,0.0,0.0,0.0,False,25
LINC01490,0.001,0,0,0,14.0,14.0,14.0,,0.0,0.0,0.0,0.01,0.0,0.0,0.0,0.0,0.0,0.0,0.0,0.0,0.0,0.0,False,25
MSI2,0.001,0,0,0,14.0,14.0,14.0,1.0,0.0,0.0,0.01,0.0,0.0,0.0,0.0,0.0,0.0,0.0,0.0,0.0,0.0,0.0,False,25
NAA40,0.001,0,0,0,14.0,14.0,14.0,1.0,0.0,0.0,0.01,0.0,0.0,0.0,0.0,0.0,0.0,0.0,0.0,0.0,0.0,0.0,False,25
NAIF1,0.001,0,0,0,14.0,14.0,14.0,1.0,0.0,0.01,0.0,0.0,0.0,0.0,0.0,0.0,0.0,0.0,0.0,0.0,0.0,0.0,False,25
NNAT,0.001,0,0,0,14.0,14.0,14.0,,0.0,0.0,0.0,0.0,0.0,0.0,0.0,0.0,0.01,0.0,0.0,0.0,0.0,0.0,False,25
NUTM2B,0.001,0,0,0,14.0,14.0,14.0,,0.0,0.0,0.0,0.01,0.0,0.0,0.0,0.0,0.0,0.0,0.0,0.0,0.0,0.0,False,25
OSR2,0.001,0,0,0,14.0,14.0,14.0,1.0,0.0,0.0,0.01,0.0,0.0,0.0,0.0,0.0,0.0,0.0,0.0,0.0,0.0,0.0,False,25
RBBP5,0.001,0,0,0,14.0,14.0,14.0,,0.0,0.0,0.0,0.01,0.0,0.0,0.0,0.0,0.0,0.0,0.0,0.0,0.0,0.0,False,25
SEC24D,0.001,0,0,0,14.0,14.0,14.0,0.0,0.0,0.0,0.01,0.0,0.0,0.0,0.0,0.0,0.0,0.0,0.0,0.0,0.0,0.0,False,25
SHROOM3,0.001,0,0,0,14.0,14.0,14.0,0.0,0.0,0.0,0.0,0.0,0.0,0.01,0.0,0.0,0.0,0.0,0.0,0.0,0.0,0.0,False,25
STARD13-AS,0.001,0,0,0,14.0,14.0,14.0,0.0,0.0,0.01,0.0,0.0,0.0,0.0,0.0,0.0,0.0,0.0,0.0,0.01,0.0,0.0,False,25
TAF1D,0.001,0,0,0,14.0,14.0,14.0,1.0,0.0,0.0,0.01,0.0,0.0,0.0,0.0,0.0,0.0,0.0,0.0,0.0,0.0,0.0,False,25
TNFSF11,0.001,0,0,0,14.0,14.0,14.0,,0.0,0.0,0.0,0.01,0.0,0.0,0.0,0.0,0.0,0.0,0.0,0.0,0.0,0.0,False,25
VMP1,0.001,0,0,0,14.0,14.0,14.0,1.0,0.0,0.0,0.01,0.0,0.0,0.0,0.0,0.0,0.0,0.0,0.0,0.0,0.0,0.0,False,25
ZNF239,0.001,0,0,0,14.0,14.0,14.0,0.0,0.0,0.0,0.01,0.0,0.0,0.0,0.0,0.0,0.0,0.0,0.0,0.0,0.0,0.0,False,25
ZNF322,0.001,0,0,0,14.0,14.0,14.0,1.0,0.0,0.0,0.01,0.0,0.0,0.0,0.0,0.0,0.0,0.0,0.0,0.0,0.0,0.0,False,25
ZNF689,0.001,0,0,0,14.0,14.0,14.0,,0.0,0.0,0.0,0.01,0.0,0.0,0.0,0.0,0.0,0.0,0.0,0.0,0.0,0.0,False,25
ZNF736,0.001,0,0,0,14.0,14.0,14.0,,0.0,0.0,0.0,0.01,0.0,0.0,0.0,0.0,0.0,0.0,0.0,0.0,0.0,0.0,False,25
ASAP1-IT1,0.001,0,0,0,15.0,15.0,15.0,,0.0,0.0,0.0,0.01,0.0,0.0,0.0,0.0,0.0,0.0,0.0,0.0,0.0,0.0,False,25
ATP5J,0.001,0,0,0,15.0,15.0,15.0,,0.0,0.0,0.0,0.01,0.0,0.0,0.0,0.0,0.0,0.0,0.0,0.0,0.0,0.0,False,25
CD300C,0.001,0,0,0,15.0,15.0,15.0,1.0,0.0,0.0,0.0,0.01,0.0,0.0,0.0,0.0,0.0,0.0,0.0,0.0,0.02,0.0,False,25
CDKN2B,0.001,0,0,0,15.0,15.0,15.0,1.0,0.0,0.0,0.0,0.0,0.0,0.0,0.0,0.01,0.0,0.0,0.0,0.0,0.0,0.0,False,25
CDNF,0.001,0,0,0,15.0,15.0,15.0,,0.0,0.0,0.0,0.01,0.0,0.0,0.0,0.0,0.0,0.0,0.0,0.0,0.0,0.0,False,25
CES5A,0.001,0,0,0,15.0,15.0,15.0,0.0,0.0,0.01,0.0,0.0,0.0,0.0,0.0,0.0,0.0,0.0,0.0,0.0,0.0,0.0,False,25
DLGAP4-AS1,0.001,0,0,0,15.0,15.0,15.0,0.0,0.0,0.01,0.0,0.0,0.0,0.0,0.0,0.0,0.0,0.0,0.0,0.0,0.0,0.0,False,25
F8,0.001,0,0,0,15.0,15.0,15.0,1.0,0.0,0.0,0.0,0.0,0.0,0.0,0.0,0.01,0.0,0.0,0.0,0.0,0.0,0.0,False,25
FOXP1-IT1,0.001,0,0,0,15.0,15.0,15.0,0.0,0.0,0.0,0.01,0.0,0.0,0.0,0.0,0.0,0.0,0.0,0.0,0.0,0.0,0.0,False,25
GJB2,0.001,0,0,0,15.0,15.0,15.0,0.8571428571428571,0.06,0.0,0.01,0.0,0.0,0.0,0.0,0.0,0.0,0.0,0.0,0.0,0.0,0.06,False,25
HIST3H2A,0.001,0,0,0,15.0,15.0,15.0,0.0,0.0,0.0,0.01,0.0,0.0,0.0,0.0,0.0,0.0,0.0,0.0,0.0,0.0,0.0,False,25
LGALS12,0.001,0,0,0,15.0,15.0,15.0,1.0,0.0,0.0,0.01,0.0,0.0,0.0,0.0,0.0,0.0,0.0,0.0,0.0,0.0,0.0,False,25
LINC00644,0.001,0,0,0,15.0,15.0,15.0,,0.0,0.0,0.0,0.01,0.0,0.0,0.0,0.0,0.0,0.0,0.0,0.0,0.0,0.0,False,25
LOC101926960,0.001,0,0,0,15.0,15.0,15.0,1.0,0.0,0.0,0.0,0.0,0.0,0.0,0.0,0.01,0.0,0.0,0.0,0.0,0.0,0.0,False,25
LOC101930405,0.001,0,0,0,15.0,15.0,15.0,,0.0,0.0,0.0,0.01,0.0,0.0,0.0,0.0,0.0,0.0,0.0,0.0,0.0,0.0,False,25
NTNG1,0.001,0,0,0,15.0,15.0,15.0,1.0,0.0,0.01,0.0,0.0,0.0,0.0,0.0,0.0,0.0,0.0,0.0,0.0,0.0,0.0,False,25
PRDX6,0.001,0,0,0,15.0,15.0,15.0,0.0,0.0,0.0,0.01,0.0,0.0,0.0,0.0,0.0,0.0,0.0,0.0,0.0,0.0,0.0,False,25
PRR7-AS1,0.001,0,0,0,15.0,15.0,15.0,0.0,0.0,0.01,0.0,0.0,0.0,0.0,0.0,0.0,0.0,0.0,0.0,0.0,0.0,0.0,False,25
SCARA5,0.001,0,0,0,15.0,15.0,15.0,1.0,0.0,0.0,0.0,0.0,0.0,0.0,0.0,0.01,0.0,0.0,0.0,0.0,0.0,0.0,False,25
SUCLA2,0.001,0,0,0,15.0,15.0,15.0,1.0,0.0,0.0,0.0,0.0,0.0,0.0,0.0,0.01,0.0,0.0,0.0,0.0,0.0,0.0,False,25
SYNPR,0.001,0,0,0,15.0,15.0,15.0,,0.0,0.0,0.0,0.01,0.0,0.0,0.0,0.0,0.0,0.0,0.0,0.0,0.0,0.0,False,25
TCHH,0.001,0,0,0,15.0,15.0,15.0,1.0,0.0,0.01,0.0,0.0,0.0,0.0,0.0,0.0,0.0,0.0,0.0,0.0,0.0,0.0,False,25
THSD4,0.001,0,0,0,15.0,15.0,15.0,,0.0,0.0,0.0,0.01,0.0,0.0,0.0,0.0,0.0,0.0,0.0,0.0,0.0,0.0,False,25
TPPP,0.001,0,0,0,15.0,15.0,15.0,1.0,0.0,0.0,0.01,0.0,0.0,0.0,0.0,0.0,0.0,0.0,0.0,0.0,0.0,0.0,False,25
UBE2L3,0.001,0,0,0,15.0,15.0,15.0,,0.0,0.0,0.0,0.01,0.0,0.0,0.0,0.0,0.0,0.0,0.0,0.0,0.0,0.0,False,25
UGP2,0.001,0,0,0,15.0,15.0,15.0,,0.0,0.0,0.0,0.01,0.0,0.0,0.0,0.0,0.0,0.0,0.0,0.0,0.0,0.0,False,25
VGLL4,0.001,0,0,0,15.0,15.0,15.0,0.0,0.0,0.0,0.0,0.0,0.0,0.01,0.0,0.0,0.0,0.0,0.0,0.0,0.0,0.0,False,25
ZNF121,0.001,0,0,0,15.0,15.0,15.0,1.0,0.0,0.0,0.01,0.0,0.0,0.0,0.0,0.0,0.0,0.0,0.0,0.0,0.0,0.0,False,25
ZNF660,0.001,0,0,0,15.0,15.0,15.0,,0.0,0.0,0.0,0.01,0.0,0.0,0.0,0.0,0.0,0.0,0.0,0.0,0.0,0.0,False,25
ALPL,0.001,0,0,0,16.0,16.0,16.0,,0.0,0.0,0.0,0.01,0.0,0.0,0.0,0.0,0.0,0.0,0.0,0.0,0.0,0.0,False,25
ARMC9,0.001,0,0,0,16.0,16.0,16.0,0.0,0.0,0.0,0.01,0.0,0.0,0.0,0.0,0.0,0.0,0.0,0.0,0.0,0.0,0.0,False,25
ATP6,0.001,0,0,0,16.0,16.0,16.0,,0.0,0.0,0.0,0.01,0.0,0.0,0.0,0.0,0.0,0.0,0.0,0.0,0.0,0.0,False,25
C15orf39,0.001,0,0,0,16.0,16.0,16.0,,0.0,0.0,0.0,0.01,0.0,0.0,0.0,0.0,0.0,0.0,0.0,0.0,0.0,0.0,False,25
CD300LG,0.001,0,0,0,16.0,16.0,16.0,1.0,0.0,0.0,0.0,0.0,0.0,0.0,0.0,0.01,0.0,0.0,0.0,0.0,0.0,0.0,False,25
CORO1B,0.001,0,0,0,16.0,16.0,16.0,1.0,0.0,0.0,0.01,0.0,0.0,0.0,0.0,0.0,0.0,0.0,0.0,0.0,0.0,0.0,False,25
CYP4F12,0.001,0,0,0,16.0,16.0,16.0,1.0,0.0,0.0,0.01,0.0,0.0,0.0,0.0,0.0,0.0,0.0,0.0,0.0,0.0,0.0,False,25
DISP1,0.001,0,0,0,16.0,16.0,16.0,,0.0,0.0,0.0,0.01,0.0,0.0,0.0,0.0,0.0,0.0,0.0,0.0,0.0,0.0,False,25
EBLN2,0.001,0,0,0,16.0,16.0,16.0,1.0,0.0,0.0,0.01,0.0,0.0,0.0,0.0,0.0,0.0,0.0,0.0,0.0,0.0,0.0,False,25
GABARAPL1,0.001,0,0,0,16.0,16.0,16.0,1.0,0.0,0.0,0.0,0.0,0.0,0.0,0.0,0.01,0.0,0.0,0.0,0.0,0.0,0.0,False,25
GCNT7,0.001,0,0,0,16.0,16.0,16.0,,0.0,0.0,0.0,0.01,0.0,0.0,0.0,0.0,0.0,0.0,0.0,0.0,0.0,0.0,False,25
GSS,0.001,0,0,0,16.0,16.0,16.0,,0.0,0.0,0.0,0.0,0.0,0.0,0.0,0.0,0.01,0.0,0.0,0.0,0.0,0.0,False,25
GTF2E2,0.001,0,0,0,16.0,16.0,16.0,,0.0,0.0,0.0,0.01,0.0,0.0,0.0,0.0,0.0,0.0,0.0,0.0,0.0,0.0,False,25
HADH,0.001,0,0,0,16.0,16.0,16.0,,0.0,0.0,0.0,0.01,0.0,0.0,0.0,0.0,0.0,0.0,0.0,0.0,0.0,0.0,False,25
IGHV1-69,0.001,0,0,0,16.0,16.0,16.0,1.0,0.0,0.01,0.0,0.0,0.0,0.0,0.0,0.0,0.0,0.0,0.0,0.0,0.0,0.0,False,25
INO80D,0.001,0,0,0,16.0,16.0,16.0,0.0,0.0,0.0,0.01,0.0,0.0,0.0,0.0,0.0,0.0,0.0,0.0,0.0,0.0,0.0,False,25
KDM5D,0.001,0,0,0,16.0,16.0,16.0,0.0,0.0,0.01,0.0,0.0,0.0,0.0,0.0,0.0,0.0,0.0,0.0,0.0,0.0,0.0,False,25
LINC00445,0.001,0,0,0,16.0,16.0,16.0,0.0,0.0,0.01,0.0,0.0,0.0,0.0,0.0,0.0,0.0,0.0,0.0,0.07,0.0,0.0,False,25
LOC100131496,0.001,0,0,0,16.0,16.0,16.0,,0.0,0.0,0.0,0.01,0.0,0.0,0.0,0.0,0.0,0.0,0.0,0.0,0.0,0.0,False,25
LOC101060553,0.001,0,0,0,16.0,16.0,16.0,,0.0,0.0,0.0,0.01,0.0,0.0,0.0,0.0,0.0,0.0,0.0,0.0,0.0,0.0,False,25
LOC101926944,0.001,0,0,0,16.0,16.0,16.0,0.0,0.0,0.01,0.0,0.0,0.0,0.0,0.0,0.0,0.0,0.0,0.0,0.0,0.0,0.0,False,25
LOC105372762,0.001,0,0,0,16.0,16.0,16.0,,0.0,0.0,0.0,0.01,0.0,0.0,0.0,0.0,0.0,0.0,0.0,0.0,0.0,0.0,False,25
LOC105373876,0.001,0,0,0,16.0,16.0,16.0,0.0,0.0,0.01,0.0,0.0,0.0,0.0,0.0,0.0,0.0,0.0,0.0,0.01,0.0,0.0,False,25
MUC1,0.001,0,0,0,16.0,16.0,16.0,0.0,0.0,0.0,0.01,0.0,0.0,0.0,0.0,0.0,0.0,0.0,0.0,0.0,0.0,0.0,False,25
NPFFR2,0.001,0,0,0,16.0,16.0,16.0,1.0,0.0,0.01,0.0,0.0,0.0,0.0,0.0,0.0,0.0,0.0,0.0,0.0,0.0,0.0,False,25
OR51B5,0.001,0,0,0,16.0,16.0,16.0,1.0,0.0,0.01,0.0,0.0,0.0,0.0,0.0,0.0,0.0,0.0,0.0,0.0,0.0,0.0,False,25
PFKFB3,0.001,0,0,0,16.0,16.0,16.0,1.0,0.0,0.0,0.0,0.0,0.0,0.0,0.0,0.01,0.0,0.0,0.0,0.0,0.0,0.0,False,25
PNMAL1,0.001,0,0,0,16.0,16.0,16.0,1.0,0.0,0.0,0.01,0.0,0.0,0.0,0.0,0.0,0.0,0.0,0.0,0.0,0.0,0.0,False,25
RGS3,0.001,0,0,0,16.0,16.0,16.0,,0.0,0.0,0.0,0.01,0.0,0.0,0.0,0.0,0.0,0.0,0.0,0.0,0.0,0.0,False,25
RRAS2,0.001,0,0,0,16.0,16.0,16.0,1.0,0.0,0.0,0.0,0.0,0.0,0.0,0.0,0.01,0.0,0.0,0.0,0.0,0.0,0.0,False,25
TWIST2,0.001,0,0,0,16.0,16.0,16.0,1.0,0.0,0.0,0.0,0.0,0.0,0.0,0.0,0.01,0.0,0.0,0.0,0.0,0.0,0.0,False,25
UNC13C,0.001,0,0,0,16.0,16.0,16.0,,0.0,0.0,0.0,0.01,0.0,0.0,0.0,0.0,0.0,0.0,0.0,0.0,0.0,0.0,False,25
XG,0.001,0,0,0,16.0,16.0,16.0,,0.0,0.0,0.0,0.01,0.0,0.0,0.0,0.0,0.0,0.0,0.0,0.0,0.0,0.0,False,25
ACP5,0.001,0,0,0,17.0,17.0,17.0,,0.0,0.0,0.0,0.01,0.0,0.0,0.0,0.0,0.0,0.0,0.0,0.0,0.0,0.0,False,25
ACVR2B,0.001,0,0,0,17.0,17.0,17.0,,0.0,0.0,0.0,0.01,0.0,0.0,0.0,0.0,0.0,0.0,0.0,0.0,0.0,0.0,False,25
ADAMTSL3,0.001,0,0,0,17.0,17.0,17.0,0.0,0.0,0.01,0.0,0.0,0.0,0.0,0.0,0.0,0.0,0.0,0.0,0.0,0.0,0.0,False,25
ANO3,0.001,0,0,0,17.0,17.0,17.0,1.0,0.0,0.0,0.0,0.0,0.0,0.01,0.0,0.0,0.0,0.0,0.0,0.0,0.0,0.0,False,25
APOBEC3D,0.001,0,0,0,17.0,17.0,17.0,0.0,0.0,0.01,0.0,0.0,0.0,0.0,0.0,0.0,0.0,0.0,0.0,0.01,0.0,0.0,False,25
ARPP21,0.001,0,0,0,17.0,17.0,17.0,1.0,0.0,0.01,0.0,0.0,0.0,0.0,0.0,0.0,0.0,0.0,0.0,0.0,0.0,0.0,False,25
ATP5E,0.001,0,0,0,17.0,17.0,17.0,1.0,0.0,0.0,0.01,0.0,0.0,0.0,0.0,0.0,0.0,0.0,0.0,0.0,0.0,0.0,False,25
B3GNT2,0.001,0,0,0,17.0,17.0,17.0,0.0,0.0,0.0,0.01,0.0,0.0,0.0,0.0,0.0,0.0,0.0,0.0,0.0,0.0,0.0,False,25
C6orf132,0.001,0,0,0,17.0,17.0,17.0,1.0,0.02,0.0,0.0,0.0,0.0,0.0,0.0,0.0,0.01,0.0,0.0,0.0,0.0,0.02,False,25
CCDC185,0.001,0,0,0,17.0,17.0,17.0,0.0,0.0,0.01,0.0,0.0,0.0,0.0,0.0,0.0,0.0,0.0,0.0,0.0,0.0,0.0,False,25
CDC25B,0.001,0,0,0,17.0,17.0,17.0,,0.0,0.0,0.0,0.0,0.0,0.0,0.0,0.0,0.01,0.0,0.0,0.0,0.0,0.0,False,25
CRLS1,0.001,0,0,0,17.0,17.0,17.0,,0.0,0.0,0.0,0.01,0.0,0.0,0.0,0.0,0.0,0.0,0.0,0.0,0.0,0.0,False,25
DIRAS3,0.001,0,0,0,17.0,17.0,17.0,,0.0,0.0,0.0,0.01,0.0,0.0,0.0,0.0,0.0,0.0,0.0,0.0,0.0,0.0,False,25
DNASE2B,0.001,0,0,0,17.0,17.0,17.0,,0.0,0.0,0.0,0.01,0.0,0.0,0.0,0.0,0.0,0.0,0.0,0.0,0.0,0.0,False,25
DTYMK,0.001,0,0,0,17.0,17.0,17.0,1.0,0.0,0.0,0.01,0.0,0.0,0.0,0.0,0.0,0.0,0.0,0.0,0.0,0.0,0.0,False,25
FAM69A,0.001,0,0,0,17.0,17.0,17.0,1.0,0.0,0.0,0.0,0.0,0.0,0.0,0.0,0.01,0.0,0.0,0.0,0.0,0.0,0.0,False,25
FGFR3,0.001,0,0,0,17.0,17.0,17.0,0.9375,0.15,0.0,0.01,0.0,0.0,0.0,0.0,0.0,0.0,0.0,0.0,0.0,0.0,0.15,False,25
FTCDNL1,0.001,0,0,0,17.0,17.0,17.0,0.0,0.0,0.0,0.0,0.0,0.0,0.01,0.0,0.0,0.0,0.0,0.0,0.0,0.01,0.0,False,25
GPR137,0.001,0,0,0,17.0,17.0,17.0,1.0,0.0,0.01,0.0,0.0,0.0,0.0,0.0,0.0,0.0,0.0,0.0,0.0,0.0,0.0,False,25
GTF3C1,0.001,0,0,0,17.0,17.0,17.0,,0.0,0.0,0.0,0.0,0.0,0.0,0.0,0.0,0.01,0.0,0.0,0.0,0.0,0.0,False,25
GYPC,0.001,0,0,0,17.0,17.0,17.0,1.0,0.0,0.0,0.0,0.0,0.0,0.0,0.0,0.01,0.0,0.0,0.0,0.0,0.0,0.0,False,25
HMGCLL1,0.001,0,0,0,17.0,17.0,17.0,,0.0,0.0,0.0,0.01,0.0,0.0,0.0,0.0,0.0,0.0,0.0,0.0,0.0,0.0,False,25
INPP4B,0.001,0,0,0,17.0,17.0,17.0,,0.0,0.0,0.0,0.01,0.0,0.0,0.0,0.0,0.0,0.0,0.0,0.0,0.0,0.0,False,25
LOC100129973,0.001,0,0,0,17.0,17.0,17.0,1.0,0.0,0.01,0.0,0.0,0.0,0.0,0.0,0.0,0.0,0.0,0.0,0.0,0.0,0.0,False,25
LOC101927604,0.001,0,0,0,17.0,17.0,17.0,,0.0,0.0,0.0,0.01,0.0,0.0,0.0,0.0,0.0,0.0,0.0,0.0,0.0,0.0,False,25
LOC102724511,0.001,0,0,0,17.0,17.0,17.0,,0.0,0.0,0.0,0.01,0.0,0.0,0.0,0.0,0.0,0.0,0.0,0.0,0.0,0.0,False,25
MGAT4D,0.001,0,0,0,17.0,17.0,17.0,0.0,0.0,0.01,0.0,0.0,0.0,0.0,0.0,0.0,0.0,0.0,0.0,0.0,0.0,0.0,False,25
MICU3,0.001,0,0,0,17.0,17.0,17.0,1.0,0.0,0.0,0.0,0.0,0.0,0.0,0.0,0.01,0.0,0.0,0.0,0.0,0.0,0.0,False,25
MTFMT,0.001,0,0,0,17.0,17.0,17.0,1.0,0.0,0.0,0.01,0.0,0.0,0.0,0.0,0.0,0.0,0.0,0.0,0.0,0.0,0.0,False,25
NDUFA12,0.001,0,0,0,17.0,17.0,17.0,,0.0,0.0,0.0,0.01,0.0,0.0,0.0,0.0,0.0,0.0,0.0,0.0,0.0,0.0,False,25
NGFR,0.001,0,0,0,17.0,17.0,17.0,,0.0,0.0,0.0,0.01,0.0,0.0,0.0,0.0,0.0,0.0,0.0,0.0,0.0,0.0,False,25
NME8,0.001,0,0,0,17.0,17.0,17.0,1.0,0.0,0.01,0.0,0.0,0.0,0.0,0.0,0.0,0.0,0.0,0.0,0.0,0.0,0.0,False,25
NPR3,0.001,0,0,0,17.0,17.0,17.0,1.0,0.0,0.0,0.0,0.0,0.0,0.0,0.0,0.01,0.0,0.0,0.0,0.0,0.0,0.0,False,25
OMD,0.001,0,0,0,17.0,17.0,17.0,0.0,0.0,0.0,0.01,0.0,0.0,0.0,0.0,0.0,0.0,0.0,0.0,0.0,0.0,0.0,False,25
PRDM15,0.001,0,0,0,17.0,17.0,17.0,,0.0,0.0,0.0,0.0,0.0,0.0,0.0,0.0,0.01,0.0,0.0,0.0,0.0,0.0,False,25
RBAKDN,0.001,0,0,0,17.0,17.0,17.0,0.0,0.0,0.01,0.0,0.0,0.0,0.0,0.0,0.0,0.0,0.0,0.0,0.0,0.0,0.0,False,25
ROM1,0.001,0,0,0,17.0,17.0,17.0,0.0,0.0,0.01,0.0,0.0,0.0,0.0,0.0,0.0,0.0,0.0,0.0,0.0,0.0,0.0,False,25
STRADB,0.001,0,0,0,17.0,17.0,17.0,1.0,0.0,0.0,0.0,0.0,0.0,0.01,0.0,0.0,0.0,0.0,0.0,0.0,0.0,0.0,False,25
TJP2,0.001,0,0,0,17.0,17.0,17.0,0.0,0.0,0.0,0.0,0.0,0.0,0.01,0.0,0.0,0.0,0.0,0.0,0.0,0.0,0.0,False,25
WDR4,0.001,0,0,0,17.0,17.0,17.0,1.0,0.0,0.0,0.0,0.0,0.0,0.0,0.0,0.01,0.0,0.0,0.0,0.0,0.0,0.0,False,25
WWC1,0.001,0,0,0,17.0,17.0,17.0,1.0,0.0,0.0,0.0,0.0,0.0,0.0,0.0,0.01,0.0,0.0,0.0,0.0,0.0,0.0,False,25
ZNF443,0.001,0,0,0,17.0,17.0,17.0,0.0,0.0,0.0,0.01,0.0,0.0,0.0,0.0,0.0,0.0,0.0,0.0,0.0,0.0,0.0,False,25
ZNF493,0.001,0,0,0,17.0,17.0,17.0,,0.0,0.0,0.0,0.0,0.0,0.0,0.0,0.0,0.01,0.0,0.0,0.0,0.0,0.0,False,25
A1CF,0.001,0,0,0,18.0,18.0,18.0,,0.0,0.0,0.0,0.01,0.0,0.0,0.0,0.0,0.0,0.0,0.0,0.0,0.0,0.0,False,25
ALDOC,0.001,0,0,0,18.0,18.0,18.0,0.0,0.0,0.0,0.01,0.0,0.0,0.0,0.0,0.0,0.0,0.0,0.0,0.0,0.0,0.0,False,25
ARC,0.001,0,0,0,18.0,18.0,18.0,,0.0,0.0,0.0,0.01,0.0,0.0,0.0,0.0,0.0,0.0,0.0,0.0,0.0,0.0,False,25
C1orf204,0.001,0,0,0,18.0,18.0,18.0,0.0,0.0,0.01,0.0,0.0,0.0,0.0,0.0,0.0,0.0,0.0,0.0,0.0,0.0,0.0,False,25
CASP6,0.001,0,0,0,18.0,18.0,18.0,,0.0,0.0,0.0,0.01,0.0,0.0,0.0,0.0,0.0,0.0,0.0,0.0,0.0,0.0,False,25
CBX8,0.001,0,0,0,18.0,18.0,18.0,,0.0,0.0,0.0,0.01,0.0,0.0,0.0,0.0,0.0,0.0,0.0,0.0,0.0,0.0,False,25
CD1D,0.001,0,0,0,18.0,18.0,18.0,,0.0,0.0,0.0,0.01,0.0,0.0,0.0,0.0,0.0,0.0,0.0,0.0,0.0,0.0,False,25
CDK9,0.001,0,0,0,18.0,18.0,18.0,,0.0,0.0,0.0,0.01,0.0,0.0,0.0,0.0,0.0,0.0,0.0,0.0,0.0,0.0,False,25
DDX58,0.001,0,0,0,18.0,18.0,18.0,0.0,0.0,0.0,0.01,0.0,0.0,0.0,0.0,0.0,0.0,0.0,0.0,0.0,0.0,0.0,False,25
FAM105A,0.001,0,0,0,18.0,18.0,18.0,1.0,0.0,0.0,0.01,0.0,0.0,0.0,0.0,0.0,0.0,0.0,0.0,0.0,0.0,0.0,False,25
FBXL13,0.001,0,0,0,18.0,18.0,18.0,,0.0,0.0,0.0,0.01,0.0,0.0,0.0,0.0,0.0,0.0,0.0,0.0,0.0,0.0,False,25
FBXO45,0.001,0,0,0,18.0,18.0,18.0,,0.0,0.0,0.0,0.0,0.0,0.0,0.0,0.0,0.01,0.0,0.0,0.0,0.0,0.0,False,25
IER5,0.001,0,0,0,18.0,18.0,18.0,0.0,0.0,0.0,0.01,0.0,0.0,0.0,0.0,0.0,0.0,0.0,0.0,0.0,0.0,0.0,False,25
IFNW1,0.001,0,0,0,18.0,18.0,18.0,0.0,0.0,0.01,0.0,0.0,0.0,0.0,0.0,0.0,0.0,0.0,0.0,0.0,0.0,0.0,False,25
LINC00526,0.001,0,0,0,18.0,18.0,18.0,0.0,0.0,0.0,0.01,0.0,0.0,0.0,0.0,0.0,0.0,0.0,0.0,0.0,0.0,0.0,False,25
LINC00559,0.001,0,0,0,18.0,18.0,18.0,0.0,0.0,0.01,0.0,0.0,0.0,0.0,0.0,0.0,0.0,0.0,0.0,0.0,0.0,0.0,False,25
LOC101928535,0.001,0,0,0,18.0,18.0,18.0,0.0,0.0,0.01,0.0,0.0,0.0,0.0,0.0,0.0,0.0,0.0,0.0,0.0,0.0,0.0,False,25
NKX3-2,0.001,0,0,0,18.0,18.0,18.0,1.0,0.0,0.01,0.0,0.0,0.0,0.0,0.0,0.0,0.0,0.0,0.0,0.0,0.0,0.0,False,25
PCDHGA4,0.001,0,0,0,18.0,18.0,18.0,0.0,0.0,0.0,0.01,0.0,0.0,0.0,0.0,0.0,0.0,0.0,0.0,0.0,0.0,0.0,False,25
PDGFA,0.001,0,0,0,18.0,18.0,18.0,,0.0,0.0,0.0,0.01,0.0,0.0,0.0,0.0,0.0,0.0,0.0,0.0,0.0,0.0,False,25
PKD1L2,0.001,0,0,0,18.0,18.0,18.0,,0.0,0.0,0.0,0.0,0.0,0.0,0.0,0.0,0.01,0.0,0.0,0.0,0.0,0.0,False,25
PLIN1,0.001,0,0,0,18.0,18.0,18.0,1.0,0.0,0.0,0.0,0.0,0.0,0.0,0.0,0.01,0.0,0.0,0.0,0.0,0.0,0.0,False,25
PYGL,0.001,0,0,0,18.0,18.0,18.0,1.0,0.0,0.0,0.01,0.0,0.0,0.0,0.0,0.0,0.0,0.0,0.0,0.0,0.0,0.0,False,25
RNF128,0.001,0,0,0,18.0,18.0,18.0,,0.0,0.0,0.0,0.01,0.0,0.0,0.0,0.0,0.0,0.0,0.0,0.0,0.0,0.0,False,25
RPS6KA1,0.001,0,0,0,18.0,18.0,18.0,0.0,0.0,0.0,0.01,0.0,0.0,0.0,0.0,0.0,0.0,0.0,0.0,0.0,0.0,0.0,False,25
SCRN2,0.001,0,0,0,18.0,18.0,18.0,1.0,0.0,0.0,0.0,0.0,0.0,0.0,0.0,0.01,0.0,0.0,0.0,0.0,0.0,0.0,False,25
SLC12A3,0.001,0,0,0,18.0,18.0,18.0,0.0,0.0,0.01,0.0,0.0,0.0,0.0,0.0,0.0,0.0,0.0,0.0,0.0,0.0,0.0,False,25
SLC12A8,0.001,0,0,0,18.0,18.0,18.0,1.0,0.0,0.0,0.01,0.0,0.0,0.0,0.0,0.0,0.0,0.0,0.0,0.0,0.0,0.0,False,25
SNHG17,0.001,0,0,0,18.0,18.0,18.0,1.0,0.0,0.0,0.01,0.0,0.0,0.0,0.0,0.0,0.0,0.0,0.0,0.0,0.0,0.0,False,25
SPATA1,0.001,0,0,0,18.0,18.0,18.0,,0.0,0.0,0.0,0.01,0.0,0.0,0.0,0.0,0.0,0.0,0.0,0.0,0.0,0.0,False,25
TARBP1,0.001,0,0,0,18.0,18.0,18.0,0.0,0.0,0.0,0.01,0.0,0.0,0.0,0.0,0.0,0.0,0.0,0.0,0.0,0.0,0.0,False,25
TNNI3K,0.001,0,0,0,18.0,18.0,18.0,,0.0,0.0,0.0,0.01,0.0,0.0,0.0,0.0,0.0,0.0,0.0,0.0,0.0,0.0,False,25
XPR1,0.001,0,0,0,18.0,18.0,18.0,1.0,0.0,0.0,0.01,0.0,0.0,0.0,0.0,0.0,0.0,0.0,0.0,0.0,0.0,0.0,False,25
ZNF484,0.001,0,0,0,18.0,18.0,18.0,1.0,0.0,0.01,0.0,0.0,0.0,0.0,0.0,0.0,0.0,0.0,0.0,0.0,0.0,0.0,False,25
C11orf96,0.001,0,0,0,19.0,19.0,19.0,1.0,0.0,0.0,0.01,0.0,0.0,0.0,0.0,0.0,0.0,0.0,0.0,0.0,0.0,0.0,False,25
CA2,0.001,0,0,0,19.0,19.0,19.0,0.0,0.0,0.0,0.01,0.0,0.0,0.0,0.0,0.0,0.0,0.0,0.0,0.0,0.0,0.0,False,25
CDCA3,0.001,0,0,0,19.0,19.0,19.0,,0.0,0.0,0.0,0.0,0.0,0.0,0.0,0.0,0.01,0.0,0.0,0.0,0.0,0.0,False,25
CEP78,0.001,0,0,0,19.0,19.0,19.0,0.0,0.0,0.0,0.01,0.0,0.0,0.0,0.0,0.0,0.0,0.0,0.0,0.0,0.0,0.0,False,25
CYP4F62P,0.001,0,0,0,19.0,19.0,19.0,,0.0,0.0,0.0,0.01,0.0,0.0,0.0,0.0,0.0,0.0,0.0,0.0,0.0,0.0,False,25
DECR1,0.001,0,0,0,19.0,19.0,19.0,,0.0,0.0,0.0,0.01,0.0,0.0,0.0,0.0,0.0,0.0,0.0,0.0,0.0,0.0,False,25
EDN3,0.001,0,0,0,19.0,19.0,19.0,1.0,0.0,0.01,0.0,0.0,0.0,0.0,0.0,0.0,0.0,0.0,0.0,0.0,0.0,0.0,False,25
FAM168A,0.001,0,0,0,19.0,19.0,19.0,1.0,0.0,0.0,0.01,0.0,0.0,0.0,0.0,0.0,0.0,0.0,0.0,0.0,0.0,0.0,False,25
FAM19A4,0.001,0,0,0,19.0,19.0,19.0,,0.0,0.0,0.0,0.01,0.0,0.0,0.0,0.0,0.0,0.0,0.0,0.0,0.0,0.0,False,25
GTF2H2B,0.001,0,0,0,19.0,19.0,19.0,0.0,0.0,0.0,0.01,0.0,0.0,0.0,0.0,0.0,0.0,0.0,0.0,0.0,0.0,0.0,False,25
ID2-AS1,0.001,0,0,0,19.0,19.0,19.0,0.0,0.0,0.01,0.0,0.0,0.0,0.0,0.0,0.0,0.0,0.0,0.0,0.0,0.0,0.0,False,25
IDI1,0.001,0,0,0,19.0,19.0,19.0,0.0,0.0,0.0,0.01,0.0,0.0,0.0,0.0,0.0,0.0,0.0,0.0,0.0,0.0,0.0,False,25
IQGAP3,0.001,0,0,0,19.0,19.0,19.0,0.95,0.19,0.0,0.01,0.0,0.0,0.0,0.0,0.0,0.0,0.0,0.0,0.0,0.0,0.19,False,25
KIAA1755,0.001,0,0,0,19.0,19.0,19.0,,0.0,0.0,0.0,0.01,0.0,0.0,0.0,0.0,0.0,0.0,0.0,0.0,0.0,0.0,False,25
LOC100128554,0.001,0,0,0,19.0,19.0,19.0,0.0,0.0,0.01,0.0,0.0,0.0,0.0,0.0,0.0,0.0,0.0,0.0,0.0,0.0,0.0,False,25
LOC100508631,0.001,0,0,0,19.0,19.0,19.0,,0.0,0.0,0.0,0.01,0.0,0.0,0.0,0.0,0.0,0.0,0.0,0.0,0.0,0.0,False,25
LOC100996694,0.001,0,0,0,19.0,19.0,19.0,0.0,0.0,0.01,0.0,0.0,0.0,0.0,0.0,0.0,0.0,0.0,0.0,0.0,0.0,0.0,False,25
LOC101929210,0.001,0,0,0,19.0,19.0,19.0,0.0,0.0,0.01,0.0,0.0,0.0,0.0,0.0,0.0,0.0,0.0,0.0,0.01,0.0,0.0,False,25
LOC105377276,0.001,0,0,0,19.0,19.0,19.0,,0.0,0.0,0.0,0.01,0.0,0.0,0.0,0.0,0.0,0.0,0.0,0.0,0.0,0.0,False,25
LOC390705,0.001,0,0,0,19.0,19.0,19.0,,0.0,0.0,0.0,0.01,0.0,0.0,0.0,0.0,0.0,0.0,0.0,0.0,0.0,0.0,False,25
MAN1C1,0.001,0,0,0,19.0,19.0,19.0,0.0,0.0,0.0,0.01,0.0,0.0,0.0,0.0,0.0,0.0,0.0,0.0,0.0,0.0,0.0,False,25
MARCH3,0.001,0,0,0,19.0,19.0,19.0,,0.0,0.0,0.0,0.01,0.0,0.0,0.0,0.0,0.0,0.0,0.0,0.0,0.0,0.0,False,25
NAV2-AS5,0.001,0,0,0,19.0,19.0,19.0,0.0,0.0,0.01,0.0,0.0,0.0,0.0,0.0,0.0,0.0,0.0,0.0,0.0,0.0,0.0,False,25
POLR1C,0.001,0,0,0,19.0,19.0,19.0,,0.0,0.0,0.0,0.0,0.0,0.0,0.0,0.0,0.01,0.0,0.0,0.0,0.0,0.0,False,25
RAB33A,0.001,0,0,0,19.0,19.0,19.0,,0.0,0.0,0.0,0.01,0.0,0.0,0.0,0.0,0.0,0.0,0.0,0.0,0.0,0.0,False,25
RAD18,0.001,0,0,0,19.0,19.0,19.0,1.0,0.0,0.01,0.0,0.0,0.0,0.0,0.0,0.0,0.0,0.0,0.0,0.0,0.0,0.0,False,25
RNF2,0.001,0,0,0,19.0,19.0,19.0,,0.0,0.0,0.0,0.01,0.0,0.0,0.0,0.0,0.0,0.0,0.0,0.0,0.0,0.0,False,25
SLC1A1,0.001,0,0,0,19.0,19.0,19.0,,0.0,0.0,0.0,0.01,0.0,0.0,0.0,0.0,0.0,0.0,0.0,0.0,0.0,0.0,False,25
SLC26A3,0.001,0,0,0,19.0,19.0,19.0,,0.0,0.0,0.0,0.01,0.0,0.0,0.0,0.0,0.0,0.0,0.0,0.0,0.0,0.0,False,25
SLC39A11,0.001,0,0,0,19.0,19.0,19.0,1.0,0.0,0.0,0.01,0.0,0.0,0.0,0.0,0.0,0.0,0.0,0.0,0.0,0.0,0.0,False,25
SPAG5,0.001,0,0,0,19.0,19.0,19.0,1.0,0.0,0.0,0.0,0.0,0.0,0.0,0.0,0.01,0.0,0.0,0.0,0.0,0.0,0.0,False,25
SPTB,0.001,0,0,0,19.0,19.0,19.0,,0.0,0.0,0.0,0.01,0.0,0.0,0.0,0.0,0.0,0.0,0.0,0.0,0.0,0.0,False,25
TERF2IP,0.001,0,0,0,19.0,19.0,19.0,,0.0,0.0,0.0,0.01,0.0,0.0,0.0,0.0,0.0,0.0,0.0,0.0,0.0,0.0,False,25
TMEM52B,0.001,0,0,0,19.0,19.0,19.0,,0.0,0.0,0.0,0.01,0.0,0.0,0.0,0.0,0.0,0.0,0.0,0.0,0.0,0.0,False,25
TNXB,0.001,0,0,0,19.0,19.0,19.0,,0.0,0.0,0.0,0.01,0.0,0.0,0.0,0.0,0.0,0.0,0.0,0.0,0.0,0.0,False,25
UGT3A1,0.001,0,0,0,19.0,19.0,19.0,,0.0,0.0,0.0,0.01,0.0,0.0,0.0,0.0,0.0,0.0,0.0,0.0,0.0,0.0,False,25
ZNF547,0.001,0,0,0,19.0,19.0,19.0,0.0,0.0,0.0,0.01,0.0,0.0,0.0,0.0,0.0,0.0,0.0,0.0,0.0,0.0,0.0,False,25
ALS2,0.001,0,0,0,20.0,20.0,20.0,1.0,0.0,0.0,0.0,0.0,0.0,0.01,0.0,0.0,0.0,0.0,0.0,0.0,0.0,0.0,False,25
ANP32B,0.001,0,0,0,20.0,20.0,20.0,,0.0,0.0,0.0,0.01,0.0,0.0,0.0,0.0,0.0,0.0,0.0,0.0,0.0,0.0,False,25
APOBEC1,0.001,0,0,0,20.0,20.0,20.0,,0.0,0.0,0.0,0.01,0.0,0.0,0.0,0.0,0.0,0.0,0.0,0.0,0.0,0.0,False,25
CASP10,0.001,0,0,0,20.0,20.0,20.0,0.0,0.0,0.01,0.0,0.0,0.0,0.0,0.0,0.0,0.0,0.0,0.0,0.0,0.0,0.0,False,25
CGRRF1,0.001,0,0,0,20.0,20.0,20.0,1.0,0.0,0.0,0.0,0.0,0.0,0.0,0.0,0.01,0.0,0.0,0.0,0.0,0.0,0.0,False,25
CMTM8,0.001,0,0,0,20.0,20.0,20.0,0.0,0.0,0.0,0.01,0.0,0.0,0.0,0.0,0.0,0.0,0.0,0.0,0.0,0.0,0.0,False,25
CST2,0.001,0,0,0,20.0,20.0,20.0,1.0,0.0,0.01,0.0,0.0,0.0,0.0,0.0,0.0,0.0,0.0,0.0,0.0,0.0,0.0,False,25
CTD-2194D22.4,0.001,0,0,0,20.0,20.0,20.0,0.0,0.0,0.01,0.0,0.0,0.0,0.0,0.0,0.0,0.0,0.0,0.0,0.0,0.0,0.0,False,25
CYP26A1,0.001,0,0,0,20.0,20.0,20.0,1.0,0.0,0.01,0.0,0.0,0.0,0.0,0.0,0.0,0.0,0.0,0.0,0.0,0.0,0.0,False,25
DISC1,0.001,0,0,0,20.0,20.0,20.0,0.0,0.0,0.01,0.0,0.0,0.0,0.0,0.0,0.0,0.0,0.0,0.0,0.01,0.0,0.0,False,25
DRC1,0.001,0,0,0,20.0,20.0,20.0,0.0,0.0,0.01,0.0,0.0,0.0,0.0,0.0,0.0,0.0,0.0,0.0,0.01,0.0,0.0,False,25
DTWD2,0.001,0,0,0,20.0,20.0,20.0,,0.0,0.0,0.0,0.01,0.0,0.0,0.0,0.0,0.0,0.0,0.0,0.0,0.0,0.0,False,25
FN1,0.001,0,0,0,20.0,20.0,20.0,1.0,0.0,0.0,0.01,0.0,0.0,0.0,0.0,0.0,0.0,0.0,0.0,0.0,0.0,0.0,False,25
FRMD6-AS1,0.001,0,0,0,20.0,20.0,20.0,,0.0,0.0,0.0,0.01,0.0,0.0,0.0,0.0,0.0,0.0,0.0,0.0,0.0,0.0,False,25
GMDS-AS1,0.001,0,0,0,20.0,20.0,20.0,,0.0,0.0,0.0,0.01,0.0,0.0,0.0,0.0,0.0,0.0,0.0,0.0,0.0,0.0,False,25
GNB5,0.001,0,0,0,20.0,20.0,20.0,1.0,0.0,0.0,0.01,0.0,0.0,0.0,0.0,0.0,0.0,0.0,0.0,0.0,0.0,0.0,False,25
HIST1H2APS5,0.001,0,0,0,20.0,20.0,20.0,1.0,0.0,0.01,0.0,0.0,0.0,0.0,0.0,0.0,0.0,0.0,0.0,0.0,0.0,0.0,False,25
KIF11,0.001,0,0,0,20.0,20.0,20.0,1.0,0.05,0.0,0.0,0.0,0.0,0.0,0.0,0.01,0.0,0.0,0.0,0.0,0.0,0.05,False,25
LINC00588,0.001,0,0,0,20.0,20.0,20.0,0.0,0.0,0.01,0.0,0.0,0.0,0.0,0.0,0.0,0.0,0.0,0.0,0.0,0.0,0.0,False,25
LOC100128281,0.001,0,0,0,20.0,20.0,20.0,,0.0,0.0,0.0,0.01,0.0,0.0,0.0,0.0,0.0,0.0,0.0,0.0,0.0,0.0,False,25
LOC101928995,0.001,0,0,0,20.0,20.0,20.0,0.0,0.0,0.01,0.0,0.0,0.0,0.0,0.0,0.0,0.0,0.0,0.0,0.0,0.0,0.0,False,25
LOC102723692,0.001,0,0,0,20.0,20.0,20.0,,0.0,0.0,0.0,0.01,0.0,0.0,0.0,0.0,0.0,0.0,0.0,0.0,0.0,0.0,False,25
LOC221122,0.001,0,0,0,20.0,20.0,20.0,,0.0,0.0,0.0,0.01,0.0,0.0,0.0,0.0,0.0,0.0,0.0,0.0,0.0,0.0,False,25
LYRM1,0.001,0,0,0,20.0,20.0,20.0,,0.0,0.0,0.0,0.01,0.0,0.0,0.0,0.0,0.0,0.0,0.0,0.0,0.0,0.0,False,25
MCAM,0.001,0,0,0,20.0,20.0,20.0,1.0,0.0,0.0,0.0,0.0,0.0,0.0,0.0,0.01,0.0,0.0,0.0,0.0,0.0,0.0,False,25
MUC3B,0.001,0,0,0,20.0,20.0,20.0,,0.0,0.0,0.0,0.01,0.0,0.0,0.0,0.0,0.0,0.0,0.0,0.0,0.0,0.0,False,25
NPNT,0.001,0,0,0,20.0,20.0,20.0,1.0,0.06,0.0,0.01,0.0,0.0,0.0,0.0,0.0,0.0,0.0,0.0,0.0,0.0,0.06,False,25
NUF2,0.001,0,0,0,20.0,20.0,20.0,1.0,0.02,0.0,0.0,0.0,0.0,0.0,0.0,0.0,0.01,0.0,0.0,0.0,0.0,0.02,False,25
ODF2,0.001,0,0,0,20.0,20.0,20.0,,0.0,0.0,0.0,0.0,0.0,0.0,0.0,0.0,0.01,0.0,0.0,0.0,0.0,0.0,False,25
PABPC5,0.001,0,0,0,20.0,20.0,20.0,0.0,0.0,0.01,0.0,0.0,0.0,0.0,0.0,0.0,0.0,0.0,0.0,0.0,0.0,0.0,False,25
PBK,0.001,0,0,0,20.0,20.0,20.0,,0.0,0.0,0.0,0.0,0.0,0.0,0.0,0.0,0.01,0.0,0.0,0.0,0.0,0.0,False,25
PLIN5,0.001,0,0,0,20.0,20.0,20.0,1.0,0.0,0.0,0.0,0.0,0.0,0.01,0.0,0.0,0.0,0.0,0.0,0.0,0.0,0.0,False,25
PRSS16,0.001,0,0,0,20.0,20.0,20.0,0.0,0.0,0.0,0.01,0.0,0.0,0.0,0.0,0.0,0.0,0.0,0.0,0.0,0.0,0.0,False,25
RAD23B,0.001,0,0,0,20.0,20.0,20.0,,0.0,0.0,0.0,0.01,0.0,0.0,0.0,0.0,0.0,0.0,0.0,0.0,0.0,0.0,False,25
TBX2-AS1,0.001,0,0,0,20.0,20.0,20.0,0.0,0.0,0.0,0.01,0.0,0.0,0.0,0.0,0.0,0.0,0.0,0.0,0.0,0.0,0.0,False,25
TIMP4,0.001,0,0,0,20.0,20.0,20.0,0.0,0.0,0.0,0.01,0.0,0.0,0.0,0.0,0.0,0.0,0.0,0.0,0.0,0.0,0.0,False,25
TMEM134,0.001,0,0,0,20.0,20.0,20.0,1.0,0.0,0.0,0.01,0.0,0.0,0.0,0.0,0.0,0.0,0.0,0.0,0.0,0.0,0.0,False,25
ACER2,0.001,0,0,0,21.0,21.0,21.0,0.0,0.0,0.0,0.01,0.0,0.0,0.0,0.0,0.0,0.0,0.0,0.0,0.0,0.0,0.0,False,25
ANXA6,0.001,0,0,0,21.0,21.0,21.0,0.0,0.0,0.0,0.01,0.0,0.0,0.0,0.0,0.0,0.0,0.0,0.0,0.0,0.0,0.0,False,25
BMP2K,0.001,0,0,0,21.0,21.0,21.0,,0.0,0.0,0.0,0.01,0.0,0.0,0.0,0.0,0.0,0.0,0.0,0.0,0.0,0.0,False,25
C2CD4B,0.001,0,0,0,21.0,21.0,21.0,,0.0,0.0,0.0,0.01,0.0,0.0,0.0,0.0,0.0,0.0,0.0,0.0,0.0,0.0,False,25
C9orf47,0.001,0,0,0,21.0,21.0,21.0,0.0,0.0,0.01,0.0,0.0,0.0,0.0,0.0,0.0,0.0,0.0,0.0,0.0,0.0,0.0,False,25
CCDC168,0.001,0,0,0,21.0,21.0,21.0,,0.0,0.0,0.0,0.01,0.0,0.0,0.0,0.0,0.0,0.0,0.0,0.0,0.0,0.0,False,25
CCDC69,0.001,0,0,0,21.0,21.0,21.0,0.0,0.01,0.0,0.0,0.0,0.0,0.0,0.0,0.0,0.01,0.0,0.0,0.0,0.0,0.01,False,25
CRYGN,0.001,0,0,0,21.0,21.0,21.0,0.0,0.0,0.01,0.0,0.0,0.0,0.0,0.0,0.0,0.0,0.0,0.0,0.0,0.0,0.0,False,25
FAM13A,0.001,0,0,0,21.0,21.0,21.0,1.0,0.0,0.0,0.0,0.0,0.0,0.0,0.0,0.01,0.0,0.0,0.0,0.0,0.0,0.0,False,25
FBXO16,0.001,0,0,0,21.0,21.0,21.0,0.0,0.0,0.0,0.01,0.0,0.0,0.0,0.0,0.0,0.0,0.0,0.0,0.0,0.0,0.0,False,25
FGF5,0.001,0,0,0,21.0,21.0,21.0,0.0,0.0,0.01,0.0,0.0,0.0,0.0,0.0,0.0,0.0,0.0,0.0,0.0,0.0,0.0,False,25
IFI27L1,0.001,0,0,0,21.0,21.0,21.0,0.0,0.0,0.0,0.01,0.0,0.0,0.0,0.0,0.0,0.0,0.0,0.0,0.0,0.0,0.0,False,25
INPPL1,0.001,0,0,0,21.0,21.0,21.0,,0.0,0.0,0.0,0.0,0.0,0.0,0.0,0.0,0.01,0.0,0.0,0.0,0.0,0.0,False,25
ITIH3,0.001,0,0,0,21.0,21.0,21.0,,0.0,0.0,0.0,0.01,0.0,0.0,0.0,0.0,0.0,0.0,0.0,0.0,0.0,0.0,False,25
KCNS1,0.001,0,0,0,21.0,21.0,21.0,,0.0,0.0,0.0,0.01,0.0,0.0,0.0,0.0,0.0,0.0,0.0,0.0,0.0,0.0,False,25
KRTCAP3,0.001,0,0,0,21.0,21.0,21.0,0.0,0.0,0.0,0.01,0.0,0.0,0.0,0.0,0.0,0.0,0.0,0.0,0.0,0.0,0.0,False,25
LARP7,0.001,0,0,0,21.0,21.0,21.0,1.0,0.0,0.0,0.0,0.0,0.0,0.0,0.0,0.01,0.0,0.0,0.0,0.0,0.0,0.0,False,25
LOC100506016,0.001,0,0,0,21.0,21.0,21.0,,0.0,0.0,0.0,0.01,0.0,0.0,0.0,0.0,0.0,0.0,0.0,0.0,0.0,0.0,False,25
LOC105371708,0.001,0,0,0,21.0,21.0,21.0,,0.0,0.0,0.0,0.01,0.0,0.0,0.0,0.0,0.0,0.0,0.0,0.0,0.0,0.0,False,25
MAPK13,0.001,0,0,0,21.0,21.0,21.0,0.0,0.0,0.0,0.01,0.0,0.0,0.0,0.0,0.0,0.0,0.0,0.0,0.0,0.0,0.0,False,25
PAGR1,0.001,0,0,0,21.0,21.0,21.0,0.5,0.01,0.0,0.01,0.0,0.0,0.0,0.0,0.0,0.0,0.0,0.0,0.0,0.0,0.01,False,25
PLAC9,0.001,0,0,0,21.0,21.0,21.0,1.0,0.0,0.0,0.0,0.0,0.0,0.0,0.0,0.01,0.0,0.0,0.0,0.0,0.0,0.0,False,25
PLK2,0.001,0,0,0,21.0,21.0,21.0,0.0,0.0,0.0,0.01,0.0,0.0,0.0,0.0,0.0,0.0,0.0,0.0,0.0,0.0,0.0,False,25
PPP1R1C,0.001,0,0,0,21.0,21.0,21.0,,0.0,0.0,0.0,0.01,0.0,0.0,0.0,0.0,0.0,0.0,0.0,0.0,0.0,0.0,False,25
RIMKLB,0.001,0,0,0,21.0,21.0,21.0,0.0,0.0,0.0,0.01,0.0,0.0,0.0,0.0,0.0,0.0,0.0,0.0,0.0,0.0,0.0,False,25
SLC25A13,0.001,0,0,0,21.0,21.0,21.0,,0.0,0.0,0.0,0.0,0.0,0.0,0.0,0.0,0.01,0.0,0.0,0.0,0.0,0.0,False,25
SNTG2,0.001,0,0,0,21.0,21.0,21.0,0.0,0.0,0.01,0.0,0.0,0.0,0.0,0.0,0.0,0.0,0.0,0.0,0.0,0.0,0.0,False,25
SORCS2,0.001,0,0,0,21.0,21.0,21.0,,0.0,0.0,0.0,0.01,0.0,0.0,0.0,0.0,0.0,0.0,0.0,0.0,0.0,0.0,False,25
SPTLC3,0.001,0,0,0,21.0,21.0,21.0,,0.0,0.0,0.0,0.01,0.0,0.0,0.0,0.0,0.0,0.0,0.0,0.0,0.0,0.0,False,25
SPTY2D1-AS1,0.001,0,0,0,21.0,21.0,21.0,0.0,0.0,0.0,0.01,0.0,0.0,0.0,0.0,0.0,0.0,0.0,0.0,0.0,0.0,0.0,False,25
TF,0.001,0,0,0,21.0,21.0,21.0,1.0,0.0,0.0,0.01,0.0,0.0,0.0,0.0,0.0,0.0,0.0,0.0,0.0,0.0,0.0,False,25
TIAM1,0.001,0,0,0,21.0,21.0,21.0,1.0,0.0,0.0,0.01,0.0,0.0,0.0,0.0,0.0,0.0,0.0,0.0,0.0,0.0,0.0,False,25
YPEL4,0.001,0,0,0,21.0,21.0,21.0,,0.0,0.0,0.0,0.01,0.0,0.0,0.0,0.0,0.0,0.0,0.0,0.0,0.0,0.0,False,25
ZAK,0.001,0,0,0,21.0,21.0,21.0,1.0,0.0,0.0,0.01,0.0,0.0,0.0,0.0,0.0,0.0,0.0,0.0,0.0,0.0,0.0,False,25
ZFHX4-AS1,0.001,0,0,0,21.0,21.0,21.0,1.0,0.0,0.0,0.01,0.0,0.0,0.0,0.0,0.0,0.0,0.0,0.0,0.0,0.0,0.0,False,25
ZNF365,0.001,0,0,0,21.0,21.0,21.0,1.0,0.0,0.01,0.0,0.0,0.0,0.0,0.0,0.0,0.0,0.0,0.0,0.0,0.0,0.0,False,25
ZNF528,0.001,0,0,0,21.0,21.0,21.0,,0.0,0.0,0.0,0.01,0.0,0.0,0.0,0.0,0.0,0.0,0.0,0.0,0.0,0.0,False,25
ZNRF1,0.001,0,0,0,21.0,21.0,21.0,,0.0,0.0,0.0,0.0,0.0,0.0,0.0,0.0,0.01,0.0,0.0,0.0,0.0,0.0,False,25
ADAM12,0.001,0,0,0,22.0,22.0,22.0,,0.0,0.0,0.0,0.01,0.0,0.0,0.0,0.0,0.0,0.0,0.0,0.0,0.0,0.0,False,25
ADCY5,0.001,0,0,0,22.0,22.0,22.0,,0.0,0.0,0.0,0.01,0.0,0.0,0.0,0.0,0.0,0.0,0.0,0.0,0.0,0.0,False,25
ADRB2,0.001,0,0,0,22.0,22.0,22.0,1.0,0.0,0.0,0.01,0.0,0.0,0.0,0.0,0.0,0.0,0.0,0.0,0.0,0.0,0.0,False,25
BTBD11,0.001,0,0,0,22.0,22.0,22.0,,0.0,0.0,0.0,0.01,0.0,0.0,0.0,0.0,0.0,0.0,0.0,0.0,0.0,0.0,False,25
CCL11,0.001,0,0,0,22.0,22.0,22.0,1.0,0.0,0.01,0.0,0.0,0.0,0.0,0.0,0.0,0.0,0.0,0.0,0.0,0.0,0.0,False,25
CDK1,0.001,0,0,0,22.0,22.0,22.0,1.0,0.01,0.0,0.0,0.0,0.0,0.0,0.0,0.0,0.01,0.0,0.0,0.0,0.0,0.01,False,25
CLEC1A,0.001,0,0,0,22.0,22.0,22.0,0.0,0.0,0.01,0.0,0.0,0.0,0.0,0.0,0.0,0.0,0.0,0.0,0.0,0.0,0.0,False,25
COPS2,0.001,0,0,0,22.0,22.0,22.0,,0.0,0.0,0.0,0.01,0.0,0.0,0.0,0.0,0.0,0.0,0.0,0.0,0.0,0.0,False,25
CREB3L4,0.001,0,0,0,22.0,22.0,22.0,1.0,0.0,0.0,0.0,0.0,0.0,0.0,0.0,0.01,0.0,0.0,0.0,0.0,0.0,0.0,False,25
CTNNAL1,0.001,0,0,0,22.0,22.0,22.0,0.0,0.0,0.0,0.01,0.0,0.0,0.0,0.0,0.0,0.0,0.0,0.0,0.0,0.0,0.0,False,25
DRP2,0.001,0,0,0,22.0,22.0,22.0,1.0,0.0,0.01,0.0,0.0,0.0,0.0,0.0,0.0,0.0,0.0,0.0,0.0,0.0,0.0,False,25
ECM2,0.001,0,0,0,22.0,22.0,22.0,1.0,0.0,0.0,0.0,0.0,0.0,0.0,0.0,0.01,0.0,0.0,0.0,0.0,0.0,0.0,False,25
FAM166A,0.001,0,0,0,22.0,22.0,22.0,,0.0,0.0,0.0,0.01,0.0,0.0,0.0,0.0,0.0,0.0,0.0,0.0,0.0,0.0,False,25
FOXB1,0.001,0,0,0,22.0,22.0,22.0,,0.0,0.0,0.0,0.01,0.0,0.0,0.0,0.0,0.0,0.0,0.0,0.0,0.0,0.0,False,25
GFRA2,0.001,0,0,0,22.0,22.0,22.0,0.0,0.0,0.0,0.0,0.01,0.0,0.0,0.0,0.0,0.0,0.0,0.0,0.07,0.0,0.0,False,25
GPR146,0.001,0,0,0,22.0,22.0,22.0,1.0,0.0,0.0,0.0,0.0,0.0,0.0,0.0,0.01,0.0,0.0,0.0,0.0,0.0,0.0,False,25
GSTTP1,0.001,0,0,0,22.0,22.0,22.0,,0.0,0.0,0.0,0.01,0.0,0.0,0.0,0.0,0.0,0.0,0.0,0.0,0.0,0.0,False,25
HCRTR2,0.001,0,0,0,22.0,22.0,22.0,0.0,0.0,0.01,0.0,0.0,0.0,0.0,0.0,0.0,0.0,0.0,0.0,0.0,0.0,0.0,False,25
IGFBP6,0.001,0,0,0,22.0,22.0,22.0,1.0,0.0,0.0,0.0,0.0,0.0,0.0,0.0,0.01,0.0,0.0,0.0,0.0,0.0,0.0,False,25
IGSF21,0.001,0,0,0,22.0,22.0,22.0,,0.0,0.0,0.0,0.01,0.0,0.0,0.0,0.0,0.0,0.0,0.0,0.0,0.0,0.0,False,25
IRF6,0.001,0,0,0,22.0,22.0,22.0,1.0,0.0,0.0,0.0,0.0,0.0,0.0,0.0,0.01,0.0,0.0,0.0,0.0,0.0,0.0,False,25
LOC100506258,0.001,0,0,0,22.0,22.0,22.0,,0.0,0.0,0.0,0.01,0.0,0.0,0.0,0.0,0.0,0.0,0.0,0.0,0.0,0.0,False,25
LOC101928429,0.001,0,0,0,22.0,22.0,22.0,1.0,0.0,0.0,0.0,0.01,0.0,0.0,0.0,0.0,0.0,0.0,0.0,0.0,0.04,0.0,False,25
LOC101928510,0.001,0,0,0,22.0,22.0,22.0,,0.0,0.0,0.0,0.01,0.0,0.0,0.0,0.0,0.0,0.0,0.0,0.0,0.0,0.0,False,25
LOC105371920,0.001,0,0,0,22.0,22.0,22.0,,0.0,0.0,0.0,0.01,0.0,0.0,0.0,0.0,0.0,0.0,0.0,0.0,0.0,0.0,False,25
LOC157740,0.001,0,0,0,22.0,22.0,22.0,,0.0,0.0,0.0,0.01,0.0,0.0,0.0,0.0,0.0,0.0,0.0,0.0,0.0,0.0,False,25
LOC388692,0.001,0,0,0,22.0,22.0,22.0,0.0,0.0,0.0,0.01,0.0,0.0,0.0,0.0,0.0,0.0,0.0,0.0,0.0,0.0,0.0,False,25
LOC646522,0.001,0,0,0,22.0,22.0,22.0,,0.0,0.0,0.0,0.01,0.0,0.0,0.0,0.0,0.0,0.0,0.0,0.0,0.0,0.0,False,25
MDFIC,0.001,0,0,0,22.0,22.0,22.0,1.0,0.0,0.0,0.0,0.0,0.0,0.0,0.0,0.01,0.0,0.0,0.0,0.0,0.0,0.0,False,25
MESP1,0.001,0,0,0,22.0,22.0,22.0,1.0,0.0,0.0,0.01,0.0,0.0,0.0,0.0,0.0,0.0,0.0,0.0,0.0,0.0,0.0,False,25
MYOZ1,0.001,0,0,0,22.0,22.0,22.0,,0.0,0.0,0.0,0.01,0.0,0.0,0.0,0.0,0.0,0.0,0.0,0.0,0.0,0.0,False,25
ND2,0.001,0,0,0,22.0,22.0,22.0,,0.0,0.0,0.0,0.01,0.0,0.0,0.0,0.0,0.0,0.0,0.0,0.0,0.0,0.0,False,25
POU2F3,0.001,0,0,0,22.0,22.0,22.0,1.0,0.0,0.0,0.01,0.0,0.0,0.0,0.0,0.0,0.0,0.0,0.0,0.0,0.0,0.0,False,25
PRPF40A,0.001,0,0,0,22.0,22.0,22.0,1.0,0.0,0.0,0.01,0.0,0.0,0.0,0.0,0.0,0.0,0.0,0.0,0.0,0.0,0.0,False,25
RAB3IL1,0.001,0,0,0,22.0,22.0,22.0,,0.0,0.0,0.0,0.01,0.0,0.0,0.0,0.0,0.0,0.0,0.0,0.0,0.0,0.0,False,25
RANBP17,0.001,0,0,0,22.0,22.0,22.0,0.0,0.0,0.0,0.01,0.0,0.0,0.0,0.0,0.0,0.0,0.0,0.0,0.0,0.0,0.0,False,25
RFC1,0.001,0,0,0,22.0,22.0,22.0,,0.0,0.0,0.0,0.01,0.0,0.0,0.0,0.0,0.0,0.0,0.0,0.0,0.0,0.0,False,25
SYCN,0.001,0,0,0,22.0,22.0,22.0,0.0,0.0,0.01,0.0,0.0,0.0,0.0,0.0,0.0,0.0,0.0,0.0,0.0,0.0,0.0,False,25
TAS2R38,0.001,0,0,0,22.0,22.0,22.0,0.0,0.0,0.01,0.0,0.0,0.0,0.0,0.0,0.0,0.0,0.0,0.0,0.01,0.0,0.0,False,25
TBX2,0.001,0,0,0,22.0,22.0,22.0,0.0,0.0,0.0,0.01,0.0,0.0,0.0,0.0,0.0,0.0,0.0,0.0,0.0,0.0,0.0,False,25
TJP3,0.001,0,0,0,22.0,22.0,22.0,0.75,0.03,0.0,0.01,0.0,0.0,0.0,0.0,0.0,0.0,0.0,0.0,0.0,0.0,0.03,False,25
VAT1L,0.001,0,0,0,22.0,22.0,22.0,1.0,0.0,0.01,0.0,0.0,0.0,0.0,0.0,0.0,0.0,0.0,0.0,0.0,0.0,0.0,False,25
ZFPM2,0.001,0,0,0,22.0,22.0,22.0,1.0,0.0,0.0,0.0,0.0,0.0,0.0,0.0,0.01,0.0,0.0,0.0,0.0,0.0,0.0,False,25
ADGRL3,0.001,0,0,0,23.0,23.0,23.0,,0.0,0.0,0.0,0.01,0.0,0.0,0.0,0.0,0.0,0.0,0.0,0.0,0.0,0.0,False,25
AMMECR1,0.001,0,0,0,23.0,23.0,23.0,1.0,0.0,0.0,0.01,0.0,0.0,0.0,0.0,0.0,0.0,0.0,0.0,0.0,0.0,0.0,False,25
ATP7B,0.001,0,0,0,23.0,23.0,23.0,,0.0,0.0,0.0,0.01,0.0,0.0,0.0,0.0,0.0,0.0,0.0,0.0,0.0,0.0,False,25
CDCA4,0.001,0,0,0,23.0,23.0,23.0,,0.0,0.0,0.0,0.0,0.0,0.0,0.0,0.0,0.01,0.0,0.0,0.0,0.0,0.0,False,25
CEL,0.001,0,0,0,23.0,23.0,23.0,0.0,0.0,0.01,0.0,0.0,0.0,0.0,0.0,0.0,0.0,0.0,0.0,0.0,0.0,0.0,False,25
CEMIP,0.001,0,0,0,23.0,23.0,23.0,,0.0,0.0,0.0,0.01,0.0,0.0,0.0,0.0,0.0,0.0,0.0,0.0,0.0,0.0,False,25
CKMT2,0.001,0,0,0,23.0,23.0,23.0,,0.0,0.0,0.0,0.0,0.0,0.0,0.01,0.0,0.0,0.0,0.0,0.0,0.0,0.0,False,25
CYP27A1,0.001,0,0,0,23.0,23.0,23.0,,0.0,0.0,0.0,0.01,0.0,0.0,0.0,0.0,0.0,0.0,0.0,0.0,0.0,0.0,False,25
DCSTAMP,0.001,0,0,0,23.0,23.0,23.0,1.0,0.0,0.0,0.0,0.01,0.0,0.0,0.0,0.0,0.0,0.0,0.0,0.0,0.01,0.0,False,25
DNAJB7,0.001,0,0,0,23.0,23.0,23.0,,0.0,0.0,0.0,0.01,0.0,0.0,0.0,0.0,0.0,0.0,0.0,0.0,0.0,0.0,False,25
EIF2B3,0.001,0,0,0,23.0,23.0,23.0,,0.0,0.0,0.0,0.01,0.0,0.0,0.0,0.0,0.0,0.0,0.0,0.0,0.0,0.0,False,25
EPB41L2,0.001,0,0,0,23.0,23.0,23.0,0.5,0.01,0.0,0.0,0.0,0.0,0.0,0.0,0.01,0.0,0.0,0.0,0.0,0.0,0.01,False,25
ERICH6,0.001,0,0,0,23.0,23.0,23.0,0.0,0.0,0.01,0.0,0.0,0.0,0.0,0.0,0.0,0.0,0.0,0.0,0.0,0.0,0.0,False,25
GBA3,0.001,0,0,0,23.0,23.0,23.0,,0.0,0.0,0.0,0.01,0.0,0.0,0.0,0.0,0.0,0.0,0.0,0.0,0.0,0.0,False,25
GPM6A,0.001,0,0,0,23.0,23.0,23.0,0.0,0.0,0.01,0.0,0.0,0.0,0.0,0.0,0.0,0.0,0.0,0.0,0.0,0.0,0.0,False,25
GPR65,0.001,0,0,0,23.0,23.0,23.0,,0.0,0.0,0.0,0.01,0.0,0.0,0.0,0.0,0.0,0.0,0.0,0.0,0.0,0.0,False,25
IPO9,0.001,0,0,0,23.0,23.0,23.0,,0.0,0.0,0.0,0.0,0.0,0.0,0.0,0.0,0.01,0.0,0.0,0.0,0.0,0.0,False,25
KIR2DL3,0.001,0,0,0,23.0,23.0,23.0,,0.0,0.0,0.0,0.01,0.0,0.0,0.0,0.0,0.0,0.0,0.0,0.0,0.0,0.0,False,25
LILRB4,0.001,0,0,0,23.0,23.0,23.0,,0.0,0.0,0.0,0.01,0.0,0.0,0.0,0.0,0.0,0.0,0.0,0.0,0.0,0.0,False,25
LIN9,0.001,0,0,0,23.0,23.0,23.0,,0.0,0.0,0.0,0.01,0.0,0.0,0.0,0.0,0.0,0.0,0.0,0.0,0.0,0.0,False,25
LINC00266-1,0.001,0,0,0,23.0,23.0,23.0,,0.0,0.0,0.0,0.01,0.0,0.0,0.0,0.0,0.0,0.0,0.0,0.0,0.0,0.0,False,25
LINC00314,0.001,0,0,0,23.0,23.0,23.0,,0.0,0.0,0.0,0.01,0.0,0.0,0.0,0.0,0.0,0.0,0.0,0.0,0.0,0.0,False,25
LOC100507461,0.001,0,0,0,23.0,23.0,23.0,,0.0,0.0,0.0,0.01,0.0,0.0,0.0,0.0,0.0,0.0,0.0,0.0,0.0,0.0,False,25
LOC643733,0.001,0,0,0,23.0,23.0,23.0,,0.0,0.0,0.0,0.0,0.0,0.0,0.0,0.0,0.01,0.0,0.0,0.0,0.0,0.0,False,25
ME1,0.001,0,0,0,23.0,23.0,23.0,1.0,0.0,0.0,0.01,0.0,0.0,0.0,0.0,0.0,0.0,0.0,0.0,0.0,0.0,0.0,False,25
NAV3,0.001,0,0,0,23.0,23.0,23.0,0.0,0.0,0.0,0.01,0.0,0.0,0.0,0.0,0.0,0.0,0.0,0.0,0.0,0.0,0.0,False,25
PARD3B,0.001,0,0,0,23.0,23.0,23.0,1.0,0.0,0.0,0.0,0.0,0.0,0.01,0.0,0.0,0.0,0.0,0.0,0.0,0.0,0.0,False,25
PAX8-AS1,0.001,0,0,0,23.0,23.0,23.0,0.0,0.0,0.0,0.01,0.0,0.0,0.0,0.0,0.0,0.0,0.0,0.0,0.0,0.0,0.0,False,25
PHACTR2-AS1,0.001,0,0,0,23.0,23.0,23.0,0.0,0.0,0.01,0.0,0.0,0.0,0.0,0.0,0.0,0.0,0.0,0.0,0.0,0.0,0.0,False,25
PLIN2,0.001,0,0,0,23.0,23.0,23.0,,0.0,0.0,0.0,0.0,0.0,0.0,0.0,0.0,0.01,0.0,0.0,0.0,0.0,0.0,False,25
PLPP4,0.001,0,0,0,23.0,23.0,23.0,1.0,0.0,0.0,0.01,0.0,0.0,0.0,0.0,0.0,0.0,0.0,0.0,0.0,0.0,0.0,False,25
PRPF19,0.001,0,0,0,23.0,23.0,23.0,,0.0,0.0,0.0,0.0,0.0,0.0,0.0,0.0,0.01,0.0,0.0,0.0,0.0,0.0,False,25
RAB11B-AS1,0.001,0,0,0,23.0,23.0,23.0,1.0,0.0,0.0,0.01,0.0,0.0,0.0,0.0,0.0,0.0,0.0,0.0,0.0,0.0,0.0,False,25
RAD9B,0.001,0,0,0,23.0,23.0,23.0,0.0,0.0,0.01,0.0,0.0,0.0,0.0,0.0,0.0,0.0,0.0,0.0,0.01,0.0,0.0,False,25
RNU6-501P,0.001,0,0,0,23.0,23.0,23.0,0.0,0.0,0.01,0.0,0.0,0.0,0.0,0.0,0.0,0.0,0.0,0.0,0.0,0.0,0.0,False,25
SLC25A3P1,0.001,0,0,0,23.0,23.0,23.0,,0.0,0.0,0.0,0.01,0.0,0.0,0.0,0.0,0.0,0.0,0.0,0.0,0.0,0.0,False,25
ST7-AS1,0.001,0,0,0,23.0,23.0,23.0,0.0,0.0,0.01,0.0,0.0,0.0,0.0,0.0,0.0,0.0,0.0,0.0,0.0,0.0,0.0,False,25
STK35,0.001,0,0,0,23.0,23.0,23.0,1.0,0.0,0.0,0.0,0.0,0.0,0.0,0.0,0.0,0.0,0.01,0.0,0.0,0.0,0.0,False,25
STS,0.001,0,0,0,23.0,23.0,23.0,0.0,0.0,0.0,0.01,0.0,0.0,0.0,0.0,0.0,0.0,0.0,0.0,0.0,0.0,0.0,False,25
TMC4,0.001,0,0,0,23.0,23.0,23.0,1.0,0.02,0.0,0.0,0.0,0.0,0.0,0.0,0.0,0.01,0.0,0.0,0.0,0.0,0.02,False,25
TRAPPC10,0.001,0,0,0,23.0,23.0,23.0,1.0,0.0,0.0,0.01,0.0,0.0,0.0,0.0,0.0,0.0,0.0,0.0,0.0,0.0,0.0,False,25
TTLL13P,0.001,0,0,0,23.0,23.0,23.0,,0.0,0.0,0.0,0.01,0.0,0.0,0.0,0.0,0.0,0.0,0.0,0.0,0.0,0.0,False,25
YDJC,0.001,0,0,0,23.0,23.0,23.0,,0.0,0.0,0.0,0.0,0.0,0.0,0.0,0.0,0.01,0.0,0.0,0.0,0.0,0.0,False,25
ZNF587B,0.001,0,0,0,23.0,23.0,23.0,,0.0,0.0,0.0,0.0,0.0,0.0,0.0,0.0,0.01,0.0,0.0,0.0,0.0,0.0,False,25
ZNF620,0.001,0,0,0,23.0,23.0,23.0,1.0,0.0,0.01,0.0,0.0,0.0,0.0,0.0,0.0,0.0,0.0,0.0,0.0,0.0,0.0,False,25
AOX1,0.001,0,0,0,24.0,24.0,24.0,1.0,0.0,0.0,0.0,0.0,0.0,0.0,0.0,0.01,0.0,0.0,0.0,0.0,0.0,0.0,False,25
AZIN2,0.001,0,0,0,24.0,24.0,24.0,,0.0,0.0,0.0,0.0,0.0,0.0,0.0,0.0,0.0,0.0,0.01,0.0,0.0,0.0,False,25
C10orf10,0.001,0,0,0,24.0,24.0,24.0,1.0,0.0,0.0,0.0,0.0,0.0,0.0,0.0,0.01,0.0,0.0,0.0,0.0,0.0,0.0,False,25
C11orf53,0.001,0,0,0,24.0,24.0,24.0,,0.0,0.0,0.0,0.01,0.0,0.0,0.0,0.0,0.0,0.0,0.0,0.0,0.0,0.0,False,25
C6orf58,0.001,0,0,0,24.0,24.0,24.0,0.0,0.0,0.01,0.0,0.0,0.0,0.0,0.0,0.0,0.0,0.0,0.0,0.0,0.0,0.0,False,25
CCDC173,0.001,0,0,0,24.0,24.0,24.0,1.0,0.0,0.01,0.0,0.0,0.0,0.0,0.0,0.0,0.0,0.0,0.0,0.0,0.0,0.0,False,25
CD300A,0.001,0,0,0,24.0,24.0,24.0,,0.0,0.0,0.0,0.01,0.0,0.0,0.0,0.0,0.0,0.0,0.0,0.0,0.0,0.0,False,25
COPG2IT1,0.001,0,0,0,24.0,24.0,24.0,0.0,0.0,0.0,0.01,0.0,0.0,0.0,0.0,0.0,0.0,0.0,0.0,0.0,0.0,0.0,False,25
DDIT4L,0.001,0,0,0,24.0,24.0,24.0,,0.0,0.0,0.0,0.01,0.0,0.0,0.0,0.0,0.0,0.0,0.0,0.0,0.0,0.0,False,25
DEC1,0.001,0,0,0,24.0,24.0,24.0,,0.0,0.0,0.0,0.01,0.0,0.0,0.0,0.0,0.0,0.0,0.0,0.0,0.0,0.0,False,25
DGCR2,0.001,0,0,0,24.0,24.0,24.0,0.0,0.0,0.0,0.01,0.0,0.0,0.0,0.0,0.0,0.0,0.0,0.0,0.0,0.0,0.0,False,25
DNAJC5B,0.001,0,0,0,24.0,24.0,24.0,,0.0,0.0,0.0,0.01,0.0,0.0,0.0,0.0,0.0,0.0,0.0,0.0,0.0,0.0,False,25
ENC1,0.001,0,0,0,24.0,24.0,24.0,1.0,0.0,0.0,0.01,0.0,0.0,0.0,0.0,0.0,0.0,0.0,0.0,0.0,0.0,0.0,False,25
EPS15,0.001,0,0,0,24.0,24.0,24.0,1.0,0.0,0.0,0.0,0.0,0.0,0.0,0.0,0.01,0.0,0.0,0.0,0.0,0.0,0.0,False,25
ESYT1,0.001,0,0,0,24.0,24.0,24.0,,0.0,0.0,0.0,0.01,0.0,0.0,0.0,0.0,0.0,0.0,0.0,0.0,0.0,0.0,False,25
EVC,0.001,0,0,0,24.0,24.0,24.0,,0.0,0.0,0.0,0.01,0.0,0.0,0.0,0.0,0.0,0.0,0.0,0.0,0.0,0.0,False,25
FOXL1,0.001,0,0,0,24.0,24.0,24.0,,0.0,0.0,0.0,0.01,0.0,0.0,0.0,0.0,0.0,0.0,0.0,0.0,0.0,0.0,False,25
GNL3,0.001,0,0,0,24.0,24.0,24.0,0.0,0.0,0.0,0.01,0.0,0.0,0.0,0.0,0.0,0.0,0.0,0.0,0.0,0.0,0.0,False,25
GOLM1,0.001,0,0,0,24.0,24.0,24.0,1.0,0.0,0.0,0.01,0.0,0.0,0.0,0.0,0.0,0.0,0.0,0.0,0.0,0.0,0.0,False,25
H3F3A,0.001,0,0,0,24.0,24.0,24.0,,0.0,0.0,0.0,0.01,0.0,0.0,0.0,0.0,0.0,0.0,0.0,0.0,0.0,0.0,False,25
JMJD4,0.001,0,0,0,24.0,24.0,24.0,,0.0,0.0,0.0,0.0,0.0,0.0,0.0,0.0,0.01,0.0,0.0,0.0,0.0,0.0,False,25
KPNA2,0.001,0,0,0,24.0,24.0,24.0,1.0,0.0,0.0,0.0,0.0,0.0,0.0,0.0,0.01,0.0,0.0,0.0,0.0,0.0,0.0,False,25
LINC00301,0.001,0,0,0,24.0,24.0,24.0,,0.0,0.0,0.0,0.01,0.0,0.0,0.0,0.0,0.0,0.0,0.0,0.0,0.0,0.0,False,25
LINC00959,0.001,0,0,0,24.0,24.0,24.0,1.0,0.0,0.0,0.01,0.0,0.0,0.0,0.0,0.0,0.0,0.0,0.0,0.0,0.0,0.0,False,25
LOC101928716,0.001,0,0,0,24.0,24.0,24.0,,0.0,0.0,0.0,0.01,0.0,0.0,0.0,0.0,0.0,0.0,0.0,0.0,0.0,0.0,False,25
LOC101929073,0.001,0,0,0,24.0,24.0,24.0,0.0,0.0,0.01,0.0,0.0,0.0,0.0,0.0,0.0,0.0,0.0,0.0,0.0,0.0,0.0,False,25
LOC101929660,0.001,0,0,0,24.0,24.0,24.0,0.0,0.0,0.01,0.0,0.0,0.0,0.0,0.0,0.0,0.0,0.0,0.0,0.01,0.0,0.0,False,25
LOC286114,0.001,0,0,0,24.0,24.0,24.0,0.0,0.0,0.01,0.0,0.0,0.0,0.0,0.0,0.0,0.0,0.0,0.0,0.0,0.0,0.0,False,25
LOC642852,0.001,0,0,0,24.0,24.0,24.0,0.0,0.0,0.0,0.01,0.0,0.0,0.0,0.0,0.0,0.0,0.0,0.0,0.0,0.0,0.0,False,25
MREG,0.001,0,0,0,24.0,24.0,24.0,,0.0,0.0,0.0,0.01,0.0,0.0,0.0,0.0,0.0,0.0,0.0,0.0,0.0,0.0,False,25
MRPS15,0.001,0,0,0,24.0,24.0,24.0,0.0,0.0,0.0,0.01,0.0,0.0,0.0,0.0,0.0,0.0,0.0,0.0,0.0,0.0,0.0,False,25
MUS81,0.001,0,0,0,24.0,24.0,24.0,1.0,0.0,0.0,0.01,0.0,0.0,0.0,0.0,0.0,0.0,0.0,0.0,0.0,0.0,0.0,False,25
PACRG-AS3,0.001,0,0,0,24.0,24.0,24.0,,0.0,0.0,0.0,0.01,0.0,0.0,0.0,0.0,0.0,0.0,0.0,0.0,0.0,0.0,False,25
PLEKHG5,0.001,0,0,0,24.0,24.0,24.0,1.0,0.0,0.0,0.01,0.0,0.0,0.0,0.0,0.0,0.0,0.0,0.0,0.0,0.0,0.0,False,25
PLXNC1,0.001,0,0,0,24.0,24.0,24.0,,0.0,0.0,0.0,0.01,0.0,0.0,0.0,0.0,0.0,0.0,0.0,0.0,0.0,0.0,False,25
PTCD3,0.001,0,0,0,24.0,24.0,24.0,0.0,0.0,0.0,0.01,0.0,0.0,0.0,0.0,0.0,0.0,0.0,0.0,0.0,0.0,0.0,False,25
RBP4,0.001,0,0,0,24.0,24.0,24.0,1.0,0.0,0.0,0.0,0.0,0.0,0.0,0.0,0.01,0.0,0.0,0.0,0.0,0.0,0.0,False,25
RHOH,0.001,0,0,0,24.0,24.0,24.0,0.0,0.0,0.0,0.0,0.0,0.0,0.01,0.0,0.0,0.0,0.0,0.0,0.0,0.0,0.0,False,25
SETD4,0.001,0,0,0,24.0,24.0,24.0,,0.0,0.0,0.0,0.0,0.0,0.0,0.0,0.0,0.01,0.0,0.0,0.0,0.0,0.0,False,25
SHF,0.001,0,0,0,24.0,24.0,24.0,,0.0,0.0,0.0,0.01,0.0,0.0,0.0,0.0,0.0,0.0,0.0,0.0,0.0,0.0,False,25
SLC12A4,0.001,0,0,0,24.0,24.0,24.0,,0.0,0.0,0.0,0.01,0.0,0.0,0.0,0.0,0.0,0.0,0.0,0.0,0.0,0.0,False,25
SSX2IP,0.001,0,0,0,24.0,24.0,24.0,1.0,0.01,0.0,0.0,0.0,0.0,0.0,0.0,0.01,0.0,0.0,0.0,0.0,0.0,0.01,False,25
TNRC18,0.001,0,0,0,24.0,24.0,24.0,0.0,0.0,0.0,0.01,0.0,0.0,0.0,0.0,0.0,0.0,0.0,0.0,0.0,0.0,0.0,False,25
USP27X-AS1,0.001,0,0,0,24.0,24.0,24.0,,0.0,0.0,0.0,0.01,0.0,0.0,0.0,0.0,0.0,0.0,0.0,0.0,0.0,0.0,False,25
YAF2,0.001,0,0,0,24.0,24.0,24.0,,0.0,0.0,0.0,0.01,0.0,0.0,0.0,0.0,0.0,0.0,0.0,0.0,0.0,0.0,False,25
ZNF281,0.001,0,0,0,24.0,24.0,24.0,0.0,0.0,0.0,0.01,0.0,0.0,0.0,0.0,0.0,0.0,0.0,0.0,0.0,0.0,0.0,False,25
ZNF324,0.001,0,0,0,24.0,24.0,24.0,,0.0,0.0,0.0,0.0,0.0,0.0,0.0,0.0,0.01,0.0,0.0,0.0,0.0,0.0,False,25
BLOC1S6,0.001,0,0,0,25.0,25.0,25.0,,0.0,0.0,0.0,0.0,0.0,0.0,0.0,0.0,0.01,0.0,0.0,0.0,0.0,0.0,False,25
CDH26,0.001,0,0,0,25.0,25.0,25.0,0.0,0.0,0.01,0.0,0.0,0.0,0.0,0.0,0.0,0.0,0.0,0.0,0.0,0.0,0.0,False,25
CMAHP,0.001,0,0,0,25.0,25.0,25.0,1.0,0.0,0.0,0.01,0.0,0.0,0.0,0.0,0.0,0.0,0.0,0.0,0.0,0.0,0.0,False,25
CRY2,0.001,0,0,0,25.0,25.0,25.0,0.0,0.0,0.0,0.01,0.0,0.0,0.0,0.0,0.0,0.0,0.0,0.0,0.0,0.0,0.0,False,25
DKFZp434L192,0.001,0,0,0,25.0,25.0,25.0,0.0,0.0,0.01,0.0,0.0,0.0,0.0,0.0,0.0,0.0,0.0,0.0,0.01,0.0,0.0,False,25
DMTN,0.001,0,0,0,25.0,25.0,25.0,0.0,0.0,0.0,0.0,0.0,0.0,0.01,0.0,0.0,0.0,0.0,0.0,0.0,0.0,0.0,False,25
DNM3OS,0.001,0,0,0,25.0,25.0,25.0,,0.0,0.0,0.0,0.01,0.0,0.0,0.0,0.0,0.0,0.0,0.0,0.0,0.0,0.0,False,25
DSTYK,0.001,0,0,0,25.0,25.0,25.0,0.0,0.0,0.0,0.01,0.0,0.0,0.0,0.0,0.0,0.0,0.0,0.0,0.0,0.0,0.0,False,25
ELMO3,0.001,0,0,0,25.0,25.0,25.0,1.0,0.0,0.0,0.0,0.0,0.0,0.0,0.0,0.01,0.0,0.0,0.0,0.0,0.0,0.0,False,25
FAXDC2,0.001,0,0,0,25.0,25.0,25.0,1.0,0.0,0.0,0.01,0.0,0.0,0.0,0.0,0.0,0.0,0.0,0.0,0.0,0.0,0.0,False,25
FOXP2,0.001,0,0,0,25.0,25.0,25.0,1.0,0.0,0.0,0.0,0.0,0.0,0.01,0.0,0.0,0.0,0.0,0.0,0.0,0.0,0.0,False,25
HHIP,0.001,0,0,0,25.0,25.0,25.0,0.0,0.0,0.01,0.0,0.0,0.0,0.0,0.0,0.0,0.0,0.0,0.0,0.0,0.0,0.0,False,25
HIVEP2,0.001,0,0,0,25.0,25.0,25.0,1.0,0.0,0.0,0.01,0.0,0.0,0.0,0.0,0.0,0.0,0.0,0.0,0.0,0.0,0.0,False,25
INTU,0.001,0,0,0,25.0,25.0,25.0,,0.0,0.0,0.0,0.01,0.0,0.0,0.0,0.0,0.0,0.0,0.0,0.0,0.0,0.0,False,25
KCNT2,0.001,0,0,0,25.0,25.0,25.0,,0.0,0.0,0.0,0.01,0.0,0.0,0.0,0.0,0.0,0.0,0.0,0.0,0.0,0.0,False,25
LHX9,0.001,0,0,0,25.0,25.0,25.0,1.0,0.0,0.01,0.0,0.0,0.0,0.0,0.0,0.0,0.0,0.0,0.0,0.0,0.0,0.0,False,25
LINC01097,0.001,0,0,0,25.0,25.0,25.0,,0.0,0.0,0.0,0.01,0.0,0.0,0.0,0.0,0.0,0.0,0.0,0.0,0.0,0.0,False,25
LINC01272,0.001,0,0,0,25.0,25.0,25.0,,0.0,0.0,0.0,0.01,0.0,0.0,0.0,0.0,0.0,0.0,0.0,0.0,0.0,0.0,False,25
LINC01426,0.001,0,0,0,25.0,25.0,25.0,,0.0,0.0,0.0,0.01,0.0,0.0,0.0,0.0,0.0,0.0,0.0,0.0,0.0,0.0,False,25
LIPE,0.001,0,0,0,25.0,25.0,25.0,1.0,0.0,0.0,0.0,0.0,0.0,0.0,0.0,0.01,0.0,0.0,0.0,0.0,0.0,0.0,False,25
LOC100288238,0.001,0,0,0,25.0,25.0,25.0,,0.0,0.0,0.0,0.01,0.0,0.0,0.0,0.0,0.0,0.0,0.0,0.0,0.0,0.0,False,25
LRG1,0.001,0,0,0,25.0,25.0,25.0,0.0,0.0,0.0,0.01,0.0,0.0,0.0,0.0,0.0,0.0,0.0,0.0,0.0,0.0,0.0,False,25
MOG,0.001,0,0,0,25.0,25.0,25.0,1.0,0.0,0.01,0.0,0.0,0.0,0.0,0.0,0.0,0.0,0.0,0.0,0.0,0.0,0.0,False,25
MOGS,0.001,0,0,0,25.0,25.0,25.0,,0.0,0.0,0.0,0.0,0.0,0.0,0.0,0.0,0.01,0.0,0.0,0.0,0.0,0.0,False,25
NEBL,0.001,0,0,0,25.0,25.0,25.0,0.0,0.0,0.0,0.0,0.0,0.0,0.01,0.0,0.0,0.0,0.0,0.0,0.0,0.0,0.0,False,25
NINL,0.001,0,0,0,25.0,25.0,25.0,,0.0,0.0,0.0,0.0,0.0,0.0,0.0,0.0,0.01,0.0,0.0,0.0,0.0,0.0,False,25
NUP210,0.001,0,0,0,25.0,25.0,25.0,1.0,0.04,0.0,0.0,0.0,0.0,0.0,0.0,0.0,0.01,0.0,0.0,0.0,0.0,0.04,False,25
NUP88,0.001,0,0,0,25.0,25.0,25.0,,0.0,0.0,0.0,0.01,0.0,0.0,0.0,0.0,0.0,0.0,0.0,0.0,0.0,0.0,False,25
P3H1,0.001,0,0,0,25.0,25.0,25.0,,0.0,0.0,0.0,0.01,0.0,0.0,0.0,0.0,0.0,0.0,0.0,0.0,0.0,0.0,False,25
PABPC1L,0.001,0,0,0,25.0,25.0,25.0,,0.0,0.0,0.0,0.0,0.0,0.0,0.0,0.0,0.01,0.0,0.0,0.0,0.0,0.0,False,25
PIGP,0.001,0,0,0,25.0,25.0,25.0,1.0,0.0,0.0,0.01,0.0,0.0,0.0,0.0,0.0,0.0,0.0,0.0,0.0,0.0,0.0,False,25
POTEKP,0.001,0,0,0,25.0,25.0,25.0,1.0,0.0,0.01,0.0,0.0,0.0,0.0,0.0,0.0,0.0,0.0,0.0,0.0,0.0,0.0,False,25
PPP2R5A,0.001,0,0,0,25.0,25.0,25.0,,0.0,0.0,0.0,0.01,0.0,0.0,0.0,0.0,0.0,0.0,0.0,0.0,0.0,0.0,False,25
PRRG3,0.001,0,0,0,25.0,25.0,25.0,0.0,0.0,0.01,0.0,0.0,0.0,0.0,0.0,0.0,0.0,0.0,0.0,0.0,0.0,0.0,False,25
RBPMS2,0.001,0,0,0,25.0,25.0,25.0,0.0,0.0,0.0,0.0,0.01,0.0,0.0,0.0,0.0,0.0,0.0,0.0,0.0,0.02,0.0,False,25
SEC61A1,0.001,0,0,0,25.0,25.0,25.0,,0.0,0.0,0.0,0.0,0.0,0.0,0.0,0.0,0.01,0.0,0.0,0.0,0.0,0.0,False,25
SLC45A3,0.001,0,0,0,25.0,25.0,25.0,,0.0,0.0,0.0,0.01,0.0,0.0,0.0,0.0,0.0,0.0,0.0,0.0,0.0,0.0,False,25
SMAD1,0.001,0,0,0,25.0,25.0,25.0,1.0,0.0,0.0,0.01,0.0,0.0,0.0,0.0,0.0,0.0,0.0,0.0,0.0,0.0,0.0,False,25
SNX2,0.001,0,0,0,25.0,25.0,25.0,,0.0,0.0,0.0,0.0,0.0,0.0,0.0,0.0,0.01,0.0,0.0,0.0,0.0,0.0,False,25
SPNS3,0.001,0,0,0,25.0,25.0,25.0,,0.0,0.0,0.0,0.01,0.0,0.0,0.0,0.0,0.0,0.0,0.0,0.0,0.0,0.0,False,25
SRPX,0.001,0,0,0,25.0,25.0,25.0,0.0,0.01,0.0,0.0,0.0,0.0,0.0,0.0,0.0,0.01,0.0,0.0,0.0,0.0,0.01,False,25
TLE3,0.001,0,0,0,25.0,25.0,25.0,,0.0,0.0,0.0,0.0,0.0,0.0,0.0,0.0,0.01,0.0,0.0,0.0,0.0,0.0,False,25
TMEM242,0.001,0,0,0,25.0,25.0,25.0,,0.0,0.0,0.0,0.01,0.0,0.0,0.0,0.0,0.0,0.0,0.0,0.0,0.0,0.0,False,25
TRAF4,0.001,0,0,0,25.0,25.0,25.0,,0.0,0.0,0.0,0.0,0.0,0.0,0.0,0.0,0.01,0.0,0.0,0.0,0.0,0.0,False,25
TUBBP5,0.001,0,0,0,25.0,25.0,25.0,,0.0,0.0,0.0,0.01,0.0,0.0,0.0,0.0,0.0,0.0,0.0,0.0,0.0,0.0,False,25
UQCRB,0.001,0,0,0,25.0,25.0,25.0,0.0,0.0,0.0,0.01,0.0,0.0,0.0,0.0,0.0,0.0,0.0,0.0,0.0,0.0,0.0,False,25
VPS29,0.001,0,0,0,25.0,25.0,25.0,,0.0,0.0,0.0,0.01,0.0,0.0,0.0,0.0,0.0,0.0,0.0,0.0,0.0,0.0,False,25
WDR74,0.001,0,0,0,25.0,25.0,25.0,,0.0,0.0,0.0,0.01,0.0,0.0,0.0,0.0,0.0,0.0,0.0,0.0,0.0,0.0,False,25
ZNF217,0.001,0,0,0,25.0,25.0,25.0,0.0,0.0,0.0,0.01,0.0,0.0,0.0,0.0,0.0,0.0,0.0,0.0,0.0,0.0,0.0,False,25
ZNF30,0.001,0,0,0,25.0,25.0,25.0,,0.0,0.0,0.0,0.01,0.0,0.0,0.0,0.0,0.0,0.0,0.0,0.0,0.0,0.0,False,25
ZNF700,0.001,0,0,0,25.0,25.0,25.0,,0.0,0.0,0.0,0.01,0.0,0.0,0.0,0.0,0.0,0.0,0.0,0.0,0.0,0.0,False,25
ABCC5,0.0,0,0,0,,,,1.0,0.01,0.0,0.0,0.0,0.0,0.0,0.0,0.0,0.0,0.0,0.0,0.0,0.0,0.01,False,25
BPIFA1,0.0,0,0,0,,,,0.0,0.0,0.0,0.0,0.0,0.0,0.0,0.0,0.0,0.0,0.0,0.0,0.01,0.0,0.0,False,25
BTF3P12,0.0,0,0,0,,,,0.0,0.0,0.0,0.0,0.0,0.0,0.0,0.0,0.0,0.0,0.0,0.0,0.01,0.0,0.0,False,25
BUB1B,0.0,0,0,0,,,,1.0,0.04,0.0,0.0,0.0,0.0,0.0,0.0,0.0,0.0,0.0,0.0,0.0,0.0,0.04,False,25
C7orf71,0.0,0,0,0,,,,0.0,0.0,0.0,0.0,0.0,0.0,0.0,0.0,0.0,0.0,0.0,0.0,0.01,0.0,0.0,False,25
CD34,0.0,0,0,0,,,,0.0,0.0,0.0,0.0,0.0,0.0,0.0,0.0,0.0,0.0,0.0,0.0,0.0,0.01,0.0,False,25
CDH13,0.0,0,0,0,,,,0.0,0.0,0.0,0.0,0.0,0.0,0.0,0.0,0.0,0.0,0.0,0.0,0.01,0.0,0.0,False,25
CEP55,0.0,0,0,0,,,,1.0,0.04,0.0,0.0,0.0,0.0,0.0,0.0,0.0,0.0,0.0,0.0,0.0,0.0,0.04,False,25
CLCA4,0.0,0,0,0,,,,0.0,0.0,0.0,0.0,0.0,0.0,0.0,0.0,0.0,0.0,0.0,0.0,0.01,0.0,0.0,False,25
DEFB132,0.0,0,0,0,,,,0.0,0.0,0.0,0.0,0.0,0.0,0.0,0.0,0.0,0.0,0.0,0.0,0.0,0.01,0.0,False,25
DIO3,0.0,0,0,0,,,,0.0,0.0,0.0,0.0,0.0,0.0,0.0,0.0,0.0,0.0,0.0,0.0,0.01,0.0,0.0,False,25
DLGAP5,0.0,0,0,0,,,,1.0,0.02,0.0,0.0,0.0,0.0,0.0,0.0,0.0,0.0,0.0,0.0,0.0,0.0,0.02,False,25
DPP3,0.0,0,0,0,,,,1.0,0.06,0.0,0.0,0.0,0.0,0.0,0.0,0.0,0.0,0.0,0.0,0.0,0.0,0.06,False,25
EBF1,0.0,0,0,0,,,,0.0,0.01,0.0,0.0,0.0,0.0,0.0,0.0,0.0,0.0,0.0,0.0,0.0,0.0,0.01,False,25
FAM71D,0.0,0,0,0,,,,0.0,0.0,0.0,0.0,0.0,0.0,0.0,0.0,0.0,0.0,0.0,0.0,0.01,0.0,0.0,False,25
FAM83C-AS1,0.0,0,0,0,,,,0.0,0.0,0.0,0.0,0.0,0.0,0.0,0.0,0.0,0.0,0.0,0.0,0.01,0.0,0.0,False,25
FBXO40,0.0,0,0,0,,,,0.0,0.0,0.0,0.0,0.0,0.0,0.0,0.0,0.0,0.0,0.0,0.0,0.02,0.0,0.0,False,25
FOXA1,0.0,0,0,0,,,,1.0,0.11,0.0,0.0,0.0,0.0,0.0,0.0,0.0,0.0,0.0,0.0,0.0,0.0,0.11,False,25
GALNT6,0.0,0,0,0,,,,1.0,0.16,0.0,0.0,0.0,0.0,0.0,0.0,0.0,0.0,0.0,0.0,0.0,0.0,0.16,False,25
IGSF9,0.0,0,0,0,,,,1.0,0.18,0.0,0.0,0.0,0.0,0.0,0.0,0.0,0.0,0.0,0.0,0.0,0.0,0.18,False,25
ITIH5,0.0,0,0,0,,,,0.0,0.01,0.0,0.0,0.0,0.0,0.0,0.0,0.0,0.0,0.0,0.0,0.0,0.0,0.01,False,25
KIAA1958,0.0,0,0,0,,,,1.0,0.02,0.0,0.0,0.0,0.0,0.0,0.0,0.0,0.0,0.0,0.0,0.0,0.0,0.02,False,25
LINC00880,0.0,0,0,0,,,,0.0,0.0,0.0,0.0,0.0,0.0,0.0,0.0,0.0,0.0,0.0,0.0,0.01,0.0,0.0,False,25
LINC00900,0.0,0,0,0,,,,1.0,0.0,0.0,0.0,0.0,0.0,0.0,0.0,0.0,0.0,0.0,0.0,0.0,0.04,0.0,False,25
LINC01504,0.0,0,0,0,,,,0.0,0.0,0.0,0.0,0.0,0.0,0.0,0.0,0.0,0.0,0.0,0.0,0.01,0.0,0.0,False,25
LOC100653086,0.0,0,0,0,,,,0.0,0.0,0.0,0.0,0.0,0.0,0.0,0.0,0.0,0.0,0.0,0.0,0.01,0.0,0.0,False,25
LOC101927417,0.0,0,0,0,,,,0.0,0.0,0.0,0.0,0.0,0.0,0.0,0.0,0.0,0.0,0.0,0.0,0.01,0.0,0.0,False,25
MAGEL2,0.0,0,0,0,,,,0.0,0.0,0.0,0.0,0.0,0.0,0.0,0.0,0.0,0.0,0.0,0.0,0.02,0.0,0.0,False,25
MGLL,0.0,0,0,0,,,,0.0,0.02,0.0,0.0,0.0,0.0,0.0,0.0,0.0,0.0,0.0,0.0,0.0,0.0,0.02,False,25
MITF,0.0,0,0,0,,,,0.0,0.01,0.0,0.0,0.0,0.0,0.0,0.0,0.0,0.0,0.0,0.0,0.0,0.0,0.01,False,25
MRAS,0.0,0,0,0,,,,0.0,0.01,0.0,0.0,0.0,0.0,0.0,0.0,0.0,0.0,0.0,0.0,0.0,0.0,0.01,False,25
NRN1,0.0,0,0,0,,,,0.0,0.01,0.0,0.0,0.0,0.0,0.0,0.0,0.0,0.0,0.0,0.0,0.0,0.0,0.01,False,25
PAICS,0.0,0,0,0,,,,1.0,0.05,0.0,0.0,0.0,0.0,0.0,0.0,0.0,0.0,0.0,0.0,0.0,0.0,0.05,False,25
PCK1,0.0,0,0,0,,,,0.0,0.0,0.0,0.0,0.0,0.0,0.0,0.0,0.0,0.0,0.0,0.0,0.0,0.02,0.0,False,25
PFKFB4,0.0,0,0,0,,,,1.0,0.04,0.0,0.0,0.0,0.0,0.0,0.0,0.0,0.0,0.0,0.0,0.0,0.0,0.04,False,25
PIH2,0.0,0,0,0,,,,0.0,0.0,0.0,0.0,0.0,0.0,0.0,0.0,0.0,0.0,0.0,0.0,0.01,0.0,0.0,False,25
PLPP7,0.0,0,0,0,,,,0.0,0.0,0.0,0.0,0.0,0.0,0.0,0.0,0.0,0.0,0.0,0.0,0.0,0.01,0.0,False,25
PRRC2C,0.0,0,0,0,,,,1.0,0.02,0.0,0.0,0.0,0.0,0.0,0.0,0.0,0.0,0.0,0.0,0.0,0.0,0.02,False,25
RAP1GAP,0.0,0,0,0,,,,1.0,0.01,0.0,0.0,0.0,0.0,0.0,0.0,0.0,0.0,0.0,0.0,0.0,0.0,0.01,False,25
RGL2,0.0,0,0,0,,,,1.0,0.01,0.0,0.0,0.0,0.0,0.0,0.0,0.0,0.0,0.0,0.0,0.0,0.0,0.01,False,25
RPS8,0.0,0,0,0,,,,0.0,0.0,0.0,0.0,0.0,0.0,0.0,0.0,0.0,0.0,0.0,0.0,0.01,0.0,0.0,False,25
RSPH1,0.0,0,0,0,,,,1.0,0.1,0.0,0.0,0.0,0.0,0.0,0.0,0.0,0.0,0.0,0.0,0.0,0.0,0.1,False,25
SGCG,0.0,0,0,0,,,,0.0,0.0,0.0,0.0,0.0,0.0,0.0,0.0,0.0,0.0,0.0,0.0,0.0,0.04,0.0,False,25
SHANK2,0.0,0,0,0,,,,1.0,0.02,0.0,0.0,0.0,0.0,0.0,0.0,0.0,0.0,0.0,0.0,0.0,0.0,0.02,False,25
SLC22A11,0.0,0,0,0,,,,0.0,0.0,0.0,0.0,0.0,0.0,0.0,0.0,0.0,0.0,0.0,0.0,0.02,0.0,0.0,False,25
SPERT,0.0,0,0,0,,,,0.0,0.0,0.0,0.0,0.0,0.0,0.0,0.0,0.0,0.0,0.0,0.0,0.01,0.0,0.0,False,25
STAB2,0.0,0,0,0,,,,0.0,0.0,0.0,0.0,0.0,0.0,0.0,0.0,0.0,0.0,0.0,0.0,0.01,0.0,0.0,False,25
TESMIN,0.0,0,0,0,,,,1.0,0.02,0.0,0.0,0.0,0.0,0.0,0.0,0.0,0.0,0.0,0.0,0.0,0.0,0.02,False,25
TMEM37,0.0,0,0,0,,,,0.0,0.02,0.0,0.0,0.0,0.0,0.0,0.0,0.0,0.0,0.0,0.0,0.0,0.0,0.02,False,25
TUSC5,0.0,0,0,0,,,,0.0,0.0,0.0,0.0,0.0,0.0,0.0,0.0,0.0,0.0,0.0,0.0,0.0,0.01,0.0,False,25
UBE2T,0.0,0,0,0,,,,1.0,0.04,0.0,0.0,0.0,0.0,0.0,0.0,0.0,0.0,0.0,0.0,0.0,0.0,0.04,False,25
