gene,mean_selection_frequency,n_pipelines_ge50,n_models_ge50,n_explainers_ge50,median_rank,best_rank,mean_rank,frac_signed_positive,ttest_frequency,freq:logreg|coef,freq:logreg|shap,freq:logreg|perm,freq:svm|coef,freq:svm|shap,freq:svm|perm,freq:rf|shap,freq:rf|perm,freq:xgb|shap,freq:xgb|perm,freq:logreg_C0.1|coef,freq:logreg_C100|coef,freq:ttest|ttest,consensus,k
MMP28,0.5479999999999999,5,3,3,18.0,1.0,20.18065693430657,0.3707865168539326,0.0,0.7,0.81,0.04,0.27,0.85,0.89,0.44,0.62,0.43,0.43,0.45,0.5,0.0,True,50
DKFZp779M0652,0.5279999999999999,5,2,3,5.0,1.0,8.642045454545455,0.19064124783362218,0.0,0.84,0.82,0.38,1.0,1.0,1.0,0.08,0.06,0.05,0.05,0.98,1.0,0.0,True,50
ABHD1,0.516,4,2,3,11.0,1.0,15.742248062015504,0.23877551020408164,0.0,0.87,0.58,0.29,0.89,0.17,0.93,0.29,0.26,0.44,0.44,0.78,0.88,0.0,False,50
DMGDH,0.4800000000000001,5,2,3,15.0,1.0,17.647916666666667,0.30434782608695654,0.0,0.45,0.04,0.05,0.92,0.65,0.98,0.31,0.26,0.57,0.57,0.09,0.88,0.0,True,50
LYVE1,0.4590000000000001,4,2,3,9.0,1.0,12.938997821350762,0.13857677902621723,0.0,0.86,0.46,0.25,1.0,0.99,1.0,0.03,0.0,0.0,0.0,1.0,1.0,0.0,False,50
NIPSNAP3B,0.44700000000000006,4,2,3,14.0,1.0,17.527964205816556,0.15010141987829614,0.0,0.75,0.13,0.18,1.0,0.92,1.0,0.18,0.15,0.08,0.08,0.87,1.0,0.0,False,50
HSPB6,0.442,5,2,3,18.0,1.0,18.816742081447963,0.20910973084886128,0.0,0.83,0.84,0.15,0.66,0.78,0.78,0.12,0.08,0.09,0.09,0.83,0.68,0.0,True,50
LOC284825,0.417,2,2,2,18.0,1.0,19.203836930455637,0.3154929577464789,0.03,0.68,0.41,0.07,0.21,0.2,0.98,0.38,0.4,0.42,0.42,0.89,0.33,0.03,False,50
LOC102723493,0.40099999999999997,4,2,3,18.0,1.0,19.14713216957606,0.1543942992874109,0.0,0.59,0.27,0.13,0.99,0.78,0.99,0.07,0.03,0.08,0.08,0.43,1.0,0.0,False,50
FLVCR1,0.365,4,2,2,4.0,1.0,9.331506849315069,0.9384615384615385,0.63,0.06,0.29,0.01,0.0,0.0,0.0,0.64,0.69,0.98,0.98,0.0,0.0,0.63,False,50
PQLC2L,0.354,3,1,3,18.0,4.0,20.51129943502825,0.12994350282485875,0.0,0.39,0.1,0.04,1.0,0.93,1.0,0.07,0.01,0.0,0.0,0.07,0.98,0.0,False,50
ABCD2,0.35,4,2,3,21.0,1.0,21.47142857142857,0.33460076045627374,0.0,0.01,0.0,0.0,0.94,0.0,0.83,0.27,0.23,0.61,0.61,0.0,0.8,0.0,False,50
RAE1,0.338,4,2,2,4.0,1.0,8.855029585798816,1.0,0.5,0.0,0.0,0.0,0.0,0.0,0.0,0.75,0.81,0.91,0.91,0.0,0.0,0.5,False,50
STX11,0.33100000000000007,1,1,1,17.0,1.0,20.356495468277945,0.2862190812720848,0.01,0.47,0.29,0.09,0.27,0.32,1.0,0.2,0.23,0.22,0.22,0.62,0.43,0.01,False,50
SLC7A10,0.319,3,1,3,16.0,3.0,19.608150470219435,0.10497237569060773,0.0,0.24,0.05,0.17,0.97,0.76,1.0,0.0,0.0,0.0,0.0,0.62,0.98,0.0,False,50
LOC101927420,0.30799999999999994,3,2,3,15.0,1.0,18.266233766233768,0.16666666666666666,0.0,0.31,0.31,0.51,0.8,0.82,0.3,0.0,0.01,0.01,0.01,0.09,0.66,0.0,False,50
C11orf70,0.30699999999999994,3,1,3,22.0,3.0,24.423452768729643,0.2159468438538206,0.0,0.28,0.27,0.13,0.75,0.82,0.62,0.05,0.05,0.05,0.05,0.03,0.76,0.0,False,50
CCDC178,0.295,2,2,2,27.0,1.0,26.166101694915255,0.36328125,0.0,0.42,0.57,0.04,0.03,0.19,0.65,0.42,0.45,0.09,0.09,0.81,0.03,0.0,False,50
CELSR1,0.28700000000000003,2,1,2,10.0,1.0,14.257839721254355,0.8936170212765957,0.2,0.02,0.37,0.0,0.0,0.0,0.0,0.48,0.38,0.81,0.81,0.0,0.0,0.2,False,50
ANKRD10-IT1,0.26799999999999996,2,1,2,14.0,1.0,17.779850746268657,0.823728813559322,0.02,0.76,0.91,0.1,0.01,0.32,0.07,0.16,0.25,0.05,0.05,0.7,0.02,0.02,False,50
ZNRF2P1,0.26,3,2,3,3.0,1.0,8.346153846153847,0.8467432950191571,0.0,0.31,0.0,0.75,0.8,0.74,0.0,0.0,0.0,0.0,0.0,0.0,0.76,0.0,False,50
ACADL,0.253,2,2,2,19.0,3.0,22.047430830039527,0.11721611721611722,0.0,0.52,0.35,0.05,0.28,0.26,0.98,0.03,0.0,0.03,0.03,0.87,0.39,0.0,False,50
INHBA,0.251,1,1,1,17.0,1.0,18.97609561752988,0.7596153846153846,0.08,0.3,0.71,0.01,0.0,0.13,0.0,0.37,0.39,0.3,0.3,0.19,0.0,0.08,False,50
PFKFB1,0.251,3,1,3,31.0,5.0,29.916334661354583,0.1411764705882353,0.0,0.21,0.13,0.02,0.59,0.57,0.92,0.05,0.02,0.0,0.0,0.17,0.83,0.0,False,50
DCAF12L2,0.25,3,2,3,2.0,1.0,8.736,0.8784313725490196,0.0,0.34,0.0,0.75,0.8,0.61,0.0,0.0,0.0,0.0,0.0,0.0,0.8,0.0,False,50
APOB,0.24099999999999996,2,1,2,16.0,3.0,19.946058091286307,0.08438818565400844,0.0,0.04,0.0,0.01,0.99,0.36,0.99,0.02,0.0,0.0,0.0,0.0,0.96,0.0,False,50
TET3,0.23700000000000002,4,2,2,11.0,1.0,15.683544303797468,0.9908256880733946,0.98,0.0,0.03,0.0,0.0,0.0,0.0,0.64,0.64,0.53,0.53,0.0,0.0,0.98,False,50
TMOD1,0.23700000000000002,3,1,3,31.0,6.0,30.535864978902953,0.19583333333333333,0.0,0.15,0.12,0.05,0.66,0.8,0.59,0.0,0.0,0.0,0.0,0.0,0.67,0.0,False,50
PRKCZ,0.23699999999999996,0,0,0,13.0,1.0,16.90295358649789,0.9717514124293786,0.2,0.11,0.11,0.02,0.14,0.15,0.21,0.43,0.36,0.42,0.42,0.07,0.14,0.2,False,50
CCDC85C,0.23399999999999999,4,2,2,10.0,1.0,14.995726495726496,1.0,0.0,0.0,0.0,0.0,0.0,0.0,0.0,0.51,0.61,0.61,0.61,0.0,0.0,0.0,False,50
DENND2A,0.23399999999999999,1,1,1,29.0,2.0,28.794871794871796,0.29004329004329005,0.0,0.32,0.47,0.02,0.09,0.57,0.49,0.17,0.21,0.0,0.0,0.49,0.2,0.0,False,50
PALM,0.22899999999999995,3,1,3,35.0,4.0,34.148471615720524,0.18226600985221675,0.0,0.08,0.0,0.01,0.72,0.6,0.85,0.02,0.01,0.0,0.0,0.0,0.61,0.0,False,50
SDC1,0.22799999999999998,2,1,2,12.0,1.0,15.390350877192983,0.9493087557603687,0.97,0.04,0.16,0.0,0.0,0.0,0.0,0.53,0.61,0.47,0.47,0.0,0.0,0.97,False,50
PNMA2,0.225,3,2,3,7.0,1.0,11.724444444444444,0.8271028037383178,0.0,0.08,0.05,0.65,0.73,0.74,0.0,0.0,0.0,0.0,0.0,0.0,0.54,0.0,False,50
PAFAH1B3,0.22399999999999998,3,2,2,10.0,1.0,12.928571428571429,0.9901960784313726,0.88,0.0,0.02,0.0,0.0,0.0,0.0,0.53,0.47,0.61,0.61,0.0,0.0,0.88,False,50
ALPI,0.22200000000000003,3,2,3,4.0,1.0,7.5225225225225225,0.8423423423423423,0.0,0.09,0.0,0.65,0.8,0.68,0.0,0.0,0.0,0.0,0.0,0.0,0.65,0.0,False,50
MYO16,0.22199999999999998,2,1,2,20.0,5.0,23.454954954954953,0.08372093023255814,0.0,0.02,0.0,0.0,0.97,0.31,0.9,0.01,0.01,0.0,0.0,0.0,0.84,0.0,False,50
HSPB7,0.22000000000000003,2,1,2,18.0,6.0,25.95,0.04326923076923077,0.0,0.16,0.0,0.02,0.85,0.13,1.0,0.04,0.0,0.0,0.0,0.01,0.89,0.0,False,50
NAALAD2,0.21499999999999994,2,1,2,22.0,7.0,23.051162790697674,0.041025641025641026,0.0,0.03,0.0,0.0,0.98,0.0,0.98,0.05,0.05,0.03,0.03,0.0,0.86,0.0,False,50
C22orf39,0.21200000000000002,2,1,2,15.0,1.0,17.669811320754718,0.7669172932330827,0.09,0.07,0.27,0.0,0.0,0.0,0.0,0.36,0.38,0.52,0.52,0.02,0.0,0.09,False,50
DNMT1,0.20900000000000002,2,1,2,12.0,1.0,15.564593301435407,0.9621212121212122,0.18,0.01,0.09,0.0,0.0,0.0,0.0,0.42,0.33,0.62,0.62,0.0,0.0,0.18,False,50
PAQR4,0.209,3,2,2,13.0,1.0,16.66507177033493,0.9900497512437811,0.98,0.01,0.06,0.0,0.0,0.0,0.0,0.46,0.56,0.5,0.5,0.0,0.0,0.98,False,50
C8orf34,0.207,2,1,2,27.0,6.0,26.845410628019323,0.020100502512562814,0.0,0.04,0.0,0.01,0.93,0.1,0.98,0.01,0.0,0.0,0.0,0.03,0.88,0.0,False,50
LRRC15,0.19399999999999998,0,0,0,22.0,1.0,21.170103092783506,0.8727272727272727,0.96,0.08,0.47,0.0,0.0,0.0,0.0,0.27,0.3,0.41,0.41,0.01,0.0,0.96,False,50
EPB42,0.191,2,1,2,18.0,8.0,19.54973821989529,0.0,0.0,0.01,0.0,0.0,0.99,0.0,0.91,0.0,0.0,0.0,0.0,0.0,0.87,0.0,False,50
STIL,0.19,0,0,0,14.0,1.0,15.452631578947368,0.9895833333333334,0.01,0.01,0.01,0.0,0.0,0.0,0.0,0.44,0.46,0.49,0.49,0.0,0.0,0.01,False,50
TREM2,0.19,3,2,3,22.0,2.0,22.731578947368423,0.8534031413612565,0.0,0.01,0.0,0.59,0.71,0.59,0.0,0.0,0.0,0.0,0.0,0.0,0.6,0.0,False,50
C15orf48,0.187,1,1,1,17.0,1.0,20.331550802139038,0.7571428571428571,0.0,0.16,0.3,0.18,0.44,0.76,0.01,0.0,0.0,0.01,0.01,0.0,0.43,0.0,False,50
CIDEA,0.185,1,1,1,22.0,1.0,22.98918918918919,0.2661290322580645,0.01,0.13,0.04,0.0,0.15,0.08,0.97,0.13,0.11,0.12,0.12,0.22,0.36,0.01,False,50
ADH1C,0.18100000000000002,1,1,1,34.0,3.0,31.65193370165746,0.1686046511627907,0.04,0.26,0.18,0.02,0.16,0.19,0.76,0.09,0.05,0.05,0.05,0.57,0.18,0.04,False,50
ADCY6,0.177,2,1,2,14.0,1.0,17.225988700564972,0.25,0.0,0.01,0.03,0.01,0.73,0.99,0.0,0.0,0.0,0.0,0.0,0.0,0.36,0.0,False,50
TMEM132C,0.17600000000000002,0,0,0,24.0,1.0,24.710227272727273,0.33031674208144796,0.2,0.18,0.27,0.02,0.0,0.0,0.14,0.3,0.27,0.29,0.29,0.89,0.08,0.2,False,50
ESRP1,0.173,2,1,2,15.0,1.0,19.30635838150289,0.9775280898876404,0.0,0.02,0.01,0.0,0.02,0.02,0.13,0.52,0.59,0.21,0.21,0.01,0.08,0.0,False,50
LOC105378828,0.16699999999999998,2,1,2,28.0,8.0,29.51497005988024,0.028368794326241134,0.0,0.15,0.0,0.01,0.61,0.05,0.83,0.02,0.0,0.0,0.0,0.0,0.58,0.0,False,50
CBX4,0.153,1,1,1,18.0,1.0,19.575163398692812,0.9574468085106383,0.62,0.03,0.09,0.0,0.0,0.01,0.0,0.43,0.51,0.23,0.23,0.0,0.0,0.62,False,50
LOC100506368,0.15,0,0,0,23.0,1.0,23.913333333333334,0.34959349593495936,0.0,0.1,0.1,0.01,0.18,0.31,0.27,0.17,0.18,0.09,0.09,0.12,0.16,0.0,False,50
TSLP,0.14900000000000002,1,1,1,31.0,4.0,32.033557046979865,0.13392857142857142,0.0,0.18,0.03,0.01,0.28,0.15,0.68,0.04,0.04,0.04,0.04,0.13,0.27,0.0,False,50
GLYAT,0.149,1,1,1,34.0,3.0,29.261744966442954,0.20952380952380953,0.0,0.15,0.01,0.02,0.2,0.14,0.7,0.14,0.11,0.01,0.01,0.2,0.2,0.0,False,50
COL10A1,0.14600000000000005,0,0,0,17.0,1.0,20.30821917808219,0.8608247422680413,0.96,0.08,0.43,0.0,0.0,0.05,0.0,0.25,0.37,0.14,0.14,0.03,0.0,0.96,False,50
VN1R3,0.143,2,2,2,8.0,2.0,14.692307692307692,1.0,0.0,0.01,0.0,0.7,0.72,0.0,0.0,0.0,0.0,0.0,0.0,0.0,0.38,0.0,False,50
IGSF10,0.143,0,0,0,20.0,1.0,21.41958041958042,0.3247422680412371,0.02,0.2,0.39,0.0,0.01,0.01,0.03,0.21,0.2,0.19,0.19,0.9,0.01,0.02,False,50
LRRC1,0.142,1,1,1,16.0,1.0,18.246478873239436,1.0,0.05,0.0,0.0,0.0,0.0,0.0,0.01,0.45,0.54,0.21,0.21,0.0,0.0,0.05,False,50
ST6GALNAC6,0.142,1,1,1,33.0,3.0,32.16901408450704,0.3253968253968254,0.01,0.07,0.15,0.02,0.13,0.58,0.39,0.06,0.0,0.01,0.01,0.1,0.15,0.01,False,50
HEPACAM2,0.137,1,1,1,22.0,3.0,23.284671532846716,0.7398373983739838,0.0,0.01,0.01,0.39,0.44,0.52,0.0,0.0,0.0,0.0,0.0,0.0,0.25,0.0,False,50
NLGN1,0.137,0,0,0,32.0,3.0,31.21167883211679,0.07547169811320754,0.0,0.12,0.04,0.11,0.47,0.14,0.47,0.0,0.0,0.01,0.01,0.47,0.34,0.0,False,50
TPPP3,0.13399999999999998,1,1,1,20.5,1.0,21.65671641791045,0.2662337662337662,0.0,0.19,0.44,0.12,0.02,0.57,0.0,0.0,0.0,0.0,0.0,0.31,0.01,0.0,False,50
CASQ2,0.13200000000000003,1,1,1,35.0,5.0,34.50757575757576,0.17073170731707318,0.0,0.27,0.08,0.0,0.09,0.02,0.66,0.08,0.12,0.0,0.0,0.0,0.28,0.0,False,50
SLC46A2,0.132,2,2,2,11.5,1.0,15.606060606060606,0.9925925925925926,0.0,0.08,0.0,0.59,0.64,0.01,0.0,0.0,0.0,0.0,0.0,0.0,0.62,0.0,False,50
ELMOD3,0.132,1,1,1,29.5,2.0,29.189393939393938,0.058823529411764705,0.0,0.07,0.01,0.02,0.28,0.08,0.86,0.0,0.0,0.0,0.0,0.13,0.28,0.0,False,50
SGK494,0.129,0,0,0,21.0,1.0,20.170542635658915,1.0,0.04,0.0,0.0,0.0,0.0,0.0,0.0,0.28,0.29,0.36,0.36,0.0,0.0,0.04,False,50
ATOH8,0.129,0,0,0,20.0,1.0,21.868217054263567,0.5862068965517241,0.03,0.04,0.07,0.02,0.0,0.0,0.03,0.28,0.43,0.21,0.21,0.24,0.0,0.03,False,50
RBPMS-AS1,0.129,1,1,1,35.0,6.0,33.224806201550386,0.09278350515463918,0.0,0.17,0.04,0.01,0.16,0.02,0.73,0.06,0.1,0.0,0.0,0.14,0.38,0.0,False,50
ARF1,0.127,0,0,0,18.0,1.0,18.10236220472441,0.9841269841269841,0.0,0.01,0.01,0.0,0.0,0.0,0.0,0.21,0.24,0.4,0.4,0.0,0.0,0.0,False,50
LDHD,0.127,0,0,0,36.0,9.0,35.69291338582677,0.06349206349206349,0.0,0.09,0.01,0.07,0.49,0.15,0.46,0.0,0.0,0.0,0.0,0.08,0.44,0.0,False,50
C11orf80,0.126,0,0,0,20.0,1.0,21.19047619047619,0.9541984732824428,0.57,0.1,0.13,0.01,0.0,0.0,0.0,0.25,0.25,0.26,0.26,0.0,0.0,0.57,False,50
CTTNBP2,0.12400000000000003,1,1,1,29.0,3.0,27.0,0.25,0.0,0.07,0.07,0.0,0.39,0.57,0.11,0.01,0.02,0.0,0.0,0.02,0.27,0.0,False,50
CLGN,0.12200000000000003,1,1,1,5.0,1.0,12.139344262295081,0.6311475409836066,0.0,0.0,0.05,0.11,0.27,0.79,0.0,0.0,0.0,0.0,0.0,0.0,0.11,0.0,False,50
LOC100506476,0.122,1,1,1,33.0,7.0,32.24590163934426,0.19424460431654678,0.0,0.01,0.02,0.03,0.25,0.64,0.25,0.01,0.01,0.0,0.0,0.0,0.46,0.0,False,50
FABP4,0.121,0,0,0,21.0,1.0,19.950413223140497,0.7619047619047619,0.2,0.0,0.01,0.0,0.0,0.0,0.0,0.38,0.32,0.25,0.25,0.0,0.0,0.2,False,50
CCDC141,0.121,0,0,0,33.0,1.0,29.33884297520661,0.036458333333333336,0.0,0.31,0.14,0.18,0.31,0.03,0.24,0.0,0.0,0.0,0.0,0.93,0.2,0.0,False,50
CDR1,0.118,1,1,1,8.5,1.0,12.161016949152541,0.021164021164021163,0.0,0.84,0.05,0.29,0.0,0.0,0.0,0.0,0.0,0.0,0.0,1.0,0.0,0.0,False,50
TRDN,0.11700000000000002,0,0,0,26.0,4.0,26.512820512820515,0.05785123966942149,0.0,0.4,0.05,0.15,0.24,0.03,0.25,0.03,0.02,0.0,0.0,0.19,0.27,0.0,False,50
ACVR1C,0.11699999999999999,0,0,0,26.0,1.0,25.65811965811966,0.37398373983739835,0.18,0.05,0.12,0.01,0.03,0.14,0.21,0.17,0.14,0.15,0.15,0.24,0.15,0.18,False,50
FGFBP2,0.11699999999999999,0,0,0,32.0,4.0,30.914529914529915,0.16,0.0,0.27,0.32,0.1,0.07,0.2,0.18,0.02,0.01,0.0,0.0,0.78,0.09,0.0,False,50
DLG3,0.11500000000000002,0,0,0,17.0,1.0,17.469565217391306,1.0,0.16,0.0,0.0,0.0,0.0,0.0,0.0,0.26,0.23,0.33,0.33,0.0,0.0,0.16,False,50
PSRC1,0.11100000000000002,0,0,0,18.0,1.0,18.62162162162162,1.0,0.26,0.0,0.0,0.0,0.0,0.0,0.0,0.31,0.28,0.26,0.26,0.0,0.0,0.26,False,50
DSP,0.11000000000000001,0,0,0,22.0,4.0,24.418181818181818,0.8970588235294118,0.0,0.02,0.02,0.0,0.11,0.12,0.23,0.27,0.33,0.0,0.0,0.0,0.14,0.0,False,50
ACSM5,0.11000000000000001,0,0,0,25.0,1.0,27.01818181818182,0.5454545454545454,0.05,0.01,0.01,0.0,0.05,0.07,0.31,0.14,0.09,0.21,0.21,0.06,0.06,0.05,False,50
IFNLR1,0.11000000000000001,1,1,1,29.0,6.0,27.90909090909091,0.7563025210084033,0.0,0.04,0.06,0.17,0.29,0.54,0.0,0.0,0.0,0.0,0.0,0.0,0.26,0.0,False,50
LOC90768,0.11000000000000001,1,1,1,36.0,2.0,34.74545454545454,0.07766990291262135,0.0,0.01,0.0,0.0,0.66,0.05,0.28,0.03,0.05,0.01,0.01,0.0,0.27,0.0,False,50
CCNE2,0.10900000000000001,0,0,0,17.0,1.0,18.889908256880734,0.9166666666666666,0.19,0.01,0.15,0.0,0.0,0.0,0.0,0.25,0.2,0.24,0.24,0.0,0.0,0.19,False,50
SPP1,0.10700000000000001,1,1,1,22.0,1.0,22.925233644859812,0.5544554455445545,0.0,0.01,0.19,0.15,0.07,0.65,0.0,0.0,0.0,0.0,0.0,0.0,0.09,0.0,False,50
GDF10,0.10700000000000001,1,1,1,31.0,6.0,32.96261682242991,0.0,0.0,0.01,0.0,0.0,0.64,0.0,0.42,0.0,0.0,0.0,0.0,0.0,0.47,0.0,False,50
MMP11,0.10600000000000001,0,0,0,19.0,1.0,20.132075471698112,0.98,0.95,0.0,0.06,0.0,0.0,0.0,0.0,0.23,0.25,0.26,0.26,0.0,0.0,0.95,False,50
ADAR,0.10500000000000001,0,0,0,14.0,3.0,17.847619047619048,0.9923664122137404,0.78,0.0,0.01,0.0,0.0,0.0,0.0,0.31,0.31,0.21,0.21,0.0,0.0,0.78,False,50
CYB561,0.10500000000000001,0,0,0,19.0,1.0,19.076190476190476,1.0,0.06,0.0,0.01,0.0,0.0,0.0,0.01,0.21,0.26,0.28,0.28,0.0,0.0,0.06,False,50
CPS1,0.10500000000000001,1,1,1,19.0,1.0,21.38095238095238,0.49074074074074076,0.0,0.02,0.11,0.01,0.06,0.85,0.0,0.0,0.0,0.0,0.0,0.02,0.02,0.0,False,50
CKAP4,0.10500000000000001,0,0,0,22.0,3.0,23.34285714285714,0.8620689655172413,0.0,0.05,0.13,0.0,0.0,0.0,0.0,0.34,0.41,0.06,0.06,0.0,0.0,0.0,False,50
TMEM246,0.10500000000000001,0,0,0,33.0,4.0,32.04761904761905,0.03225806451612903,0.0,0.14,0.0,0.02,0.33,0.05,0.49,0.01,0.01,0.0,0.0,0.04,0.36,0.0,False,50
CREB5,0.10500000000000001,1,1,1,36.0,16.0,35.352380952380955,0.008771929824561403,0.0,0.01,0.0,0.05,0.53,0.0,0.44,0.0,0.0,0.01,0.01,0.04,0.55,0.0,False,50
FDXACB1,0.10400000000000001,1,1,1,21.0,3.0,23.25,0.9263157894736842,0.0,0.02,0.0,0.35,0.51,0.16,0.0,0.0,0.0,0.0,0.0,0.0,0.26,0.0,False,50
LVRN,0.10400000000000001,0,0,0,25.0,1.0,25.384615384615383,0.22857142857142856,0.0,0.16,0.01,0.01,0.2,0.06,0.2,0.15,0.15,0.05,0.05,0.22,0.2,0.0,False,50
LIMK2,0.10200000000000001,0,0,0,18.0,1.0,21.058823529411764,1.0,0.18,0.0,0.0,0.0,0.0,0.0,0.0,0.21,0.23,0.29,0.29,0.0,0.0,0.18,False,50
DMRT2,0.1,0,0,0,36.0,8.0,35.12,0.06481481481481481,0.0,0.13,0.01,0.04,0.38,0.06,0.38,0.0,0.0,0.0,0.0,0.08,0.42,0.0,False,50
LOC102723886,0.099,1,1,1,4.0,1.0,10.393939393939394,0.04093567251461988,0.0,0.7,0.13,0.14,0.0,0.0,0.0,0.0,0.0,0.01,0.01,0.87,0.0,0.0,False,50
ADH1A,0.098,0,0,0,38.0,16.0,36.95918367346939,0.02127659574468085,0.0,0.13,0.0,0.0,0.41,0.03,0.37,0.02,0.02,0.0,0.0,0.0,0.35,0.0,False,50
CTHRC1,0.096,1,1,1,21.5,1.0,22.385416666666668,0.7063492063492064,0.0,0.28,0.62,0.03,0.0,0.03,0.0,0.0,0.0,0.0,0.0,0.33,0.0,0.0,False,50
MICAL2,0.09500000000000001,0,0,0,18.0,2.0,19.96842105263158,0.9230769230769231,0.02,0.03,0.06,0.0,0.0,0.0,0.0,0.34,0.38,0.07,0.07,0.0,0.0,0.02,False,50
MLXIPL,0.095,1,1,1,36.0,3.0,34.01052631578948,0.0641025641025641,0.0,0.05,0.0,0.01,0.23,0.07,0.59,0.0,0.0,0.0,0.0,0.06,0.37,0.0,False,50
ALDH1L1,0.09200000000000001,0,0,0,31.5,7.0,30.08695652173913,0.10227272727272728,0.0,0.09,0.03,0.0,0.18,0.08,0.45,0.04,0.03,0.01,0.01,0.25,0.2,0.0,False,50
SMARCA4,0.092,0,0,0,18.0,4.0,20.847826086956523,0.9879518072289156,0.32,0.01,0.02,0.0,0.0,0.0,0.0,0.32,0.25,0.16,0.16,0.0,0.0,0.32,False,50
TRA2A,0.092,0,0,0,22.0,1.0,22.47826086956522,0.7926829268292683,0.05,0.07,0.32,0.03,0.0,0.0,0.0,0.17,0.15,0.09,0.09,0.12,0.0,0.05,False,50
LINC00471,0.091,1,1,1,10.0,2.0,16.043956043956044,1.0,0.0,0.01,0.0,0.57,0.33,0.0,0.0,0.0,0.0,0.0,0.0,0.0,0.2,0.0,False,50
ARRDC1,0.08900000000000001,0,0,0,16.0,2.0,18.370786516853933,1.0,0.08,0.0,0.0,0.0,0.0,0.0,0.0,0.13,0.12,0.32,0.32,0.0,0.0,0.08,False,50
SLC35A2,0.088,0,0,0,18.5,2.0,19.363636363636363,1.0,0.3,0.0,0.0,0.0,0.0,0.0,0.0,0.3,0.38,0.1,0.1,0.0,0.0,0.3,False,50
ADRA1A,0.088,1,1,1,35.5,8.0,34.31818181818182,0.0,0.0,0.0,0.0,0.0,0.3,0.0,0.58,0.0,0.0,0.0,0.0,0.02,0.26,0.0,False,50
SGK2,0.088,1,1,1,36.0,17.0,36.10227272727273,0.0,0.0,0.01,0.0,0.0,0.16,0.01,0.7,0.0,0.0,0.0,0.0,0.0,0.25,0.0,False,50
ARHGAP42,0.085,1,1,1,36.0,8.0,34.1764705882353,0.4065934065934066,0.0,0.03,0.1,0.02,0.12,0.55,0.03,0.0,0.0,0.0,0.0,0.0,0.11,0.0,False,50
FAM110A,0.08399999999999999,0,0,0,20.0,1.0,23.071428571428573,1.0,0.03,0.0,0.0,0.0,0.0,0.0,0.0,0.25,0.37,0.11,0.11,0.0,0.0,0.03,False,50
CDS1,0.08299999999999999,0,0,0,17.0,1.0,20.228915662650603,1.0,0.0,0.0,0.0,0.0,0.0,0.0,0.01,0.26,0.36,0.1,0.1,0.0,0.0,0.0,False,50
TRMT13,0.082,0,0,0,27.0,2.0,25.926829268292682,0.6212121212121212,0.0,0.14,0.35,0.14,0.0,0.11,0.0,0.03,0.03,0.01,0.01,0.02,0.0,0.0,False,50
C11orf74,0.081,1,1,1,26.0,6.0,26.925925925925927,0.4827586206896552,0.0,0.02,0.04,0.0,0.09,0.65,0.01,0.0,0.0,0.0,0.0,0.0,0.07,0.0,False,50
NRIP3,0.081,0,0,0,28.0,3.0,28.444444444444443,0.673469387755102,0.0,0.01,0.06,0.35,0.01,0.38,0.0,0.0,0.0,0.0,0.0,0.0,0.03,0.0,False,50
CANT1,0.08,0,0,0,16.0,1.0,18.75,1.0,0.02,0.0,0.01,0.0,0.0,0.0,0.0,0.15,0.14,0.25,0.25,0.0,0.0,0.02,False,50
KCNIP2,0.08,0,0,0,29.5,2.0,30.9875,0.3103448275862069,0.0,0.03,0.0,0.0,0.14,0.04,0.33,0.1,0.08,0.04,0.04,0.04,0.19,0.0,False,50
MOCS1,0.079,0,0,0,36.0,3.0,34.0126582278481,0.484375,0.0,0.17,0.2,0.02,0.0,0.13,0.16,0.06,0.05,0.0,0.0,0.08,0.0,0.0,False,50
ADAMTS8,0.078,0,0,0,16.0,1.0,18.102564102564102,0.8555555555555555,0.0,0.01,0.0,0.15,0.4,0.22,0.0,0.0,0.0,0.0,0.0,0.0,0.27,0.0,False,50
VTI1B,0.078,0,0,0,16.0,1.0,20.115384615384617,1.0,0.0,0.0,0.0,0.02,0.0,0.0,0.0,0.3,0.16,0.15,0.15,0.0,0.0,0.0,False,50
TELO2,0.078,0,0,0,21.0,5.0,23.78205128205128,0.9666666666666667,0.59,0.0,0.04,0.0,0.0,0.0,0.0,0.15,0.35,0.12,0.12,0.0,0.0,0.59,False,50
EFNA1,0.077,0,0,0,22.0,1.0,23.01298701298701,0.975,0.0,0.01,0.01,0.0,0.0,0.01,0.0,0.22,0.24,0.14,0.14,0.01,0.0,0.0,False,50
CORO2B,0.077,0,0,0,35.0,9.0,33.55844155844156,0.0425531914893617,0.0,0.01,0.0,0.0,0.26,0.0,0.46,0.0,0.0,0.02,0.02,0.0,0.18,0.0,False,50
EZH2,0.076,0,0,0,15.5,3.0,17.092105263157894,1.0,0.2,0.0,0.01,0.0,0.0,0.0,0.0,0.19,0.18,0.19,0.19,0.0,0.0,0.2,False,50
FAM83H,0.075,0,0,0,17.0,3.0,19.373333333333335,1.0,0.2,0.0,0.0,0.0,0.0,0.0,0.01,0.19,0.15,0.2,0.2,0.0,0.01,0.2,False,50
AGRN,0.074,0,0,0,17.5,3.0,20.027027027027028,0.9540229885057471,0.46,0.04,0.09,0.01,0.0,0.0,0.0,0.06,0.1,0.22,0.22,0.0,0.0,0.46,False,50
ZNF764,0.073,0,0,0,21.0,3.0,23.589041095890412,1.0,0.0,0.0,0.0,0.0,0.0,0.0,0.0,0.22,0.27,0.12,0.12,0.0,0.0,0.0,False,50
SEC14L2,0.073,0,0,0,23.0,1.0,25.65753424657534,0.6666666666666666,0.0,0.06,0.15,0.37,0.0,0.15,0.0,0.0,0.0,0.0,0.0,0.0,0.0,0.0,False,50
DIS3L,0.072,0,0,0,33.0,1.0,30.708333333333332,0.3968253968253968,0.0,0.08,0.13,0.11,0.02,0.38,0.0,0.0,0.0,0.0,0.0,0.0,0.02,0.0,False,50
KLHL31,0.07100000000000001,0,0,0,30.0,5.0,30.985915492957748,0.26153846153846155,0.0,0.04,0.03,0.02,0.15,0.18,0.22,0.04,0.03,0.0,0.0,0.03,0.18,0.0,False,50
TDRD9,0.071,0,0,0,26.0,1.0,25.47887323943662,0.7959183673469388,0.0,0.01,0.01,0.32,0.15,0.22,0.0,0.0,0.0,0.0,0.0,0.0,0.1,0.0,False,50
PLA2G2A,0.07000000000000002,0,0,0,22.0,1.0,23.271428571428572,0.17857142857142858,0.0,0.0,0.0,0.0,0.19,0.23,0.2,0.01,0.07,0.0,0.0,0.0,0.13,0.0,False,50
ENTPD7,0.07,0,0,0,23.5,1.0,23.142857142857142,0.7727272727272727,0.0,0.23,0.23,0.07,0.05,0.12,0.0,0.0,0.0,0.0,0.0,0.0,0.03,0.0,False,50
HINT3,0.07,0,0,0,23.0,1.0,23.542857142857144,0.2857142857142857,0.0,0.19,0.39,0.0,0.0,0.12,0.0,0.0,0.0,0.0,0.0,0.0,0.0,0.0,False,50
NPR1,0.06999999999999999,0,0,0,26.0,1.0,25.228571428571428,0.6779661016949152,0.14,0.0,0.08,0.0,0.0,0.01,0.0,0.26,0.21,0.07,0.07,0.03,0.0,0.14,False,50
KIAA0907,0.069,0,0,0,25.0,5.0,26.217391304347824,0.9247311827956989,0.57,0.03,0.09,0.0,0.0,0.0,0.0,0.2,0.29,0.04,0.04,0.0,0.0,0.57,False,50
FAM134A,0.06899999999999999,0,0,0,22.0,5.0,21.884057971014492,0.9705882352941176,0.0,0.0,0.01,0.0,0.0,0.0,0.0,0.14,0.16,0.19,0.19,0.0,0.0,0.0,False,50
LYPD6,0.06899999999999999,0,0,0,25.0,4.0,24.10144927536232,0.6129032258064516,0.0,0.0,0.04,0.42,0.02,0.21,0.0,0.0,0.0,0.0,0.0,0.0,0.04,0.0,False,50
MYO5B,0.06800000000000002,0,0,0,21.0,1.0,21.852941176470587,0.8253968253968254,0.03,0.06,0.06,0.03,0.12,0.14,0.11,0.04,0.04,0.04,0.04,0.01,0.13,0.03,False,50
CMA1,0.06800000000000002,0,0,0,29.0,4.0,27.808823529411764,0.37735849056603776,0.0,0.2,0.07,0.03,0.0,0.0,0.0,0.09,0.15,0.07,0.07,0.1,0.0,0.0,False,50
ALAS2,0.068,1,1,1,9.0,1.0,13.058823529411764,0.007407407407407408,0.0,0.54,0.03,0.11,0.0,0.0,0.0,0.0,0.0,0.0,0.0,0.78,0.0,0.0,False,50
NAT14,0.06700000000000002,0,0,0,22.0,2.0,24.238805970149254,1.0,0.76,0.01,0.02,0.0,0.0,0.0,0.0,0.26,0.3,0.04,0.04,0.0,0.0,0.76,False,50
WDR90,0.067,0,0,0,20.0,4.0,20.597014925373134,1.0,0.84,0.0,0.0,0.0,0.0,0.0,0.0,0.2,0.21,0.13,0.13,0.0,0.0,0.84,False,50
BARD1,0.067,0,0,0,19.0,3.0,20.671641791044777,0.9487179487179487,0.04,0.0,0.03,0.0,0.0,0.0,0.0,0.19,0.19,0.13,0.13,0.0,0.0,0.04,False,50
LOC101929726,0.066,0,0,0,20.0,4.0,22.803030303030305,0.15625,0.0,0.05,0.0,0.01,0.2,0.2,0.2,0.0,0.0,0.0,0.0,0.0,0.19,0.0,False,50
KLB,0.066,0,0,0,34.5,11.0,33.484848484848484,0.12048192771084337,0.0,0.15,0.09,0.04,0.08,0.08,0.18,0.03,0.01,0.0,0.0,0.22,0.18,0.0,False,50
FHL5,0.06500000000000002,0,0,0,27.0,4.0,28.553846153846155,0.10256410256410256,0.0,0.09,0.01,0.04,0.21,0.03,0.16,0.02,0.01,0.04,0.04,0.21,0.17,0.0,False,50
RCC2,0.065,0,0,0,18.0,1.0,18.876923076923077,1.0,0.15,0.0,0.0,0.0,0.0,0.0,0.0,0.17,0.12,0.18,0.18,0.0,0.0,0.15,False,50
LCOR,0.065,0,0,0,27.0,2.0,26.092307692307692,0.6,0.0,0.1,0.4,0.1,0.0,0.05,0.0,0.0,0.0,0.0,0.0,0.0,0.0,0.0,False,50
MCM2,0.06499999999999999,0,0,0,22.0,2.0,22.70769230769231,1.0,0.18,0.0,0.0,0.0,0.0,0.0,0.0,0.25,0.22,0.09,0.09,0.0,0.0,0.18,False,50
GINS1,0.064,0,0,0,20.0,2.0,22.625,0.98,0.18,0.0,0.01,0.0,0.0,0.0,0.0,0.17,0.18,0.14,0.14,0.0,0.0,0.18,False,50
WNT11,0.064,0,0,0,28.5,3.0,26.96875,0.49230769230769234,0.0,0.09,0.29,0.0,0.0,0.23,0.0,0.02,0.01,0.0,0.0,0.02,0.0,0.0,False,50
KIF26B,0.06300000000000001,0,0,0,17.0,1.0,20.19047619047619,0.7972972972972973,0.14,0.13,0.44,0.01,0.0,0.01,0.0,0.02,0.02,0.0,0.0,0.0,0.0,0.14,False,50
LOC101929406,0.063,1,1,1,14.0,1.0,17.666666666666668,0.009174311926605505,0.0,0.54,0.01,0.08,0.0,0.0,0.0,0.0,0.0,0.0,0.0,0.54,0.0,0.0,False,50
BANK1,0.063,0,0,0,26.0,1.0,24.73015873015873,0.2786885245901639,0.0,0.06,0.17,0.02,0.04,0.34,0.0,0.0,0.0,0.0,0.0,0.0,0.0,0.0,False,50
PYGM,0.06200000000000001,0,0,0,24.5,1.0,24.774193548387096,0.20754716981132076,0.0,0.02,0.0,0.02,0.19,0.02,0.19,0.08,0.06,0.02,0.02,0.02,0.18,0.0,False,50
FAAH2,0.06200000000000001,0,0,0,21.0,1.0,24.951612903225808,1.0,0.39,0.0,0.0,0.0,0.0,0.0,0.0,0.23,0.31,0.04,0.04,0.0,0.0,0.39,False,50
HSPA12A,0.06200000000000001,0,0,0,36.0,2.0,32.33870967741935,0.3793103448275862,0.0,0.03,0.08,0.01,0.1,0.17,0.1,0.07,0.04,0.01,0.01,0.01,0.11,0.0,False,50
GPIHBP1,0.06200000000000001,1,1,1,39.0,12.0,36.46774193548387,0.08695652173913043,0.0,0.01,0.01,0.02,0.03,0.0,0.53,0.01,0.01,0.0,0.0,0.06,0.11,0.0,False,50
WDFY3-AS2,0.062,0,0,0,42.0,8.0,38.0,0.40350877192982454,0.0,0.02,0.08,0.01,0.06,0.29,0.15,0.01,0.0,0.0,0.0,0.05,0.06,0.0,False,50
DDR2,0.06100000000000001,0,0,0,16.0,2.0,18.639344262295083,0.9166666666666666,0.03,0.0,0.0,0.0,0.0,0.0,0.0,0.13,0.08,0.2,0.2,0.0,0.0,0.03,False,50
PENK,0.06100000000000001,0,0,0,20.0,2.0,21.672131147540984,0.08148148148148149,0.0,0.4,0.18,0.03,0.0,0.0,0.0,0.0,0.0,0.0,0.0,0.77,0.0,0.0,False,50
ALPK3,0.06100000000000001,0,0,0,30.0,5.0,30.34426229508197,0.171875,0.0,0.04,0.03,0.01,0.2,0.11,0.2,0.01,0.01,0.0,0.0,0.07,0.18,0.0,False,50
ADAM22,0.06100000000000001,0,0,0,37.0,12.0,35.868852459016395,0.013157894736842105,0.0,0.03,0.0,0.0,0.39,0.0,0.17,0.0,0.0,0.01,0.01,0.0,0.33,0.0,False,50
LINC00310,0.06100000000000001,0,0,0,38.0,2.0,35.885245901639344,0.03571428571428571,0.0,0.02,0.0,0.02,0.27,0.0,0.23,0.02,0.05,0.0,0.0,0.04,0.21,0.0,False,50
USP43,0.061,0,0,0,29.0,3.0,30.475409836065573,0.5897435897435898,0.0,0.0,0.0,0.24,0.09,0.28,0.0,0.0,0.0,0.0,0.0,0.0,0.02,0.0,False,50
SLC29A4,0.06000000000000001,0,0,0,18.0,4.0,21.0,0.13559322033898305,0.0,0.01,0.0,0.01,0.2,0.17,0.2,0.01,0.0,0.0,0.0,0.0,0.2,0.0,False,50
MT1M,0.06000000000000001,0,0,0,34.5,3.0,32.266666666666666,0.375,0.0,0.12,0.28,0.0,0.0,0.0,0.04,0.06,0.04,0.03,0.03,0.07,0.0,0.0,False,50
MYOC,0.06000000000000001,0,0,0,41.0,22.0,39.416666666666664,0.0,0.0,0.0,0.0,0.0,0.4,0.0,0.2,0.0,0.0,0.0,0.0,0.0,0.29,0.0,False,50
CHML,0.06,0,0,0,18.5,1.0,18.816666666666666,1.0,0.43,0.0,0.0,0.0,0.0,0.0,0.0,0.17,0.23,0.1,0.1,0.0,0.0,0.43,False,50
TMEM44-AS1,0.06,0,0,0,27.5,1.0,26.55,0.41935483870967744,0.0,0.05,0.13,0.02,0.01,0.39,0.0,0.0,0.0,0.0,0.0,0.0,0.04,0.0,False,50
CACNB3,0.05900000000000001,0,0,0,24.0,1.0,25.389830508474578,1.0,0.62,0.0,0.0,0.0,0.0,0.0,0.0,0.22,0.27,0.05,0.05,0.0,0.0,0.62,False,50
LINC00968,0.05900000000000001,0,0,0,40.0,7.0,37.11864406779661,0.05063291139240506,0.0,0.14,0.02,0.06,0.15,0.0,0.19,0.02,0.01,0.0,0.0,0.42,0.04,0.0,False,50
RAB11FIP3,0.059,0,0,0,19.0,4.0,21.491525423728813,1.0,0.24,0.0,0.0,0.0,0.0,0.0,0.0,0.18,0.23,0.09,0.09,0.0,0.0,0.24,False,50
LOC283588,0.059,0,0,0,22.0,2.0,23.305084745762713,0.7142857142857143,0.0,0.07,0.08,0.33,0.03,0.08,0.0,0.0,0.0,0.0,0.0,0.0,0.02,0.0,False,50
PRSS8,0.05800000000000001,0,0,0,15.5,1.0,19.482758620689655,1.0,0.71,0.0,0.0,0.0,0.0,0.0,0.0,0.26,0.28,0.02,0.02,0.0,0.0,0.71,False,50
ADRB1,0.05800000000000001,0,0,0,20.5,2.0,23.448275862068964,0.41379310344827586,0.0,0.09,0.25,0.01,0.02,0.18,0.0,0.03,0.0,0.0,0.0,0.0,0.01,0.0,False,50
ABCB7,0.05800000000000001,0,0,0,30.5,3.0,28.43103448275862,0.3333333333333333,0.0,0.13,0.14,0.1,0.07,0.14,0.0,0.0,0.0,0.0,0.0,0.01,0.08,0.0,False,50
BHMT2,0.05800000000000001,0,0,0,36.5,7.0,36.0,0.17777777777777778,0.0,0.02,0.0,0.0,0.17,0.1,0.27,0.01,0.01,0.0,0.0,0.0,0.15,0.0,False,50
CLDN4,0.057999999999999996,0,0,0,18.0,1.0,19.75862068965517,1.0,0.0,0.0,0.0,0.0,0.0,0.0,0.0,0.17,0.21,0.1,0.1,0.0,0.0,0.0,False,50
EMX2,0.057999999999999996,0,0,0,27.0,4.0,26.620689655172413,0.09433962264150944,0.0,0.1,0.02,0.02,0.21,0.06,0.17,0.0,0.0,0.0,0.0,0.02,0.12,0.0,False,50
LOC100289361,0.057999999999999996,0,0,0,30.5,8.0,31.310344827586206,0.5172413793103449,0.0,0.01,0.06,0.02,0.01,0.48,0.0,0.0,0.0,0.0,0.0,0.0,0.02,0.0,False,50
ALCAM,0.05700000000000001,1,1,1,20.0,2.0,21.736842105263158,0.6724137931034483,0.0,0.0,0.0,0.0,0.03,0.54,0.0,0.0,0.0,0.0,0.0,0.0,0.01,0.0,False,50
COMP,0.05700000000000001,0,0,0,23.0,2.0,24.263157894736842,0.8023255813953488,0.4,0.06,0.31,0.01,0.0,0.01,0.0,0.03,0.07,0.04,0.04,0.01,0.0,0.4,False,50
FTX,0.05700000000000001,0,0,0,24.0,3.0,24.719298245614034,0.75,0.0,0.2,0.26,0.08,0.0,0.01,0.0,0.01,0.01,0.0,0.0,0.08,0.0,0.0,False,50
SLC44A1,0.05700000000000001,0,0,0,26.0,1.0,25.333333333333332,0.6486486486486487,0.0,0.06,0.16,0.05,0.0,0.05,0.0,0.09,0.14,0.01,0.01,0.0,0.0,0.0,False,50
VAV3,0.05700000000000001,0,0,0,34.0,3.0,31.56140350877193,0.6481481481481481,0.01,0.06,0.2,0.08,0.0,0.22,0.0,0.0,0.01,0.0,0.0,0.0,0.05,0.01,False,50
OR2H4P,0.056999999999999995,0,0,0,16.0,3.0,18.859649122807017,0.0,0.0,0.48,0.0,0.09,0.0,0.0,0.0,0.0,0.0,0.0,0.0,0.64,0.0,0.0,False,50
LOC101929486,0.05600000000000001,0,0,0,6.0,1.0,10.714285714285714,0.0,0.0,0.49,0.0,0.07,0.0,0.0,0.0,0.0,0.0,0.0,0.0,0.62,0.0,0.0,False,50
LOC105371414,0.05600000000000001,0,0,0,23.5,2.0,24.803571428571427,0.0,0.0,0.46,0.0,0.1,0.0,0.0,0.0,0.0,0.0,0.0,0.0,0.53,0.0,0.0,False,50
LRRN1,0.05500000000000001,0,0,0,29.0,1.0,29.254545454545454,0.5172413793103449,0.0,0.03,0.22,0.26,0.0,0.04,0.0,0.0,0.0,0.0,0.0,0.0,0.0,0.0,False,50
LRFN5,0.054000000000000006,0,0,0,25.0,2.0,23.62962962962963,0.11711711711711711,0.0,0.2,0.22,0.03,0.03,0.06,0.0,0.0,0.0,0.0,0.0,0.59,0.01,0.0,False,50
KDM2A,0.05399999999999999,0,0,0,25.0,2.0,22.62962962962963,0.8695652173913043,0.12,0.08,0.09,0.02,0.0,0.0,0.0,0.13,0.14,0.04,0.04,0.0,0.0,0.12,False,50
WDR34,0.053000000000000005,0,0,0,28.0,4.0,26.30188679245283,1.0,0.08,0.0,0.0,0.0,0.0,0.0,0.0,0.24,0.23,0.03,0.03,0.0,0.0,0.08,False,50
CPEB1,0.053000000000000005,0,0,0,28.0,1.0,26.566037735849058,0.26666666666666666,0.0,0.04,0.08,0.0,0.07,0.33,0.01,0.0,0.0,0.0,0.0,0.0,0.08,0.0,False,50
GRP,0.053000000000000005,0,0,0,26.0,2.0,27.22641509433962,0.5277777777777778,0.0,0.02,0.06,0.17,0.01,0.27,0.0,0.0,0.0,0.0,0.0,0.0,0.0,0.0,False,50
FGF14-AS2,0.053000000000000005,0,0,0,31.0,12.0,32.0377358490566,0.1780821917808219,0.0,0.04,0.07,0.0,0.09,0.14,0.14,0.03,0.02,0.0,0.0,0.23,0.13,0.0,False,50
CDC42EP2,0.053000000000000005,0,0,0,38.0,19.0,38.18867924528302,0.09259259259259259,0.0,0.03,0.0,0.02,0.22,0.12,0.14,0.0,0.0,0.0,0.0,0.01,0.16,0.0,False,50
ZNF512B,0.051000000000000004,0,0,0,19.0,1.0,20.11764705882353,1.0,0.0,0.0,0.0,0.0,0.0,0.0,0.0,0.18,0.23,0.05,0.05,0.0,0.0,0.0,False,50
GLA,0.051000000000000004,0,0,0,20.0,1.0,21.627450980392158,0.7872340425531915,0.0,0.02,0.02,0.16,0.15,0.16,0.0,0.0,0.0,0.0,0.0,0.0,0.12,0.0,False,50
MORC2,0.051000000000000004,0,0,0,19.0,4.0,22.823529411764707,1.0,0.44,0.0,0.0,0.0,0.0,0.0,0.0,0.13,0.2,0.09,0.09,0.0,0.0,0.44,False,50
ADGRD1,0.051000000000000004,0,0,0,39.0,9.0,36.88235294117647,0.0,0.0,0.03,0.0,0.04,0.1,0.0,0.34,0.0,0.0,0.0,0.0,0.11,0.08,0.0,False,50
FTCDNL1,0.051000000000000004,0,0,0,41.0,17.0,39.509803921568626,0.1016949152542373,0.0,0.02,0.01,0.01,0.25,0.11,0.11,0.0,0.0,0.0,0.0,0.02,0.18,0.0,False,50
SLC12A7,0.05,0,0,0,17.5,4.0,19.52,1.0,0.0,0.0,0.0,0.0,0.0,0.0,0.0,0.14,0.16,0.1,0.1,0.0,0.0,0.0,False,50
BMPER,0.05,0,0,0,21.0,4.0,22.58,0.5,0.0,0.02,0.0,0.01,0.05,0.0,0.16,0.07,0.03,0.08,0.08,0.04,0.04,0.0,False,50
SETD5,0.05,0,0,0,24.0,2.0,23.22,1.0,0.0,0.0,0.0,0.0,0.0,0.0,0.0,0.16,0.24,0.05,0.05,0.0,0.0,0.0,False,50
GPLD1,0.05,0,0,0,33.5,13.0,32.88,0.0784313725490196,0.0,0.01,0.0,0.0,0.17,0.14,0.18,0.0,0.0,0.0,0.0,0.0,0.19,0.0,False,50
RBMS3-AS3,0.05,0,0,0,42.5,17.0,40.34,0.0196078431372549,0.0,0.0,0.0,0.0,0.3,0.0,0.19,0.01,0.0,0.0,0.0,0.0,0.2,0.0,False,50
RDH13,0.049,0,0,0,17.0,2.0,20.306122448979593,1.0,0.11,0.0,0.0,0.0,0.0,0.0,0.0,0.17,0.16,0.08,0.08,0.0,0.0,0.11,False,50
LLGL2,0.049,0,0,0,26.0,3.0,26.102040816326532,1.0,0.93,0.0,0.0,0.0,0.0,0.0,0.0,0.19,0.24,0.03,0.03,0.0,0.0,0.93,False,50
GRHL2,0.049,0,0,0,25.0,4.0,26.46938775510204,0.9629629629629629,0.0,0.0,0.0,0.0,0.01,0.02,0.09,0.19,0.14,0.02,0.02,0.0,0.03,0.0,False,50
ZNF718,0.048,0,0,0,14.5,1.0,18.958333333333332,0.625,0.0,0.08,0.08,0.32,0.0,0.0,0.0,0.0,0.0,0.0,0.0,0.0,0.0,0.0,False,50
UPK3B,0.048,0,0,0,22.5,6.0,24.708333333333332,0.0,0.0,0.0,0.0,0.42,0.06,0.0,0.0,0.0,0.0,0.0,0.0,0.0,0.04,0.0,False,50
PDE11A,0.048,0,0,0,28.5,4.0,28.604166666666668,0.06382978723404255,0.0,0.01,0.0,0.0,0.2,0.06,0.2,0.01,0.0,0.0,0.0,0.0,0.19,0.0,False,50
ZNF124,0.048,0,0,0,30.5,3.0,30.291666666666668,0.6046511627906976,0.0,0.04,0.12,0.1,0.0,0.22,0.0,0.0,0.0,0.0,0.0,0.0,0.05,0.0,False,50
TMED3,0.048,0,0,0,37.0,11.0,33.541666666666664,0.5454545454545454,0.0,0.03,0.09,0.0,0.02,0.29,0.03,0.01,0.01,0.0,0.0,0.0,0.0,0.0,False,50
LSR,0.047,0,0,0,22.0,2.0,22.680851063829788,0.7931034482758621,0.0,0.01,0.08,0.0,0.0,0.0,0.0,0.13,0.11,0.07,0.07,0.0,0.0,0.0,False,50
ALDH18A1,0.047,0,0,0,23.0,4.0,23.74468085106383,0.90625,0.0,0.07,0.12,0.0,0.0,0.0,0.0,0.06,0.08,0.07,0.07,0.0,0.0,0.0,False,50
TRHDE,0.047,0,0,0,26.0,2.0,25.48936170212766,0.046511627906976744,0.0,0.02,0.0,0.01,0.18,0.02,0.2,0.02,0.02,0.0,0.0,0.06,0.13,0.0,False,50
SYN2,0.047,0,0,0,32.0,8.0,31.361702127659573,0.35714285714285715,0.0,0.09,0.0,0.0,0.03,0.01,0.1,0.09,0.13,0.01,0.01,0.0,0.05,0.0,False,50
ZNF436-AS1,0.047,0,0,0,31.0,12.0,31.851063829787233,0.11764705882352941,0.0,0.01,0.01,0.0,0.16,0.18,0.11,0.0,0.0,0.0,0.0,0.0,0.15,0.0,False,50
DPY19L2P3,0.046000000000000006,0,0,0,1.0,1.0,4.978260869565218,1.0,0.0,0.14,0.0,0.16,0.16,0.0,0.0,0.0,0.0,0.0,0.0,0.06,0.16,0.0,False,50
BICDL2,0.046000000000000006,0,0,0,22.0,3.0,24.5,1.0,0.27,0.0,0.0,0.0,0.0,0.0,0.0,0.16,0.24,0.03,0.03,0.0,0.0,0.27,False,50
CNTFR-AS1,0.046000000000000006,0,0,0,27.0,1.0,25.391304347826086,0.09836065573770492,0.0,0.09,0.07,0.02,0.08,0.07,0.09,0.0,0.0,0.02,0.02,0.19,0.09,0.0,False,50
FANCI,0.046,0,0,0,19.5,1.0,18.76086956521739,0.9629629629629629,0.0,0.02,0.02,0.0,0.0,0.0,0.0,0.1,0.06,0.13,0.13,0.0,0.0,0.0,False,50
PPP2R3C,0.046,0,0,0,18.0,6.0,22.195652173913043,0.8518518518518519,0.01,0.02,0.03,0.0,0.0,0.0,0.0,0.15,0.14,0.06,0.06,0.0,0.0,0.01,False,50
TLCD2,0.046,0,0,0,25.0,3.0,26.282608695652176,0.4888888888888889,0.0,0.02,0.24,0.01,0.0,0.18,0.0,0.0,0.01,0.0,0.0,0.0,0.01,0.0,False,50
LINC00537,0.046,0,0,0,28.5,1.0,29.23913043478261,0.5121951219512195,0.0,0.04,0.17,0.05,0.0,0.2,0.0,0.0,0.0,0.0,0.0,0.0,0.0,0.0,False,50
AGPAT5,0.046,0,0,0,36.0,1.0,30.608695652173914,0.6521739130434783,0.0,0.02,0.06,0.0,0.0,0.38,0.0,0.0,0.0,0.0,0.0,0.0,0.0,0.0,False,50
ACKR4,0.045000000000000005,0,0,0,37.0,12.0,34.48888888888889,0.40476190476190477,0.0,0.02,0.06,0.0,0.0,0.34,0.03,0.0,0.0,0.0,0.0,0.0,0.0,0.0,False,50
LOC100272216,0.045,0,0,0,17.0,4.0,20.91111111111111,1.0,0.1,0.0,0.0,0.0,0.0,0.0,0.0,0.17,0.1,0.09,0.09,0.0,0.0,0.1,False,50
CDON,0.045,0,0,0,22.0,1.0,23.333333333333332,0.25,0.0,0.08,0.35,0.01,0.0,0.01,0.0,0.0,0.0,0.0,0.0,0.0,0.0,0.0,False,50
CLC,0.045,0,0,0,24.0,2.0,24.511111111111113,0.0,0.0,0.41,0.0,0.04,0.0,0.0,0.0,0.0,0.0,0.0,0.0,0.49,0.0,0.0,False,50
SLC38A1,0.045,0,0,0,26.0,5.0,26.177777777777777,0.7659574468085106,0.0,0.02,0.02,0.02,0.13,0.17,0.09,0.0,0.0,0.0,0.0,0.0,0.13,0.0,False,50
DCUN1D3,0.045,0,0,0,31.0,4.0,29.822222222222223,0.14583333333333334,0.0,0.11,0.07,0.16,0.03,0.0,0.0,0.06,0.02,0.0,0.0,0.08,0.13,0.0,False,50
KRT8,0.044000000000000004,0,0,0,23.0,3.0,23.545454545454547,0.9696969696969697,0.12,0.0,0.01,0.0,0.0,0.0,0.0,0.19,0.22,0.01,0.01,0.0,0.0,0.12,False,50
RTKN,0.044000000000000004,0,0,0,26.0,3.0,26.636363636363637,1.0,0.31,0.0,0.0,0.0,0.0,0.0,0.0,0.17,0.21,0.03,0.03,0.0,0.0,0.31,False,50
LOC100190986,0.044000000000000004,0,0,0,25.5,4.0,27.522727272727273,0.7272727272727273,0.0,0.0,0.21,0.0,0.0,0.0,0.0,0.07,0.12,0.02,0.02,0.03,0.0,0.0,False,50
ADAMTS9-AS1,0.044000000000000004,0,0,0,30.0,2.0,29.045454545454547,0.06097560975609756,0.0,0.25,0.02,0.11,0.0,0.0,0.0,0.01,0.01,0.02,0.02,0.52,0.0,0.0,False,50
EGFLAM,0.044,0,0,0,24.0,3.0,24.704545454545453,0.5789473684210527,0.01,0.04,0.07,0.0,0.0,0.0,0.0,0.12,0.09,0.06,0.06,0.08,0.0,0.01,False,50
HN1L,0.044,0,0,0,26.5,3.0,25.204545454545453,1.0,0.23,0.0,0.0,0.0,0.0,0.0,0.0,0.18,0.18,0.04,0.04,0.0,0.0,0.23,False,50
ARHGEF3,0.044,0,0,0,25.0,5.0,26.204545454545453,0.2857142857142857,0.0,0.01,0.03,0.37,0.0,0.03,0.0,0.0,0.0,0.0,0.0,0.0,0.0,0.0,False,50
MAP3K1,0.044,0,0,0,26.0,6.0,28.227272727272727,0.8,0.0,0.0,0.03,0.41,0.0,0.0,0.0,0.0,0.0,0.0,0.0,0.0,0.02,0.0,False,50
ODF3L1,0.043000000000000003,0,0,0,31.0,8.0,30.6046511627907,0.01639344262295082,0.0,0.39,0.01,0.03,0.0,0.0,0.0,0.0,0.0,0.0,0.0,0.21,0.0,0.0,False,50
LOC401052,0.043000000000000003,0,0,0,33.0,9.0,32.7906976744186,0.4883720930232558,0.0,0.08,0.25,0.01,0.0,0.06,0.0,0.03,0.0,0.0,0.0,0.0,0.01,0.0,False,50
ST6GALNAC3,0.043000000000000003,0,0,0,39.0,11.0,35.651162790697676,0.1111111111111111,0.0,0.03,0.02,0.01,0.14,0.04,0.19,0.0,0.0,0.0,0.0,0.0,0.13,0.0,False,50
TRIM11,0.043,0,0,0,22.0,1.0,22.651162790697676,0.9901960784313726,0.83,0.0,0.01,0.0,0.0,0.0,0.0,0.14,0.2,0.04,0.04,0.0,0.0,0.83,False,50
SPATS2,0.043,0,0,0,20.0,1.0,23.162790697674417,0.9642857142857143,0.05,0.0,0.03,0.0,0.0,0.0,0.0,0.15,0.15,0.05,0.05,0.0,0.0,0.05,False,50
RWDD1,0.043,0,0,0,23.0,2.0,23.46511627906977,0.9444444444444444,0.0,0.0,0.01,0.0,0.0,0.0,0.0,0.12,0.2,0.05,0.05,0.0,0.0,0.0,False,50
PDK4,0.043,0,0,0,27.0,2.0,29.302325581395348,0.5,0.19,0.0,0.0,0.0,0.0,0.0,0.0,0.13,0.18,0.06,0.06,0.0,0.0,0.19,False,50
CBFA2T2,0.042,0,0,0,14.0,5.0,20.333333333333332,1.0,0.0,0.02,0.01,0.0,0.0,0.0,0.0,0.07,0.04,0.14,0.14,0.0,0.0,0.0,False,50
CNNM4,0.042,0,0,0,18.5,5.0,21.19047619047619,1.0,0.0,0.0,0.0,0.0,0.0,0.0,0.0,0.1,0.12,0.1,0.1,0.0,0.0,0.0,False,50
F2R,0.042,0,0,0,26.5,5.0,26.761904761904763,0.7647058823529411,0.0,0.02,0.02,0.28,0.0,0.1,0.0,0.0,0.0,0.0,0.0,0.0,0.03,0.0,False,50
CD24,0.042,0,0,0,26.0,4.0,27.11904761904762,0.926829268292683,0.0,0.03,0.02,0.02,0.1,0.12,0.11,0.01,0.01,0.0,0.0,0.0,0.13,0.0,False,50
MSX2,0.042,0,0,0,30.0,1.0,28.5,0.5,0.0,0.0,0.03,0.15,0.01,0.23,0.0,0.0,0.0,0.0,0.0,0.0,0.01,0.0,False,50
RAPSN,0.041999999999999996,0,0,0,16.0,2.0,19.11904761904762,1.0,0.0,0.04,0.0,0.33,0.05,0.0,0.0,0.0,0.0,0.0,0.0,0.0,0.03,0.0,False,50
RUSC1-AS1,0.041999999999999996,0,0,0,20.0,3.0,24.11904761904762,1.0,0.03,0.0,0.0,0.0,0.0,0.0,0.0,0.18,0.12,0.06,0.06,0.0,0.0,0.03,False,50
AKR1C4,0.041999999999999996,0,0,0,23.0,1.0,24.857142857142858,0.010526315789473684,0.0,0.35,0.01,0.06,0.0,0.0,0.0,0.0,0.0,0.0,0.0,0.59,0.0,0.0,False,50
LEF1,0.041999999999999996,0,0,0,29.0,1.0,25.904761904761905,0.631578947368421,0.0,0.01,0.05,0.04,0.02,0.3,0.0,0.0,0.0,0.0,0.0,0.0,0.0,0.0,False,50
ATP2A2,0.041,0,0,0,21.0,1.0,20.902439024390244,0.9821428571428571,0.35,0.0,0.02,0.0,0.0,0.0,0.0,0.12,0.13,0.07,0.07,0.0,0.0,0.35,False,50
N4BP2L2,0.041,0,0,0,31.0,4.0,29.0,0.7058823529411765,0.0,0.05,0.22,0.05,0.0,0.05,0.0,0.02,0.02,0.0,0.0,0.0,0.0,0.0,False,50
AP1M2,0.040999999999999995,0,0,0,15.0,2.0,21.317073170731707,0.9767441860465116,0.2,0.0,0.02,0.0,0.0,0.0,0.0,0.16,0.13,0.05,0.05,0.0,0.0,0.2,False,50
KLF15,0.040999999999999995,0,0,0,29.0,4.0,29.365853658536587,0.32142857142857145,0.0,0.04,0.27,0.01,0.0,0.04,0.0,0.01,0.04,0.0,0.0,0.08,0.12,0.0,False,50
KCNE1,0.04,0,0,0,10.0,1.0,15.65,1.0,0.0,0.05,0.0,0.32,0.03,0.0,0.0,0.0,0.0,0.0,0.0,0.0,0.21,0.0,False,50
DNMT3A,0.04,0,0,0,19.0,6.0,20.75,1.0,0.17,0.0,0.0,0.0,0.0,0.0,0.0,0.14,0.12,0.07,0.07,0.0,0.0,0.17,False,50
GNG11,0.04,0,0,0,22.5,4.0,22.475,0.5476190476190477,0.19,0.0,0.0,0.0,0.0,0.0,0.0,0.17,0.11,0.06,0.06,0.0,0.0,0.19,False,50
GDPGP1,0.04,0,0,0,25.0,7.0,25.925,0.4444444444444444,0.0,0.03,0.05,0.31,0.0,0.01,0.0,0.0,0.0,0.0,0.0,0.0,0.0,0.0,False,50
LINC00667,0.04,0,0,0,29.0,2.0,27.7,0.3235294117647059,0.0,0.05,0.13,0.08,0.0,0.14,0.0,0.0,0.0,0.0,0.0,0.02,0.0,0.0,False,50
ANXA2P3,0.04,0,0,0,29.0,5.0,29.8,0.15517241379310345,0.0,0.12,0.12,0.04,0.01,0.09,0.02,0.0,0.0,0.0,0.0,0.2,0.04,0.0,False,50
OVOL2,0.04,0,0,0,30.0,7.0,31.25,0.8125,0.02,0.0,0.0,0.0,0.02,0.13,0.02,0.1,0.13,0.0,0.0,0.0,0.05,0.02,False,50
SNCG,0.04,0,0,0,39.5,17.0,38.275,0.057692307692307696,0.0,0.0,0.0,0.0,0.3,0.07,0.03,0.0,0.0,0.0,0.0,0.0,0.15,0.0,False,50
LINC01140,0.039,0,0,0,18.0,1.0,23.53846153846154,0.9230769230769231,0.02,0.0,0.0,0.0,0.0,0.0,0.0,0.16,0.07,0.08,0.08,0.0,0.0,0.02,False,50
WISP1,0.038000000000000006,0,0,0,29.0,4.0,25.92105263157895,0.7169811320754716,0.17,0.03,0.25,0.0,0.0,0.08,0.0,0.0,0.02,0.0,0.0,0.0,0.0,0.17,False,50
MAPK10,0.038,0,0,0,17.0,1.0,20.526315789473685,0.35135135135135137,0.0,0.04,0.08,0.01,0.07,0.18,0.0,0.0,0.0,0.0,0.0,0.0,0.0,0.0,False,50
ANLN,0.038,0,0,0,24.5,1.0,25.81578947368421,0.95,0.18,0.0,0.03,0.0,0.0,0.0,0.0,0.1,0.07,0.09,0.09,0.0,0.0,0.18,False,50
COL11A1,0.038,0,0,0,23.5,10.0,27.0,0.8470588235294118,0.58,0.0,0.2,0.0,0.0,0.0,0.0,0.06,0.1,0.01,0.01,0.0,0.0,0.58,False,50
RBP7,0.038,0,0,0,26.0,3.0,27.236842105263158,0.85,0.03,0.0,0.0,0.0,0.0,0.0,0.0,0.11,0.15,0.06,0.06,0.0,0.0,0.03,False,50
BGN,0.037000000000000005,0,0,0,34.0,1.0,32.37837837837838,0.5161290322580645,0.03,0.02,0.19,0.0,0.0,0.01,0.0,0.05,0.08,0.01,0.01,0.0,0.0,0.03,False,50
PGC,0.037,0,0,0,13.0,2.0,16.35135135135135,0.0,0.0,0.25,0.0,0.12,0.0,0.0,0.0,0.0,0.0,0.0,0.0,0.86,0.0,0.0,False,50
HDGF,0.037,0,0,0,17.0,2.0,18.62162162162162,1.0,0.03,0.0,0.0,0.0,0.0,0.0,0.0,0.07,0.08,0.11,0.11,0.0,0.0,0.03,False,50
EDNRB,0.037,0,0,0,16.0,6.0,20.2972972972973,0.4864864864864865,0.19,0.0,0.0,0.0,0.0,0.0,0.0,0.08,0.09,0.1,0.1,0.0,0.0,0.19,False,50
TPD52,0.037,0,0,0,27.0,8.0,28.7027027027027,0.8,0.0,0.02,0.01,0.01,0.09,0.11,0.1,0.01,0.02,0.0,0.0,0.0,0.06,0.0,False,50
SEPT8,0.036000000000000004,0,0,0,27.0,5.0,26.63888888888889,0.6285714285714286,0.0,0.05,0.27,0.01,0.0,0.01,0.0,0.0,0.02,0.0,0.0,0.02,0.0,0.0,False,50
LURAP1,0.036,0,0,0,25.0,2.0,25.194444444444443,0.08108108108108109,0.0,0.23,0.04,0.05,0.04,0.0,0.0,0.0,0.0,0.0,0.0,0.02,0.04,0.0,False,50
LOC107985971,0.036,0,0,0,25.0,5.0,26.25,0.9772727272727273,0.29,0.0,0.02,0.0,0.0,0.0,0.0,0.13,0.21,0.0,0.0,0.0,0.0,0.29,False,50
CGN,0.03500000000000001,0,0,0,29.0,3.0,25.6,1.0,0.82,0.0,0.0,0.0,0.0,0.0,0.0,0.14,0.17,0.02,0.02,0.0,0.0,0.82,False,50
BSPRY,0.03500000000000001,0,0,0,28.0,3.0,27.457142857142856,0.775,0.01,0.01,0.02,0.03,0.07,0.15,0.03,0.02,0.02,0.0,0.0,0.0,0.12,0.01,False,50
PGM2L1,0.035,0,0,0,28.0,1.0,25.857142857142858,0.8148148148148148,0.0,0.07,0.17,0.01,0.0,0.0,0.0,0.03,0.07,0.0,0.0,0.0,0.0,0.0,False,50
DNAH17,0.035,0,0,0,25.0,6.0,26.2,0.04918032786885246,0.0,0.21,0.05,0.04,0.02,0.0,0.01,0.0,0.0,0.01,0.01,0.3,0.02,0.0,False,50
TBC1D2,0.034999999999999996,0,0,0,30.0,10.0,29.34285714285714,0.6956521739130435,0.0,0.0,0.07,0.18,0.0,0.1,0.0,0.0,0.0,0.0,0.0,0.0,0.06,0.0,False,50
CD209,0.034,0,0,0,24.5,7.0,25.88235294117647,0.5652173913043478,0.0,0.03,0.08,0.0,0.0,0.0,0.0,0.09,0.12,0.01,0.01,0.01,0.01,0.0,False,50
LMO3,0.034,0,0,0,28.0,3.0,27.441176470588236,0.37142857142857144,0.0,0.03,0.17,0.01,0.01,0.12,0.0,0.0,0.0,0.0,0.0,0.0,0.02,0.0,False,50
ZNF555,0.034,0,0,0,28.0,5.0,28.852941176470587,0.4117647058823529,0.0,0.0,0.1,0.17,0.0,0.07,0.0,0.0,0.0,0.0,0.0,0.0,0.0,0.0,False,50
RGS17,0.034,0,0,0,34.0,2.0,30.705882352941178,0.012987012987012988,0.0,0.1,0.01,0.1,0.07,0.0,0.06,0.0,0.0,0.0,0.0,0.54,0.05,0.0,False,50
TNK2-AS1,0.033999999999999996,0,0,0,20.5,2.0,21.352941176470587,0.014925373134328358,0.0,0.29,0.01,0.04,0.0,0.0,0.0,0.0,0.0,0.0,0.0,0.37,0.0,0.0,False,50
THAP3,0.033999999999999996,0,0,0,34.5,6.0,31.264705882352942,0.2564102564102564,0.0,0.04,0.02,0.01,0.1,0.17,0.0,0.0,0.0,0.0,0.0,0.0,0.06,0.0,False,50
MGC16275,0.033999999999999996,0,0,0,35.0,12.0,33.61764705882353,0.8333333333333334,0.0,0.0,0.0,0.18,0.11,0.05,0.0,0.0,0.0,0.0,0.0,0.0,0.08,0.0,False,50
GTDC1,0.03300000000000001,0,0,0,27.0,7.0,28.03030303030303,0.782608695652174,0.0,0.0,0.12,0.01,0.0,0.01,0.0,0.07,0.06,0.03,0.03,0.0,0.0,0.0,False,50
CAPN1,0.033,0,0,0,28.0,3.0,24.727272727272727,1.0,0.0,0.0,0.0,0.0,0.0,0.0,0.0,0.07,0.12,0.07,0.07,0.0,0.0,0.0,False,50
CDC20,0.033,0,0,0,27.0,2.0,27.333333333333332,1.0,0.28,0.0,0.0,0.0,0.0,0.0,0.0,0.11,0.08,0.07,0.07,0.0,0.0,0.28,False,50
ADAL,0.033,0,0,0,34.0,2.0,28.333333333333332,0.11764705882352941,0.0,0.22,0.09,0.02,0.0,0.0,0.0,0.0,0.0,0.0,0.0,0.03,0.0,0.0,False,50
PLEKHG6,0.033,0,0,0,35.0,15.0,34.333333333333336,0.6,0.0,0.01,0.09,0.03,0.0,0.2,0.0,0.0,0.0,0.0,0.0,0.0,0.0,0.0,False,50
FFAR4,0.033,0,0,0,38.0,11.0,34.878787878787875,0.0,0.0,0.0,0.0,0.0,0.16,0.0,0.17,0.0,0.0,0.0,0.0,0.0,0.07,0.0,False,50
PDE8B,0.032999999999999995,0,0,0,26.0,1.0,24.242424242424242,0.45454545454545453,0.0,0.01,0.09,0.0,0.02,0.21,0.0,0.0,0.0,0.0,0.0,0.0,0.0,0.0,False,50
OR9A1P,0.03200000000000001,0,0,0,12.5,3.0,18.09375,1.0,0.0,0.01,0.0,0.27,0.03,0.01,0.0,0.0,0.0,0.0,0.0,0.0,0.02,0.0,False,50
SOX5,0.03200000000000001,0,0,0,17.0,3.0,21.09375,0.25806451612903225,0.0,0.0,0.0,0.0,0.1,0.19,0.03,0.0,0.0,0.0,0.0,0.0,0.02,0.0,False,50
POGK,0.03200000000000001,0,0,0,19.0,1.0,24.5,0.6551724137931034,0.0,0.06,0.2,0.0,0.0,0.0,0.0,0.03,0.03,0.0,0.0,0.0,0.0,0.0,False,50
LINC01088,0.032,0,0,0,17.0,1.0,20.6875,0.0,0.0,0.22,0.0,0.1,0.0,0.0,0.0,0.0,0.0,0.0,0.0,0.8,0.0,0.0,False,50
C4orf19,0.032,0,0,0,29.0,4.0,29.34375,0.46875,0.0,0.0,0.0,0.0,0.0,0.32,0.0,0.0,0.0,0.0,0.0,0.0,0.0,0.0,False,50
SLC25A51,0.032,0,0,0,33.0,8.0,30.625,0.27586206896551724,0.0,0.06,0.14,0.0,0.0,0.04,0.0,0.02,0.04,0.01,0.01,0.0,0.02,0.0,False,50
ANGPTL8,0.032,0,0,0,38.0,20.0,37.21875,0.0,0.0,0.01,0.0,0.01,0.16,0.0,0.14,0.0,0.0,0.0,0.0,0.0,0.11,0.0,False,50
TLDC1,0.031000000000000007,0,0,0,21.0,2.0,22.483870967741936,1.0,0.0,0.0,0.0,0.0,0.0,0.0,0.0,0.13,0.14,0.02,0.02,0.0,0.0,0.0,False,50
GPATCH11,0.031000000000000007,0,0,0,37.0,6.0,35.16129032258065,0.5217391304347826,0.0,0.0,0.0,0.0,0.05,0.11,0.04,0.06,0.03,0.01,0.01,0.0,0.0,0.0,False,50
SIGLEC9,0.031,0,0,0,13.0,1.0,18.419354838709676,1.0,0.0,0.01,0.0,0.25,0.05,0.0,0.0,0.0,0.0,0.0,0.0,0.0,0.31,0.0,False,50
MYO1C,0.031,0,0,0,16.0,2.0,19.129032258064516,0.4,0.0,0.01,0.06,0.0,0.04,0.19,0.0,0.0,0.01,0.0,0.0,0.0,0.0,0.0,False,50
PRPS1L1,0.031,0,0,0,22.0,2.0,20.06451612903226,0.0,0.0,0.27,0.0,0.04,0.0,0.0,0.0,0.0,0.0,0.0,0.0,0.36,0.0,0.0,False,50
TRIM59,0.031,0,0,0,23.0,5.0,23.903225806451612,0.9583333333333334,0.07,0.01,0.03,0.0,0.0,0.0,0.0,0.08,0.09,0.05,0.05,0.0,0.0,0.07,False,50
LOC101928271,0.031,0,0,0,24.0,7.0,24.451612903225808,0.0,0.0,0.25,0.0,0.06,0.0,0.0,0.0,0.0,0.0,0.0,0.0,0.36,0.0,0.0,False,50
TRPM8,0.031,0,0,0,31.0,4.0,27.870967741935484,1.0,0.0,0.0,0.0,0.26,0.05,0.0,0.0,0.0,0.0,0.0,0.0,0.0,0.05,0.0,False,50
EXOC7,0.031,0,0,0,28.0,15.0,30.64516129032258,1.0,0.07,0.0,0.0,0.0,0.0,0.0,0.0,0.1,0.09,0.06,0.06,0.0,0.0,0.07,False,50
ASPA,0.031,0,0,0,38.0,15.0,36.096774193548384,0.16,0.0,0.04,0.01,0.01,0.01,0.0,0.16,0.04,0.04,0.0,0.0,0.08,0.07,0.0,False,50
ARFGAP1,0.030000000000000006,0,0,0,20.0,2.0,20.3,1.0,0.04,0.0,0.0,0.0,0.0,0.0,0.0,0.07,0.03,0.1,0.1,0.0,0.0,0.04,False,50
IQCH,0.030000000000000006,0,0,0,28.0,8.0,27.033333333333335,0.8571428571428571,0.0,0.02,0.01,0.24,0.03,0.0,0.0,0.0,0.0,0.0,0.0,0.0,0.01,0.0,False,50
LOC389831,0.030000000000000006,0,0,0,33.0,8.0,32.4,0.6666666666666666,0.0,0.0,0.01,0.15,0.01,0.13,0.0,0.0,0.0,0.0,0.0,0.0,0.0,0.0,False,50
OR51E1,0.030000000000000006,0,0,0,32.0,12.0,33.43333333333333,0.07547169811320754,0.0,0.01,0.01,0.04,0.08,0.08,0.08,0.0,0.0,0.0,0.0,0.0,0.35,0.0,False,50
STK11IP,0.030000000000000006,0,0,0,34.0,11.0,35.36666666666667,0.5,0.0,0.0,0.06,0.06,0.0,0.15,0.0,0.01,0.02,0.0,0.0,0.0,0.0,0.0,False,50
HIGD1B,0.030000000000000006,0,0,0,40.0,9.0,36.166666666666664,0.6,0.0,0.03,0.12,0.04,0.0,0.09,0.02,0.0,0.0,0.0,0.0,0.0,0.01,0.0,False,50
LOC101929378,0.03,0,0,0,8.0,1.0,10.866666666666667,0.0,0.0,0.25,0.0,0.05,0.0,0.0,0.0,0.0,0.0,0.0,0.0,0.26,0.0,0.0,False,50
CLEC4GP1,0.03,0,0,0,15.0,2.0,23.0,0.030303030303030304,0.0,0.2,0.02,0.08,0.0,0.0,0.0,0.0,0.0,0.0,0.0,0.44,0.0,0.0,False,50
CLSTN1,0.03,0,0,0,25.5,3.0,23.3,1.0,0.0,0.0,0.0,0.0,0.0,0.0,0.0,0.11,0.11,0.04,0.04,0.0,0.0,0.0,False,50
CEP112,0.03,0,0,0,25.5,5.0,24.933333333333334,0.5,0.0,0.02,0.02,0.0,0.0,0.0,0.12,0.03,0.01,0.05,0.05,0.07,0.01,0.0,False,50
SORD,0.029000000000000005,0,0,0,26.0,3.0,26.275862068965516,0.7,0.0,0.0,0.03,0.0,0.02,0.23,0.01,0.0,0.0,0.0,0.0,0.0,0.02,0.0,False,50
SLC6A6,0.029000000000000005,0,0,0,26.0,2.0,26.79310344827586,0.48,0.0,0.04,0.13,0.03,0.0,0.07,0.0,0.0,0.0,0.01,0.01,0.0,0.0,0.0,False,50
TNFAIP8L1,0.029000000000000005,0,0,0,30.0,2.0,27.103448275862068,0.5555555555555556,0.0,0.07,0.2,0.02,0.0,0.0,0.0,0.0,0.0,0.0,0.0,0.0,0.0,0.0,False,50
ZNF518A,0.029000000000000005,0,0,0,30.0,1.0,28.862068965517242,0.6666666666666666,0.0,0.07,0.14,0.08,0.0,0.0,0.0,0.0,0.0,0.0,0.0,0.0,0.0,0.0,False,50
HCAR3,0.029000000000000005,0,0,0,30.0,5.0,29.93103448275862,0.35714285714285715,0.0,0.08,0.09,0.01,0.01,0.1,0.0,0.0,0.0,0.0,0.0,0.0,0.0,0.0,False,50
PIP4K2C,0.029000000000000005,0,0,0,31.0,11.0,30.448275862068964,1.0,0.0,0.0,0.0,0.0,0.0,0.0,0.0,0.11,0.14,0.02,0.02,0.0,0.0,0.0,False,50
GNG2,0.028999999999999998,0,0,0,25.0,2.0,25.137931034482758,0.8571428571428571,0.03,0.0,0.0,0.0,0.0,0.0,0.0,0.12,0.05,0.06,0.06,0.0,0.0,0.03,False,50
FAM83D,0.028000000000000004,0,0,0,24.5,4.0,24.464285714285715,1.0,0.51,0.0,0.0,0.0,0.0,0.0,0.0,0.1,0.14,0.02,0.02,0.0,0.0,0.51,False,50
ZNF670,0.028000000000000004,0,0,0,25.5,4.0,24.857142857142858,0.625,0.0,0.02,0.06,0.2,0.0,0.0,0.0,0.0,0.0,0.0,0.0,0.0,0.0,0.0,False,50
ZNF692,0.028000000000000004,0,0,0,24.5,1.0,25.607142857142858,1.0,0.22,0.0,0.0,0.0,0.0,0.0,0.0,0.13,0.15,0.0,0.0,0.0,0.0,0.22,False,50
SHB,0.028000000000000004,0,0,0,23.5,4.0,25.678571428571427,0.9166666666666666,0.0,0.0,0.01,0.0,0.0,0.0,0.0,0.11,0.16,0.0,0.0,0.0,0.0,0.0,False,50
F2RL2,0.028000000000000004,0,0,0,28.5,6.0,27.107142857142858,0.5,0.0,0.0,0.12,0.1,0.0,0.06,0.0,0.0,0.0,0.0,0.0,0.0,0.0,0.0,False,50
AADAC,0.028000000000000004,0,0,0,32.0,13.0,31.785714285714285,0.125,0.0,0.05,0.01,0.0,0.06,0.01,0.08,0.04,0.03,0.0,0.0,0.02,0.13,0.0,False,50
MYH9,0.028000000000000004,0,0,0,34.0,4.0,32.17857142857143,0.6086956521739131,0.0,0.0,0.19,0.03,0.0,0.02,0.0,0.01,0.01,0.01,0.01,0.0,0.0,0.0,False,50
RHOXF1,0.028000000000000004,0,0,0,39.5,12.0,36.92857142857143,0.08333333333333333,0.0,0.02,0.0,0.01,0.12,0.02,0.1,0.01,0.0,0.0,0.0,0.0,0.07,0.0,False,50
C6,0.027000000000000007,0,0,0,38.0,5.0,35.55555555555556,0.023255813953488372,0.0,0.05,0.01,0.05,0.05,0.0,0.08,0.01,0.02,0.0,0.0,0.17,0.14,0.0,False,50
MME,0.027000000000000003,0,0,0,18.0,2.0,22.59259259259259,0.8888888888888888,0.02,0.0,0.0,0.0,0.0,0.0,0.0,0.15,0.1,0.01,0.01,0.0,0.0,0.02,False,50
SNRNP70,0.027000000000000003,0,0,0,21.0,8.0,25.0,1.0,0.01,0.0,0.0,0.0,0.0,0.0,0.0,0.07,0.12,0.04,0.04,0.0,0.0,0.01,False,50
MAOA,0.027000000000000003,0,0,0,27.0,3.0,25.074074074074073,0.3333333333333333,0.04,0.03,0.22,0.0,0.0,0.0,0.0,0.01,0.01,0.0,0.0,0.0,0.0,0.04,False,50
YPEL1,0.027000000000000003,0,0,0,25.0,3.0,26.25925925925926,0.75,0.0,0.02,0.02,0.23,0.0,0.0,0.0,0.0,0.0,0.0,0.0,0.0,0.0,0.0,False,50
TMEM120B,0.027000000000000003,0,0,0,35.0,9.0,33.74074074074074,0.4444444444444444,0.0,0.0,0.0,0.0,0.0,0.27,0.0,0.0,0.0,0.0,0.0,0.0,0.0,0.0,False,50
NKAPL,0.027000000000000003,0,0,0,37.0,16.0,37.74074074074074,0.3684210526315789,0.0,0.0,0.0,0.0,0.07,0.03,0.06,0.05,0.06,0.0,0.0,0.0,0.04,0.0,False,50
CA3,0.027000000000000003,0,0,0,41.0,20.0,39.111111111111114,0.2,0.0,0.07,0.13,0.07,0.0,0.0,0.0,0.0,0.0,0.0,0.0,0.1,0.0,0.0,False,50
TBCD,0.026000000000000002,0,0,0,19.0,9.0,20.76923076923077,1.0,0.0,0.0,0.0,0.0,0.0,0.0,0.0,0.07,0.07,0.06,0.06,0.0,0.0,0.0,False,50
C1QTNF7,0.026000000000000002,0,0,0,21.0,4.0,20.884615384615383,0.16666666666666666,0.0,0.01,0.0,0.04,0.06,0.06,0.07,0.02,0.0,0.0,0.0,0.03,0.06,0.0,False,50
AOC4P,0.026000000000000002,0,0,0,22.0,5.0,23.923076923076923,,0.0,0.0,0.0,0.26,0.0,0.0,0.0,0.0,0.0,0.0,0.0,0.0,0.0,0.0,False,50
DPT,0.026000000000000002,0,0,0,27.0,2.0,26.076923076923077,1.0,0.0,0.0,0.0,0.0,0.0,0.0,0.0,0.13,0.05,0.04,0.04,0.0,0.0,0.0,False,50
LOC101927204,0.026000000000000002,0,0,0,28.0,2.0,26.23076923076923,0.9759036144578314,0.7,0.0,0.05,0.0,0.0,0.0,0.0,0.08,0.13,0.0,0.0,0.0,0.0,0.7,False,50
TDRD5,0.026000000000000002,0,0,0,24.0,5.0,26.26923076923077,0.75,0.0,0.06,0.06,0.14,0.0,0.0,0.0,0.0,0.0,0.0,0.0,0.0,0.0,0.0,False,50
FAM124B,0.026000000000000002,0,0,0,28.0,4.0,27.807692307692307,1.0,0.0,0.0,0.0,0.21,0.05,0.0,0.0,0.0,0.0,0.0,0.0,0.0,0.05,0.0,False,50
CHIT1,0.026000000000000002,0,0,0,34.0,13.0,32.42307692307692,0.7916666666666666,0.0,0.01,0.0,0.1,0.1,0.05,0.0,0.0,0.0,0.0,0.0,0.0,0.08,0.0,False,50
SLC19A3,0.026000000000000002,0,0,0,39.5,19.0,36.92307692307692,0.02857142857142857,0.0,0.03,0.0,0.0,0.05,0.0,0.16,0.01,0.01,0.0,0.0,0.1,0.16,0.0,False,50
DEFB132,0.026000000000000002,0,0,0,39.5,26.0,39.0,0.07692307692307693,0.0,0.04,0.0,0.01,0.05,0.0,0.14,0.02,0.0,0.0,0.0,0.0,0.15,0.0,False,50
SIGLEC16,0.025,0,0,0,9.0,1.0,12.92,1.0,0.0,0.03,0.0,0.2,0.02,0.0,0.0,0.0,0.0,0.0,0.0,0.0,0.23,0.0,False,50
HMGB3,0.025,0,0,0,19.0,2.0,21.84,1.0,0.28,0.0,0.0,0.0,0.0,0.0,0.0,0.1,0.15,0.0,0.0,0.0,0.0,0.28,False,50
ADH5,0.025,0,0,0,22.0,2.0,22.84,1.0,0.0,0.0,0.0,0.01,0.0,0.0,0.0,0.04,0.04,0.08,0.08,0.0,0.0,0.0,False,50
STX1B,0.025,0,0,0,22.0,10.0,24.0,0.0,0.0,0.22,0.0,0.03,0.0,0.0,0.0,0.0,0.0,0.0,0.0,0.32,0.0,0.0,False,50
SYCP3,0.025,0,0,0,23.0,3.0,25.08,0.8333333333333334,0.0,0.01,0.0,0.21,0.02,0.01,0.0,0.0,0.0,0.0,0.0,0.0,0.02,0.0,False,50
LOC100132735,0.025,0,0,0,25.0,3.0,25.36,0.4782608695652174,0.0,0.01,0.0,0.02,0.01,0.0,0.01,0.03,0.01,0.08,0.08,0.1,0.0,0.0,False,50
ACO1,0.025,0,0,0,25.0,9.0,26.2,0.875,0.02,0.0,0.0,0.0,0.0,0.0,0.0,0.1,0.07,0.04,0.04,0.0,0.0,0.02,False,50
SLC26A6,0.025,0,0,0,23.0,15.0,27.16,0.9583333333333334,0.13,0.0,0.01,0.0,0.0,0.0,0.0,0.04,0.08,0.06,0.06,0.0,0.0,0.13,False,50
ANGPT1,0.025,0,0,0,30.0,2.0,28.52,0.47368421052631576,0.0,0.01,0.03,0.01,0.0,0.0,0.05,0.07,0.08,0.0,0.0,0.06,0.02,0.0,False,50
TMEM221,0.025,0,0,0,28.0,4.0,29.24,0.0,0.0,0.18,0.02,0.05,0.0,0.0,0.0,0.0,0.0,0.0,0.0,0.08,0.0,0.0,False,50
A2M-AS1,0.025,0,0,0,27.0,7.0,29.76,0.32,0.0,0.01,0.02,0.0,0.03,0.15,0.04,0.0,0.0,0.0,0.0,0.0,0.04,0.0,False,50
LOC100422526,0.024,0,0,0,16.0,1.0,17.75,1.0,0.0,0.0,0.0,0.12,0.1,0.02,0.0,0.0,0.0,0.0,0.0,0.0,0.02,0.0,False,50
SCN2A,0.024,0,0,0,21.5,4.0,22.291666666666668,1.0,0.0,0.02,0.0,0.13,0.09,0.0,0.0,0.0,0.0,0.0,0.0,0.0,0.04,0.0,False,50
CNIH3,0.024,0,0,0,26.5,1.0,25.083333333333332,0.8333333333333334,0.0,0.07,0.03,0.14,0.0,0.0,0.0,0.0,0.0,0.0,0.0,0.0,0.02,0.0,False,50
FAM162B,0.024,0,0,0,25.0,5.0,25.375,0.8235294117647058,0.03,0.0,0.0,0.0,0.0,0.0,0.0,0.08,0.04,0.06,0.06,0.0,0.0,0.03,False,50
ERMP1,0.024,0,0,0,28.5,1.0,27.041666666666668,0.8333333333333334,0.0,0.0,0.03,0.0,0.0,0.0,0.0,0.07,0.12,0.01,0.01,0.01,0.0,0.0,False,50
LOC105374690,0.024,0,0,0,23.5,10.0,27.625,0.0,0.0,0.19,0.0,0.05,0.0,0.0,0.0,0.0,0.0,0.0,0.0,0.39,0.0,0.0,False,50
SMYD3,0.024,0,0,0,31.5,2.0,28.583333333333332,0.375,0.0,0.02,0.21,0.0,0.0,0.01,0.0,0.0,0.0,0.0,0.0,0.0,0.0,0.0,False,50
TSPAN13,0.024,0,0,0,33.0,4.0,30.083333333333332,0.7391304347826086,0.04,0.02,0.13,0.0,0.0,0.0,0.0,0.04,0.05,0.0,0.0,0.0,0.0,0.04,False,50
RFTN2,0.024,0,0,0,35.5,15.0,34.458333333333336,0.0,0.0,0.0,0.0,0.0,0.09,0.0,0.15,0.0,0.0,0.0,0.0,0.0,0.06,0.0,False,50
ADAMTSL3,0.024,0,0,0,42.0,17.0,39.958333333333336,0.0,0.0,0.03,0.0,0.02,0.15,0.0,0.04,0.0,0.0,0.0,0.0,0.03,0.04,0.0,False,50
POLD1,0.023000000000000003,0,0,0,41.0,14.0,35.47826086956522,0.6111111111111112,0.03,0.01,0.12,0.0,0.0,0.0,0.0,0.01,0.07,0.01,0.01,0.0,0.0,0.03,False,50
FBXO32,0.023,0,0,0,15.0,3.0,18.217391304347824,0.9230769230769231,0.0,0.01,0.03,0.02,0.0,0.0,0.0,0.05,0.04,0.04,0.04,0.0,0.0,0.0,False,50
RASL11B,0.023,0,0,0,19.0,1.0,21.782608695652176,0.5,0.0,0.05,0.11,0.07,0.0,0.0,0.0,0.0,0.0,0.0,0.0,0.0,0.0,0.0,False,50
ACACB,0.023,0,0,0,25.0,7.0,23.52173913043478,0.46153846153846156,0.14,0.0,0.0,0.0,0.0,0.0,0.0,0.09,0.08,0.03,0.03,0.0,0.0,0.14,False,50
RANGAP1,0.023,0,0,0,25.0,4.0,25.304347826086957,0.9230769230769231,0.0,0.0,0.01,0.0,0.0,0.0,0.0,0.06,0.04,0.06,0.06,0.0,0.0,0.0,False,50
GPC3,0.023,0,0,0,29.0,2.0,27.565217391304348,0.38095238095238093,0.0,0.04,0.09,0.0,0.0,0.04,0.0,0.04,0.02,0.0,0.0,0.0,0.0,0.0,False,50
NUSAP1,0.023,0,0,0,28.0,8.0,28.391304347826086,1.0,0.16,0.0,0.01,0.0,0.0,0.0,0.0,0.09,0.07,0.03,0.03,0.0,0.0,0.16,False,50
LOC647115,0.023,0,0,0,33.0,6.0,29.47826086956522,0.23529411764705882,0.0,0.04,0.05,0.01,0.04,0.06,0.03,0.0,0.0,0.0,0.0,0.02,0.13,0.0,False,50
SHTN1,0.023,0,0,0,33.0,10.0,30.434782608695652,0.631578947368421,0.0,0.05,0.14,0.02,0.0,0.0,0.0,0.0,0.02,0.0,0.0,0.0,0.0,0.0,False,50
TNMD,0.023,0,0,0,32.0,10.0,31.0,0.2857142857142857,0.0,0.04,0.03,0.0,0.03,0.0,0.08,0.03,0.02,0.0,0.0,0.04,0.04,0.0,False,50
TFAP2A,0.023,0,0,0,30.0,6.0,31.26086956521739,0.9411764705882353,0.01,0.02,0.01,0.0,0.02,0.02,0.06,0.07,0.03,0.0,0.0,0.0,0.02,0.01,False,50
CSTL1,0.022000000000000002,0,0,0,7.5,3.0,10.909090909090908,0.9090909090909091,0.0,0.02,0.0,0.14,0.05,0.01,0.0,0.0,0.0,0.0,0.0,0.0,0.03,0.0,False,50
KCNA2,0.022000000000000002,0,0,0,39.0,15.0,36.13636363636363,0.3076923076923077,0.0,0.0,0.0,0.0,0.04,0.0,0.05,0.03,0.08,0.01,0.01,0.01,0.04,0.0,False,50
AP1G2,0.022,0,0,0,16.0,8.0,16.545454545454547,1.0,0.0,0.0,0.0,0.0,0.0,0.0,0.0,0.0,0.0,0.11,0.11,0.0,0.0,0.0,False,50
GALE,0.022,0,0,0,18.0,2.0,18.09090909090909,1.0,0.03,0.0,0.0,0.0,0.0,0.0,0.0,0.06,0.06,0.05,0.05,0.0,0.0,0.03,False,50
PDE2A,0.022,0,0,0,29.5,1.0,26.863636363636363,0.5416666666666666,0.01,0.01,0.07,0.02,0.0,0.0,0.01,0.06,0.01,0.02,0.02,0.07,0.0,0.01,False,50
CEP19,0.022,0,0,0,30.5,3.0,27.90909090909091,0.4444444444444444,0.0,0.03,0.15,0.04,0.0,0.0,0.0,0.0,0.0,0.0,0.0,0.0,0.0,0.0,False,50
LOC728061,0.022,0,0,0,27.5,8.0,28.59090909090909,0.6956521739130435,0.0,0.06,0.16,0.0,0.0,0.0,0.0,0.0,0.0,0.0,0.0,0.01,0.0,0.0,False,50
SLC25A25,0.022,0,0,0,32.0,16.0,33.04545454545455,0.46153846153846156,0.0,0.01,0.07,0.09,0.0,0.05,0.0,0.0,0.0,0.0,0.0,0.0,0.0,0.0,False,50
LOC101928806,0.022,0,0,0,31.5,13.0,33.72727272727273,0.11764705882352941,0.0,0.11,0.02,0.05,0.03,0.0,0.01,0.0,0.0,0.0,0.0,0.0,0.01,0.0,False,50
SPX,0.022,0,0,0,37.5,5.0,35.31818181818182,0.11538461538461539,0.0,0.01,0.0,0.0,0.05,0.01,0.1,0.03,0.02,0.0,0.0,0.01,0.15,0.0,False,50
ST14,0.022,0,0,0,38.0,15.0,36.72727272727273,0.6190476190476191,0.0,0.02,0.02,0.0,0.0,0.15,0.02,0.01,0.0,0.0,0.0,0.0,0.01,0.0,False,50
KDM5B,0.021,0,0,0,17.0,3.0,23.285714285714285,1.0,0.0,0.0,0.0,0.0,0.0,0.0,0.0,0.1,0.11,0.0,0.0,0.0,0.0,0.0,False,50
ABCA8,0.021,0,0,0,21.0,12.0,24.476190476190474,1.0,0.0,0.0,0.0,0.0,0.0,0.0,0.0,0.04,0.01,0.08,0.08,0.0,0.0,0.0,False,50
CXCL6,0.021,0,0,0,23.0,4.0,25.571428571428573,0.05555555555555555,0.0,0.14,0.03,0.04,0.0,0.0,0.0,0.0,0.0,0.0,0.0,0.19,0.0,0.0,False,50
ZNF541,0.021,0,0,0,22.0,3.0,25.666666666666668,0.2727272727272727,0.0,0.0,0.0,0.0,0.07,0.14,0.0,0.0,0.0,0.0,0.0,0.0,0.01,0.0,False,50
LZTS1,0.021,0,0,0,23.0,7.0,27.761904761904763,0.7142857142857143,0.0,0.01,0.06,0.07,0.0,0.07,0.0,0.0,0.0,0.0,0.0,0.0,0.0,0.0,False,50
ZNF48,0.021,0,0,0,25.0,5.0,27.857142857142858,1.0,0.0,0.0,0.0,0.0,0.0,0.0,0.0,0.07,0.14,0.0,0.0,0.0,0.0,0.0,False,50
SPATA13,0.021,0,0,0,33.0,5.0,29.095238095238095,0.56,0.0,0.0,0.0,0.0,0.01,0.2,0.0,0.0,0.0,0.0,0.0,0.0,0.04,0.0,False,50
SMIM3,0.021,0,0,0,30.0,9.0,29.761904761904763,1.0,0.0,0.0,0.0,0.0,0.0,0.0,0.0,0.14,0.07,0.0,0.0,0.0,0.0,0.0,False,50
PTGFRN,0.021,0,0,0,31.0,12.0,31.095238095238095,0.5333333333333333,0.0,0.04,0.1,0.04,0.0,0.0,0.0,0.01,0.02,0.0,0.0,0.0,0.0,0.0,False,50
HCN2,0.021,0,0,0,34.0,13.0,33.857142857142854,1.0,0.0,0.0,0.0,0.16,0.04,0.01,0.0,0.0,0.0,0.0,0.0,0.0,0.02,0.0,False,50
ZSCAN2,0.020999999999999998,0,0,0,16.0,2.0,20.142857142857142,0.7894736842105263,0.0,0.09,0.1,0.02,0.0,0.0,0.0,0.0,0.0,0.0,0.0,0.0,0.0,0.0,False,50
APOF,0.020999999999999998,0,0,0,20.0,7.0,21.333333333333332,1.0,0.0,0.0,0.0,0.09,0.12,0.0,0.0,0.0,0.0,0.0,0.0,0.0,0.03,0.0,False,50
LSM6,0.020999999999999998,0,0,0,22.0,4.0,23.952380952380953,0.6,0.01,0.02,0.07,0.02,0.0,0.0,0.0,0.02,0.02,0.03,0.03,0.0,0.0,0.01,False,50
AURKA,0.020999999999999998,0,0,0,30.0,5.0,26.38095238095238,0.9285714285714286,0.04,0.0,0.01,0.0,0.0,0.0,0.0,0.06,0.08,0.03,0.03,0.0,0.0,0.04,False,50
MRPL1,0.020999999999999998,0,0,0,27.0,6.0,29.19047619047619,0.5714285714285714,0.0,0.02,0.18,0.0,0.0,0.01,0.0,0.0,0.0,0.0,0.0,0.0,0.0,0.0,False,50
PHACTR4,0.020999999999999998,0,0,0,35.0,1.0,30.857142857142858,0.3888888888888889,0.0,0.01,0.05,0.03,0.0,0.12,0.0,0.0,0.0,0.0,0.0,0.0,0.0,0.0,False,50
RBPMS2,0.020999999999999998,0,0,0,41.0,25.0,39.04761904761905,0.30434782608695654,0.0,0.03,0.02,0.01,0.03,0.02,0.04,0.06,0.0,0.0,0.0,0.0,0.07,0.0,False,50
HPD,0.02,0,0,0,16.5,3.0,20.45,0.0,0.0,0.1,0.0,0.1,0.0,0.0,0.0,0.0,0.0,0.0,0.0,0.67,0.0,0.0,False,50
GPT2,0.02,0,0,0,20.0,6.0,22.1,0.7142857142857143,0.0,0.01,0.12,0.06,0.0,0.01,0.0,0.0,0.0,0.0,0.0,0.0,0.0,0.0,False,50
TYRO3,0.02,0,0,0,26.0,4.0,25.9,0.2608695652173913,0.0,0.04,0.01,0.0,0.02,0.02,0.02,0.06,0.03,0.0,0.0,0.04,0.04,0.0,False,50
TSTA3,0.02,0,0,0,24.5,11.0,26.35,1.0,0.17,0.0,0.0,0.0,0.0,0.0,0.0,0.05,0.05,0.05,0.05,0.0,0.0,0.17,False,50
SLC4A4,0.02,0,0,0,28.0,2.0,26.9,1.0,0.0,0.0,0.0,0.01,0.0,0.0,0.0,0.06,0.13,0.0,0.0,0.0,0.0,0.0,False,50
DNAJC7,0.02,0,0,0,27.5,13.0,28.5,0.6363636363636364,0.0,0.0,0.07,0.0,0.0,0.0,0.0,0.04,0.09,0.0,0.0,0.0,0.0,0.0,False,50
CENPF,0.02,0,0,0,26.0,13.0,28.6,1.0,0.35,0.0,0.0,0.0,0.0,0.0,0.0,0.05,0.09,0.03,0.03,0.0,0.0,0.35,False,50
CD109,0.02,0,0,0,39.5,9.0,34.3,0.8181818181818182,0.0,0.03,0.03,0.09,0.0,0.05,0.0,0.0,0.0,0.0,0.0,0.0,0.0,0.0,False,50
GPBAR1,0.02,0,0,0,42.5,9.0,35.25,0.3333333333333333,0.0,0.0,0.0,0.0,0.06,0.0,0.05,0.05,0.02,0.01,0.01,0.0,0.06,0.0,False,50
LOC101927650,0.019999999999999997,0,0,0,11.5,2.0,13.95,1.0,0.0,0.02,0.0,0.18,0.0,0.0,0.0,0.0,0.0,0.0,0.0,0.0,0.16,0.0,False,50
LOC101928069,0.019999999999999997,0,0,0,27.5,4.0,27.55,0.0,0.0,0.12,0.02,0.06,0.0,0.0,0.0,0.0,0.0,0.0,0.0,0.11,0.0,0.0,False,50
NMRAL1,0.019000000000000003,0,0,0,23.0,7.0,24.526315789473685,0.9,0.0,0.0,0.02,0.0,0.0,0.0,0.0,0.07,0.08,0.01,0.01,0.0,0.0,0.0,False,50
LOC101928111,0.019000000000000003,0,0,0,43.0,15.0,38.63157894736842,0.0,0.0,0.07,0.0,0.02,0.06,0.0,0.04,0.0,0.0,0.0,0.0,0.0,0.09,0.0,False,50
FCN2,0.019,0,0,0,17.0,1.0,18.210526315789473,0.05,0.0,0.08,0.06,0.05,0.0,0.0,0.0,0.0,0.0,0.0,0.0,0.26,0.0,0.0,False,50
LOC101928433,0.019,0,0,0,19.0,2.0,20.736842105263158,0.8235294117647058,0.0,0.03,0.14,0.02,0.0,0.0,0.0,0.0,0.0,0.0,0.0,0.0,0.0,0.0,False,50
CATSPER1,0.019,0,0,0,23.0,3.0,23.94736842105263,1.0,0.0,0.0,0.0,0.18,0.01,0.0,0.0,0.0,0.0,0.0,0.0,0.0,0.13,0.0,False,50
GPHA2,0.019,0,0,0,22.0,4.0,24.42105263157895,0.02857142857142857,0.0,0.15,0.01,0.03,0.0,0.0,0.0,0.0,0.0,0.0,0.0,0.19,0.0,0.0,False,50
SOWAHA,0.019,0,0,0,26.0,7.0,27.36842105263158,,0.0,0.0,0.0,0.19,0.0,0.0,0.0,0.0,0.0,0.0,0.0,0.0,0.0,0.0,False,50
TOP2A,0.019,0,0,0,29.0,6.0,27.36842105263158,1.0,0.18,0.0,0.01,0.0,0.0,0.0,0.0,0.09,0.07,0.01,0.01,0.0,0.0,0.18,False,50
SETD1B,0.019,0,0,0,25.0,8.0,27.736842105263158,1.0,0.08,0.0,0.0,0.0,0.0,0.0,0.0,0.07,0.06,0.03,0.03,0.0,0.0,0.08,False,50
ATP8B5P,0.019,0,0,0,27.0,2.0,28.63157894736842,0.0,0.0,0.16,0.0,0.03,0.0,0.0,0.0,0.0,0.0,0.0,0.0,0.49,0.0,0.0,False,50
SERPINB10,0.019,0,0,0,31.0,6.0,29.157894736842106,0.0,0.0,0.18,0.0,0.01,0.0,0.0,0.0,0.0,0.0,0.0,0.0,0.07,0.0,0.0,False,50
SIX4,0.019,0,0,0,31.0,10.0,29.36842105263158,1.0,0.0,0.01,0.01,0.0,0.0,0.0,0.0,0.06,0.11,0.0,0.0,0.0,0.0,0.0,False,50
UHRF1,0.019,0,0,0,29.0,6.0,29.42105263157895,1.0,0.0,0.02,0.01,0.0,0.0,0.0,0.0,0.09,0.05,0.01,0.01,0.0,0.0,0.0,False,50
TRIM14,0.019,0,0,0,33.0,6.0,32.31578947368421,0.47368421052631576,0.0,0.04,0.1,0.0,0.0,0.05,0.0,0.0,0.0,0.0,0.0,0.0,0.0,0.0,False,50
SPINT2,0.019,0,0,0,32.0,8.0,32.578947368421055,1.0,0.0,0.0,0.0,0.0,0.0,0.0,0.05,0.08,0.06,0.0,0.0,0.0,0.0,0.0,False,50
MMD,0.019,0,0,0,36.0,4.0,32.78947368421053,0.5882352941176471,0.06,0.0,0.02,0.01,0.0,0.0,0.0,0.09,0.07,0.0,0.0,0.0,0.0,0.06,False,50
FGF2,0.018000000000000002,0,0,0,37.5,16.0,36.611111111111114,0.2777777777777778,0.0,0.01,0.04,0.0,0.0,0.09,0.01,0.02,0.01,0.0,0.0,0.02,0.0,0.0,False,50
PDE3A,0.018000000000000002,0,0,0,37.5,11.0,36.77777777777778,0.2857142857142857,0.0,0.01,0.03,0.0,0.02,0.04,0.06,0.01,0.01,0.0,0.0,0.01,0.02,0.0,False,50
SLC4A7,0.018000000000000002,0,0,0,41.0,18.0,38.5,0.5,0.0,0.0,0.03,0.14,0.0,0.01,0.0,0.0,0.0,0.0,0.0,0.0,0.0,0.0,False,50
RDH5,0.018000000000000002,0,0,0,41.5,29.0,40.44444444444444,0.35294117647058826,0.0,0.0,0.04,0.0,0.0,0.13,0.01,0.0,0.0,0.0,0.0,0.0,0.0,0.0,False,50
IGF1R,0.018,0,0,0,19.5,1.0,19.77777777777778,0.6,0.0,0.03,0.12,0.03,0.0,0.0,0.0,0.0,0.0,0.0,0.0,0.0,0.0,0.0,False,50
TSPAN17,0.018,0,0,0,20.5,7.0,20.555555555555557,1.0,0.06,0.0,0.0,0.0,0.0,0.0,0.0,0.06,0.08,0.02,0.02,0.0,0.0,0.06,False,50
TAT,0.018,0,0,0,20.0,5.0,21.11111111111111,0.7272727272727273,0.0,0.0,0.0,0.07,0.05,0.06,0.0,0.0,0.0,0.0,0.0,0.0,0.0,0.0,False,50
STARD10,0.018,0,0,0,23.0,4.0,24.22222222222222,1.0,0.0,0.0,0.0,0.0,0.0,0.0,0.0,0.1,0.08,0.0,0.0,0.0,0.0,0.0,False,50
PEBP4,0.018,0,0,0,26.5,6.0,25.27777777777778,1.0,0.0,0.0,0.0,0.11,0.07,0.0,0.0,0.0,0.0,0.0,0.0,0.0,0.02,0.0,False,50
KCTD15,0.018,0,0,0,20.5,6.0,25.77777777777778,0.7096774193548387,0.15,0.01,0.12,0.0,0.0,0.0,0.0,0.03,0.02,0.0,0.0,0.0,0.0,0.15,False,50
DCAF8,0.018,0,0,0,29.0,5.0,25.88888888888889,0.9285714285714286,0.02,0.0,0.01,0.0,0.0,0.0,0.0,0.08,0.03,0.03,0.03,0.0,0.0,0.02,False,50
TMEM125,0.018,0,0,0,31.0,2.0,26.11111111111111,1.0,0.22,0.0,0.0,0.0,0.0,0.0,0.0,0.08,0.1,0.0,0.0,0.0,0.0,0.22,False,50
LIG1,0.018,0,0,0,26.5,2.0,26.72222222222222,1.0,0.0,0.0,0.0,0.0,0.0,0.0,0.0,0.08,0.06,0.02,0.02,0.0,0.0,0.0,False,50
RPL32P3,0.018,0,0,0,28.5,15.0,26.77777777777778,1.0,0.0,0.0,0.0,0.0,0.0,0.0,0.0,0.07,0.11,0.0,0.0,0.0,0.0,0.0,False,50
SERTAD4,0.018,0,0,0,29.5,2.0,27.444444444444443,0.7692307692307693,0.0,0.02,0.11,0.05,0.0,0.0,0.0,0.0,0.0,0.0,0.0,0.0,0.0,0.0,False,50
EPPK1,0.018,0,0,0,30.0,13.0,27.944444444444443,0.9166666666666666,0.0,0.02,0.03,0.0,0.0,0.0,0.0,0.06,0.07,0.0,0.0,0.0,0.01,0.0,False,50
MBNL1,0.018,0,0,0,32.5,3.0,29.666666666666668,0.9230769230769231,0.01,0.0,0.0,0.0,0.0,0.0,0.0,0.12,0.06,0.0,0.0,0.0,0.0,0.01,False,50
LOC101929398,0.018,0,0,0,38.0,31.0,39.05555555555556,0.0,0.0,0.0,0.0,0.0,0.12,0.0,0.06,0.0,0.0,0.0,0.0,0.0,0.08,0.0,False,50
PLPP7,0.018,0,0,0,42.0,26.0,40.22222222222222,0.0,0.0,0.0,0.0,0.0,0.07,0.0,0.11,0.0,0.0,0.0,0.0,0.0,0.1,0.0,False,50
SUCLG1,0.017000000000000005,0,0,0,42.0,12.0,38.588235294117645,0.46153846153846156,0.0,0.04,0.07,0.05,0.0,0.01,0.0,0.0,0.0,0.0,0.0,0.01,0.0,0.0,False,50
CCL23,0.017,0,0,0,17.0,6.0,21.294117647058822,0.6,0.0,0.0,0.0,0.13,0.04,0.0,0.0,0.0,0.0,0.0,0.0,0.06,0.05,0.0,False,50
EPS8L2,0.017,0,0,0,22.0,3.0,23.529411764705884,1.0,0.09,0.0,0.01,0.01,0.0,0.0,0.0,0.05,0.04,0.03,0.03,0.0,0.0,0.09,False,50
GAS5,0.017,0,0,0,20.0,8.0,24.58823529411765,1.0,0.0,0.0,0.0,0.16,0.01,0.0,0.0,0.0,0.0,0.0,0.0,0.0,0.0,0.0,False,50
GHRH,0.017,0,0,0,27.0,5.0,26.470588235294116,1.0,0.0,0.0,0.0,0.13,0.04,0.0,0.0,0.0,0.0,0.0,0.0,0.0,0.01,0.0,False,50
ARHGAP24,0.017,0,0,0,28.0,4.0,26.58823529411765,0.8,0.0,0.0,0.03,0.0,0.0,0.0,0.0,0.02,0.02,0.05,0.05,0.0,0.0,0.0,False,50
CDCP1,0.017,0,0,0,26.0,6.0,26.705882352941178,1.0,0.03,0.0,0.0,0.0,0.0,0.0,0.0,0.07,0.1,0.0,0.0,0.0,0.0,0.03,False,50
ZNF788,0.017,0,0,0,27.0,11.0,27.058823529411764,,0.0,0.0,0.0,0.17,0.0,0.0,0.0,0.0,0.0,0.0,0.0,0.0,0.0,0.0,False,50
PDIA4,0.017,0,0,0,32.0,6.0,29.41176470588235,0.8,0.01,0.01,0.05,0.0,0.01,0.03,0.0,0.04,0.03,0.0,0.0,0.0,0.0,0.01,False,50
BCHE,0.017,0,0,0,30.0,6.0,30.0,0.15789473684210525,0.0,0.0,0.0,0.01,0.08,0.04,0.02,0.01,0.01,0.0,0.0,0.0,0.06,0.0,False,50
PLEKHA4,0.017,0,0,0,26.0,14.0,31.470588235294116,0.6666666666666666,0.0,0.0,0.0,0.15,0.01,0.01,0.0,0.0,0.0,0.0,0.0,0.0,0.01,0.0,False,50
ACSM3,0.016999999999999998,0,0,0,16.0,1.0,17.529411764705884,0.0,0.0,0.06,0.01,0.1,0.0,0.0,0.0,0.0,0.0,0.0,0.0,0.75,0.0,0.0,False,50
DNASE1L3,0.016999999999999998,0,0,0,19.0,7.0,21.41176470588235,0.6,0.06,0.0,0.0,0.0,0.0,0.0,0.0,0.07,0.06,0.02,0.02,0.0,0.0,0.06,False,50
SAA3P,0.016999999999999998,0,0,0,34.0,8.0,31.529411764705884,0.047619047619047616,0.0,0.06,0.09,0.02,0.0,0.0,0.0,0.0,0.0,0.0,0.0,0.06,0.0,0.0,False,50
KIF2C,0.016999999999999998,0,0,0,35.0,13.0,32.1764705882353,1.0,0.19,0.0,0.0,0.0,0.0,0.0,0.0,0.09,0.08,0.0,0.0,0.0,0.0,0.19,False,50
DOCK11,0.016000000000000004,0,0,0,24.0,8.0,25.5,0.8,0.02,0.0,0.0,0.0,0.0,0.0,0.0,0.07,0.07,0.01,0.01,0.0,0.0,0.02,False,50
ARHGAP20,0.016000000000000004,0,0,0,31.0,1.0,30.25,0.42857142857142855,0.0,0.0,0.0,0.0,0.02,0.0,0.07,0.06,0.01,0.0,0.0,0.0,0.06,0.0,False,50
NPY5R,0.016000000000000004,0,0,0,33.5,12.0,32.25,0.5,0.0,0.0,0.0,0.01,0.02,0.01,0.03,0.04,0.05,0.0,0.0,0.0,0.01,0.0,False,50
CCNF,0.016,0,0,0,16.0,3.0,18.1875,1.0,0.0,0.0,0.0,0.0,0.0,0.0,0.0,0.02,0.02,0.06,0.06,0.0,0.0,0.0,False,50
CLDN7,0.016,0,0,0,20.5,8.0,21.5,1.0,0.01,0.0,0.0,0.0,0.0,0.0,0.0,0.07,0.05,0.02,0.02,0.0,0.0,0.01,False,50
LINC01029,0.016,0,0,0,15.0,2.0,21.875,0.0,0.0,0.13,0.0,0.03,0.0,0.0,0.0,0.0,0.0,0.0,0.0,0.18,0.0,0.0,False,50
PILRA,0.016,0,0,0,20.0,5.0,22.3125,1.0,0.0,0.0,0.0,0.16,0.0,0.0,0.0,0.0,0.0,0.0,0.0,0.0,0.02,0.0,False,50
CNRIP1,0.016,0,0,0,25.0,9.0,25.9375,0.8181818181818182,0.02,0.0,0.0,0.0,0.0,0.0,0.0,0.06,0.04,0.03,0.03,0.0,0.0,0.02,False,50
NAALADL1,0.016,0,0,0,25.0,7.0,25.9375,0.47058823529411764,0.0,0.02,0.12,0.01,0.0,0.01,0.0,0.0,0.0,0.0,0.0,0.02,0.0,0.0,False,50
HELLS,0.016,0,0,0,25.5,9.0,26.625,1.0,0.0,0.0,0.0,0.0,0.0,0.0,0.0,0.04,0.06,0.03,0.03,0.0,0.0,0.0,False,50
ILF3,0.016,0,0,0,27.0,2.0,27.625,1.0,0.0,0.0,0.0,0.0,0.0,0.0,0.0,0.07,0.09,0.0,0.0,0.0,0.0,0.0,False,50
CHSY1,0.016,0,0,0,28.5,13.0,29.4375,0.7,0.0,0.01,0.05,0.06,0.0,0.04,0.0,0.0,0.0,0.0,0.0,0.0,0.0,0.0,False,50
RUSC1,0.016,0,0,0,34.0,12.0,30.4375,1.0,0.0,0.0,0.0,0.0,0.0,0.0,0.0,0.06,0.1,0.0,0.0,0.0,0.0,0.0,False,50
CHAMP1,0.016,0,0,0,33.0,9.0,30.5625,0.375,0.0,0.0,0.03,0.08,0.0,0.05,0.0,0.0,0.0,0.0,0.0,0.0,0.0,0.0,False,50
FAM149A,0.016,0,0,0,36.5,16.0,32.5625,0.26666666666666666,0.0,0.04,0.11,0.01,0.0,0.0,0.0,0.0,0.0,0.0,0.0,0.0,0.0,0.0,False,50
SOGA1,0.016,0,0,0,38.5,15.0,34.3125,0.8235294117647058,0.08,0.0,0.06,0.0,0.0,0.0,0.0,0.03,0.07,0.0,0.0,0.0,0.0,0.08,False,50
RILP,0.016,0,0,0,42.0,7.0,34.5,0.2857142857142857,0.0,0.03,0.09,0.01,0.0,0.0,0.0,0.02,0.01,0.0,0.0,0.0,0.0,0.0,False,50
PHYKPL,0.016,0,0,0,37.0,14.0,36.1875,0.125,0.0,0.01,0.03,0.08,0.01,0.03,0.0,0.0,0.0,0.0,0.0,0.0,0.0,0.0,False,50
LOC105376072,0.016,0,0,0,36.5,2.0,36.375,0.0,0.0,0.14,0.0,0.02,0.0,0.0,0.0,0.0,0.0,0.0,0.0,0.03,0.0,0.0,False,50
LRP1B,0.016,0,0,0,40.0,12.0,36.5625,0.4375,0.0,0.0,0.0,0.0,0.03,0.11,0.02,0.0,0.0,0.0,0.0,0.0,0.02,0.0,False,50
SUSD6,0.016,0,0,0,38.0,20.0,36.625,0.8181818181818182,0.03,0.0,0.05,0.0,0.0,0.0,0.0,0.03,0.08,0.0,0.0,0.0,0.0,0.03,False,50
CTSH,0.016,0,0,0,41.0,13.0,38.4375,0.5,0.0,0.01,0.03,0.02,0.0,0.1,0.0,0.0,0.0,0.0,0.0,0.0,0.0,0.0,False,50
NPR2,0.016,0,0,0,42.5,13.0,40.1875,0.0,0.0,0.02,0.0,0.01,0.01,0.0,0.12,0.0,0.0,0.0,0.0,0.0,0.04,0.0,False,50
LOC728730,0.015999999999999997,0,0,0,28.0,2.0,28.3125,0.625,0.0,0.01,0.09,0.0,0.0,0.06,0.0,0.0,0.0,0.0,0.0,0.0,0.0,0.0,False,50
SH3GLB1,0.015999999999999997,0,0,0,28.5,12.0,29.0,1.0,0.0,0.0,0.0,0.0,0.0,0.0,0.0,0.09,0.03,0.02,0.02,0.0,0.0,0.0,False,50
CLK2,0.015000000000000003,0,0,0,19.0,6.0,22.4,1.0,0.01,0.0,0.0,0.0,0.0,0.0,0.0,0.02,0.05,0.04,0.04,0.0,0.0,0.01,False,50
LOC645321,0.015000000000000003,0,0,0,20.0,6.0,22.4,1.0,0.0,0.01,0.0,0.14,0.0,0.0,0.0,0.0,0.0,0.0,0.0,0.0,0.03,0.0,False,50
KRTAP1-3,0.015000000000000003,0,0,0,22.0,1.0,23.0,0.07142857142857142,0.0,0.08,0.0,0.07,0.0,0.0,0.0,0.0,0.0,0.0,0.0,0.05,0.01,0.0,False,50
FAM76A,0.015000000000000003,0,0,0,22.0,11.0,23.133333333333333,0.7272727272727273,0.03,0.0,0.0,0.0,0.0,0.0,0.0,0.04,0.03,0.04,0.04,0.0,0.0,0.03,False,50
AKR1C1,0.015000000000000003,0,0,0,30.0,4.0,24.666666666666668,0.2857142857142857,0.2,0.0,0.0,0.0,0.0,0.0,0.0,0.08,0.07,0.0,0.0,0.0,0.0,0.2,False,50
KIF20A,0.015000000000000003,0,0,0,25.0,12.0,27.733333333333334,1.0,0.11,0.0,0.0,0.0,0.0,0.0,0.0,0.08,0.07,0.0,0.0,0.0,0.0,0.11,False,50
SH3KBP1,0.015000000000000003,0,0,0,32.0,9.0,28.866666666666667,0.3076923076923077,0.18,0.0,0.01,0.0,0.0,0.0,0.0,0.06,0.06,0.01,0.01,0.0,0.0,0.18,False,50
KIAA1522,0.015000000000000003,0,0,0,33.0,10.0,30.266666666666666,1.0,0.05,0.0,0.0,0.0,0.0,0.0,0.0,0.06,0.07,0.01,0.01,0.0,0.0,0.05,False,50
ATP1A1,0.015000000000000003,0,0,0,31.0,12.0,30.533333333333335,0.9,0.0,0.01,0.01,0.0,0.0,0.04,0.0,0.04,0.05,0.0,0.0,0.0,0.0,0.0,False,50
GNRH2,0.015000000000000003,0,0,0,36.0,10.0,30.6,0.0,0.0,0.14,0.0,0.01,0.0,0.0,0.0,0.0,0.0,0.0,0.0,0.17,0.0,0.0,False,50
FBXL16,0.015000000000000003,0,0,0,37.0,4.0,31.266666666666666,1.0,0.92,0.0,0.02,0.0,0.0,0.0,0.0,0.03,0.1,0.0,0.0,0.0,0.0,0.92,False,50
CSHL1,0.015000000000000003,0,0,0,31.0,14.0,31.6,0.0,0.0,0.14,0.0,0.01,0.0,0.0,0.0,0.0,0.0,0.0,0.0,0.11,0.0,0.0,False,50
MFAP2,0.015000000000000003,0,0,0,26.0,11.0,32.266666666666666,0.5,0.0,0.0,0.14,0.01,0.0,0.0,0.0,0.0,0.0,0.0,0.0,0.0,0.0,0.0,False,50
DLGAP4-AS1,0.015000000000000003,0,0,0,34.0,15.0,33.86666666666667,0.0,0.0,0.1,0.0,0.05,0.0,0.0,0.0,0.0,0.0,0.0,0.0,0.0,0.0,0.0,False,50
IRF2BP2,0.015000000000000003,0,0,0,35.0,18.0,35.266666666666666,0.5454545454545454,0.0,0.0,0.03,0.04,0.0,0.08,0.0,0.0,0.0,0.0,0.0,0.0,0.0,0.0,False,50
CEP57L1,0.015000000000000003,0,0,0,36.0,22.0,37.2,0.10526315789473684,0.0,0.0,0.0,0.02,0.08,0.04,0.01,0.0,0.0,0.0,0.0,0.0,0.07,0.0,False,50
ANKRD35,0.015000000000000003,0,0,0,40.0,17.0,37.46666666666667,0.8,0.0,0.0,0.07,0.0,0.0,0.0,0.0,0.03,0.05,0.0,0.0,0.0,0.0,0.0,False,50
CKMT2,0.015000000000000003,0,0,0,41.0,23.0,38.86666666666667,0.0,0.0,0.0,0.0,0.0,0.03,0.0,0.11,0.0,0.01,0.0,0.0,0.0,0.07,0.0,False,50
FREM1,0.015,0,0,0,20.0,8.0,25.0,0.75,0.0,0.01,0.01,0.0,0.0,0.0,0.01,0.03,0.03,0.03,0.03,0.0,0.0,0.0,False,50
PRC1,0.015,0,0,0,23.0,2.0,25.133333333333333,1.0,0.83,0.0,0.0,0.0,0.0,0.0,0.0,0.06,0.09,0.0,0.0,0.0,0.0,0.83,False,50
LOC254028,0.015,0,0,0,23.0,10.0,26.2,0.0,0.0,0.11,0.0,0.04,0.0,0.0,0.0,0.0,0.0,0.0,0.0,0.13,0.0,0.0,False,50
EPB41L1,0.015,0,0,0,26.0,6.0,28.066666666666666,0.6428571428571429,0.0,0.0,0.01,0.01,0.0,0.13,0.0,0.0,0.0,0.0,0.0,0.0,0.0,0.0,False,50
CLMP,0.015,0,0,0,26.0,5.0,28.333333333333332,0.8181818181818182,0.02,0.0,0.0,0.0,0.0,0.0,0.0,0.07,0.04,0.02,0.02,0.0,0.0,0.02,False,50
COL4A5,0.015,0,0,0,28.0,1.0,28.4,0.5714285714285714,0.0,0.01,0.06,0.01,0.0,0.07,0.0,0.0,0.0,0.0,0.0,0.0,0.0,0.0,False,50
SIRT7,0.015,0,0,0,28.0,11.0,28.933333333333334,1.0,0.0,0.0,0.0,0.0,0.0,0.0,0.0,0.06,0.09,0.0,0.0,0.0,0.0,0.0,False,50
RAB25,0.015,0,0,0,27.0,10.0,30.4,1.0,0.18,0.0,0.01,0.0,0.0,0.0,0.0,0.08,0.06,0.0,0.0,0.0,0.0,0.18,False,50
NOVA1,0.015,0,0,0,42.0,3.0,31.6,0.6,0.0,0.02,0.13,0.0,0.0,0.0,0.0,0.0,0.0,0.0,0.0,0.0,0.0,0.0,False,50
LINC00616,0.015,0,0,0,34.0,7.0,32.2,0.0,0.0,0.13,0.0,0.02,0.0,0.0,0.0,0.0,0.0,0.0,0.0,0.1,0.0,0.0,False,50
CPM,0.015,0,0,0,33.0,14.0,33.666666666666664,0.6153846153846154,0.01,0.0,0.01,0.0,0.0,0.04,0.02,0.06,0.02,0.0,0.0,0.0,0.01,0.01,False,50
C3orf22,0.014000000000000002,0,0,0,10.5,1.0,14.357142857142858,1.0,0.0,0.0,0.0,0.14,0.0,0.0,0.0,0.0,0.0,0.0,0.0,0.0,0.03,0.0,False,50
MOP-1,0.014000000000000002,0,0,0,12.0,2.0,15.071428571428571,1.0,0.0,0.01,0.0,0.13,0.0,0.0,0.0,0.0,0.0,0.0,0.0,0.0,0.05,0.0,False,50
IRS4,0.014000000000000002,0,0,0,16.5,3.0,17.714285714285715,0.0,0.0,0.12,0.01,0.01,0.0,0.0,0.0,0.0,0.0,0.0,0.0,0.0,0.0,0.0,False,50
SCARF2,0.014000000000000002,0,0,0,14.5,4.0,18.857142857142858,1.0,0.0,0.02,0.01,0.11,0.0,0.0,0.0,0.0,0.0,0.0,0.0,0.0,0.02,0.0,False,50
WISP2,0.014000000000000002,0,0,0,18.5,4.0,20.071428571428573,0.6666666666666666,0.01,0.02,0.02,0.01,0.0,0.02,0.0,0.04,0.03,0.0,0.0,0.0,0.01,0.01,False,50
PGM2,0.014000000000000002,0,0,0,20.5,5.0,20.357142857142858,0.2857142857142857,0.0,0.01,0.01,0.01,0.0,0.11,0.0,0.0,0.0,0.0,0.0,0.0,0.01,0.0,False,50
GSTM5,0.014000000000000002,0,0,0,20.5,8.0,21.857142857142858,0.05263157894736842,0.0,0.05,0.05,0.04,0.0,0.0,0.0,0.0,0.0,0.0,0.0,0.28,0.0,0.0,False,50
ATP13A4-AS1,0.014000000000000002,0,0,0,23.5,5.0,22.214285714285715,0.0,0.0,0.1,0.0,0.04,0.0,0.0,0.0,0.0,0.0,0.0,0.0,0.6,0.0,0.0,False,50
KIAA1549,0.014000000000000002,0,0,0,23.5,2.0,23.642857142857142,1.0,0.0,0.0,0.0,0.0,0.0,0.0,0.0,0.03,0.05,0.03,0.03,0.0,0.0,0.0,False,50
CHERP,0.014000000000000002,0,0,0,29.0,8.0,25.714285714285715,1.0,0.0,0.0,0.0,0.0,0.0,0.0,0.0,0.05,0.07,0.01,0.01,0.0,0.0,0.0,False,50
LOC153577,0.014000000000000002,0,0,0,26.5,5.0,26.214285714285715,1.0,0.0,0.0,0.0,0.14,0.0,0.0,0.0,0.0,0.0,0.0,0.0,0.0,0.04,0.0,False,50
ARFGEF1,0.014000000000000002,0,0,0,27.0,15.0,27.642857142857142,0.8125,0.07,0.0,0.05,0.0,0.0,0.0,0.0,0.04,0.05,0.0,0.0,0.0,0.0,0.07,False,50
ARHGEF33,0.014000000000000002,0,0,0,25.5,8.0,27.642857142857142,0.0,0.0,0.1,0.0,0.04,0.0,0.0,0.0,0.0,0.0,0.0,0.0,0.12,0.0,0.0,False,50
ADH1B,0.014000000000000002,0,0,0,27.0,3.0,27.714285714285715,0.6153846153846154,0.05,0.0,0.0,0.0,0.0,0.0,0.0,0.08,0.06,0.0,0.0,0.0,0.0,0.05,False,50
PDCD6,0.014000000000000002,0,0,0,29.5,1.0,27.785714285714285,0.9583333333333334,0.16,0.0,0.01,0.0,0.0,0.0,0.0,0.07,0.06,0.0,0.0,0.0,0.0,0.16,False,50
PDK2,0.014000000000000002,0,0,0,33.0,5.0,30.0,0.21428571428571427,0.0,0.02,0.07,0.0,0.0,0.05,0.0,0.0,0.0,0.0,0.0,0.0,0.0,0.0,False,50
SYCP2,0.014000000000000002,0,0,0,29.0,11.0,30.071428571428573,0.8947368421052632,0.12,0.0,0.03,0.0,0.0,0.0,0.0,0.03,0.06,0.01,0.01,0.0,0.0,0.12,False,50
SQLE,0.014000000000000002,0,0,0,32.0,10.0,30.785714285714285,1.0,0.0,0.0,0.0,0.0,0.0,0.0,0.0,0.07,0.03,0.02,0.02,0.0,0.0,0.0,False,50
RMI1,0.014000000000000002,0,0,0,36.0,6.0,31.0,0.7272727272727273,0.0,0.01,0.09,0.0,0.0,0.0,0.0,0.0,0.02,0.01,0.01,0.0,0.0,0.0,False,50
TRPS1,0.014000000000000002,0,0,0,31.0,9.0,31.0,0.9166666666666666,0.04,0.0,0.03,0.0,0.0,0.0,0.0,0.05,0.06,0.0,0.0,0.0,0.0,0.04,False,50
KIAA0930,0.014000000000000002,0,0,0,33.5,7.0,32.357142857142854,0.6363636363636364,0.0,0.04,0.07,0.03,0.0,0.0,0.0,0.0,0.0,0.0,0.0,0.0,0.0,0.0,False,50
ADHFE1,0.014000000000000002,0,0,0,34.5,15.0,33.714285714285715,0.35714285714285715,0.0,0.05,0.07,0.0,0.0,0.02,0.0,0.0,0.0,0.0,0.0,0.0,0.0,0.0,False,50
RPS6KB2,0.014000000000000002,0,0,0,35.0,15.0,34.714285714285715,1.0,0.0,0.0,0.0,0.0,0.0,0.0,0.0,0.06,0.08,0.0,0.0,0.0,0.0,0.0,False,50
RRM2,0.014000000000000002,0,0,0,38.0,16.0,35.0,1.0,0.01,0.0,0.0,0.0,0.0,0.0,0.0,0.08,0.04,0.01,0.01,0.0,0.0,0.01,False,50
DLX1,0.013999999999999999,0,0,0,32.0,9.0,31.214285714285715,1.0,0.0,0.02,0.0,0.12,0.0,0.0,0.0,0.0,0.0,0.0,0.0,0.0,0.0,0.0,False,50
HS6ST1,0.013000000000000001,0,0,0,12.0,2.0,16.615384615384617,0.9787234042553191,0.4,0.0,0.01,0.0,0.0,0.0,0.0,0.03,0.03,0.03,0.03,0.0,0.0,0.4,False,50
DEPDC7,0.013000000000000001,0,0,0,13.0,5.0,20.23076923076923,0.8,0.0,0.04,0.01,0.08,0.0,0.0,0.0,0.0,0.0,0.0,0.0,0.0,0.0,0.0,False,50
HAPLN4,0.013000000000000001,0,0,0,15.0,1.0,20.46153846153846,1.0,0.0,0.02,0.0,0.06,0.05,0.0,0.0,0.0,0.0,0.0,0.0,0.0,0.11,0.0,False,50
TMEM132A,0.013000000000000001,0,0,0,16.0,5.0,21.615384615384617,1.0,0.0,0.0,0.0,0.0,0.0,0.0,0.0,0.05,0.08,0.0,0.0,0.0,0.0,0.0,False,50
LOC101928409,0.013000000000000001,0,0,0,23.0,7.0,22.846153846153847,0.23076923076923078,0.0,0.05,0.0,0.02,0.0,0.0,0.0,0.0,0.0,0.03,0.03,0.05,0.0,0.0,False,50
VPS37C,0.013000000000000001,0,0,0,17.0,10.0,23.076923076923077,1.0,0.04,0.0,0.0,0.0,0.0,0.0,0.0,0.05,0.08,0.0,0.0,0.0,0.0,0.04,False,50
RASSF6,0.013000000000000001,0,0,0,22.0,7.0,23.615384615384617,0.7692307692307693,0.0,0.0,0.0,0.05,0.0,0.08,0.0,0.0,0.0,0.0,0.0,0.0,0.05,0.0,False,50
CENPK,0.013000000000000001,0,0,0,23.0,10.0,23.692307692307693,1.0,0.0,0.0,0.0,0.0,0.0,0.0,0.0,0.03,0.02,0.04,0.04,0.0,0.0,0.0,False,50
FRAS1,0.013000000000000001,0,0,0,25.0,1.0,25.46153846153846,0.6666666666666666,0.0,0.02,0.1,0.01,0.0,0.0,0.0,0.0,0.0,0.0,0.0,0.0,0.0,0.0,False,50
CLDN5,0.013000000000000001,0,0,0,23.0,10.0,25.923076923076923,0.875,0.01,0.0,0.0,0.0,0.0,0.0,0.0,0.06,0.05,0.01,0.01,0.0,0.0,0.01,False,50
PTBP1,0.013000000000000001,0,0,0,22.0,11.0,26.384615384615383,1.0,0.15,0.0,0.0,0.0,0.0,0.0,0.0,0.06,0.05,0.01,0.01,0.0,0.0,0.15,False,50
SLC30A7,0.013000000000000001,0,0,0,29.0,3.0,26.76923076923077,0.75,0.0,0.02,0.05,0.05,0.0,0.01,0.0,0.0,0.0,0.0,0.0,0.0,0.0,0.0,False,50
EEF1AKMT1,0.013000000000000001,0,0,0,27.0,7.0,27.23076923076923,0.45454545454545453,0.0,0.03,0.08,0.02,0.0,0.0,0.0,0.0,0.0,0.0,0.0,0.0,0.0,0.0,False,50
LAMA5,0.013000000000000001,0,0,0,25.0,13.0,27.23076923076923,1.0,0.22,0.0,0.0,0.0,0.0,0.0,0.0,0.02,0.05,0.03,0.03,0.0,0.0,0.22,False,50
SEL1L2,0.013000000000000001,0,0,0,28.0,9.0,27.307692307692307,0.0,0.0,0.1,0.0,0.03,0.0,0.0,0.0,0.0,0.0,0.0,0.0,0.12,0.0,0.0,False,50
STX7,0.013000000000000001,0,0,0,28.0,5.0,28.923076923076923,0.8,0.02,0.0,0.0,0.0,0.0,0.0,0.0,0.07,0.04,0.01,0.01,0.0,0.0,0.02,False,50
C2CD3,0.013000000000000001,0,0,0,28.0,16.0,29.692307692307693,1.0,0.0,0.0,0.0,0.0,0.0,0.0,0.0,0.04,0.09,0.0,0.0,0.0,0.0,0.0,False,50
CHPF2,0.013000000000000001,0,0,0,33.0,11.0,29.76923076923077,0.7142857142857143,0.0,0.01,0.02,0.0,0.0,0.0,0.0,0.03,0.05,0.01,0.01,0.0,0.0,0.0,False,50
STAP2,0.013000000000000001,0,0,0,32.0,16.0,30.23076923076923,1.0,0.04,0.0,0.0,0.0,0.0,0.0,0.0,0.08,0.05,0.0,0.0,0.0,0.0,0.04,False,50
KIAA1107,0.013000000000000001,0,0,0,35.0,5.0,30.384615384615383,0.5454545454545454,0.0,0.0,0.04,0.02,0.0,0.07,0.0,0.0,0.0,0.0,0.0,0.0,0.0,0.0,False,50
ABHD5,0.013000000000000001,0,0,0,29.0,12.0,31.0,0.3333333333333333,0.0,0.01,0.01,0.05,0.0,0.03,0.01,0.0,0.0,0.01,0.01,0.0,0.0,0.0,False,50
GPATCH2L,0.013000000000000001,0,0,0,38.0,10.0,32.46153846153846,0.5833333333333334,0.0,0.03,0.08,0.0,0.0,0.0,0.0,0.01,0.01,0.0,0.0,0.0,0.0,0.0,False,50
LINC00445,0.013000000000000001,0,0,0,33.0,16.0,33.46153846153846,0.0,0.0,0.12,0.0,0.01,0.0,0.0,0.0,0.0,0.0,0.0,0.0,0.36,0.0,0.0,False,50
SGK223,0.013000000000000001,0,0,0,37.0,13.0,33.46153846153846,0.3333333333333333,0.0,0.0,0.02,0.1,0.0,0.01,0.0,0.0,0.0,0.0,0.0,0.0,0.0,0.0,False,50
GAL,0.013000000000000001,0,0,0,35.0,20.0,33.76923076923077,,0.0,0.0,0.0,0.13,0.0,0.0,0.0,0.0,0.0,0.0,0.0,0.0,0.0,0.0,False,50
ANK2,0.013000000000000001,0,0,0,32.0,18.0,33.92307692307692,0.8333333333333334,0.0,0.0,0.06,0.0,0.0,0.0,0.0,0.06,0.01,0.0,0.0,0.0,0.0,0.0,False,50
SLC16A6,0.013000000000000001,0,0,0,38.0,6.0,34.0,0.5,0.0,0.0,0.04,0.01,0.0,0.08,0.0,0.0,0.0,0.0,0.0,0.0,0.0,0.0,False,50
PLA2G7,0.013000000000000001,0,0,0,35.0,7.0,34.30769230769231,0.5,0.0,0.0,0.0,0.06,0.01,0.06,0.0,0.0,0.0,0.0,0.0,0.0,0.03,0.0,False,50
NECTIN4,0.013000000000000001,0,0,0,34.0,14.0,34.69230769230769,1.0,0.92,0.0,0.01,0.0,0.0,0.0,0.0,0.02,0.06,0.02,0.02,0.0,0.0,0.92,False,50
CNKSR2,0.013000000000000001,0,0,0,35.0,2.0,35.15384615384615,0.09090909090909091,0.0,0.01,0.01,0.01,0.06,0.0,0.04,0.0,0.0,0.0,0.0,0.0,0.03,0.0,False,50
RACGAP1,0.013000000000000001,0,0,0,41.0,15.0,36.92307692307692,0.7368421052631579,0.09,0.0,0.08,0.0,0.0,0.0,0.0,0.02,0.03,0.0,0.0,0.0,0.0,0.09,False,50
C1QTNF1,0.013000000000000001,0,0,0,41.0,17.0,38.23076923076923,0.14285714285714285,0.0,0.02,0.0,0.02,0.03,0.01,0.05,0.0,0.0,0.0,0.0,0.0,0.01,0.0,False,50
RAB15,0.012999999999999998,0,0,0,31.0,5.0,25.46153846153846,0.875,0.0,0.0,0.01,0.0,0.0,0.0,0.0,0.06,0.04,0.01,0.01,0.0,0.0,0.0,False,50
PPP1R2P9,0.012,0,0,0,11.0,4.0,16.75,0.0,0.0,0.1,0.0,0.02,0.0,0.0,0.0,0.0,0.0,0.0,0.0,0.1,0.0,0.0,False,50
LOC400965,0.012,0,0,0,13.0,4.0,17.0,1.0,0.0,0.0,0.0,0.12,0.0,0.0,0.0,0.0,0.0,0.0,0.0,0.0,0.05,0.0,False,50
MYO18B,0.012,0,0,0,17.5,4.0,19.916666666666668,0.0,0.0,0.1,0.0,0.02,0.0,0.0,0.0,0.0,0.0,0.0,0.0,0.07,0.0,0.0,False,50
SPATA8,0.012,0,0,0,17.0,2.0,20.083333333333332,1.0,0.0,0.0,0.0,0.12,0.0,0.0,0.0,0.0,0.0,0.0,0.0,0.0,0.02,0.0,False,50
MSTN,0.012,0,0,0,18.5,8.0,21.083333333333332,,0.0,0.0,0.0,0.12,0.0,0.0,0.0,0.0,0.0,0.0,0.0,0.0,0.0,0.0,False,50
AVPI1,0.012,0,0,0,16.0,3.0,21.583333333333332,0.875,0.01,0.0,0.0,0.0,0.0,0.0,0.0,0.03,0.01,0.04,0.04,0.0,0.0,0.01,False,50
SHISA6,0.012,0,0,0,19.0,7.0,22.083333333333332,,0.0,0.0,0.0,0.12,0.0,0.0,0.0,0.0,0.0,0.0,0.0,0.0,0.0,0.0,False,50
PHEX-AS1,0.012,0,0,0,24.5,4.0,22.75,,0.0,0.0,0.0,0.12,0.0,0.0,0.0,0.0,0.0,0.0,0.0,0.0,0.0,0.0,False,50
RBM12B,0.012,0,0,0,21.0,10.0,23.5,0.9375,0.09,0.0,0.02,0.0,0.0,0.0,0.0,0.04,0.04,0.01,0.01,0.0,0.0,0.09,False,50
AMIGO1,0.012,0,0,0,19.0,8.0,24.666666666666668,0.2727272727272727,0.0,0.03,0.08,0.01,0.0,0.0,0.0,0.0,0.0,0.0,0.0,0.0,0.0,0.0,False,50
CENPU,0.012,0,0,0,18.5,7.0,24.75,1.0,0.0,0.01,0.02,0.0,0.0,0.0,0.0,0.02,0.03,0.02,0.02,0.0,0.0,0.0,False,50
PROK2,0.012,0,0,0,26.0,10.0,25.083333333333332,0.0,0.0,0.09,0.0,0.03,0.0,0.0,0.0,0.0,0.0,0.0,0.0,0.22,0.0,0.0,False,50
ZWINT,0.012,0,0,0,25.0,13.0,25.083333333333332,1.0,0.0,0.0,0.01,0.0,0.0,0.0,0.0,0.04,0.03,0.02,0.02,0.0,0.0,0.0,False,50
ITGAE,0.012,0,0,0,28.0,3.0,25.5,0.5555555555555556,0.0,0.02,0.07,0.03,0.0,0.0,0.0,0.0,0.0,0.0,0.0,0.0,0.0,0.0,False,50
LOC102723845,0.012,0,0,0,29.0,4.0,26.333333333333332,0.0,0.0,0.08,0.0,0.04,0.0,0.0,0.0,0.0,0.0,0.0,0.0,0.2,0.0,0.0,False,50
TNAP,0.012,0,0,0,25.0,13.0,26.416666666666668,,0.0,0.0,0.0,0.12,0.0,0.0,0.0,0.0,0.0,0.0,0.0,0.0,0.0,0.0,False,50
SMIM20,0.012,0,0,0,25.5,5.0,26.583333333333332,1.0,0.0,0.0,0.0,0.0,0.0,0.0,0.0,0.06,0.06,0.0,0.0,0.0,0.0,0.0,False,50
LIG3,0.012,0,0,0,30.0,3.0,27.833333333333332,0.3333333333333333,0.0,0.01,0.11,0.0,0.0,0.0,0.0,0.0,0.0,0.0,0.0,0.0,0.0,0.0,False,50
TCEAL7,0.012,0,0,0,28.5,9.0,27.833333333333332,0.38461538461538464,0.0,0.0,0.05,0.0,0.0,0.0,0.0,0.01,0.02,0.02,0.02,0.05,0.0,0.0,False,50
TPMT,0.012,0,0,0,29.5,5.0,28.75,0.7272727272727273,0.0,0.03,0.08,0.01,0.0,0.0,0.0,0.0,0.0,0.0,0.0,0.0,0.0,0.0,False,50
ZNF92,0.012,0,0,0,26.0,6.0,28.75,0.6,0.0,0.01,0.04,0.07,0.0,0.0,0.0,0.0,0.0,0.0,0.0,0.0,0.0,0.0,False,50
CYP4B1,0.012,0,0,0,32.5,1.0,28.833333333333332,0.5,0.0,0.01,0.04,0.0,0.0,0.07,0.0,0.0,0.0,0.0,0.0,0.0,0.0,0.0,False,50
TBC1D32,0.012,0,0,0,29.5,6.0,29.083333333333332,1.0,0.0,0.01,0.01,0.1,0.0,0.0,0.0,0.0,0.0,0.0,0.0,0.0,0.0,0.0,False,50
BICD1,0.012,0,0,0,38.0,3.0,29.166666666666668,0.3333333333333333,0.0,0.02,0.1,0.0,0.0,0.0,0.0,0.0,0.0,0.0,0.0,0.0,0.0,0.0,False,50
MMP13,0.012,0,0,0,37.0,2.0,29.25,0.625,0.0,0.03,0.05,0.04,0.0,0.0,0.0,0.0,0.0,0.0,0.0,0.0,0.0,0.0,False,50
ADM,0.012,0,0,0,31.0,15.0,29.416666666666668,0.625,0.0,0.0,0.05,0.01,0.0,0.0,0.0,0.03,0.03,0.0,0.0,0.0,0.0,0.0,False,50
CTB-113P19.1,0.012,0,0,0,28.0,12.0,29.5,0.0,0.0,0.09,0.0,0.03,0.0,0.0,0.0,0.0,0.0,0.0,0.0,0.12,0.0,0.0,False,50
SCN4A,0.012,0,0,0,31.0,8.0,29.666666666666668,0.02040816326530612,0.0,0.07,0.01,0.04,0.0,0.0,0.0,0.0,0.0,0.0,0.0,0.41,0.0,0.0,False,50
SLC44A5,0.012,0,0,0,33.5,3.0,30.083333333333332,0.8,0.0,0.02,0.03,0.07,0.0,0.0,0.0,0.0,0.0,0.0,0.0,0.0,0.0,0.0,False,50
RABEP2,0.012,0,0,0,32.5,12.0,30.166666666666668,1.0,0.0,0.0,0.0,0.01,0.0,0.0,0.0,0.05,0.06,0.0,0.0,0.0,0.0,0.0,False,50
SRRT,0.012,0,0,0,31.0,13.0,30.5,1.0,0.0,0.0,0.0,0.0,0.0,0.0,0.0,0.06,0.06,0.0,0.0,0.0,0.0,0.0,False,50
ST6GAL2,0.012,0,0,0,30.0,8.0,30.75,0.6,0.0,0.02,0.08,0.02,0.0,0.0,0.0,0.0,0.0,0.0,0.0,0.0,0.0,0.0,False,50
ZNF562,0.012,0,0,0,37.5,9.0,32.333333333333336,0.8888888888888888,0.0,0.02,0.05,0.0,0.0,0.0,0.0,0.02,0.03,0.0,0.0,0.0,0.0,0.0,False,50
MAN1B1,0.012,0,0,0,31.0,16.0,33.25,1.0,0.0,0.0,0.0,0.0,0.0,0.0,0.0,0.04,0.04,0.02,0.02,0.0,0.0,0.0,False,50
PLCB2,0.012,0,0,0,36.5,15.0,33.25,,0.0,0.0,0.0,0.12,0.0,0.0,0.0,0.0,0.0,0.0,0.0,0.0,0.0,0.0,False,50
PINLYP,0.012,0,0,0,34.5,18.0,34.166666666666664,0.45454545454545453,0.0,0.0,0.06,0.0,0.0,0.04,0.0,0.01,0.01,0.0,0.0,0.0,0.0,0.0,False,50
POLR2H,0.012,0,0,0,40.0,11.0,36.083333333333336,1.0,0.0,0.0,0.0,0.0,0.0,0.0,0.0,0.06,0.04,0.01,0.01,0.0,0.0,0.0,False,50
VGLL4,0.012,0,0,0,35.5,15.0,37.25,0.4,0.0,0.0,0.01,0.01,0.0,0.08,0.0,0.01,0.01,0.0,0.0,0.0,0.0,0.0,False,50
PKD1L2,0.012,0,0,0,39.0,18.0,37.5,0.09090909090909091,0.0,0.01,0.0,0.0,0.02,0.0,0.03,0.01,0.05,0.0,0.0,0.01,0.06,0.0,False,50
P2RX4,0.012,0,0,0,45.0,19.0,39.083333333333336,0.8,0.0,0.01,0.03,0.02,0.0,0.06,0.0,0.0,0.0,0.0,0.0,0.0,0.0,0.0,False,50
RNASE1,0.012,0,0,0,43.0,16.0,39.416666666666664,0.5,0.01,0.01,0.04,0.0,0.0,0.0,0.0,0.06,0.01,0.0,0.0,0.0,0.0,0.01,False,50
BAIAP2L1,0.011000000000000001,0,0,0,19.0,7.0,24.363636363636363,1.0,0.12,0.0,0.0,0.0,0.0,0.0,0.0,0.04,0.03,0.02,0.02,0.0,0.0,0.12,False,50
CLEC2B,0.011000000000000001,0,0,0,27.0,9.0,25.90909090909091,0.6666666666666666,0.02,0.0,0.0,0.0,0.0,0.0,0.0,0.04,0.07,0.0,0.0,0.0,0.0,0.02,False,50
TEFM,0.011000000000000001,0,0,0,28.0,4.0,26.09090909090909,1.0,0.0,0.0,0.0,0.01,0.0,0.0,0.0,0.03,0.03,0.02,0.02,0.0,0.0,0.0,False,50
MGARP,0.011000000000000001,0,0,0,24.0,9.0,27.0,1.0,0.0,0.0,0.0,0.07,0.04,0.0,0.0,0.0,0.0,0.0,0.0,0.0,0.01,0.0,False,50
LIPJ,0.011000000000000001,0,0,0,29.0,1.0,30.09090909090909,0.3333333333333333,0.0,0.01,0.04,0.01,0.0,0.05,0.0,0.0,0.0,0.0,0.0,0.08,0.0,0.0,False,50
TM7SF2,0.011000000000000001,0,0,0,29.0,17.0,30.90909090909091,0.45454545454545453,0.0,0.0,0.04,0.0,0.0,0.07,0.0,0.0,0.0,0.0,0.0,0.0,0.0,0.0,False,50
RUNX2,0.011000000000000001,0,0,0,41.0,16.0,34.54545454545455,0.2857142857142857,0.0,0.0,0.07,0.04,0.0,0.0,0.0,0.0,0.0,0.0,0.0,0.0,0.0,0.0,False,50
ECHDC1,0.011000000000000001,0,0,0,36.0,20.0,35.36363636363637,1.0,0.0,0.0,0.0,0.0,0.0,0.0,0.0,0.04,0.07,0.0,0.0,0.0,0.0,0.0,False,50
RECQL4,0.011,0,0,0,20.0,2.0,19.636363636363637,1.0,0.16,0.0,0.0,0.0,0.0,0.0,0.0,0.06,0.05,0.0,0.0,0.0,0.0,0.16,False,50
PKM,0.011,0,0,0,28.0,3.0,23.727272727272727,0.875,0.0,0.0,0.05,0.0,0.0,0.0,0.0,0.03,0.03,0.0,0.0,0.0,0.0,0.0,False,50
CD248,0.011,0,0,0,25.0,11.0,25.545454545454547,1.0,0.0,0.0,0.0,0.0,0.0,0.0,0.0,0.04,0.01,0.03,0.03,0.0,0.0,0.0,False,50
DYX1C1,0.011,0,0,0,27.0,5.0,25.545454545454547,0.4444444444444444,0.0,0.0,0.01,0.03,0.01,0.06,0.0,0.0,0.0,0.0,0.0,0.0,0.01,0.0,False,50
ZNF629,0.011,0,0,0,20.0,11.0,25.545454545454547,1.0,0.0,0.0,0.0,0.0,0.0,0.0,0.0,0.03,0.08,0.0,0.0,0.0,0.0,0.0,False,50
PAK4,0.011,0,0,0,25.0,14.0,27.818181818181817,1.0,0.01,0.0,0.0,0.0,0.0,0.0,0.0,0.06,0.05,0.0,0.0,0.0,0.0,0.01,False,50
CD300LB,0.011,0,0,0,29.0,12.0,28.0,1.0,0.0,0.0,0.0,0.11,0.0,0.0,0.0,0.0,0.0,0.0,0.0,0.0,0.01,0.0,False,50
ZNF442,0.011,0,0,0,28.0,14.0,29.272727272727273,1.0,0.0,0.01,0.0,0.1,0.0,0.0,0.0,0.0,0.0,0.0,0.0,0.0,0.0,0.0,False,50
PSD4,0.011,0,0,0,34.0,8.0,29.545454545454547,1.0,0.0,0.0,0.0,0.0,0.0,0.0,0.0,0.06,0.01,0.02,0.02,0.0,0.0,0.0,False,50
RHOT2,0.011,0,0,0,27.0,19.0,29.636363636363637,1.0,0.0,0.0,0.0,0.0,0.0,0.0,0.0,0.04,0.05,0.01,0.01,0.0,0.0,0.0,False,50
DTL,0.011,0,0,0,38.0,12.0,31.272727272727273,1.0,0.0,0.0,0.0,0.0,0.0,0.0,0.0,0.06,0.03,0.01,0.01,0.0,0.0,0.0,False,50
CYP2A7P1,0.011,0,0,0,32.0,16.0,31.454545454545453,0.0,0.0,0.1,0.0,0.01,0.0,0.0,0.0,0.0,0.0,0.0,0.0,0.09,0.0,0.0,False,50
PPP2R1B,0.011,0,0,0,37.0,5.0,31.636363636363637,1.0,0.0,0.0,0.0,0.0,0.0,0.0,0.0,0.09,0.02,0.0,0.0,0.0,0.0,0.0,False,50
LOC101930114,0.011,0,0,0,34.0,14.0,32.36363636363637,0.5384615384615384,0.0,0.02,0.02,0.0,0.0,0.0,0.01,0.05,0.01,0.0,0.0,0.02,0.02,0.0,False,50
EZR,0.011,0,0,0,31.0,16.0,32.45454545454545,0.7142857142857143,0.0,0.01,0.02,0.01,0.0,0.0,0.0,0.04,0.03,0.0,0.0,0.0,0.0,0.0,False,50
HS3ST2,0.011,0,0,0,37.0,17.0,33.45454545454545,1.0,0.0,0.0,0.0,0.1,0.01,0.0,0.0,0.0,0.0,0.0,0.0,0.0,0.01,0.0,False,50
ATG16L1,0.011,0,0,0,42.0,6.0,34.18181818181818,0.9090909090909091,0.02,0.02,0.06,0.0,0.0,0.0,0.0,0.01,0.02,0.0,0.0,0.0,0.0,0.02,False,50
PHKB,0.011,0,0,0,36.0,17.0,34.63636363636363,0.5,0.0,0.0,0.08,0.03,0.0,0.0,0.0,0.0,0.0,0.0,0.0,0.0,0.0,0.0,False,50
CRY2,0.011,0,0,0,37.0,25.0,37.54545454545455,0.1,0.0,0.04,0.06,0.01,0.0,0.0,0.0,0.0,0.0,0.0,0.0,0.0,0.0,0.0,False,50
LINC01004,0.01,0,0,0,15.0,1.0,14.9,0.8,0.02,0.01,0.05,0.0,0.0,0.0,0.0,0.02,0.02,0.0,0.0,0.0,0.0,0.02,False,50
LOC339352,0.01,0,0,0,15.0,4.0,16.5,1.0,0.0,0.0,0.0,0.1,0.0,0.0,0.0,0.0,0.0,0.0,0.0,0.0,0.02,0.0,False,50
KY,0.01,0,0,0,13.5,2.0,18.2,,0.0,0.0,0.0,0.1,0.0,0.0,0.0,0.0,0.0,0.0,0.0,0.0,0.0,0.0,False,50
FLJ27354,0.01,0,0,0,12.0,4.0,18.3,0.0,0.0,0.04,0.0,0.06,0.0,0.0,0.0,0.0,0.0,0.0,0.0,0.22,0.0,0.0,False,50
DACT2,0.01,0,0,0,16.5,9.0,18.4,0.0,0.0,0.03,0.0,0.07,0.0,0.0,0.0,0.0,0.0,0.0,0.0,0.15,0.0,0.0,False,50
SULF2,0.01,0,0,0,18.5,3.0,19.3,0.5,0.0,0.03,0.07,0.0,0.0,0.0,0.0,0.0,0.0,0.0,0.0,0.0,0.0,0.0,False,50
ROR2,0.01,0,0,0,19.0,1.0,21.1,0.5,0.0,0.03,0.07,0.0,0.0,0.0,0.0,0.0,0.0,0.0,0.0,0.0,0.0,0.0,False,50
ACAA2,0.01,0,0,0,18.0,11.0,22.2,1.0,0.0,0.0,0.0,0.0,0.0,0.0,0.0,0.03,0.01,0.03,0.03,0.0,0.0,0.0,False,50
LCNL1,0.01,0,0,0,23.0,5.0,23.3,0.0,0.0,0.1,0.0,0.0,0.0,0.0,0.0,0.0,0.0,0.0,0.0,0.01,0.0,0.0,False,50
ZNF544,0.01,0,0,0,23.5,6.0,23.9,1.0,0.0,0.0,0.0,0.0,0.0,0.0,0.0,0.04,0.06,0.0,0.0,0.0,0.0,0.0,False,50
LINC00271,0.01,0,0,0,18.5,2.0,24.2,,0.0,0.0,0.0,0.1,0.0,0.0,0.0,0.0,0.0,0.0,0.0,0.0,0.0,0.0,False,50
FRMD1,0.01,0,0,0,23.5,10.0,24.5,0.0,0.0,0.05,0.0,0.05,0.0,0.0,0.0,0.0,0.0,0.0,0.0,0.25,0.0,0.0,False,50
MAP6,0.01,0,0,0,21.0,9.0,25.4,0.23529411764705882,0.0,0.06,0.04,0.0,0.0,0.0,0.0,0.0,0.0,0.0,0.0,0.07,0.0,0.0,False,50
MID1,0.01,0,0,0,23.5,14.0,25.7,1.0,0.0,0.0,0.0,0.0,0.0,0.0,0.0,0.01,0.03,0.03,0.03,0.0,0.0,0.0,False,50
NKX6-1,0.01,0,0,0,28.0,9.0,25.8,1.0,0.0,0.0,0.0,0.1,0.0,0.0,0.0,0.0,0.0,0.0,0.0,0.0,0.02,0.0,False,50
FABP5,0.01,0,0,0,29.5,1.0,26.0,0.4444444444444444,0.05,0.0,0.0,0.0,0.0,0.0,0.0,0.04,0.06,0.0,0.0,0.0,0.0,0.05,False,50
ZNF792,0.01,0,0,0,20.5,10.0,26.1,0.7,0.0,0.04,0.06,0.0,0.0,0.0,0.0,0.0,0.0,0.0,0.0,0.0,0.0,0.0,False,50
NOL4L,0.01,0,0,0,26.0,12.0,26.8,1.0,0.06,0.0,0.0,0.0,0.0,0.0,0.0,0.03,0.03,0.02,0.02,0.0,0.0,0.06,False,50
OCIAD2,0.01,0,0,0,25.5,14.0,27.4,1.0,0.0,0.0,0.0,0.0,0.0,0.0,0.0,0.03,0.07,0.0,0.0,0.0,0.0,0.0,False,50
SLC35C2,0.01,0,0,0,27.5,12.0,27.6,0.8,0.0,0.0,0.01,0.0,0.0,0.0,0.0,0.04,0.05,0.0,0.0,0.0,0.0,0.0,False,50
LDB2,0.01,0,0,0,30.0,4.0,28.2,0.5454545454545454,0.05,0.0,0.0,0.0,0.0,0.0,0.0,0.04,0.02,0.02,0.02,0.0,0.0,0.05,False,50
TTC23,0.01,0,0,0,28.0,8.0,28.9,1.0,0.0,0.02,0.01,0.07,0.0,0.0,0.0,0.0,0.0,0.0,0.0,0.0,0.0,0.0,False,50
HPGD,0.01,0,0,0,26.0,11.0,29.0,0.021739130434782608,0.0,0.06,0.02,0.02,0.0,0.0,0.0,0.0,0.0,0.0,0.0,0.38,0.0,0.0,False,50
MYT1L,0.01,0,0,0,34.0,5.0,29.4,0.0,0.0,0.08,0.0,0.02,0.0,0.0,0.0,0.0,0.0,0.0,0.0,0.02,0.0,0.0,False,50
PHF12,0.01,0,0,0,30.0,17.0,29.9,1.0,0.14,0.0,0.0,0.0,0.0,0.0,0.0,0.04,0.06,0.0,0.0,0.0,0.0,0.14,False,50
LPL,0.01,0,0,0,31.5,15.0,30.2,0.7777777777777778,0.02,0.0,0.0,0.0,0.0,0.0,0.0,0.07,0.03,0.0,0.0,0.0,0.0,0.02,False,50
APOLD1,0.01,0,0,0,37.0,2.0,31.8,0.625,0.0,0.01,0.05,0.0,0.0,0.0,0.0,0.02,0.02,0.0,0.0,0.0,0.0,0.0,False,50
SMARCC1,0.01,0,0,0,30.5,20.0,32.0,1.0,0.23,0.0,0.02,0.0,0.0,0.0,0.0,0.01,0.03,0.02,0.02,0.0,0.0,0.23,False,50
LRRC8E,0.01,0,0,0,33.5,11.0,33.2,1.0,0.14,0.0,0.0,0.0,0.0,0.0,0.0,0.05,0.05,0.0,0.0,0.0,0.0,0.14,False,50
MILR1,0.01,0,0,0,35.0,8.0,33.7,,0.0,0.0,0.0,0.1,0.0,0.0,0.0,0.0,0.0,0.0,0.0,0.0,0.0,0.0,False,50
ACSS2,0.01,0,0,0,37.5,19.0,37.1,0.375,0.0,0.03,0.04,0.02,0.0,0.0,0.0,0.01,0.0,0.0,0.0,0.0,0.0,0.0,False,50
PLEKHG5,0.01,0,0,0,43.0,24.0,40.4,0.5,0.0,0.04,0.04,0.02,0.0,0.0,0.0,0.0,0.0,0.0,0.0,0.0,0.0,0.0,False,50
RFX6,0.009999999999999998,0,0,0,16.5,2.0,20.5,1.0,0.0,0.01,0.0,0.09,0.0,0.0,0.0,0.0,0.0,0.0,0.0,0.0,0.0,0.0,False,50
FLG,0.009999999999999998,0,0,0,13.5,6.0,21.5,0.0,0.0,0.09,0.0,0.01,0.0,0.0,0.0,0.0,0.0,0.0,0.0,0.16,0.0,0.0,False,50
TMEM97,0.009999999999999998,0,0,0,22.0,7.0,23.5,1.0,0.0,0.0,0.0,0.0,0.0,0.0,0.0,0.03,0.05,0.01,0.01,0.0,0.0,0.0,False,50
LOC105370424,0.009999999999999998,0,0,0,24.0,6.0,25.3,0.0,0.0,0.09,0.0,0.01,0.0,0.0,0.0,0.0,0.0,0.0,0.0,0.1,0.0,0.0,False,50
UNC5B,0.009999999999999998,0,0,0,22.0,8.0,26.2,0.5,0.0,0.02,0.04,0.0,0.0,0.0,0.0,0.01,0.01,0.01,0.01,0.0,0.0,0.0,False,50
NR2F1-AS1,0.009999999999999998,0,0,0,31.0,15.0,29.5,0.2,0.0,0.01,0.06,0.0,0.0,0.03,0.0,0.0,0.0,0.0,0.0,0.0,0.0,0.0,False,50
CFAP44,0.009999999999999998,0,0,0,29.0,19.0,29.9,1.0,0.34,0.0,0.0,0.0,0.0,0.0,0.0,0.03,0.05,0.01,0.01,0.0,0.0,0.34,False,50
FZD2,0.009999999999999998,0,0,0,37.5,2.0,30.0,0.14285714285714285,0.0,0.01,0.06,0.03,0.0,0.0,0.0,0.0,0.0,0.0,0.0,0.0,0.0,0.0,False,50
MYO19,0.009999999999999998,0,0,0,29.0,21.0,33.0,1.0,0.01,0.0,0.0,0.0,0.0,0.0,0.0,0.04,0.04,0.01,0.01,0.0,0.0,0.01,False,50
CASP10,0.009999999999999998,0,0,0,38.0,20.0,37.9,0.3,0.0,0.06,0.03,0.01,0.0,0.0,0.0,0.0,0.0,0.0,0.0,0.01,0.0,0.0,False,50
STXBP6,0.009000000000000001,0,0,0,22.0,4.0,23.77777777777778,0.42857142857142855,0.0,0.03,0.02,0.0,0.0,0.0,0.0,0.0,0.0,0.02,0.02,0.0,0.0,0.0,False,50
PCDH9,0.009000000000000001,0,0,0,22.0,6.0,27.444444444444443,0.375,0.0,0.01,0.01,0.0,0.01,0.0,0.02,0.02,0.02,0.0,0.0,0.01,0.02,0.0,False,50
SEMA4C,0.009000000000000001,0,0,0,26.0,20.0,29.88888888888889,1.0,0.0,0.0,0.0,0.0,0.0,0.0,0.0,0.02,0.03,0.02,0.02,0.0,0.0,0.0,False,50
MAS1L,0.009000000000000001,0,0,0,33.0,8.0,30.22222222222222,0.0,0.0,0.07,0.0,0.02,0.0,0.0,0.0,0.0,0.0,0.0,0.0,0.04,0.0,0.0,False,50
MYZAP,0.009000000000000001,0,0,0,34.0,4.0,30.22222222222222,1.0,0.0,0.0,0.0,0.0,0.0,0.0,0.0,0.07,0.02,0.0,0.0,0.0,0.0,0.0,False,50
ERICH1-AS1,0.009000000000000001,0,0,0,32.0,6.0,31.444444444444443,0.0,0.0,0.07,0.0,0.02,0.0,0.0,0.0,0.0,0.0,0.0,0.0,0.05,0.0,0.0,False,50
STK26,0.009000000000000001,0,0,0,31.0,17.0,33.333333333333336,0.7142857142857143,0.0,0.01,0.05,0.0,0.0,0.0,0.0,0.01,0.02,0.0,0.0,0.0,0.0,0.0,False,50
NAT8L,0.009000000000000001,0,0,0,39.0,7.0,33.666666666666664,0.36363636363636365,0.0,0.02,0.05,0.0,0.0,0.0,0.0,0.02,0.0,0.0,0.0,0.0,0.02,0.0,False,50
PDE3B,0.009000000000000001,0,0,0,40.0,15.0,34.22222222222222,1.0,0.0,0.0,0.0,0.0,0.0,0.0,0.0,0.07,0.02,0.0,0.0,0.0,0.0,0.0,False,50
SIGLEC15,0.009000000000000001,0,0,0,38.0,13.0,35.0,1.0,0.0,0.0,0.02,0.07,0.0,0.0,0.0,0.0,0.0,0.0,0.0,0.0,0.0,0.0,False,50
DIO3OS,0.009000000000000001,0,0,0,43.0,6.0,36.55555555555556,0.4444444444444444,0.0,0.01,0.0,0.0,0.01,0.07,0.0,0.0,0.0,0.0,0.0,0.0,0.0,0.0,False,50
LOC101927151,0.009000000000000001,0,0,0,40.0,12.0,36.55555555555556,0.6666666666666666,0.0,0.01,0.03,0.03,0.0,0.02,0.0,0.0,0.0,0.0,0.0,0.0,0.0,0.0,False,50
DDX31,0.009000000000000001,0,0,0,41.0,21.0,37.111111111111114,0.375,0.0,0.01,0.05,0.01,0.0,0.02,0.0,0.0,0.0,0.0,0.0,0.0,0.0,0.0,False,50
SIPA1L3,0.009000000000000001,0,0,0,35.0,21.0,37.111111111111114,1.0,0.0,0.03,0.04,0.02,0.0,0.0,0.0,0.0,0.0,0.0,0.0,0.0,0.0,0.0,False,50
LOC101927870,0.009,0,0,0,19.0,4.0,17.88888888888889,1.0,0.0,0.0,0.0,0.05,0.03,0.01,0.0,0.0,0.0,0.0,0.0,0.0,0.01,0.0,False,50
PAK5,0.009,0,0,0,16.0,2.0,19.0,0.0,0.0,0.08,0.0,0.01,0.0,0.0,0.0,0.0,0.0,0.0,0.0,0.04,0.0,0.0,False,50
MELK,0.009,0,0,0,19.0,3.0,20.333333333333332,1.0,0.03,0.0,0.0,0.0,0.0,0.0,0.0,0.04,0.05,0.0,0.0,0.0,0.0,0.03,False,50
FAM169B,0.009,0,0,0,28.0,1.0,25.0,1.0,0.0,0.01,0.0,0.08,0.0,0.0,0.0,0.0,0.0,0.0,0.0,0.0,0.0,0.0,False,50
ACVR2A,0.009,0,0,0,25.0,11.0,25.77777777777778,0.6666666666666666,0.0,0.0,0.09,0.0,0.0,0.0,0.0,0.0,0.0,0.0,0.0,0.0,0.0,0.0,False,50
CHMP4C,0.009,0,0,0,29.0,7.0,26.444444444444443,0.7,0.01,0.0,0.01,0.0,0.01,0.06,0.01,0.0,0.0,0.0,0.0,0.0,0.01,0.01,False,50
BAMBI,0.009,0,0,0,24.0,10.0,26.555555555555557,0.6666666666666666,0.0,0.01,0.08,0.0,0.0,0.0,0.0,0.0,0.0,0.0,0.0,0.0,0.0,0.0,False,50
TMEM67,0.009,0,0,0,23.0,3.0,26.555555555555557,0.3333333333333333,0.0,0.01,0.08,0.0,0.0,0.0,0.0,0.0,0.0,0.0,0.0,0.0,0.0,0.0,False,50
AUTS2,0.009,0,0,0,23.0,14.0,26.88888888888889,0.75,0.0,0.0,0.01,0.0,0.0,0.0,0.0,0.02,0.04,0.01,0.01,0.0,0.0,0.0,False,50
NREP,0.009,0,0,0,22.0,15.0,26.88888888888889,0.5555555555555556,0.0,0.0,0.09,0.0,0.0,0.0,0.0,0.0,0.0,0.0,0.0,0.0,0.0,0.0,False,50
C1QTNF6,0.009,0,0,0,33.0,4.0,27.666666666666668,1.0,0.0,0.05,0.0,0.04,0.0,0.0,0.0,0.0,0.0,0.0,0.0,0.0,0.0,0.0,False,50
CFHR2,0.009,0,0,0,20.0,13.0,28.0,0.0,0.0,0.08,0.0,0.0,0.0,0.0,0.0,0.0,0.01,0.0,0.0,0.02,0.0,0.0,False,50
PGLYRP2,0.009,0,0,0,31.0,13.0,28.22222222222222,,0.0,0.0,0.0,0.09,0.0,0.0,0.0,0.0,0.0,0.0,0.0,0.0,0.0,0.0,False,50
ABCC8,0.009,0,0,0,31.0,8.0,28.666666666666668,0.0,0.0,0.0,0.0,0.08,0.0,0.01,0.0,0.0,0.0,0.0,0.0,0.0,0.0,0.0,False,50
AGPAT2,0.009,0,0,0,29.0,3.0,28.77777777777778,1.0,0.0,0.0,0.0,0.0,0.0,0.0,0.0,0.06,0.03,0.0,0.0,0.0,0.0,0.0,False,50
HSPB2,0.009,0,0,0,33.0,2.0,29.0,0.6,0.04,0.0,0.0,0.0,0.0,0.0,0.0,0.05,0.02,0.01,0.01,0.0,0.0,0.04,False,50
MARVELD2,0.009,0,0,0,28.0,11.0,29.0,0.625,0.0,0.0,0.0,0.0,0.02,0.04,0.03,0.0,0.0,0.0,0.0,0.0,0.02,0.0,False,50
KRT18,0.009,0,0,0,24.0,14.0,29.333333333333332,1.0,0.0,0.0,0.0,0.0,0.0,0.0,0.01,0.04,0.04,0.0,0.0,0.0,0.0,0.0,False,50
F12,0.009,0,0,0,30.0,16.0,29.88888888888889,0.96875,0.59,0.0,0.02,0.0,0.0,0.0,0.0,0.02,0.03,0.01,0.01,0.0,0.0,0.59,False,50
CCDC18-AS1,0.009,0,0,0,29.0,22.0,30.77777777777778,1.0,0.01,0.0,0.0,0.0,0.0,0.01,0.0,0.03,0.05,0.0,0.0,0.0,0.0,0.01,False,50
SULF1,0.009,0,0,0,33.0,9.0,31.88888888888889,0.4444444444444444,0.0,0.0,0.09,0.0,0.0,0.0,0.0,0.0,0.0,0.0,0.0,0.0,0.0,0.0,False,50
EPCAM,0.009,0,0,0,36.0,10.0,32.0,0.8,0.0,0.0,0.0,0.0,0.01,0.01,0.04,0.01,0.02,0.0,0.0,0.0,0.02,0.0,False,50
ANKRD13D,0.009,0,0,0,33.0,9.0,32.22222222222222,0.6666666666666666,0.0,0.02,0.03,0.03,0.0,0.0,0.0,0.01,0.0,0.0,0.0,0.0,0.0,0.0,False,50
CAMK1,0.009,0,0,0,33.0,23.0,32.44444444444444,0.14285714285714285,0.0,0.0,0.0,0.0,0.03,0.03,0.01,0.0,0.02,0.0,0.0,0.0,0.01,0.0,False,50
RNPS1,0.009,0,0,0,34.0,25.0,32.44444444444444,1.0,0.01,0.0,0.0,0.0,0.0,0.0,0.0,0.03,0.04,0.01,0.01,0.0,0.0,0.01,False,50
PKDCC,0.009,0,0,0,34.0,12.0,32.55555555555556,0.4,0.02,0.02,0.04,0.0,0.0,0.0,0.0,0.02,0.01,0.0,0.0,0.0,0.0,0.02,False,50
FCGBP,0.009,0,0,0,30.0,12.0,32.888888888888886,0.0,0.0,0.0,0.01,0.08,0.0,0.0,0.0,0.0,0.0,0.0,0.0,0.0,0.0,0.0,False,50
CCDC130,0.009,0,0,0,31.0,20.0,33.55555555555556,1.0,0.0,0.0,0.0,0.0,0.0,0.0,0.0,0.03,0.06,0.0,0.0,0.0,0.0,0.0,False,50
SERINC2,0.009,0,0,0,36.0,7.0,33.55555555555556,1.0,0.2,0.0,0.0,0.0,0.0,0.0,0.0,0.05,0.04,0.0,0.0,0.0,0.0,0.2,False,50
SLC25A33,0.009,0,0,0,42.0,14.0,36.666666666666664,0.5,0.0,0.0,0.06,0.03,0.0,0.0,0.0,0.0,0.0,0.0,0.0,0.0,0.0,0.0,False,50
TMEM134,0.009,0,0,0,46.0,20.0,38.55555555555556,0.5,0.0,0.0,0.03,0.01,0.0,0.0,0.0,0.01,0.04,0.0,0.0,0.0,0.0,0.0,False,50
NPR3,0.009,0,0,0,47.0,17.0,41.666666666666664,0.5,0.0,0.0,0.0,0.01,0.01,0.05,0.01,0.01,0.0,0.0,0.0,0.0,0.01,0.0,False,50
LOC158863,0.008,0,0,0,15.0,6.0,15.125,0.8571428571428571,0.0,0.03,0.04,0.01,0.0,0.0,0.0,0.0,0.0,0.0,0.0,0.0,0.0,0.0,False,50
PTHLH,0.008,0,0,0,19.5,4.0,18.0,0.0,0.0,0.05,0.02,0.01,0.0,0.0,0.0,0.0,0.0,0.0,0.0,0.05,0.0,0.0,False,50
ZFP37,0.008,0,0,0,15.5,4.0,18.75,,0.0,0.0,0.0,0.08,0.0,0.0,0.0,0.0,0.0,0.0,0.0,0.0,0.0,0.0,False,50
SHISA2,0.008,0,0,0,19.0,2.0,21.125,0.5,0.0,0.02,0.06,0.0,0.0,0.0,0.0,0.0,0.0,0.0,0.0,0.0,0.0,0.0,False,50
EBF3,0.008,0,0,0,19.0,8.0,21.5,1.0,0.0,0.0,0.0,0.0,0.0,0.0,0.0,0.04,0.04,0.0,0.0,0.0,0.0,0.0,False,50
LAMP5,0.008,0,0,0,27.0,1.0,21.875,0.6,0.0,0.0,0.02,0.03,0.01,0.02,0.0,0.0,0.0,0.0,0.0,0.0,0.0,0.0,False,50
LOC100506585,0.008,0,0,0,21.0,11.0,22.25,1.0,0.0,0.0,0.0,0.08,0.0,0.0,0.0,0.0,0.0,0.0,0.0,0.0,0.04,0.0,False,50
TSPAN11,0.008,0,0,0,23.5,7.0,22.375,1.0,0.0,0.01,0.0,0.07,0.0,0.0,0.0,0.0,0.0,0.0,0.0,0.0,0.0,0.0,False,50
PRG4,0.008,0,0,0,19.0,10.0,22.625,0.0,0.0,0.04,0.0,0.04,0.0,0.0,0.0,0.0,0.0,0.0,0.0,0.04,0.0,0.0,False,50
LILRA6,0.008,0,0,0,23.0,5.0,23.875,1.0,0.0,0.0,0.0,0.08,0.0,0.0,0.0,0.0,0.0,0.0,0.0,0.0,0.01,0.0,False,50
KL,0.008,0,0,0,21.0,14.0,25.125,0.2857142857142857,0.0,0.02,0.01,0.0,0.01,0.01,0.01,0.0,0.0,0.01,0.01,0.01,0.0,0.0,False,50
SMC4,0.008,0,0,0,25.0,3.0,25.25,0.75,0.0,0.01,0.01,0.0,0.0,0.0,0.0,0.02,0.04,0.0,0.0,0.0,0.0,0.0,False,50
B3GAT3,0.008,0,0,0,24.0,12.0,26.5,1.0,0.0,0.0,0.0,0.0,0.0,0.0,0.0,0.03,0.05,0.0,0.0,0.0,0.0,0.0,False,50
CYP4F8,0.008,0,0,0,26.0,9.0,26.5,0.5,0.0,0.01,0.01,0.06,0.0,0.0,0.0,0.0,0.0,0.0,0.0,0.0,0.0,0.0,False,50
STARD6,0.008,0,0,0,22.5,7.0,26.625,0.0,0.0,0.07,0.0,0.01,0.0,0.0,0.0,0.0,0.0,0.0,0.0,0.07,0.0,0.0,False,50
LINC01094,0.008,0,0,0,26.0,5.0,26.875,0.5714285714285714,0.0,0.02,0.05,0.01,0.0,0.0,0.0,0.0,0.0,0.0,0.0,0.0,0.0,0.0,False,50
GINS2,0.008,0,0,0,22.0,14.0,27.875,1.0,0.0,0.0,0.0,0.0,0.0,0.0,0.0,0.04,0.04,0.0,0.0,0.0,0.0,0.0,False,50
ZNF780B,0.008,0,0,0,26.0,9.0,28.0,,0.0,0.0,0.0,0.08,0.0,0.0,0.0,0.0,0.0,0.0,0.0,0.0,0.0,0.0,False,50
FARP1,0.008,0,0,0,27.5,8.0,28.25,0.5714285714285714,0.0,0.02,0.05,0.01,0.0,0.0,0.0,0.0,0.0,0.0,0.0,0.0,0.0,0.0,False,50
KRTAP4-8,0.008,0,0,0,28.5,6.0,28.25,0.0,0.0,0.06,0.0,0.02,0.0,0.0,0.0,0.0,0.0,0.0,0.0,0.11,0.0,0.0,False,50
AOC3,0.008,0,0,0,33.0,3.0,28.625,1.0,0.0,0.0,0.0,0.0,0.0,0.0,0.0,0.07,0.01,0.0,0.0,0.0,0.0,0.0,False,50
CHURC1,0.008,0,0,0,30.0,14.0,29.0,0.42857142857142855,0.0,0.0,0.07,0.01,0.0,0.0,0.0,0.0,0.0,0.0,0.0,0.0,0.0,0.0,False,50
SUGP2,0.008,0,0,0,32.0,7.0,29.0,1.0,0.03,0.0,0.0,0.0,0.0,0.0,0.0,0.03,0.05,0.0,0.0,0.0,0.0,0.03,False,50
E2F7,0.008,0,0,0,30.5,13.0,29.25,1.0,0.02,0.0,0.0,0.0,0.0,0.0,0.0,0.01,0.01,0.03,0.03,0.0,0.0,0.02,False,50
IDH1-AS1,0.008,0,0,0,31.5,11.0,29.375,0.16666666666666666,0.0,0.03,0.01,0.04,0.0,0.0,0.0,0.0,0.0,0.0,0.0,0.02,0.0,0.0,False,50
SPRNP1,0.008,0,0,0,29.0,15.0,29.375,,0.0,0.0,0.0,0.08,0.0,0.0,0.0,0.0,0.0,0.0,0.0,0.0,0.0,0.0,False,50
FAM118A,0.008,0,0,0,33.5,5.0,29.5,0.5,0.0,0.02,0.06,0.0,0.0,0.0,0.0,0.0,0.0,0.0,0.0,0.0,0.0,0.0,False,50
ERBB3,0.008,0,0,0,31.0,9.0,29.75,0.875,0.0,0.0,0.0,0.0,0.01,0.01,0.01,0.03,0.02,0.0,0.0,0.0,0.03,0.0,False,50
MICALL2,0.008,0,0,0,28.5,15.0,30.0,1.0,0.0,0.0,0.0,0.0,0.0,0.0,0.0,0.05,0.03,0.0,0.0,0.0,0.0,0.0,False,50
SLITRK6,0.008,0,0,0,29.0,14.0,30.125,0.3333333333333333,0.0,0.0,0.06,0.02,0.0,0.0,0.0,0.0,0.0,0.0,0.0,0.0,0.0,0.0,False,50
LOC101927027,0.008,0,0,0,31.0,13.0,30.25,0.75,0.0,0.02,0.05,0.0,0.0,0.01,0.0,0.0,0.0,0.0,0.0,0.0,0.0,0.0,False,50
BRD7,0.008,0,0,0,34.0,5.0,30.625,0.4,0.0,0.0,0.05,0.03,0.0,0.0,0.0,0.0,0.0,0.0,0.0,0.0,0.0,0.0,False,50
ILDR1,0.008,0,0,0,33.5,13.0,30.625,0.2857142857142857,0.0,0.0,0.0,0.01,0.0,0.07,0.0,0.0,0.0,0.0,0.0,0.0,0.0,0.0,False,50
WNT10B,0.008,0,0,0,36.5,5.0,31.875,0.16666666666666666,0.0,0.02,0.0,0.03,0.02,0.01,0.0,0.0,0.0,0.0,0.0,0.0,0.01,0.0,False,50
OLFML1,0.008,0,0,0,34.5,14.0,32.0,1.0,0.0,0.0,0.0,0.0,0.0,0.0,0.0,0.05,0.03,0.0,0.0,0.0,0.0,0.0,False,50
HOOK2,0.008,0,0,0,30.5,18.0,32.25,0.625,0.0,0.0,0.02,0.0,0.0,0.06,0.0,0.0,0.0,0.0,0.0,0.0,0.0,0.0,False,50
COL6A6,0.008,0,0,0,31.0,23.0,32.375,0.15384615384615385,0.0,0.05,0.02,0.0,0.0,0.0,0.01,0.0,0.0,0.0,0.0,0.06,0.0,0.0,False,50
SLAMF9,0.008,0,0,0,35.0,9.0,32.375,1.0,0.0,0.0,0.0,0.04,0.04,0.0,0.0,0.0,0.0,0.0,0.0,0.0,0.1,0.0,False,50
ALDH1B1,0.008,0,0,0,34.5,17.0,32.5,,0.0,0.0,0.0,0.08,0.0,0.0,0.0,0.0,0.0,0.0,0.0,0.0,0.0,0.0,False,50
APOL6,0.008,0,0,0,33.0,13.0,33.125,0.625,0.0,0.0,0.01,0.0,0.0,0.07,0.0,0.0,0.0,0.0,0.0,0.0,0.0,0.0,False,50
TJP3,0.008,0,0,0,32.5,22.0,33.125,0.8888888888888888,0.04,0.0,0.01,0.0,0.0,0.0,0.0,0.04,0.03,0.0,0.0,0.0,0.0,0.04,False,50
VDR,0.008,0,0,0,32.0,26.0,33.125,0.875,0.0,0.04,0.03,0.0,0.0,0.0,0.0,0.0,0.01,0.0,0.0,0.0,0.01,0.0,False,50
ADGRG5,0.008,0,0,0,34.5,22.0,34.0,,0.0,0.0,0.0,0.08,0.0,0.0,0.0,0.0,0.0,0.0,0.0,0.0,0.0,0.0,False,50
PIK3R2,0.008,0,0,0,35.0,13.0,34.25,1.0,0.0,0.0,0.01,0.0,0.0,0.0,0.0,0.04,0.03,0.0,0.0,0.0,0.0,0.0,False,50
CHRDL1,0.008,0,0,0,39.5,16.0,34.75,1.0,0.0,0.0,0.0,0.0,0.0,0.0,0.0,0.05,0.03,0.0,0.0,0.0,0.0,0.0,False,50
BAIAP2,0.008,0,0,0,37.0,26.0,37.0,1.0,0.01,0.0,0.0,0.0,0.0,0.0,0.0,0.04,0.04,0.0,0.0,0.0,0.0,0.01,False,50
TIMP4,0.008,0,0,0,39.0,20.0,37.125,0.5555555555555556,0.0,0.02,0.03,0.0,0.0,0.0,0.0,0.03,0.0,0.0,0.0,0.01,0.0,0.0,False,50
FOXP2,0.008,0,0,0,40.0,25.0,37.75,0.2,0.0,0.01,0.0,0.0,0.01,0.01,0.05,0.0,0.0,0.0,0.0,0.01,0.01,0.0,False,50
PAICS,0.008,0,0,0,40.0,27.0,38.0,1.0,0.3,0.0,0.0,0.0,0.0,0.0,0.0,0.02,0.06,0.0,0.0,0.0,0.0,0.3,False,50
LOC101926944,0.008,0,0,0,40.0,16.0,38.25,0.0,0.0,0.04,0.0,0.04,0.0,0.0,0.0,0.0,0.0,0.0,0.0,0.01,0.0,0.0,False,50
TMEM37,0.008,0,0,0,40.0,28.0,38.625,0.7777777777777778,0.02,0.0,0.0,0.0,0.0,0.0,0.0,0.07,0.01,0.0,0.0,0.0,0.0,0.02,False,50
HS3ST1,0.008,0,0,0,38.5,26.0,39.375,0.375,0.0,0.0,0.0,0.0,0.0,0.08,0.0,0.0,0.0,0.0,0.0,0.0,0.0,0.0,False,50
NIPSNAP1,0.007999999999999998,0,0,0,20.0,9.0,21.625,1.0,0.0,0.0,0.0,0.0,0.0,0.0,0.0,0.03,0.03,0.01,0.01,0.0,0.0,0.0,False,50
SCRIB,0.007999999999999998,0,0,0,24.5,8.0,23.75,1.0,0.0,0.0,0.0,0.0,0.0,0.0,0.0,0.03,0.03,0.01,0.01,0.0,0.0,0.0,False,50
SLC37A1,0.007999999999999998,0,0,0,29.0,5.0,28.375,1.0,0.01,0.0,0.0,0.0,0.0,0.0,0.0,0.03,0.03,0.01,0.01,0.0,0.0,0.01,False,50
RBM10,0.007999999999999998,0,0,0,34.0,14.0,30.25,1.0,0.1,0.0,0.0,0.0,0.0,0.0,0.0,0.02,0.04,0.01,0.01,0.0,0.0,0.1,False,50
CRTAP,0.007999999999999998,0,0,0,30.5,17.0,32.125,1.0,0.0,0.0,0.0,0.0,0.0,0.0,0.0,0.03,0.03,0.01,0.01,0.0,0.0,0.0,False,50
KRT8P12,0.007000000000000001,0,0,0,18.0,1.0,16.571428571428573,0.5714285714285714,0.0,0.03,0.04,0.0,0.0,0.0,0.0,0.0,0.0,0.0,0.0,0.0,0.0,0.0,False,50
LINC01104,0.007000000000000001,0,0,0,10.0,4.0,18.857142857142858,,0.0,0.0,0.0,0.07,0.0,0.0,0.0,0.0,0.0,0.0,0.0,0.0,0.0,0.0,False,50
CHRNA1,0.007000000000000001,0,0,0,18.0,9.0,19.142857142857142,1.0,0.0,0.0,0.0,0.07,0.0,0.0,0.0,0.0,0.0,0.0,0.0,0.0,0.08,0.0,False,50
TAPBP,0.007000000000000001,0,0,0,20.0,7.0,19.714285714285715,1.0,0.07,0.0,0.0,0.0,0.0,0.0,0.0,0.04,0.03,0.0,0.0,0.0,0.0,0.07,False,50
SLC26A11,0.007000000000000001,0,0,0,15.0,13.0,19.857142857142858,1.0,0.0,0.0,0.0,0.0,0.0,0.0,0.0,0.02,0.03,0.01,0.01,0.0,0.0,0.0,False,50
FGF7P3,0.007000000000000001,0,0,0,17.0,11.0,20.714285714285715,0.8,0.0,0.0,0.03,0.0,0.0,0.0,0.0,0.0,0.0,0.02,0.02,0.0,0.0,0.0,False,50
ATAD3A,0.007000000000000001,0,0,0,21.0,5.0,21.142857142857142,1.0,0.0,0.0,0.0,0.0,0.0,0.0,0.0,0.02,0.03,0.01,0.01,0.0,0.0,0.0,False,50
WDR6,0.007000000000000001,0,0,0,15.0,12.0,22.285714285714285,1.0,0.02,0.0,0.0,0.0,0.0,0.0,0.0,0.0,0.03,0.02,0.02,0.0,0.0,0.02,False,50
TSPAN5,0.007000000000000001,0,0,0,19.0,1.0,22.714285714285715,1.0,0.0,0.01,0.02,0.04,0.0,0.0,0.0,0.0,0.0,0.0,0.0,0.0,0.0,0.0,False,50
C1orf116,0.007000000000000001,0,0,0,15.0,6.0,22.857142857142858,0.5714285714285714,0.0,0.02,0.05,0.0,0.0,0.0,0.0,0.0,0.0,0.0,0.0,0.0,0.0,0.0,False,50
ABI3BP,0.007000000000000001,0,0,0,23.0,16.0,23.142857142857142,1.0,0.0,0.0,0.0,0.0,0.0,0.0,0.0,0.01,0.0,0.03,0.03,0.0,0.0,0.0,False,50
HAAO,0.007000000000000001,0,0,0,26.0,7.0,23.857142857142858,0.25,0.0,0.02,0.01,0.04,0.0,0.0,0.0,0.0,0.0,0.0,0.0,0.01,0.0,0.0,False,50
CCNA2,0.007000000000000001,0,0,0,27.0,12.0,24.142857142857142,1.0,0.01,0.0,0.0,0.0,0.0,0.0,0.0,0.02,0.01,0.02,0.02,0.0,0.0,0.01,False,50
CA7,0.007000000000000001,0,0,0,21.0,6.0,24.571428571428573,,0.0,0.0,0.0,0.07,0.0,0.0,0.0,0.0,0.0,0.0,0.0,0.0,0.0,0.0,False,50
LINC01082,0.007000000000000001,0,0,0,17.0,8.0,25.0,0.0,0.0,0.05,0.0,0.02,0.0,0.0,0.0,0.0,0.0,0.0,0.0,0.03,0.0,0.0,False,50
ATP6V0D2,0.007000000000000001,0,0,0,26.0,7.0,26.142857142857142,,0.0,0.0,0.0,0.07,0.0,0.0,0.0,0.0,0.0,0.0,0.0,0.0,0.0,0.0,False,50
PALMD,0.007000000000000001,0,0,0,30.0,11.0,26.857142857142858,1.0,0.0,0.0,0.0,0.0,0.0,0.0,0.0,0.04,0.03,0.0,0.0,0.0,0.0,0.0,False,50
EME2,0.007000000000000001,0,0,0,24.0,18.0,27.285714285714285,1.0,0.0,0.0,0.0,0.0,0.0,0.0,0.0,0.03,0.04,0.0,0.0,0.0,0.0,0.0,False,50
EPYC,0.007000000000000001,0,0,0,28.0,17.0,27.285714285714285,,0.0,0.0,0.0,0.07,0.0,0.0,0.0,0.0,0.0,0.0,0.0,0.0,0.0,0.0,False,50
DIRC3,0.007000000000000001,0,0,0,25.0,12.0,27.428571428571427,0.08333333333333333,0.0,0.02,0.02,0.03,0.0,0.0,0.0,0.0,0.0,0.0,0.0,0.08,0.0,0.0,False,50
KRT19,0.007000000000000001,0,0,0,30.0,4.0,27.571428571428573,1.0,0.0,0.0,0.0,0.0,0.0,0.0,0.0,0.03,0.04,0.0,0.0,0.0,0.0,0.0,False,50
SNX21,0.007000000000000001,0,0,0,32.0,10.0,27.571428571428573,1.0,0.0,0.0,0.0,0.0,0.0,0.0,0.0,0.07,0.0,0.0,0.0,0.0,0.0,0.0,False,50
PGBD5,0.007000000000000001,0,0,0,23.0,18.0,27.714285714285715,,0.0,0.0,0.0,0.07,0.0,0.0,0.0,0.0,0.0,0.0,0.0,0.0,0.0,0.0,False,50
ZNF385B,0.007000000000000001,0,0,0,22.0,16.0,27.714285714285715,,0.0,0.0,0.0,0.07,0.0,0.0,0.0,0.0,0.0,0.0,0.0,0.0,0.0,0.0,False,50
ZNF776,0.007000000000000001,0,0,0,23.0,19.0,27.714285714285715,1.0,0.0,0.0,0.0,0.0,0.0,0.0,0.0,0.01,0.04,0.01,0.01,0.0,0.0,0.0,False,50
CD44,0.007000000000000001,0,0,0,33.0,1.0,27.857142857142858,0.5,0.0,0.01,0.03,0.03,0.0,0.0,0.0,0.0,0.0,0.0,0.0,0.0,0.0,0.0,False,50
HOXA4,0.007000000000000001,0,0,0,25.0,13.0,27.857142857142858,0.0,0.0,0.03,0.02,0.02,0.0,0.0,0.0,0.0,0.0,0.0,0.0,0.0,0.0,0.0,False,50
TRPM4,0.007000000000000001,0,0,0,27.0,8.0,27.857142857142858,1.0,0.0,0.0,0.0,0.0,0.0,0.0,0.0,0.04,0.03,0.0,0.0,0.0,0.0,0.0,False,50
LOC653581,0.007000000000000001,0,0,0,28.0,16.0,28.285714285714285,0.0,0.0,0.07,0.0,0.0,0.0,0.0,0.0,0.0,0.0,0.0,0.0,0.03,0.0,0.0,False,50
TEF,0.007000000000000001,0,0,0,31.0,5.0,28.428571428571427,0.5,0.0,0.01,0.02,0.01,0.0,0.03,0.0,0.0,0.0,0.0,0.0,0.0,0.0,0.0,False,50
KIF1C,0.007000000000000001,0,0,0,34.0,2.0,28.571428571428573,0.5,0.0,0.01,0.05,0.01,0.0,0.0,0.0,0.0,0.0,0.0,0.0,0.0,0.0,0.0,False,50
PAGR1,0.007000000000000001,0,0,0,28.0,21.0,28.571428571428573,0.9,0.06,0.0,0.01,0.0,0.0,0.0,0.0,0.01,0.01,0.02,0.02,0.0,0.0,0.06,False,50
FAM228B,0.007000000000000001,0,0,0,17.0,12.0,29.0,0.8,0.01,0.0,0.0,0.0,0.0,0.0,0.0,0.02,0.01,0.02,0.02,0.0,0.0,0.01,False,50
CD300LF,0.007000000000000001,0,0,0,30.0,11.0,29.714285714285715,1.0,0.0,0.0,0.02,0.05,0.0,0.0,0.0,0.0,0.0,0.0,0.0,0.0,0.0,0.0,False,50
CA4,0.007000000000000001,0,0,0,29.0,19.0,29.857142857142858,0.2,0.0,0.0,0.0,0.0,0.01,0.0,0.02,0.01,0.03,0.0,0.0,0.03,0.0,0.0,False,50
ADGRG1,0.007000000000000001,0,0,0,28.0,19.0,30.285714285714285,1.0,0.0,0.0,0.0,0.0,0.0,0.0,0.0,0.03,0.04,0.0,0.0,0.0,0.0,0.0,False,50
RAB42,0.007000000000000001,0,0,0,29.0,19.0,30.571428571428573,1.0,0.0,0.0,0.0,0.07,0.0,0.0,0.0,0.0,0.0,0.0,0.0,0.0,0.01,0.0,False,50
HN1,0.007000000000000001,0,0,0,31.0,15.0,30.714285714285715,1.0,0.0,0.0,0.0,0.0,0.0,0.0,0.0,0.03,0.04,0.0,0.0,0.0,0.0,0.0,False,50
COL13A1,0.007000000000000001,0,0,0,29.0,19.0,31.0,0.4,0.0,0.02,0.03,0.0,0.0,0.0,0.0,0.0,0.02,0.0,0.0,0.0,0.0,0.0,False,50
MMP1,0.007000000000000001,0,0,0,32.0,9.0,31.142857142857142,0.7142857142857143,0.0,0.0,0.07,0.0,0.0,0.0,0.0,0.0,0.0,0.0,0.0,0.0,0.0,0.0,False,50
SEMA3F,0.007000000000000001,0,0,0,32.0,18.0,31.285714285714285,0.9285714285714286,0.1,0.0,0.01,0.0,0.0,0.0,0.0,0.03,0.03,0.0,0.0,0.0,0.0,0.1,False,50
RGS18,0.007000000000000001,0,0,0,34.0,9.0,31.428571428571427,,0.0,0.0,0.0,0.07,0.0,0.0,0.0,0.0,0.0,0.0,0.0,0.0,0.0,0.0,False,50
OCLN,0.007000000000000001,0,0,0,30.0,18.0,31.571428571428573,0.2,0.0,0.0,0.0,0.0,0.0,0.04,0.01,0.01,0.01,0.0,0.0,0.0,0.0,0.0,False,50
PUS7,0.007000000000000001,0,0,0,28.0,22.0,31.714285714285715,1.0,0.0,0.0,0.0,0.0,0.0,0.0,0.0,0.03,0.04,0.0,0.0,0.0,0.0,0.0,False,50
CHTOP,0.007000000000000001,0,0,0,35.0,20.0,31.857142857142858,1.0,0.0,0.0,0.0,0.0,0.0,0.0,0.0,0.02,0.05,0.0,0.0,0.0,0.0,0.0,False,50
TMED9,0.007000000000000001,0,0,0,37.0,6.0,31.857142857142858,0.75,0.0,0.02,0.02,0.0,0.0,0.0,0.0,0.0,0.03,0.0,0.0,0.0,0.0,0.0,False,50
HBB,0.007000000000000001,0,0,0,34.0,15.0,32.142857142857146,0.8,0.0,0.01,0.01,0.0,0.0,0.0,0.0,0.03,0.02,0.0,0.0,0.0,0.0,0.0,False,50
ANKRD33B,0.007000000000000001,0,0,0,36.0,16.0,32.42857142857143,0.0,0.0,0.01,0.0,0.04,0.01,0.0,0.01,0.0,0.0,0.0,0.0,0.04,0.01,0.0,False,50
MREG,0.007000000000000001,0,0,0,31.0,24.0,32.714285714285715,0.8,0.0,0.0,0.01,0.02,0.0,0.04,0.0,0.0,0.0,0.0,0.0,0.0,0.0,0.0,False,50
PDZD7,0.007000000000000001,0,0,0,33.0,17.0,33.285714285714285,0.0,0.0,0.05,0.0,0.02,0.0,0.0,0.0,0.0,0.0,0.0,0.0,0.01,0.0,0.0,False,50
TMC4,0.007000000000000001,0,0,0,33.0,23.0,33.42857142857143,1.0,0.04,0.0,0.0,0.0,0.0,0.0,0.0,0.04,0.03,0.0,0.0,0.0,0.0,0.04,False,50
PPP1R14B,0.007000000000000001,0,0,0,30.0,13.0,33.714285714285715,1.0,0.0,0.0,0.0,0.0,0.0,0.0,0.0,0.02,0.05,0.0,0.0,0.0,0.0,0.0,False,50
CCDC185,0.007000000000000001,0,0,0,38.0,17.0,34.42857142857143,0.0,0.0,0.05,0.02,0.0,0.0,0.0,0.0,0.0,0.0,0.0,0.0,0.0,0.0,0.0,False,50
NAE1,0.007000000000000001,0,0,0,36.0,7.0,34.42857142857143,0.0,0.0,0.0,0.02,0.05,0.0,0.0,0.0,0.0,0.0,0.0,0.0,0.0,0.0,0.0,False,50
POLR1C,0.007000000000000001,0,0,0,42.0,19.0,36.42857142857143,1.0,0.0,0.0,0.0,0.0,0.0,0.0,0.0,0.03,0.04,0.0,0.0,0.0,0.0,0.0,False,50
ADAM12,0.007000000000000001,0,0,0,39.0,22.0,36.857142857142854,0.5,0.0,0.0,0.02,0.05,0.0,0.0,0.0,0.0,0.0,0.0,0.0,0.0,0.0,0.0,False,50
ZEB2,0.007000000000000001,0,0,0,40.0,18.0,38.0,0.7142857142857143,0.02,0.0,0.0,0.0,0.0,0.0,0.0,0.05,0.02,0.0,0.0,0.0,0.0,0.02,False,50
SUCLA2,0.007000000000000001,0,0,0,45.0,15.0,39.142857142857146,1.0,0.0,0.0,0.0,0.01,0.0,0.0,0.0,0.05,0.01,0.0,0.0,0.0,0.0,0.0,False,50
MAK,0.007000000000000001,0,0,0,35.0,29.0,39.285714285714285,,0.0,0.0,0.0,0.07,0.0,0.0,0.0,0.0,0.0,0.0,0.0,0.0,0.0,0.0,False,50
NRN1,0.007000000000000001,0,0,0,40.0,31.0,39.42857142857143,0.375,0.04,0.0,0.02,0.0,0.0,0.0,0.0,0.02,0.03,0.0,0.0,0.0,0.0,0.04,False,50
MYOM1,0.007000000000000001,0,0,0,41.0,29.0,41.714285714285715,0.15384615384615385,0.0,0.0,0.0,0.01,0.0,0.0,0.04,0.02,0.0,0.0,0.0,0.06,0.05,0.0,False,50
LOC101929645,0.007000000000000001,0,0,0,43.0,28.0,42.714285714285715,0.0,0.0,0.05,0.0,0.02,0.0,0.0,0.0,0.0,0.0,0.0,0.0,0.0,0.0,0.0,False,50
RHPN2,0.007000000000000001,0,0,0,46.0,36.0,45.42857142857143,0.5,0.0,0.0,0.01,0.02,0.0,0.0,0.0,0.01,0.03,0.0,0.0,0.0,0.0,0.0,False,50
GALNT3,0.006999999999999999,0,0,0,19.0,1.0,22.857142857142858,0.2857142857142857,0.0,0.01,0.06,0.0,0.0,0.0,0.0,0.0,0.0,0.0,0.0,0.0,0.0,0.0,False,50
LACE1,0.006999999999999999,0,0,0,25.0,1.0,23.857142857142858,0.125,0.0,0.04,0.02,0.01,0.0,0.0,0.0,0.0,0.0,0.0,0.0,0.02,0.0,0.0,False,50
ZIC1,0.006999999999999999,0,0,0,22.0,6.0,24.142857142857142,0.6666666666666666,0.0,0.0,0.06,0.01,0.0,0.0,0.0,0.0,0.0,0.0,0.0,0.0,0.0,0.0,False,50
LOC101928909,0.006999999999999999,0,0,0,25.0,10.0,24.285714285714285,0.0,0.0,0.06,0.0,0.01,0.0,0.0,0.0,0.0,0.0,0.0,0.0,0.07,0.0,0.0,False,50
USMG5,0.006999999999999999,0,0,0,23.0,14.0,29.0,0.2857142857142857,0.0,0.01,0.06,0.0,0.0,0.0,0.0,0.0,0.0,0.0,0.0,0.0,0.0,0.0,False,50
PELI2,0.006999999999999999,0,0,0,35.0,2.0,29.142857142857142,0.16666666666666666,0.0,0.02,0.04,0.01,0.0,0.0,0.0,0.0,0.0,0.0,0.0,0.0,0.0,0.0,False,50
SGCZ,0.006999999999999999,0,0,0,26.0,12.0,30.0,0.0,0.0,0.06,0.0,0.01,0.0,0.0,0.0,0.0,0.0,0.0,0.0,0.06,0.0,0.0,False,50
LINC01448,0.006999999999999999,0,0,0,33.0,11.0,31.714285714285715,0.0,0.0,0.06,0.0,0.01,0.0,0.0,0.0,0.0,0.0,0.0,0.0,0.02,0.0,0.0,False,50
LOC101928461,0.006999999999999999,0,0,0,33.0,15.0,32.857142857142854,0.0,0.0,0.06,0.0,0.01,0.0,0.0,0.0,0.0,0.0,0.0,0.0,0.14,0.0,0.0,False,50
ETNK2,0.006999999999999999,0,0,0,34.0,27.0,34.0,0.0,0.0,0.0,0.0,0.06,0.0,0.01,0.0,0.0,0.0,0.0,0.0,0.0,0.0,0.0,False,50
GORAB,0.006999999999999999,0,0,0,37.0,27.0,38.0,0.6666666666666666,0.0,0.0,0.06,0.01,0.0,0.0,0.0,0.0,0.0,0.0,0.0,0.0,0.0,0.0,False,50
COPZ2,0.006,0,0,0,9.5,4.0,9.166666666666666,0.6,0.02,0.0,0.0,0.0,0.0,0.0,0.0,0.03,0.03,0.0,0.0,0.0,0.0,0.02,False,50
KRT75,0.006,0,0,0,3.0,1.0,10.0,1.0,0.0,0.06,0.0,0.0,0.0,0.0,0.0,0.0,0.0,0.0,0.0,0.0,0.0,0.0,False,50
PLEKHS1,0.006,0,0,0,8.5,2.0,10.166666666666666,0.3333333333333333,0.0,0.02,0.04,0.0,0.0,0.0,0.0,0.0,0.0,0.0,0.0,0.0,0.0,0.0,False,50
PLPP2,0.006,0,0,0,10.0,2.0,14.833333333333334,1.0,0.21,0.0,0.0,0.0,0.0,0.0,0.0,0.03,0.03,0.0,0.0,0.0,0.0,0.21,False,50
PTGDR2,0.006,0,0,0,10.5,2.0,16.166666666666668,,0.0,0.0,0.0,0.06,0.0,0.0,0.0,0.0,0.0,0.0,0.0,0.0,0.0,0.0,False,50
TRIM40,0.006,0,0,0,13.5,7.0,16.333333333333332,0.0,0.0,0.04,0.0,0.02,0.0,0.0,0.0,0.0,0.0,0.0,0.0,0.09,0.0,0.0,False,50
CSMD3,0.006,0,0,0,16.0,7.0,16.666666666666668,0.0,0.0,0.06,0.0,0.0,0.0,0.0,0.0,0.0,0.0,0.0,0.0,0.12,0.0,0.0,False,50
DTX1,0.006,0,0,0,18.5,2.0,18.333333333333332,1.0,0.0,0.0,0.0,0.0,0.0,0.0,0.01,0.03,0.02,0.0,0.0,0.0,0.0,0.0,False,50
PRKAR2B,0.006,0,0,0,23.0,4.0,20.833333333333332,0.25,0.0,0.02,0.02,0.02,0.0,0.0,0.0,0.0,0.0,0.0,0.0,0.0,0.0,0.0,False,50
GCNT1,0.006,0,0,0,21.5,16.0,21.333333333333332,0.5,0.0,0.0,0.06,0.0,0.0,0.0,0.0,0.0,0.0,0.0,0.0,0.0,0.0,0.0,False,50
C17orf77,0.006,0,0,0,17.5,6.0,21.5,,0.0,0.0,0.0,0.06,0.0,0.0,0.0,0.0,0.0,0.0,0.0,0.0,0.0,0.0,False,50
ZNF624,0.006,0,0,0,23.0,4.0,22.166666666666668,0.3333333333333333,0.0,0.03,0.03,0.0,0.0,0.0,0.0,0.0,0.0,0.0,0.0,0.0,0.0,0.0,False,50
SNHG24,0.006,0,0,0,24.5,9.0,22.333333333333332,0.047619047619047616,0.0,0.01,0.01,0.04,0.0,0.0,0.0,0.0,0.0,0.0,0.0,0.19,0.0,0.0,False,50
THCAT158,0.006,0,0,0,24.0,11.0,22.333333333333332,,0.0,0.0,0.0,0.06,0.0,0.0,0.0,0.0,0.0,0.0,0.0,0.0,0.0,0.0,False,50
MUC17,0.006,0,0,0,26.0,4.0,23.0,1.0,0.0,0.02,0.0,0.04,0.0,0.0,0.0,0.0,0.0,0.0,0.0,0.0,0.0,0.0,False,50
XYLT2,0.006,0,0,0,17.5,6.0,23.0,1.0,0.0,0.0,0.0,0.0,0.0,0.0,0.0,0.01,0.05,0.0,0.0,0.0,0.0,0.0,False,50
DENND5B,0.006,0,0,0,16.0,15.0,23.166666666666668,0.6666666666666666,0.02,0.0,0.0,0.0,0.0,0.0,0.0,0.02,0.0,0.02,0.02,0.0,0.0,0.02,False,50
MTUS2,0.006,0,0,0,22.5,2.0,23.333333333333332,1.0,0.0,0.0,0.0,0.06,0.0,0.0,0.0,0.0,0.0,0.0,0.0,0.0,0.05,0.0,False,50
KLHDC7A,0.006,0,0,0,20.5,7.0,23.5,1.0,0.0,0.01,0.01,0.04,0.0,0.0,0.0,0.0,0.0,0.0,0.0,0.0,0.0,0.0,False,50
OSGIN1,0.006,0,0,0,22.0,7.0,23.666666666666668,0.0,0.0,0.03,0.03,0.0,0.0,0.0,0.0,0.0,0.0,0.0,0.0,0.0,0.0,0.0,False,50
WWC3,0.006,0,0,0,20.5,6.0,23.833333333333332,0.5714285714285714,0.02,0.02,0.03,0.01,0.0,0.0,0.0,0.0,0.0,0.0,0.0,0.0,0.0,0.02,False,50
FLJ10038,0.006,0,0,0,18.5,5.0,24.0,0.5,0.0,0.01,0.05,0.0,0.0,0.0,0.0,0.0,0.0,0.0,0.0,0.0,0.0,0.0,False,50
ADGRL4,0.006,0,0,0,21.0,8.0,24.666666666666668,1.0,0.0,0.0,0.0,0.0,0.0,0.0,0.0,0.02,0.02,0.01,0.01,0.0,0.0,0.0,False,50
NR4A3,0.006,0,0,0,24.0,7.0,24.666666666666668,0.16666666666666666,0.0,0.02,0.04,0.0,0.0,0.0,0.0,0.0,0.0,0.0,0.0,0.0,0.0,0.0,False,50
LOC101060391,0.006,0,0,0,29.0,10.0,25.0,0.75,0.0,0.0,0.01,0.01,0.01,0.01,0.0,0.0,0.0,0.01,0.01,0.0,0.0,0.0,False,50
CD36,0.006,0,0,0,25.5,13.0,25.166666666666668,0.14285714285714285,0.18,0.0,0.0,0.0,0.0,0.0,0.0,0.02,0.02,0.01,0.01,0.0,0.0,0.18,False,50
MTCL1,0.006,0,0,0,24.0,6.0,25.333333333333332,0.6666666666666666,0.0,0.02,0.04,0.0,0.0,0.0,0.0,0.0,0.0,0.0,0.0,0.0,0.0,0.0,False,50
FRMD8,0.006,0,0,0,29.5,1.0,25.5,1.0,0.0,0.0,0.0,0.0,0.0,0.0,0.0,0.02,0.04,0.0,0.0,0.0,0.0,0.0,False,50
PPP1R1A,0.006,0,0,0,28.0,6.0,25.666666666666668,0.6666666666666666,0.01,0.0,0.02,0.0,0.0,0.0,0.0,0.03,0.01,0.0,0.0,0.0,0.0,0.01,False,50
SLC52A2,0.006,0,0,0,22.5,7.0,25.666666666666668,1.0,0.0,0.0,0.0,0.0,0.0,0.0,0.0,0.04,0.02,0.0,0.0,0.0,0.0,0.0,False,50
NOXRED1,0.006,0,0,0,26.5,14.0,25.833333333333332,0.0,0.0,0.04,0.0,0.02,0.0,0.0,0.0,0.0,0.0,0.0,0.0,0.01,0.0,0.0,False,50
ZNF596,0.006,0,0,0,24.5,12.0,25.833333333333332,0.3333333333333333,0.0,0.04,0.02,0.0,0.0,0.0,0.0,0.0,0.0,0.0,0.0,0.0,0.0,0.0,False,50
RAB3D,0.006,0,0,0,25.0,19.0,26.0,1.0,0.0,0.0,0.0,0.0,0.0,0.0,0.0,0.03,0.03,0.0,0.0,0.0,0.0,0.0,False,50
C10orf113,0.006,0,0,0,28.0,1.0,26.166666666666668,,0.0,0.0,0.0,0.06,0.0,0.0,0.0,0.0,0.0,0.0,0.0,0.0,0.0,0.0,False,50
MDM4,0.006,0,0,0,23.5,17.0,26.333333333333332,0.6666666666666666,0.0,0.01,0.05,0.0,0.0,0.0,0.0,0.0,0.0,0.0,0.0,0.0,0.0,0.0,False,50
C5orf64,0.006,0,0,0,28.0,6.0,26.666666666666668,0.0,0.0,0.05,0.0,0.01,0.0,0.0,0.0,0.0,0.0,0.0,0.0,0.02,0.0,0.0,False,50
BTNL2,0.006,0,0,0,31.0,5.0,27.0,0.0,0.0,0.06,0.0,0.0,0.0,0.0,0.0,0.0,0.0,0.0,0.0,0.07,0.0,0.0,False,50
COX7A1,0.006,0,0,0,27.5,15.0,27.0,0.5555555555555556,0.04,0.0,0.0,0.0,0.0,0.0,0.0,0.05,0.01,0.0,0.0,0.0,0.0,0.04,False,50
ADORA3,0.006,0,0,0,24.0,16.0,27.333333333333332,,0.0,0.0,0.0,0.06,0.0,0.0,0.0,0.0,0.0,0.0,0.0,0.0,0.0,0.0,False,50
PTPA,0.006,0,0,0,32.0,7.0,27.333333333333332,1.0,0.0,0.0,0.0,0.0,0.0,0.0,0.0,0.04,0.02,0.0,0.0,0.0,0.0,0.0,False,50
GAL3ST4,0.006,0,0,0,34.0,11.0,27.833333333333332,0.75,0.0,0.02,0.02,0.02,0.0,0.0,0.0,0.0,0.0,0.0,0.0,0.0,0.0,0.0,False,50
ND4,0.006,0,0,0,29.0,6.0,27.833333333333332,0.5,0.0,0.0,0.01,0.04,0.0,0.01,0.0,0.0,0.0,0.0,0.0,0.0,0.0,0.0,False,50
ATP12A,0.006,0,0,0,25.5,11.0,28.166666666666668,0.0,0.0,0.04,0.0,0.02,0.0,0.0,0.0,0.0,0.0,0.0,0.0,0.06,0.0,0.0,False,50
ATG4B,0.006,0,0,0,30.0,18.0,28.333333333333332,1.0,0.0,0.0,0.0,0.0,0.0,0.0,0.0,0.02,0.02,0.01,0.01,0.0,0.0,0.0,False,50
CCDC7,0.006,0,0,0,31.0,1.0,28.5,0.4,0.0,0.01,0.04,0.01,0.0,0.0,0.0,0.0,0.0,0.0,0.0,0.0,0.0,0.0,False,50
ZFP14,0.006,0,0,0,30.5,9.0,28.5,0.5,0.0,0.01,0.03,0.02,0.0,0.0,0.0,0.0,0.0,0.0,0.0,0.0,0.0,0.0,False,50
FAM185A,0.006,0,0,0,28.5,7.0,28.833333333333332,0.6666666666666666,0.02,0.01,0.03,0.01,0.0,0.0,0.0,0.0,0.01,0.0,0.0,0.0,0.0,0.02,False,50
GPR137B,0.006,0,0,0,30.0,6.0,28.833333333333332,0.0,0.0,0.0,0.02,0.04,0.0,0.0,0.0,0.0,0.0,0.0,0.0,0.0,0.0,0.0,False,50
KNL1,0.006,0,0,0,31.0,15.0,29.166666666666668,1.0,0.01,0.0,0.0,0.0,0.0,0.0,0.0,0.03,0.03,0.0,0.0,0.0,0.0,0.01,False,50
GREM2,0.006,0,0,0,28.5,11.0,29.333333333333332,0.0,0.0,0.04,0.02,0.0,0.0,0.0,0.0,0.0,0.0,0.0,0.0,0.11,0.0,0.0,False,50
AIFM2,0.006,0,0,0,29.5,20.0,29.666666666666668,0.14285714285714285,0.0,0.0,0.0,0.0,0.02,0.03,0.01,0.0,0.0,0.0,0.0,0.01,0.01,0.0,False,50
PDCD4,0.006,0,0,0,28.5,16.0,29.666666666666668,,0.0,0.0,0.0,0.06,0.0,0.0,0.0,0.0,0.0,0.0,0.0,0.0,0.0,0.0,False,50
ZMAT3,0.006,0,0,0,25.5,19.0,29.666666666666668,0.5,0.0,0.0,0.02,0.04,0.0,0.0,0.0,0.0,0.0,0.0,0.0,0.0,0.0,0.0,False,50
FAM129B,0.006,0,0,0,32.0,13.0,29.833333333333332,1.0,0.0,0.0,0.0,0.0,0.0,0.0,0.0,0.02,0.04,0.0,0.0,0.0,0.0,0.0,False,50
ARHGEF40,0.006,0,0,0,32.5,9.0,30.0,1.0,0.0,0.0,0.0,0.0,0.0,0.0,0.0,0.05,0.01,0.0,0.0,0.0,0.0,0.0,False,50
GRAMD1C,0.006,0,0,0,35.5,12.0,30.833333333333332,0.4,0.0,0.0,0.0,0.01,0.0,0.05,0.0,0.0,0.0,0.0,0.0,0.0,0.0,0.0,False,50
TMPRSS3,0.006,0,0,0,31.0,10.0,31.0,0.6666666666666666,0.0,0.01,0.05,0.0,0.0,0.0,0.0,0.0,0.0,0.0,0.0,0.0,0.0,0.0,False,50
IQCA1,0.006,0,0,0,36.5,3.0,31.666666666666668,0.75,0.0,0.01,0.03,0.02,0.0,0.0,0.0,0.0,0.0,0.0,0.0,0.0,0.0,0.0,False,50
ODF2,0.006,0,0,0,30.5,20.0,32.0,1.0,0.04,0.0,0.0,0.0,0.0,0.0,0.0,0.02,0.04,0.0,0.0,0.0,0.0,0.04,False,50
SCARA5,0.006,0,0,0,34.0,15.0,32.333333333333336,1.0,0.0,0.0,0.01,0.0,0.0,0.0,0.0,0.04,0.01,0.0,0.0,0.0,0.0,0.0,False,50
TMEM178A,0.006,0,0,0,34.5,8.0,32.5,1.0,0.0,0.01,0.0,0.05,0.0,0.0,0.0,0.0,0.0,0.0,0.0,0.0,0.0,0.0,False,50
FAM84B,0.006,0,0,0,38.5,14.0,32.833333333333336,0.8,0.0,0.0,0.03,0.0,0.0,0.0,0.0,0.02,0.01,0.0,0.0,0.0,0.0,0.0,False,50
LOC100134445,0.006,0,0,0,39.0,13.0,32.833333333333336,0.5,0.0,0.01,0.02,0.01,0.0,0.01,0.0,0.0,0.01,0.0,0.0,0.0,0.0,0.0,False,50
EIF3C,0.006,0,0,0,33.5,21.0,33.0,1.0,0.52,0.0,0.0,0.01,0.0,0.0,0.0,0.01,0.04,0.0,0.0,0.0,0.0,0.52,False,50
SYNE4,0.006,0,0,0,34.0,13.0,33.166666666666664,1.0,0.09,0.0,0.01,0.0,0.0,0.0,0.0,0.03,0.02,0.0,0.0,0.0,0.0,0.09,False,50
DLC1,0.006,0,0,0,35.0,27.0,33.333333333333336,1.0,0.0,0.0,0.0,0.0,0.0,0.0,0.0,0.04,0.0,0.01,0.01,0.0,0.0,0.0,False,50
MAPKAPK2,0.006,0,0,0,39.5,2.0,33.5,0.75,0.03,0.01,0.02,0.0,0.0,0.0,0.0,0.02,0.01,0.0,0.0,0.0,0.0,0.03,False,50
SNHG17,0.006,0,0,0,34.0,18.0,33.5,1.0,0.0,0.0,0.04,0.02,0.0,0.0,0.0,0.0,0.0,0.0,0.0,0.0,0.0,0.0,False,50
ABCA6,0.006,0,0,0,31.5,25.0,34.0,0.6666666666666666,0.0,0.01,0.01,0.0,0.0,0.0,0.02,0.0,0.0,0.01,0.01,0.0,0.0,0.0,False,50
STK35,0.006,0,0,0,29.0,23.0,34.0,1.0,0.0,0.0,0.0,0.0,0.0,0.0,0.0,0.01,0.01,0.02,0.02,0.0,0.0,0.0,False,50
GATA3,0.006,0,0,0,36.5,13.0,34.166666666666664,1.0,0.01,0.0,0.02,0.0,0.0,0.0,0.0,0.01,0.03,0.0,0.0,0.0,0.0,0.01,False,50
MMP27,0.006,0,0,0,37.0,21.0,34.166666666666664,0.0,0.0,0.06,0.0,0.0,0.0,0.0,0.0,0.0,0.0,0.0,0.0,0.03,0.0,0.0,False,50
ZDHHC20,0.006,0,0,0,42.0,5.0,34.333333333333336,0.6,0.0,0.01,0.04,0.01,0.0,0.0,0.0,0.0,0.0,0.0,0.0,0.0,0.0,0.0,False,50
PRDX6,0.006,0,0,0,37.5,15.0,34.666666666666664,0.5,0.0,0.01,0.02,0.02,0.0,0.0,0.0,0.01,0.0,0.0,0.0,0.0,0.0,0.0,False,50
PROM2,0.006,0,0,0,37.5,16.0,34.833333333333336,1.0,0.0,0.0,0.0,0.0,0.0,0.0,0.0,0.03,0.03,0.0,0.0,0.0,0.0,0.0,False,50
ECHDC3,0.006,0,0,0,33.5,13.0,35.0,0.75,0.0,0.01,0.02,0.02,0.0,0.0,0.0,0.01,0.0,0.0,0.0,0.0,0.0,0.0,False,50
SLC26A3,0.006,0,0,0,37.0,19.0,35.0,0.8571428571428571,0.0,0.0,0.0,0.02,0.04,0.0,0.0,0.0,0.0,0.0,0.0,0.01,0.02,0.0,False,50
BMP2,0.006,0,0,0,38.5,22.0,35.166666666666664,0.8,0.0,0.0,0.0,0.0,0.0,0.02,0.0,0.02,0.0,0.01,0.01,0.0,0.0,0.0,False,50
PBK,0.006,0,0,0,36.5,20.0,35.166666666666664,1.0,0.04,0.0,0.0,0.0,0.0,0.0,0.0,0.02,0.02,0.01,0.01,0.0,0.0,0.04,False,50
RGCC,0.006,0,0,0,38.0,26.0,35.333333333333336,1.0,0.0,0.0,0.0,0.0,0.0,0.0,0.0,0.04,0.0,0.01,0.01,0.0,0.0,0.0,False,50
C15orf39,0.006,0,0,0,37.0,16.0,35.5,0.0,0.0,0.0,0.01,0.05,0.0,0.0,0.0,0.0,0.0,0.0,0.0,0.0,0.0,0.0,False,50
ZNF736,0.006,0,0,0,37.0,14.0,35.666666666666664,0.6,0.0,0.0,0.05,0.01,0.0,0.0,0.0,0.0,0.0,0.0,0.0,0.0,0.0,0.0,False,50
TBX2-AS1,0.006,0,0,0,34.0,20.0,35.833333333333336,0.16666666666666666,0.0,0.02,0.02,0.02,0.0,0.0,0.0,0.0,0.0,0.0,0.0,0.02,0.0,0.0,False,50
LOC643733,0.006,0,0,0,34.0,23.0,36.0,1.0,0.0,0.0,0.0,0.0,0.0,0.0,0.0,0.03,0.03,0.0,0.0,0.0,0.0,0.0,False,50
LOC101928716,0.006,0,0,0,37.0,24.0,36.333333333333336,,0.0,0.0,0.0,0.06,0.0,0.0,0.0,0.0,0.0,0.0,0.0,0.0,0.0,0.0,False,50
CD34,0.006,0,0,0,38.0,27.0,36.5,0.2,0.0,0.01,0.0,0.0,0.01,0.0,0.03,0.01,0.0,0.0,0.0,0.0,0.02,0.0,False,50
GPR65,0.006,0,0,0,36.5,23.0,36.5,1.0,0.0,0.0,0.0,0.06,0.0,0.0,0.0,0.0,0.0,0.0,0.0,0.0,0.01,0.0,False,50
PYGL,0.006,0,0,0,41.0,18.0,36.666666666666664,0.8333333333333334,0.0,0.01,0.01,0.0,0.0,0.0,0.0,0.04,0.0,0.0,0.0,0.0,0.0,0.0,False,50
MARK1,0.006,0,0,0,38.5,27.0,37.0,0.3333333333333333,0.0,0.01,0.02,0.0,0.0,0.03,0.0,0.0,0.0,0.0,0.0,0.0,0.0,0.0,False,50
EPHB4,0.006,0,0,0,35.0,29.0,37.5,1.0,0.0,0.0,0.01,0.0,0.0,0.0,0.0,0.02,0.03,0.0,0.0,0.0,0.0,0.0,False,50
SEPT9,0.006,0,0,0,41.0,28.0,38.333333333333336,0.6666666666666666,0.0,0.0,0.0,0.0,0.0,0.06,0.0,0.0,0.0,0.0,0.0,0.0,0.0,0.0,False,50
PARD3B,0.006,0,0,0,41.0,23.0,38.5,0.75,0.0,0.0,0.0,0.0,0.0,0.02,0.03,0.01,0.0,0.0,0.0,0.01,0.0,0.0,False,50
NUP210,0.006,0,0,0,39.5,25.0,38.833333333333336,1.0,0.18,0.0,0.0,0.0,0.0,0.0,0.0,0.01,0.03,0.01,0.01,0.0,0.0,0.18,False,50
CPA2,0.006,0,0,0,37.5,33.0,39.0,0.125,0.0,0.0,0.0,0.0,0.04,0.0,0.01,0.01,0.0,0.0,0.0,0.0,0.03,0.0,False,50
FAM69A,0.006,0,0,0,42.0,17.0,39.0,1.0,0.0,0.0,0.0,0.0,0.0,0.0,0.0,0.05,0.01,0.0,0.0,0.0,0.0,0.0,False,50
MMP8,0.006,0,0,0,39.5,31.0,39.0,1.0,0.0,0.0,0.0,0.06,0.0,0.0,0.0,0.0,0.0,0.0,0.0,0.0,0.03,0.0,False,50
ANO3,0.006,0,0,0,47.0,17.0,39.333333333333336,0.2,0.0,0.01,0.0,0.0,0.02,0.02,0.0,0.0,0.01,0.0,0.0,0.0,0.0,0.0,False,50
CHD4,0.006,0,0,0,40.0,27.0,39.5,1.0,0.0,0.0,0.0,0.0,0.0,0.0,0.0,0.03,0.03,0.0,0.0,0.0,0.0,0.0,False,50
LOC158402,0.006,0,0,0,40.5,34.0,40.666666666666664,,0.0,0.0,0.0,0.06,0.0,0.0,0.0,0.0,0.0,0.0,0.0,0.0,0.0,0.0,False,50
LIMD1,0.006,0,0,0,42.5,31.0,41.166666666666664,0.0,0.0,0.0,0.01,0.05,0.0,0.0,0.0,0.0,0.0,0.0,0.0,0.0,0.0,0.0,False,50
LOC100506022,0.006,0,0,0,40.5,33.0,41.333333333333336,0.0,0.0,0.0,0.0,0.0,0.06,0.0,0.0,0.0,0.0,0.0,0.0,0.0,0.01,0.0,False,50
RMDN2,0.006,0,0,0,44.0,35.0,42.833333333333336,0.6,0.0,0.0,0.02,0.01,0.0,0.03,0.0,0.0,0.0,0.0,0.0,0.0,0.0,0.0,False,50
SUCO,0.006,0,0,0,43.5,35.0,43.333333333333336,1.0,0.0,0.0,0.02,0.0,0.0,0.0,0.0,0.01,0.03,0.0,0.0,0.0,0.0,0.0,False,50
GLRA3,0.005,0,0,0,12.0,1.0,10.0,0.2,0.0,0.04,0.01,0.0,0.0,0.0,0.0,0.0,0.0,0.0,0.0,0.0,0.0,0.0,False,50
APOBEC3B,0.005,0,0,0,11.0,1.0,12.0,1.0,0.0,0.01,0.02,0.0,0.0,0.0,0.0,0.0,0.0,0.01,0.01,0.0,0.0,0.0,False,50
CCDC27,0.005,0,0,0,9.0,1.0,14.8,0.0,0.0,0.03,0.01,0.01,0.0,0.0,0.0,0.0,0.0,0.0,0.0,0.04,0.0,0.0,False,50
CDC14A,0.005,0,0,0,9.0,3.0,15.4,1.0,0.0,0.02,0.02,0.01,0.0,0.0,0.0,0.0,0.0,0.0,0.0,0.0,0.0,0.0,False,50
USP2,0.005,0,0,0,13.0,8.0,15.6,1.0,0.0,0.0,0.0,0.05,0.0,0.0,0.0,0.0,0.0,0.0,0.0,0.0,0.01,0.0,False,50
CCL28,0.005,0,0,0,11.0,2.0,15.8,0.75,0.0,0.02,0.02,0.01,0.0,0.0,0.0,0.0,0.0,0.0,0.0,0.0,0.0,0.0,False,50
FOXF1,0.005,0,0,0,12.0,1.0,16.6,1.0,0.0,0.01,0.0,0.04,0.0,0.0,0.0,0.0,0.0,0.0,0.0,0.0,0.0,0.0,False,50
HPS3,0.005,0,0,0,17.0,2.0,16.6,0.8,0.0,0.01,0.04,0.0,0.0,0.0,0.0,0.0,0.0,0.0,0.0,0.0,0.0,0.0,False,50
CCNB1,0.005,0,0,0,16.0,10.0,18.0,1.0,0.0,0.0,0.0,0.0,0.0,0.0,0.0,0.02,0.03,0.0,0.0,0.0,0.0,0.0,False,50
C3orf52,0.005,0,0,0,13.0,8.0,19.0,0.6923076923076923,0.08,0.0,0.05,0.0,0.0,0.0,0.0,0.0,0.0,0.0,0.0,0.0,0.0,0.08,False,50
MRPL2,0.005,0,0,0,16.0,13.0,19.4,0.25,0.0,0.01,0.03,0.01,0.0,0.0,0.0,0.0,0.0,0.0,0.0,0.0,0.0,0.0,False,50
LOXL3,0.005,0,0,0,15.0,4.0,20.4,0.5,0.0,0.01,0.03,0.01,0.0,0.0,0.0,0.0,0.0,0.0,0.0,0.0,0.0,0.0,False,50
HERC2P7,0.005,0,0,0,27.0,3.0,20.6,1.0,0.0,0.02,0.03,0.0,0.0,0.0,0.0,0.0,0.0,0.0,0.0,0.0,0.0,0.0,False,50
C19orf33,0.005,0,0,0,16.0,3.0,21.4,0.6,0.0,0.01,0.04,0.0,0.0,0.0,0.0,0.0,0.0,0.0,0.0,0.0,0.0,0.0,False,50
TRMT44,0.005,0,0,0,21.0,5.0,22.2,1.0,0.0,0.0,0.0,0.03,0.02,0.0,0.0,0.0,0.0,0.0,0.0,0.0,0.01,0.0,False,50
KRT76,0.005,0,0,0,22.0,18.0,22.4,0.0,0.0,0.03,0.0,0.02,0.0,0.0,0.0,0.0,0.0,0.0,0.0,0.04,0.0,0.0,False,50
LCE2B,0.005,0,0,0,31.0,1.0,22.6,0.0,0.0,0.04,0.0,0.01,0.0,0.0,0.0,0.0,0.0,0.0,0.0,0.02,0.0,0.0,False,50
SYTL1,0.005,0,0,0,28.0,9.0,22.6,1.0,0.04,0.0,0.01,0.0,0.0,0.0,0.0,0.02,0.02,0.0,0.0,0.0,0.0,0.04,False,50
P2RY12,0.005,0,0,0,21.0,8.0,23.2,1.0,0.0,0.0,0.0,0.0,0.0,0.0,0.0,0.03,0.02,0.0,0.0,0.0,0.0,0.0,False,50
THRSP,0.005,0,0,0,21.0,10.0,23.2,0.5,0.0,0.01,0.02,0.0,0.0,0.0,0.0,0.01,0.01,0.0,0.0,0.0,0.0,0.0,False,50
IGFBP2,0.005,0,0,0,24.0,6.0,23.4,0.6,0.0,0.0,0.05,0.0,0.0,0.0,0.0,0.0,0.0,0.0,0.0,0.0,0.0,0.0,False,50
DAGLB,0.005,0,0,0,27.0,9.0,23.6,0.75,0.03,0.01,0.04,0.0,0.0,0.0,0.0,0.0,0.0,0.0,0.0,0.0,0.0,0.03,False,50
LMNB2,0.005,0,0,0,20.0,13.0,24.0,1.0,0.0,0.0,0.0,0.0,0.0,0.0,0.0,0.03,0.02,0.0,0.0,0.0,0.0,0.0,False,50
MMP3,0.005,0,0,0,24.0,15.0,24.0,,0.0,0.0,0.0,0.05,0.0,0.0,0.0,0.0,0.0,0.0,0.0,0.0,0.0,0.0,False,50
FUS,0.005,0,0,0,22.0,10.0,24.4,1.0,0.0,0.0,0.0,0.0,0.0,0.0,0.0,0.02,0.03,0.0,0.0,0.0,0.0,0.0,False,50
SOX6,0.005,0,0,0,32.0,10.0,24.6,0.5,0.0,0.0,0.03,0.0,0.0,0.0,0.0,0.0,0.0,0.01,0.01,0.0,0.0,0.0,False,50
JUP,0.005,0,0,0,17.0,10.0,24.8,1.0,0.0,0.0,0.0,0.0,0.0,0.0,0.0,0.02,0.03,0.0,0.0,0.0,0.0,0.0,False,50
CPED1,0.005,0,0,0,30.0,1.0,25.4,1.0,0.0,0.0,0.0,0.0,0.0,0.0,0.0,0.04,0.01,0.0,0.0,0.0,0.0,0.0,False,50
IBA57-AS1,0.005,0,0,0,22.0,15.0,25.4,0.25,0.0,0.02,0.01,0.02,0.0,0.0,0.0,0.0,0.0,0.0,0.0,0.01,0.0,0.0,False,50
MCCC1,0.005,0,0,0,29.0,11.0,25.6,1.0,0.0,0.0,0.04,0.01,0.0,0.0,0.0,0.0,0.0,0.0,0.0,0.0,0.0,0.0,False,50
WDR54,0.005,0,0,0,25.0,8.0,25.6,1.0,0.08,0.0,0.0,0.0,0.0,0.0,0.0,0.02,0.03,0.0,0.0,0.0,0.0,0.08,False,50
GGN,0.005,0,0,0,26.0,3.0,25.8,1.0,0.0,0.01,0.0,0.04,0.0,0.0,0.0,0.0,0.0,0.0,0.0,0.0,0.0,0.0,False,50
STX8,0.005,0,0,0,23.0,15.0,26.0,1.0,0.0,0.0,0.0,0.0,0.0,0.0,0.0,0.02,0.03,0.0,0.0,0.0,0.0,0.0,False,50
C1orf123,0.005,0,0,0,27.0,2.0,26.2,0.6666666666666666,0.0,0.01,0.01,0.01,0.0,0.0,0.0,0.01,0.01,0.0,0.0,0.0,0.0,0.0,False,50
HMGA1,0.005,0,0,0,28.0,15.0,26.6,1.0,0.0,0.0,0.0,0.0,0.0,0.0,0.0,0.02,0.01,0.01,0.01,0.0,0.0,0.0,False,50
PLCH1-AS1,0.005,0,0,0,29.0,21.0,27.2,0.0,0.0,0.03,0.01,0.01,0.0,0.0,0.0,0.0,0.0,0.0,0.0,0.06,0.0,0.0,False,50
ZNF563,0.005,0,0,0,35.0,4.0,27.2,1.0,0.0,0.01,0.0,0.04,0.0,0.0,0.0,0.0,0.0,0.0,0.0,0.0,0.0,0.0,False,50
LDHAL6A,0.005,0,0,0,33.0,2.0,27.6,1.0,0.0,0.0,0.0,0.04,0.01,0.0,0.0,0.0,0.0,0.0,0.0,0.0,0.0,0.0,False,50
KIAA1524,0.005,0,0,0,28.0,9.0,28.0,0.8,0.0,0.01,0.04,0.0,0.0,0.0,0.0,0.0,0.0,0.0,0.0,0.0,0.0,0.0,False,50
LOC100288798,0.005,0,0,0,23.0,7.0,28.0,0.0,0.0,0.04,0.0,0.01,0.0,0.0,0.0,0.0,0.0,0.0,0.0,0.0,0.0,0.0,False,50
TMEM108,0.005,0,0,0,30.0,22.0,28.0,,0.0,0.0,0.0,0.05,0.0,0.0,0.0,0.0,0.0,0.0,0.0,0.0,0.0,0.0,False,50
PHF8,0.005,0,0,0,35.0,4.0,28.2,0.75,0.0,0.0,0.0,0.02,0.01,0.02,0.0,0.0,0.0,0.0,0.0,0.0,0.01,0.0,False,50
PRSS23,0.005,0,0,0,27.0,16.0,28.8,0.0,0.0,0.0,0.01,0.04,0.0,0.0,0.0,0.0,0.0,0.0,0.0,0.0,0.0,0.0,False,50
MB,0.005,0,0,0,32.0,8.0,29.0,1.0,0.1,0.0,0.0,0.0,0.0,0.0,0.0,0.02,0.01,0.01,0.01,0.0,0.0,0.1,False,50
UBE2L3,0.005,0,0,0,26.0,15.0,29.0,,0.0,0.0,0.0,0.05,0.0,0.0,0.0,0.0,0.0,0.0,0.0,0.0,0.0,0.0,False,50
SCD,0.005,0,0,0,29.0,17.0,29.2,0.5,0.0,0.0,0.02,0.03,0.0,0.0,0.0,0.0,0.0,0.0,0.0,0.0,0.0,0.0,False,50
ABCA9,0.005,0,0,0,25.0,17.0,29.6,0.3333333333333333,0.0,0.0,0.02,0.0,0.0,0.0,0.0,0.0,0.01,0.01,0.01,0.0,0.0,0.0,False,50
NDN,0.005,0,0,0,36.0,10.0,29.6,0.6666666666666666,0.02,0.0,0.0,0.0,0.0,0.0,0.0,0.04,0.01,0.0,0.0,0.0,0.0,0.02,False,50
PLCL2,0.005,0,0,0,36.0,13.0,29.6,0.25,0.06,0.0,0.0,0.0,0.0,0.0,0.0,0.02,0.03,0.0,0.0,0.0,0.0,0.06,False,50
SVEP1,0.005,0,0,0,33.0,9.0,29.6,1.0,0.0,0.0,0.0,0.0,0.0,0.0,0.0,0.05,0.0,0.0,0.0,0.0,0.0,0.0,False,50
C1orf168,0.005,0,0,0,31.0,14.0,30.0,0.0,0.0,0.0,0.02,0.03,0.0,0.0,0.0,0.0,0.0,0.0,0.0,0.0,0.0,0.0,False,50
GHR,0.005,0,0,0,28.0,12.0,30.0,1.0,0.0,0.0,0.0,0.0,0.0,0.0,0.0,0.03,0.02,0.0,0.0,0.0,0.0,0.0,False,50
PDRG1,0.005,0,0,0,29.0,18.0,30.0,1.0,0.0,0.0,0.01,0.0,0.0,0.0,0.0,0.02,0.02,0.0,0.0,0.0,0.0,0.0,False,50
CSK,0.005,0,0,0,29.0,16.0,30.6,1.0,0.0,0.0,0.0,0.0,0.0,0.0,0.0,0.02,0.01,0.01,0.01,0.0,0.0,0.0,False,50
INSIG1,0.005,0,0,0,33.0,4.0,30.6,0.4,0.0,0.01,0.04,0.0,0.0,0.0,0.0,0.0,0.0,0.0,0.0,0.0,0.0,0.0,False,50
PCCA,0.005,0,0,0,25.0,14.0,30.6,1.0,0.0,0.0,0.0,0.0,0.0,0.0,0.0,0.02,0.03,0.0,0.0,0.0,0.0,0.0,False,50
RIN3,0.005,0,0,0,26.0,18.0,30.6,,0.0,0.0,0.0,0.05,0.0,0.0,0.0,0.0,0.0,0.0,0.0,0.0,0.0,0.0,False,50
ANTXR2,0.005,0,0,0,31.0,14.0,30.8,1.0,0.0,0.0,0.0,0.0,0.0,0.0,0.0,0.04,0.01,0.0,0.0,0.0,0.0,0.0,False,50
CEP78,0.005,0,0,0,32.0,19.0,31.0,0.0,0.0,0.0,0.04,0.01,0.0,0.0,0.0,0.0,0.0,0.0,0.0,0.0,0.0,0.0,False,50
COBL,0.005,0,0,0,36.0,8.0,31.0,0.25,0.0,0.0,0.04,0.01,0.0,0.0,0.0,0.0,0.0,0.0,0.0,0.0,0.0,0.0,False,50
LOC729173,0.005,0,0,0,41.0,11.0,31.0,0.0,0.0,0.03,0.0,0.02,0.0,0.0,0.0,0.0,0.0,0.0,0.0,0.1,0.0,0.0,False,50
C19orf12,0.005,0,0,0,42.0,13.0,31.2,1.0,0.0,0.0,0.0,0.0,0.0,0.0,0.0,0.04,0.01,0.0,0.0,0.0,0.0,0.0,False,50
DNAJA2,0.005,0,0,0,31.0,7.0,31.2,0.75,0.0,0.01,0.03,0.01,0.0,0.0,0.0,0.0,0.0,0.0,0.0,0.0,0.0,0.0,False,50
KRTAP4-3,0.005,0,0,0,31.0,17.0,31.2,0.0,0.0,0.04,0.0,0.01,0.0,0.0,0.0,0.0,0.0,0.0,0.0,0.0,0.0,0.0,False,50
TG,0.005,0,0,0,33.0,11.0,31.4,0.0,0.0,0.04,0.0,0.01,0.0,0.0,0.0,0.0,0.0,0.0,0.0,0.01,0.0,0.0,False,50
TRIM25,0.005,0,0,0,24.0,21.0,31.4,1.0,0.0,0.0,0.0,0.0,0.0,0.0,0.0,0.02,0.03,0.0,0.0,0.0,0.0,0.0,False,50
KPNA2,0.005,0,0,0,29.0,24.0,31.6,1.0,0.0,0.0,0.0,0.0,0.0,0.0,0.0,0.03,0.02,0.0,0.0,0.0,0.0,0.0,False,50
ADIRF,0.005,0,0,0,44.0,10.0,31.8,0.75,0.01,0.0,0.0,0.0,0.0,0.0,0.0,0.03,0.02,0.0,0.0,0.0,0.0,0.01,False,50
CHP1,0.005,0,0,0,41.0,4.0,31.8,0.3333333333333333,0.0,0.0,0.03,0.02,0.0,0.0,0.0,0.0,0.0,0.0,0.0,0.0,0.0,0.0,False,50
CUBN,0.005,0,0,0,39.0,15.0,31.8,0.0,0.0,0.04,0.0,0.01,0.0,0.0,0.0,0.0,0.0,0.0,0.0,0.03,0.0,0.0,False,50
HIST1H4G,0.005,0,0,0,25.0,17.0,31.8,0.0,0.0,0.05,0.0,0.0,0.0,0.0,0.0,0.0,0.0,0.0,0.0,0.0,0.0,0.0,False,50
LILRB5,0.005,0,0,0,32.0,19.0,31.8,0.0,0.0,0.0,0.0,0.0,0.02,0.0,0.03,0.0,0.0,0.0,0.0,0.0,0.02,0.0,False,50
OPN5,0.005,0,0,0,33.0,19.0,31.8,0.0,0.0,0.01,0.0,0.04,0.0,0.0,0.0,0.0,0.0,0.0,0.0,0.05,0.0,0.0,False,50
IRF6,0.005,0,0,0,31.0,22.0,32.2,1.0,0.0,0.0,0.0,0.0,0.0,0.0,0.0,0.03,0.02,0.0,0.0,0.0,0.0,0.0,False,50
SH3D19,0.005,0,0,0,28.0,17.0,32.2,1.0,0.0,0.0,0.0,0.0,0.0,0.0,0.0,0.05,0.0,0.0,0.0,0.0,0.0,0.0,False,50
LOC100506691,0.005,0,0,0,34.0,13.0,32.4,,0.0,0.0,0.0,0.05,0.0,0.0,0.0,0.0,0.0,0.0,0.0,0.0,0.0,0.0,False,50
PLIN1,0.005,0,0,0,36.0,18.0,32.4,1.0,0.0,0.0,0.0,0.0,0.0,0.0,0.0,0.05,0.0,0.0,0.0,0.0,0.0,0.0,False,50
ZBTB42,0.005,0,0,0,41.0,15.0,32.4,1.0,0.51,0.0,0.0,0.0,0.0,0.0,0.0,0.02,0.01,0.01,0.01,0.0,0.0,0.51,False,50
PUS1,0.005,0,0,0,32.0,28.0,32.8,1.0,0.0,0.0,0.0,0.0,0.0,0.0,0.0,0.02,0.03,0.0,0.0,0.0,0.0,0.0,False,50
EVC,0.005,0,0,0,33.0,24.0,33.6,0.0,0.0,0.0,0.01,0.04,0.0,0.0,0.0,0.0,0.0,0.0,0.0,0.0,0.0,0.0,False,50
ANGPTL4,0.005,0,0,0,27.0,23.0,33.8,0.18181818181818182,0.09,0.0,0.0,0.0,0.0,0.0,0.0,0.01,0.02,0.01,0.01,0.0,0.0,0.09,False,50
E4F1,0.005,0,0,0,33.0,26.0,34.0,1.0,0.0,0.0,0.0,0.0,0.0,0.0,0.0,0.02,0.03,0.0,0.0,0.0,0.0,0.0,False,50
ITGA7,0.005,0,0,0,36.0,13.0,34.0,1.0,0.0,0.0,0.0,0.0,0.0,0.0,0.0,0.05,0.0,0.0,0.0,0.0,0.0,0.0,False,50
PLAC9,0.005,0,0,0,38.0,21.0,34.0,1.0,0.0,0.0,0.0,0.0,0.0,0.0,0.0,0.03,0.02,0.0,0.0,0.0,0.0,0.0,False,50
CDK1,0.005,0,0,0,30.0,22.0,34.2,1.0,0.04,0.0,0.01,0.0,0.0,0.0,0.0,0.03,0.01,0.0,0.0,0.0,0.0,0.04,False,50
TTC39A,0.005,0,0,0,37.0,10.0,34.2,0.3333333333333333,0.0,0.01,0.02,0.02,0.0,0.0,0.0,0.0,0.0,0.0,0.0,0.0,0.0,0.0,False,50
RAB38,0.005,0,0,0,37.0,26.0,34.8,0.8,0.0,0.02,0.03,0.0,0.0,0.0,0.0,0.0,0.0,0.0,0.0,0.0,0.0,0.0,False,50
SAPCD2,0.005,0,0,0,38.0,11.0,34.8,1.0,0.61,0.0,0.0,0.0,0.0,0.0,0.0,0.01,0.04,0.0,0.0,0.0,0.0,0.61,False,50
MARC2,0.005,0,0,0,40.0,8.0,35.0,0.5,0.0,0.0,0.0,0.01,0.0,0.04,0.0,0.0,0.0,0.0,0.0,0.0,0.0,0.0,False,50
MCM4,0.005,0,0,0,37.0,27.0,35.2,0.75,0.0,0.0,0.02,0.0,0.0,0.0,0.0,0.02,0.01,0.0,0.0,0.0,0.0,0.0,False,50
GRK3,0.005,0,0,0,42.0,11.0,35.4,1.0,0.0,0.0,0.0,0.0,0.0,0.0,0.0,0.04,0.01,0.0,0.0,0.0,0.0,0.0,False,50
CTNNAL1,0.005,0,0,0,37.0,22.0,35.6,0.4,0.0,0.0,0.05,0.0,0.0,0.0,0.0,0.0,0.0,0.0,0.0,0.0,0.0,0.0,False,50
S100P,0.005,0,0,0,40.0,12.0,35.6,0.9210526315789473,0.34,0.0,0.04,0.0,0.0,0.0,0.0,0.0,0.01,0.0,0.0,0.0,0.0,0.34,False,50
SCRN2,0.005,0,0,0,40.0,18.0,35.8,1.0,0.0,0.0,0.0,0.0,0.0,0.0,0.0,0.04,0.01,0.0,0.0,0.0,0.0,0.0,False,50
GLTSCR1,0.005,0,0,0,35.0,28.0,36.2,1.0,0.0,0.0,0.0,0.0,0.0,0.0,0.0,0.02,0.03,0.0,0.0,0.0,0.0,0.0,False,50
CA8,0.005,0,0,0,33.0,28.0,36.6,,0.0,0.0,0.0,0.05,0.0,0.0,0.0,0.0,0.0,0.0,0.0,0.0,0.0,0.0,False,50
SSX2IP,0.005,0,0,0,36.0,24.0,36.6,1.0,0.04,0.0,0.01,0.0,0.0,0.0,0.0,0.02,0.02,0.0,0.0,0.0,0.0,0.04,False,50
STS,0.005,0,0,0,41.0,23.0,36.6,0.6,0.0,0.0,0.04,0.0,0.0,0.01,0.0,0.0,0.0,0.0,0.0,0.0,0.0,0.0,False,50
GALNT6,0.005,0,0,0,34.0,26.0,36.8,0.8928571428571429,0.23,0.0,0.04,0.0,0.0,0.0,0.0,0.01,0.0,0.0,0.0,0.0,0.0,0.23,False,50
GJB2,0.005,0,0,0,42.0,15.0,36.8,0.8666666666666667,0.12,0.01,0.02,0.0,0.0,0.0,0.0,0.0,0.02,0.0,0.0,0.0,0.0,0.12,False,50
PRRC2C,0.005,0,0,0,37.0,27.0,36.8,0.9090909090909091,0.08,0.0,0.01,0.0,0.0,0.0,0.0,0.02,0.02,0.0,0.0,0.0,0.0,0.08,False,50
CYS1,0.005,0,0,0,37.0,29.0,37.0,0.4,0.0,0.0,0.04,0.0,0.0,0.01,0.0,0.0,0.0,0.0,0.0,0.0,0.0,0.0,False,50
EPB41L2,0.005,0,0,0,42.0,23.0,37.2,0.6,0.02,0.0,0.0,0.0,0.0,0.0,0.0,0.03,0.02,0.0,0.0,0.0,0.0,0.02,False,50
PMS2P5,0.005,0,0,0,44.0,13.0,37.2,0.2,0.0,0.01,0.04,0.0,0.0,0.0,0.0,0.0,0.0,0.0,0.0,0.0,0.0,0.0,False,50
RPS6KA1,0.005,0,0,0,40.0,18.0,37.2,0.25,0.0,0.0,0.03,0.01,0.0,0.01,0.0,0.0,0.0,0.0,0.0,0.0,0.0,0.0,False,50
TMEM9,0.005,0,0,0,36.0,31.0,37.2,1.0,0.0,0.0,0.0,0.0,0.0,0.0,0.0,0.01,0.04,0.0,0.0,0.0,0.0,0.0,False,50
SRPX,0.005,0,0,0,35.0,25.0,37.4,0.16666666666666666,0.1,0.0,0.0,0.0,0.0,0.0,0.0,0.02,0.03,0.0,0.0,0.0,0.0,0.1,False,50
FN1,0.005,0,0,0,42.0,20.0,38.2,0.75,0.0,0.0,0.04,0.01,0.0,0.0,0.0,0.0,0.0,0.0,0.0,0.0,0.0,0.0,False,50
LOC101927417,0.005,0,0,0,39.0,28.0,38.2,0.0,0.0,0.02,0.0,0.03,0.0,0.0,0.0,0.0,0.0,0.0,0.0,0.05,0.0,0.0,False,50
MYB,0.005,0,0,0,40.0,29.0,38.2,0.4,0.01,0.0,0.0,0.01,0.0,0.04,0.0,0.0,0.0,0.0,0.0,0.0,0.0,0.01,False,50
MARC1,0.005,0,0,0,36.0,34.0,38.4,0.375,0.0,0.01,0.01,0.0,0.0,0.01,0.0,0.02,0.0,0.0,0.0,0.0,0.03,0.0,False,50
MDFIC,0.005,0,0,0,42.0,22.0,38.4,1.0,0.0,0.0,0.0,0.0,0.0,0.0,0.0,0.03,0.02,0.0,0.0,0.0,0.0,0.0,False,50
EIF2B3,0.005,0,0,0,44.0,23.0,38.6,0.0,0.0,0.01,0.01,0.03,0.0,0.0,0.0,0.0,0.0,0.0,0.0,0.0,0.0,0.0,False,50
TBX15,0.005,0,0,0,42.0,26.0,38.6,1.0,0.0,0.0,0.0,0.0,0.0,0.0,0.0,0.05,0.0,0.0,0.0,0.0,0.0,0.0,False,50
SPOCD1,0.005,0,0,0,40.0,30.0,38.8,,0.0,0.0,0.0,0.05,0.0,0.0,0.0,0.0,0.0,0.0,0.0,0.0,0.0,0.0,False,50
SGCG,0.005,0,0,0,36.0,31.0,39.0,0.2,0.0,0.0,0.0,0.01,0.0,0.01,0.01,0.02,0.0,0.0,0.0,0.01,0.06,0.0,False,50
C1QTNF2,0.005,0,0,0,38.0,28.0,39.2,0.0,0.0,0.03,0.0,0.01,0.01,0.0,0.0,0.0,0.0,0.0,0.0,0.0,0.01,0.0,False,50
CLEC7A,0.005,0,0,0,41.0,33.0,39.2,0.2,0.0,0.0,0.05,0.0,0.0,0.0,0.0,0.0,0.0,0.0,0.0,0.0,0.0,0.0,False,50
PRSS35,0.005,0,0,0,38.0,30.0,40.0,,0.0,0.0,0.0,0.05,0.0,0.0,0.0,0.0,0.0,0.0,0.0,0.0,0.0,0.0,False,50
CHST11,0.005,0,0,0,40.0,31.0,40.8,0.4,0.0,0.0,0.05,0.0,0.0,0.0,0.0,0.0,0.0,0.0,0.0,0.0,0.0,0.0,False,50
C14orf180,0.005,0,0,0,41.0,36.0,41.2,0.25,0.0,0.01,0.0,0.0,0.0,0.0,0.01,0.03,0.0,0.0,0.0,0.05,0.03,0.0,False,50
MRPS15,0.005,0,0,0,41.0,24.0,41.2,0.6,0.0,0.01,0.04,0.0,0.0,0.0,0.0,0.0,0.0,0.0,0.0,0.0,0.0,0.0,False,50
ALDH4A1,0.005,0,0,0,42.0,28.0,41.4,0.5,0.0,0.01,0.01,0.03,0.0,0.0,0.0,0.0,0.0,0.0,0.0,0.0,0.0,0.0,False,50
SOX4,0.005,0,0,0,40.0,34.0,41.4,1.0,0.0,0.0,0.0,0.01,0.0,0.0,0.04,0.0,0.0,0.0,0.0,0.02,0.01,0.0,False,50
SPATA22,0.005,0,0,0,42.0,30.0,41.6,0.0,0.0,0.0,0.0,0.0,0.02,0.0,0.03,0.0,0.0,0.0,0.0,0.0,0.01,0.0,False,50
TBX18,0.005,0,0,0,43.0,37.0,42.0,0.0,0.0,0.0,0.0,0.0,0.02,0.0,0.03,0.0,0.0,0.0,0.0,0.0,0.02,0.0,False,50
WASF3,0.005,0,0,0,45.0,27.0,42.2,0.8,0.0,0.0,0.02,0.0,0.0,0.0,0.0,0.03,0.0,0.0,0.0,0.0,0.0,0.0,False,50
KIF4A,0.005,0,0,0,43.0,39.0,43.8,1.0,0.0,0.0,0.0,0.0,0.0,0.0,0.0,0.01,0.04,0.0,0.0,0.0,0.0,0.0,False,50
B3GNT8,0.005,0,0,0,47.0,31.0,44.6,,0.0,0.0,0.0,0.05,0.0,0.0,0.0,0.0,0.0,0.0,0.0,0.0,0.0,0.0,False,50
ADGRE2,0.005,0,0,0,48.0,36.0,44.8,,0.0,0.0,0.0,0.05,0.0,0.0,0.0,0.0,0.0,0.0,0.0,0.0,0.0,0.0,False,50
SLC35G1,0.005,0,0,0,45.0,42.0,44.8,0.25,0.0,0.01,0.02,0.01,0.0,0.01,0.0,0.0,0.0,0.0,0.0,0.0,0.0,0.0,False,50
NUDT7,0.005,0,0,0,45.0,42.0,45.6,0.8333333333333334,0.0,0.0,0.0,0.0,0.0,0.0,0.0,0.05,0.0,0.0,0.0,0.0,0.01,0.0,False,50
SPATA9,0.005,0,0,0,48.0,45.0,47.6,0.0,0.0,0.0,0.0,0.0,0.02,0.0,0.03,0.0,0.0,0.0,0.0,0.0,0.03,0.0,False,50
WFDC10A,0.004,0,0,0,8.5,2.0,11.0,1.0,0.0,0.04,0.0,0.0,0.0,0.0,0.0,0.0,0.0,0.0,0.0,0.0,0.0,0.0,False,50
KIAA1217,0.004,0,0,0,10.5,1.0,11.5,1.0,0.0,0.01,0.01,0.02,0.0,0.0,0.0,0.0,0.0,0.0,0.0,0.0,0.0,0.0,False,50
AZGP1P1,0.004,0,0,0,11.5,1.0,11.75,1.0,0.0,0.03,0.0,0.01,0.0,0.0,0.0,0.0,0.0,0.0,0.0,0.0,0.0,0.0,False,50
ZBTB49,0.004,0,0,0,12.0,7.0,13.0,0.5,0.0,0.02,0.02,0.0,0.0,0.0,0.0,0.0,0.0,0.0,0.0,0.0,0.0,0.0,False,50
HOTAIR,0.004,0,0,0,12.0,4.0,15.5,0.25,0.0,0.01,0.03,0.0,0.0,0.0,0.0,0.0,0.0,0.0,0.0,0.0,0.0,0.0,False,50
VIM,0.004,0,0,0,16.0,6.0,15.5,0.5,0.02,0.0,0.0,0.0,0.0,0.0,0.0,0.02,0.02,0.0,0.0,0.0,0.0,0.02,False,50
LRRK1,0.004,0,0,0,12.0,1.0,16.0,0.5,0.0,0.01,0.03,0.0,0.0,0.0,0.0,0.0,0.0,0.0,0.0,0.0,0.0,0.0,False,50
BICDL1,0.004,0,0,0,15.5,10.0,16.5,1.0,0.11,0.0,0.0,0.0,0.0,0.0,0.0,0.01,0.01,0.01,0.01,0.0,0.0,0.11,False,50
CYLC2,0.004,0,0,0,17.5,5.0,17.0,0.0,0.0,0.03,0.0,0.01,0.0,0.0,0.0,0.0,0.0,0.0,0.0,0.05,0.0,0.0,False,50
GBX1,0.004,0,0,0,20.5,1.0,17.0,0.0,0.0,0.04,0.0,0.0,0.0,0.0,0.0,0.0,0.0,0.0,0.0,0.0,0.0,0.0,False,50
NNMT,0.004,0,0,0,17.0,4.0,17.0,0.16666666666666666,0.0,0.02,0.02,0.0,0.0,0.0,0.0,0.0,0.0,0.0,0.0,0.02,0.0,0.0,False,50
IFNA10,0.004,0,0,0,12.0,9.0,17.25,0.0,0.0,0.04,0.0,0.0,0.0,0.0,0.0,0.0,0.0,0.0,0.0,0.1,0.0,0.0,False,50
ZNF587,0.004,0,0,0,13.5,9.0,17.5,1.0,0.0,0.0,0.0,0.0,0.0,0.0,0.0,0.02,0.02,0.0,0.0,0.0,0.0,0.0,False,50
PLEKHG4,0.004,0,0,0,14.0,5.0,17.75,0.75,0.0,0.02,0.02,0.0,0.0,0.0,0.0,0.0,0.0,0.0,0.0,0.0,0.0,0.0,False,50
POMP,0.004,0,0,0,10.0,5.0,17.75,0.1,0.09,0.0,0.0,0.01,0.0,0.0,0.0,0.01,0.02,0.0,0.0,0.0,0.0,0.09,False,50
HGFAC,0.004,0,0,0,10.5,7.0,18.0,,0.0,0.0,0.0,0.04,0.0,0.0,0.0,0.0,0.0,0.0,0.0,0.0,0.0,0.0,False,50
LINC00354,0.004,0,0,0,17.0,4.0,18.25,,0.0,0.0,0.0,0.04,0.0,0.0,0.0,0.0,0.0,0.0,0.0,0.0,0.0,0.0,False,50
LOC102725438,0.004,0,0,0,19.5,5.0,18.25,0.0,0.0,0.04,0.0,0.0,0.0,0.0,0.0,0.0,0.0,0.0,0.0,0.05,0.0,0.0,False,50
ASGR1,0.004,0,0,0,16.0,10.0,18.75,1.0,0.0,0.0,0.0,0.04,0.0,0.0,0.0,0.0,0.0,0.0,0.0,0.0,0.01,0.0,False,50
PTPRK,0.004,0,0,0,19.5,11.0,19.25,0.75,0.0,0.01,0.03,0.0,0.0,0.0,0.0,0.0,0.0,0.0,0.0,0.0,0.0,0.0,False,50
FERMT2,0.004,0,0,0,21.5,4.0,19.75,1.0,0.0,0.0,0.0,0.0,0.0,0.0,0.0,0.03,0.01,0.0,0.0,0.0,0.0,0.0,False,50
IFI6,0.004,0,0,0,18.5,17.0,20.0,0.75,0.0,0.0,0.04,0.0,0.0,0.0,0.0,0.0,0.0,0.0,0.0,0.0,0.0,0.0,False,50
OLR1,0.004,0,0,0,20.0,2.0,20.5,1.0,0.0,0.0,0.0,0.04,0.0,0.0,0.0,0.0,0.0,0.0,0.0,0.0,0.03,0.0,False,50
SDS,0.004,0,0,0,20.0,14.0,21.0,,0.0,0.0,0.0,0.04,0.0,0.0,0.0,0.0,0.0,0.0,0.0,0.0,0.0,0.0,False,50
DRG1,0.004,0,0,0,17.0,12.0,21.5,,0.0,0.0,0.0,0.04,0.0,0.0,0.0,0.0,0.0,0.0,0.0,0.0,0.0,0.0,False,50
MRPS36,0.004,0,0,0,21.5,5.0,21.5,1.0,0.0,0.0,0.01,0.03,0.0,0.0,0.0,0.0,0.0,0.0,0.0,0.0,0.0,0.0,False,50
DYRK3,0.004,0,0,0,18.0,2.0,22.0,0.5,0.0,0.01,0.03,0.0,0.0,0.0,0.0,0.0,0.0,0.0,0.0,0.0,0.0,0.0,False,50
TPX2,0.004,0,0,0,19.0,8.0,22.0,1.0,0.15,0.0,0.0,0.0,0.0,0.0,0.0,0.01,0.03,0.0,0.0,0.0,0.0,0.15,False,50
C8B,0.004,0,0,0,25.0,7.0,22.5,0.0,0.0,0.03,0.0,0.01,0.0,0.0,0.0,0.0,0.0,0.0,0.0,0.0,0.0,0.0,False,50
TTC41P,0.004,0,0,0,21.5,15.0,22.5,0.0,0.0,0.04,0.0,0.0,0.0,0.0,0.0,0.0,0.0,0.0,0.0,0.01,0.0,0.0,False,50
ZNF696,0.004,0,0,0,22.5,20.0,23.25,1.0,0.0,0.0,0.0,0.0,0.0,0.0,0.0,0.0,0.0,0.02,0.02,0.0,0.0,0.0,False,50
CWC22,0.004,0,0,0,23.0,4.0,23.5,0.6666666666666666,0.0,0.0,0.02,0.0,0.0,0.0,0.0,0.0,0.0,0.01,0.01,0.0,0.0,0.0,False,50
LCN8,0.004,0,0,0,24.0,16.0,23.5,,0.0,0.0,0.0,0.04,0.0,0.0,0.0,0.0,0.0,0.0,0.0,0.0,0.0,0.0,False,50
NCAPG,0.004,0,0,0,22.5,8.0,23.5,1.0,0.0,0.0,0.0,0.0,0.0,0.0,0.0,0.02,0.02,0.0,0.0,0.0,0.0,0.0,False,50
FMNL3,0.004,0,0,0,23.0,5.0,23.75,1.0,0.0,0.01,0.0,0.03,0.0,0.0,0.0,0.0,0.0,0.0,0.0,0.0,0.0,0.0,False,50
SLC7A1,0.004,0,0,0,20.0,12.0,24.0,1.0,0.0,0.0,0.0,0.0,0.0,0.0,0.0,0.02,0.02,0.0,0.0,0.0,0.0,0.0,False,50
DEFB127,0.004,0,0,0,22.0,4.0,24.25,0.0,0.0,0.02,0.0,0.02,0.0,0.0,0.0,0.0,0.0,0.0,0.0,0.02,0.0,0.0,False,50
XPNPEP2,0.004,0,0,0,26.0,18.0,24.25,,0.0,0.0,0.0,0.04,0.0,0.0,0.0,0.0,0.0,0.0,0.0,0.0,0.0,0.0,False,50
ATP1B1,0.004,0,0,0,28.5,9.0,24.5,0.3333333333333333,0.0,0.01,0.02,0.01,0.0,0.0,0.0,0.0,0.0,0.0,0.0,0.0,0.0,0.0,False,50
TAF8,0.004,0,0,0,23.0,9.0,24.5,0.6,0.0,0.01,0.02,0.0,0.0,0.01,0.0,0.0,0.0,0.0,0.0,0.01,0.0,0.0,False,50
BCL2L1,0.004,0,0,0,21.5,17.0,24.75,1.0,0.0,0.0,0.0,0.0,0.0,0.0,0.0,0.02,0.02,0.0,0.0,0.0,0.0,0.0,False,50
RALY,0.004,0,0,0,20.5,10.0,24.75,1.0,0.0,0.0,0.0,0.0,0.0,0.0,0.0,0.01,0.03,0.0,0.0,0.0,0.0,0.0,False,50
IDH3A,0.004,0,0,0,22.0,9.0,25.0,,0.0,0.0,0.0,0.04,0.0,0.0,0.0,0.0,0.0,0.0,0.0,0.0,0.0,0.0,False,50
MMEL1,0.004,0,0,0,24.0,4.0,25.0,0.5,0.0,0.02,0.02,0.0,0.0,0.0,0.0,0.0,0.0,0.0,0.0,0.0,0.0,0.0,False,50
DGAT2,0.004,0,0,0,25.0,18.0,25.25,0.6666666666666666,0.0,0.0,0.02,0.0,0.0,0.0,0.0,0.01,0.01,0.0,0.0,0.0,0.0,0.0,False,50
EPS8L1,0.004,0,0,0,26.0,8.0,25.25,1.0,0.04,0.0,0.0,0.0,0.0,0.0,0.0,0.02,0.02,0.0,0.0,0.0,0.0,0.04,False,50
MATK,0.004,0,0,0,27.5,11.0,25.25,,0.0,0.0,0.0,0.04,0.0,0.0,0.0,0.0,0.0,0.0,0.0,0.0,0.0,0.0,False,50
SNRNP27,0.004,0,0,0,27.5,8.0,25.25,,0.0,0.0,0.0,0.04,0.0,0.0,0.0,0.0,0.0,0.0,0.0,0.0,0.0,0.0,False,50
TSSK4,0.004,0,0,0,28.5,6.0,25.25,0.0,0.0,0.03,0.0,0.01,0.0,0.0,0.0,0.0,0.0,0.0,0.0,0.01,0.0,0.0,False,50
UCP3,0.004,0,0,0,25.5,7.0,25.25,0.3333333333333333,0.0,0.01,0.02,0.01,0.0,0.0,0.0,0.0,0.0,0.0,0.0,0.0,0.0,0.0,False,50
ATP5O,0.004,0,0,0,29.5,3.0,25.75,0.5,0.0,0.01,0.01,0.02,0.0,0.0,0.0,0.0,0.0,0.0,0.0,0.0,0.0,0.0,False,50
CDCA3,0.004,0,0,0,27.5,19.0,25.75,1.0,0.0,0.0,0.0,0.0,0.0,0.0,0.0,0.02,0.02,0.0,0.0,0.0,0.0,0.0,False,50
PNLIPRP3,0.004,0,0,0,30.0,4.0,25.75,0.0,0.0,0.03,0.0,0.01,0.0,0.0,0.0,0.0,0.0,0.0,0.0,0.11,0.0,0.0,False,50
FANCF,0.004,0,0,0,26.5,15.0,26.25,1.0,0.01,0.0,0.0,0.0,0.0,0.0,0.0,0.01,0.03,0.0,0.0,0.0,0.0,0.01,False,50
LOC101926960,0.004,0,0,0,28.0,15.0,26.25,0.3333333333333333,0.0,0.0,0.0,0.0,0.0,0.0,0.0,0.02,0.02,0.0,0.0,0.0,0.04,0.0,False,50
PRMT9,0.004,0,0,0,26.0,10.0,26.25,0.75,0.0,0.01,0.03,0.0,0.0,0.0,0.0,0.0,0.0,0.0,0.0,0.0,0.0,0.0,False,50
STK40,0.004,0,0,0,27.5,6.0,26.25,0.25,0.0,0.01,0.03,0.0,0.0,0.0,0.0,0.0,0.0,0.0,0.0,0.0,0.0,0.0,False,50
C10orf2,0.004,0,0,0,31.5,6.0,26.5,0.75,0.01,0.0,0.02,0.0,0.0,0.0,0.0,0.0,0.0,0.01,0.01,0.0,0.0,0.01,False,50
LINC00636,0.004,0,0,0,27.5,6.0,26.5,,0.0,0.0,0.0,0.04,0.0,0.0,0.0,0.0,0.0,0.0,0.0,0.0,0.0,0.0,False,50
LOC401098,0.004,0,0,0,30.5,5.0,26.5,,0.0,0.0,0.0,0.04,0.0,0.0,0.0,0.0,0.0,0.0,0.0,0.0,0.0,0.0,False,50
RNASE2,0.004,0,0,0,26.0,19.0,26.5,,0.0,0.0,0.0,0.04,0.0,0.0,0.0,0.0,0.0,0.0,0.0,0.0,0.0,0.0,False,50
PCDH17,0.004,0,0,0,27.0,8.0,26.75,0.75,0.0,0.01,0.03,0.0,0.0,0.0,0.0,0.0,0.0,0.0,0.0,0.0,0.0,0.0,False,50
FOXO6,0.004,0,0,0,25.5,13.0,27.0,1.0,0.03,0.0,0.0,0.0,0.0,0.0,0.0,0.0,0.02,0.01,0.01,0.0,0.0,0.03,False,50
GABRG1,0.004,0,0,0,23.0,16.0,27.25,0.0,0.0,0.03,0.0,0.01,0.0,0.0,0.0,0.0,0.0,0.0,0.0,0.08,0.0,0.0,False,50
SEC61A2,0.004,0,0,0,24.5,18.0,27.25,1.0,0.02,0.0,0.0,0.0,0.0,0.0,0.0,0.02,0.02,0.0,0.0,0.0,0.0,0.02,False,50
TNC,0.004,0,0,0,29.0,9.0,27.25,0.75,0.0,0.01,0.03,0.0,0.0,0.0,0.0,0.0,0.0,0.0,0.0,0.0,0.0,0.0,False,50
KDF1,0.004,0,0,0,24.0,19.0,27.5,1.0,0.0,0.0,0.0,0.0,0.0,0.0,0.0,0.02,0.02,0.0,0.0,0.0,0.0,0.0,False,50
MIR205HG,0.004,0,0,0,27.5,22.0,27.5,0.5,0.0,0.01,0.01,0.02,0.0,0.0,0.0,0.0,0.0,0.0,0.0,0.0,0.0,0.0,False,50
PRKXP1,0.004,0,0,0,26.5,10.0,27.5,0.75,0.0,0.01,0.03,0.0,0.0,0.0,0.0,0.0,0.0,0.0,0.0,0.0,0.0,0.0,False,50
LOC100131532,0.004,0,0,0,27.0,8.0,27.75,1.0,0.0,0.01,0.0,0.03,0.0,0.0,0.0,0.0,0.0,0.0,0.0,0.0,0.0,0.0,False,50
TNFSF11,0.004,0,0,0,30.0,14.0,27.75,0.5,0.0,0.0,0.0,0.03,0.01,0.0,0.0,0.0,0.0,0.0,0.0,0.01,0.0,0.0,False,50
EPHX1,0.004,0,0,0,26.5,10.0,28.25,0.0,0.0,0.0,0.04,0.0,0.0,0.0,0.0,0.0,0.0,0.0,0.0,0.0,0.0,0.0,False,50
GLYCTK-AS1,0.004,0,0,0,31.5,6.0,28.25,0.0,0.0,0.03,0.0,0.01,0.0,0.0,0.0,0.0,0.0,0.0,0.0,0.05,0.0,0.0,False,50
NUF2,0.004,0,0,0,29.0,20.0,28.25,1.0,0.13,0.0,0.0,0.0,0.0,0.0,0.0,0.02,0.02,0.0,0.0,0.0,0.0,0.13,False,50
FANCD2,0.004,0,0,0,29.5,7.0,28.5,0.6666666666666666,0.0,0.0,0.01,0.0,0.0,0.0,0.0,0.02,0.01,0.0,0.0,0.0,0.0,0.0,False,50
WFIKKN1,0.004,0,0,0,34.5,7.0,28.5,0.0,0.0,0.02,0.0,0.02,0.0,0.0,0.0,0.0,0.0,0.0,0.0,0.0,0.0,0.0,False,50
CDH1,0.004,0,0,0,28.0,21.0,28.75,1.0,0.0,0.0,0.0,0.0,0.0,0.0,0.0,0.01,0.01,0.01,0.01,0.0,0.0,0.0,False,50
MEIS3,0.004,0,0,0,28.5,18.0,28.75,0.3333333333333333,0.0,0.0,0.03,0.01,0.0,0.0,0.0,0.0,0.0,0.0,0.0,0.0,0.0,0.0,False,50
CSNK1G2,0.004,0,0,0,25.0,18.0,29.0,1.0,0.0,0.0,0.0,0.0,0.0,0.0,0.0,0.01,0.03,0.0,0.0,0.0,0.0,0.0,False,50
TAF1D,0.004,0,0,0,29.5,14.0,29.0,0.25,0.0,0.0,0.04,0.0,0.0,0.0,0.0,0.0,0.0,0.0,0.0,0.0,0.0,0.0,False,50
MAP3K9,0.004,0,0,0,26.5,16.0,29.25,0.5,0.0,0.0,0.01,0.0,0.0,0.0,0.0,0.01,0.02,0.0,0.0,0.0,0.0,0.0,False,50
PDP2,0.004,0,0,0,26.5,17.0,29.5,0.25,0.0,0.0,0.04,0.0,0.0,0.0,0.0,0.0,0.0,0.0,0.0,0.0,0.0,0.0,False,50
TMEM56,0.004,0,0,0,27.0,19.0,29.5,0.5,0.0,0.0,0.0,0.0,0.0,0.04,0.0,0.0,0.0,0.0,0.0,0.0,0.0,0.0,False,50
CTD-2194D22.4,0.004,0,0,0,29.0,20.0,29.75,0.0,0.0,0.03,0.0,0.01,0.0,0.0,0.0,0.0,0.0,0.0,0.0,0.0,0.0,0.0,False,50
SPIN4,0.004,0,0,0,29.0,13.0,29.75,1.0,0.0,0.01,0.01,0.02,0.0,0.0,0.0,0.0,0.0,0.0,0.0,0.0,0.0,0.0,False,50
TBXAS1,0.004,0,0,0,34.5,8.0,29.75,,0.0,0.0,0.0,0.04,0.0,0.0,0.0,0.0,0.0,0.0,0.0,0.0,0.0,0.0,False,50
MTHFD1,0.004,0,0,0,28.0,23.0,30.0,1.0,0.0,0.0,0.0,0.02,0.0,0.0,0.0,0.02,0.0,0.0,0.0,0.0,0.0,0.0,False,50
HEATR6,0.004,0,0,0,28.5,21.0,30.25,0.5,0.0,0.02,0.02,0.0,0.0,0.0,0.0,0.0,0.0,0.0,0.0,0.0,0.0,0.0,False,50
RNF183,0.004,0,0,0,31.5,16.0,30.25,,0.0,0.0,0.0,0.04,0.0,0.0,0.0,0.0,0.0,0.0,0.0,0.0,0.0,0.0,False,50
WDR5,0.004,0,0,0,28.0,20.0,30.25,1.0,0.0,0.0,0.0,0.0,0.0,0.0,0.0,0.01,0.01,0.01,0.01,0.0,0.0,0.0,False,50
GALNT9,0.004,0,0,0,36.0,5.0,30.5,0.0,0.0,0.02,0.0,0.02,0.0,0.0,0.0,0.0,0.0,0.0,0.0,0.01,0.0,0.0,False,50
LILRB4,0.004,0,0,0,31.0,23.0,30.75,1.0,0.0,0.02,0.0,0.02,0.0,0.0,0.0,0.0,0.0,0.0,0.0,0.0,0.0,0.0,False,50
MIR17HG,0.004,0,0,0,33.0,7.0,30.75,0.0,0.0,0.04,0.0,0.0,0.0,0.0,0.0,0.0,0.0,0.0,0.0,0.04,0.0,0.0,False,50
NUDT16L1,0.004,0,0,0,30.0,14.0,30.75,1.0,0.0,0.0,0.0,0.0,0.0,0.0,0.0,0.01,0.03,0.0,0.0,0.0,0.0,0.0,False,50
INO80D,0.004,0,0,0,32.5,16.0,31.0,0.25,0.0,0.0,0.04,0.0,0.0,0.0,0.0,0.0,0.0,0.0,0.0,0.0,0.0,0.0,False,50
LARP6,0.004,0,0,0,31.5,18.0,31.0,1.0,0.0,0.0,0.0,0.0,0.0,0.0,0.0,0.03,0.01,0.0,0.0,0.0,0.0,0.0,False,50
ARHGEF18,0.004,0,0,0,34.0,10.0,31.25,0.5,0.0,0.02,0.02,0.0,0.0,0.0,0.0,0.0,0.0,0.0,0.0,0.0,0.0,0.0,False,50
B3GNT2,0.004,0,0,0,30.5,17.0,31.25,0.75,0.0,0.02,0.02,0.0,0.0,0.0,0.0,0.0,0.0,0.0,0.0,0.0,0.0,0.0,False,50
MED23,0.004,0,0,0,34.0,9.0,31.25,,0.0,0.0,0.0,0.04,0.0,0.0,0.0,0.0,0.0,0.0,0.0,0.0,0.0,0.0,False,50
DDIT4L,0.004,0,0,0,30.0,24.0,31.5,1.0,0.0,0.0,0.0,0.02,0.0,0.0,0.0,0.0,0.0,0.01,0.01,0.0,0.0,0.0,False,50
STYK1,0.004,0,0,0,32.5,14.0,31.75,0.5,0.0,0.0,0.0,0.0,0.0,0.04,0.0,0.0,0.0,0.0,0.0,0.0,0.0,0.0,False,50
ZNF689,0.004,0,0,0,35.5,14.0,32.5,,0.0,0.0,0.0,0.04,0.0,0.0,0.0,0.0,0.0,0.0,0.0,0.0,0.0,0.0,False,50
TCN1,0.004,0,0,0,35.5,13.0,32.75,,0.0,0.0,0.0,0.04,0.0,0.0,0.0,0.0,0.0,0.0,0.0,0.0,0.0,0.0,False,50
KIAA1755,0.004,0,0,0,33.5,19.0,33.25,,0.0,0.0,0.0,0.04,0.0,0.0,0.0,0.0,0.0,0.0,0.0,0.0,0.0,0.0,False,50
MSI2,0.004,0,0,0,36.0,14.0,33.25,1.0,0.0,0.01,0.02,0.01,0.0,0.0,0.0,0.0,0.0,0.0,0.0,0.0,0.0,0.0,False,50
FAM83C-AS1,0.004,0,0,0,30.0,26.0,33.75,0.0,0.0,0.03,0.0,0.01,0.0,0.0,0.0,0.0,0.0,0.0,0.0,0.04,0.0,0.0,False,50
RLF,0.004,0,0,0,39.5,9.0,34.0,0.0,0.0,0.01,0.02,0.01,0.0,0.0,0.0,0.0,0.0,0.0,0.0,0.0,0.0,0.0,False,50
ASPM,0.004,0,0,0,35.0,19.0,34.25,0.75,0.0,0.01,0.01,0.0,0.0,0.0,0.0,0.02,0.0,0.0,0.0,0.0,0.0,0.0,False,50
CYP4F62P,0.004,0,0,0,37.0,19.0,34.5,1.0,0.0,0.01,0.0,0.03,0.0,0.0,0.0,0.0,0.0,0.0,0.0,0.0,0.0,0.0,False,50
ID2-AS1,0.004,0,0,0,36.0,19.0,34.5,0.0,0.0,0.02,0.02,0.0,0.0,0.0,0.0,0.0,0.0,0.0,0.0,0.0,0.0,0.0,False,50
SLC16A10,0.004,0,0,0,38.5,13.0,34.5,1.0,0.0,0.0,0.0,0.04,0.0,0.0,0.0,0.0,0.0,0.0,0.0,0.0,0.02,0.0,False,50
ADCY5,0.004,0,0,0,34.5,22.0,34.75,0.0,0.0,0.02,0.0,0.01,0.0,0.0,0.0,0.0,0.01,0.0,0.0,0.0,0.0,0.0,False,50
CES5A,0.004,0,0,0,38.0,15.0,34.75,0.0,0.0,0.04,0.0,0.0,0.0,0.0,0.0,0.0,0.0,0.0,0.0,0.0,0.0,0.0,False,50
ZNF785,0.004,0,0,0,34.0,27.0,34.75,,0.0,0.0,0.0,0.04,0.0,0.0,0.0,0.0,0.0,0.0,0.0,0.0,0.0,0.0,False,50
PDGFA,0.004,0,0,0,38.0,18.0,35.0,0.0,0.0,0.0,0.0,0.03,0.0,0.01,0.0,0.0,0.0,0.0,0.0,0.0,0.0,0.0,False,50
ARC,0.004,0,0,0,37.0,18.0,35.25,1.0,0.0,0.01,0.0,0.03,0.0,0.0,0.0,0.0,0.0,0.0,0.0,0.0,0.0,0.0,False,50
GTF3C1,0.004,0,0,0,39.0,17.0,35.25,1.0,0.0,0.0,0.0,0.0,0.0,0.0,0.0,0.01,0.03,0.0,0.0,0.0,0.0,0.0,False,50
MICU3,0.004,0,0,0,38.5,17.0,35.25,1.0,0.0,0.0,0.0,0.0,0.0,0.0,0.0,0.03,0.01,0.0,0.0,0.0,0.0,0.0,False,50
AOX1,0.004,0,0,0,36.5,24.0,35.5,0.6666666666666666,0.0,0.0,0.01,0.0,0.0,0.0,0.0,0.02,0.01,0.0,0.0,0.0,0.0,0.0,False,50
MIF,0.004,0,0,0,35.5,32.0,35.5,0.6666666666666666,0.0,0.0,0.01,0.0,0.0,0.0,0.0,0.02,0.01,0.0,0.0,0.0,0.0,0.0,False,50
RIDA,0.004,0,0,0,32.5,27.0,35.5,0.5,0.0,0.0,0.02,0.02,0.0,0.0,0.0,0.0,0.0,0.0,0.0,0.0,0.0,0.0,False,50
ZNF239,0.004,0,0,0,39.5,14.0,35.5,0.5,0.0,0.01,0.03,0.0,0.0,0.0,0.0,0.0,0.0,0.0,0.0,0.0,0.0,0.0,False,50
ACER2,0.004,0,0,0,38.5,21.0,35.75,0.25,0.0,0.0,0.03,0.0,0.0,0.01,0.0,0.0,0.0,0.0,0.0,0.0,0.0,0.0,False,50
CTNNB1,0.004,0,0,0,36.0,27.0,35.75,,0.0,0.0,0.0,0.04,0.0,0.0,0.0,0.0,0.0,0.0,0.0,0.0,0.0,0.0,False,50
PRPF40A,0.004,0,0,0,35.5,22.0,35.75,0.75,0.0,0.01,0.03,0.0,0.0,0.0,0.0,0.0,0.0,0.0,0.0,0.0,0.0,0.0,False,50
LOC105375875,0.004,0,0,0,34.0,32.0,36.0,0.0,0.0,0.03,0.0,0.01,0.0,0.0,0.0,0.0,0.0,0.0,0.0,0.05,0.0,0.0,False,50
TRAF4,0.004,0,0,0,36.0,25.0,36.0,1.0,0.0,0.0,0.0,0.0,0.0,0.0,0.0,0.02,0.02,0.0,0.0,0.0,0.0,0.0,False,50
XPO7,0.004,0,0,0,36.5,26.0,36.25,0.75,0.0,0.02,0.02,0.0,0.0,0.0,0.0,0.0,0.0,0.0,0.0,0.0,0.0,0.0,False,50
BUB3,0.004,0,0,0,42.5,14.0,36.5,1.0,0.0,0.0,0.01,0.01,0.0,0.0,0.0,0.0,0.02,0.0,0.0,0.0,0.0,0.0,False,50
CDCA4,0.004,0,0,0,39.0,23.0,36.5,1.0,0.0,0.0,0.0,0.0,0.0,0.0,0.0,0.01,0.03,0.0,0.0,0.0,0.0,0.0,False,50
PMEL,0.004,0,0,0,35.0,29.0,36.5,,0.0,0.0,0.0,0.04,0.0,0.0,0.0,0.0,0.0,0.0,0.0,0.0,0.0,0.0,False,50
SNX3,0.004,0,0,0,38.0,30.0,36.5,1.0,0.0,0.0,0.0,0.01,0.0,0.0,0.0,0.02,0.01,0.0,0.0,0.0,0.0,0.0,False,50
GFRA2,0.004,0,0,0,38.0,22.0,36.75,0.0,0.0,0.03,0.0,0.01,0.0,0.0,0.0,0.0,0.0,0.0,0.0,0.15,0.0,0.0,False,50
HOXD-AS2,0.004,0,0,0,35.5,26.0,36.75,0.5,0.0,0.0,0.04,0.0,0.0,0.0,0.0,0.0,0.0,0.0,0.0,0.0,0.0,0.0,False,50
SPAG5,0.004,0,0,0,39.5,19.0,36.75,1.0,0.0,0.0,0.0,0.0,0.0,0.0,0.0,0.02,0.02,0.0,0.0,0.0,0.0,0.0,False,50
IER3,0.004,0,0,0,36.5,27.0,37.0,1.0,0.0,0.0,0.0,0.0,0.0,0.0,0.0,0.03,0.01,0.0,0.0,0.0,0.0,0.0,False,50
PRIM2,0.004,0,0,0,36.0,32.0,37.0,,0.0,0.0,0.0,0.04,0.0,0.0,0.0,0.0,0.0,0.0,0.0,0.0,0.0,0.0,False,50
RAI14,0.004,0,0,0,36.5,33.0,37.0,0.25,0.0,0.0,0.04,0.0,0.0,0.0,0.0,0.0,0.0,0.0,0.0,0.0,0.0,0.0,False,50
TPM3,0.004,0,0,0,37.0,29.0,37.0,1.0,0.04,0.0,0.0,0.0,0.0,0.0,0.0,0.01,0.03,0.0,0.0,0.0,0.0,0.04,False,50
MAPK13,0.004,0,0,0,39.5,21.0,37.25,0.6,0.02,0.0,0.02,0.0,0.0,0.0,0.0,0.01,0.01,0.0,0.0,0.0,0.0,0.02,False,50
F8,0.004,0,0,0,44.0,15.0,37.5,1.0,0.0,0.0,0.0,0.0,0.0,0.0,0.0,0.03,0.01,0.0,0.0,0.0,0.0,0.0,False,50
KCNB1,0.004,0,0,0,39.5,28.0,37.5,0.75,0.0,0.0,0.0,0.0,0.0,0.04,0.0,0.0,0.0,0.0,0.0,0.0,0.0,0.0,False,50
KDELC1,0.004,0,0,0,37.0,28.0,37.5,0.0,0.0,0.0,0.02,0.02,0.0,0.0,0.0,0.0,0.0,0.0,0.0,0.0,0.0,0.0,False,50
CHIAP2,0.004,0,0,0,39.0,28.0,37.75,0.0,0.0,0.03,0.0,0.01,0.0,0.0,0.0,0.0,0.0,0.0,0.0,0.0,0.0,0.0,False,50
LOC100653086,0.004,0,0,0,35.5,32.0,38.25,0.0,0.0,0.0,0.0,0.0,0.02,0.0,0.02,0.0,0.0,0.0,0.0,0.02,0.02,0.0,False,50
SFN,0.004,0,0,0,38.5,28.0,38.25,1.0,0.0,0.0,0.0,0.0,0.0,0.0,0.0,0.01,0.03,0.0,0.0,0.0,0.0,0.0,False,50
AKAP12,0.004,0,0,0,38.5,33.0,38.5,1.0,0.0,0.0,0.0,0.0,0.0,0.0,0.0,0.04,0.0,0.0,0.0,0.0,0.0,0.0,False,50
ATP6,0.004,0,0,0,44.5,16.0,38.75,1.0,0.0,0.0,0.0,0.03,0.0,0.01,0.0,0.0,0.0,0.0,0.0,0.0,0.0,0.0,False,50
CTIF,0.004,0,0,0,39.5,26.0,38.75,0.5,0.0,0.01,0.03,0.0,0.0,0.0,0.0,0.0,0.0,0.0,0.0,0.0,0.0,0.0,False,50
LINC00559,0.004,0,0,0,44.0,18.0,38.75,0.0,0.0,0.04,0.0,0.0,0.0,0.0,0.0,0.0,0.0,0.0,0.0,0.0,0.0,0.0,False,50
MAP1LC3C,0.004,0,0,0,39.5,28.0,38.75,1.0,0.0,0.0,0.0,0.0,0.0,0.0,0.03,0.01,0.0,0.0,0.0,0.0,0.0,0.0,False,50
LIPE,0.004,0,0,0,40.5,25.0,39.0,0.1111111111111111,0.0,0.02,0.0,0.0,0.0,0.0,0.01,0.01,0.0,0.0,0.0,0.01,0.05,0.0,False,50
MYOM2,0.004,0,0,0,37.5,32.0,39.0,0.0,0.0,0.04,0.0,0.0,0.0,0.0,0.0,0.0,0.0,0.0,0.0,0.06,0.0,0.0,False,50
ALDH2,0.004,0,0,0,38.5,30.0,39.25,0.5,0.0,0.01,0.01,0.0,0.0,0.0,0.0,0.02,0.0,0.0,0.0,0.0,0.0,0.0,False,50
RAI1,0.004,0,0,0,40.0,31.0,39.25,1.0,0.0,0.0,0.0,0.0,0.0,0.0,0.0,0.02,0.02,0.0,0.0,0.0,0.0,0.0,False,50
TRHDE-AS1,0.004,0,0,0,39.5,30.0,39.25,0.0,0.0,0.0,0.0,0.0,0.02,0.0,0.02,0.0,0.0,0.0,0.0,0.0,0.02,0.0,False,50
RBP4,0.004,0,0,0,43.0,24.0,39.5,1.0,0.0,0.0,0.0,0.0,0.0,0.0,0.0,0.04,0.0,0.0,0.0,0.0,0.0,0.0,False,50
TMEM191A,0.004,0,0,0,39.5,31.0,39.5,,0.0,0.0,0.0,0.04,0.0,0.0,0.0,0.0,0.0,0.0,0.0,0.0,0.0,0.0,False,50
ENPP5,0.004,0,0,0,39.5,32.0,39.75,0.75,0.0,0.0,0.0,0.0,0.0,0.04,0.0,0.0,0.0,0.0,0.0,0.0,0.0,0.0,False,50
EBF2,0.004,0,0,0,42.0,29.0,40.0,0.25,0.0,0.01,0.02,0.01,0.0,0.0,0.0,0.0,0.0,0.0,0.0,0.04,0.01,0.0,False,50
IQGAP3,0.004,0,0,0,45.5,19.0,40.0,0.9166666666666666,0.2,0.0,0.04,0.0,0.0,0.0,0.0,0.0,0.0,0.0,0.0,0.0,0.0,0.2,False,50
LOC727820,0.004,0,0,0,43.0,30.0,40.0,0.25,0.0,0.0,0.04,0.0,0.0,0.0,0.0,0.0,0.0,0.0,0.0,0.0,0.0,0.0,False,50
SPTBN1,0.004,0,0,0,40.5,31.0,40.0,1.0,0.0,0.0,0.0,0.0,0.0,0.0,0.0,0.04,0.0,0.0,0.0,0.0,0.0,0.0,False,50
ZNF708,0.004,0,0,0,41.0,32.0,40.0,,0.0,0.0,0.0,0.04,0.0,0.0,0.0,0.0,0.0,0.0,0.0,0.0,0.0,0.0,False,50
ISCU,0.004,0,0,0,41.0,31.0,40.25,1.0,0.0,0.0,0.0,0.01,0.0,0.0,0.0,0.03,0.0,0.0,0.0,0.0,0.0,0.0,False,50
FOLR2,0.004,0,0,0,42.0,35.0,41.0,1.0,0.0,0.0,0.0,0.0,0.0,0.0,0.0,0.01,0.03,0.0,0.0,0.0,0.0,0.0,False,50
FAM13A,0.004,0,0,0,47.5,21.0,41.25,1.0,0.0,0.0,0.0,0.0,0.0,0.0,0.0,0.03,0.01,0.0,0.0,0.0,0.0,0.0,False,50
KDM4B,0.004,0,0,0,43.5,33.0,41.25,0.3333333333333333,0.0,0.0,0.03,0.0,0.0,0.0,0.0,0.0,0.01,0.0,0.0,0.0,0.0,0.0,False,50
LPP-AS2,0.004,0,0,0,40.0,36.0,41.5,0.0,0.0,0.0,0.0,0.0,0.03,0.0,0.01,0.0,0.0,0.0,0.0,0.0,0.0,0.0,False,50
MID2,0.004,0,0,0,45.5,34.0,43.25,0.5,0.0,0.0,0.0,0.0,0.0,0.04,0.0,0.0,0.0,0.0,0.0,0.0,0.0,0.0,False,50
LCORL,0.004,0,0,0,43.5,38.0,43.5,1.0,0.0,0.0,0.01,0.02,0.0,0.01,0.0,0.0,0.0,0.0,0.0,0.0,0.0,0.0,False,50
SEMA3A,0.004,0,0,0,44.5,43.0,45.0,0.0,0.0,0.0,0.0,0.0,0.03,0.0,0.01,0.0,0.0,0.0,0.0,0.0,0.0,0.0,False,50
LCN6,0.004,0,0,0,47.5,41.0,46.5,0.0,0.0,0.03,0.0,0.01,0.0,0.0,0.0,0.0,0.0,0.0,0.0,0.0,0.0,0.0,False,50
PDE1C,0.003,0,0,0,7.0,2.0,10.333333333333334,1.0,0.0,0.01,0.0,0.02,0.0,0.0,0.0,0.0,0.0,0.0,0.0,0.0,0.0,0.0,False,50
ADAM5,0.003,0,0,0,11.0,7.0,11.666666666666666,,0.0,0.0,0.0,0.03,0.0,0.0,0.0,0.0,0.0,0.0,0.0,0.0,0.0,0.0,False,50
CLN6,0.003,0,0,0,16.0,4.0,12.666666666666666,0.5,0.0,0.01,0.01,0.0,0.0,0.0,0.0,0.0,0.01,0.0,0.0,0.0,0.0,0.0,False,50
ADAMTS9-AS2,0.003,0,0,0,14.0,6.0,13.0,,0.0,0.0,0.0,0.03,0.0,0.0,0.0,0.0,0.0,0.0,0.0,0.0,0.0,0.0,False,50
DBH-AS1,0.003,0,0,0,17.0,5.0,13.333333333333334,1.0,0.0,0.01,0.01,0.01,0.0,0.0,0.0,0.0,0.0,0.0,0.0,0.0,0.0,0.0,False,50
PLA2G5,0.003,0,0,0,15.0,4.0,13.333333333333334,0.0,0.0,0.02,0.0,0.01,0.0,0.0,0.0,0.0,0.0,0.0,0.0,0.08,0.0,0.0,False,50
SLC35D1,0.003,0,0,0,12.0,10.0,14.333333333333334,0.6666666666666666,0.0,0.01,0.02,0.0,0.0,0.0,0.0,0.0,0.0,0.0,0.0,0.0,0.0,0.0,False,50
ACADM,0.003,0,0,0,17.0,12.0,15.666666666666666,1.0,0.0,0.0,0.0,0.01,0.0,0.0,0.0,0.0,0.0,0.01,0.01,0.0,0.0,0.0,False,50
LINC00674,0.003,0,0,0,16.0,6.0,16.333333333333332,0.6666666666666666,0.0,0.01,0.02,0.0,0.0,0.0,0.0,0.0,0.0,0.0,0.0,0.0,0.0,0.0,False,50
NME7,0.003,0,0,0,19.0,9.0,16.333333333333332,1.0,0.0,0.01,0.02,0.0,0.0,0.0,0.0,0.0,0.0,0.0,0.0,0.0,0.0,0.0,False,50
LINC00327,0.003,0,0,0,11.0,8.0,17.0,,0.0,0.0,0.0,0.03,0.0,0.0,0.0,0.0,0.0,0.0,0.0,0.0,0.0,0.0,False,50
ZNF667-AS1,0.003,0,0,0,16.0,8.0,17.0,0.0,0.0,0.0,0.03,0.0,0.0,0.0,0.0,0.0,0.0,0.0,0.0,0.0,0.0,0.0,False,50
PTPRD-AS1,0.003,0,0,0,15.0,10.0,17.333333333333332,1.0,0.0,0.02,0.0,0.01,0.0,0.0,0.0,0.0,0.0,0.0,0.0,0.0,0.0,0.0,False,50
GRAMD3,0.003,0,0,0,21.0,8.0,17.666666666666668,1.0,0.0,0.01,0.01,0.01,0.0,0.0,0.0,0.0,0.0,0.0,0.0,0.0,0.0,0.0,False,50
F2,0.003,0,0,0,18.0,17.0,18.0,0.0,0.0,0.03,0.0,0.0,0.0,0.0,0.0,0.0,0.0,0.0,0.0,0.08,0.0,0.0,False,50
GPX3,0.003,0,0,0,17.0,13.0,18.0,0.6666666666666666,0.01,0.0,0.0,0.0,0.0,0.0,0.0,0.02,0.01,0.0,0.0,0.0,0.0,0.01,False,50
MATR3,0.003,0,0,0,7.0,2.0,18.333333333333332,0.6666666666666666,0.0,0.01,0.02,0.0,0.0,0.0,0.0,0.0,0.0,0.0,0.0,0.0,0.0,0.0,False,50
AMPD1,0.003,0,0,0,15.0,14.0,18.666666666666668,,0.0,0.0,0.0,0.03,0.0,0.0,0.0,0.0,0.0,0.0,0.0,0.0,0.0,0.0,False,50
ZNF169,0.003,0,0,0,16.0,8.0,18.666666666666668,0.0,0.0,0.0,0.01,0.02,0.0,0.0,0.0,0.0,0.0,0.0,0.0,0.0,0.0,0.0,False,50
CTNNA3,0.003,0,0,0,19.0,5.0,19.0,0.0,0.0,0.02,0.0,0.01,0.0,0.0,0.0,0.0,0.0,0.0,0.0,0.02,0.0,0.0,False,50
PPP1R13L,0.003,0,0,0,17.0,16.0,19.666666666666668,1.0,0.0,0.0,0.0,0.0,0.0,0.0,0.0,0.01,0.02,0.0,0.0,0.0,0.0,0.0,False,50
ABLIM3,0.003,0,0,0,26.0,2.0,20.0,0.3333333333333333,0.0,0.0,0.03,0.0,0.0,0.0,0.0,0.0,0.0,0.0,0.0,0.0,0.0,0.0,False,50
AKR1D1,0.003,0,0,0,18.0,5.0,22.0,0.0,0.0,0.02,0.0,0.01,0.0,0.0,0.0,0.0,0.0,0.0,0.0,0.32,0.0,0.0,False,50
PLXDC2,0.003,0,0,0,15.0,12.0,22.0,,0.0,0.0,0.0,0.03,0.0,0.0,0.0,0.0,0.0,0.0,0.0,0.0,0.0,0.0,False,50
ATP6V1E1,0.003,0,0,0,14.0,11.0,22.333333333333332,,0.0,0.0,0.0,0.03,0.0,0.0,0.0,0.0,0.0,0.0,0.0,0.0,0.0,0.0,False,50
COX2,0.003,0,0,0,18.0,18.0,22.333333333333332,1.0,0.0,0.0,0.01,0.02,0.0,0.0,0.0,0.0,0.0,0.0,0.0,0.0,0.0,0.0,False,50
SLC16A7,0.003,0,0,0,18.0,6.0,22.333333333333332,1.0,0.0,0.0,0.0,0.0,0.0,0.0,0.0,0.02,0.01,0.0,0.0,0.0,0.0,0.0,False,50
CCDC15,0.003,0,0,0,29.0,8.0,22.666666666666668,0.5,0.0,0.01,0.01,0.01,0.0,0.0,0.0,0.0,0.0,0.0,0.0,0.0,0.0,0.0,False,50
C20orf173,0.003,0,0,0,21.0,16.0,23.666666666666668,1.0,0.0,0.0,0.0,0.03,0.0,0.0,0.0,0.0,0.0,0.0,0.0,0.0,0.01,0.0,False,50
GTF2E2,0.003,0,0,0,26.0,16.0,23.666666666666668,,0.0,0.0,0.0,0.03,0.0,0.0,0.0,0.0,0.0,0.0,0.0,0.0,0.0,0.0,False,50
CRCP,0.003,0,0,0,14.0,12.0,24.0,0.3333333333333333,0.0,0.01,0.02,0.0,0.0,0.0,0.0,0.0,0.0,0.0,0.0,0.0,0.0,0.0,False,50
CAPZA3,0.003,0,0,0,23.0,2.0,24.333333333333332,1.0,0.0,0.03,0.0,0.0,0.0,0.0,0.0,0.0,0.0,0.0,0.0,0.0,0.0,0.0,False,50
SUGCT,0.003,0,0,0,15.0,10.0,24.666666666666668,0.3333333333333333,0.0,0.01,0.02,0.0,0.0,0.0,0.0,0.0,0.0,0.0,0.0,0.0,0.0,0.0,False,50
LOC105373876,0.003,0,0,0,29.0,16.0,25.0,0.0,0.0,0.03,0.0,0.0,0.0,0.0,0.0,0.0,0.0,0.0,0.0,0.03,0.0,0.0,False,50
CREBL2,0.003,0,0,0,14.0,14.0,25.333333333333332,1.0,0.0,0.0,0.0,0.0,0.0,0.0,0.0,0.01,0.0,0.01,0.01,0.0,0.0,0.0,False,50
CUL9,0.003,0,0,0,18.0,12.0,25.333333333333332,1.0,0.0,0.0,0.0,0.0,0.0,0.0,0.0,0.01,0.02,0.0,0.0,0.0,0.0,0.0,False,50
NALCN,0.003,0,0,0,31.0,10.0,25.333333333333332,,0.0,0.0,0.0,0.03,0.0,0.0,0.0,0.0,0.0,0.0,0.0,0.0,0.0,0.0,False,50
NAT10,0.003,0,0,0,25.0,20.0,25.333333333333332,1.0,0.0,0.0,0.0,0.0,0.0,0.0,0.0,0.01,0.02,0.0,0.0,0.0,0.0,0.0,False,50
LOC100996404,0.003,0,0,0,32.0,11.0,25.666666666666668,0.0,0.0,0.02,0.0,0.01,0.0,0.0,0.0,0.0,0.0,0.0,0.0,0.03,0.0,0.0,False,50
NRG1-IT1,0.003,0,0,0,23.0,22.0,25.666666666666668,1.0,0.0,0.0,0.0,0.02,0.01,0.0,0.0,0.0,0.0,0.0,0.0,0.0,0.01,0.0,False,50
AKR1C3,0.003,0,0,0,34.0,10.0,26.0,0.3333333333333333,0.04,0.0,0.0,0.0,0.0,0.0,0.0,0.02,0.01,0.0,0.0,0.0,0.0,0.04,False,50
KLK11,0.003,0,0,0,25.0,20.0,26.0,1.0,0.0,0.01,0.0,0.02,0.0,0.0,0.0,0.0,0.0,0.0,0.0,0.0,0.0,0.0,False,50
CYP27A1,0.003,0,0,0,26.0,23.0,26.333333333333332,,0.0,0.0,0.0,0.03,0.0,0.0,0.0,0.0,0.0,0.0,0.0,0.0,0.0,0.0,False,50
WNT1,0.003,0,0,0,19.0,14.0,26.333333333333332,0.0,0.0,0.02,0.0,0.01,0.0,0.0,0.0,0.0,0.0,0.0,0.0,0.06,0.0,0.0,False,50
ZNF528,0.003,0,0,0,28.0,21.0,26.333333333333332,,0.0,0.0,0.0,0.03,0.0,0.0,0.0,0.0,0.0,0.0,0.0,0.0,0.0,0.0,False,50
CYP4F11,0.003,0,0,0,32.0,7.0,26.666666666666668,,0.0,0.0,0.0,0.03,0.0,0.0,0.0,0.0,0.0,0.0,0.0,0.0,0.0,0.0,False,50
GAS1RR,0.003,0,0,0,30.0,3.0,26.666666666666668,,0.0,0.0,0.0,0.03,0.0,0.0,0.0,0.0,0.0,0.0,0.0,0.0,0.0,0.0,False,50
KIF18B,0.003,0,0,0,27.0,14.0,26.666666666666668,1.0,0.02,0.0,0.0,0.0,0.0,0.0,0.0,0.02,0.01,0.0,0.0,0.0,0.0,0.02,False,50
LOC100507311,0.003,0,0,0,28.0,11.0,26.666666666666668,,0.0,0.0,0.0,0.03,0.0,0.0,0.0,0.0,0.0,0.0,0.0,0.0,0.0,0.0,False,50
RAB40C,0.003,0,0,0,23.0,14.0,26.666666666666668,1.0,0.0,0.0,0.0,0.0,0.0,0.0,0.0,0.02,0.01,0.0,0.0,0.0,0.0,0.0,False,50
ASAP1-IT1,0.003,0,0,0,33.0,15.0,27.0,1.0,0.0,0.0,0.0,0.01,0.0,0.0,0.0,0.0,0.0,0.01,0.01,0.0,0.0,0.0,False,50
LARP7,0.003,0,0,0,27.0,21.0,27.0,1.0,0.0,0.0,0.01,0.0,0.0,0.0,0.0,0.01,0.01,0.0,0.0,0.0,0.0,0.0,False,50
MXRA5,0.003,0,0,0,21.0,21.0,27.0,0.6666666666666666,0.0,0.01,0.02,0.0,0.0,0.0,0.0,0.0,0.0,0.0,0.0,0.0,0.0,0.0,False,50
ZNF493,0.003,0,0,0,29.0,17.0,27.0,0.5,0.0,0.0,0.01,0.0,0.0,0.0,0.0,0.01,0.01,0.0,0.0,0.0,0.0,0.0,False,50
FARSA,0.003,0,0,0,25.0,9.0,27.333333333333332,1.0,0.0,0.0,0.0,0.0,0.0,0.0,0.0,0.01,0.02,0.0,0.0,0.0,0.0,0.0,False,50
LOC100288721,0.003,0,0,0,29.0,3.0,27.333333333333332,1.0,0.0,0.0,0.0,0.03,0.0,0.0,0.0,0.0,0.0,0.0,0.0,0.0,0.01,0.0,False,50
LOC102724938,0.003,0,0,0,30.0,7.0,27.333333333333332,0.0,0.0,0.01,0.0,0.02,0.0,0.0,0.0,0.0,0.0,0.0,0.0,0.1,0.0,0.0,False,50
MEGF10,0.003,0,0,0,23.0,21.0,27.333333333333332,0.0,0.0,0.0,0.02,0.01,0.0,0.0,0.0,0.0,0.0,0.0,0.0,0.0,0.0,0.0,False,50
VAMP3,0.003,0,0,0,21.0,20.0,27.333333333333332,1.0,0.0,0.0,0.0,0.01,0.0,0.0,0.0,0.01,0.01,0.0,0.0,0.0,0.0,0.0,False,50
B3GALT6,0.003,0,0,0,35.0,10.0,27.666666666666668,0.5,0.0,0.01,0.01,0.0,0.0,0.0,0.0,0.0,0.01,0.0,0.0,0.0,0.0,0.0,False,50
CARF,0.003,0,0,0,36.0,10.0,27.666666666666668,,0.0,0.0,0.0,0.03,0.0,0.0,0.0,0.0,0.0,0.0,0.0,0.0,0.0,0.0,False,50
LINC01018,0.003,0,0,0,23.0,20.0,27.666666666666668,,0.0,0.0,0.0,0.03,0.0,0.0,0.0,0.0,0.0,0.0,0.0,0.0,0.0,0.0,False,50
LOC100506142,0.003,0,0,0,31.0,13.0,27.666666666666668,0.0,0.0,0.03,0.0,0.0,0.0,0.0,0.0,0.0,0.0,0.0,0.0,0.0,0.0,0.0,False,50
LOC101927734,0.003,0,0,0,34.0,5.0,27.666666666666668,0.0,0.0,0.03,0.0,0.0,0.0,0.0,0.0,0.0,0.0,0.0,0.0,0.06,0.0,0.0,False,50
ISG20L2,0.003,0,0,0,18.0,18.0,28.0,1.0,0.0,0.0,0.0,0.0,0.0,0.0,0.0,0.0,0.01,0.01,0.01,0.0,0.0,0.0,False,50
LINC00588,0.003,0,0,0,26.0,20.0,28.0,0.0,0.0,0.02,0.0,0.01,0.0,0.0,0.0,0.0,0.0,0.0,0.0,0.01,0.0,0.0,False,50
TSC22D4,0.003,0,0,0,31.0,10.0,28.0,1.0,0.1,0.0,0.0,0.01,0.0,0.0,0.0,0.0,0.02,0.0,0.0,0.0,0.0,0.1,False,50
CD1B,0.003,0,0,0,24.0,14.0,28.333333333333332,0.0,0.0,0.03,0.0,0.0,0.0,0.0,0.0,0.0,0.0,0.0,0.0,0.0,0.0,0.0,False,50
DKFZP547J0410,0.003,0,0,0,31.0,11.0,28.333333333333332,0.0,0.0,0.02,0.0,0.01,0.0,0.0,0.0,0.0,0.0,0.0,0.0,0.01,0.0,0.0,False,50
EHHADH,0.003,0,0,0,32.0,12.0,28.333333333333332,1.0,0.0,0.0,0.0,0.0,0.0,0.0,0.0,0.03,0.0,0.0,0.0,0.0,0.0,0.0,False,50
KCNA1,0.003,0,0,0,26.0,10.0,28.333333333333332,0.0,0.0,0.02,0.0,0.01,0.0,0.0,0.0,0.0,0.0,0.0,0.0,0.06,0.0,0.0,False,50
TMEM242,0.003,0,0,0,30.0,25.0,28.333333333333332,,0.0,0.0,0.0,0.03,0.0,0.0,0.0,0.0,0.0,0.0,0.0,0.0,0.0,0.0,False,50
TMF1,0.003,0,0,0,20.0,15.0,28.333333333333332,0.6666666666666666,0.0,0.0,0.03,0.0,0.0,0.0,0.0,0.0,0.0,0.0,0.0,0.0,0.0,0.0,False,50
MARCKSL1,0.003,0,0,0,24.0,22.0,29.0,1.0,0.0,0.0,0.0,0.0,0.0,0.0,0.0,0.01,0.0,0.01,0.01,0.0,0.0,0.0,False,50
POSTN,0.003,0,0,0,34.0,12.0,29.0,1.0,0.0,0.0,0.03,0.0,0.0,0.0,0.0,0.0,0.0,0.0,0.0,0.0,0.0,0.0,False,50
LGALS12,0.003,0,0,0,33.0,15.0,29.333333333333332,0.3333333333333333,0.0,0.02,0.01,0.0,0.0,0.0,0.0,0.0,0.0,0.0,0.0,0.0,0.0,0.0,False,50
ALDOC,0.003,0,0,0,35.0,18.0,29.666666666666668,0.6666666666666666,0.0,0.0,0.03,0.0,0.0,0.0,0.0,0.0,0.0,0.0,0.0,0.0,0.0,0.0,False,50
APOBEC1,0.003,0,0,0,27.0,20.0,29.666666666666668,0.0,0.0,0.02,0.0,0.01,0.0,0.0,0.0,0.0,0.0,0.0,0.0,0.0,0.0,0.0,False,50
DGCR2,0.003,0,0,0,29.0,24.0,29.666666666666668,0.0,0.0,0.0,0.01,0.0,0.0,0.0,0.0,0.0,0.02,0.0,0.0,0.0,0.0,0.0,False,50
LOC283435,0.003,0,0,0,35.0,4.0,29.666666666666668,,0.0,0.0,0.0,0.03,0.0,0.0,0.0,0.0,0.0,0.0,0.0,0.0,0.0,0.0,False,50
TPPP,0.003,0,0,0,26.0,15.0,29.666666666666668,0.3333333333333333,0.0,0.0,0.03,0.0,0.0,0.0,0.0,0.0,0.0,0.0,0.0,0.0,0.0,0.0,False,50
UGP2,0.003,0,0,0,27.0,15.0,29.666666666666668,1.0,0.0,0.0,0.0,0.02,0.0,0.0,0.0,0.01,0.0,0.0,0.0,0.0,0.0,0.0,False,50
EBLN2,0.003,0,0,0,33.0,16.0,30.0,0.6666666666666666,0.0,0.01,0.02,0.0,0.0,0.0,0.0,0.0,0.0,0.0,0.0,0.0,0.0,0.0,False,50
LOC100133461,0.003,0,0,0,33.0,11.0,30.0,0.0,0.0,0.01,0.0,0.02,0.0,0.0,0.0,0.0,0.0,0.0,0.0,0.05,0.0,0.0,False,50
TNNI3K,0.003,0,0,0,30.0,18.0,30.0,,0.0,0.0,0.0,0.03,0.0,0.0,0.0,0.0,0.0,0.0,0.0,0.0,0.0,0.0,False,50
CASZ1,0.003,0,0,0,42.0,6.0,30.333333333333332,1.0,0.0,0.01,0.01,0.0,0.0,0.0,0.0,0.01,0.0,0.0,0.0,0.0,0.0,0.0,False,50
CCDC69,0.003,0,0,0,34.0,21.0,30.333333333333332,0.25,0.03,0.0,0.0,0.0,0.0,0.0,0.0,0.01,0.02,0.0,0.0,0.0,0.0,0.03,False,50
LOC390705,0.003,0,0,0,33.0,19.0,30.333333333333332,,0.0,0.0,0.0,0.03,0.0,0.0,0.0,0.0,0.0,0.0,0.0,0.0,0.0,0.0,False,50
PLPP4,0.003,0,0,0,26.0,23.0,30.333333333333332,0.3333333333333333,0.0,0.0,0.03,0.0,0.0,0.0,0.0,0.0,0.0,0.0,0.0,0.0,0.0,0.0,False,50
SGIP1,0.003,0,0,0,32.0,27.0,30.666666666666668,1.0,0.0,0.02,0.01,0.0,0.0,0.0,0.0,0.0,0.0,0.0,0.0,0.0,0.0,0.0,False,50
STPG3,0.003,0,0,0,23.0,22.0,30.666666666666668,0.0,0.0,0.03,0.0,0.0,0.0,0.0,0.0,0.0,0.0,0.0,0.0,0.01,0.0,0.0,False,50
AFAP1L1,0.003,0,0,0,25.0,25.0,31.0,1.0,0.0,0.0,0.0,0.0,0.0,0.0,0.0,0.01,0.0,0.01,0.01,0.0,0.0,0.0,False,50
ANGPTL2,0.003,0,0,0,36.0,14.0,31.0,1.0,0.0,0.0,0.0,0.0,0.0,0.0,0.0,0.03,0.0,0.0,0.0,0.0,0.0,0.0,False,50
ARMC9,0.003,0,0,0,32.0,16.0,31.0,0.5,0.01,0.0,0.02,0.0,0.0,0.0,0.0,0.01,0.0,0.0,0.0,0.0,0.0,0.01,False,50
COPG2IT1,0.003,0,0,0,32.0,24.0,31.0,0.3333333333333333,0.0,0.01,0.01,0.0,0.0,0.0,0.0,0.01,0.0,0.0,0.0,0.0,0.0,0.0,False,50
IGFBP6,0.003,0,0,0,31.0,22.0,31.0,1.0,0.0,0.0,0.0,0.0,0.0,0.0,0.0,0.02,0.01,0.0,0.0,0.0,0.0,0.0,False,50
MTFMT,0.003,0,0,0,36.0,17.0,31.0,1.0,0.0,0.0,0.01,0.02,0.0,0.0,0.0,0.0,0.0,0.0,0.0,0.0,0.0,0.0,False,50
NKX3-1,0.003,0,0,0,23.0,20.0,31.0,0.5,0.0,0.01,0.01,0.01,0.0,0.0,0.0,0.0,0.0,0.0,0.0,0.0,0.0,0.0,False,50
PRR7-AS1,0.003,0,0,0,31.0,15.0,31.0,0.0,0.0,0.03,0.0,0.0,0.0,0.0,0.0,0.0,0.0,0.0,0.0,0.0,0.0,0.0,False,50
RRAS2,0.003,0,0,0,27.0,16.0,31.0,0.6666666666666666,0.01,0.0,0.0,0.0,0.0,0.0,0.0,0.02,0.01,0.0,0.0,0.0,0.0,0.01,False,50
SNTG2,0.003,0,0,0,36.0,21.0,31.0,0.5,0.0,0.01,0.0,0.0,0.0,0.0,0.0,0.0,0.0,0.01,0.01,0.0,0.0,0.0,False,50
BMP2K,0.003,0,0,0,36.0,21.0,31.333333333333332,,0.0,0.0,0.0,0.03,0.0,0.0,0.0,0.0,0.0,0.0,0.0,0.0,0.0,0.0,False,50
CD1D,0.003,0,0,0,32.0,18.0,31.333333333333332,,0.0,0.0,0.0,0.03,0.0,0.0,0.0,0.0,0.0,0.0,0.0,0.0,0.0,0.0,False,50
DNAH9,0.003,0,0,0,24.0,24.0,31.333333333333332,0.3333333333333333,0.0,0.0,0.0,0.0,0.01,0.0,0.0,0.0,0.0,0.01,0.01,0.0,0.01,0.0,False,50
PNMAL1,0.003,0,0,0,28.0,16.0,31.333333333333332,1.0,0.0,0.0,0.01,0.02,0.0,0.0,0.0,0.0,0.0,0.0,0.0,0.0,0.0,0.0,False,50
RAB11B-AS1,0.003,0,0,0,30.0,23.0,31.333333333333332,0.6666666666666666,0.0,0.0,0.03,0.0,0.0,0.0,0.0,0.0,0.0,0.0,0.0,0.0,0.0,0.0,False,50
ALDH1A1,0.003,0,0,0,25.0,24.0,31.666666666666668,1.0,0.0,0.0,0.0,0.0,0.0,0.0,0.0,0.01,0.0,0.01,0.01,0.0,0.0,0.0,False,50
C2orf76,0.003,0,0,0,33.0,27.0,31.666666666666668,1.0,0.0,0.0,0.01,0.02,0.0,0.0,0.0,0.0,0.0,0.0,0.0,0.0,0.0,0.0,False,50
HIST1H2APS5,0.003,0,0,0,32.0,20.0,31.666666666666668,1.0,0.0,0.03,0.0,0.0,0.0,0.0,0.0,0.0,0.0,0.0,0.0,0.0,0.0,0.0,False,50
CRTAM,0.003,0,0,0,31.0,26.0,32.0,0.0,0.0,0.0,0.01,0.02,0.0,0.0,0.0,0.0,0.0,0.0,0.0,0.0,0.0,0.0,False,50
CRYAB,0.003,0,0,0,41.0,12.0,32.0,1.0,0.0,0.0,0.0,0.0,0.0,0.0,0.0,0.02,0.01,0.0,0.0,0.0,0.0,0.0,False,50
IGSF21,0.003,0,0,0,31.0,22.0,32.0,1.0,0.0,0.01,0.0,0.02,0.0,0.0,0.0,0.0,0.0,0.0,0.0,0.0,0.0,0.0,False,50
NKX3-2,0.003,0,0,0,34.0,18.0,32.0,0.6666666666666666,0.0,0.01,0.02,0.0,0.0,0.0,0.0,0.0,0.0,0.0,0.0,0.0,0.0,0.0,False,50
PFDN1,0.003,0,0,0,33.0,28.0,32.0,0.0,0.0,0.0,0.02,0.01,0.0,0.0,0.0,0.0,0.0,0.0,0.0,0.0,0.0,0.0,False,50
RORB,0.003,0,0,0,42.0,8.0,32.0,0.14285714285714285,0.0,0.01,0.01,0.01,0.0,0.0,0.0,0.0,0.0,0.0,0.0,0.05,0.0,0.0,False,50
WDR4,0.003,0,0,0,37.0,17.0,32.0,1.0,0.0,0.0,0.0,0.0,0.0,0.0,0.0,0.01,0.02,0.0,0.0,0.0,0.0,0.0,False,50
KIF11,0.003,0,0,0,38.0,20.0,32.333333333333336,1.0,0.15,0.0,0.0,0.0,0.0,0.0,0.0,0.01,0.02,0.0,0.0,0.0,0.0,0.15,False,50
LAYN,0.003,0,0,0,42.0,7.0,32.333333333333336,,0.0,0.0,0.0,0.03,0.0,0.0,0.0,0.0,0.0,0.0,0.0,0.0,0.0,0.0,False,50
P3H1,0.003,0,0,0,36.0,25.0,32.333333333333336,1.0,0.0,0.0,0.01,0.02,0.0,0.0,0.0,0.0,0.0,0.0,0.0,0.0,0.0,0.0,False,50
PLIN2,0.003,0,0,0,28.0,23.0,32.333333333333336,1.0,0.0,0.0,0.0,0.0,0.0,0.0,0.0,0.01,0.02,0.0,0.0,0.0,0.0,0.0,False,50
TCTN2,0.003,0,0,0,25.0,23.0,32.333333333333336,,0.0,0.0,0.0,0.03,0.0,0.0,0.0,0.0,0.0,0.0,0.0,0.0,0.0,0.0,False,50
DCSTAMP,0.003,0,0,0,32.0,23.0,32.666666666666664,1.0,0.0,0.0,0.0,0.03,0.0,0.0,0.0,0.0,0.0,0.0,0.0,0.0,0.01,0.0,False,50
HCRTR2,0.003,0,0,0,35.0,22.0,32.666666666666664,0.0,0.0,0.02,0.0,0.01,0.0,0.0,0.0,0.0,0.0,0.0,0.0,0.0,0.0,0.0,False,50
RGL1,0.003,0,0,0,30.0,30.0,32.666666666666664,1.0,0.0,0.0,0.0,0.0,0.0,0.0,0.0,0.01,0.0,0.01,0.01,0.0,0.0,0.0,False,50
STARD13-AS,0.003,0,0,0,36.0,14.0,32.666666666666664,0.0,0.0,0.03,0.0,0.0,0.0,0.0,0.0,0.0,0.0,0.0,0.0,0.02,0.0,0.0,False,50
MUC1,0.003,0,0,0,33.0,16.0,33.0,0.6666666666666666,0.0,0.01,0.02,0.0,0.0,0.0,0.0,0.0,0.0,0.0,0.0,0.0,0.0,0.0,False,50
DUXAP10,0.003,0,0,0,47.0,5.0,33.333333333333336,0.6666666666666666,0.0,0.01,0.01,0.0,0.0,0.01,0.0,0.0,0.0,0.0,0.0,0.0,0.0,0.0,False,50
HEATR1,0.003,0,0,0,32.0,28.0,33.333333333333336,0.0,0.0,0.0,0.02,0.01,0.0,0.0,0.0,0.0,0.0,0.0,0.0,0.0,0.0,0.0,False,50
LOC100288570,0.003,0,0,0,41.0,9.0,33.333333333333336,1.0,0.0,0.01,0.0,0.02,0.0,0.0,0.0,0.0,0.0,0.0,0.0,0.0,0.0,0.0,False,50
LOC100507461,0.003,0,0,0,38.0,23.0,33.333333333333336,0.0,0.0,0.02,0.0,0.01,0.0,0.0,0.0,0.0,0.0,0.0,0.0,0.0,0.0,0.0,False,50
NPNT,0.003,0,0,0,38.0,20.0,33.333333333333336,1.0,0.06,0.0,0.02,0.0,0.0,0.0,0.0,0.0,0.01,0.0,0.0,0.0,0.0,0.06,False,50
ZNF324,0.003,0,0,0,30.0,24.0,33.333333333333336,1.0,0.0,0.0,0.0,0.0,0.0,0.0,0.0,0.01,0.02,0.0,0.0,0.0,0.0,0.0,False,50
F13A1,0.003,0,0,0,35.0,29.0,34.0,0.6666666666666666,0.0,0.0,0.02,0.0,0.0,0.0,0.0,0.01,0.0,0.0,0.0,0.0,0.0,0.0,False,50
SEPT11,0.003,0,0,0,44.0,13.0,34.0,1.0,0.0,0.0,0.0,0.0,0.0,0.0,0.0,0.03,0.0,0.0,0.0,0.0,0.0,0.0,False,50
GTF2H2B,0.003,0,0,0,41.0,19.0,34.333333333333336,0.0,0.0,0.0,0.03,0.0,0.0,0.0,0.0,0.0,0.0,0.0,0.0,0.0,0.0,0.0,False,50
LOC101928429,0.003,0,0,0,34.0,22.0,34.333333333333336,1.0,0.0,0.0,0.0,0.03,0.0,0.0,0.0,0.0,0.0,0.0,0.0,0.0,0.06,0.0,False,50
C9orf47,0.003,0,0,0,38.0,21.0,35.0,0.0,0.0,0.03,0.0,0.0,0.0,0.0,0.0,0.0,0.0,0.0,0.0,0.0,0.0,0.0,False,50
ECM2,0.003,0,0,0,38.0,22.0,35.0,1.0,0.0,0.0,0.0,0.0,0.0,0.0,0.0,0.03,0.0,0.0,0.0,0.0,0.0,0.0,False,50
NELFB,0.003,0,0,0,35.0,29.0,35.0,0.6666666666666666,0.0,0.01,0.02,0.0,0.0,0.0,0.0,0.0,0.0,0.0,0.0,0.0,0.0,0.0,False,50
NSUN5P1,0.003,0,0,0,46.0,12.0,35.0,,0.0,0.0,0.0,0.01,0.0,0.0,0.0,0.0,0.02,0.0,0.0,0.0,0.0,0.0,False,50
SHROOM3,0.003,0,0,0,45.0,14.0,35.0,0.6666666666666666,0.0,0.0,0.0,0.0,0.0,0.03,0.0,0.0,0.0,0.0,0.0,0.0,0.0,0.0,False,50
SMG9,0.003,0,0,0,46.0,13.0,35.0,1.0,0.0,0.0,0.0,0.0,0.0,0.0,0.0,0.03,0.0,0.0,0.0,0.0,0.0,0.0,False,50
ZNF496,0.003,0,0,0,32.0,31.0,35.0,1.0,0.0,0.0,0.03,0.0,0.0,0.0,0.0,0.0,0.0,0.0,0.0,0.0,0.0,0.0,False,50
DTWD2,0.003,0,0,0,43.0,20.0,35.333333333333336,,0.0,0.0,0.0,0.03,0.0,0.0,0.0,0.0,0.0,0.0,0.0,0.0,0.0,0.0,False,50
EIF2B5,0.003,0,0,0,37.0,30.0,35.333333333333336,1.0,0.0,0.0,0.0,0.0,0.0,0.0,0.0,0.01,0.02,0.0,0.0,0.0,0.0,0.0,False,50
KANSL1L,0.003,0,0,0,45.0,11.0,35.333333333333336,1.0,0.0,0.0,0.01,0.02,0.0,0.0,0.0,0.0,0.0,0.0,0.0,0.0,0.0,0.0,False,50
LOC440028,0.003,0,0,0,36.0,29.0,35.333333333333336,0.0,0.0,0.03,0.0,0.0,0.0,0.0,0.0,0.0,0.0,0.0,0.0,0.02,0.0,0.0,False,50
SPDYE2,0.003,0,0,0,32.0,26.0,35.333333333333336,1.0,0.0,0.0,0.0,0.0,0.0,0.0,0.0,0.01,0.02,0.0,0.0,0.0,0.0,0.0,False,50
UBE2C,0.003,0,0,0,36.0,33.0,35.333333333333336,1.0,0.0,0.0,0.0,0.0,0.0,0.0,0.0,0.02,0.01,0.0,0.0,0.0,0.0,0.0,False,50
ZNF121,0.003,0,0,0,44.0,15.0,35.333333333333336,0.5,0.0,0.0,0.02,0.0,0.0,0.0,0.0,0.0,0.01,0.0,0.0,0.0,0.0,0.0,False,50
OPRL1,0.003,0,0,0,36.0,35.0,35.666666666666664,0.0,0.0,0.02,0.0,0.01,0.0,0.0,0.0,0.0,0.0,0.0,0.0,0.0,0.0,0.0,False,50
POGZ,0.003,0,0,0,35.0,32.0,35.666666666666664,,0.0,0.0,0.0,0.0,0.0,0.0,0.0,0.0,0.03,0.0,0.0,0.0,0.0,0.0,False,50
PAX8-AS1,0.003,0,0,0,37.0,23.0,36.0,0.0,0.0,0.0,0.03,0.0,0.0,0.0,0.0,0.0,0.0,0.0,0.0,0.0,0.0,0.0,False,50
RAD9B,0.003,0,0,0,35.0,23.0,36.0,0.0,0.0,0.01,0.0,0.02,0.0,0.0,0.0,0.0,0.0,0.0,0.0,0.03,0.0,0.0,False,50
ZNF322,0.003,0,0,0,44.0,14.0,36.0,0.5,0.0,0.0,0.02,0.01,0.0,0.0,0.0,0.0,0.0,0.0,0.0,0.0,0.0,0.0,False,50
SMAD1,0.003,0,0,0,41.0,25.0,36.333333333333336,1.0,0.0,0.01,0.01,0.01,0.0,0.0,0.0,0.0,0.0,0.0,0.0,0.0,0.0,0.0,False,50
ZAK,0.003,0,0,0,38.0,21.0,36.333333333333336,1.0,0.0,0.0,0.02,0.0,0.0,0.01,0.0,0.0,0.0,0.0,0.0,0.0,0.0,0.0,False,50
PKIB,0.003,0,0,0,33.0,32.0,36.666666666666664,0.5,0.0,0.0,0.01,0.01,0.0,0.01,0.0,0.0,0.0,0.0,0.0,0.0,0.0,0.0,False,50
FAP,0.003,0,0,0,37.0,30.0,37.0,0.3333333333333333,0.0,0.0,0.03,0.0,0.0,0.0,0.0,0.0,0.0,0.0,0.0,0.0,0.0,0.0,False,50
LINC01186,0.003,0,0,0,34.0,31.0,37.0,0.0,0.0,0.0,0.0,0.02,0.01,0.0,0.0,0.0,0.0,0.0,0.0,0.0,0.0,0.0,False,50
CCDC85A,0.003,0,0,0,37.0,37.0,37.333333333333336,0.3333333333333333,0.0,0.01,0.01,0.0,0.0,0.01,0.0,0.0,0.0,0.0,0.0,0.0,0.0,0.0,False,50
ENPP6,0.003,0,0,0,38.0,31.0,37.333333333333336,0.0,0.0,0.01,0.0,0.02,0.0,0.0,0.0,0.0,0.0,0.0,0.0,0.01,0.0,0.0,False,50
RAB3IL1,0.003,0,0,0,44.0,22.0,37.333333333333336,,0.0,0.0,0.0,0.03,0.0,0.0,0.0,0.0,0.0,0.0,0.0,0.0,0.0,0.0,False,50
RRN3P1,0.003,0,0,0,38.0,30.0,37.333333333333336,,0.0,0.0,0.0,0.03,0.0,0.0,0.0,0.0,0.0,0.0,0.0,0.0,0.0,0.0,False,50
TBX2,0.003,0,0,0,40.0,22.0,37.333333333333336,0.5,0.0,0.01,0.01,0.01,0.0,0.0,0.0,0.0,0.0,0.0,0.0,0.0,0.0,0.0,False,50
ITGBL1,0.003,0,0,0,40.0,33.0,37.666666666666664,,0.0,0.0,0.0,0.03,0.0,0.0,0.0,0.0,0.0,0.0,0.0,0.0,0.0,0.0,False,50
KCNIP1,0.003,0,0,0,36.0,32.0,37.666666666666664,0.0,0.0,0.02,0.0,0.01,0.0,0.0,0.0,0.0,0.0,0.0,0.0,0.0,0.0,0.0,False,50
TIAM1,0.003,0,0,0,43.0,21.0,37.666666666666664,0.3333333333333333,0.0,0.0,0.03,0.0,0.0,0.0,0.0,0.0,0.0,0.0,0.0,0.0,0.0,0.0,False,50
ZNF700,0.003,0,0,0,43.0,25.0,37.666666666666664,1.0,0.0,0.0,0.01,0.02,0.0,0.0,0.0,0.0,0.0,0.0,0.0,0.0,0.0,0.0,False,50
NFU1,0.003,0,0,0,39.0,32.0,38.0,1.0,0.0,0.0,0.0,0.02,0.0,0.0,0.0,0.01,0.0,0.0,0.0,0.0,0.0,0.0,False,50
TMEM130,0.003,0,0,0,36.0,33.0,38.0,0.0,0.0,0.03,0.0,0.0,0.0,0.0,0.0,0.0,0.0,0.0,0.0,0.02,0.0,0.0,False,50
ARMC12,0.003,0,0,0,37.0,33.0,38.333333333333336,0.0,0.0,0.03,0.0,0.0,0.0,0.0,0.0,0.0,0.0,0.0,0.0,0.01,0.0,0.0,False,50
PRSS36,0.003,0,0,0,37.0,34.0,38.333333333333336,,0.0,0.0,0.0,0.03,0.0,0.0,0.0,0.0,0.0,0.0,0.0,0.0,0.0,0.0,False,50
CFD,0.003,0,0,0,41.0,32.0,38.666666666666664,1.0,0.0,0.0,0.0,0.0,0.0,0.0,0.0,0.02,0.01,0.0,0.0,0.0,0.0,0.0,False,50
SLC35C1,0.003,0,0,0,39.0,35.0,38.666666666666664,,0.0,0.0,0.0,0.03,0.0,0.0,0.0,0.0,0.0,0.0,0.0,0.0,0.0,0.0,False,50
C1GALT1C1L,0.003,0,0,0,37.0,32.0,39.0,0.0,0.0,0.01,0.0,0.02,0.0,0.0,0.0,0.0,0.0,0.0,0.0,0.0,0.0,0.0,False,50
CAV1,0.003,0,0,0,41.0,36.0,39.333333333333336,1.0,0.0,0.0,0.0,0.0,0.0,0.0,0.0,0.03,0.0,0.0,0.0,0.0,0.0,0.0,False,50
MDH1,0.003,0,0,0,38.0,32.0,39.333333333333336,,0.0,0.0,0.0,0.03,0.0,0.0,0.0,0.0,0.0,0.0,0.0,0.0,0.0,0.0,False,50
OVOL1,0.003,0,0,0,36.0,32.0,39.333333333333336,1.0,0.01,0.0,0.0,0.0,0.0,0.0,0.0,0.01,0.02,0.0,0.0,0.0,0.0,0.01,False,50
EBF1,0.003,0,0,0,36.0,33.0,39.666666666666664,0.5,0.03,0.0,0.0,0.0,0.0,0.0,0.0,0.03,0.0,0.0,0.0,0.0,0.0,0.03,False,50
FRK,0.003,0,0,0,42.0,30.0,39.666666666666664,0.0,0.0,0.0,0.01,0.02,0.0,0.0,0.0,0.0,0.0,0.0,0.0,0.0,0.0,0.0,False,50
IPO9,0.003,0,0,0,47.0,23.0,39.666666666666664,0.5,0.0,0.0,0.01,0.0,0.0,0.0,0.0,0.01,0.01,0.0,0.0,0.0,0.0,0.0,False,50
KIR2DS4,0.003,0,0,0,45.0,27.0,39.666666666666664,0.0,0.0,0.03,0.0,0.0,0.0,0.0,0.0,0.0,0.0,0.0,0.0,0.01,0.0,0.0,False,50
LAMA4,0.003,0,0,0,37.0,36.0,39.666666666666664,1.0,0.0,0.0,0.0,0.0,0.0,0.0,0.0,0.03,0.0,0.0,0.0,0.0,0.0,0.0,False,50
TLN2,0.003,0,0,0,42.0,35.0,39.666666666666664,0.3333333333333333,0.0,0.0,0.01,0.0,0.0,0.01,0.0,0.01,0.0,0.0,0.0,0.0,0.0,0.0,False,50
PATJ,0.003,0,0,0,42.0,34.0,40.0,1.0,0.0,0.02,0.0,0.01,0.0,0.0,0.0,0.0,0.0,0.0,0.0,0.0,0.0,0.0,False,50
TNS1,0.003,0,0,0,44.0,27.0,40.0,1.0,0.0,0.0,0.0,0.0,0.0,0.0,0.0,0.03,0.0,0.0,0.0,0.0,0.0,0.0,False,50
LINC00348,0.003,0,0,0,41.0,31.0,40.333333333333336,0.0,0.0,0.02,0.0,0.01,0.0,0.0,0.0,0.0,0.0,0.0,0.0,0.01,0.0,0.0,False,50
TUSC5,0.003,0,0,0,40.0,35.0,40.666666666666664,0.3333333333333333,0.0,0.0,0.0,0.0,0.0,0.0,0.01,0.02,0.0,0.0,0.0,0.02,0.02,0.0,False,50
CCDC3,0.003,0,0,0,40.0,37.0,41.0,1.0,0.0,0.0,0.0,0.0,0.0,0.0,0.0,0.03,0.0,0.0,0.0,0.0,0.0,0.0,False,50
CUTC,0.003,0,0,0,39.0,38.0,41.0,1.0,0.0,0.0,0.01,0.0,0.0,0.0,0.0,0.01,0.01,0.0,0.0,0.0,0.0,0.0,False,50
TAOK2,0.003,0,0,0,38.0,37.0,41.333333333333336,1.0,0.0,0.01,0.0,0.02,0.0,0.0,0.0,0.0,0.0,0.0,0.0,0.0,0.0,0.0,False,50
C8G,0.003,0,0,0,40.0,35.0,41.666666666666664,1.0,0.0,0.01,0.0,0.02,0.0,0.0,0.0,0.0,0.0,0.0,0.0,0.0,0.0,0.0,False,50
DCAF7,0.003,0,0,0,40.0,38.0,41.666666666666664,,0.0,0.0,0.0,0.0,0.0,0.0,0.0,0.0,0.03,0.0,0.0,0.0,0.0,0.0,False,50
EDF1,0.003,0,0,0,42.0,38.0,41.666666666666664,1.0,0.0,0.0,0.02,0.01,0.0,0.0,0.0,0.0,0.0,0.0,0.0,0.0,0.0,0.0,False,50
PLA2G16,0.003,0,0,0,41.0,41.0,41.666666666666664,1.0,0.0,0.0,0.0,0.0,0.0,0.0,0.0,0.03,0.0,0.0,0.0,0.0,0.0,0.0,False,50
SLC29A3,0.003,0,0,0,41.0,35.0,41.666666666666664,,0.0,0.0,0.0,0.03,0.0,0.0,0.0,0.0,0.0,0.0,0.0,0.0,0.0,0.0,False,50
WASIR2,0.003,0,0,0,38.0,37.0,41.666666666666664,1.0,0.0,0.0,0.01,0.0,0.0,0.0,0.0,0.01,0.01,0.0,0.0,0.0,0.0,0.0,False,50
GJD4,0.003,0,0,0,44.0,34.0,42.0,0.0,0.0,0.02,0.0,0.01,0.0,0.0,0.0,0.0,0.0,0.0,0.0,0.0,0.0,0.0,False,50
LOC105376292,0.003,0,0,0,40.0,36.0,42.0,0.0,0.0,0.01,0.0,0.02,0.0,0.0,0.0,0.0,0.0,0.0,0.0,0.04,0.0,0.0,False,50
SDC4,0.003,0,0,0,46.0,34.0,42.0,1.0,0.0,0.0,0.0,0.0,0.0,0.0,0.0,0.02,0.01,0.0,0.0,0.0,0.0,0.0,False,50
SH3RF1,0.003,0,0,0,45.0,34.0,42.333333333333336,0.5,0.0,0.0,0.02,0.0,0.0,0.0,0.0,0.0,0.01,0.0,0.0,0.0,0.0,0.0,False,50
CSN1S1,0.003,0,0,0,47.0,33.0,43.0,1.0,0.0,0.0,0.0,0.0,0.0,0.0,0.0,0.01,0.02,0.0,0.0,0.0,0.0,0.0,False,50
DIO3,0.003,0,0,0,41.0,40.0,43.0,0.0,0.0,0.03,0.0,0.0,0.0,0.0,0.0,0.0,0.0,0.0,0.0,0.03,0.0,0.0,False,50
ADIPOQ,0.003,0,0,0,50.0,30.0,43.333333333333336,1.0,0.0,0.0,0.0,0.0,0.0,0.0,0.0,0.02,0.01,0.0,0.0,0.0,0.0,0.0,False,50
GNAI1,0.003,0,0,0,45.0,37.0,43.333333333333336,1.0,0.0,0.0,0.0,0.0,0.0,0.0,0.0,0.03,0.0,0.0,0.0,0.0,0.0,0.0,False,50
SOX12,0.003,0,0,0,43.0,43.0,43.333333333333336,,0.0,0.0,0.0,0.03,0.0,0.0,0.0,0.0,0.0,0.0,0.0,0.0,0.0,0.0,False,50
TTC38,0.003,0,0,0,43.0,38.0,43.666666666666664,0.5,0.0,0.01,0.01,0.01,0.0,0.0,0.0,0.0,0.0,0.0,0.0,0.0,0.0,0.0,False,50
PRRT3-AS1,0.003,0,0,0,45.0,41.0,44.0,0.6666666666666666,0.0,0.0,0.03,0.0,0.0,0.0,0.0,0.0,0.0,0.0,0.0,0.0,0.0,0.0,False,50
TCF20,0.003,0,0,0,42.0,40.0,44.0,1.0,0.0,0.0,0.0,0.0,0.0,0.0,0.0,0.01,0.02,0.0,0.0,0.0,0.0,0.0,False,50
KRT15,0.003,0,0,0,43.0,41.0,44.333333333333336,0.0,0.0,0.0,0.01,0.02,0.0,0.0,0.0,0.0,0.0,0.0,0.0,0.0,0.0,0.0,False,50
PCK1,0.003,0,0,0,44.0,39.0,44.333333333333336,0.2857142857142857,0.0,0.0,0.01,0.0,0.0,0.0,0.01,0.01,0.0,0.0,0.0,0.02,0.03,0.0,False,50
EMX2OS,0.003,0,0,0,44.0,41.0,45.0,0.5,0.0,0.01,0.01,0.0,0.0,0.0,0.01,0.0,0.0,0.0,0.0,0.0,0.0,0.0,False,50
SCN9A,0.003,0,0,0,44.0,43.0,45.333333333333336,,0.0,0.0,0.0,0.02,0.0,0.0,0.01,0.0,0.0,0.0,0.0,0.0,0.0,0.0,False,50
KIF25,0.003,0,0,0,46.0,43.0,45.666666666666664,,0.0,0.0,0.0,0.0,0.0,0.0,0.0,0.0,0.03,0.0,0.0,0.0,0.0,0.0,False,50
CHST15,0.003,0,0,0,47.0,43.0,46.666666666666664,0.6666666666666666,0.0,0.0,0.02,0.0,0.0,0.01,0.0,0.0,0.0,0.0,0.0,0.0,0.0,0.0,False,50
PTGER3,0.003,0,0,0,48.0,43.0,46.666666666666664,0.6666666666666666,0.0,0.0,0.01,0.0,0.0,0.0,0.0,0.02,0.0,0.0,0.0,0.0,0.0,0.0,False,50
SEC16A,0.003,0,0,0,49.0,41.0,46.666666666666664,1.0,0.0,0.0,0.0,0.0,0.0,0.0,0.0,0.02,0.01,0.0,0.0,0.0,0.0,0.0,False,50
RARRES2,0.003,0,0,0,50.0,44.0,48.0,1.0,0.0,0.0,0.0,0.0,0.0,0.0,0.0,0.03,0.0,0.0,0.0,0.0,0.0,0.0,False,50
RASL10A,0.002,0,0,0,1.5,1.0,1.5,0.5,0.0,0.01,0.01,0.0,0.0,0.0,0.0,0.0,0.0,0.0,0.0,0.0,0.0,0.0,False,50
TRIM72,0.002,0,0,0,2.0,1.0,2.0,1.0,0.0,0.01,0.0,0.01,0.0,0.0,0.0,0.0,0.0,0.0,0.0,0.0,0.0,0.0,False,50
LOC105378577,0.002,0,0,0,4.5,4.0,4.5,0.5,0.0,0.01,0.01,0.0,0.0,0.0,0.0,0.0,0.0,0.0,0.0,0.0,0.0,0.0,False,50
GFAP,0.002,0,0,0,5.0,3.0,5.0,0.0,0.0,0.02,0.0,0.0,0.0,0.0,0.0,0.0,0.0,0.0,0.0,0.02,0.0,0.0,False,50
ST8SIA2,0.002,0,0,0,5.0,5.0,5.0,1.0,0.0,0.02,0.0,0.0,0.0,0.0,0.0,0.0,0.0,0.0,0.0,0.0,0.0,0.0,False,50
PGBD2,0.002,0,0,0,5.5,5.0,5.5,1.0,0.0,0.01,0.01,0.0,0.0,0.0,0.0,0.0,0.0,0.0,0.0,0.0,0.0,0.0,False,50
TMEM190,0.002,0,0,0,6.5,3.0,6.5,1.0,0.0,0.0,0.0,0.02,0.0,0.0,0.0,0.0,0.0,0.0,0.0,0.0,0.02,0.0,False,50
LOC643355,0.002,0,0,0,7.0,5.0,7.0,,0.0,0.0,0.0,0.02,0.0,0.0,0.0,0.0,0.0,0.0,0.0,0.0,0.0,0.0,False,50
TBL2,0.002,0,0,0,7.5,3.0,7.5,0.5,0.0,0.01,0.01,0.0,0.0,0.0,0.0,0.0,0.0,0.0,0.0,0.0,0.0,0.0,False,50
HK1,0.002,0,0,0,8.0,7.0,8.0,1.0,0.0,0.0,0.0,0.0,0.0,0.0,0.0,0.01,0.01,0.0,0.0,0.0,0.0,0.0,False,50
KLRC3,0.002,0,0,0,8.0,8.0,8.0,1.0,0.0,0.02,0.0,0.0,0.0,0.0,0.0,0.0,0.0,0.0,0.0,0.0,0.0,0.0,False,50
THRB,0.002,0,0,0,8.0,4.0,8.0,0.5,0.0,0.01,0.01,0.0,0.0,0.0,0.0,0.0,0.0,0.0,0.0,0.0,0.0,0.0,False,50
IL5,0.002,0,0,0,10.0,7.0,10.0,,0.0,0.0,0.0,0.02,0.0,0.0,0.0,0.0,0.0,0.0,0.0,0.0,0.0,0.0,False,50
FUT10,0.002,0,0,0,10.5,8.0,10.5,0.0,0.0,0.01,0.01,0.0,0.0,0.0,0.0,0.0,0.0,0.0,0.0,0.0,0.0,0.0,False,50
SFXN5,0.002,0,0,0,10.5,9.0,10.5,1.0,0.0,0.01,0.01,0.0,0.0,0.0,0.0,0.0,0.0,0.0,0.0,0.0,0.0,0.0,False,50
ADAM23,0.002,0,0,0,11.0,8.0,11.0,1.0,0.0,0.02,0.0,0.0,0.0,0.0,0.0,0.0,0.0,0.0,0.0,0.0,0.0,0.0,False,50
LOC100131347,0.002,0,0,0,11.0,1.0,11.0,1.0,0.0,0.02,0.0,0.0,0.0,0.0,0.0,0.0,0.0,0.0,0.0,0.0,0.0,0.0,False,50
ROGDI,0.002,0,0,0,11.0,11.0,11.0,1.0,0.0,0.0,0.0,0.0,0.0,0.0,0.0,0.01,0.01,0.0,0.0,0.0,0.0,0.0,False,50
ALX4,0.002,0,0,0,11.5,2.0,11.5,,0.0,0.0,0.0,0.02,0.0,0.0,0.0,0.0,0.0,0.0,0.0,0.0,0.0,0.0,False,50
MC3R,0.002,0,0,0,11.5,6.0,11.5,1.0,0.0,0.02,0.0,0.0,0.0,0.0,0.0,0.0,0.0,0.0,0.0,0.0,0.0,0.0,False,50
ABCC10,0.002,0,0,0,12.0,10.0,12.0,1.0,0.0,0.0,0.0,0.0,0.0,0.0,0.0,0.0,0.0,0.01,0.01,0.0,0.0,0.0,False,50
AK6,0.002,0,0,0,12.0,1.0,12.0,,0.0,0.0,0.0,0.02,0.0,0.0,0.0,0.0,0.0,0.0,0.0,0.0,0.0,0.0,False,50
LOC100506459,0.002,0,0,0,12.0,10.0,12.0,0.5,0.0,0.01,0.01,0.0,0.0,0.0,0.0,0.0,0.0,0.0,0.0,0.0,0.0,0.0,False,50
PIK3IP1-AS1,0.002,0,0,0,12.0,11.0,12.0,0.3333333333333333,0.0,0.01,0.01,0.0,0.0,0.0,0.0,0.0,0.0,0.0,0.0,0.01,0.0,0.0,False,50
SLC12A2,0.002,0,0,0,12.0,4.0,12.0,1.0,0.0,0.01,0.01,0.0,0.0,0.0,0.0,0.0,0.0,0.0,0.0,0.0,0.0,0.0,False,50
LINC01119,0.002,0,0,0,12.5,12.0,12.5,0.0,0.0,0.02,0.0,0.0,0.0,0.0,0.0,0.0,0.0,0.0,0.0,0.01,0.0,0.0,False,50
UPK1A,0.002,0,0,0,12.5,8.0,12.5,0.0,0.0,0.02,0.0,0.0,0.0,0.0,0.0,0.0,0.0,0.0,0.0,0.0,0.0,0.0,False,50
IZUMO1,0.002,0,0,0,13.5,5.0,13.5,,0.0,0.0,0.0,0.02,0.0,0.0,0.0,0.0,0.0,0.0,0.0,0.0,0.0,0.0,False,50
EHF,0.002,0,0,0,14.0,10.0,14.0,0.5,0.0,0.01,0.01,0.0,0.0,0.0,0.0,0.0,0.0,0.0,0.0,0.0,0.0,0.0,False,50
INSL3,0.002,0,0,0,14.0,9.0,14.0,,0.0,0.0,0.0,0.02,0.0,0.0,0.0,0.0,0.0,0.0,0.0,0.0,0.0,0.0,False,50
KMT2D,0.002,0,0,0,14.0,10.0,14.0,1.0,0.0,0.0,0.0,0.0,0.0,0.0,0.0,0.01,0.01,0.0,0.0,0.0,0.0,0.0,False,50
FIG4,0.002,0,0,0,14.5,11.0,14.5,,0.0,0.0,0.0,0.02,0.0,0.0,0.0,0.0,0.0,0.0,0.0,0.0,0.0,0.0,False,50
LOC101928132,0.002,0,0,0,14.5,10.0,14.5,0.0,0.0,0.01,0.0,0.01,0.0,0.0,0.0,0.0,0.0,0.0,0.0,0.02,0.0,0.0,False,50
C8orf88,0.002,0,0,0,15.0,13.0,15.0,1.0,0.0,0.0,0.0,0.0,0.0,0.0,0.0,0.0,0.0,0.01,0.01,0.0,0.0,0.0,False,50
LINC01010,0.002,0,0,0,15.0,10.0,15.0,1.0,0.0,0.0,0.0,0.02,0.0,0.0,0.0,0.0,0.0,0.0,0.0,0.0,0.01,0.0,False,50
WARS2,0.002,0,0,0,15.0,8.0,15.0,0.0,0.0,0.0,0.01,0.01,0.0,0.0,0.0,0.0,0.0,0.0,0.0,0.0,0.0,0.0,False,50
AKAP10,0.002,0,0,0,15.5,15.0,15.5,1.0,0.0,0.0,0.0,0.0,0.0,0.0,0.0,0.01,0.01,0.0,0.0,0.0,0.0,0.0,False,50
REC114,0.002,0,0,0,16.0,8.0,16.0,0.0,0.0,0.02,0.0,0.0,0.0,0.0,0.0,0.0,0.0,0.0,0.0,0.0,0.0,0.0,False,50
S1PR1,0.002,0,0,0,16.0,8.0,16.0,0.3333333333333333,0.0,0.01,0.01,0.0,0.0,0.0,0.0,0.0,0.0,0.0,0.0,0.01,0.0,0.0,False,50
RASD1,0.002,0,0,0,16.5,9.0,16.5,0.0,0.0,0.0,0.01,0.01,0.0,0.0,0.0,0.0,0.0,0.0,0.0,0.0,0.0,0.0,False,50
SSR2,0.002,0,0,0,16.5,16.0,16.5,1.0,0.0,0.0,0.0,0.0,0.0,0.0,0.0,0.0,0.0,0.01,0.01,0.0,0.0,0.0,False,50
ACADS,0.002,0,0,0,17.0,17.0,17.0,1.0,0.0,0.0,0.0,0.0,0.0,0.0,0.0,0.0,0.0,0.01,0.01,0.0,0.0,0.0,False,50
BTF3L4,0.002,0,0,0,17.0,8.0,17.0,,0.0,0.0,0.0,0.02,0.0,0.0,0.0,0.0,0.0,0.0,0.0,0.0,0.0,0.0,False,50
COLEC12,0.002,0,0,0,17.0,10.0,17.0,0.5,0.0,0.01,0.01,0.0,0.0,0.0,0.0,0.0,0.0,0.0,0.0,0.0,0.0,0.0,False,50
CUX1,0.002,0,0,0,17.0,15.0,17.0,1.0,0.0,0.0,0.0,0.0,0.0,0.0,0.0,0.01,0.01,0.0,0.0,0.0,0.0,0.0,False,50
FAM213B,0.002,0,0,0,17.0,17.0,17.0,1.0,0.0,0.0,0.0,0.0,0.0,0.0,0.0,0.0,0.0,0.01,0.01,0.0,0.0,0.0,False,50
FST,0.002,0,0,0,17.0,14.0,17.0,0.0,0.0,0.01,0.01,0.0,0.0,0.0,0.0,0.0,0.0,0.0,0.0,0.0,0.0,0.0,False,50
PRKCA-AS1,0.002,0,0,0,17.0,9.0,17.0,0.0,0.0,0.02,0.0,0.0,0.0,0.0,0.0,0.0,0.0,0.0,0.0,0.04,0.0,0.0,False,50
ZNF605,0.002,0,0,0,17.0,10.0,17.0,1.0,0.0,0.01,0.01,0.0,0.0,0.0,0.0,0.0,0.0,0.0,0.0,0.0,0.0,0.0,False,50
CREG2,0.002,0,0,0,17.5,15.0,17.5,,0.0,0.0,0.0,0.02,0.0,0.0,0.0,0.0,0.0,0.0,0.0,0.0,0.0,0.0,False,50
HS3ST3A1,0.002,0,0,0,17.5,7.0,17.5,,0.0,0.0,0.0,0.02,0.0,0.0,0.0,0.0,0.0,0.0,0.0,0.0,0.0,0.0,False,50
LOC105374809,0.002,0,0,0,17.5,17.0,17.5,,0.0,0.0,0.0,0.02,0.0,0.0,0.0,0.0,0.0,0.0,0.0,0.0,0.0,0.0,False,50
NKPD1,0.002,0,0,0,17.5,13.0,17.5,0.0,0.0,0.01,0.0,0.01,0.0,0.0,0.0,0.0,0.0,0.0,0.0,0.0,0.0,0.0,False,50
OTUD6B-AS1,0.002,0,0,0,17.5,15.0,17.5,0.0,0.0,0.01,0.01,0.0,0.0,0.0,0.0,0.0,0.0,0.0,0.0,0.0,0.0,0.0,False,50
SMIM4,0.002,0,0,0,17.5,14.0,17.5,0.5,0.0,0.01,0.01,0.0,0.0,0.0,0.0,0.0,0.0,0.0,0.0,0.0,0.0,0.0,False,50
ADTRP,0.002,0,0,0,18.0,7.0,18.0,0.5,0.0,0.01,0.01,0.0,0.0,0.0,0.0,0.0,0.0,0.0,0.0,0.0,0.0,0.0,False,50
LINC00572,0.002,0,0,0,18.0,12.0,18.0,,0.0,0.0,0.0,0.02,0.0,0.0,0.0,0.0,0.0,0.0,0.0,0.0,0.0,0.0,False,50
DTWD1,0.002,0,0,0,18.5,12.0,18.5,,0.0,0.0,0.0,0.02,0.0,0.0,0.0,0.0,0.0,0.0,0.0,0.0,0.0,0.0,False,50
GUSBP4,0.002,0,0,0,18.5,9.0,18.5,0.5,0.0,0.01,0.01,0.0,0.0,0.0,0.0,0.0,0.0,0.0,0.0,0.0,0.0,0.0,False,50
MBOAT7,0.002,0,0,0,18.5,18.0,18.5,1.0,0.0,0.0,0.0,0.0,0.0,0.0,0.0,0.0,0.0,0.01,0.01,0.0,0.0,0.0,False,50
NUP58,0.002,0,0,0,18.5,18.0,18.5,0.0,0.0,0.0,0.01,0.01,0.0,0.0,0.0,0.0,0.0,0.0,0.0,0.0,0.0,0.0,False,50
ZSCAN12,0.002,0,0,0,18.5,6.0,18.5,,0.0,0.0,0.0,0.02,0.0,0.0,0.0,0.0,0.0,0.0,0.0,0.0,0.0,0.0,False,50
DNTTIP2,0.002,0,0,0,19.0,14.0,19.0,0.5,0.0,0.01,0.01,0.0,0.0,0.0,0.0,0.0,0.0,0.0,0.0,0.0,0.0,0.0,False,50
ADSSL1,0.002,0,0,0,19.5,11.0,19.5,0.5,0.0,0.0,0.02,0.0,0.0,0.0,0.0,0.0,0.0,0.0,0.0,0.0,0.0,0.0,False,50
NRDC,0.002,0,0,0,19.5,13.0,19.5,,0.0,0.0,0.0,0.02,0.0,0.0,0.0,0.0,0.0,0.0,0.0,0.0,0.0,0.0,False,50
ADPRHL2,0.002,0,0,0,20.0,13.0,20.0,1.0,0.0,0.0,0.0,0.0,0.0,0.0,0.0,0.01,0.01,0.0,0.0,0.0,0.0,0.0,False,50
CLEC4D,0.002,0,0,0,20.0,12.0,20.0,,0.0,0.0,0.0,0.02,0.0,0.0,0.0,0.0,0.0,0.0,0.0,0.0,0.0,0.0,False,50
PCDHGA9,0.002,0,0,0,20.0,19.0,20.0,0.0,0.0,0.01,0.0,0.01,0.0,0.0,0.0,0.0,0.0,0.0,0.0,0.13,0.0,0.0,False,50
PRIMA1,0.002,0,0,0,20.0,10.0,20.0,0.0,0.0,0.01,0.01,0.0,0.0,0.0,0.0,0.0,0.0,0.0,0.0,0.0,0.0,0.0,False,50
RAD51,0.002,0,0,0,20.0,20.0,20.0,1.0,0.0,0.0,0.0,0.0,0.0,0.0,0.0,0.0,0.0,0.01,0.01,0.0,0.0,0.0,False,50
WHSC1,0.002,0,0,0,20.0,16.0,20.0,1.0,0.0,0.0,0.0,0.0,0.0,0.0,0.0,0.01,0.01,0.0,0.0,0.0,0.0,0.0,False,50
TMEM254-AS1,0.002,0,0,0,20.5,11.0,20.5,0.0,0.0,0.02,0.0,0.0,0.0,0.0,0.0,0.0,0.0,0.0,0.0,0.0,0.0,0.0,False,50
CDNF,0.002,0,0,0,21.0,15.0,21.0,0.0,0.0,0.01,0.0,0.01,0.0,0.0,0.0,0.0,0.0,0.0,0.0,0.0,0.0,0.0,False,50
CSNK1D,0.002,0,0,0,21.0,21.0,21.0,1.0,0.0,0.0,0.0,0.0,0.0,0.0,0.0,0.0,0.0,0.01,0.01,0.0,0.0,0.0,False,50
HIST1H2BO,0.002,0,0,0,21.0,7.0,21.0,1.0,0.0,0.02,0.0,0.0,0.0,0.0,0.0,0.0,0.0,0.0,0.0,0.0,0.0,0.0,False,50
RAB30-AS1,0.002,0,0,0,21.0,21.0,21.0,0.5,0.0,0.01,0.01,0.0,0.0,0.0,0.0,0.0,0.0,0.0,0.0,0.0,0.0,0.0,False,50
SLC39A13,0.002,0,0,0,21.0,18.0,21.0,0.5,0.0,0.01,0.01,0.0,0.0,0.0,0.0,0.0,0.0,0.0,0.0,0.0,0.0,0.0,False,50
GYPC,0.002,0,0,0,21.5,17.0,21.5,1.0,0.0,0.0,0.0,0.0,0.0,0.0,0.0,0.01,0.01,0.0,0.0,0.0,0.0,0.0,False,50
LOC101928333,0.002,0,0,0,21.5,2.0,21.5,,0.0,0.0,0.0,0.02,0.0,0.0,0.0,0.0,0.0,0.0,0.0,0.0,0.0,0.0,False,50
RGS22,0.002,0,0,0,21.5,9.0,21.5,1.0,0.0,0.0,0.02,0.0,0.0,0.0,0.0,0.0,0.0,0.0,0.0,0.0,0.0,0.0,False,50
S100A14,0.002,0,0,0,21.5,13.0,21.5,1.0,0.32,0.0,0.0,0.0,0.0,0.0,0.0,0.01,0.01,0.0,0.0,0.0,0.0,0.32,False,50
ADAMTS4,0.002,0,0,0,22.0,19.0,22.0,,0.0,0.0,0.0,0.02,0.0,0.0,0.0,0.0,0.0,0.0,0.0,0.0,0.0,0.0,False,50
CCNJ,0.002,0,0,0,22.0,8.0,22.0,0.5,0.0,0.01,0.01,0.0,0.0,0.0,0.0,0.0,0.0,0.0,0.0,0.0,0.0,0.0,False,50
CKS2,0.002,0,0,0,22.0,21.0,22.0,1.0,0.0,0.0,0.0,0.0,0.0,0.0,0.0,0.0,0.0,0.01,0.01,0.0,0.0,0.0,False,50
CTBP2,0.002,0,0,0,22.0,10.0,22.0,0.0,0.0,0.0,0.02,0.0,0.0,0.0,0.0,0.0,0.0,0.0,0.0,0.0,0.0,0.0,False,50
FBXL22,0.002,0,0,0,22.0,21.0,22.0,0.0,0.0,0.02,0.0,0.0,0.0,0.0,0.0,0.0,0.0,0.0,0.0,0.02,0.0,0.0,False,50
OR51B5,0.002,0,0,0,22.0,16.0,22.0,1.0,0.0,0.02,0.0,0.0,0.0,0.0,0.0,0.0,0.0,0.0,0.0,0.0,0.0,0.0,False,50
RBBP5,0.002,0,0,0,22.0,14.0,22.0,,0.0,0.0,0.0,0.02,0.0,0.0,0.0,0.0,0.0,0.0,0.0,0.0,0.0,0.0,False,50
SPACA9,0.002,0,0,0,22.0,11.0,22.0,0.0,0.0,0.01,0.01,0.0,0.0,0.0,0.0,0.0,0.0,0.0,0.0,0.0,0.0,0.0,False,50
THSD7B,0.002,0,0,0,22.0,13.0,22.0,0.5,0.0,0.01,0.01,0.0,0.0,0.0,0.0,0.0,0.0,0.0,0.0,0.0,0.0,0.0,False,50
ZNF804A,0.002,0,0,0,22.0,10.0,22.0,,0.0,0.0,0.0,0.02,0.0,0.0,0.0,0.0,0.0,0.0,0.0,0.0,0.0,0.0,False,50
KIAA0319,0.002,0,0,0,22.5,22.0,22.5,0.0,0.0,0.02,0.0,0.0,0.0,0.0,0.0,0.0,0.0,0.0,0.0,0.0,0.0,0.0,False,50
LOC101929210,0.002,0,0,0,22.5,19.0,22.5,0.0,0.0,0.02,0.0,0.0,0.0,0.0,0.0,0.0,0.0,0.0,0.0,0.02,0.0,0.0,False,50
EDN3,0.002,0,0,0,23.0,19.0,23.0,1.0,0.0,0.02,0.0,0.0,0.0,0.0,0.0,0.0,0.0,0.0,0.0,0.0,0.0,0.0,False,50
LINC00526,0.002,0,0,0,23.0,18.0,23.0,0.5,0.0,0.0,0.02,0.0,0.0,0.0,0.0,0.0,0.0,0.0,0.0,0.0,0.0,0.0,False,50
NAA40,0.002,0,0,0,23.0,14.0,23.0,1.0,0.0,0.01,0.01,0.0,0.0,0.0,0.0,0.0,0.0,0.0,0.0,0.0,0.0,0.0,False,50
TRH,0.002,0,0,0,23.0,2.0,23.0,0.0,0.0,0.02,0.0,0.0,0.0,0.0,0.0,0.0,0.0,0.0,0.0,0.0,0.0,0.0,False,50
CD300C,0.002,0,0,0,23.5,15.0,23.5,1.0,0.0,0.0,0.0,0.02,0.0,0.0,0.0,0.0,0.0,0.0,0.0,0.0,0.03,0.0,False,50
DIRAS3,0.002,0,0,0,23.5,17.0,23.5,,0.0,0.0,0.0,0.02,0.0,0.0,0.0,0.0,0.0,0.0,0.0,0.0,0.0,0.0,False,50
PRDM15,0.002,0,0,0,23.5,17.0,23.5,1.0,0.0,0.0,0.0,0.0,0.0,0.0,0.0,0.01,0.01,0.0,0.0,0.0,0.0,0.0,False,50
SPATA1,0.002,0,0,0,23.5,18.0,23.5,,0.0,0.0,0.0,0.02,0.0,0.0,0.0,0.0,0.0,0.0,0.0,0.0,0.0,0.0,False,50
ZFHX4-AS1,0.002,0,0,0,23.5,21.0,23.5,0.25,0.0,0.01,0.01,0.0,0.0,0.0,0.0,0.0,0.0,0.0,0.0,0.02,0.0,0.0,False,50
AP1S2,0.002,0,0,0,24.0,13.0,24.0,1.0,0.0,0.01,0.01,0.0,0.0,0.0,0.0,0.0,0.0,0.0,0.0,0.0,0.0,0.0,False,50
ATP5J,0.002,0,0,0,24.0,15.0,24.0,,0.0,0.0,0.0,0.02,0.0,0.0,0.0,0.0,0.0,0.0,0.0,0.0,0.0,0.0,False,50
BMS1P6,0.002,0,0,0,24.0,24.0,24.0,1.0,0.0,0.0,0.0,0.0,0.0,0.0,0.0,0.0,0.0,0.01,0.01,0.0,0.0,0.0,False,50
DNAH5,0.002,0,0,0,24.0,4.0,24.0,0.0,0.0,0.0,0.01,0.01,0.0,0.0,0.0,0.0,0.0,0.0,0.0,0.0,0.0,0.0,False,50
FAM168A,0.002,0,0,0,24.0,19.0,24.0,1.0,0.0,0.01,0.01,0.0,0.0,0.0,0.0,0.0,0.0,0.0,0.0,0.0,0.0,0.0,False,50
LOC100996694,0.002,0,0,0,24.0,19.0,24.0,0.0,0.0,0.02,0.0,0.0,0.0,0.0,0.0,0.0,0.0,0.0,0.0,0.0,0.0,0.0,False,50
SLC12A3,0.002,0,0,0,24.0,18.0,24.0,0.0,0.0,0.02,0.0,0.0,0.0,0.0,0.0,0.0,0.0,0.0,0.0,0.05,0.0,0.0,False,50
SP7,0.002,0,0,0,24.0,10.0,24.0,,0.0,0.0,0.0,0.02,0.0,0.0,0.0,0.0,0.0,0.0,0.0,0.0,0.0,0.0,False,50
C11orf96,0.002,0,0,0,24.5,19.0,24.5,1.0,0.0,0.0,0.02,0.0,0.0,0.0,0.0,0.0,0.0,0.0,0.0,0.0,0.0,0.0,False,50
C6orf132,0.002,0,0,0,24.5,17.0,24.5,1.0,0.03,0.0,0.0,0.0,0.0,0.0,0.0,0.01,0.01,0.0,0.0,0.0,0.0,0.03,False,50
CYP4F2,0.002,0,0,0,24.5,9.0,24.5,,0.0,0.0,0.0,0.02,0.0,0.0,0.0,0.0,0.0,0.0,0.0,0.0,0.0,0.0,False,50
FBXO16,0.002,0,0,0,24.5,21.0,24.5,0.5,0.0,0.0,0.02,0.0,0.0,0.0,0.0,0.0,0.0,0.0,0.0,0.0,0.0,0.0,False,50
GPM6A,0.002,0,0,0,24.5,23.0,24.5,0.0,0.0,0.02,0.0,0.0,0.0,0.0,0.0,0.0,0.0,0.0,0.0,0.0,0.0,0.0,False,50
LOC101928510,0.002,0,0,0,24.5,22.0,24.5,,0.0,0.0,0.0,0.02,0.0,0.0,0.0,0.0,0.0,0.0,0.0,0.0,0.0,0.0,False,50
PPARG,0.002,0,0,0,24.5,11.0,24.5,1.0,0.0,0.0,0.0,0.0,0.0,0.0,0.0,0.02,0.0,0.0,0.0,0.0,0.0,0.0,False,50
ATP1A2,0.002,0,0,0,25.0,11.0,25.0,0.6666666666666666,0.0,0.0,0.0,0.0,0.0,0.0,0.0,0.02,0.0,0.0,0.0,0.01,0.0,0.0,False,50
ATP5E,0.002,0,0,0,25.0,17.0,25.0,1.0,0.0,0.0,0.01,0.0,0.0,0.0,0.0,0.0,0.01,0.0,0.0,0.0,0.0,0.0,False,50
AZIN2,0.002,0,0,0,25.0,24.0,25.0,1.0,0.0,0.0,0.0,0.0,0.0,0.0,0.0,0.0,0.0,0.01,0.01,0.0,0.0,0.0,False,50
IFI27L1,0.002,0,0,0,25.0,21.0,25.0,0.0,0.0,0.0,0.02,0.0,0.0,0.0,0.0,0.0,0.0,0.0,0.0,0.0,0.0,0.0,False,50
LSM11,0.002,0,0,0,25.0,11.0,25.0,0.5,0.0,0.01,0.01,0.0,0.0,0.0,0.0,0.0,0.0,0.0,0.0,0.0,0.0,0.0,False,50
ZNF142,0.002,0,0,0,25.0,13.0,25.0,0.5,0.0,0.0,0.02,0.0,0.0,0.0,0.0,0.0,0.0,0.0,0.0,0.0,0.0,0.0,False,50
DOK1,0.002,0,0,0,25.5,14.0,25.5,0.0,0.0,0.0,0.01,0.01,0.0,0.0,0.0,0.0,0.0,0.0,0.0,0.0,0.0,0.0,False,50
EXPH5,0.002,0,0,0,25.5,7.0,25.5,1.0,0.0,0.01,0.01,0.0,0.0,0.0,0.0,0.0,0.0,0.0,0.0,0.0,0.0,0.0,False,50
GALNT10,0.002,0,0,0,25.5,8.0,25.5,1.0,0.0,0.01,0.01,0.0,0.0,0.0,0.0,0.0,0.0,0.0,0.0,0.0,0.0,0.0,False,50
LYRM1,0.002,0,0,0,25.5,20.0,25.5,0.0,0.0,0.0,0.01,0.01,0.0,0.0,0.0,0.0,0.0,0.0,0.0,0.0,0.0,0.0,False,50
MEX3B,0.002,0,0,0,25.5,1.0,25.5,,0.0,0.0,0.0,0.02,0.0,0.0,0.0,0.0,0.0,0.0,0.0,0.0,0.0,0.0,False,50
ZFPM2,0.002,0,0,0,25.5,22.0,25.5,1.0,0.0,0.0,0.0,0.0,0.0,0.0,0.0,0.01,0.01,0.0,0.0,0.0,0.0,0.0,False,50
FEZ2,0.002,0,0,0,26.0,9.0,26.0,,0.0,0.0,0.0,0.02,0.0,0.0,0.0,0.0,0.0,0.0,0.0,0.0,0.0,0.0,False,50
LOC100128554,0.002,0,0,0,26.0,19.0,26.0,0.0,0.0,0.01,0.0,0.01,0.0,0.0,0.0,0.0,0.0,0.0,0.0,0.01,0.0,0.0,False,50
POTEKP,0.002,0,0,0,26.0,25.0,26.0,1.0,0.0,0.01,0.01,0.0,0.0,0.0,0.0,0.0,0.0,0.0,0.0,0.0,0.0,0.0,False,50
SLC25A13,0.002,0,0,0,26.0,21.0,26.0,1.0,0.0,0.0,0.0,0.0,0.0,0.0,0.0,0.01,0.01,0.0,0.0,0.0,0.0,0.0,False,50
TMEM52B,0.002,0,0,0,26.0,19.0,26.0,,0.0,0.0,0.0,0.02,0.0,0.0,0.0,0.0,0.0,0.0,0.0,0.0,0.0,0.0,False,50
WWC1,0.002,0,0,0,26.0,17.0,26.0,1.0,0.01,0.0,0.0,0.0,0.0,0.0,0.0,0.01,0.01,0.0,0.0,0.0,0.0,0.01,False,50
AP3M2,0.002,0,0,0,26.5,12.0,26.5,0.5,0.0,0.0,0.02,0.0,0.0,0.0,0.0,0.0,0.0,0.0,0.0,0.0,0.0,0.0,False,50
EGOT,0.002,0,0,0,26.5,5.0,26.5,1.0,0.0,0.0,0.01,0.01,0.0,0.0,0.0,0.0,0.0,0.0,0.0,0.0,0.0,0.0,False,50
FAM105A,0.002,0,0,0,26.5,18.0,26.5,1.0,0.0,0.0,0.02,0.0,0.0,0.0,0.0,0.0,0.0,0.0,0.0,0.0,0.0,0.0,False,50
FASN,0.002,0,0,0,26.5,10.0,26.5,0.5,0.0,0.0,0.02,0.0,0.0,0.0,0.0,0.0,0.0,0.0,0.0,0.0,0.0,0.0,False,50
FOSB,0.002,0,0,0,26.5,14.0,26.5,0.5,0.0,0.0,0.02,0.0,0.0,0.0,0.0,0.0,0.0,0.0,0.0,0.0,0.0,0.0,False,50
IGLV6-57,0.002,0,0,0,26.5,9.0,26.5,1.0,0.0,0.02,0.0,0.0,0.0,0.0,0.0,0.0,0.0,0.0,0.0,0.0,0.0,0.0,False,50
SHF,0.002,0,0,0,26.5,24.0,26.5,,0.0,0.0,0.0,0.02,0.0,0.0,0.0,0.0,0.0,0.0,0.0,0.0,0.0,0.0,False,50
STRADB,0.002,0,0,0,26.5,17.0,26.5,1.0,0.0,0.0,0.0,0.0,0.0,0.02,0.0,0.0,0.0,0.0,0.0,0.0,0.0,0.0,False,50
ALDH1L1-AS2,0.002,0,0,0,27.0,26.0,27.0,0.0,0.0,0.01,0.0,0.0,0.0,0.0,0.0,0.0,0.01,0.0,0.0,0.0,0.0,0.0,False,50
C11orf54,0.002,0,0,0,27.0,12.0,27.0,,0.0,0.0,0.0,0.02,0.0,0.0,0.0,0.0,0.0,0.0,0.0,0.0,0.0,0.0,False,50
CD300LG,0.002,0,0,0,27.0,16.0,27.0,1.0,0.0,0.0,0.0,0.0,0.0,0.0,0.0,0.02,0.0,0.0,0.0,0.0,0.0,0.0,False,50
CPT1C,0.002,0,0,0,27.0,4.0,27.0,1.0,0.0,0.02,0.0,0.0,0.0,0.0,0.0,0.0,0.0,0.0,0.0,0.0,0.0,0.0,False,50
ELMO3,0.002,0,0,0,27.0,25.0,27.0,1.0,0.09,0.0,0.0,0.0,0.0,0.0,0.0,0.01,0.01,0.0,0.0,0.0,0.0,0.09,False,50
INPPL1,0.002,0,0,0,27.0,21.0,27.0,1.0,0.0,0.0,0.0,0.0,0.0,0.0,0.0,0.01,0.01,0.0,0.0,0.0,0.0,0.0,False,50
MOGS,0.002,0,0,0,27.0,25.0,27.0,1.0,0.0,0.0,0.0,0.0,0.0,0.0,0.0,0.01,0.01,0.0,0.0,0.0,0.0,0.0,False,50
MTRF1L,0.002,0,0,0,27.0,4.0,27.0,0.5,0.0,0.01,0.01,0.0,0.0,0.0,0.0,0.0,0.0,0.0,0.0,0.0,0.0,0.0,False,50
PRKD2,0.002,0,0,0,27.0,26.0,27.0,1.0,0.0,0.0,0.0,0.0,0.0,0.0,0.0,0.0,0.0,0.01,0.01,0.0,0.0,0.0,False,50
PTTG1,0.002,0,0,0,27.0,26.0,27.0,1.0,0.0,0.0,0.0,0.0,0.0,0.0,0.0,0.01,0.01,0.0,0.0,0.0,0.0,0.0,False,50
RANBP17,0.002,0,0,0,27.0,22.0,27.0,0.0,0.0,0.0,0.02,0.0,0.0,0.0,0.0,0.0,0.0,0.0,0.0,0.0,0.0,0.0,False,50
RBM20,0.002,0,0,0,27.0,5.0,27.0,,0.0,0.0,0.0,0.02,0.0,0.0,0.0,0.0,0.0,0.0,0.0,0.0,0.0,0.0,False,50
SCN5A,0.002,0,0,0,27.0,27.0,27.0,1.0,0.0,0.0,0.0,0.0,0.0,0.0,0.0,0.0,0.0,0.01,0.01,0.0,0.0,0.0,False,50
TARBP1,0.002,0,0,0,27.0,18.0,27.0,0.5,0.0,0.01,0.01,0.0,0.0,0.0,0.0,0.0,0.0,0.0,0.0,0.0,0.0,0.0,False,50
CORO1B,0.002,0,0,0,27.5,16.0,27.5,1.0,0.0,0.01,0.01,0.0,0.0,0.0,0.0,0.0,0.0,0.0,0.0,0.0,0.0,0.0,False,50
DISP1,0.002,0,0,0,27.5,16.0,27.5,,0.0,0.0,0.0,0.02,0.0,0.0,0.0,0.0,0.0,0.0,0.0,0.0,0.0,0.0,False,50
FBXO45,0.002,0,0,0,27.5,18.0,27.5,1.0,0.0,0.0,0.0,0.0,0.0,0.0,0.0,0.01,0.01,0.0,0.0,0.0,0.0,0.0,False,50
JMJD4,0.002,0,0,0,27.5,24.0,27.5,1.0,0.0,0.0,0.0,0.0,0.0,0.0,0.0,0.01,0.01,0.0,0.0,0.0,0.0,0.0,False,50
PRPF19,0.002,0,0,0,27.5,23.0,27.5,1.0,0.01,0.0,0.0,0.0,0.0,0.0,0.0,0.01,0.01,0.0,0.0,0.0,0.0,0.01,False,50
SELE,0.002,0,0,0,27.5,7.0,27.5,0.5,0.0,0.01,0.01,0.0,0.0,0.0,0.0,0.0,0.0,0.0,0.0,0.0,0.0,0.0,False,50
SLC12A8,0.002,0,0,0,27.5,18.0,27.5,1.0,0.0,0.0,0.01,0.0,0.0,0.0,0.0,0.0,0.01,0.0,0.0,0.0,0.0,0.0,False,50
CDC25B,0.002,0,0,0,28.0,17.0,28.0,1.0,0.0,0.0,0.0,0.0,0.0,0.0,0.0,0.01,0.01,0.0,0.0,0.0,0.0,0.0,False,50
KLHL5,0.002,0,0,0,28.0,28.0,28.0,1.0,0.0,0.0,0.0,0.0,0.0,0.0,0.0,0.0,0.0,0.01,0.01,0.0,0.0,0.0,False,50
XPO5,0.002,0,0,0,28.0,27.0,28.0,1.0,0.0,0.0,0.0,0.0,0.0,0.0,0.0,0.01,0.01,0.0,0.0,0.0,0.0,0.0,False,50
ALDH5A1,0.002,0,0,0,28.5,28.0,28.5,0.5,0.0,0.0,0.02,0.0,0.0,0.0,0.0,0.0,0.0,0.0,0.0,0.0,0.0,0.0,False,50
ALPL,0.002,0,0,0,28.5,16.0,28.5,,0.0,0.0,0.0,0.02,0.0,0.0,0.0,0.0,0.0,0.0,0.0,0.0,0.0,0.0,False,50
HOXC10,0.002,0,0,0,28.5,13.0,28.5,0.5,0.0,0.0,0.02,0.0,0.0,0.0,0.0,0.0,0.0,0.0,0.0,0.0,0.0,0.0,False,50
OR2S2,0.002,0,0,0,28.5,26.0,28.5,0.0,0.0,0.01,0.0,0.01,0.0,0.0,0.0,0.0,0.0,0.0,0.0,0.0,0.0,0.0,False,50
RHOH,0.002,0,0,0,28.5,24.0,28.5,0.0,0.0,0.0,0.0,0.01,0.0,0.01,0.0,0.0,0.0,0.0,0.0,0.0,0.0,0.0,False,50
CREB3L4,0.002,0,0,0,29.0,22.0,29.0,1.0,0.0,0.0,0.0,0.0,0.0,0.0,0.0,0.01,0.01,0.0,0.0,0.0,0.0,0.0,False,50
DNAJB7,0.002,0,0,0,29.0,23.0,29.0,,0.0,0.0,0.0,0.02,0.0,0.0,0.0,0.0,0.0,0.0,0.0,0.0,0.0,0.0,False,50
NAV2-AS5,0.002,0,0,0,29.0,19.0,29.0,0.0,0.0,0.02,0.0,0.0,0.0,0.0,0.0,0.0,0.0,0.0,0.0,0.0,0.0,0.0,False,50
RBAKDN,0.002,0,0,0,29.0,17.0,29.0,0.0,0.0,0.02,0.0,0.0,0.0,0.0,0.0,0.0,0.0,0.0,0.0,0.0,0.0,0.0,False,50
SEC61A1,0.002,0,0,0,29.0,25.0,29.0,1.0,0.0,0.0,0.0,0.0,0.0,0.0,0.0,0.01,0.01,0.0,0.0,0.0,0.0,0.0,False,50
TNFRSF10A,0.002,0,0,0,29.0,13.0,29.0,0.0,0.0,0.0,0.01,0.01,0.0,0.0,0.0,0.0,0.0,0.0,0.0,0.0,0.0,0.0,False,50
VAT1L,0.002,0,0,0,29.0,22.0,29.0,1.0,0.0,0.02,0.0,0.0,0.0,0.0,0.0,0.0,0.0,0.0,0.0,0.0,0.0,0.0,False,50
GLIS3-AS1,0.002,0,0,0,29.5,27.0,29.5,0.0,0.0,0.02,0.0,0.0,0.0,0.0,0.0,0.0,0.0,0.0,0.0,0.0,0.0,0.0,False,50
KLRG2,0.002,0,0,0,29.5,29.0,29.5,0.0,0.0,0.0,0.02,0.0,0.0,0.0,0.0,0.0,0.0,0.0,0.0,0.0,0.0,0.0,False,50
LINC01180,0.002,0,0,0,29.5,26.0,29.5,0.0,0.0,0.02,0.0,0.0,0.0,0.0,0.0,0.0,0.0,0.0,0.0,0.0,0.0,0.0,False,50
LOC101927450,0.002,0,0,0,29.5,26.0,29.5,0.0,0.0,0.01,0.0,0.01,0.0,0.0,0.0,0.0,0.0,0.0,0.0,0.0,0.0,0.0,False,50
ZNF146,0.002,0,0,0,29.5,29.0,29.5,0.0,0.0,0.0,0.01,0.01,0.0,0.0,0.0,0.0,0.0,0.0,0.0,0.0,0.0,0.0,False,50
ZNF443,0.002,0,0,0,29.5,17.0,29.5,0.5,0.0,0.0,0.02,0.0,0.0,0.0,0.0,0.0,0.0,0.0,0.0,0.0,0.0,0.0,False,50
DNASE2B,0.002,0,0,0,30.0,17.0,30.0,,0.0,0.0,0.0,0.02,0.0,0.0,0.0,0.0,0.0,0.0,0.0,0.0,0.0,0.0,False,50
EBP,0.002,0,0,0,30.0,30.0,30.0,1.0,0.0,0.0,0.0,0.0,0.0,0.0,0.0,0.0,0.0,0.01,0.01,0.0,0.0,0.0,False,50
GGTA1P,0.002,0,0,0,30.0,26.0,30.0,1.0,0.0,0.0,0.0,0.0,0.0,0.0,0.0,0.01,0.01,0.0,0.0,0.0,0.0,0.0,False,50
GSS,0.002,0,0,0,30.0,16.0,30.0,1.0,0.0,0.0,0.0,0.0,0.0,0.0,0.0,0.01,0.01,0.0,0.0,0.0,0.0,0.0,False,50
LOC101928833,0.002,0,0,0,30.0,28.0,30.0,0.0,0.0,0.02,0.0,0.0,0.0,0.0,0.0,0.0,0.0,0.0,0.0,0.0,0.0,0.0,False,50
NAT9,0.002,0,0,0,30.0,30.0,30.0,1.0,0.0,0.0,0.0,0.0,0.0,0.0,0.0,0.0,0.0,0.01,0.01,0.0,0.0,0.0,False,50
PABPC5,0.002,0,0,0,30.0,20.0,30.0,0.0,0.0,0.02,0.0,0.0,0.0,0.0,0.0,0.0,0.0,0.0,0.0,0.0,0.0,0.0,False,50
TAS2R38,0.002,0,0,0,30.0,22.0,30.0,0.0,0.0,0.02,0.0,0.0,0.0,0.0,0.0,0.0,0.0,0.0,0.0,0.01,0.0,0.0,False,50
TJP2,0.002,0,0,0,30.0,17.0,30.0,0.0,0.0,0.0,0.0,0.01,0.0,0.01,0.0,0.0,0.0,0.0,0.0,0.0,0.0,0.0,False,50
TMEM133,0.002,0,0,0,30.0,28.0,30.0,0.5,0.0,0.01,0.01,0.0,0.0,0.0,0.0,0.0,0.0,0.0,0.0,0.0,0.0,0.0,False,50
XPR1,0.002,0,0,0,30.0,18.0,30.0,0.5,0.0,0.0,0.02,0.0,0.0,0.0,0.0,0.0,0.0,0.0,0.0,0.0,0.0,0.0,False,50
CRLS1,0.002,0,0,0,30.5,17.0,30.5,1.0,0.0,0.0,0.0,0.01,0.0,0.0,0.0,0.01,0.0,0.0,0.0,0.0,0.0,0.0,False,50
GNB5,0.002,0,0,0,30.5,20.0,30.5,0.5,0.0,0.0,0.02,0.0,0.0,0.0,0.0,0.0,0.0,0.0,0.0,0.0,0.0,0.0,False,50
GNL3,0.002,0,0,0,30.5,24.0,30.5,0.0,0.0,0.0,0.02,0.0,0.0,0.0,0.0,0.0,0.0,0.0,0.0,0.0,0.0,0.0,False,50
GYPA,0.002,0,0,0,30.5,12.0,30.5,0.0,0.0,0.01,0.0,0.01,0.0,0.0,0.0,0.0,0.0,0.0,0.0,0.0,0.0,0.0,False,50
RAB33A,0.002,0,0,0,30.5,19.0,30.5,,0.0,0.0,0.0,0.02,0.0,0.0,0.0,0.0,0.0,0.0,0.0,0.0,0.0,0.0,False,50
TGIF2,0.002,0,0,0,30.5,28.0,30.5,1.0,0.0,0.0,0.0,0.0,0.0,0.0,0.0,0.01,0.01,0.0,0.0,0.0,0.0,0.0,False,50
UQCRB,0.002,0,0,0,30.5,25.0,30.5,0.0,0.0,0.0,0.01,0.01,0.0,0.0,0.0,0.0,0.0,0.0,0.0,0.0,0.0,0.0,False,50
ACTR5,0.002,0,0,0,31.0,27.0,31.0,1.0,0.0,0.0,0.0,0.0,0.0,0.0,0.0,0.01,0.01,0.0,0.0,0.0,0.0,0.0,False,50
CDC7,0.002,0,0,0,31.0,31.0,31.0,1.0,0.0,0.0,0.0,0.0,0.0,0.0,0.0,0.01,0.01,0.0,0.0,0.0,0.0,0.0,False,50
DCX,0.002,0,0,0,31.0,26.0,31.0,1.0,0.0,0.01,0.0,0.01,0.0,0.0,0.0,0.0,0.0,0.0,0.0,0.0,0.0,0.0,False,50
EPS15,0.002,0,0,0,31.0,24.0,31.0,1.0,0.0,0.0,0.0,0.0,0.0,0.0,0.0,0.01,0.01,0.0,0.0,0.0,0.0,0.0,False,50
LINC00189,0.002,0,0,0,31.0,27.0,31.0,0.0,0.0,0.01,0.0,0.01,0.0,0.0,0.0,0.0,0.0,0.0,0.0,0.0,0.0,0.0,False,50
ND2,0.002,0,0,0,31.0,22.0,31.0,1.0,0.0,0.0,0.01,0.01,0.0,0.0,0.0,0.0,0.0,0.0,0.0,0.0,0.0,0.0,False,50
NNAT,0.002,0,0,0,31.0,14.0,31.0,1.0,0.0,0.0,0.0,0.0,0.0,0.0,0.0,0.01,0.01,0.0,0.0,0.0,0.0,0.0,False,50
PHBP19,0.002,0,0,0,31.0,26.0,31.0,1.0,0.0,0.0,0.0,0.0,0.0,0.0,0.0,0.01,0.01,0.0,0.0,0.0,0.0,0.0,False,50
RALGPS2,0.002,0,0,0,31.0,26.0,31.0,1.0,0.03,0.0,0.0,0.01,0.0,0.0,0.0,0.0,0.01,0.0,0.0,0.0,0.0,0.03,False,50
WDR74,0.002,0,0,0,31.0,25.0,31.0,,0.0,0.0,0.0,0.02,0.0,0.0,0.0,0.0,0.0,0.0,0.0,0.0,0.0,0.0,False,50
ANXA6,0.002,0,0,0,31.5,21.0,31.5,0.0,0.0,0.01,0.01,0.0,0.0,0.0,0.0,0.0,0.0,0.0,0.0,0.0,0.0,0.0,False,50
CFAP53,0.002,0,0,0,31.5,28.0,31.5,0.0,0.0,0.0,0.01,0.01,0.0,0.0,0.0,0.0,0.0,0.0,0.0,0.0,0.0,0.0,False,50
GFRA4,0.002,0,0,0,31.5,14.0,31.5,0.0,0.0,0.02,0.0,0.0,0.0,0.0,0.0,0.0,0.0,0.0,0.0,0.0,0.0,0.0,False,50
GPRC5A,0.002,0,0,0,31.5,31.0,31.5,1.0,0.01,0.0,0.0,0.0,0.0,0.0,0.0,0.01,0.01,0.0,0.0,0.0,0.0,0.01,False,50
MCAM,0.002,0,0,0,31.5,20.0,31.5,1.0,0.0,0.0,0.0,0.0,0.0,0.0,0.0,0.02,0.0,0.0,0.0,0.0,0.0,0.0,False,50
NDUFA12,0.002,0,0,0,31.5,17.0,31.5,,0.0,0.0,0.0,0.02,0.0,0.0,0.0,0.0,0.0,0.0,0.0,0.0,0.0,0.0,False,50
PRRG3,0.002,0,0,0,31.5,25.0,31.5,0.0,0.0,0.02,0.0,0.0,0.0,0.0,0.0,0.0,0.0,0.0,0.0,0.0,0.0,0.0,False,50
PRSS16,0.002,0,0,0,31.5,20.0,31.5,0.5,0.0,0.0,0.02,0.0,0.0,0.0,0.0,0.0,0.0,0.0,0.0,0.0,0.0,0.0,False,50
TMEM220,0.002,0,0,0,31.5,26.0,31.5,1.0,0.0,0.0,0.0,0.0,0.0,0.0,0.0,0.01,0.01,0.0,0.0,0.0,0.0,0.0,False,50
ZNF184,0.002,0,0,0,31.5,28.0,31.5,1.0,0.0,0.0,0.01,0.01,0.0,0.0,0.0,0.0,0.0,0.0,0.0,0.0,0.0,0.0,False,50
ADGRL3,0.002,0,0,0,32.0,23.0,32.0,,0.0,0.0,0.0,0.02,0.0,0.0,0.0,0.0,0.0,0.0,0.0,0.0,0.0,0.0,False,50
C6orf58,0.002,0,0,0,32.0,24.0,32.0,0.0,0.0,0.01,0.0,0.01,0.0,0.0,0.0,0.0,0.0,0.0,0.0,0.01,0.0,0.0,False,50
CRTC2,0.002,0,0,0,32.0,28.0,32.0,1.0,0.0,0.0,0.0,0.0,0.0,0.0,0.0,0.01,0.01,0.0,0.0,0.0,0.0,0.0,False,50
ETFB,0.002,0,0,0,32.0,29.0,32.0,1.0,0.0,0.0,0.0,0.0,0.0,0.0,0.0,0.01,0.01,0.0,0.0,0.0,0.0,0.0,False,50
GOLM1,0.002,0,0,0,32.0,24.0,32.0,1.0,0.0,0.0,0.01,0.0,0.0,0.0,0.0,0.0,0.01,0.0,0.0,0.0,0.0,0.0,False,50
HADH,0.002,0,0,0,32.0,16.0,32.0,1.0,0.0,0.0,0.0,0.01,0.0,0.0,0.0,0.01,0.0,0.0,0.0,0.0,0.0,0.0,False,50
LINC01355,0.002,0,0,0,32.0,26.0,32.0,1.0,0.0,0.0,0.0,0.0,0.0,0.0,0.0,0.01,0.01,0.0,0.0,0.0,0.0,0.0,False,50
SOD1,0.002,0,0,0,32.0,26.0,32.0,,0.0,0.0,0.0,0.02,0.0,0.0,0.0,0.0,0.0,0.0,0.0,0.0,0.0,0.0,False,50
TRAPPC10,0.002,0,0,0,32.0,23.0,32.0,0.5,0.0,0.0,0.02,0.0,0.0,0.0,0.0,0.0,0.0,0.0,0.0,0.0,0.0,0.0,False,50
ZNF260,0.002,0,0,0,32.0,28.0,32.0,0.0,0.0,0.0,0.01,0.01,0.0,0.0,0.0,0.0,0.0,0.0,0.0,0.0,0.0,0.0,False,50
FGF5,0.002,0,0,0,32.5,21.0,32.5,0.0,0.0,0.02,0.0,0.0,0.0,0.0,0.0,0.0,0.0,0.0,0.0,0.0,0.0,0.0,False,50
GABARAPL1,0.002,0,0,0,32.5,16.0,32.5,1.0,0.0,0.0,0.0,0.0,0.0,0.0,0.0,0.02,0.0,0.0,0.0,0.0,0.0,0.0,False,50
LINC00615,0.002,0,0,0,32.5,27.0,32.5,0.0,0.0,0.02,0.0,0.0,0.0,0.0,0.0,0.0,0.0,0.0,0.0,0.02,0.0,0.0,False,50
PATZ1,0.002,0,0,0,32.5,28.0,32.5,1.0,0.0,0.0,0.0,0.0,0.0,0.0,0.0,0.01,0.01,0.0,0.0,0.0,0.0,0.0,False,50
PLK2,0.002,0,0,0,32.5,21.0,32.5,0.5,0.0,0.01,0.01,0.0,0.0,0.0,0.0,0.0,0.0,0.0,0.0,0.0,0.0,0.0,False,50
RBM47,0.002,0,0,0,32.5,31.0,32.5,0.0,0.0,0.0,0.0,0.0,0.0,0.02,0.0,0.0,0.0,0.0,0.0,0.0,0.0,0.0,False,50
TRRAP,0.002,0,0,0,32.5,30.0,32.5,1.0,0.0,0.0,0.0,0.0,0.0,0.0,0.0,0.01,0.01,0.0,0.0,0.0,0.0,0.0,False,50
ADRB2,0.002,0,0,0,33.0,22.0,33.0,1.0,0.0,0.0,0.01,0.0,0.0,0.0,0.0,0.01,0.0,0.0,0.0,0.0,0.0,0.0,False,50
CTD-2350J17.1,0.002,0,0,0,33.0,26.0,33.0,0.0,0.0,0.01,0.0,0.01,0.0,0.0,0.0,0.0,0.0,0.0,0.0,0.0,0.0,0.0,False,50
DKFZp434L192,0.002,0,0,0,33.0,25.0,33.0,0.0,0.0,0.02,0.0,0.0,0.0,0.0,0.0,0.0,0.0,0.0,0.0,0.01,0.0,0.0,False,50
E2F3,0.002,0,0,0,33.0,32.0,33.0,1.0,0.0,0.0,0.0,0.0,0.0,0.0,0.0,0.01,0.01,0.0,0.0,0.0,0.0,0.0,False,50
ESYT1,0.002,0,0,0,33.0,24.0,33.0,,0.0,0.0,0.0,0.02,0.0,0.0,0.0,0.0,0.0,0.0,0.0,0.0,0.0,0.0,False,50
H3F3A,0.002,0,0,0,33.0,24.0,33.0,,0.0,0.0,0.0,0.02,0.0,0.0,0.0,0.0,0.0,0.0,0.0,0.0,0.0,0.0,False,50
INTU,0.002,0,0,0,33.0,25.0,33.0,,0.0,0.0,0.0,0.02,0.0,0.0,0.0,0.0,0.0,0.0,0.0,0.0,0.0,0.0,False,50
LAMA3,0.002,0,0,0,33.0,26.0,33.0,,0.0,0.0,0.0,0.02,0.0,0.0,0.0,0.0,0.0,0.0,0.0,0.0,0.0,0.0,False,50
LINC00266-1,0.002,0,0,0,33.0,23.0,33.0,,0.0,0.0,0.0,0.02,0.0,0.0,0.0,0.0,0.0,0.0,0.0,0.0,0.0,0.0,False,50
YDJC,0.002,0,0,0,33.0,23.0,33.0,,0.0,0.0,0.0,0.0,0.0,0.0,0.0,0.0,0.02,0.0,0.0,0.0,0.0,0.0,False,50
ZBTB16,0.002,0,0,0,33.0,33.0,33.0,1.0,0.0,0.0,0.0,0.0,0.0,0.0,0.0,0.0,0.0,0.01,0.01,0.0,0.0,0.0,False,50
ZBTB24,0.002,0,0,0,33.0,30.0,33.0,0.0,0.0,0.0,0.01,0.01,0.0,0.0,0.0,0.0,0.0,0.0,0.0,0.0,0.0,0.0,False,50
MAFF,0.002,0,0,0,33.5,26.0,33.5,1.0,0.0,0.0,0.02,0.0,0.0,0.0,0.0,0.0,0.0,0.0,0.0,0.0,0.0,0.0,False,50
PPM1H,0.002,0,0,0,33.5,26.0,33.5,0.5,0.0,0.01,0.01,0.0,0.0,0.0,0.0,0.0,0.0,0.0,0.0,0.0,0.0,0.0,False,50
RPL36A,0.002,0,0,0,33.5,27.0,33.5,0.0,0.0,0.02,0.0,0.0,0.0,0.0,0.0,0.0,0.0,0.0,0.0,0.0,0.0,0.0,False,50
SIGLEC17P,0.002,0,0,0,33.5,32.0,33.5,1.0,0.0,0.0,0.0,0.02,0.0,0.0,0.0,0.0,0.0,0.0,0.0,0.0,0.01,0.0,False,50
SLC1A1,0.002,0,0,0,33.5,19.0,33.5,,0.0,0.0,0.0,0.02,0.0,0.0,0.0,0.0,0.0,0.0,0.0,0.0,0.0,0.0,False,50
SORCS2,0.002,0,0,0,33.5,21.0,33.5,,0.0,0.0,0.0,0.02,0.0,0.0,0.0,0.0,0.0,0.0,0.0,0.0,0.0,0.0,False,50
CCDC160,0.002,0,0,0,34.0,27.0,34.0,,0.0,0.0,0.0,0.02,0.0,0.0,0.0,0.0,0.0,0.0,0.0,0.0,0.0,0.0,False,50
CLEC1A,0.002,0,0,0,34.0,22.0,34.0,0.5,0.0,0.01,0.01,0.0,0.0,0.0,0.0,0.0,0.0,0.0,0.0,0.0,0.0,0.0,False,50
DENND1B,0.002,0,0,0,34.0,34.0,34.0,,0.0,0.0,0.0,0.0,0.0,0.0,0.0,0.0,0.02,0.0,0.0,0.0,0.0,0.0,False,50
DISC1,0.002,0,0,0,34.0,20.0,34.0,0.0,0.0,0.01,0.0,0.01,0.0,0.0,0.0,0.0,0.0,0.0,0.0,0.02,0.0,0.0,False,50
ERICH6,0.002,0,0,0,34.0,23.0,34.0,0.0,0.0,0.02,0.0,0.0,0.0,0.0,0.0,0.0,0.0,0.0,0.0,0.01,0.0,0.0,False,50
FAM71D,0.002,0,0,0,34.0,34.0,34.0,0.0,0.0,0.02,0.0,0.0,0.0,0.0,0.0,0.0,0.0,0.0,0.0,0.05,0.0,0.0,False,50
RNF2,0.002,0,0,0,34.0,19.0,34.0,,0.0,0.0,0.0,0.02,0.0,0.0,0.0,0.0,0.0,0.0,0.0,0.0,0.0,0.0,False,50
BLOC1S6,0.002,0,0,0,34.5,25.0,34.5,1.0,0.0,0.0,0.0,0.0,0.0,0.0,0.0,0.01,0.01,0.0,0.0,0.0,0.0,0.0,False,50
BTF3P12,0.002,0,0,0,34.5,34.0,34.5,0.25,0.0,0.0,0.02,0.0,0.0,0.0,0.0,0.0,0.0,0.0,0.0,0.02,0.0,0.0,False,50
CCL11,0.002,0,0,0,34.5,22.0,34.5,0.5,0.0,0.01,0.01,0.0,0.0,0.0,0.0,0.0,0.0,0.0,0.0,0.0,0.0,0.0,False,50
FKBP4,0.002,0,0,0,34.5,33.0,34.5,1.0,0.04,0.0,0.0,0.0,0.0,0.0,0.0,0.01,0.01,0.0,0.0,0.0,0.0,0.04,False,50
MYOZ1,0.002,0,0,0,34.5,22.0,34.5,,0.0,0.0,0.0,0.02,0.0,0.0,0.0,0.0,0.0,0.0,0.0,0.0,0.0,0.0,False,50
SETD4,0.002,0,0,0,34.5,24.0,34.5,1.0,0.01,0.0,0.0,0.0,0.0,0.0,0.0,0.0,0.02,0.0,0.0,0.0,0.0,0.01,False,50
SLC45A3,0.002,0,0,0,34.5,25.0,34.5,,0.0,0.0,0.0,0.02,0.0,0.0,0.0,0.0,0.0,0.0,0.0,0.0,0.0,0.0,False,50
TUBBP5,0.002,0,0,0,34.5,25.0,34.5,1.0,0.0,0.0,0.01,0.01,0.0,0.0,0.0,0.0,0.0,0.0,0.0,0.0,0.0,0.0,False,50
ZNF281,0.002,0,0,0,34.5,24.0,34.5,0.5,0.0,0.0,0.02,0.0,0.0,0.0,0.0,0.0,0.0,0.0,0.0,0.0,0.0,0.0,False,50
ZNF547,0.002,0,0,0,34.5,19.0,34.5,0.5,0.0,0.01,0.01,0.0,0.0,0.0,0.0,0.0,0.0,0.0,0.0,0.0,0.0,0.0,False,50
ANO6,0.002,0,0,0,35.0,31.0,35.0,1.0,0.0,0.0,0.0,0.0,0.0,0.0,0.0,0.02,0.0,0.0,0.0,0.0,0.0,0.0,False,50
FOXL1,0.002,0,0,0,35.0,24.0,35.0,,0.0,0.0,0.0,0.02,0.0,0.0,0.0,0.0,0.0,0.0,0.0,0.0,0.0,0.0,False,50
ITGAX,0.002,0,0,0,35.0,28.0,35.0,,0.0,0.0,0.0,0.02,0.0,0.0,0.0,0.0,0.0,0.0,0.0,0.0,0.0,0.0,False,50
MALSU1,0.002,0,0,0,35.0,34.0,35.0,,0.0,0.0,0.0,0.02,0.0,0.0,0.0,0.0,0.0,0.0,0.0,0.0,0.0,0.0,False,50
MTIF3,0.002,0,0,0,35.0,28.0,35.0,1.0,0.0,0.0,0.01,0.0,0.0,0.0,0.0,0.0,0.01,0.0,0.0,0.0,0.0,0.0,False,50
MYO9B,0.002,0,0,0,35.0,26.0,35.0,,0.0,0.0,0.0,0.02,0.0,0.0,0.0,0.0,0.0,0.0,0.0,0.0,0.0,0.0,False,50
P2RX1,0.002,0,0,0,35.0,29.0,35.0,1.0,0.0,0.01,0.0,0.01,0.0,0.0,0.0,0.0,0.0,0.0,0.0,0.0,0.0,0.0,False,50
PTCD3,0.002,0,0,0,35.0,24.0,35.0,0.5,0.0,0.01,0.01,0.0,0.0,0.0,0.0,0.0,0.0,0.0,0.0,0.0,0.0,0.0,False,50
SPTY2D1-AS1,0.002,0,0,0,35.0,21.0,35.0,0.0,0.0,0.01,0.01,0.0,0.0,0.0,0.0,0.0,0.0,0.0,0.0,0.0,0.0,0.0,False,50
UVSSA,0.002,0,0,0,35.0,35.0,35.0,0.5,0.0,0.0,0.02,0.0,0.0,0.0,0.0,0.0,0.0,0.0,0.0,0.0,0.0,0.0,False,50
WEE2-AS1,0.002,0,0,0,35.0,27.0,35.0,,0.0,0.0,0.0,0.02,0.0,0.0,0.0,0.0,0.0,0.0,0.0,0.0,0.0,0.0,False,50
ATP13A1,0.002,0,0,0,35.5,30.0,35.5,1.0,0.0,0.0,0.0,0.0,0.0,0.0,0.0,0.01,0.01,0.0,0.0,0.0,0.0,0.0,False,50
C12orf40,0.002,0,0,0,35.5,32.0,35.5,0.0,0.0,0.01,0.0,0.01,0.0,0.0,0.0,0.0,0.0,0.0,0.0,0.01,0.0,0.0,False,50
CDAN1,0.002,0,0,0,35.5,35.0,35.5,0.5,0.0,0.0,0.02,0.0,0.0,0.0,0.0,0.0,0.0,0.0,0.0,0.0,0.0,0.0,False,50
GTF3C2,0.002,0,0,0,35.5,34.0,35.5,1.0,0.0,0.0,0.0,0.0,0.0,0.0,0.0,0.01,0.01,0.0,0.0,0.0,0.0,0.0,False,50
LCAL1,0.002,0,0,0,35.5,35.0,35.5,0.0,0.0,0.02,0.0,0.0,0.0,0.0,0.0,0.0,0.0,0.0,0.0,0.0,0.0,0.0,False,50
LIMK1,0.002,0,0,0,35.5,26.0,35.5,,0.0,0.0,0.0,0.02,0.0,0.0,0.0,0.0,0.0,0.0,0.0,0.0,0.0,0.0,False,50
LINC00880,0.002,0,0,0,35.5,32.0,35.5,0.0,0.0,0.01,0.0,0.01,0.0,0.0,0.0,0.0,0.0,0.0,0.0,0.04,0.0,0.0,False,50
TNN,0.002,0,0,0,35.5,32.0,35.5,0.0,0.0,0.0,0.02,0.0,0.0,0.0,0.0,0.0,0.0,0.0,0.0,0.0,0.0,0.0,False,50
TNRC18,0.002,0,0,0,35.5,24.0,35.5,0.5,0.0,0.01,0.01,0.0,0.0,0.0,0.0,0.0,0.0,0.0,0.0,0.0,0.0,0.0,False,50
B3GALNT1,0.002,0,0,0,36.0,28.0,36.0,1.0,0.0,0.0,0.0,0.0,0.0,0.0,0.0,0.01,0.01,0.0,0.0,0.0,0.0,0.0,False,50
DDX53,0.002,0,0,0,36.0,30.0,36.0,,0.0,0.0,0.0,0.02,0.0,0.0,0.0,0.0,0.0,0.0,0.0,0.0,0.0,0.0,False,50
PTPN11,0.002,0,0,0,36.0,28.0,36.0,,0.0,0.0,0.0,0.02,0.0,0.0,0.0,0.0,0.0,0.0,0.0,0.0,0.0,0.0,False,50
RUFY2,0.002,0,0,0,36.0,32.0,36.0,,0.0,0.0,0.0,0.02,0.0,0.0,0.0,0.0,0.0,0.0,0.0,0.0,0.0,0.0,False,50
APOC1,0.002,0,0,0,36.5,35.0,36.5,,0.0,0.0,0.0,0.02,0.0,0.0,0.0,0.0,0.0,0.0,0.0,0.0,0.0,0.0,False,50
ATP7B,0.002,0,0,0,36.5,23.0,36.5,,0.0,0.0,0.0,0.02,0.0,0.0,0.0,0.0,0.0,0.0,0.0,0.0,0.0,0.0,False,50
ELAVL2,0.002,0,0,0,36.5,31.0,36.5,1.0,0.0,0.0,0.02,0.0,0.0,0.0,0.0,0.0,0.0,0.0,0.0,0.0,0.0,0.0,False,50
HAMP,0.002,0,0,0,36.5,26.0,36.5,,0.0,0.0,0.0,0.02,0.0,0.0,0.0,0.0,0.0,0.0,0.0,0.0,0.0,0.0,False,50
LINC01272,0.002,0,0,0,36.5,25.0,36.5,,0.0,0.0,0.0,0.02,0.0,0.0,0.0,0.0,0.0,0.0,0.0,0.0,0.0,0.0,False,50
SLC11A2,0.002,0,0,0,36.5,31.0,36.5,1.0,0.0,0.0,0.0,0.0,0.0,0.0,0.0,0.02,0.0,0.0,0.0,0.0,0.0,0.0,False,50
TAF4,0.002,0,0,0,36.5,36.0,36.5,0.0,0.0,0.0,0.02,0.0,0.0,0.0,0.0,0.0,0.0,0.0,0.0,0.0,0.0,0.0,False,50
TTC1,0.002,0,0,0,36.5,26.0,36.5,1.0,0.0,0.0,0.01,0.01,0.0,0.0,0.0,0.0,0.0,0.0,0.0,0.0,0.0,0.0,False,50
USP27X-AS1,0.002,0,0,0,36.5,24.0,36.5,,0.0,0.0,0.0,0.02,0.0,0.0,0.0,0.0,0.0,0.0,0.0,0.0,0.0,0.0,False,50
C10orf10,0.002,0,0,0,37.0,24.0,37.0,1.0,0.0,0.0,0.0,0.0,0.0,0.0,0.0,0.02,0.0,0.0,0.0,0.0,0.0,0.0,False,50
C20orf78,0.002,0,0,0,37.0,31.0,37.0,0.0,0.0,0.02,0.0,0.0,0.0,0.0,0.0,0.0,0.0,0.0,0.0,0.0,0.0,0.0,False,50
DUS1L,0.002,0,0,0,37.0,31.0,37.0,1.0,0.0,0.0,0.0,0.0,0.0,0.0,0.0,0.01,0.01,0.0,0.0,0.0,0.0,0.0,False,50
GPER1,0.002,0,0,0,37.0,28.0,37.0,1.0,0.0,0.0,0.01,0.01,0.0,0.0,0.0,0.0,0.0,0.0,0.0,0.0,0.0,0.0,False,50
HDDC2,0.002,0,0,0,37.0,37.0,37.0,,0.0,0.0,0.0,0.02,0.0,0.0,0.0,0.0,0.0,0.0,0.0,0.0,0.0,0.0,False,50
HIVEP2,0.002,0,0,0,37.0,25.0,37.0,0.5,0.0,0.01,0.01,0.0,0.0,0.0,0.0,0.0,0.0,0.0,0.0,0.0,0.0,0.0,False,50
JARID2-AS1,0.002,0,0,0,37.0,33.0,37.0,0.0,0.0,0.01,0.0,0.01,0.0,0.0,0.0,0.0,0.0,0.0,0.0,0.01,0.0,0.0,False,50
NCEH1,0.002,0,0,0,37.0,27.0,37.0,,0.0,0.0,0.0,0.02,0.0,0.0,0.0,0.0,0.0,0.0,0.0,0.0,0.0,0.0,False,50
SLIT3,0.002,0,0,0,37.0,36.0,37.0,1.0,0.0,0.0,0.0,0.0,0.0,0.0,0.0,0.02,0.0,0.0,0.0,0.0,0.0,0.0,False,50
TLE3,0.002,0,0,0,37.0,25.0,37.0,1.0,0.04,0.0,0.0,0.0,0.0,0.0,0.0,0.0,0.02,0.0,0.0,0.0,0.0,0.04,False,50
ZC3HAV1L,0.002,0,0,0,37.0,36.0,37.0,0.5,0.0,0.01,0.01,0.0,0.0,0.0,0.0,0.0,0.0,0.0,0.0,0.0,0.0,0.0,False,50
ZNF100,0.002,0,0,0,37.0,26.0,37.0,0.5,0.0,0.01,0.01,0.0,0.0,0.0,0.0,0.0,0.0,0.0,0.0,0.0,0.0,0.0,False,50
ASRGL1,0.002,0,0,0,37.5,29.0,37.5,0.5,0.0,0.0,0.02,0.0,0.0,0.0,0.0,0.0,0.0,0.0,0.0,0.0,0.0,0.0,False,50
DGAT1,0.002,0,0,0,37.5,33.0,37.5,0.5,0.0,0.0,0.0,0.0,0.0,0.02,0.0,0.0,0.0,0.0,0.0,0.0,0.0,0.0,False,50
DUSP14,0.002,0,0,0,37.5,27.0,37.5,0.0,0.0,0.01,0.0,0.01,0.0,0.0,0.0,0.0,0.0,0.0,0.0,0.0,0.0,0.0,False,50
FAM174B,0.002,0,0,0,37.5,27.0,37.5,1.0,0.0,0.0,0.01,0.0,0.0,0.0,0.0,0.0,0.01,0.0,0.0,0.0,0.0,0.0,False,50
FANK1,0.002,0,0,0,37.5,28.0,37.5,0.5,0.0,0.0,0.02,0.0,0.0,0.0,0.0,0.0,0.0,0.0,0.0,0.0,0.0,0.0,False,50
FBXO40,0.002,0,0,0,37.5,28.0,37.5,0.0,0.0,0.01,0.0,0.01,0.0,0.0,0.0,0.0,0.0,0.0,0.0,0.03,0.0,0.0,False,50
GJA10,0.002,0,0,0,37.5,26.0,37.5,0.0,0.0,0.02,0.0,0.0,0.0,0.0,0.0,0.0,0.0,0.0,0.0,0.0,0.0,0.0,False,50
GYG2,0.002,0,0,0,37.5,35.0,37.5,0.5,0.0,0.0,0.01,0.0,0.0,0.0,0.0,0.01,0.0,0.0,0.0,0.0,0.0,0.0,False,50
LILRB1,0.002,0,0,0,37.5,28.0,37.5,,0.0,0.0,0.0,0.02,0.0,0.0,0.0,0.0,0.0,0.0,0.0,0.0,0.0,0.0,False,50
MS4A4A,0.002,0,0,0,37.5,29.0,37.5,1.0,0.0,0.0,0.0,0.0,0.0,0.0,0.0,0.01,0.01,0.0,0.0,0.0,0.0,0.0,False,50
NAALADL2,0.002,0,0,0,37.5,26.0,37.5,,0.0,0.0,0.0,0.02,0.0,0.0,0.0,0.0,0.0,0.0,0.0,0.0,0.0,0.0,False,50
PDSS2,0.002,0,0,0,37.5,31.0,37.5,1.0,0.0,0.02,0.0,0.0,0.0,0.0,0.0,0.0,0.0,0.0,0.0,0.0,0.0,0.0,False,50
STAT5B,0.002,0,0,0,37.5,32.0,37.5,1.0,0.0,0.0,0.0,0.0,0.0,0.0,0.0,0.02,0.0,0.0,0.0,0.0,0.0,0.0,False,50
ZNF217,0.002,0,0,0,37.5,25.0,37.5,0.5,0.0,0.01,0.01,0.0,0.0,0.0,0.0,0.0,0.0,0.0,0.0,0.0,0.0,0.0,False,50
AQP9,0.002,0,0,0,38.0,28.0,38.0,,0.0,0.0,0.0,0.02,0.0,0.0,0.0,0.0,0.0,0.0,0.0,0.0,0.0,0.0,False,50
ARMC8,0.002,0,0,0,38.0,32.0,38.0,1.0,0.0,0.0,0.0,0.0,0.0,0.0,0.0,0.01,0.01,0.0,0.0,0.0,0.0,0.0,False,50
DSG2-AS1,0.002,0,0,0,38.0,31.0,38.0,0.0,0.0,0.01,0.0,0.01,0.0,0.0,0.0,0.0,0.0,0.0,0.0,0.0,0.0,0.0,False,50
ERN1,0.002,0,0,0,38.0,30.0,38.0,1.0,0.0,0.0,0.01,0.0,0.0,0.0,0.0,0.0,0.01,0.0,0.0,0.0,0.0,0.0,False,50
ETFA,0.002,0,0,0,38.0,34.0,38.0,1.0,0.0,0.0,0.0,0.0,0.0,0.0,0.0,0.01,0.01,0.0,0.0,0.0,0.0,0.0,False,50
KIAA1024,0.002,0,0,0,38.0,34.0,38.0,1.0,0.0,0.02,0.0,0.0,0.0,0.0,0.0,0.0,0.0,0.0,0.0,0.0,0.0,0.0,False,50
LINC01504,0.002,0,0,0,38.0,26.0,38.0,0.0,0.0,0.02,0.0,0.0,0.0,0.0,0.0,0.0,0.0,0.0,0.0,0.01,0.0,0.0,False,50
LOC400692,0.002,0,0,0,38.0,33.0,38.0,,0.0,0.0,0.0,0.02,0.0,0.0,0.0,0.0,0.0,0.0,0.0,0.0,0.0,0.0,False,50
NSMF,0.002,0,0,0,38.0,27.0,38.0,0.0,0.0,0.01,0.01,0.0,0.0,0.0,0.0,0.0,0.0,0.0,0.0,0.0,0.0,0.0,False,50
ZNF516,0.002,0,0,0,38.0,31.0,38.0,1.0,0.0,0.01,0.01,0.0,0.0,0.0,0.0,0.0,0.0,0.0,0.0,0.0,0.0,0.0,False,50
COLGALT2,0.002,0,0,0,38.5,31.0,38.5,0.0,0.0,0.0,0.02,0.0,0.0,0.0,0.0,0.0,0.0,0.0,0.0,0.0,0.0,0.0,False,50
DKK3,0.002,0,0,0,38.5,38.0,38.5,,0.0,0.0,0.0,0.02,0.0,0.0,0.0,0.0,0.0,0.0,0.0,0.0,0.0,0.0,False,50
DOCK5,0.002,0,0,0,38.5,30.0,38.5,1.0,0.0,0.0,0.01,0.01,0.0,0.0,0.0,0.0,0.0,0.0,0.0,0.0,0.0,0.0,False,50
LINC00630,0.002,0,0,0,38.5,34.0,38.5,,0.0,0.0,0.0,0.02,0.0,0.0,0.0,0.0,0.0,0.0,0.0,0.0,0.0,0.0,False,50
SCNN1A,0.002,0,0,0,38.5,28.0,38.5,1.0,0.01,0.0,0.01,0.0,0.0,0.0,0.0,0.01,0.0,0.0,0.0,0.0,0.0,0.01,False,50
VCAN,0.002,0,0,0,38.5,27.0,38.5,0.5,0.0,0.0,0.01,0.0,0.0,0.01,0.0,0.0,0.0,0.0,0.0,0.0,0.0,0.0,False,50
AGXT,0.002,0,0,0,39.0,28.0,39.0,0.0,0.0,0.0,0.0,0.0,0.02,0.0,0.0,0.0,0.0,0.0,0.0,0.0,0.02,0.0,False,50
ANAPC2,0.002,0,0,0,39.0,31.0,39.0,0.5,0.0,0.01,0.01,0.0,0.0,0.0,0.0,0.0,0.0,0.0,0.0,0.0,0.0,0.0,False,50
MRAP,0.002,0,0,0,39.0,28.0,39.0,0.25,0.0,0.0,0.0,0.0,0.0,0.0,0.0,0.01,0.01,0.0,0.0,0.0,0.03,0.0,False,50
PIGR,0.002,0,0,0,39.0,38.0,39.0,1.0,0.0,0.0,0.01,0.01,0.0,0.0,0.0,0.0,0.0,0.0,0.0,0.0,0.0,0.0,False,50
ZBTB7C,0.002,0,0,0,39.0,33.0,39.0,,0.0,0.0,0.0,0.02,0.0,0.0,0.0,0.0,0.0,0.0,0.0,0.0,0.0,0.0,False,50
ITGA1,0.002,0,0,0,39.5,39.0,39.5,1.0,0.0,0.0,0.0,0.0,0.0,0.0,0.0,0.02,0.0,0.0,0.0,0.0,0.0,0.0,False,50
POU2F1,0.002,0,0,0,39.5,38.0,39.5,1.0,0.0,0.0,0.0,0.0,0.0,0.0,0.0,0.01,0.01,0.0,0.0,0.0,0.0,0.0,False,50
TACSTD2,0.002,0,0,0,39.5,33.0,39.5,1.0,0.0,0.0,0.0,0.0,0.01,0.0,0.01,0.0,0.0,0.0,0.0,0.0,0.0,0.0,False,50
WDR46,0.002,0,0,0,39.5,33.0,39.5,1.0,0.0,0.0,0.02,0.0,0.0,0.0,0.0,0.0,0.0,0.0,0.0,0.0,0.0,0.0,False,50
C1orf226,0.002,0,0,0,40.0,36.0,40.0,,0.0,0.0,0.0,0.02,0.0,0.0,0.0,0.0,0.0,0.0,0.0,0.0,0.0,0.0,False,50
FKBP5,0.002,0,0,0,40.0,33.0,40.0,,0.0,0.0,0.0,0.01,0.0,0.0,0.0,0.0,0.01,0.0,0.0,0.0,0.0,0.0,False,50
GNMT,0.002,0,0,0,40.0,31.0,40.0,,0.0,0.0,0.0,0.02,0.0,0.0,0.0,0.0,0.0,0.0,0.0,0.0,0.0,0.0,False,50
NTAN1,0.002,0,0,0,40.0,36.0,40.0,0.0,0.0,0.01,0.01,0.0,0.0,0.0,0.0,0.0,0.0,0.0,0.0,0.0,0.0,0.0,False,50
RHOQ,0.002,0,0,0,40.0,36.0,40.0,1.0,0.0,0.0,0.01,0.0,0.0,0.0,0.0,0.01,0.0,0.0,0.0,0.0,0.0,0.0,False,50
FLJ35934,0.002,0,0,0,40.5,40.0,40.5,,0.0,0.0,0.0,0.02,0.0,0.0,0.0,0.0,0.0,0.0,0.0,0.0,0.0,0.0,False,50
FXYD1,0.002,0,0,0,40.5,34.0,40.5,1.0,0.0,0.0,0.0,0.0,0.0,0.0,0.0,0.02,0.0,0.0,0.0,0.0,0.0,0.0,False,50
NDUFAF1,0.002,0,0,0,40.5,32.0,40.5,,0.0,0.0,0.0,0.02,0.0,0.0,0.0,0.0,0.0,0.0,0.0,0.0,0.0,0.0,False,50
TEX29,0.002,0,0,0,40.5,36.0,40.5,,0.0,0.0,0.0,0.02,0.0,0.0,0.0,0.0,0.0,0.0,0.0,0.0,0.0,0.0,False,50
ECHS1,0.002,0,0,0,41.0,37.0,41.0,1.0,0.0,0.0,0.01,0.01,0.0,0.0,0.0,0.0,0.0,0.0,0.0,0.0,0.0,0.0,False,50
G0S2,0.002,0,0,0,41.0,40.0,41.0,1.0,0.0,0.0,0.0,0.0,0.0,0.0,0.0,0.02,0.0,0.0,0.0,0.0,0.0,0.0,False,50
LOC100506098,0.002,0,0,0,41.0,35.0,41.0,,0.0,0.0,0.0,0.02,0.0,0.0,0.0,0.0,0.0,0.0,0.0,0.0,0.0,0.0,False,50
LOC100507564,0.002,0,0,0,41.0,36.0,41.0,,0.0,0.0,0.0,0.02,0.0,0.0,0.0,0.0,0.0,0.0,0.0,0.0,0.0,0.0,False,50
LSG1,0.002,0,0,0,41.0,40.0,41.0,1.0,0.0,0.0,0.0,0.0,0.0,0.0,0.0,0.01,0.01,0.0,0.0,0.0,0.0,0.0,False,50
PPP1R35,0.002,0,0,0,41.0,34.0,41.0,1.0,0.0,0.0,0.0,0.0,0.0,0.0,0.0,0.01,0.01,0.0,0.0,0.0,0.0,0.0,False,50
PRPF38B,0.002,0,0,0,41.0,40.0,41.0,0.0,0.0,0.0,0.01,0.01,0.0,0.0,0.0,0.0,0.0,0.0,0.0,0.0,0.0,0.0,False,50
RAP1GAP,0.002,0,0,0,41.0,41.0,41.0,1.0,0.28,0.0,0.0,0.0,0.0,0.0,0.0,0.01,0.01,0.0,0.0,0.0,0.0,0.28,False,50
HRASLS5,0.002,0,0,0,41.5,33.0,41.5,0.0,0.0,0.01,0.01,0.0,0.0,0.0,0.0,0.0,0.0,0.0,0.0,0.0,0.0,0.0,False,50
PLPP5,0.002,0,0,0,41.5,37.0,41.5,1.0,0.0,0.0,0.0,0.0,0.0,0.0,0.0,0.01,0.01,0.0,0.0,0.0,0.0,0.0,False,50
SUGT1P3,0.002,0,0,0,41.5,38.0,41.5,,0.0,0.0,0.0,0.02,0.0,0.0,0.0,0.0,0.0,0.0,0.0,0.0,0.0,0.0,False,50
TPBG,0.002,0,0,0,41.5,41.0,41.5,1.0,0.0,0.0,0.02,0.0,0.0,0.0,0.0,0.0,0.0,0.0,0.0,0.0,0.0,0.0,False,50
VLDLR,0.002,0,0,0,41.5,40.0,41.5,1.0,0.0,0.0,0.0,0.0,0.0,0.0,0.0,0.02,0.0,0.0,0.0,0.0,0.0,0.0,False,50
BCORP1,0.002,0,0,0,42.0,41.0,42.0,0.0,0.0,0.02,0.0,0.0,0.0,0.0,0.0,0.0,0.0,0.0,0.0,0.01,0.0,0.0,False,50
CMC4,0.002,0,0,0,42.0,36.0,42.0,0.5,0.0,0.0,0.02,0.0,0.0,0.0,0.0,0.0,0.0,0.0,0.0,0.0,0.0,0.0,False,50
ENTPD6,0.002,0,0,0,42.0,41.0,42.0,1.0,0.0,0.0,0.0,0.0,0.0,0.0,0.0,0.01,0.01,0.0,0.0,0.0,0.0,0.0,False,50
FHL1,0.002,0,0,0,42.0,34.0,42.0,1.0,0.0,0.0,0.0,0.0,0.0,0.0,0.0,0.02,0.0,0.0,0.0,0.0,0.0,0.0,False,50
IPO4,0.002,0,0,0,42.0,34.0,42.0,,0.0,0.0,0.0,0.0,0.0,0.0,0.0,0.0,0.02,0.0,0.0,0.0,0.0,0.0,False,50
LOC645513,0.002,0,0,0,42.0,37.0,42.0,0.0,0.0,0.01,0.0,0.0,0.01,0.0,0.0,0.0,0.0,0.0,0.0,0.0,0.0,0.0,False,50
MARVELD3,0.002,0,0,0,42.0,37.0,42.0,1.0,0.0,0.0,0.0,0.0,0.0,0.0,0.0,0.01,0.01,0.0,0.0,0.0,0.0,0.0,False,50
CSRNP1,0.002,0,0,0,42.5,37.0,42.5,,0.0,0.0,0.0,0.02,0.0,0.0,0.0,0.0,0.0,0.0,0.0,0.0,0.0,0.0,False,50
IKBKB,0.002,0,0,0,42.5,42.0,42.5,0.5,0.0,0.0,0.02,0.0,0.0,0.0,0.0,0.0,0.0,0.0,0.0,0.0,0.0,0.0,False,50
KAT5,0.002,0,0,0,42.5,35.0,42.5,0.5,0.0,0.01,0.01,0.0,0.0,0.0,0.0,0.0,0.0,0.0,0.0,0.0,0.0,0.0,False,50
LOC339862,0.002,0,0,0,42.5,36.0,42.5,0.0,0.0,0.01,0.0,0.01,0.0,0.0,0.0,0.0,0.0,0.0,0.0,0.0,0.0,0.0,False,50
PFKFB4,0.002,0,0,0,42.5,39.0,42.5,0.9411764705882353,0.15,0.0,0.01,0.0,0.0,0.0,0.0,0.01,0.0,0.0,0.0,0.0,0.0,0.15,False,50
PTPN21,0.002,0,0,0,42.5,40.0,42.5,1.0,0.0,0.0,0.0,0.0,0.0,0.0,0.0,0.02,0.0,0.0,0.0,0.0,0.0,0.0,False,50
RFX7,0.002,0,0,0,42.5,37.0,42.5,,0.0,0.0,0.0,0.02,0.0,0.0,0.0,0.0,0.0,0.0,0.0,0.0,0.0,0.0,False,50
SLC5A11,0.002,0,0,0,42.5,36.0,42.5,0.0,0.0,0.02,0.0,0.0,0.0,0.0,0.0,0.0,0.0,0.0,0.0,0.0,0.0,0.0,False,50
ADPRM,0.002,0,0,0,43.0,39.0,43.0,,0.0,0.0,0.0,0.0,0.0,0.0,0.0,0.0,0.02,0.0,0.0,0.0,0.0,0.0,False,50
ITIH5,0.002,0,0,0,43.0,41.0,43.0,0.3333333333333333,0.04,0.0,0.0,0.0,0.0,0.0,0.0,0.02,0.0,0.0,0.0,0.0,0.0,0.04,False,50
LRRC25,0.002,0,0,0,43.0,38.0,43.0,,0.0,0.0,0.0,0.02,0.0,0.0,0.0,0.0,0.0,0.0,0.0,0.0,0.0,0.0,False,50
PEG10,0.002,0,0,0,43.0,39.0,43.0,1.0,0.0,0.0,0.02,0.0,0.0,0.0,0.0,0.0,0.0,0.0,0.0,0.0,0.0,0.0,False,50
SCYL3,0.002,0,0,0,43.0,37.0,43.0,0.0,0.0,0.0,0.02,0.0,0.0,0.0,0.0,0.0,0.0,0.0,0.0,0.0,0.0,0.0,False,50
CASP2,0.002,0,0,0,43.5,39.0,43.5,1.0,0.0,0.0,0.0,0.0,0.0,0.0,0.0,0.02,0.0,0.0,0.0,0.0,0.0,0.0,False,50
CLEC4G,0.002,0,0,0,43.5,41.0,43.5,0.0,0.0,0.01,0.0,0.0,0.01,0.0,0.0,0.0,0.0,0.0,0.0,0.0,0.01,0.0,False,50
DCBLD1,0.002,0,0,0,43.5,43.0,43.5,0.0,0.0,0.0,0.01,0.01,0.0,0.0,0.0,0.0,0.0,0.0,0.0,0.0,0.0,0.0,False,50
LOC388882,0.002,0,0,0,43.5,37.0,43.5,,0.0,0.0,0.0,0.02,0.0,0.0,0.0,0.0,0.0,0.0,0.0,0.0,0.0,0.0,False,50
PCDH19,0.002,0,0,0,43.5,39.0,43.5,,0.0,0.0,0.0,0.02,0.0,0.0,0.0,0.0,0.0,0.0,0.0,0.0,0.0,0.0,False,50
VASH1,0.002,0,0,0,43.5,42.0,43.5,0.0,0.0,0.0,0.02,0.0,0.0,0.0,0.0,0.0,0.0,0.0,0.0,0.0,0.0,0.0,False,50
ZCCHC8,0.002,0,0,0,43.5,39.0,43.5,1.0,0.0,0.01,0.01,0.0,0.0,0.0,0.0,0.0,0.0,0.0,0.0,0.0,0.0,0.0,False,50
DPP3,0.002,0,0,0,44.0,40.0,44.0,0.9545454545454546,0.2,0.0,0.01,0.0,0.0,0.0,0.0,0.01,0.0,0.0,0.0,0.0,0.0,0.2,False,50
MAP7D3,0.002,0,0,0,44.0,42.0,44.0,0.0,0.0,0.0,0.01,0.01,0.0,0.0,0.0,0.0,0.0,0.0,0.0,0.0,0.01,0.0,False,50
PIR,0.002,0,0,0,44.0,42.0,44.0,0.5,0.0,0.0,0.02,0.0,0.0,0.0,0.0,0.0,0.0,0.0,0.0,0.0,0.0,0.0,False,50
C7orf57,0.002,0,0,0,44.5,40.0,44.5,,0.0,0.0,0.0,0.02,0.0,0.0,0.0,0.0,0.0,0.0,0.0,0.0,0.0,0.0,False,50
CDH11,0.002,0,0,0,44.5,43.0,44.5,1.0,0.0,0.0,0.01,0.01,0.0,0.0,0.0,0.0,0.0,0.0,0.0,0.0,0.0,0.0,False,50
CSMD2-AS1,0.002,0,0,0,45.0,42.0,45.0,0.0,0.0,0.02,0.0,0.0,0.0,0.0,0.0,0.0,0.0,0.0,0.0,0.0,0.0,0.0,False,50
MYO1E,0.002,0,0,0,45.0,40.0,45.0,,0.0,0.0,0.0,0.02,0.0,0.0,0.0,0.0,0.0,0.0,0.0,0.0,0.0,0.0,False,50
RNASE4,0.002,0,0,0,45.0,43.0,45.0,1.0,0.0,0.0,0.0,0.0,0.0,0.0,0.0,0.02,0.0,0.0,0.0,0.0,0.0,0.0,False,50
SERPINE2,0.002,0,0,0,45.0,45.0,45.0,0.5,0.0,0.0,0.0,0.0,0.0,0.02,0.0,0.0,0.0,0.0,0.0,0.0,0.0,0.0,False,50
YTHDF1,0.002,0,0,0,45.0,40.0,45.0,,0.0,0.0,0.0,0.0,0.0,0.0,0.0,0.0,0.02,0.0,0.0,0.0,0.0,0.0,False,50
ACKR3,0.002,0,0,0,45.5,42.0,45.5,1.0,0.0,0.0,0.0,0.0,0.0,0.0,0.0,0.02,0.0,0.0,0.0,0.0,0.0,0.0,False,50
ITGB1BP1,0.002,0,0,0,45.5,41.0,45.5,1.0,0.0,0.0,0.0,0.0,0.0,0.0,0.0,0.01,0.01,0.0,0.0,0.0,0.0,0.0,False,50
SH3BP4,0.002,0,0,0,45.5,42.0,45.5,,0.0,0.0,0.0,0.0,0.0,0.0,0.0,0.0,0.02,0.0,0.0,0.0,0.0,0.0,False,50
SLC25A29,0.002,0,0,0,45.5,41.0,45.5,1.0,0.0,0.0,0.0,0.0,0.0,0.0,0.0,0.02,0.0,0.0,0.0,0.0,0.0,0.0,False,50
LRIG2,0.002,0,0,0,46.0,45.0,46.0,0.5,0.0,0.0,0.02,0.0,0.0,0.0,0.0,0.0,0.0,0.0,0.0,0.0,0.0,0.0,False,50
ZBTB3,0.002,0,0,0,46.0,44.0,46.0,,0.0,0.0,0.0,0.02,0.0,0.0,0.0,0.0,0.0,0.0,0.0,0.0,0.0,0.0,False,50
CDH6,0.002,0,0,0,46.5,43.0,46.5,0.5,0.0,0.01,0.01,0.0,0.0,0.0,0.0,0.0,0.0,0.0,0.0,0.0,0.0,0.0,False,50
HOXB-AS3,0.002,0,0,0,46.5,43.0,46.5,,0.0,0.0,0.0,0.02,0.0,0.0,0.0,0.0,0.0,0.0,0.0,0.0,0.0,0.0,False,50
LOC101929504,0.002,0,0,0,46.5,45.0,46.5,1.0,0.0,0.0,0.01,0.01,0.0,0.0,0.0,0.0,0.0,0.0,0.0,0.0,0.0,0.0,False,50
DACT3,0.002,0,0,0,47.0,47.0,47.0,,0.0,0.0,0.0,0.02,0.0,0.0,0.0,0.0,0.0,0.0,0.0,0.0,0.0,0.0,False,50
VKORC1L1,0.002,0,0,0,47.0,47.0,47.0,1.0,0.0,0.0,0.0,0.0,0.0,0.0,0.0,0.02,0.0,0.0,0.0,0.0,0.0,0.0,False,50
ARL11,0.002,0,0,0,47.5,46.0,47.5,,0.0,0.0,0.0,0.02,0.0,0.0,0.0,0.0,0.0,0.0,0.0,0.0,0.0,0.0,False,50
POTEM,0.002,0,0,0,47.5,46.0,47.5,1.0,0.0,0.0,0.01,0.01,0.0,0.0,0.0,0.0,0.0,0.0,0.0,0.0,0.0,0.0,False,50
KERA,0.002,0,0,0,48.0,46.0,48.0,,0.0,0.0,0.0,0.02,0.0,0.0,0.0,0.0,0.0,0.0,0.0,0.0,0.0,0.0,False,50
MAPK8,0.002,0,0,0,48.0,48.0,48.0,,0.0,0.0,0.0,0.02,0.0,0.0,0.0,0.0,0.0,0.0,0.0,0.0,0.0,0.0,False,50
MARVELD1,0.002,0,0,0,48.0,47.0,48.0,0.5,0.0,0.01,0.01,0.0,0.0,0.0,0.0,0.0,0.0,0.0,0.0,0.0,0.0,0.0,False,50
MDM2,0.002,0,0,0,48.0,48.0,48.0,0.5,0.0,0.0,0.02,0.0,0.0,0.0,0.0,0.0,0.0,0.0,0.0,0.0,0.0,0.0,False,50
RENBP,0.002,0,0,0,48.0,46.0,48.0,,0.0,0.0,0.0,0.02,0.0,0.0,0.0,0.0,0.0,0.0,0.0,0.0,0.0,0.0,False,50
ANK3,0.002,0,0,0,48.5,47.0,48.5,0.5,0.0,0.0,0.02,0.0,0.0,0.0,0.0,0.0,0.0,0.0,0.0,0.0,0.0,0.0,False,50
BATF,0.002,0,0,0,48.5,47.0,48.5,,0.0,0.0,0.0,0.02,0.0,0.0,0.0,0.0,0.0,0.0,0.0,0.0,0.0,0.0,False,50
FAM47B,0.002,0,0,0,48.5,48.0,48.5,0.0,0.0,0.02,0.0,0.0,0.0,0.0,0.0,0.0,0.0,0.0,0.0,0.0,0.0,0.0,False,50
APAF1,0.002,0,0,0,49.0,49.0,49.0,1.0,0.0,0.0,0.01,0.01,0.0,0.0,0.0,0.0,0.0,0.0,0.0,0.0,0.0,0.0,False,50
SDPR,0.002,0,0,0,49.0,48.0,49.0,0.4,0.03,0.0,0.0,0.0,0.0,0.0,0.0,0.02,0.0,0.0,0.0,0.0,0.0,0.03,False,50
CST13P,0.001,0,0,0,1.0,1.0,1.0,0.0,0.0,0.01,0.0,0.0,0.0,0.0,0.0,0.0,0.0,0.0,0.0,0.0,0.0,0.0,False,50
SBSN,0.001,0,0,0,1.0,1.0,1.0,1.0,0.0,0.01,0.0,0.0,0.0,0.0,0.0,0.0,0.0,0.0,0.0,0.0,0.0,0.0,False,50
SMR3B,0.001,0,0,0,1.0,1.0,1.0,,0.0,0.0,0.0,0.01,0.0,0.0,0.0,0.0,0.0,0.0,0.0,0.0,0.0,0.0,False,50
ULK4,0.001,0,0,0,1.0,1.0,1.0,,0.0,0.0,0.0,0.01,0.0,0.0,0.0,0.0,0.0,0.0,0.0,0.0,0.0,0.0,False,50
ZNF214,0.001,0,0,0,1.0,1.0,1.0,0.0,0.0,0.01,0.0,0.0,0.0,0.0,0.0,0.0,0.0,0.0,0.0,0.0,0.0,0.0,False,50
C1orf234,0.001,0,0,0,2.0,2.0,2.0,0.0,0.0,0.01,0.0,0.0,0.0,0.0,0.0,0.0,0.0,0.0,0.0,0.0,0.0,0.0,False,50
KLHL1,0.001,0,0,0,2.0,2.0,2.0,1.0,0.0,0.01,0.0,0.0,0.0,0.0,0.0,0.0,0.0,0.0,0.0,0.0,0.0,0.0,False,50
LINC00929,0.001,0,0,0,2.0,2.0,2.0,,0.0,0.0,0.0,0.01,0.0,0.0,0.0,0.0,0.0,0.0,0.0,0.0,0.0,0.0,False,50
MAP3K7CL,0.001,0,0,0,2.0,2.0,2.0,,0.0,0.0,0.0,0.01,0.0,0.0,0.0,0.0,0.0,0.0,0.0,0.0,0.0,0.0,False,50
B3GALT2,0.001,0,0,0,3.0,3.0,3.0,,0.0,0.0,0.0,0.01,0.0,0.0,0.0,0.0,0.0,0.0,0.0,0.0,0.0,0.0,False,50
KCTD19,0.001,0,0,0,3.0,3.0,3.0,,0.0,0.0,0.0,0.01,0.0,0.0,0.0,0.0,0.0,0.0,0.0,0.0,0.0,0.0,False,50
LINC00996,0.001,0,0,0,3.0,3.0,3.0,,0.0,0.0,0.0,0.01,0.0,0.0,0.0,0.0,0.0,0.0,0.0,0.0,0.0,0.0,False,50
NXF5,0.001,0,0,0,3.0,3.0,3.0,0.0,0.0,0.01,0.0,0.0,0.0,0.0,0.0,0.0,0.0,0.0,0.0,0.01,0.0,0.0,False,50
OR52A1,0.001,0,0,0,3.0,3.0,3.0,,0.0,0.0,0.0,0.01,0.0,0.0,0.0,0.0,0.0,0.0,0.0,0.0,0.0,0.0,False,50
PARD3-AS1,0.001,0,0,0,3.0,3.0,3.0,,0.0,0.0,0.0,0.01,0.0,0.0,0.0,0.0,0.0,0.0,0.0,0.0,0.0,0.0,False,50
ZBTB46-AS1,0.001,0,0,0,3.0,3.0,3.0,,0.0,0.0,0.0,0.01,0.0,0.0,0.0,0.0,0.0,0.0,0.0,0.0,0.0,0.0,False,50
BBS5,0.001,0,0,0,4.0,4.0,4.0,,0.0,0.0,0.0,0.01,0.0,0.0,0.0,0.0,0.0,0.0,0.0,0.0,0.0,0.0,False,50
CAMK2B,0.001,0,0,0,4.0,4.0,4.0,,0.0,0.0,0.0,0.01,0.0,0.0,0.0,0.0,0.0,0.0,0.0,0.0,0.0,0.0,False,50
COL4A4,0.001,0,0,0,5.0,5.0,5.0,,0.0,0.0,0.0,0.01,0.0,0.0,0.0,0.0,0.0,0.0,0.0,0.0,0.0,0.0,False,50
HSPC324,0.001,0,0,0,5.0,5.0,5.0,1.0,0.0,0.01,0.0,0.0,0.0,0.0,0.0,0.0,0.0,0.0,0.0,0.0,0.0,0.0,False,50
LOC100996724,0.001,0,0,0,5.0,5.0,5.0,0.0,0.0,0.01,0.0,0.0,0.0,0.0,0.0,0.0,0.0,0.0,0.0,0.0,0.0,0.0,False,50
MYLK4,0.001,0,0,0,5.0,5.0,5.0,,0.0,0.0,0.0,0.01,0.0,0.0,0.0,0.0,0.0,0.0,0.0,0.0,0.0,0.0,False,50
SLC5A10,0.001,0,0,0,5.0,5.0,5.0,,0.0,0.0,0.0,0.01,0.0,0.0,0.0,0.0,0.0,0.0,0.0,0.0,0.0,0.0,False,50
SOX2,0.001,0,0,0,5.0,5.0,5.0,1.0,0.0,0.01,0.0,0.0,0.0,0.0,0.0,0.0,0.0,0.0,0.0,0.0,0.0,0.0,False,50
STMN4,0.001,0,0,0,5.0,5.0,5.0,,0.0,0.0,0.0,0.01,0.0,0.0,0.0,0.0,0.0,0.0,0.0,0.0,0.0,0.0,False,50
TRIM63,0.001,0,0,0,5.0,5.0,5.0,0.0,0.0,0.01,0.0,0.0,0.0,0.0,0.0,0.0,0.0,0.0,0.0,0.0,0.0,0.0,False,50
CAPSL,0.001,0,0,0,6.0,6.0,6.0,1.0,0.0,0.01,0.0,0.0,0.0,0.0,0.0,0.0,0.0,0.0,0.0,0.0,0.0,0.0,False,50
CD37,0.001,0,0,0,6.0,6.0,6.0,,0.0,0.0,0.0,0.01,0.0,0.0,0.0,0.0,0.0,0.0,0.0,0.0,0.0,0.0,False,50
DUSP19,0.001,0,0,0,6.0,6.0,6.0,,0.0,0.0,0.0,0.01,0.0,0.0,0.0,0.0,0.0,0.0,0.0,0.0,0.0,0.0,False,50
LINC01103,0.001,0,0,0,6.0,6.0,6.0,,0.0,0.0,0.0,0.01,0.0,0.0,0.0,0.0,0.0,0.0,0.0,0.0,0.0,0.0,False,50
LOC101928161,0.001,0,0,0,6.0,6.0,6.0,,0.0,0.0,0.0,0.01,0.0,0.0,0.0,0.0,0.0,0.0,0.0,0.0,0.0,0.0,False,50
LOC285000,0.001,0,0,0,6.0,6.0,6.0,0.0,0.0,0.01,0.0,0.0,0.0,0.0,0.0,0.0,0.0,0.0,0.0,0.0,0.0,0.0,False,50
LOC399716,0.001,0,0,0,6.0,6.0,6.0,1.0,0.0,0.01,0.0,0.0,0.0,0.0,0.0,0.0,0.0,0.0,0.0,0.0,0.0,0.0,False,50
TENM4,0.001,0,0,0,6.0,6.0,6.0,1.0,0.0,0.0,0.01,0.0,0.0,0.0,0.0,0.0,0.0,0.0,0.0,0.0,0.0,0.0,False,50
ABCB5,0.001,0,0,0,7.0,7.0,7.0,,0.0,0.0,0.0,0.01,0.0,0.0,0.0,0.0,0.0,0.0,0.0,0.0,0.0,0.0,False,50
EXTL3-AS1,0.001,0,0,0,7.0,7.0,7.0,,0.0,0.0,0.0,0.01,0.0,0.0,0.0,0.0,0.0,0.0,0.0,0.0,0.0,0.0,False,50
LOC100507403,0.001,0,0,0,7.0,7.0,7.0,1.0,0.0,0.01,0.0,0.0,0.0,0.0,0.0,0.0,0.0,0.0,0.0,0.0,0.0,0.0,False,50
PCP4,0.001,0,0,0,7.0,7.0,7.0,,0.0,0.0,0.0,0.01,0.0,0.0,0.0,0.0,0.0,0.0,0.0,0.0,0.0,0.0,False,50
RCC1L,0.001,0,0,0,7.0,7.0,7.0,,0.0,0.0,0.0,0.01,0.0,0.0,0.0,0.0,0.0,0.0,0.0,0.0,0.0,0.0,False,50
RNF123,0.001,0,0,0,7.0,7.0,7.0,,0.0,0.0,0.0,0.01,0.0,0.0,0.0,0.0,0.0,0.0,0.0,0.0,0.0,0.0,False,50
DACH1,0.001,0,0,0,8.0,8.0,8.0,1.0,0.0,0.0,0.01,0.0,0.0,0.0,0.0,0.0,0.0,0.0,0.0,0.0,0.0,0.0,False,50
FUT2,0.001,0,0,0,8.0,8.0,8.0,1.0,0.0,0.01,0.0,0.0,0.0,0.0,0.0,0.0,0.0,0.0,0.0,0.0,0.0,0.0,False,50
HK2,0.001,0,0,0,8.0,8.0,8.0,,0.0,0.0,0.0,0.01,0.0,0.0,0.0,0.0,0.0,0.0,0.0,0.0,0.0,0.0,False,50
LOC100129112,0.001,0,0,0,8.0,8.0,8.0,0.0,0.0,0.01,0.0,0.0,0.0,0.0,0.0,0.0,0.0,0.0,0.0,0.0,0.0,0.0,False,50
LOC105378470,0.001,0,0,0,8.0,8.0,8.0,,0.0,0.0,0.0,0.01,0.0,0.0,0.0,0.0,0.0,0.0,0.0,0.0,0.0,0.0,False,50
NCAM2,0.001,0,0,0,8.0,8.0,8.0,1.0,0.0,0.01,0.0,0.0,0.0,0.0,0.0,0.0,0.0,0.0,0.0,0.0,0.0,0.0,False,50
P3H4,0.001,0,0,0,8.0,8.0,8.0,,0.0,0.0,0.0,0.01,0.0,0.0,0.0,0.0,0.0,0.0,0.0,0.0,0.0,0.0,False,50
PLXNA4,0.001,0,0,0,8.0,8.0,8.0,1.0,0.0,0.0,0.0,0.0,0.0,0.0,0.0,0.01,0.0,0.0,0.0,0.0,0.0,0.0,False,50
TREML1,0.001,0,0,0,8.0,8.0,8.0,,0.0,0.0,0.0,0.01,0.0,0.0,0.0,0.0,0.0,0.0,0.0,0.0,0.0,0.0,False,50
WDR11-AS1,0.001,0,0,0,8.0,8.0,8.0,,0.0,0.0,0.0,0.01,0.0,0.0,0.0,0.0,0.0,0.0,0.0,0.0,0.0,0.0,False,50
COL17A1,0.001,0,0,0,9.0,9.0,9.0,,0.0,0.0,0.0,0.01,0.0,0.0,0.0,0.0,0.0,0.0,0.0,0.0,0.0,0.0,False,50
GLB1L3,0.001,0,0,0,9.0,9.0,9.0,1.0,0.0,0.01,0.0,0.0,0.0,0.0,0.0,0.0,0.0,0.0,0.0,0.0,0.0,0.0,False,50
SERPINA7,0.001,0,0,0,9.0,9.0,9.0,,0.0,0.0,0.0,0.01,0.0,0.0,0.0,0.0,0.0,0.0,0.0,0.0,0.0,0.0,False,50
TPBGL,0.001,0,0,0,9.0,9.0,9.0,,0.0,0.0,0.0,0.01,0.0,0.0,0.0,0.0,0.0,0.0,0.0,0.0,0.0,0.0,False,50
UMOD,0.001,0,0,0,9.0,9.0,9.0,0.0,0.0,0.01,0.0,0.0,0.0,0.0,0.0,0.0,0.0,0.0,0.0,0.0,0.0,0.0,False,50
ZNF99,0.001,0,0,0,9.0,9.0,9.0,0.0,0.0,0.01,0.0,0.0,0.0,0.0,0.0,0.0,0.0,0.0,0.0,0.01,0.0,0.0,False,50
AK5,0.001,0,0,0,10.0,10.0,10.0,,0.0,0.0,0.0,0.01,0.0,0.0,0.0,0.0,0.0,0.0,0.0,0.0,0.0,0.0,False,50
C12orf65,0.001,0,0,0,10.0,10.0,10.0,,0.0,0.0,0.0,0.01,0.0,0.0,0.0,0.0,0.0,0.0,0.0,0.0,0.0,0.0,False,50
FSTL4,0.001,0,0,0,10.0,10.0,10.0,,0.0,0.0,0.0,0.01,0.0,0.0,0.0,0.0,0.0,0.0,0.0,0.0,0.0,0.0,False,50
LGALS4,0.001,0,0,0,10.0,10.0,10.0,,0.0,0.0,0.0,0.01,0.0,0.0,0.0,0.0,0.0,0.0,0.0,0.0,0.0,0.0,False,50
MT4,0.001,0,0,0,10.0,10.0,10.0,1.0,0.0,0.0,0.0,0.0,0.01,0.0,0.0,0.0,0.0,0.0,0.0,0.0,0.01,0.0,False,50
PGM1,0.001,0,0,0,10.0,10.0,10.0,,0.0,0.0,0.0,0.01,0.0,0.0,0.0,0.0,0.0,0.0,0.0,0.0,0.0,0.0,False,50
C14orf39,0.001,0,0,0,11.0,11.0,11.0,1.0,0.0,0.01,0.0,0.0,0.0,0.0,0.0,0.0,0.0,0.0,0.0,0.0,0.0,0.0,False,50
CFHR5,0.001,0,0,0,11.0,11.0,11.0,1.0,0.0,0.01,0.0,0.0,0.0,0.0,0.0,0.0,0.0,0.0,0.0,0.0,0.0,0.0,False,50
CYP2J2,0.001,0,0,0,11.0,11.0,11.0,,0.0,0.0,0.0,0.01,0.0,0.0,0.0,0.0,0.0,0.0,0.0,0.0,0.0,0.0,False,50
GABRA5,0.001,0,0,0,11.0,11.0,11.0,1.0,0.0,0.01,0.0,0.0,0.0,0.0,0.0,0.0,0.0,0.0,0.0,0.0,0.0,0.0,False,50
HIPK4,0.001,0,0,0,11.0,11.0,11.0,,0.0,0.0,0.0,0.01,0.0,0.0,0.0,0.0,0.0,0.0,0.0,0.0,0.0,0.0,False,50
IGF2BP2-AS1,0.001,0,0,0,11.0,11.0,11.0,0.0,0.0,0.01,0.0,0.0,0.0,0.0,0.0,0.0,0.0,0.0,0.0,0.0,0.0,0.0,False,50
IQCF4,0.001,0,0,0,11.0,11.0,11.0,1.0,0.0,0.0,0.0,0.0,0.01,0.0,0.0,0.0,0.0,0.0,0.0,0.0,0.01,0.0,False,50
RUVBL2,0.001,0,0,0,11.0,11.0,11.0,1.0,0.0,0.0,0.01,0.0,0.0,0.0,0.0,0.0,0.0,0.0,0.0,0.0,0.0,0.0,False,50
APIP,0.001,0,0,0,12.0,12.0,12.0,,0.0,0.0,0.0,0.01,0.0,0.0,0.0,0.0,0.0,0.0,0.0,0.0,0.0,0.0,False,50
C17orf47,0.001,0,0,0,12.0,12.0,12.0,,0.0,0.0,0.0,0.01,0.0,0.0,0.0,0.0,0.0,0.0,0.0,0.0,0.0,0.0,False,50
ELSPBP1,0.001,0,0,0,12.0,12.0,12.0,,0.0,0.0,0.0,0.01,0.0,0.0,0.0,0.0,0.0,0.0,0.0,0.0,0.0,0.0,False,50
EQTN,0.001,0,0,0,12.0,12.0,12.0,1.0,0.0,0.0,0.0,0.01,0.0,0.0,0.0,0.0,0.0,0.0,0.0,0.0,0.01,0.0,False,50
FMR1NB,0.001,0,0,0,12.0,12.0,12.0,0.0,0.0,0.01,0.0,0.0,0.0,0.0,0.0,0.0,0.0,0.0,0.0,0.0,0.0,0.0,False,50
FOXF2,0.001,0,0,0,12.0,12.0,12.0,1.0,0.0,0.01,0.0,0.0,0.0,0.0,0.0,0.0,0.0,0.0,0.0,0.0,0.0,0.0,False,50
MFSD13A,0.001,0,0,0,12.0,12.0,12.0,,0.0,0.0,0.0,0.01,0.0,0.0,0.0,0.0,0.0,0.0,0.0,0.0,0.0,0.0,False,50
MYCL,0.001,0,0,0,12.0,12.0,12.0,,0.0,0.0,0.0,0.01,0.0,0.0,0.0,0.0,0.0,0.0,0.0,0.0,0.0,0.0,False,50
PLS1,0.001,0,0,0,12.0,12.0,12.0,1.0,0.0,0.0,0.01,0.0,0.0,0.0,0.0,0.0,0.0,0.0,0.0,0.0,0.0,0.0,False,50
SNORA17B,0.001,0,0,0,12.0,12.0,12.0,,0.0,0.0,0.0,0.01,0.0,0.0,0.0,0.0,0.0,0.0,0.0,0.0,0.0,0.0,False,50
TAF11,0.001,0,0,0,12.0,12.0,12.0,1.0,0.0,0.0,0.01,0.0,0.0,0.0,0.0,0.0,0.0,0.0,0.0,0.0,0.0,0.0,False,50
TFPI2,0.001,0,0,0,12.0,12.0,12.0,0.0,0.0,0.0,0.01,0.0,0.0,0.0,0.0,0.0,0.0,0.0,0.0,0.0,0.0,0.0,False,50
TTTY13,0.001,0,0,0,12.0,12.0,12.0,,0.0,0.0,0.0,0.01,0.0,0.0,0.0,0.0,0.0,0.0,0.0,0.0,0.0,0.0,False,50
ZNF621,0.001,0,0,0,12.0,12.0,12.0,1.0,0.0,0.0,0.01,0.0,0.0,0.0,0.0,0.0,0.0,0.0,0.0,0.0,0.0,0.0,False,50
DOCK10,0.001,0,0,0,13.0,13.0,13.0,0.0,0.0,0.0,0.01,0.0,0.0,0.0,0.0,0.0,0.0,0.0,0.0,0.0,0.0,0.0,False,50
FAM20A,0.001,0,0,0,13.0,13.0,13.0,,0.0,0.0,0.0,0.01,0.0,0.0,0.0,0.0,0.0,0.0,0.0,0.0,0.0,0.0,False,50
HTR2C,0.001,0,0,0,13.0,13.0,13.0,1.0,0.0,0.01,0.0,0.0,0.0,0.0,0.0,0.0,0.0,0.0,0.0,0.0,0.0,0.0,False,50
LACTB2,0.001,0,0,0,13.0,13.0,13.0,1.0,0.0,0.0,0.01,0.0,0.0,0.0,0.0,0.0,0.0,0.0,0.0,0.0,0.0,0.0,False,50
LINC00869,0.001,0,0,0,13.0,13.0,13.0,,0.0,0.0,0.0,0.01,0.0,0.0,0.0,0.0,0.0,0.0,0.0,0.0,0.0,0.0,False,50
LOC100507336,0.001,0,0,0,13.0,13.0,13.0,0.0,0.0,0.01,0.0,0.0,0.0,0.0,0.0,0.0,0.0,0.0,0.0,0.02,0.0,0.0,False,50
PSD,0.001,0,0,0,13.0,13.0,13.0,,0.0,0.0,0.0,0.01,0.0,0.0,0.0,0.0,0.0,0.0,0.0,0.0,0.0,0.0,False,50
TBX3,0.001,0,0,0,13.0,13.0,13.0,0.0,0.0,0.0,0.01,0.0,0.0,0.0,0.0,0.0,0.0,0.0,0.0,0.0,0.0,0.0,False,50
TSSK3,0.001,0,0,0,13.0,13.0,13.0,,0.0,0.0,0.0,0.01,0.0,0.0,0.0,0.0,0.0,0.0,0.0,0.0,0.0,0.0,False,50
CDC37L1,0.001,0,0,0,14.0,14.0,14.0,,0.0,0.0,0.0,0.01,0.0,0.0,0.0,0.0,0.0,0.0,0.0,0.0,0.0,0.0,False,50
CLEC11A,0.001,0,0,0,14.0,14.0,14.0,,0.0,0.0,0.0,0.01,0.0,0.0,0.0,0.0,0.0,0.0,0.0,0.0,0.0,0.0,False,50
EIF1,0.001,0,0,0,14.0,14.0,14.0,,0.0,0.0,0.0,0.01,0.0,0.0,0.0,0.0,0.0,0.0,0.0,0.0,0.0,0.0,False,50
FRY-AS1,0.001,0,0,0,14.0,14.0,14.0,,0.0,0.0,0.0,0.01,0.0,0.0,0.0,0.0,0.0,0.0,0.0,0.0,0.0,0.0,False,50
FYTTD1,0.001,0,0,0,14.0,14.0,14.0,,0.0,0.0,0.0,0.01,0.0,0.0,0.0,0.0,0.0,0.0,0.0,0.0,0.0,0.0,False,50
HAS1,0.001,0,0,0,14.0,14.0,14.0,0.0,0.0,0.0,0.0,0.01,0.0,0.0,0.0,0.0,0.0,0.0,0.0,0.02,0.0,0.0,False,50
LINC00935,0.001,0,0,0,14.0,14.0,14.0,1.0,0.0,0.01,0.0,0.0,0.0,0.0,0.0,0.0,0.0,0.0,0.0,0.0,0.0,0.0,False,50
LINC01019,0.001,0,0,0,14.0,14.0,14.0,0.0,0.0,0.01,0.0,0.0,0.0,0.0,0.0,0.0,0.0,0.0,0.0,0.01,0.0,0.0,False,50
LINC01102,0.001,0,0,0,14.0,14.0,14.0,,0.0,0.0,0.0,0.01,0.0,0.0,0.0,0.0,0.0,0.0,0.0,0.0,0.0,0.0,False,50
LINC01490,0.001,0,0,0,14.0,14.0,14.0,,0.0,0.0,0.0,0.01,0.0,0.0,0.0,0.0,0.0,0.0,0.0,0.0,0.0,0.0,False,50
NAIF1,0.001,0,0,0,14.0,14.0,14.0,1.0,0.0,0.01,0.0,0.0,0.0,0.0,0.0,0.0,0.0,0.0,0.0,0.0,0.0,0.0,False,50
NUTM2B,0.001,0,0,0,14.0,14.0,14.0,,0.0,0.0,0.0,0.01,0.0,0.0,0.0,0.0,0.0,0.0,0.0,0.0,0.0,0.0,False,50
OSR2,0.001,0,0,0,14.0,14.0,14.0,1.0,0.0,0.0,0.01,0.0,0.0,0.0,0.0,0.0,0.0,0.0,0.0,0.0,0.0,0.0,False,50
SEC24D,0.001,0,0,0,14.0,14.0,14.0,0.0,0.0,0.0,0.01,0.0,0.0,0.0,0.0,0.0,0.0,0.0,0.0,0.0,0.0,0.0,False,50
VMP1,0.001,0,0,0,14.0,14.0,14.0,1.0,0.0,0.0,0.01,0.0,0.0,0.0,0.0,0.0,0.0,0.0,0.0,0.0,0.0,0.0,False,50
CDKN2B,0.001,0,0,0,15.0,15.0,15.0,1.0,0.0,0.0,0.0,0.0,0.0,0.0,0.0,0.01,0.0,0.0,0.0,0.0,0.0,0.0,False,50
FOXP1-IT1,0.001,0,0,0,15.0,15.0,15.0,0.0,0.0,0.0,0.01,0.0,0.0,0.0,0.0,0.0,0.0,0.0,0.0,0.0,0.0,0.0,False,50
HIST3H2A,0.001,0,0,0,15.0,15.0,15.0,0.0,0.0,0.0,0.01,0.0,0.0,0.0,0.0,0.0,0.0,0.0,0.0,0.0,0.0,0.0,False,50
LINC00644,0.001,0,0,0,15.0,15.0,15.0,,0.0,0.0,0.0,0.01,0.0,0.0,0.0,0.0,0.0,0.0,0.0,0.0,0.0,0.0,False,50
LOC101930405,0.001,0,0,0,15.0,15.0,15.0,,0.0,0.0,0.0,0.01,0.0,0.0,0.0,0.0,0.0,0.0,0.0,0.0,0.0,0.0,False,50
NTNG1,0.001,0,0,0,15.0,15.0,15.0,1.0,0.0,0.01,0.0,0.0,0.0,0.0,0.0,0.0,0.0,0.0,0.0,0.0,0.0,0.0,False,50
SYNPR,0.001,0,0,0,15.0,15.0,15.0,0.0,0.0,0.0,0.0,0.01,0.0,0.0,0.0,0.0,0.0,0.0,0.0,0.02,0.0,0.0,False,50
TCHH,0.001,0,0,0,15.0,15.0,15.0,1.0,0.0,0.01,0.0,0.0,0.0,0.0,0.0,0.0,0.0,0.0,0.0,0.0,0.0,0.0,False,50
THSD4,0.001,0,0,0,15.0,15.0,15.0,,0.0,0.0,0.0,0.01,0.0,0.0,0.0,0.0,0.0,0.0,0.0,0.0,0.0,0.0,False,50
ZNF660,0.001,0,0,0,15.0,15.0,15.0,,0.0,0.0,0.0,0.01,0.0,0.0,0.0,0.0,0.0,0.0,0.0,0.0,0.0,0.0,False,50
CYP4F12,0.001,0,0,0,16.0,16.0,16.0,1.0,0.0,0.0,0.01,0.0,0.0,0.0,0.0,0.0,0.0,0.0,0.0,0.0,0.0,0.0,False,50
GCNT7,0.001,0,0,0,16.0,16.0,16.0,,0.0,0.0,0.0,0.01,0.0,0.0,0.0,0.0,0.0,0.0,0.0,0.0,0.0,0.0,False,50
IGHV1-69,0.001,0,0,0,16.0,16.0,16.0,1.0,0.0,0.01,0.0,0.0,0.0,0.0,0.0,0.0,0.0,0.0,0.0,0.0,0.0,0.0,False,50
KDM5D,0.001,0,0,0,16.0,16.0,16.0,0.0,0.0,0.01,0.0,0.0,0.0,0.0,0.0,0.0,0.0,0.0,0.0,0.02,0.0,0.0,False,50
LOC100131496,0.001,0,0,0,16.0,16.0,16.0,,0.0,0.0,0.0,0.01,0.0,0.0,0.0,0.0,0.0,0.0,0.0,0.0,0.0,0.0,False,50
LOC101060553,0.001,0,0,0,16.0,16.0,16.0,,0.0,0.0,0.0,0.01,0.0,0.0,0.0,0.0,0.0,0.0,0.0,0.0,0.0,0.0,False,50
LOC105372762,0.001,0,0,0,16.0,16.0,16.0,,0.0,0.0,0.0,0.01,0.0,0.0,0.0,0.0,0.0,0.0,0.0,0.0,0.0,0.0,False,50
NPFFR2,0.001,0,0,0,16.0,16.0,16.0,1.0,0.0,0.01,0.0,0.0,0.0,0.0,0.0,0.0,0.0,0.0,0.0,0.0,0.0,0.0,False,50
PFKFB3,0.001,0,0,0,16.0,16.0,16.0,1.0,0.0,0.0,0.0,0.0,0.0,0.0,0.0,0.01,0.0,0.0,0.0,0.0,0.0,0.0,False,50
RGS3,0.001,0,0,0,16.0,16.0,16.0,,0.0,0.0,0.0,0.01,0.0,0.0,0.0,0.0,0.0,0.0,0.0,0.0,0.0,0.0,False,50
TWIST2,0.001,0,0,0,16.0,16.0,16.0,0.5,0.01,0.0,0.0,0.0,0.0,0.0,0.0,0.01,0.0,0.0,0.0,0.0,0.0,0.01,False,50
UNC13C,0.001,0,0,0,16.0,16.0,16.0,,0.0,0.0,0.0,0.01,0.0,0.0,0.0,0.0,0.0,0.0,0.0,0.0,0.0,0.0,False,50
XG,0.001,0,0,0,16.0,16.0,16.0,,0.0,0.0,0.0,0.01,0.0,0.0,0.0,0.0,0.0,0.0,0.0,0.0,0.0,0.0,False,50
ACP5,0.001,0,0,0,17.0,17.0,17.0,,0.0,0.0,0.0,0.01,0.0,0.0,0.0,0.0,0.0,0.0,0.0,0.0,0.0,0.0,False,50
ACVR2B,0.001,0,0,0,17.0,17.0,17.0,,0.0,0.0,0.0,0.01,0.0,0.0,0.0,0.0,0.0,0.0,0.0,0.0,0.0,0.0,False,50
APOBEC3D,0.001,0,0,0,17.0,17.0,17.0,0.0,0.0,0.01,0.0,0.0,0.0,0.0,0.0,0.0,0.0,0.0,0.0,0.01,0.0,0.0,False,50
ARPP21,0.001,0,0,0,17.0,17.0,17.0,1.0,0.0,0.01,0.0,0.0,0.0,0.0,0.0,0.0,0.0,0.0,0.0,0.0,0.0,0.0,False,50
DTYMK,0.001,0,0,0,17.0,17.0,17.0,1.0,0.0,0.0,0.01,0.0,0.0,0.0,0.0,0.0,0.0,0.0,0.0,0.0,0.0,0.0,False,50
FGFR3,0.001,0,0,0,17.0,17.0,17.0,0.975609756097561,0.4,0.0,0.01,0.0,0.0,0.0,0.0,0.0,0.0,0.0,0.0,0.0,0.0,0.4,False,50
GPR137,0.001,0,0,0,17.0,17.0,17.0,1.0,0.0,0.01,0.0,0.0,0.0,0.0,0.0,0.0,0.0,0.0,0.0,0.0,0.0,0.0,False,50
HMGCLL1,0.001,0,0,0,17.0,17.0,17.0,,0.0,0.0,0.0,0.01,0.0,0.0,0.0,0.0,0.0,0.0,0.0,0.0,0.0,0.0,False,50
INPP4B,0.001,0,0,0,17.0,17.0,17.0,,0.0,0.0,0.0,0.01,0.0,0.0,0.0,0.0,0.0,0.0,0.0,0.0,0.0,0.0,False,50
LOC100129973,0.001,0,0,0,17.0,17.0,17.0,1.0,0.0,0.01,0.0,0.0,0.0,0.0,0.0,0.0,0.0,0.0,0.0,0.0,0.0,0.0,False,50
LOC101927604,0.001,0,0,0,17.0,17.0,17.0,,0.0,0.0,0.0,0.01,0.0,0.0,0.0,0.0,0.0,0.0,0.0,0.0,0.0,0.0,False,50
LOC102724511,0.001,0,0,0,17.0,17.0,17.0,,0.0,0.0,0.0,0.01,0.0,0.0,0.0,0.0,0.0,0.0,0.0,0.0,0.0,0.0,False,50
MGAT4D,0.001,0,0,0,17.0,17.0,17.0,0.0,0.0,0.01,0.0,0.0,0.0,0.0,0.0,0.0,0.0,0.0,0.0,0.0,0.0,0.0,False,50
NGFR,0.001,0,0,0,17.0,17.0,17.0,,0.0,0.0,0.0,0.01,0.0,0.0,0.0,0.0,0.0,0.0,0.0,0.0,0.0,0.0,False,50
NME8,0.001,0,0,0,17.0,17.0,17.0,1.0,0.0,0.01,0.0,0.0,0.0,0.0,0.0,0.0,0.0,0.0,0.0,0.0,0.0,0.0,False,50
OMD,0.001,0,0,0,17.0,17.0,17.0,0.0,0.0,0.0,0.01,0.0,0.0,0.0,0.0,0.0,0.0,0.0,0.0,0.0,0.0,0.0,False,50
ROM1,0.001,0,0,0,17.0,17.0,17.0,0.0,0.0,0.01,0.0,0.0,0.0,0.0,0.0,0.0,0.0,0.0,0.0,0.0,0.0,0.0,False,50
A1CF,0.001,0,0,0,18.0,18.0,18.0,,0.0,0.0,0.0,0.01,0.0,0.0,0.0,0.0,0.0,0.0,0.0,0.0,0.0,0.0,False,50
C1orf204,0.001,0,0,0,18.0,18.0,18.0,0.0,0.0,0.01,0.0,0.0,0.0,0.0,0.0,0.0,0.0,0.0,0.0,0.0,0.0,0.0,False,50
CASP6,0.001,0,0,0,18.0,18.0,18.0,,0.0,0.0,0.0,0.01,0.0,0.0,0.0,0.0,0.0,0.0,0.0,0.0,0.0,0.0,False,50
CBX8,0.001,0,0,0,18.0,18.0,18.0,,0.0,0.0,0.0,0.01,0.0,0.0,0.0,0.0,0.0,0.0,0.0,0.0,0.0,0.0,False,50
CDK9,0.001,0,0,0,18.0,18.0,18.0,,0.0,0.0,0.0,0.01,0.0,0.0,0.0,0.0,0.0,0.0,0.0,0.0,0.0,0.0,False,50
DDX58,0.001,0,0,0,18.0,18.0,18.0,0.0,0.0,0.0,0.01,0.0,0.0,0.0,0.0,0.0,0.0,0.0,0.0,0.0,0.0,0.0,False,50
FBXL13,0.001,0,0,0,18.0,18.0,18.0,,0.0,0.0,0.0,0.01,0.0,0.0,0.0,0.0,0.0,0.0,0.0,0.0,0.0,0.0,False,50
IER5,0.001,0,0,0,18.0,18.0,18.0,0.0,0.0,0.0,0.01,0.0,0.0,0.0,0.0,0.0,0.0,0.0,0.0,0.0,0.0,0.0,False,50
IFNW1,0.001,0,0,0,18.0,18.0,18.0,0.0,0.0,0.01,0.0,0.0,0.0,0.0,0.0,0.0,0.0,0.0,0.0,0.0,0.0,0.0,False,50
LOC101928535,0.001,0,0,0,18.0,18.0,18.0,0.0,0.0,0.01,0.0,0.0,0.0,0.0,0.0,0.0,0.0,0.0,0.0,0.0,0.0,0.0,False,50
PCDHGA4,0.001,0,0,0,18.0,18.0,18.0,0.0,0.0,0.0,0.01,0.0,0.0,0.0,0.0,0.0,0.0,0.0,0.0,0.0,0.0,0.0,False,50
RNF128,0.001,0,0,0,18.0,18.0,18.0,,0.0,0.0,0.0,0.01,0.0,0.0,0.0,0.0,0.0,0.0,0.0,0.0,0.0,0.0,False,50
ZNF484,0.001,0,0,0,18.0,18.0,18.0,1.0,0.0,0.01,0.0,0.0,0.0,0.0,0.0,0.0,0.0,0.0,0.0,0.0,0.0,0.0,False,50
CA2,0.001,0,0,0,19.0,19.0,19.0,0.0,0.0,0.0,0.01,0.0,0.0,0.0,0.0,0.0,0.0,0.0,0.0,0.0,0.0,0.0,False,50
DECR1,0.001,0,0,0,19.0,19.0,19.0,,0.0,0.0,0.0,0.01,0.0,0.0,0.0,0.0,0.0,0.0,0.0,0.0,0.0,0.0,False,50
FAM19A4,0.001,0,0,0,19.0,19.0,19.0,,0.0,0.0,0.0,0.01,0.0,0.0,0.0,0.0,0.0,0.0,0.0,0.0,0.0,0.0,False,50
IDI1,0.001,0,0,0,19.0,19.0,19.0,0.0,0.0,0.0,0.01,0.0,0.0,0.0,0.0,0.0,0.0,0.0,0.0,0.0,0.0,0.0,False,50
LOC100508631,0.001,0,0,0,19.0,19.0,19.0,0.0,0.0,0.0,0.0,0.01,0.0,0.0,0.0,0.0,0.0,0.0,0.0,0.01,0.0,0.0,False,50
LOC105377276,0.001,0,0,0,19.0,19.0,19.0,,0.0,0.0,0.0,0.01,0.0,0.0,0.0,0.0,0.0,0.0,0.0,0.0,0.0,0.0,False,50
MAN1C1,0.001,0,0,0,19.0,19.0,19.0,0.0,0.0,0.0,0.01,0.0,0.0,0.0,0.0,0.0,0.0,0.0,0.0,0.0,0.0,0.0,False,50
MARCH3,0.001,0,0,0,19.0,19.0,19.0,,0.0,0.0,0.0,0.01,0.0,0.0,0.0,0.0,0.0,0.0,0.0,0.0,0.0,0.0,False,50
RAD18,0.001,0,0,0,19.0,19.0,19.0,1.0,0.0,0.01,0.0,0.0,0.0,0.0,0.0,0.0,0.0,0.0,0.0,0.0,0.0,0.0,False,50
SLC39A11,0.001,0,0,0,19.0,19.0,19.0,1.0,0.0,0.0,0.01,0.0,0.0,0.0,0.0,0.0,0.0,0.0,0.0,0.0,0.0,0.0,False,50
SPTB,0.001,0,0,0,19.0,19.0,19.0,,0.0,0.0,0.0,0.01,0.0,0.0,0.0,0.0,0.0,0.0,0.0,0.0,0.0,0.0,False,50
TERF2IP,0.001,0,0,0,19.0,19.0,19.0,,0.0,0.0,0.0,0.01,0.0,0.0,0.0,0.0,0.0,0.0,0.0,0.0,0.0,0.0,False,50
TNXB,0.001,0,0,0,19.0,19.0,19.0,,0.0,0.0,0.0,0.01,0.0,0.0,0.0,0.0,0.0,0.0,0.0,0.0,0.0,0.0,False,50
UGT3A1,0.001,0,0,0,19.0,19.0,19.0,,0.0,0.0,0.0,0.01,0.0,0.0,0.0,0.0,0.0,0.0,0.0,0.0,0.0,0.0,False,50
ALS2,0.001,0,0,0,20.0,20.0,20.0,1.0,0.0,0.0,0.0,0.0,0.0,0.01,0.0,0.0,0.0,0.0,0.0,0.0,0.0,0.0,False,50
ANP32B,0.001,0,0,0,20.0,20.0,20.0,,0.0,0.0,0.0,0.01,0.0,0.0,0.0,0.0,0.0,0.0,0.0,0.0,0.0,0.0,False,50
CGRRF1,0.001,0,0,0,20.0,20.0,20.0,1.0,0.0,0.0,0.0,0.0,0.0,0.0,0.0,0.01,0.0,0.0,0.0,0.0,0.0,0.0,False,50
CMTM8,0.001,0,0,0,20.0,20.0,20.0,0.0,0.0,0.0,0.01,0.0,0.0,0.0,0.0,0.0,0.0,0.0,0.0,0.0,0.0,0.0,False,50
CST2,0.001,0,0,0,20.0,20.0,20.0,1.0,0.0,0.01,0.0,0.0,0.0,0.0,0.0,0.0,0.0,0.0,0.0,0.0,0.0,0.0,False,50
CYP26A1,0.001,0,0,0,20.0,20.0,20.0,1.0,0.0,0.01,0.0,0.0,0.0,0.0,0.0,0.0,0.0,0.0,0.0,0.0,0.0,0.0,False,50
DRC1,0.001,0,0,0,20.0,20.0,20.0,0.0,0.0,0.01,0.0,0.0,0.0,0.0,0.0,0.0,0.0,0.0,0.0,0.02,0.0,0.0,False,50
FRMD6-AS1,0.001,0,0,0,20.0,20.0,20.0,,0.0,0.0,0.0,0.01,0.0,0.0,0.0,0.0,0.0,0.0,0.0,0.0,0.0,0.0,False,50
GMDS-AS1,0.001,0,0,0,20.0,20.0,20.0,,0.0,0.0,0.0,0.01,0.0,0.0,0.0,0.0,0.0,0.0,0.0,0.0,0.0,0.0,False,50
LOC100128281,0.001,0,0,0,20.0,20.0,20.0,,0.0,0.0,0.0,0.01,0.0,0.0,0.0,0.0,0.0,0.0,0.0,0.0,0.0,0.0,False,50
LOC101928995,0.001,0,0,0,20.0,20.0,20.0,0.0,0.0,0.01,0.0,0.0,0.0,0.0,0.0,0.0,0.0,0.0,0.0,0.0,0.0,0.0,False,50
LOC102723692,0.001,0,0,0,20.0,20.0,20.0,,0.0,0.0,0.0,0.01,0.0,0.0,0.0,0.0,0.0,0.0,0.0,0.0,0.0,0.0,False,50
LOC221122,0.001,0,0,0,20.0,20.0,20.0,,0.0,0.0,0.0,0.01,0.0,0.0,0.0,0.0,0.0,0.0,0.0,0.0,0.0,0.0,False,50
MUC3B,0.001,0,0,0,20.0,20.0,20.0,,0.0,0.0,0.0,0.01,0.0,0.0,0.0,0.0,0.0,0.0,0.0,0.0,0.0,0.0,False,50
PLIN5,0.001,0,0,0,20.0,20.0,20.0,1.0,0.0,0.0,0.0,0.0,0.0,0.01,0.0,0.0,0.0,0.0,0.0,0.0,0.0,0.0,False,50
RAD23B,0.001,0,0,0,20.0,20.0,20.0,,0.0,0.0,0.0,0.01,0.0,0.0,0.0,0.0,0.0,0.0,0.0,0.0,0.0,0.0,False,50
C2CD4B,0.001,0,0,0,21.0,21.0,21.0,,0.0,0.0,0.0,0.01,0.0,0.0,0.0,0.0,0.0,0.0,0.0,0.0,0.0,0.0,False,50
CCDC168,0.001,0,0,0,21.0,21.0,21.0,,0.0,0.0,0.0,0.01,0.0,0.0,0.0,0.0,0.0,0.0,0.0,0.0,0.0,0.0,False,50
CRYGN,0.001,0,0,0,21.0,21.0,21.0,0.0,0.0,0.01,0.0,0.0,0.0,0.0,0.0,0.0,0.0,0.0,0.0,0.0,0.0,0.0,False,50
ITIH3,0.001,0,0,0,21.0,21.0,21.0,,0.0,0.0,0.0,0.01,0.0,0.0,0.0,0.0,0.0,0.0,0.0,0.0,0.0,0.0,False,50
KCNS1,0.001,0,0,0,21.0,21.0,21.0,,0.0,0.0,0.0,0.01,0.0,0.0,0.0,0.0,0.0,0.0,0.0,0.0,0.0,0.0,False,50
KRTCAP3,0.001,0,0,0,21.0,21.0,21.0,0.0,0.0,0.0,0.01,0.0,0.0,0.0,0.0,0.0,0.0,0.0,0.0,0.0,0.0,0.0,False,50
LOC100506016,0.001,0,0,0,21.0,21.0,21.0,,0.0,0.0,0.0,0.01,0.0,0.0,0.0,0.0,0.0,0.0,0.0,0.0,0.0,0.0,False,50
LOC105371708,0.001,0,0,0,21.0,21.0,21.0,,0.0,0.0,0.0,0.01,0.0,0.0,0.0,0.0,0.0,0.0,0.0,0.0,0.0,0.0,False,50
PPP1R1C,0.001,0,0,0,21.0,21.0,21.0,,0.0,0.0,0.0,0.01,0.0,0.0,0.0,0.0,0.0,0.0,0.0,0.0,0.0,0.0,False,50
RIMKLB,0.001,0,0,0,21.0,21.0,21.0,0.0,0.0,0.0,0.01,0.0,0.0,0.0,0.0,0.0,0.0,0.0,0.0,0.0,0.0,0.0,False,50
SPTLC3,0.001,0,0,0,21.0,21.0,21.0,,0.0,0.0,0.0,0.01,0.0,0.0,0.0,0.0,0.0,0.0,0.0,0.0,0.0,0.0,False,50
TF,0.001,0,0,0,21.0,21.0,21.0,1.0,0.0,0.0,0.01,0.0,0.0,0.0,0.0,0.0,0.0,0.0,0.0,0.0,0.0,0.0,False,50
YPEL4,0.001,0,0,0,21.0,21.0,21.0,,0.0,0.0,0.0,0.01,0.0,0.0,0.0,0.0,0.0,0.0,0.0,0.0,0.0,0.0,False,50
ZNF365,0.001,0,0,0,21.0,21.0,21.0,1.0,0.0,0.01,0.0,0.0,0.0,0.0,0.0,0.0,0.0,0.0,0.0,0.0,0.0,0.0,False,50
ZNRF1,0.001,0,0,0,21.0,21.0,21.0,,0.0,0.0,0.0,0.0,0.0,0.0,0.0,0.0,0.01,0.0,0.0,0.0,0.0,0.0,False,50
BTBD11,0.001,0,0,0,22.0,22.0,22.0,,0.0,0.0,0.0,0.01,0.0,0.0,0.0,0.0,0.0,0.0,0.0,0.0,0.0,0.0,False,50
COPS2,0.001,0,0,0,22.0,22.0,22.0,,0.0,0.0,0.0,0.01,0.0,0.0,0.0,0.0,0.0,0.0,0.0,0.0,0.0,0.0,False,50
DRP2,0.001,0,0,0,22.0,22.0,22.0,1.0,0.0,0.01,0.0,0.0,0.0,0.0,0.0,0.0,0.0,0.0,0.0,0.0,0.0,0.0,False,50
FAM166A,0.001,0,0,0,22.0,22.0,22.0,,0.0,0.0,0.0,0.01,0.0,0.0,0.0,0.0,0.0,0.0,0.0,0.0,0.0,0.0,False,50
FOXB1,0.001,0,0,0,22.0,22.0,22.0,,0.0,0.0,0.0,0.01,0.0,0.0,0.0,0.0,0.0,0.0,0.0,0.0,0.0,0.0,False,50
GPR146,0.001,0,0,0,22.0,22.0,22.0,1.0,0.0,0.0,0.0,0.0,0.0,0.0,0.0,0.01,0.0,0.0,0.0,0.0,0.0,0.0,False,50
GSTTP1,0.001,0,0,0,22.0,22.0,22.0,,0.0,0.0,0.0,0.01,0.0,0.0,0.0,0.0,0.0,0.0,0.0,0.0,0.0,0.0,False,50
LOC100506258,0.001,0,0,0,22.0,22.0,22.0,,0.0,0.0,0.0,0.01,0.0,0.0,0.0,0.0,0.0,0.0,0.0,0.0,0.0,0.0,False,50
LOC105371920,0.001,0,0,0,22.0,22.0,22.0,,0.0,0.0,0.0,0.01,0.0,0.0,0.0,0.0,0.0,0.0,0.0,0.0,0.0,0.0,False,50
LOC157740,0.001,0,0,0,22.0,22.0,22.0,,0.0,0.0,0.0,0.01,0.0,0.0,0.0,0.0,0.0,0.0,0.0,0.0,0.0,0.0,False,50
LOC388692,0.001,0,0,0,22.0,22.0,22.0,0.0,0.0,0.0,0.01,0.0,0.0,0.0,0.0,0.0,0.0,0.0,0.0,0.0,0.0,0.0,False,50
LOC646522,0.001,0,0,0,22.0,22.0,22.0,,0.0,0.0,0.0,0.01,0.0,0.0,0.0,0.0,0.0,0.0,0.0,0.0,0.0,0.0,False,50
MESP1,0.001,0,0,0,22.0,22.0,22.0,1.0,0.0,0.0,0.01,0.0,0.0,0.0,0.0,0.0,0.0,0.0,0.0,0.0,0.0,0.0,False,50
POU2F3,0.001,0,0,0,22.0,22.0,22.0,1.0,0.0,0.0,0.01,0.0,0.0,0.0,0.0,0.0,0.0,0.0,0.0,0.0,0.0,0.0,False,50
RFC1,0.001,0,0,0,22.0,22.0,22.0,,0.0,0.0,0.0,0.01,0.0,0.0,0.0,0.0,0.0,0.0,0.0,0.0,0.0,0.0,False,50
SYCN,0.001,0,0,0,22.0,22.0,22.0,0.0,0.0,0.01,0.0,0.0,0.0,0.0,0.0,0.0,0.0,0.0,0.0,0.0,0.0,0.0,False,50
AMMECR1,0.001,0,0,0,23.0,23.0,23.0,1.0,0.0,0.0,0.01,0.0,0.0,0.0,0.0,0.0,0.0,0.0,0.0,0.0,0.0,0.0,False,50
CEL,0.001,0,0,0,23.0,23.0,23.0,0.0,0.0,0.01,0.0,0.0,0.0,0.0,0.0,0.0,0.0,0.0,0.0,0.0,0.0,0.0,False,50
CEMIP,0.001,0,0,0,23.0,23.0,23.0,,0.0,0.0,0.0,0.01,0.0,0.0,0.0,0.0,0.0,0.0,0.0,0.0,0.0,0.0,False,50
GBA3,0.001,0,0,0,23.0,23.0,23.0,,0.0,0.0,0.0,0.01,0.0,0.0,0.0,0.0,0.0,0.0,0.0,0.0,0.0,0.0,False,50
KIR2DL3,0.001,0,0,0,23.0,23.0,23.0,,0.0,0.0,0.0,0.01,0.0,0.0,0.0,0.0,0.0,0.0,0.0,0.0,0.0,0.0,False,50
LIN9,0.001,0,0,0,23.0,23.0,23.0,,0.0,0.0,0.0,0.01,0.0,0.0,0.0,0.0,0.0,0.0,0.0,0.0,0.0,0.0,False,50
LINC00314,0.001,0,0,0,23.0,23.0,23.0,,0.0,0.0,0.0,0.01,0.0,0.0,0.0,0.0,0.0,0.0,0.0,0.0,0.0,0.0,False,50
ME1,0.001,0,0,0,23.0,23.0,23.0,0.5,0.01,0.0,0.01,0.0,0.0,0.0,0.0,0.0,0.0,0.0,0.0,0.0,0.0,0.01,False,50
NAV3,0.001,0,0,0,23.0,23.0,23.0,0.0,0.0,0.0,0.01,0.0,0.0,0.0,0.0,0.0,0.0,0.0,0.0,0.0,0.0,0.0,False,50
PHACTR2-AS1,0.001,0,0,0,23.0,23.0,23.0,0.0,0.0,0.01,0.0,0.0,0.0,0.0,0.0,0.0,0.0,0.0,0.0,0.0,0.0,0.0,False,50
RNU6-501P,0.001,0,0,0,23.0,23.0,23.0,0.0,0.0,0.01,0.0,0.0,0.0,0.0,0.0,0.0,0.0,0.0,0.0,0.0,0.0,0.0,False,50
SLC25A3P1,0.001,0,0,0,23.0,23.0,23.0,,0.0,0.0,0.0,0.01,0.0,0.0,0.0,0.0,0.0,0.0,0.0,0.0,0.0,0.0,False,50
ST7-AS1,0.001,0,0,0,23.0,23.0,23.0,0.0,0.0,0.01,0.0,0.0,0.0,0.0,0.0,0.0,0.0,0.0,0.0,0.0,0.0,0.0,False,50
TTLL13P,0.001,0,0,0,23.0,23.0,23.0,,0.0,0.0,0.0,0.01,0.0,0.0,0.0,0.0,0.0,0.0,0.0,0.0,0.0,0.0,False,50
ZNF587B,0.001,0,0,0,23.0,23.0,23.0,,0.0,0.0,0.0,0.0,0.0,0.0,0.0,0.0,0.01,0.0,0.0,0.0,0.0,0.0,False,50
ZNF620,0.001,0,0,0,23.0,23.0,23.0,1.0,0.0,0.01,0.0,0.0,0.0,0.0,0.0,0.0,0.0,0.0,0.0,0.0,0.0,0.0,False,50
C11orf53,0.001,0,0,0,24.0,24.0,24.0,,0.0,0.0,0.0,0.01,0.0,0.0,0.0,0.0,0.0,0.0,0.0,0.0,0.0,0.0,False,50
CCDC173,0.001,0,0,0,24.0,24.0,24.0,1.0,0.0,0.01,0.0,0.0,0.0,0.0,0.0,0.0,0.0,0.0,0.0,0.0,0.0,0.0,False,50
CD300A,0.001,0,0,0,24.0,24.0,24.0,,0.0,0.0,0.0,0.01,0.0,0.0,0.0,0.0,0.0,0.0,0.0,0.0,0.0,0.0,False,50
DEC1,0.001,0,0,0,24.0,24.0,24.0,,0.0,0.0,0.0,0.01,0.0,0.0,0.0,0.0,0.0,0.0,0.0,0.0,0.0,0.0,False,50
DNAJC5B,0.001,0,0,0,24.0,24.0,24.0,,0.0,0.0,0.0,0.01,0.0,0.0,0.0,0.0,0.0,0.0,0.0,0.0,0.0,0.0,False,50
ENC1,0.001,0,0,0,24.0,24.0,24.0,1.0,0.0,0.0,0.01,0.0,0.0,0.0,0.0,0.0,0.0,0.0,0.0,0.0,0.0,0.0,False,50
LINC00301,0.001,0,0,0,24.0,24.0,24.0,,0.0,0.0,0.0,0.01,0.0,0.0,0.0,0.0,0.0,0.0,0.0,0.0,0.0,0.0,False,50
LINC00959,0.001,0,0,0,24.0,24.0,24.0,1.0,0.0,0.0,0.01,0.0,0.0,0.0,0.0,0.0,0.0,0.0,0.0,0.0,0.0,0.0,False,50
LOC101929073,0.001,0,0,0,24.0,24.0,24.0,0.0,0.0,0.01,0.0,0.0,0.0,0.0,0.0,0.0,0.0,0.0,0.0,0.0,0.0,0.0,False,50
LOC101929660,0.001,0,0,0,24.0,24.0,24.0,0.0,0.0,0.01,0.0,0.0,0.0,0.0,0.0,0.0,0.0,0.0,0.0,0.01,0.0,0.0,False,50
LOC286114,0.001,0,0,0,24.0,24.0,24.0,0.0,0.0,0.01,0.0,0.0,0.0,0.0,0.0,0.0,0.0,0.0,0.0,0.0,0.0,0.0,False,50
LOC642852,0.001,0,0,0,24.0,24.0,24.0,0.0,0.0,0.0,0.01,0.0,0.0,0.0,0.0,0.0,0.0,0.0,0.0,0.0,0.0,0.0,False,50
MUS81,0.001,0,0,0,24.0,24.0,24.0,1.0,0.0,0.0,0.01,0.0,0.0,0.0,0.0,0.0,0.0,0.0,0.0,0.0,0.0,0.0,False,50
PACRG-AS3,0.001,0,0,0,24.0,24.0,24.0,,0.0,0.0,0.0,0.01,0.0,0.0,0.0,0.0,0.0,0.0,0.0,0.0,0.0,0.0,False,50
PLXNC1,0.001,0,0,0,24.0,24.0,24.0,,0.0,0.0,0.0,0.01,0.0,0.0,0.0,0.0,0.0,0.0,0.0,0.0,0.0,0.0,False,50
SLC12A4,0.001,0,0,0,24.0,24.0,24.0,,0.0,0.0,0.0,0.01,0.0,0.0,0.0,0.0,0.0,0.0,0.0,0.0,0.0,0.0,False,50
YAF2,0.001,0,0,0,24.0,24.0,24.0,,0.0,0.0,0.0,0.01,0.0,0.0,0.0,0.0,0.0,0.0,0.0,0.0,0.0,0.0,False,50
CDH26,0.001,0,0,0,25.0,25.0,25.0,0.0,0.0,0.01,0.0,0.0,0.0,0.0,0.0,0.0,0.0,0.0,0.0,0.0,0.0,0.0,False,50
CMAHP,0.001,0,0,0,25.0,25.0,25.0,1.0,0.0,0.0,0.01,0.0,0.0,0.0,0.0,0.0,0.0,0.0,0.0,0.0,0.0,0.0,False,50
DMTN,0.001,0,0,0,25.0,25.0,25.0,0.0,0.0,0.0,0.0,0.0,0.0,0.01,0.0,0.0,0.0,0.0,0.0,0.0,0.0,0.0,False,50
DNM3OS,0.001,0,0,0,25.0,25.0,25.0,,0.0,0.0,0.0,0.01,0.0,0.0,0.0,0.0,0.0,0.0,0.0,0.0,0.0,0.0,False,50
DSTYK,0.001,0,0,0,25.0,25.0,25.0,0.0,0.0,0.0,0.01,0.0,0.0,0.0,0.0,0.0,0.0,0.0,0.0,0.0,0.0,0.0,False,50
FAXDC2,0.001,0,0,0,25.0,25.0,25.0,1.0,0.0,0.0,0.01,0.0,0.0,0.0,0.0,0.0,0.0,0.0,0.0,0.0,0.0,0.0,False,50
HHIP,0.001,0,0,0,25.0,25.0,25.0,0.0,0.0,0.01,0.0,0.0,0.0,0.0,0.0,0.0,0.0,0.0,0.0,0.0,0.0,0.0,False,50
KCNT2,0.001,0,0,0,25.0,25.0,25.0,,0.0,0.0,0.0,0.01,0.0,0.0,0.0,0.0,0.0,0.0,0.0,0.0,0.0,0.0,False,50
LHX9,0.001,0,0,0,25.0,25.0,25.0,1.0,0.0,0.01,0.0,0.0,0.0,0.0,0.0,0.0,0.0,0.0,0.0,0.0,0.0,0.0,False,50
LINC01097,0.001,0,0,0,25.0,25.0,25.0,,0.0,0.0,0.0,0.01,0.0,0.0,0.0,0.0,0.0,0.0,0.0,0.0,0.0,0.0,False,50
LINC01426,0.001,0,0,0,25.0,25.0,25.0,,0.0,0.0,0.0,0.01,0.0,0.0,0.0,0.0,0.0,0.0,0.0,0.0,0.0,0.0,False,50
LOC100288238,0.001,0,0,0,25.0,25.0,25.0,,0.0,0.0,0.0,0.01,0.0,0.0,0.0,0.0,0.0,0.0,0.0,0.0,0.0,0.0,False,50
LRG1,0.001,0,0,0,25.0,25.0,25.0,0.0,0.0,0.0,0.01,0.0,0.0,0.0,0.0,0.0,0.0,0.0,0.0,0.0,0.0,0.0,False,50
MOG,0.001,0,0,0,25.0,25.0,25.0,1.0,0.0,0.01,0.0,0.0,0.0,0.0,0.0,0.0,0.0,0.0,0.0,0.0,0.0,0.0,False,50
NEBL,0.001,0,0,0,25.0,25.0,25.0,0.0,0.0,0.0,0.0,0.0,0.0,0.01,0.0,0.0,0.0,0.0,0.0,0.0,0.0,0.0,False,50
NINL,0.001,0,0,0,25.0,25.0,25.0,,0.0,0.0,0.0,0.0,0.0,0.0,0.0,0.0,0.01,0.0,0.0,0.0,0.0,0.0,False,50
NUP88,0.001,0,0,0,25.0,25.0,25.0,,0.0,0.0,0.0,0.01,0.0,0.0,0.0,0.0,0.0,0.0,0.0,0.0,0.0,0.0,False,50
PABPC1L,0.001,0,0,0,25.0,25.0,25.0,1.0,0.01,0.0,0.0,0.0,0.0,0.0,0.0,0.0,0.01,0.0,0.0,0.0,0.0,0.01,False,50
PIGP,0.001,0,0,0,25.0,25.0,25.0,1.0,0.0,0.0,0.01,0.0,0.0,0.0,0.0,0.0,0.0,0.0,0.0,0.0,0.0,0.0,False,50
PPP2R5A,0.001,0,0,0,25.0,25.0,25.0,,0.0,0.0,0.0,0.01,0.0,0.0,0.0,0.0,0.0,0.0,0.0,0.0,0.0,0.0,False,50
SNX2,0.001,0,0,0,25.0,25.0,25.0,,0.0,0.0,0.0,0.0,0.0,0.0,0.0,0.0,0.01,0.0,0.0,0.0,0.0,0.0,False,50
SPNS3,0.001,0,0,0,25.0,25.0,25.0,,0.0,0.0,0.0,0.01,0.0,0.0,0.0,0.0,0.0,0.0,0.0,0.0,0.0,0.0,False,50
VPS29,0.001,0,0,0,25.0,25.0,25.0,,0.0,0.0,0.0,0.01,0.0,0.0,0.0,0.0,0.0,0.0,0.0,0.0,0.0,0.0,False,50
ZNF30,0.001,0,0,0,25.0,25.0,25.0,,0.0,0.0,0.0,0.01,0.0,0.0,0.0,0.0,0.0,0.0,0.0,0.0,0.0,0.0,False,50
ABCB11,0.001,0,0,0,26.0,26.0,26.0,,0.0,0.0,0.0,0.01,0.0,0.0,0.0,0.0,0.0,0.0,0.0,0.0,0.0,0.0,False,50
C1orf64,0.001,0,0,0,26.0,26.0,26.0,,0.0,0.0,0.0,0.01,0.0,0.0,0.0,0.0,0.0,0.0,0.0,0.0,0.0,0.0,False,50
C5,0.001,0,0,0,26.0,26.0,26.0,,0.0,0.0,0.0,0.01,0.0,0.0,0.0,0.0,0.0,0.0,0.0,0.0,0.0,0.0,False,50
LOC105370746,0.001,0,0,0,26.0,26.0,26.0,,0.0,0.0,0.0,0.01,0.0,0.0,0.0,0.0,0.0,0.0,0.0,0.0,0.0,0.0,False,50
LOC285095,0.001,0,0,0,26.0,26.0,26.0,0.0,0.0,0.01,0.0,0.0,0.0,0.0,0.0,0.0,0.0,0.0,0.0,0.0,0.0,0.0,False,50
MARCH2,0.001,0,0,0,26.0,26.0,26.0,0.0,0.0,0.0,0.01,0.0,0.0,0.0,0.0,0.0,0.0,0.0,0.0,0.0,0.0,0.0,False,50
MPC1,0.001,0,0,0,26.0,26.0,26.0,,0.0,0.0,0.0,0.01,0.0,0.0,0.0,0.0,0.0,0.0,0.0,0.0,0.0,0.0,False,50
OR52D1,0.001,0,0,0,26.0,26.0,26.0,,0.0,0.0,0.0,0.01,0.0,0.0,0.0,0.0,0.0,0.0,0.0,0.0,0.0,0.0,False,50
OR8B8,0.001,0,0,0,26.0,26.0,26.0,,0.0,0.0,0.0,0.01,0.0,0.0,0.0,0.0,0.0,0.0,0.0,0.0,0.0,0.0,False,50
PKNOX1,0.001,0,0,0,26.0,26.0,26.0,1.0,0.0,0.0,0.01,0.0,0.0,0.0,0.0,0.0,0.0,0.0,0.0,0.0,0.0,0.0,False,50
RBM24,0.001,0,0,0,26.0,26.0,26.0,,0.0,0.0,0.0,0.01,0.0,0.0,0.0,0.0,0.0,0.0,0.0,0.0,0.0,0.0,False,50
THUMPD3-AS1,0.001,0,0,0,26.0,26.0,26.0,1.0,0.0,0.0,0.01,0.0,0.0,0.0,0.0,0.0,0.0,0.0,0.0,0.0,0.0,0.0,False,50
TMLHE,0.001,0,0,0,26.0,26.0,26.0,,0.0,0.0,0.0,0.01,0.0,0.0,0.0,0.0,0.0,0.0,0.0,0.0,0.0,0.0,False,50
ZNF311,0.001,0,0,0,26.0,26.0,26.0,0.0,0.0,0.0,0.01,0.0,0.0,0.0,0.0,0.0,0.0,0.0,0.0,0.0,0.0,0.0,False,50
ALKBH5,0.001,0,0,0,27.0,27.0,27.0,,0.0,0.0,0.0,0.01,0.0,0.0,0.0,0.0,0.0,0.0,0.0,0.0,0.0,0.0,False,50
FAM206A,0.001,0,0,0,27.0,27.0,27.0,1.0,0.0,0.0,0.01,0.0,0.0,0.0,0.0,0.0,0.0,0.0,0.0,0.0,0.0,0.0,False,50
IDUA,0.001,0,0,0,27.0,27.0,27.0,1.0,0.0,0.0,0.01,0.0,0.0,0.0,0.0,0.0,0.0,0.0,0.0,0.0,0.0,0.0,False,50
IL18R1,0.001,0,0,0,27.0,27.0,27.0,,0.0,0.0,0.0,0.01,0.0,0.0,0.0,0.0,0.0,0.0,0.0,0.0,0.0,0.0,False,50
LOC101928519,0.001,0,0,0,27.0,27.0,27.0,,0.0,0.0,0.0,0.01,0.0,0.0,0.0,0.0,0.0,0.0,0.0,0.0,0.0,0.0,False,50
LRRC56,0.001,0,0,0,27.0,27.0,27.0,1.0,0.0,0.0,0.01,0.0,0.0,0.0,0.0,0.0,0.0,0.0,0.0,0.0,0.0,0.0,False,50
PCAT7,0.001,0,0,0,27.0,27.0,27.0,,0.0,0.0,0.0,0.01,0.0,0.0,0.0,0.0,0.0,0.0,0.0,0.0,0.0,0.0,False,50
PLPPR1,0.001,0,0,0,27.0,27.0,27.0,,0.0,0.0,0.0,0.01,0.0,0.0,0.0,0.0,0.0,0.0,0.0,0.0,0.0,0.0,False,50
SORL1,0.001,0,0,0,27.0,27.0,27.0,,0.0,0.0,0.0,0.01,0.0,0.0,0.0,0.0,0.0,0.0,0.0,0.0,0.0,0.0,False,50
SPAG7,0.001,0,0,0,27.0,27.0,27.0,1.0,0.0,0.0,0.01,0.0,0.0,0.0,0.0,0.0,0.0,0.0,0.0,0.0,0.0,0.0,False,50
TK1,0.001,0,0,0,27.0,27.0,27.0,1.0,0.01,0.0,0.0,0.0,0.0,0.0,0.0,0.0,0.01,0.0,0.0,0.0,0.0,0.01,False,50
ZNF573,0.001,0,0,0,27.0,27.0,27.0,,0.0,0.0,0.0,0.01,0.0,0.0,0.0,0.0,0.0,0.0,0.0,0.0,0.0,0.0,False,50
ADNP,0.001,0,0,0,28.0,28.0,28.0,,0.0,0.0,0.0,0.0,0.0,0.0,0.0,0.0,0.01,0.0,0.0,0.0,0.0,0.0,False,50
CEP170B,0.001,0,0,0,28.0,28.0,28.0,,0.0,0.0,0.0,0.0,0.0,0.0,0.0,0.0,0.01,0.0,0.0,0.0,0.0,0.0,False,50
DCTN6,0.001,0,0,0,28.0,28.0,28.0,,0.0,0.0,0.0,0.0,0.0,0.0,0.0,0.0,0.01,0.0,0.0,0.0,0.0,0.0,False,50
GK5,0.001,0,0,0,28.0,28.0,28.0,,0.0,0.0,0.0,0.01,0.0,0.0,0.0,0.0,0.0,0.0,0.0,0.0,0.0,0.0,False,50
GPR82,0.001,0,0,0,28.0,28.0,28.0,,0.0,0.0,0.0,0.01,0.0,0.0,0.0,0.0,0.0,0.0,0.0,0.0,0.0,0.0,False,50
HLA-DRB4,0.001,0,0,0,28.0,28.0,28.0,0.0,0.0,0.0,0.01,0.0,0.0,0.0,0.0,0.0,0.0,0.0,0.0,0.0,0.0,0.0,False,50
IQSEC3,0.001,0,0,0,28.0,28.0,28.0,,0.0,0.0,0.0,0.01,0.0,0.0,0.0,0.0,0.0,0.0,0.0,0.0,0.0,0.0,False,50
PACS1,0.001,0,0,0,28.0,28.0,28.0,,0.0,0.0,0.0,0.01,0.0,0.0,0.0,0.0,0.0,0.0,0.0,0.0,0.0,0.0,False,50
PDE6B,0.001,0,0,0,28.0,28.0,28.0,,0.0,0.0,0.0,0.01,0.0,0.0,0.0,0.0,0.0,0.0,0.0,0.0,0.0,0.0,False,50
PGPEP1,0.001,0,0,0,28.0,28.0,28.0,,0.0,0.0,0.0,0.01,0.0,0.0,0.0,0.0,0.0,0.0,0.0,0.0,0.0,0.0,False,50
PIK3R6,0.001,0,0,0,28.0,28.0,28.0,,0.0,0.0,0.0,0.01,0.0,0.0,0.0,0.0,0.0,0.0,0.0,0.0,0.0,0.0,False,50
PRKACA,0.001,0,0,0,28.0,28.0,28.0,,0.0,0.0,0.0,0.01,0.0,0.0,0.0,0.0,0.0,0.0,0.0,0.0,0.0,0.0,False,50
R3HDM2,0.001,0,0,0,28.0,28.0,28.0,,0.0,0.0,0.0,0.01,0.0,0.0,0.0,0.0,0.0,0.0,0.0,0.0,0.0,0.0,False,50
SEMA4D,0.001,0,0,0,28.0,28.0,28.0,,0.0,0.0,0.0,0.0,0.0,0.0,0.0,0.0,0.01,0.0,0.0,0.0,0.0,0.0,False,50
CABYR,0.001,0,0,0,29.0,29.0,29.0,,0.0,0.0,0.0,0.01,0.0,0.0,0.0,0.0,0.0,0.0,0.0,0.0,0.0,0.0,False,50
F11R,0.001,0,0,0,29.0,29.0,29.0,,0.0,0.0,0.0,0.0,0.0,0.0,0.0,0.0,0.01,0.0,0.0,0.0,0.0,0.0,False,50
HYPK,0.001,0,0,0,29.0,29.0,29.0,1.0,0.0,0.01,0.0,0.0,0.0,0.0,0.0,0.0,0.0,0.0,0.0,0.0,0.0,0.0,False,50
IKBIP,0.001,0,0,0,29.0,29.0,29.0,1.0,0.0,0.0,0.01,0.0,0.0,0.0,0.0,0.0,0.0,0.0,0.0,0.0,0.0,0.0,False,50
IL1RL2,0.001,0,0,0,29.0,29.0,29.0,,0.0,0.0,0.0,0.01,0.0,0.0,0.0,0.0,0.0,0.0,0.0,0.0,0.0,0.0,False,50
LINC00700,0.001,0,0,0,29.0,29.0,29.0,,0.0,0.0,0.0,0.01,0.0,0.0,0.0,0.0,0.0,0.0,0.0,0.0,0.0,0.0,False,50
LINC01142,0.001,0,0,0,29.0,29.0,29.0,0.0,0.0,0.01,0.0,0.0,0.0,0.0,0.0,0.0,0.0,0.0,0.0,0.01,0.0,0.0,False,50
LOC157931,0.001,0,0,0,29.0,29.0,29.0,0.0,0.0,0.01,0.0,0.0,0.0,0.0,0.0,0.0,0.0,0.0,0.0,0.0,0.0,0.0,False,50
LOC286059,0.001,0,0,0,29.0,29.0,29.0,0.0,0.0,0.01,0.0,0.0,0.0,0.0,0.0,0.0,0.0,0.0,0.0,0.0,0.0,0.0,False,50
MEP1B,0.001,0,0,0,29.0,29.0,29.0,,0.0,0.0,0.0,0.01,0.0,0.0,0.0,0.0,0.0,0.0,0.0,0.0,0.0,0.0,False,50
PLCD1,0.001,0,0,0,29.0,29.0,29.0,0.0,0.0,0.0,0.01,0.0,0.0,0.0,0.0,0.0,0.0,0.0,0.0,0.0,0.0,0.0,False,50
SERPINC1,0.001,0,0,0,29.0,29.0,29.0,,0.0,0.0,0.0,0.01,0.0,0.0,0.0,0.0,0.0,0.0,0.0,0.0,0.0,0.0,False,50
STAB2,0.001,0,0,0,29.0,29.0,29.0,0.0,0.0,0.01,0.0,0.0,0.0,0.0,0.0,0.0,0.0,0.0,0.0,0.01,0.0,0.0,False,50
VDAC3,0.001,0,0,0,29.0,29.0,29.0,,0.0,0.0,0.0,0.01,0.0,0.0,0.0,0.0,0.0,0.0,0.0,0.0,0.0,0.0,False,50
ADI1,0.001,0,0,0,30.0,30.0,30.0,,0.0,0.0,0.0,0.01,0.0,0.0,0.0,0.0,0.0,0.0,0.0,0.0,0.0,0.0,False,50
APBB1,0.001,0,0,0,30.0,30.0,30.0,0.0,0.0,0.01,0.0,0.0,0.0,0.0,0.0,0.0,0.0,0.0,0.0,0.0,0.0,0.0,False,50
C10orf62,0.001,0,0,0,30.0,30.0,30.0,,0.0,0.0,0.0,0.01,0.0,0.0,0.0,0.0,0.0,0.0,0.0,0.0,0.0,0.0,False,50
CASP5,0.001,0,0,0,30.0,30.0,30.0,,0.0,0.0,0.0,0.01,0.0,0.0,0.0,0.0,0.0,0.0,0.0,0.0,0.0,0.0,False,50
DAZAP1,0.001,0,0,0,30.0,30.0,30.0,1.0,0.0,0.0,0.0,0.0,0.0,0.0,0.0,0.01,0.0,0.0,0.0,0.0,0.0,0.0,False,50
DCST1,0.001,0,0,0,30.0,30.0,30.0,,0.0,0.0,0.0,0.01,0.0,0.0,0.0,0.0,0.0,0.0,0.0,0.0,0.0,0.0,False,50
DHDDS,0.001,0,0,0,30.0,30.0,30.0,1.0,0.0,0.0,0.0,0.0,0.0,0.0,0.0,0.01,0.0,0.0,0.0,0.0,0.0,0.0,False,50
FARS2,0.001,0,0,0,30.0,30.0,30.0,,0.0,0.0,0.0,0.01,0.0,0.0,0.0,0.0,0.0,0.0,0.0,0.0,0.0,0.0,False,50
FOXN3-AS1,0.001,0,0,0,30.0,30.0,30.0,1.0,0.0,0.0,0.01,0.0,0.0,0.0,0.0,0.0,0.0,0.0,0.0,0.0,0.0,0.0,False,50
KRTAP4-2,0.001,0,0,0,30.0,30.0,30.0,0.0,0.0,0.01,0.0,0.0,0.0,0.0,0.0,0.0,0.0,0.0,0.0,0.0,0.0,0.0,False,50
LOC100505622,0.001,0,0,0,30.0,30.0,30.0,0.0,0.0,0.01,0.0,0.0,0.0,0.0,0.0,0.0,0.0,0.0,0.0,0.0,0.0,0.0,False,50
LOC101927292,0.001,0,0,0,30.0,30.0,30.0,1.0,0.0,0.01,0.0,0.0,0.0,0.0,0.0,0.0,0.0,0.0,0.0,0.0,0.0,0.0,False,50
LOC101927914,0.001,0,0,0,30.0,30.0,30.0,,0.0,0.0,0.0,0.01,0.0,0.0,0.0,0.0,0.0,0.0,0.0,0.0,0.0,0.0,False,50
NEK2,0.001,0,0,0,30.0,30.0,30.0,1.0,0.0,0.0,0.01,0.0,0.0,0.0,0.0,0.0,0.0,0.0,0.0,0.0,0.0,0.0,False,50
NFATC3,0.001,0,0,0,30.0,30.0,30.0,,0.0,0.0,0.0,0.01,0.0,0.0,0.0,0.0,0.0,0.0,0.0,0.0,0.0,0.0,False,50
NUP214,0.001,0,0,0,30.0,30.0,30.0,,0.0,0.0,0.0,0.01,0.0,0.0,0.0,0.0,0.0,0.0,0.0,0.0,0.0,0.0,False,50
PDPN,0.001,0,0,0,30.0,30.0,30.0,,0.0,0.0,0.0,0.01,0.0,0.0,0.0,0.0,0.0,0.0,0.0,0.0,0.0,0.0,False,50
PSMD6,0.001,0,0,0,30.0,30.0,30.0,,0.0,0.0,0.0,0.01,0.0,0.0,0.0,0.0,0.0,0.0,0.0,0.0,0.0,0.0,False,50
PYROXD2,0.001,0,0,0,30.0,30.0,30.0,1.0,0.0,0.0,0.01,0.0,0.0,0.0,0.0,0.0,0.0,0.0,0.0,0.0,0.0,0.0,False,50
SHANK2-AS2,0.001,0,0,0,30.0,30.0,30.0,0.0,0.0,0.01,0.0,0.0,0.0,0.0,0.0,0.0,0.0,0.0,0.0,0.0,0.0,0.0,False,50
VAMP5,0.001,0,0,0,30.0,30.0,30.0,,0.0,0.0,0.0,0.0,0.0,0.0,0.0,0.0,0.01,0.0,0.0,0.0,0.0,0.0,False,50
ADAM21,0.001,0,0,0,31.0,31.0,31.0,,0.0,0.0,0.0,0.01,0.0,0.0,0.0,0.0,0.0,0.0,0.0,0.0,0.0,0.0,False,50
ADRA2B,0.001,0,0,0,31.0,31.0,31.0,1.0,0.0,0.01,0.0,0.0,0.0,0.0,0.0,0.0,0.0,0.0,0.0,0.0,0.0,0.0,False,50
ANXA5,0.001,0,0,0,31.0,31.0,31.0,1.0,0.0,0.0,0.0,0.0,0.0,0.0,0.0,0.01,0.0,0.0,0.0,0.0,0.0,0.0,False,50
BOK,0.001,0,0,0,31.0,31.0,31.0,1.0,0.0,0.0,0.0,0.0,0.0,0.0,0.0,0.01,0.0,0.0,0.0,0.0,0.0,0.0,False,50
DLD,0.001,0,0,0,31.0,31.0,31.0,,0.0,0.0,0.0,0.01,0.0,0.0,0.0,0.0,0.0,0.0,0.0,0.0,0.0,0.0,False,50
ETFDH,0.001,0,0,0,31.0,31.0,31.0,,0.0,0.0,0.0,0.01,0.0,0.0,0.0,0.0,0.0,0.0,0.0,0.0,0.0,0.0,False,50
FZD10,0.001,0,0,0,31.0,31.0,31.0,1.0,0.0,0.01,0.0,0.0,0.0,0.0,0.0,0.0,0.0,0.0,0.0,0.0,0.0,0.0,False,50
LINC01136,0.001,0,0,0,31.0,31.0,31.0,0.0,0.0,0.01,0.0,0.0,0.0,0.0,0.0,0.0,0.0,0.0,0.0,0.0,0.0,0.0,False,50
LOC101927526,0.001,0,0,0,31.0,31.0,31.0,0.0,0.0,0.01,0.0,0.0,0.0,0.0,0.0,0.0,0.0,0.0,0.0,0.0,0.0,0.0,False,50
MAGEC1,0.001,0,0,0,31.0,31.0,31.0,0.0,0.0,0.01,0.0,0.0,0.0,0.0,0.0,0.0,0.0,0.0,0.0,0.0,0.0,0.0,False,50
MAGEL2,0.001,0,0,0,31.0,31.0,31.0,0.0,0.0,0.01,0.0,0.0,0.0,0.0,0.0,0.0,0.0,0.0,0.0,0.02,0.0,0.0,False,50
NXPH1,0.001,0,0,0,31.0,31.0,31.0,1.0,0.0,0.0,0.01,0.0,0.0,0.0,0.0,0.0,0.0,0.0,0.0,0.0,0.0,0.0,False,50
POLR2E,0.001,0,0,0,31.0,31.0,31.0,,0.0,0.0,0.0,0.01,0.0,0.0,0.0,0.0,0.0,0.0,0.0,0.0,0.0,0.0,False,50
RHBG,0.001,0,0,0,31.0,31.0,31.0,1.0,0.0,0.01,0.0,0.0,0.0,0.0,0.0,0.0,0.0,0.0,0.0,0.0,0.0,0.0,False,50
TMTC4,0.001,0,0,0,31.0,31.0,31.0,1.0,0.0,0.0,0.01,0.0,0.0,0.0,0.0,0.0,0.0,0.0,0.0,0.0,0.0,0.0,False,50
VWA1,0.001,0,0,0,31.0,31.0,31.0,1.0,0.0,0.0,0.0,0.0,0.0,0.0,0.0,0.01,0.0,0.0,0.0,0.0,0.0,0.0,False,50
CXorf58,0.001,0,0,0,32.0,32.0,32.0,,0.0,0.0,0.0,0.01,0.0,0.0,0.0,0.0,0.0,0.0,0.0,0.0,0.0,0.0,False,50
CYSTM1,0.001,0,0,0,32.0,32.0,32.0,1.0,0.0,0.0,0.0,0.0,0.0,0.0,0.0,0.01,0.0,0.0,0.0,0.0,0.0,0.0,False,50
DGCR7,0.001,0,0,0,32.0,32.0,32.0,0.0,0.0,0.01,0.0,0.0,0.0,0.0,0.0,0.0,0.0,0.0,0.0,0.0,0.0,0.0,False,50
ERP27,0.001,0,0,0,32.0,32.0,32.0,0.0,0.0,0.0,0.0,0.0,0.0,0.01,0.0,0.0,0.0,0.0,0.0,0.0,0.0,0.0,False,50
FOXN1,0.001,0,0,0,32.0,32.0,32.0,1.0,0.0,0.01,0.0,0.0,0.0,0.0,0.0,0.0,0.0,0.0,0.0,0.0,0.0,0.0,False,50
GPR176,0.001,0,0,0,32.0,32.0,32.0,0.0,0.0,0.0,0.01,0.0,0.0,0.0,0.0,0.0,0.0,0.0,0.0,0.0,0.0,0.0,False,50
HDGFRP3,0.001,0,0,0,32.0,32.0,32.0,,0.0,0.0,0.0,0.01,0.0,0.0,0.0,0.0,0.0,0.0,0.0,0.0,0.0,0.0,False,50
KCNK1,0.001,0,0,0,32.0,32.0,32.0,1.0,0.0,0.0,0.01,0.0,0.0,0.0,0.0,0.0,0.0,0.0,0.0,0.0,0.0,0.0,False,50
LOC728175,0.001,0,0,0,32.0,32.0,32.0,,0.0,0.0,0.0,0.01,0.0,0.0,0.0,0.0,0.0,0.0,0.0,0.0,0.0,0.0,False,50
MBD2,0.001,0,0,0,32.0,32.0,32.0,,0.0,0.0,0.0,0.01,0.0,0.0,0.0,0.0,0.0,0.0,0.0,0.0,0.0,0.0,False,50
MIR146A,0.001,0,0,0,32.0,32.0,32.0,,0.0,0.0,0.0,0.01,0.0,0.0,0.0,0.0,0.0,0.0,0.0,0.0,0.0,0.0,False,50
NDUFB3,0.001,0,0,0,32.0,32.0,32.0,,0.0,0.0,0.0,0.01,0.0,0.0,0.0,0.0,0.0,0.0,0.0,0.0,0.0,0.0,False,50
NEUROD2,0.001,0,0,0,32.0,32.0,32.0,,0.0,0.0,0.0,0.01,0.0,0.0,0.0,0.0,0.0,0.0,0.0,0.0,0.0,0.0,False,50
PDZD2,0.001,0,0,0,32.0,32.0,32.0,1.0,0.0,0.0,0.0,0.0,0.0,0.0,0.0,0.01,0.0,0.0,0.0,0.0,0.0,0.0,False,50
PREX1,0.001,0,0,0,32.0,32.0,32.0,0.0,0.0,0.0,0.01,0.0,0.0,0.0,0.0,0.0,0.0,0.0,0.0,0.0,0.0,0.0,False,50
PRR5L,0.001,0,0,0,32.0,32.0,32.0,,0.0,0.0,0.0,0.01,0.0,0.0,0.0,0.0,0.0,0.0,0.0,0.0,0.0,0.0,False,50
PTGER2,0.001,0,0,0,32.0,32.0,32.0,0.0,0.0,0.01,0.0,0.0,0.0,0.0,0.0,0.0,0.0,0.0,0.0,0.0,0.0,0.0,False,50
SHCBP1,0.001,0,0,0,32.0,32.0,32.0,,0.0,0.0,0.0,0.0,0.0,0.0,0.0,0.0,0.01,0.0,0.0,0.0,0.0,0.0,False,50
SLC16A2,0.001,0,0,0,32.0,32.0,32.0,1.0,0.0,0.0,0.0,0.0,0.0,0.01,0.0,0.0,0.0,0.0,0.0,0.0,0.0,0.0,False,50
SYNE3,0.001,0,0,0,32.0,32.0,32.0,,0.0,0.0,0.0,0.0,0.0,0.0,0.0,0.0,0.01,0.0,0.0,0.0,0.0,0.0,False,50
UBAP2L,0.001,0,0,0,32.0,32.0,32.0,,0.0,0.0,0.0,0.0,0.0,0.0,0.0,0.0,0.01,0.0,0.0,0.0,0.0,0.0,False,50
UST-AS1,0.001,0,0,0,32.0,32.0,32.0,,0.0,0.0,0.0,0.01,0.0,0.0,0.0,0.0,0.0,0.0,0.0,0.0,0.0,0.0,False,50
ARHGAP23,0.001,0,0,0,33.0,33.0,33.0,,0.0,0.0,0.0,0.01,0.0,0.0,0.0,0.0,0.0,0.0,0.0,0.0,0.0,0.0,False,50
CELF2,0.001,0,0,0,33.0,33.0,33.0,1.0,0.0,0.0,0.0,0.0,0.0,0.0,0.0,0.01,0.0,0.0,0.0,0.0,0.0,0.0,False,50
CHRDL2,0.001,0,0,0,33.0,33.0,33.0,0.0,0.0,0.01,0.0,0.0,0.0,0.0,0.0,0.0,0.0,0.0,0.0,0.0,0.0,0.0,False,50
ELF3,0.001,0,0,0,33.0,33.0,33.0,1.0,0.0,0.0,0.0,0.0,0.0,0.0,0.0,0.01,0.0,0.0,0.0,0.0,0.0,0.0,False,50
GTF2IRD2B,0.001,0,0,0,33.0,33.0,33.0,,0.0,0.0,0.0,0.01,0.0,0.0,0.0,0.0,0.0,0.0,0.0,0.0,0.0,0.0,False,50
ICE2,0.001,0,0,0,33.0,33.0,33.0,0.0,0.0,0.0,0.01,0.0,0.0,0.0,0.0,0.0,0.0,0.0,0.0,0.0,0.0,0.0,False,50
IDNK,0.001,0,0,0,33.0,33.0,33.0,,0.0,0.0,0.0,0.01,0.0,0.0,0.0,0.0,0.0,0.0,0.0,0.0,0.0,0.0,False,50
LCLAT1,0.001,0,0,0,33.0,33.0,33.0,,0.0,0.0,0.0,0.01,0.0,0.0,0.0,0.0,0.0,0.0,0.0,0.0,0.0,0.0,False,50
LINC00280,0.001,0,0,0,33.0,33.0,33.0,1.0,0.0,0.01,0.0,0.0,0.0,0.0,0.0,0.0,0.0,0.0,0.0,0.0,0.0,0.0,False,50
LOC105372520,0.001,0,0,0,33.0,33.0,33.0,,0.0,0.0,0.0,0.01,0.0,0.0,0.0,0.0,0.0,0.0,0.0,0.0,0.0,0.0,False,50
LOC105374042,0.001,0,0,0,33.0,33.0,33.0,0.0,0.0,0.01,0.0,0.0,0.0,0.0,0.0,0.0,0.0,0.0,0.0,0.0,0.0,0.0,False,50
LOC105378419,0.001,0,0,0,33.0,33.0,33.0,,0.0,0.0,0.0,0.01,0.0,0.0,0.0,0.0,0.0,0.0,0.0,0.0,0.0,0.0,False,50
LOC285627,0.001,0,0,0,33.0,33.0,33.0,,0.0,0.0,0.0,0.01,0.0,0.0,0.0,0.0,0.0,0.0,0.0,0.0,0.0,0.0,False,50
LOC403312,0.001,0,0,0,33.0,33.0,33.0,,0.0,0.0,0.0,0.01,0.0,0.0,0.0,0.0,0.0,0.0,0.0,0.0,0.0,0.0,False,50
LOC439933,0.001,0,0,0,33.0,33.0,33.0,0.0,0.0,0.01,0.0,0.0,0.0,0.0,0.0,0.0,0.0,0.0,0.0,0.0,0.0,0.0,False,50
MTMR9,0.001,0,0,0,33.0,33.0,33.0,0.0,0.0,0.0,0.01,0.0,0.0,0.0,0.0,0.0,0.0,0.0,0.0,0.0,0.0,0.0,False,50
MYBL1,0.001,0,0,0,33.0,33.0,33.0,0.0,0.0,0.0,0.01,0.0,0.0,0.0,0.0,0.0,0.0,0.0,0.0,0.0,0.0,0.0,False,50
PCNX2,0.001,0,0,0,33.0,33.0,33.0,0.0,0.0,0.0,0.01,0.0,0.0,0.0,0.0,0.0,0.0,0.0,0.0,0.0,0.0,0.0,False,50
PPEF1,0.001,0,0,0,33.0,33.0,33.0,0.0,0.0,0.01,0.0,0.0,0.0,0.0,0.0,0.0,0.0,0.0,0.0,0.0,0.0,0.0,False,50
SCT,0.001,0,0,0,33.0,33.0,33.0,,0.0,0.0,0.0,0.01,0.0,0.0,0.0,0.0,0.0,0.0,0.0,0.0,0.0,0.0,False,50
SLC1A4,0.001,0,0,0,33.0,33.0,33.0,0.0,0.0,0.0,0.0,0.0,0.0,0.01,0.0,0.0,0.0,0.0,0.0,0.0,0.0,0.0,False,50
TSKU,0.001,0,0,0,33.0,33.0,33.0,0.0,0.0,0.0,0.01,0.0,0.0,0.0,0.0,0.0,0.0,0.0,0.0,0.0,0.0,0.0,False,50
ZMAT2,0.001,0,0,0,33.0,33.0,33.0,,0.0,0.0,0.0,0.01,0.0,0.0,0.0,0.0,0.0,0.0,0.0,0.0,0.0,0.0,False,50
ZNF880,0.001,0,0,0,33.0,33.0,33.0,,0.0,0.0,0.0,0.01,0.0,0.0,0.0,0.0,0.0,0.0,0.0,0.0,0.0,0.0,False,50
AP3B1,0.001,0,0,0,34.0,34.0,34.0,,0.0,0.0,0.0,0.01,0.0,0.0,0.0,0.0,0.0,0.0,0.0,0.0,0.0,0.0,False,50
BCL2L13,0.001,0,0,0,34.0,34.0,34.0,,0.0,0.0,0.0,0.01,0.0,0.0,0.0,0.0,0.0,0.0,0.0,0.0,0.0,0.0,False,50
BOLA2,0.001,0,0,0,34.0,34.0,34.0,,0.0,0.0,0.0,0.01,0.0,0.0,0.0,0.0,0.0,0.0,0.0,0.0,0.0,0.0,False,50
BPIFA2,0.001,0,0,0,34.0,34.0,34.0,1.0,0.0,0.01,0.0,0.0,0.0,0.0,0.0,0.0,0.0,0.0,0.0,0.0,0.0,0.0,False,50
C17orf105,0.001,0,0,0,34.0,34.0,34.0,,0.0,0.0,0.0,0.01,0.0,0.0,0.0,0.0,0.0,0.0,0.0,0.0,0.0,0.0,False,50
CCBE1,0.001,0,0,0,34.0,34.0,34.0,0.0,0.0,0.01,0.0,0.0,0.0,0.0,0.0,0.0,0.0,0.0,0.0,0.0,0.0,0.0,False,50
DCN,0.001,0,0,0,34.0,34.0,34.0,1.0,0.0,0.0,0.0,0.0,0.0,0.0,0.0,0.01,0.0,0.0,0.0,0.0,0.0,0.0,False,50
DIAPH1,0.001,0,0,0,34.0,34.0,34.0,1.0,0.0,0.0,0.0,0.0,0.0,0.0,0.0,0.01,0.0,0.0,0.0,0.0,0.0,0.0,False,50
ERVFRD-1,0.001,0,0,0,34.0,34.0,34.0,,0.0,0.0,0.0,0.01,0.0,0.0,0.0,0.0,0.0,0.0,0.0,0.0,0.0,0.0,False,50
EZH1,0.001,0,0,0,34.0,34.0,34.0,,0.0,0.0,0.0,0.01,0.0,0.0,0.0,0.0,0.0,0.0,0.0,0.0,0.0,0.0,False,50
FAM193A,0.001,0,0,0,34.0,34.0,34.0,,0.0,0.0,0.0,0.0,0.0,0.0,0.0,0.0,0.01,0.0,0.0,0.0,0.0,0.0,False,50
FAXC,0.001,0,0,0,34.0,34.0,34.0,1.0,0.0,0.0,0.01,0.0,0.0,0.0,0.0,0.0,0.0,0.0,0.0,0.0,0.0,0.0,False,50
FLVCR2,0.001,0,0,0,34.0,34.0,34.0,,0.0,0.0,0.0,0.01,0.0,0.0,0.0,0.0,0.0,0.0,0.0,0.0,0.0,0.0,False,50
GCNT4,0.001,0,0,0,34.0,34.0,34.0,0.0,0.0,0.01,0.0,0.0,0.0,0.0,0.0,0.0,0.0,0.0,0.0,0.01,0.0,0.0,False,50
LINC01007,0.001,0,0,0,34.0,34.0,34.0,,0.0,0.0,0.0,0.01,0.0,0.0,0.0,0.0,0.0,0.0,0.0,0.0,0.0,0.0,False,50
LOC101928844,0.001,0,0,0,34.0,34.0,34.0,,0.0,0.0,0.0,0.01,0.0,0.0,0.0,0.0,0.0,0.0,0.0,0.0,0.0,0.0,False,50
NAT2,0.001,0,0,0,34.0,34.0,34.0,0.0,0.0,0.01,0.0,0.0,0.0,0.0,0.0,0.0,0.0,0.0,0.0,0.0,0.0,0.0,False,50
PLN,0.001,0,0,0,34.0,34.0,34.0,0.0,0.0,0.0,0.01,0.0,0.0,0.0,0.0,0.0,0.0,0.0,0.0,0.0,0.0,0.0,False,50
SLC12A9,0.001,0,0,0,34.0,34.0,34.0,,0.0,0.0,0.0,0.0,0.0,0.0,0.0,0.0,0.01,0.0,0.0,0.0,0.0,0.0,False,50
SNORA68,0.001,0,0,0,34.0,34.0,34.0,1.0,0.0,0.01,0.0,0.0,0.0,0.0,0.0,0.0,0.0,0.0,0.0,0.0,0.0,0.0,False,50
UTRN,0.001,0,0,0,34.0,34.0,34.0,1.0,0.0,0.0,0.0,0.0,0.0,0.0,0.0,0.01,0.0,0.0,0.0,0.0,0.0,0.0,False,50
ZBTB18,0.001,0,0,0,34.0,34.0,34.0,0.0,0.0,0.0,0.01,0.0,0.0,0.0,0.0,0.0,0.0,0.0,0.0,0.0,0.0,0.0,False,50
ADGRG7,0.001,0,0,0,35.0,35.0,35.0,,0.0,0.0,0.0,0.01,0.0,0.0,0.0,0.0,0.0,0.0,0.0,0.0,0.0,0.0,False,50
B4GALT3,0.001,0,0,0,35.0,35.0,35.0,,0.0,0.0,0.0,0.0,0.0,0.0,0.0,0.0,0.01,0.0,0.0,0.0,0.0,0.0,False,50
CEBPA,0.001,0,0,0,35.0,35.0,35.0,1.0,0.0,0.0,0.0,0.0,0.0,0.0,0.0,0.01,0.0,0.0,0.0,0.0,0.0,0.0,False,50
FAM189A2,0.001,0,0,0,35.0,35.0,35.0,,0.0,0.0,0.0,0.01,0.0,0.0,0.0,0.0,0.0,0.0,0.0,0.0,0.0,0.0,False,50
FGF14-IT1,0.001,0,0,0,35.0,35.0,35.0,0.0,0.0,0.01,0.0,0.0,0.0,0.0,0.0,0.0,0.0,0.0,0.0,0.0,0.0,0.0,False,50
GABRA6,0.001,0,0,0,35.0,35.0,35.0,,0.0,0.0,0.0,0.01,0.0,0.0,0.0,0.0,0.0,0.0,0.0,0.0,0.0,0.0,False,50
HS3ST3B1,0.001,0,0,0,35.0,35.0,35.0,,0.0,0.0,0.0,0.01,0.0,0.0,0.0,0.0,0.0,0.0,0.0,0.0,0.0,0.0,False,50
IL17B,0.001,0,0,0,35.0,35.0,35.0,1.0,0.0,0.01,0.0,0.0,0.0,0.0,0.0,0.0,0.0,0.0,0.0,0.0,0.0,0.0,False,50
LOC101927719,0.001,0,0,0,35.0,35.0,35.0,,0.0,0.0,0.0,0.01,0.0,0.0,0.0,0.0,0.0,0.0,0.0,0.0,0.0,0.0,False,50
LOC101928943,0.001,0,0,0,35.0,35.0,35.0,0.0,0.0,0.01,0.0,0.0,0.0,0.0,0.0,0.0,0.0,0.0,0.0,0.0,0.0,0.0,False,50
NDUFA4,0.001,0,0,0,35.0,35.0,35.0,,0.0,0.0,0.0,0.01,0.0,0.0,0.0,0.0,0.0,0.0,0.0,0.0,0.0,0.0,False,50
NPAS2,0.001,0,0,0,35.0,35.0,35.0,0.0,0.0,0.0,0.01,0.0,0.0,0.0,0.0,0.0,0.0,0.0,0.0,0.0,0.0,0.0,False,50
PRKACG,0.001,0,0,0,35.0,35.0,35.0,0.0,0.0,0.01,0.0,0.0,0.0,0.0,0.0,0.0,0.0,0.0,0.0,0.0,0.0,0.0,False,50
PRRG4,0.001,0,0,0,35.0,35.0,35.0,0.0,0.0,0.0,0.01,0.0,0.0,0.0,0.0,0.0,0.0,0.0,0.0,0.0,0.0,0.0,False,50
RGSL1,0.001,0,0,0,35.0,35.0,35.0,,0.0,0.0,0.0,0.01,0.0,0.0,0.0,0.0,0.0,0.0,0.0,0.0,0.0,0.0,False,50
RNASET2,0.001,0,0,0,35.0,35.0,35.0,1.0,0.0,0.0,0.01,0.0,0.0,0.0,0.0,0.0,0.0,0.0,0.0,0.0,0.0,0.0,False,50
RWDD2A,0.001,0,0,0,35.0,35.0,35.0,1.0,0.0,0.0,0.01,0.0,0.0,0.0,0.0,0.0,0.0,0.0,0.0,0.0,0.0,0.0,False,50
SAG,0.001,0,0,0,35.0,35.0,35.0,,0.0,0.0,0.0,0.01,0.0,0.0,0.0,0.0,0.0,0.0,0.0,0.0,0.0,0.0,False,50
SIRT6,0.001,0,0,0,35.0,35.0,35.0,,0.0,0.0,0.0,0.01,0.0,0.0,0.0,0.0,0.0,0.0,0.0,0.0,0.0,0.0,False,50
SLC30A10,0.001,0,0,0,35.0,35.0,35.0,0.0,0.0,0.01,0.0,0.0,0.0,0.0,0.0,0.0,0.0,0.0,0.0,0.0,0.0,0.0,False,50
SPATC1,0.001,0,0,0,35.0,35.0,35.0,,0.0,0.0,0.0,0.01,0.0,0.0,0.0,0.0,0.0,0.0,0.0,0.0,0.0,0.0,False,50
SSB,0.001,0,0,0,35.0,35.0,35.0,,0.0,0.0,0.0,0.01,0.0,0.0,0.0,0.0,0.0,0.0,0.0,0.0,0.0,0.0,False,50
TEK,0.001,0,0,0,35.0,35.0,35.0,0.0,0.0,0.0,0.01,0.0,0.0,0.0,0.0,0.0,0.0,0.0,0.0,0.0,0.0,0.0,False,50
TSPAN3,0.001,0,0,0,35.0,35.0,35.0,1.0,0.0,0.0,0.0,0.0,0.0,0.0,0.0,0.01,0.0,0.0,0.0,0.0,0.0,0.0,False,50
WNK4,0.001,0,0,0,35.0,35.0,35.0,0.0,0.0,0.0,0.01,0.0,0.0,0.0,0.0,0.0,0.0,0.0,0.0,0.0,0.0,0.0,False,50
YY1AP1,0.001,0,0,0,35.0,35.0,35.0,,0.0,0.0,0.0,0.0,0.0,0.0,0.0,0.0,0.01,0.0,0.0,0.0,0.0,0.0,False,50
ZNF180,0.001,0,0,0,35.0,35.0,35.0,1.0,0.0,0.01,0.0,0.0,0.0,0.0,0.0,0.0,0.0,0.0,0.0,0.0,0.0,0.0,False,50
ANGEL2,0.001,0,0,0,36.0,36.0,36.0,1.0,0.0,0.0,0.01,0.0,0.0,0.0,0.0,0.0,0.0,0.0,0.0,0.0,0.0,0.0,False,50
BPHL,0.001,0,0,0,36.0,36.0,36.0,0.0,0.0,0.0,0.01,0.0,0.0,0.0,0.0,0.0,0.0,0.0,0.0,0.0,0.0,0.0,False,50
C3orf14,0.001,0,0,0,36.0,36.0,36.0,0.0,0.0,0.0,0.01,0.0,0.0,0.0,0.0,0.0,0.0,0.0,0.0,0.0,0.0,0.0,False,50
CCNH,0.001,0,0,0,36.0,36.0,36.0,,0.0,0.0,0.0,0.01,0.0,0.0,0.0,0.0,0.0,0.0,0.0,0.0,0.0,0.0,False,50
CPNE1,0.001,0,0,0,36.0,36.0,36.0,,0.0,0.0,0.0,0.0,0.0,0.0,0.0,0.0,0.01,0.0,0.0,0.0,0.0,0.0,False,50
DLEU2,0.001,0,0,0,36.0,36.0,36.0,0.0,0.0,0.0,0.01,0.0,0.0,0.0,0.0,0.0,0.0,0.0,0.0,0.0,0.0,0.0,False,50
HTRA4,0.001,0,0,0,36.0,36.0,36.0,1.0,0.0,0.0,0.01,0.0,0.0,0.0,0.0,0.0,0.0,0.0,0.0,0.0,0.0,0.0,False,50
KCNAB1,0.001,0,0,0,36.0,36.0,36.0,1.0,0.0,0.0,0.0,0.0,0.0,0.0,0.0,0.01,0.0,0.0,0.0,0.0,0.0,0.0,False,50
LINC00032,0.001,0,0,0,36.0,36.0,36.0,,0.0,0.0,0.0,0.01,0.0,0.0,0.0,0.0,0.0,0.0,0.0,0.0,0.0,0.0,False,50
LINC01271,0.001,0,0,0,36.0,36.0,36.0,0.0,0.0,0.01,0.0,0.0,0.0,0.0,0.0,0.0,0.0,0.0,0.0,0.0,0.0,0.0,False,50
LOC1720,0.001,0,0,0,36.0,36.0,36.0,,0.0,0.0,0.0,0.01,0.0,0.0,0.0,0.0,0.0,0.0,0.0,0.0,0.0,0.0,False,50
PNMAL2,0.001,0,0,0,36.0,36.0,36.0,,0.0,0.0,0.0,0.01,0.0,0.0,0.0,0.0,0.0,0.0,0.0,0.0,0.0,0.0,False,50
SEMA3B,0.001,0,0,0,36.0,36.0,36.0,,0.0,0.0,0.0,0.01,0.0,0.0,0.0,0.0,0.0,0.0,0.0,0.0,0.0,0.0,False,50
TMEM44,0.001,0,0,0,36.0,36.0,36.0,,0.0,0.0,0.0,0.01,0.0,0.0,0.0,0.0,0.0,0.0,0.0,0.0,0.0,0.0,False,50
TRIM61,0.001,0,0,0,36.0,36.0,36.0,0.0,0.0,0.01,0.0,0.0,0.0,0.0,0.0,0.0,0.0,0.0,0.0,0.0,0.0,0.0,False,50
ACAT1,0.001,0,0,0,37.0,37.0,37.0,1.0,0.0,0.0,0.0,0.0,0.0,0.0,0.0,0.01,0.0,0.0,0.0,0.0,0.0,0.0,False,50
ARHGAP19,0.001,0,0,0,37.0,37.0,37.0,,0.0,0.0,0.0,0.01,0.0,0.0,0.0,0.0,0.0,0.0,0.0,0.0,0.0,0.0,False,50
ASB16,0.001,0,0,0,37.0,37.0,37.0,0.0,0.0,0.01,0.0,0.0,0.0,0.0,0.0,0.0,0.0,0.0,0.0,0.01,0.0,0.0,False,50
CHCHD3,0.001,0,0,0,37.0,37.0,37.0,,0.0,0.0,0.0,0.01,0.0,0.0,0.0,0.0,0.0,0.0,0.0,0.0,0.0,0.0,False,50
DDAH1,0.001,0,0,0,37.0,37.0,37.0,,0.0,0.0,0.0,0.01,0.0,0.0,0.0,0.0,0.0,0.0,0.0,0.0,0.0,0.0,False,50
EHD2,0.001,0,0,0,37.0,37.0,37.0,1.0,0.0,0.0,0.0,0.0,0.0,0.0,0.0,0.01,0.0,0.0,0.0,0.0,0.0,0.0,False,50
FUBP3,0.001,0,0,0,37.0,37.0,37.0,,0.0,0.0,0.0,0.01,0.0,0.0,0.0,0.0,0.0,0.0,0.0,0.0,0.0,0.0,False,50
GREB1,0.001,0,0,0,37.0,37.0,37.0,1.0,0.0,0.0,0.01,0.0,0.0,0.0,0.0,0.0,0.0,0.0,0.0,0.0,0.0,0.0,False,50
HEATR3,0.001,0,0,0,37.0,37.0,37.0,0.0,0.0,0.0,0.01,0.0,0.0,0.0,0.0,0.0,0.0,0.0,0.0,0.0,0.0,0.0,False,50
HSF5,0.001,0,0,0,37.0,37.0,37.0,0.0,0.0,0.01,0.0,0.0,0.0,0.0,0.0,0.0,0.0,0.0,0.0,0.0,0.0,0.0,False,50
KIAA0753,0.001,0,0,0,37.0,37.0,37.0,0.0,0.0,0.0,0.01,0.0,0.0,0.0,0.0,0.0,0.0,0.0,0.0,0.0,0.0,0.0,False,50
LIN28A,0.001,0,0,0,37.0,37.0,37.0,0.0,0.0,0.01,0.0,0.0,0.0,0.0,0.0,0.0,0.0,0.0,0.0,0.0,0.0,0.0,False,50
MYO5C,0.001,0,0,0,37.0,37.0,37.0,1.0,0.0,0.0,0.01,0.0,0.0,0.0,0.0,0.0,0.0,0.0,0.0,0.0,0.0,0.0,False,50
PSMA3,0.001,0,0,0,37.0,37.0,37.0,,0.0,0.0,0.0,0.01,0.0,0.0,0.0,0.0,0.0,0.0,0.0,0.0,0.0,0.0,False,50
PTGIS,0.001,0,0,0,37.0,37.0,37.0,0.0,0.0,0.0,0.01,0.0,0.0,0.0,0.0,0.0,0.0,0.0,0.0,0.0,0.0,0.0,False,50
PXMP2,0.001,0,0,0,37.0,37.0,37.0,,0.0,0.0,0.0,0.01,0.0,0.0,0.0,0.0,0.0,0.0,0.0,0.0,0.0,0.0,False,50
VAMP1,0.001,0,0,0,37.0,37.0,37.0,1.0,0.0,0.0,0.01,0.0,0.0,0.0,0.0,0.0,0.0,0.0,0.0,0.0,0.0,0.0,False,50
ADRA2A,0.001,0,0,0,38.0,38.0,38.0,1.0,0.0,0.0,0.0,0.0,0.0,0.0,0.0,0.01,0.0,0.0,0.0,0.0,0.0,0.0,False,50
ADSS,0.001,0,0,0,38.0,38.0,38.0,0.0,0.0,0.0,0.01,0.0,0.0,0.0,0.0,0.0,0.0,0.0,0.0,0.0,0.0,0.0,False,50
ANGPTL1,0.001,0,0,0,38.0,38.0,38.0,1.0,0.0,0.0,0.0,0.0,0.0,0.0,0.0,0.01,0.0,0.0,0.0,0.0,0.0,0.0,False,50
CA10,0.001,0,0,0,38.0,38.0,38.0,0.0,0.0,0.0,0.0,0.01,0.0,0.0,0.0,0.0,0.0,0.0,0.0,0.01,0.0,0.0,False,50
CC2D2A,0.001,0,0,0,38.0,38.0,38.0,1.0,0.0,0.0,0.01,0.0,0.0,0.0,0.0,0.0,0.0,0.0,0.0,0.0,0.0,0.0,False,50
CDKN2C,0.001,0,0,0,38.0,38.0,38.0,1.0,0.0,0.0,0.0,0.0,0.0,0.0,0.0,0.01,0.0,0.0,0.0,0.0,0.0,0.0,False,50
DBR1,0.001,0,0,0,38.0,38.0,38.0,,0.0,0.0,0.0,0.01,0.0,0.0,0.0,0.0,0.0,0.0,0.0,0.0,0.0,0.0,False,50
DDX1,0.001,0,0,0,38.0,38.0,38.0,,0.0,0.0,0.0,0.01,0.0,0.0,0.0,0.0,0.0,0.0,0.0,0.0,0.0,0.0,False,50
DDX52,0.001,0,0,0,38.0,38.0,38.0,1.0,0.0,0.01,0.0,0.0,0.0,0.0,0.0,0.0,0.0,0.0,0.0,0.0,0.0,0.0,False,50
DND1,0.001,0,0,0,38.0,38.0,38.0,,0.0,0.0,0.0,0.01,0.0,0.0,0.0,0.0,0.0,0.0,0.0,0.0,0.0,0.0,False,50
IGHV3-75,0.001,0,0,0,38.0,38.0,38.0,,0.0,0.0,0.0,0.01,0.0,0.0,0.0,0.0,0.0,0.0,0.0,0.0,0.0,0.0,False,50
ITGA3,0.001,0,0,0,38.0,38.0,38.0,,0.0,0.0,0.0,0.01,0.0,0.0,0.0,0.0,0.0,0.0,0.0,0.0,0.0,0.0,False,50
KIAA0408,0.001,0,0,0,38.0,38.0,38.0,0.0,0.0,0.0,0.0,0.01,0.0,0.0,0.0,0.0,0.0,0.0,0.0,0.01,0.0,0.0,False,50
LOC100996412,0.001,0,0,0,38.0,38.0,38.0,,0.0,0.0,0.0,0.01,0.0,0.0,0.0,0.0,0.0,0.0,0.0,0.0,0.0,0.0,False,50
LOC101928314,0.001,0,0,0,38.0,38.0,38.0,,0.0,0.0,0.0,0.01,0.0,0.0,0.0,0.0,0.0,0.0,0.0,0.0,0.0,0.0,False,50
MIXL1,0.001,0,0,0,38.0,38.0,38.0,0.0,0.0,0.01,0.0,0.0,0.0,0.0,0.0,0.0,0.0,0.0,0.0,0.0,0.0,0.0,False,50
MPZL2,0.001,0,0,0,38.0,38.0,38.0,,0.0,0.0,0.0,0.01,0.0,0.0,0.0,0.0,0.0,0.0,0.0,0.0,0.0,0.0,False,50
MYEF2,0.001,0,0,0,38.0,38.0,38.0,,0.0,0.0,0.0,0.0,0.0,0.0,0.0,0.0,0.01,0.0,0.0,0.0,0.0,0.0,False,50
NAALADL2-AS3,0.001,0,0,0,38.0,38.0,38.0,,0.0,0.0,0.0,0.01,0.0,0.0,0.0,0.0,0.0,0.0,0.0,0.0,0.0,0.0,False,50
NAV2-AS4,0.001,0,0,0,38.0,38.0,38.0,0.0,0.0,0.01,0.0,0.0,0.0,0.0,0.0,0.0,0.0,0.0,0.0,0.0,0.0,0.0,False,50
NECTIN1,0.001,0,0,0,38.0,38.0,38.0,,0.0,0.0,0.0,0.01,0.0,0.0,0.0,0.0,0.0,0.0,0.0,0.0,0.0,0.0,False,50
NLRP9,0.001,0,0,0,38.0,38.0,38.0,,0.0,0.0,0.0,0.01,0.0,0.0,0.0,0.0,0.0,0.0,0.0,0.0,0.0,0.0,False,50
NTS,0.001,0,0,0,38.0,38.0,38.0,,0.0,0.0,0.0,0.01,0.0,0.0,0.0,0.0,0.0,0.0,0.0,0.0,0.0,0.0,False,50
POLR2J4,0.001,0,0,0,38.0,38.0,38.0,0.0,0.0,0.0,0.01,0.0,0.0,0.0,0.0,0.0,0.0,0.0,0.0,0.0,0.0,0.0,False,50
RAD21L1,0.001,0,0,0,38.0,38.0,38.0,0.0,0.0,0.01,0.0,0.0,0.0,0.0,0.0,0.0,0.0,0.0,0.0,0.0,0.0,0.0,False,50
SLC18A2,0.001,0,0,0,38.0,38.0,38.0,,0.0,0.0,0.0,0.01,0.0,0.0,0.0,0.0,0.0,0.0,0.0,0.0,0.0,0.0,False,50
SRP68,0.001,0,0,0,38.0,38.0,38.0,,0.0,0.0,0.0,0.01,0.0,0.0,0.0,0.0,0.0,0.0,0.0,0.0,0.0,0.0,False,50
STARD3,0.001,0,0,0,38.0,38.0,38.0,,0.0,0.0,0.0,0.0,0.0,0.0,0.0,0.0,0.01,0.0,0.0,0.0,0.0,0.0,False,50
STBD1,0.001,0,0,0,38.0,38.0,38.0,0.0,0.0,0.0,0.0,0.01,0.0,0.0,0.0,0.0,0.0,0.0,0.0,0.04,0.0,0.0,False,50
TCEB3-AS1,0.001,0,0,0,38.0,38.0,38.0,0.0,0.0,0.0,0.01,0.0,0.0,0.0,0.0,0.0,0.0,0.0,0.0,0.0,0.0,0.0,False,50
WDR76,0.001,0,0,0,38.0,38.0,38.0,0.0,0.0,0.0,0.01,0.0,0.0,0.0,0.0,0.0,0.0,0.0,0.0,0.0,0.0,0.0,False,50
ZNF174,0.001,0,0,0,38.0,38.0,38.0,,0.0,0.0,0.0,0.01,0.0,0.0,0.0,0.0,0.0,0.0,0.0,0.0,0.0,0.0,False,50
ZNF766,0.001,0,0,0,38.0,38.0,38.0,0.0,0.0,0.0,0.01,0.0,0.0,0.0,0.0,0.0,0.0,0.0,0.0,0.0,0.0,0.0,False,50
ZNF90,0.001,0,0,0,38.0,38.0,38.0,,0.0,0.0,0.0,0.01,0.0,0.0,0.0,0.0,0.0,0.0,0.0,0.0,0.0,0.0,False,50
ACE,0.001,0,0,0,39.0,39.0,39.0,,0.0,0.0,0.0,0.01,0.0,0.0,0.0,0.0,0.0,0.0,0.0,0.0,0.0,0.0,False,50
AHCY,0.001,0,0,0,39.0,39.0,39.0,,0.0,0.0,0.0,0.0,0.0,0.0,0.0,0.0,0.01,0.0,0.0,0.0,0.0,0.0,False,50
ANAPC13,0.001,0,0,0,39.0,39.0,39.0,,0.0,0.0,0.0,0.01,0.0,0.0,0.0,0.0,0.0,0.0,0.0,0.0,0.0,0.0,False,50
AP2B1,0.001,0,0,0,39.0,39.0,39.0,0.0,0.0,0.0,0.01,0.0,0.0,0.0,0.0,0.0,0.0,0.0,0.0,0.0,0.0,0.0,False,50
ARNT2,0.001,0,0,0,39.0,39.0,39.0,1.0,0.01,0.0,0.01,0.0,0.0,0.0,0.0,0.0,0.0,0.0,0.0,0.0,0.0,0.01,False,50
BBOX1-AS1,0.001,0,0,0,39.0,39.0,39.0,,0.0,0.0,0.0,0.01,0.0,0.0,0.0,0.0,0.0,0.0,0.0,0.0,0.0,0.0,False,50
BORA,0.001,0,0,0,39.0,39.0,39.0,1.0,0.0,0.0,0.01,0.0,0.0,0.0,0.0,0.0,0.0,0.0,0.0,0.0,0.0,0.0,False,50
BRMS1,0.001,0,0,0,39.0,39.0,39.0,1.0,0.03,0.0,0.0,0.0,0.0,0.0,0.0,0.0,0.01,0.0,0.0,0.0,0.0,0.03,False,50
C7orf61,0.001,0,0,0,39.0,39.0,39.0,0.0,0.0,0.01,0.0,0.0,0.0,0.0,0.0,0.0,0.0,0.0,0.0,0.0,0.0,0.0,False,50
DTD2,0.001,0,0,0,39.0,39.0,39.0,1.0,0.0,0.0,0.01,0.0,0.0,0.0,0.0,0.0,0.0,0.0,0.0,0.0,0.0,0.0,False,50
EML5,0.001,0,0,0,39.0,39.0,39.0,,0.0,0.0,0.0,0.01,0.0,0.0,0.0,0.0,0.0,0.0,0.0,0.0,0.0,0.0,False,50
FGF16,0.001,0,0,0,39.0,39.0,39.0,1.0,0.0,0.01,0.0,0.0,0.0,0.0,0.0,0.0,0.0,0.0,0.0,0.0,0.0,0.0,False,50
FILIP1,0.001,0,0,0,39.0,39.0,39.0,1.0,0.0,0.0,0.0,0.0,0.0,0.0,0.0,0.01,0.0,0.0,0.0,0.0,0.0,0.0,False,50
FILIP1L,0.001,0,0,0,39.0,39.0,39.0,1.0,0.0,0.0,0.01,0.0,0.0,0.0,0.0,0.0,0.0,0.0,0.0,0.0,0.0,0.0,False,50
HAS3,0.001,0,0,0,39.0,39.0,39.0,0.0,0.0,0.01,0.0,0.0,0.0,0.0,0.0,0.0,0.0,0.0,0.0,0.0,0.0,0.0,False,50
HSDL2,0.001,0,0,0,39.0,39.0,39.0,0.0,0.0,0.0,0.01,0.0,0.0,0.0,0.0,0.0,0.0,0.0,0.0,0.0,0.0,0.0,False,50
IRX4,0.001,0,0,0,39.0,39.0,39.0,,0.0,0.0,0.0,0.01,0.0,0.0,0.0,0.0,0.0,0.0,0.0,0.0,0.0,0.0,False,50
KLF2,0.001,0,0,0,39.0,39.0,39.0,1.0,0.0,0.0,0.0,0.0,0.0,0.0,0.0,0.01,0.0,0.0,0.0,0.0,0.0,0.0,False,50
LINC00900,0.001,0,0,0,39.0,39.0,39.0,1.0,0.0,0.0,0.0,0.01,0.0,0.0,0.0,0.0,0.0,0.0,0.0,0.0,0.07,0.0,False,50
LOC102724927,0.001,0,0,0,39.0,39.0,39.0,,0.0,0.0,0.0,0.01,0.0,0.0,0.0,0.0,0.0,0.0,0.0,0.0,0.0,0.0,False,50
MEST,0.001,0,0,0,39.0,39.0,39.0,1.0,0.0,0.0,0.0,0.0,0.0,0.0,0.0,0.01,0.0,0.0,0.0,0.0,0.0,0.0,False,50
MGC70870,0.001,0,0,0,39.0,39.0,39.0,,0.0,0.0,0.0,0.01,0.0,0.0,0.0,0.0,0.0,0.0,0.0,0.0,0.0,0.0,False,50
OSGIN2,0.001,0,0,0,39.0,39.0,39.0,,0.0,0.0,0.0,0.01,0.0,0.0,0.0,0.0,0.0,0.0,0.0,0.0,0.0,0.0,False,50
PLSCR4,0.001,0,0,0,39.0,39.0,39.0,1.0,0.0,0.0,0.0,0.0,0.0,0.0,0.0,0.01,0.0,0.0,0.0,0.0,0.0,0.0,False,50
PSMD7,0.001,0,0,0,39.0,39.0,39.0,,0.0,0.0,0.0,0.01,0.0,0.0,0.0,0.0,0.0,0.0,0.0,0.0,0.0,0.0,False,50
PTBP3,0.001,0,0,0,39.0,39.0,39.0,1.0,0.0,0.0,0.0,0.0,0.0,0.01,0.0,0.0,0.0,0.0,0.0,0.0,0.0,0.0,False,50
STOX1,0.001,0,0,0,39.0,39.0,39.0,1.0,0.0,0.0,0.01,0.0,0.0,0.0,0.0,0.0,0.0,0.0,0.0,0.0,0.0,0.0,False,50
TUFT1,0.001,0,0,0,39.0,39.0,39.0,,0.0,0.0,0.0,0.0,0.0,0.0,0.0,0.0,0.01,0.0,0.0,0.0,0.0,0.0,False,50
TYMP,0.001,0,0,0,39.0,39.0,39.0,,0.0,0.0,0.0,0.0,0.0,0.0,0.0,0.0,0.01,0.0,0.0,0.0,0.0,0.0,False,50
UNC93B1,0.001,0,0,0,39.0,39.0,39.0,0.0,0.0,0.0,0.01,0.0,0.0,0.0,0.0,0.0,0.0,0.0,0.0,0.0,0.0,0.0,False,50
USP46-AS1,0.001,0,0,0,39.0,39.0,39.0,0.0,0.0,0.0,0.0,0.0,0.01,0.0,0.0,0.0,0.0,0.0,0.0,0.0,0.0,0.0,False,50
VIT,0.001,0,0,0,39.0,39.0,39.0,0.0,0.0,0.0,0.0,0.0,0.0,0.01,0.0,0.0,0.0,0.0,0.0,0.0,0.0,0.0,False,50
ZDHHC14,0.001,0,0,0,39.0,39.0,39.0,,0.0,0.0,0.0,0.01,0.0,0.0,0.0,0.0,0.0,0.0,0.0,0.0,0.0,0.0,False,50
ZSWIM7,0.001,0,0,0,39.0,39.0,39.0,0.0,0.0,0.0,0.01,0.0,0.0,0.0,0.0,0.0,0.0,0.0,0.0,0.0,0.0,0.0,False,50
BMPR1A,0.001,0,0,0,40.0,40.0,40.0,1.0,0.0,0.0,0.01,0.0,0.0,0.0,0.0,0.0,0.0,0.0,0.0,0.0,0.0,0.0,False,50
C4orf46,0.001,0,0,0,40.0,40.0,40.0,,0.0,0.0,0.0,0.01,0.0,0.0,0.0,0.0,0.0,0.0,0.0,0.0,0.0,0.0,False,50
CFAP58,0.001,0,0,0,40.0,40.0,40.0,,0.0,0.0,0.0,0.01,0.0,0.0,0.0,0.0,0.0,0.0,0.0,0.0,0.0,0.0,False,50
CHI3L1,0.001,0,0,0,40.0,40.0,40.0,0.0,0.0,0.0,0.0,0.0,0.0,0.01,0.0,0.0,0.0,0.0,0.0,0.0,0.0,0.0,False,50
COX7C,0.001,0,0,0,40.0,40.0,40.0,0.0,0.0,0.0,0.01,0.0,0.0,0.0,0.0,0.0,0.0,0.0,0.0,0.0,0.0,0.0,False,50
CSMD2,0.001,0,0,0,40.0,40.0,40.0,,0.0,0.0,0.0,0.01,0.0,0.0,0.0,0.0,0.0,0.0,0.0,0.0,0.0,0.0,False,50
DEPDC1,0.001,0,0,0,40.0,40.0,40.0,1.0,0.0,0.0,0.0,0.0,0.0,0.0,0.0,0.01,0.0,0.0,0.0,0.0,0.0,0.0,False,50
DKFZP434A062,0.001,0,0,0,40.0,40.0,40.0,0.0,0.0,0.01,0.0,0.0,0.0,0.0,0.0,0.0,0.0,0.0,0.0,0.0,0.0,0.0,False,50
EFNA4,0.001,0,0,0,40.0,40.0,40.0,1.0,0.0,0.0,0.01,0.0,0.0,0.0,0.0,0.0,0.0,0.0,0.0,0.0,0.0,0.0,False,50
EMP1,0.001,0,0,0,40.0,40.0,40.0,1.0,0.0,0.0,0.0,0.0,0.0,0.0,0.0,0.01,0.0,0.0,0.0,0.0,0.0,0.0,False,50
EXOC6B,0.001,0,0,0,40.0,40.0,40.0,0.0,0.0,0.0,0.0,0.0,0.0,0.01,0.0,0.0,0.0,0.0,0.0,0.0,0.0,0.0,False,50
FAM109B,0.001,0,0,0,40.0,40.0,40.0,0.0,0.0,0.0,0.01,0.0,0.0,0.0,0.0,0.0,0.0,0.0,0.0,0.0,0.0,0.0,False,50
FOXA3,0.001,0,0,0,40.0,40.0,40.0,1.0,0.0,0.01,0.0,0.0,0.0,0.0,0.0,0.0,0.0,0.0,0.0,0.0,0.0,0.0,False,50
GADD45B,0.001,0,0,0,40.0,40.0,40.0,,0.0,0.0,0.0,0.01,0.0,0.0,0.0,0.0,0.0,0.0,0.0,0.0,0.0,0.0,False,50
GATA1,0.001,0,0,0,40.0,40.0,40.0,,0.0,0.0,0.0,0.01,0.0,0.0,0.0,0.0,0.0,0.0,0.0,0.0,0.0,0.0,False,50
GNA14,0.001,0,0,0,40.0,40.0,40.0,,0.0,0.0,0.0,0.01,0.0,0.0,0.0,0.0,0.0,0.0,0.0,0.0,0.0,0.0,False,50
ITPKB,0.001,0,0,0,40.0,40.0,40.0,0.0,0.0,0.0,0.01,0.0,0.0,0.0,0.0,0.0,0.0,0.0,0.0,0.0,0.0,0.0,False,50
KCTD20,0.001,0,0,0,40.0,40.0,40.0,1.0,0.0,0.0,0.0,0.0,0.0,0.0,0.0,0.01,0.0,0.0,0.0,0.0,0.0,0.0,False,50
LINC00847,0.001,0,0,0,40.0,40.0,40.0,,0.0,0.0,0.0,0.01,0.0,0.0,0.0,0.0,0.0,0.0,0.0,0.0,0.0,0.0,False,50
LOC100287896,0.001,0,0,0,40.0,40.0,40.0,,0.0,0.0,0.0,0.01,0.0,0.0,0.0,0.0,0.0,0.0,0.0,0.0,0.0,0.0,False,50
LOC100507291,0.001,0,0,0,40.0,40.0,40.0,,0.0,0.0,0.0,0.01,0.0,0.0,0.0,0.0,0.0,0.0,0.0,0.0,0.0,0.0,False,50
LOC101928823,0.001,0,0,0,40.0,40.0,40.0,,0.0,0.0,0.0,0.01,0.0,0.0,0.0,0.0,0.0,0.0,0.0,0.0,0.0,0.0,False,50
LOC101929552,0.001,0,0,0,40.0,40.0,40.0,0.0,0.0,0.01,0.0,0.0,0.0,0.0,0.0,0.0,0.0,0.0,0.0,0.0,0.0,0.0,False,50
LOXL1-AS1,0.001,0,0,0,40.0,40.0,40.0,0.0,0.0,0.0,0.01,0.0,0.0,0.0,0.0,0.0,0.0,0.0,0.0,0.0,0.0,0.0,False,50
LRRC4,0.001,0,0,0,40.0,40.0,40.0,,0.0,0.0,0.0,0.01,0.0,0.0,0.0,0.0,0.0,0.0,0.0,0.0,0.0,0.0,False,50
MFAP5,0.001,0,0,0,40.0,40.0,40.0,,0.0,0.0,0.0,0.0,0.0,0.0,0.0,0.0,0.01,0.0,0.0,0.0,0.0,0.0,False,50
MGST1,0.001,0,0,0,40.0,40.0,40.0,1.0,0.0,0.0,0.0,0.0,0.0,0.0,0.0,0.01,0.0,0.0,0.0,0.0,0.0,0.0,False,50
NEUROG2,0.001,0,0,0,40.0,40.0,40.0,0.0,0.0,0.0,0.0,0.01,0.0,0.0,0.0,0.0,0.0,0.0,0.0,0.01,0.0,0.0,False,50
PLPP1,0.001,0,0,0,40.0,40.0,40.0,1.0,0.0,0.0,0.0,0.0,0.0,0.0,0.0,0.01,0.0,0.0,0.0,0.0,0.0,0.0,False,50
RABL3,0.001,0,0,0,40.0,40.0,40.0,,0.0,0.0,0.0,0.01,0.0,0.0,0.0,0.0,0.0,0.0,0.0,0.0,0.0,0.0,False,50
RGPD4-AS1,0.001,0,0,0,40.0,40.0,40.0,,0.0,0.0,0.0,0.01,0.0,0.0,0.0,0.0,0.0,0.0,0.0,0.0,0.0,0.0,False,50
RPS8,0.001,0,0,0,40.0,40.0,40.0,0.0,0.0,0.01,0.0,0.0,0.0,0.0,0.0,0.0,0.0,0.0,0.0,0.03,0.0,0.0,False,50
SLC22A11,0.001,0,0,0,40.0,40.0,40.0,0.0,0.0,0.01,0.0,0.0,0.0,0.0,0.0,0.0,0.0,0.0,0.0,0.02,0.0,0.0,False,50
SMTNL2,0.001,0,0,0,40.0,40.0,40.0,0.0,0.0,0.01,0.0,0.0,0.0,0.0,0.0,0.0,0.0,0.0,0.0,0.01,0.0,0.0,False,50
TMEM119,0.001,0,0,0,40.0,40.0,40.0,,0.0,0.0,0.0,0.01,0.0,0.0,0.0,0.0,0.0,0.0,0.0,0.0,0.0,0.0,False,50
TMEM151B,0.001,0,0,0,40.0,40.0,40.0,,0.0,0.0,0.0,0.01,0.0,0.0,0.0,0.0,0.0,0.0,0.0,0.0,0.0,0.0,False,50
UTS2,0.001,0,0,0,40.0,40.0,40.0,,0.0,0.0,0.0,0.01,0.0,0.0,0.0,0.0,0.0,0.0,0.0,0.0,0.0,0.0,False,50
ZNF582,0.001,0,0,0,40.0,40.0,40.0,0.0,0.0,0.0,0.01,0.0,0.0,0.0,0.0,0.0,0.0,0.0,0.0,0.0,0.0,0.0,False,50
ZNF669,0.001,0,0,0,40.0,40.0,40.0,0.0,0.0,0.0,0.01,0.0,0.0,0.0,0.0,0.0,0.0,0.0,0.0,0.0,0.0,0.0,False,50
BST2,0.001,0,0,0,41.0,41.0,41.0,1.0,0.0,0.0,0.01,0.0,0.0,0.0,0.0,0.0,0.0,0.0,0.0,0.0,0.0,0.0,False,50
CACNG5,0.001,0,0,0,41.0,41.0,41.0,0.0,0.0,0.01,0.0,0.0,0.0,0.0,0.0,0.0,0.0,0.0,0.0,0.0,0.0,0.0,False,50
CIR1,0.001,0,0,0,41.0,41.0,41.0,0.0,0.0,0.0,0.01,0.0,0.0,0.0,0.0,0.0,0.0,0.0,0.0,0.0,0.0,0.0,False,50
COPS3,0.001,0,0,0,41.0,41.0,41.0,,0.0,0.0,0.0,0.01,0.0,0.0,0.0,0.0,0.0,0.0,0.0,0.0,0.0,0.0,False,50
CRYBG3,0.001,0,0,0,41.0,41.0,41.0,1.0,0.0,0.0,0.0,0.0,0.0,0.0,0.0,0.01,0.0,0.0,0.0,0.0,0.0,0.0,False,50
DAPK2,0.001,0,0,0,41.0,41.0,41.0,0.0,0.0,0.0,0.01,0.0,0.0,0.0,0.0,0.0,0.0,0.0,0.0,0.0,0.0,0.0,False,50
ELOVL5,0.001,0,0,0,41.0,41.0,41.0,,0.0,0.0,0.0,0.01,0.0,0.0,0.0,0.0,0.0,0.0,0.0,0.0,0.0,0.0,False,50
FAM30A,0.001,0,0,0,41.0,41.0,41.0,,0.0,0.0,0.0,0.01,0.0,0.0,0.0,0.0,0.0,0.0,0.0,0.0,0.0,0.0,False,50
GABRG2,0.001,0,0,0,41.0,41.0,41.0,,0.0,0.0,0.0,0.01,0.0,0.0,0.0,0.0,0.0,0.0,0.0,0.0,0.0,0.0,False,50
GBE1,0.001,0,0,0,41.0,41.0,41.0,1.0,0.0,0.0,0.0,0.0,0.0,0.0,0.0,0.01,0.0,0.0,0.0,0.0,0.0,0.0,False,50
HS6ST2,0.001,0,0,0,41.0,41.0,41.0,,0.0,0.0,0.0,0.01,0.0,0.0,0.0,0.0,0.0,0.0,0.0,0.0,0.0,0.0,False,50
KANSL1,0.001,0,0,0,41.0,41.0,41.0,,0.0,0.0,0.0,0.01,0.0,0.0,0.0,0.0,0.0,0.0,0.0,0.0,0.0,0.0,False,50
LEP,0.001,0,0,0,41.0,41.0,41.0,0.0,0.0,0.0,0.01,0.0,0.0,0.0,0.0,0.0,0.0,0.0,0.0,0.0,0.0,0.0,False,50
LINGO1-AS1,0.001,0,0,0,41.0,41.0,41.0,0.0,0.0,0.01,0.0,0.0,0.0,0.0,0.0,0.0,0.0,0.0,0.0,0.0,0.0,0.0,False,50
LIPE-AS1,0.001,0,0,0,41.0,41.0,41.0,1.0,0.0,0.0,0.0,0.0,0.0,0.0,0.0,0.01,0.0,0.0,0.0,0.0,0.0,0.0,False,50
LMX1A,0.001,0,0,0,41.0,41.0,41.0,0.0,0.0,0.01,0.0,0.0,0.0,0.0,0.0,0.0,0.0,0.0,0.0,0.0,0.0,0.0,False,50
LOC101927391,0.001,0,0,0,41.0,41.0,41.0,,0.0,0.0,0.0,0.01,0.0,0.0,0.0,0.0,0.0,0.0,0.0,0.0,0.0,0.0,False,50
LOC730098,0.001,0,0,0,41.0,41.0,41.0,0.0,0.0,0.0,0.01,0.0,0.0,0.0,0.0,0.0,0.0,0.0,0.0,0.0,0.0,0.0,False,50
LRRN4CL,0.001,0,0,0,41.0,41.0,41.0,1.0,0.0,0.0,0.0,0.0,0.0,0.0,0.0,0.01,0.0,0.0,0.0,0.0,0.0,0.0,False,50
MAT2A,0.001,0,0,0,41.0,41.0,41.0,0.0,0.0,0.0,0.01,0.0,0.0,0.0,0.0,0.0,0.0,0.0,0.0,0.0,0.0,0.0,False,50
NDUFV2,0.001,0,0,0,41.0,41.0,41.0,,0.0,0.0,0.0,0.01,0.0,0.0,0.0,0.0,0.0,0.0,0.0,0.0,0.0,0.0,False,50
NMT2,0.001,0,0,0,41.0,41.0,41.0,1.0,0.0,0.0,0.0,0.0,0.0,0.0,0.0,0.01,0.0,0.0,0.0,0.0,0.0,0.0,False,50
PURB,0.001,0,0,0,41.0,41.0,41.0,,0.0,0.0,0.0,0.01,0.0,0.0,0.0,0.0,0.0,0.0,0.0,0.0,0.0,0.0,False,50
PUS10,0.001,0,0,0,41.0,41.0,41.0,,0.0,0.0,0.0,0.01,0.0,0.0,0.0,0.0,0.0,0.0,0.0,0.0,0.0,0.0,False,50
RHOBTB3,0.001,0,0,0,41.0,41.0,41.0,,0.0,0.0,0.0,0.01,0.0,0.0,0.0,0.0,0.0,0.0,0.0,0.0,0.0,0.0,False,50
SNTA1,0.001,0,0,0,41.0,41.0,41.0,0.0,0.0,0.0,0.01,0.0,0.0,0.0,0.0,0.0,0.0,0.0,0.0,0.0,0.0,0.0,False,50
SOD3,0.001,0,0,0,41.0,41.0,41.0,,0.0,0.0,0.0,0.0,0.0,0.0,0.0,0.0,0.01,0.0,0.0,0.0,0.0,0.0,False,50
SPG20-AS1,0.001,0,0,0,41.0,41.0,41.0,0.0,0.0,0.0,0.01,0.0,0.0,0.0,0.0,0.0,0.0,0.0,0.0,0.0,0.0,0.0,False,50
TOMM40,0.001,0,0,0,41.0,41.0,41.0,,0.0,0.0,0.0,0.0,0.0,0.0,0.0,0.0,0.01,0.0,0.0,0.0,0.0,0.0,False,50
TP53,0.001,0,0,0,41.0,41.0,41.0,0.0,0.0,0.0,0.01,0.0,0.0,0.0,0.0,0.0,0.0,0.0,0.0,0.0,0.0,0.0,False,50
TRPV2,0.001,0,0,0,41.0,41.0,41.0,,0.0,0.0,0.0,0.01,0.0,0.0,0.0,0.0,0.0,0.0,0.0,0.0,0.0,0.0,False,50
TYRP1,0.001,0,0,0,41.0,41.0,41.0,1.0,0.0,0.01,0.0,0.0,0.0,0.0,0.0,0.0,0.0,0.0,0.0,0.0,0.0,0.0,False,50
ZMYND15,0.001,0,0,0,41.0,41.0,41.0,,0.0,0.0,0.0,0.01,0.0,0.0,0.0,0.0,0.0,0.0,0.0,0.0,0.0,0.0,False,50
ZNF823,0.001,0,0,0,41.0,41.0,41.0,,0.0,0.0,0.0,0.01,0.0,0.0,0.0,0.0,0.0,0.0,0.0,0.0,0.0,0.0,False,50
ABTB1,0.001,0,0,0,42.0,42.0,42.0,,0.0,0.0,0.0,0.01,0.0,0.0,0.0,0.0,0.0,0.0,0.0,0.0,0.0,0.0,False,50
AGTPBP1,0.001,0,0,0,42.0,42.0,42.0,1.0,0.0,0.0,0.01,0.0,0.0,0.0,0.0,0.0,0.0,0.0,0.0,0.0,0.0,0.0,False,50
ANKRD50,0.001,0,0,0,42.0,42.0,42.0,1.0,0.0,0.0,0.01,0.0,0.0,0.0,0.0,0.0,0.0,0.0,0.0,0.0,0.0,0.0,False,50
ARHGAP28,0.001,0,0,0,42.0,42.0,42.0,,0.0,0.0,0.0,0.0,0.0,0.0,0.0,0.0,0.01,0.0,0.0,0.0,0.0,0.0,False,50
B3GAT1,0.001,0,0,0,42.0,42.0,42.0,0.0,0.0,0.01,0.0,0.0,0.0,0.0,0.0,0.0,0.0,0.0,0.0,0.02,0.0,0.0,False,50
BTD,0.001,0,0,0,42.0,42.0,42.0,1.0,0.0,0.0,0.01,0.0,0.0,0.0,0.0,0.0,0.0,0.0,0.0,0.0,0.0,0.0,False,50
BZW2,0.001,0,0,0,42.0,42.0,42.0,1.0,0.0,0.0,0.01,0.0,0.0,0.0,0.0,0.0,0.0,0.0,0.0,0.0,0.0,0.0,False,50
CXCR4,0.001,0,0,0,42.0,42.0,42.0,0.0,0.0,0.0,0.01,0.0,0.0,0.0,0.0,0.0,0.0,0.0,0.0,0.0,0.0,0.0,False,50
CYB5R3,0.001,0,0,0,42.0,42.0,42.0,1.0,0.0,0.0,0.0,0.0,0.0,0.0,0.0,0.01,0.0,0.0,0.0,0.0,0.0,0.0,False,50
DIAPH2,0.001,0,0,0,42.0,42.0,42.0,1.0,0.0,0.0,0.0,0.0,0.0,0.0,0.0,0.01,0.0,0.0,0.0,0.0,0.0,0.0,False,50
DNMT3B,0.001,0,0,0,42.0,42.0,42.0,,0.0,0.0,0.0,0.0,0.0,0.0,0.0,0.0,0.01,0.0,0.0,0.0,0.0,0.0,False,50
DSG3,0.001,0,0,0,42.0,42.0,42.0,,0.0,0.0,0.0,0.01,0.0,0.0,0.0,0.0,0.0,0.0,0.0,0.0,0.0,0.0,False,50
HOXA1,0.001,0,0,0,42.0,42.0,42.0,,0.0,0.0,0.0,0.01,0.0,0.0,0.0,0.0,0.0,0.0,0.0,0.0,0.0,0.0,False,50
KCNK7,0.001,0,0,0,42.0,42.0,42.0,,0.0,0.0,0.0,0.01,0.0,0.0,0.0,0.0,0.0,0.0,0.0,0.0,0.0,0.0,False,50
KIAA0754,0.001,0,0,0,42.0,42.0,42.0,0.0,0.0,0.0,0.01,0.0,0.0,0.0,0.0,0.0,0.0,0.0,0.0,0.0,0.0,0.0,False,50
KLF3,0.001,0,0,0,42.0,42.0,42.0,1.0,0.0,0.0,0.0,0.0,0.0,0.0,0.0,0.01,0.0,0.0,0.0,0.0,0.0,0.0,False,50
LOC101927550,0.001,0,0,0,42.0,42.0,42.0,,0.0,0.0,0.0,0.01,0.0,0.0,0.0,0.0,0.0,0.0,0.0,0.0,0.0,0.0,False,50
MAGEE2,0.001,0,0,0,42.0,42.0,42.0,,0.0,0.0,0.0,0.01,0.0,0.0,0.0,0.0,0.0,0.0,0.0,0.0,0.0,0.0,False,50
MAP7,0.001,0,0,0,42.0,42.0,42.0,0.0,0.0,0.0,0.01,0.0,0.0,0.0,0.0,0.0,0.0,0.0,0.0,0.0,0.0,0.0,False,50
NCOA3,0.001,0,0,0,42.0,42.0,42.0,0.0,0.0,0.0,0.01,0.0,0.0,0.0,0.0,0.0,0.0,0.0,0.0,0.0,0.0,0.0,False,50
NLK,0.001,0,0,0,42.0,42.0,42.0,1.0,0.0,0.0,0.0,0.0,0.0,0.01,0.0,0.0,0.0,0.0,0.0,0.0,0.0,0.0,False,50
PDHA2,0.001,0,0,0,42.0,42.0,42.0,0.0,0.0,0.01,0.0,0.0,0.0,0.0,0.0,0.0,0.0,0.0,0.0,0.0,0.0,0.0,False,50
PRAMEF12,0.001,0,0,0,42.0,42.0,42.0,,0.0,0.0,0.0,0.01,0.0,0.0,0.0,0.0,0.0,0.0,0.0,0.0,0.0,0.0,False,50
PTP4A3,0.001,0,0,0,42.0,42.0,42.0,1.0,0.0,0.0,0.0,0.0,0.0,0.0,0.0,0.01,0.0,0.0,0.0,0.0,0.0,0.0,False,50
SEMA4B,0.001,0,0,0,42.0,42.0,42.0,1.0,0.0,0.01,0.0,0.0,0.0,0.0,0.0,0.0,0.0,0.0,0.0,0.0,0.0,0.0,False,50
SLC7A8,0.001,0,0,0,42.0,42.0,42.0,,0.0,0.0,0.0,0.01,0.0,0.0,0.0,0.0,0.0,0.0,0.0,0.0,0.0,0.0,False,50
TGIF1,0.001,0,0,0,42.0,42.0,42.0,,0.0,0.0,0.0,0.0,0.0,0.0,0.0,0.0,0.01,0.0,0.0,0.0,0.0,0.0,False,50
TRMT10A,0.001,0,0,0,42.0,42.0,42.0,1.0,0.0,0.0,0.01,0.0,0.0,0.0,0.0,0.0,0.0,0.0,0.0,0.0,0.0,0.0,False,50
UAP1L1,0.001,0,0,0,42.0,42.0,42.0,,0.0,0.0,0.0,0.01,0.0,0.0,0.0,0.0,0.0,0.0,0.0,0.0,0.0,0.0,False,50
WDR93,0.001,0,0,0,42.0,42.0,42.0,,0.0,0.0,0.0,0.01,0.0,0.0,0.0,0.0,0.0,0.0,0.0,0.0,0.0,0.0,False,50
ZKSCAN1,0.001,0,0,0,42.0,42.0,42.0,,0.0,0.0,0.0,0.0,0.0,0.0,0.0,0.0,0.01,0.0,0.0,0.0,0.0,0.0,False,50
AACS,0.001,0,0,0,43.0,43.0,43.0,1.0,0.0,0.0,0.01,0.0,0.0,0.0,0.0,0.0,0.0,0.0,0.0,0.0,0.0,0.0,False,50
AGR3,0.001,0,0,0,43.0,43.0,43.0,,0.0,0.0,0.0,0.01,0.0,0.0,0.0,0.0,0.0,0.0,0.0,0.0,0.0,0.0,False,50
C1QTNF4,0.001,0,0,0,43.0,43.0,43.0,,0.0,0.0,0.0,0.01,0.0,0.0,0.0,0.0,0.0,0.0,0.0,0.0,0.0,0.0,False,50
CACFD1,0.001,0,0,0,43.0,43.0,43.0,1.0,0.0,0.0,0.01,0.0,0.0,0.0,0.0,0.0,0.0,0.0,0.0,0.0,0.0,0.0,False,50
CNDP2,0.001,0,0,0,43.0,43.0,43.0,1.0,0.0,0.0,0.01,0.0,0.0,0.0,0.0,0.0,0.0,0.0,0.0,0.0,0.0,0.0,False,50
COBLL1,0.001,0,0,0,43.0,43.0,43.0,1.0,0.0,0.0,0.0,0.0,0.0,0.0,0.0,0.01,0.0,0.0,0.0,0.0,0.0,0.0,False,50
COX7B,0.001,0,0,0,43.0,43.0,43.0,,0.0,0.0,0.0,0.01,0.0,0.0,0.0,0.0,0.0,0.0,0.0,0.0,0.0,0.0,False,50
ENTPD3-AS1,0.001,0,0,0,43.0,43.0,43.0,,0.0,0.0,0.0,0.01,0.0,0.0,0.0,0.0,0.0,0.0,0.0,0.0,0.0,0.0,False,50
EPB41L5,0.001,0,0,0,43.0,43.0,43.0,1.0,0.0,0.0,0.0,0.0,0.0,0.0,0.0,0.01,0.0,0.0,0.0,0.0,0.0,0.0,False,50
HLA-DOA,0.001,0,0,0,43.0,43.0,43.0,,0.0,0.0,0.0,0.01,0.0,0.0,0.0,0.0,0.0,0.0,0.0,0.0,0.0,0.0,False,50
LINC00944,0.001,0,0,0,43.0,43.0,43.0,,0.0,0.0,0.0,0.01,0.0,0.0,0.0,0.0,0.0,0.0,0.0,0.0,0.0,0.0,False,50
LOC101929741,0.001,0,0,0,43.0,43.0,43.0,,0.0,0.0,0.0,0.01,0.0,0.0,0.0,0.0,0.0,0.0,0.0,0.0,0.0,0.0,False,50
LOC102725383,0.001,0,0,0,43.0,43.0,43.0,1.0,0.0,0.01,0.0,0.0,0.0,0.0,0.0,0.0,0.0,0.0,0.0,0.0,0.0,0.0,False,50
LOC284080,0.001,0,0,0,43.0,43.0,43.0,0.0,0.0,0.01,0.0,0.0,0.0,0.0,0.0,0.0,0.0,0.0,0.0,0.0,0.0,0.0,False,50
LOC340090,0.001,0,0,0,43.0,43.0,43.0,,0.0,0.0,0.0,0.01,0.0,0.0,0.0,0.0,0.0,0.0,0.0,0.0,0.0,0.0,False,50
MIR1244-3,0.001,0,0,0,43.0,43.0,43.0,1.0,0.0,0.01,0.0,0.0,0.0,0.0,0.0,0.0,0.0,0.0,0.0,0.0,0.0,0.0,False,50
NANOS1,0.001,0,0,0,43.0,43.0,43.0,0.0,0.0,0.0,0.01,0.0,0.0,0.0,0.0,0.0,0.0,0.0,0.0,0.0,0.0,0.0,False,50
NBEAL2,0.001,0,0,0,43.0,43.0,43.0,1.0,0.03,0.0,0.0,0.0,0.0,0.0,0.0,0.0,0.01,0.0,0.0,0.0,0.0,0.03,False,50
PCGEM1,0.001,0,0,0,43.0,43.0,43.0,,0.0,0.0,0.0,0.01,0.0,0.0,0.0,0.0,0.0,0.0,0.0,0.0,0.0,0.0,False,50
PET117,0.001,0,0,0,43.0,43.0,43.0,,0.0,0.0,0.0,0.01,0.0,0.0,0.0,0.0,0.0,0.0,0.0,0.0,0.0,0.0,False,50
PPP1R36,0.001,0,0,0,43.0,43.0,43.0,1.0,0.0,0.0,0.01,0.0,0.0,0.0,0.0,0.0,0.0,0.0,0.0,0.0,0.0,0.0,False,50
PTPRM,0.001,0,0,0,43.0,43.0,43.0,1.0,0.0,0.0,0.0,0.0,0.0,0.0,0.0,0.01,0.0,0.0,0.0,0.0,0.0,0.0,False,50
SDF2L1,0.001,0,0,0,43.0,43.0,43.0,,0.0,0.0,0.0,0.0,0.0,0.0,0.0,0.0,0.01,0.0,0.0,0.0,0.0,0.0,False,50
SOX14,0.001,0,0,0,43.0,43.0,43.0,0.0,0.0,0.01,0.0,0.0,0.0,0.0,0.0,0.0,0.0,0.0,0.0,0.0,0.0,0.0,False,50
SOX3,0.001,0,0,0,43.0,43.0,43.0,,0.0,0.0,0.0,0.01,0.0,0.0,0.0,0.0,0.0,0.0,0.0,0.0,0.0,0.0,False,50
SRFBP1,0.001,0,0,0,43.0,43.0,43.0,0.0,0.0,0.0,0.01,0.0,0.0,0.0,0.0,0.0,0.0,0.0,0.0,0.0,0.0,0.0,False,50
TBC1D8,0.001,0,0,0,43.0,43.0,43.0,,0.0,0.0,0.0,0.01,0.0,0.0,0.0,0.0,0.0,0.0,0.0,0.0,0.0,0.0,False,50
TRIO,0.001,0,0,0,43.0,43.0,43.0,,0.0,0.0,0.0,0.01,0.0,0.0,0.0,0.0,0.0,0.0,0.0,0.0,0.0,0.0,False,50
C1orf162,0.001,0,0,0,44.0,44.0,44.0,,0.0,0.0,0.0,0.01,0.0,0.0,0.0,0.0,0.0,0.0,0.0,0.0,0.0,0.0,False,50
CFLAR,0.001,0,0,0,44.0,44.0,44.0,1.0,0.0,0.0,0.01,0.0,0.0,0.0,0.0,0.0,0.0,0.0,0.0,0.0,0.0,0.0,False,50
DTX3L,0.001,0,0,0,44.0,44.0,44.0,0.0,0.0,0.0,0.01,0.0,0.0,0.0,0.0,0.0,0.0,0.0,0.0,0.0,0.0,0.0,False,50
EIF1AD,0.001,0,0,0,44.0,44.0,44.0,,0.0,0.0,0.0,0.0,0.0,0.0,0.0,0.0,0.01,0.0,0.0,0.0,0.0,0.0,False,50
FAM110C,0.001,0,0,0,44.0,44.0,44.0,1.0,0.0,0.0,0.01,0.0,0.0,0.0,0.0,0.0,0.0,0.0,0.0,0.0,0.0,0.0,False,50
FOXO1,0.001,0,0,0,44.0,44.0,44.0,1.0,0.0,0.0,0.0,0.0,0.0,0.0,0.0,0.01,0.0,0.0,0.0,0.0,0.0,0.0,False,50
GPR37L1,0.001,0,0,0,44.0,44.0,44.0,,0.0,0.0,0.0,0.01,0.0,0.0,0.0,0.0,0.0,0.0,0.0,0.0,0.0,0.0,False,50
GPR78,0.001,0,0,0,44.0,44.0,44.0,0.0,0.0,0.01,0.0,0.0,0.0,0.0,0.0,0.0,0.0,0.0,0.0,0.0,0.0,0.0,False,50
GRPR,0.001,0,0,0,44.0,44.0,44.0,,0.0,0.0,0.0,0.01,0.0,0.0,0.0,0.0,0.0,0.0,0.0,0.0,0.0,0.0,False,50
HSD17B6,0.001,0,0,0,44.0,44.0,44.0,0.0,0.0,0.0,0.01,0.0,0.0,0.0,0.0,0.0,0.0,0.0,0.0,0.0,0.0,0.0,False,50
ITGA4,0.001,0,0,0,44.0,44.0,44.0,,0.0,0.0,0.0,0.01,0.0,0.0,0.0,0.0,0.0,0.0,0.0,0.0,0.0,0.0,False,50
ITGB4,0.001,0,0,0,44.0,44.0,44.0,0.0,0.0,0.0,0.01,0.0,0.0,0.0,0.0,0.0,0.0,0.0,0.0,0.0,0.0,0.0,False,50
IWS1,0.001,0,0,0,44.0,44.0,44.0,,0.0,0.0,0.0,0.01,0.0,0.0,0.0,0.0,0.0,0.0,0.0,0.0,0.0,0.0,False,50
LHCGR,0.001,0,0,0,44.0,44.0,44.0,,0.0,0.0,0.0,0.01,0.0,0.0,0.0,0.0,0.0,0.0,0.0,0.0,0.0,0.0,False,50
LOC100288675,0.001,0,0,0,44.0,44.0,44.0,,0.0,0.0,0.0,0.01,0.0,0.0,0.0,0.0,0.0,0.0,0.0,0.0,0.0,0.0,False,50
LOC100507600,0.001,0,0,0,44.0,44.0,44.0,,0.0,0.0,0.0,0.01,0.0,0.0,0.0,0.0,0.0,0.0,0.0,0.0,0.0,0.0,False,50
LOC101927783,0.001,0,0,0,44.0,44.0,44.0,0.0,0.0,0.01,0.0,0.0,0.0,0.0,0.0,0.0,0.0,0.0,0.0,0.0,0.0,0.0,False,50
LOC101927929,0.001,0,0,0,44.0,44.0,44.0,,0.0,0.0,0.0,0.01,0.0,0.0,0.0,0.0,0.0,0.0,0.0,0.0,0.0,0.0,False,50
LOC101929034,0.001,0,0,0,44.0,44.0,44.0,,0.0,0.0,0.0,0.01,0.0,0.0,0.0,0.0,0.0,0.0,0.0,0.0,0.0,0.0,False,50
LOC101929550,0.001,0,0,0,44.0,44.0,44.0,1.0,0.0,0.01,0.0,0.0,0.0,0.0,0.0,0.0,0.0,0.0,0.0,0.0,0.0,0.0,False,50
LOC102724611,0.001,0,0,0,44.0,44.0,44.0,1.0,0.0,0.01,0.0,0.0,0.0,0.0,0.0,0.0,0.0,0.0,0.0,0.0,0.0,0.0,False,50
LOC105370943,0.001,0,0,0,44.0,44.0,44.0,,0.0,0.0,0.0,0.01,0.0,0.0,0.0,0.0,0.0,0.0,0.0,0.0,0.0,0.0,False,50
LOC389247,0.001,0,0,0,44.0,44.0,44.0,0.0,0.0,0.01,0.0,0.0,0.0,0.0,0.0,0.0,0.0,0.0,0.0,0.0,0.0,0.0,False,50
MAMSTR,0.001,0,0,0,44.0,44.0,44.0,,0.0,0.0,0.0,0.01,0.0,0.0,0.0,0.0,0.0,0.0,0.0,0.0,0.0,0.0,False,50
MRC1,0.001,0,0,0,44.0,44.0,44.0,1.0,0.0,0.0,0.0,0.0,0.0,0.0,0.0,0.01,0.0,0.0,0.0,0.0,0.0,0.0,False,50
MROH2B,0.001,0,0,0,44.0,44.0,44.0,,0.0,0.0,0.0,0.01,0.0,0.0,0.0,0.0,0.0,0.0,0.0,0.0,0.0,0.0,False,50
MTURN,0.001,0,0,0,44.0,44.0,44.0,1.0,0.0,0.0,0.0,0.0,0.0,0.0,0.0,0.01,0.0,0.0,0.0,0.0,0.0,0.0,False,50
NFATC2IP,0.001,0,0,0,44.0,44.0,44.0,0.0,0.0,0.0,0.01,0.0,0.0,0.0,0.0,0.0,0.0,0.0,0.0,0.0,0.0,0.0,False,50
PCSK5,0.001,0,0,0,44.0,44.0,44.0,1.0,0.0,0.0,0.0,0.0,0.0,0.0,0.0,0.01,0.0,0.0,0.0,0.0,0.0,0.0,False,50
PHTF2,0.001,0,0,0,44.0,44.0,44.0,,0.0,0.0,0.0,0.01,0.0,0.0,0.0,0.0,0.0,0.0,0.0,0.0,0.0,0.0,False,50
PPAT,0.001,0,0,0,44.0,44.0,44.0,1.0,0.0,0.0,0.0,0.0,0.0,0.0,0.0,0.01,0.0,0.0,0.0,0.0,0.0,0.0,False,50
SAT2,0.001,0,0,0,44.0,44.0,44.0,0.0,0.0,0.0,0.01,0.0,0.0,0.0,0.0,0.0,0.0,0.0,0.0,0.0,0.0,0.0,False,50
SLC35G2,0.001,0,0,0,44.0,44.0,44.0,,0.0,0.0,0.0,0.0,0.0,0.0,0.01,0.0,0.0,0.0,0.0,0.0,0.0,0.0,False,50
SPAG17,0.001,0,0,0,44.0,44.0,44.0,0.0,0.0,0.01,0.0,0.0,0.0,0.0,0.0,0.0,0.0,0.0,0.0,0.0,0.0,0.0,False,50
TPO,0.001,0,0,0,44.0,44.0,44.0,0.0,0.0,0.01,0.0,0.0,0.0,0.0,0.0,0.0,0.0,0.0,0.0,0.0,0.0,0.0,False,50
VAMP7,0.001,0,0,0,44.0,44.0,44.0,,0.0,0.0,0.0,0.01,0.0,0.0,0.0,0.0,0.0,0.0,0.0,0.0,0.0,0.0,False,50
ZNF740,0.001,0,0,0,44.0,44.0,44.0,,0.0,0.0,0.0,0.01,0.0,0.0,0.0,0.0,0.0,0.0,0.0,0.0,0.0,0.0,False,50
ZYG11B,0.001,0,0,0,44.0,44.0,44.0,1.0,0.0,0.0,0.0,0.0,0.0,0.0,0.0,0.01,0.0,0.0,0.0,0.0,0.0,0.0,False,50
CEBPA-AS1,0.001,0,0,0,45.0,45.0,45.0,0.0,0.0,0.0,0.01,0.0,0.0,0.0,0.0,0.0,0.0,0.0,0.0,0.0,0.0,0.0,False,50
CMTM6,0.001,0,0,0,45.0,45.0,45.0,0.0,0.0,0.0,0.01,0.0,0.0,0.0,0.0,0.0,0.0,0.0,0.0,0.0,0.0,0.0,False,50
FGR,0.001,0,0,0,45.0,45.0,45.0,,0.0,0.0,0.0,0.01,0.0,0.0,0.0,0.0,0.0,0.0,0.0,0.0,0.0,0.0,False,50
GLRX5,0.001,0,0,0,45.0,45.0,45.0,,0.0,0.0,0.0,0.01,0.0,0.0,0.0,0.0,0.0,0.0,0.0,0.0,0.0,0.0,False,50
GPD1,0.001,0,0,0,45.0,45.0,45.0,1.0,0.0,0.0,0.0,0.0,0.0,0.0,0.0,0.01,0.0,0.0,0.0,0.0,0.0,0.0,False,50
HOGA1,0.001,0,0,0,45.0,45.0,45.0,0.0,0.0,0.0,0.0,0.0,0.01,0.0,0.0,0.0,0.0,0.0,0.0,0.0,0.0,0.0,False,50
HOXB8,0.001,0,0,0,45.0,45.0,45.0,1.0,0.0,0.0,0.0,0.0,0.0,0.0,0.0,0.01,0.0,0.0,0.0,0.0,0.0,0.0,False,50
LOC105377143,0.001,0,0,0,45.0,45.0,45.0,0.0,0.0,0.01,0.0,0.0,0.0,0.0,0.0,0.0,0.0,0.0,0.0,0.0,0.0,0.0,False,50
LRRC34,0.001,0,0,0,45.0,45.0,45.0,0.0,0.0,0.0,0.0,0.0,0.0,0.01,0.0,0.0,0.0,0.0,0.0,0.0,0.0,0.0,False,50
MCF2L2,0.001,0,0,0,45.0,45.0,45.0,,0.0,0.0,0.0,0.01,0.0,0.0,0.0,0.0,0.0,0.0,0.0,0.0,0.0,0.0,False,50
MIR670HG,0.001,0,0,0,45.0,45.0,45.0,0.0,0.0,0.01,0.0,0.0,0.0,0.0,0.0,0.0,0.0,0.0,0.0,0.0,0.0,0.0,False,50
MITF,0.001,0,0,0,45.0,45.0,45.0,0.5,0.01,0.0,0.0,0.0,0.0,0.0,0.0,0.01,0.0,0.0,0.0,0.0,0.0,0.01,False,50
MORN5,0.001,0,0,0,45.0,45.0,45.0,0.0,0.0,0.01,0.0,0.0,0.0,0.0,0.0,0.0,0.0,0.0,0.0,0.0,0.0,0.0,False,50
MRGPRG-AS1,0.001,0,0,0,45.0,45.0,45.0,,0.0,0.0,0.0,0.01,0.0,0.0,0.0,0.0,0.0,0.0,0.0,0.0,0.0,0.0,False,50
MUC6,0.001,0,0,0,45.0,45.0,45.0,,0.0,0.0,0.0,0.01,0.0,0.0,0.0,0.0,0.0,0.0,0.0,0.0,0.0,0.0,False,50
NECTIN2,0.001,0,0,0,45.0,45.0,45.0,,0.0,0.0,0.0,0.0,0.0,0.0,0.0,0.0,0.01,0.0,0.0,0.0,0.0,0.0,False,50
PDHA1,0.001,0,0,0,45.0,45.0,45.0,,0.0,0.0,0.0,0.01,0.0,0.0,0.0,0.0,0.0,0.0,0.0,0.0,0.0,0.0,False,50
PLPP3,0.001,0,0,0,45.0,45.0,45.0,,0.0,0.0,0.0,0.01,0.0,0.0,0.0,0.0,0.0,0.0,0.0,0.0,0.0,0.0,False,50
PPP3CB,0.001,0,0,0,45.0,45.0,45.0,1.0,0.0,0.0,0.0,0.0,0.0,0.0,0.0,0.01,0.0,0.0,0.0,0.0,0.0,0.0,False,50
RAB11FIP4,0.001,0,0,0,45.0,45.0,45.0,1.0,0.0,0.0,0.01,0.0,0.0,0.0,0.0,0.0,0.0,0.0,0.0,0.0,0.0,0.0,False,50
SHROOM4,0.001,0,0,0,45.0,45.0,45.0,0.0,0.0,0.01,0.0,0.0,0.0,0.0,0.0,0.0,0.0,0.0,0.0,0.0,0.0,0.0,False,50
SLC25A40,0.001,0,0,0,45.0,45.0,45.0,,0.0,0.0,0.0,0.01,0.0,0.0,0.0,0.0,0.0,0.0,0.0,0.0,0.0,0.0,False,50
TTC22,0.001,0,0,0,45.0,45.0,45.0,,0.0,0.0,0.0,0.0,0.0,0.0,0.0,0.0,0.01,0.0,0.0,0.0,0.0,0.0,False,50
ZNF469,0.001,0,0,0,45.0,45.0,45.0,1.0,0.0,0.0,0.01,0.0,0.0,0.0,0.0,0.0,0.0,0.0,0.0,0.0,0.0,0.0,False,50
ARSE,0.001,0,0,0,46.0,46.0,46.0,1.0,0.0,0.01,0.0,0.0,0.0,0.0,0.0,0.0,0.0,0.0,0.0,0.0,0.0,0.0,False,50
ATP5B,0.001,0,0,0,46.0,46.0,46.0,,0.0,0.0,0.0,0.01,0.0,0.0,0.0,0.0,0.0,0.0,0.0,0.0,0.0,0.0,False,50
BNIP3L,0.001,0,0,0,46.0,46.0,46.0,,0.0,0.0,0.0,0.0,0.0,0.0,0.0,0.0,0.01,0.0,0.0,0.0,0.0,0.0,False,50
BOLA3,0.001,0,0,0,46.0,46.0,46.0,,0.0,0.0,0.0,0.01,0.0,0.0,0.0,0.0,0.0,0.0,0.0,0.0,0.0,0.0,False,50
C17orf98,0.001,0,0,0,46.0,46.0,46.0,0.0,0.0,0.01,0.0,0.0,0.0,0.0,0.0,0.0,0.0,0.0,0.0,0.0,0.0,0.0,False,50
CBLL1,0.001,0,0,0,46.0,46.0,46.0,,0.0,0.0,0.0,0.01,0.0,0.0,0.0,0.0,0.0,0.0,0.0,0.0,0.0,0.0,False,50
CCNL2,0.001,0,0,0,46.0,46.0,46.0,1.0,0.0,0.0,0.0,0.0,0.0,0.0,0.0,0.01,0.0,0.0,0.0,0.0,0.0,0.0,False,50
CDC26,0.001,0,0,0,46.0,46.0,46.0,,0.0,0.0,0.0,0.01,0.0,0.0,0.0,0.0,0.0,0.0,0.0,0.0,0.0,0.0,False,50
CDH13,0.001,0,0,0,46.0,46.0,46.0,0.0,0.0,0.0,0.0,0.01,0.0,0.0,0.0,0.0,0.0,0.0,0.0,0.01,0.0,0.0,False,50
DNAJC9,0.001,0,0,0,46.0,46.0,46.0,,0.0,0.0,0.0,0.0,0.0,0.0,0.0,0.0,0.01,0.0,0.0,0.0,0.0,0.0,False,50
EID2B,0.001,0,0,0,46.0,46.0,46.0,,0.0,0.0,0.0,0.01,0.0,0.0,0.0,0.0,0.0,0.0,0.0,0.0,0.0,0.0,False,50
FAM111A,0.001,0,0,0,46.0,46.0,46.0,,0.0,0.0,0.0,0.0,0.0,0.0,0.0,0.0,0.01,0.0,0.0,0.0,0.0,0.0,False,50
FAM228A,0.001,0,0,0,46.0,46.0,46.0,0.0,0.0,0.0,0.0,0.0,0.01,0.0,0.0,0.0,0.0,0.0,0.0,0.0,0.0,0.0,False,50
GPR68,0.001,0,0,0,46.0,46.0,46.0,1.0,0.0,0.0,0.01,0.0,0.0,0.0,0.0,0.0,0.0,0.0,0.0,0.0,0.0,0.0,False,50
KLF14,0.001,0,0,0,46.0,46.0,46.0,,0.0,0.0,0.0,0.01,0.0,0.0,0.0,0.0,0.0,0.0,0.0,0.0,0.0,0.0,False,50
LEPR,0.001,0,0,0,46.0,46.0,46.0,,0.0,0.0,0.0,0.01,0.0,0.0,0.0,0.0,0.0,0.0,0.0,0.0,0.0,0.0,False,50
LOC100505530,0.001,0,0,0,46.0,46.0,46.0,0.0,0.0,0.01,0.0,0.0,0.0,0.0,0.0,0.0,0.0,0.0,0.0,0.0,0.0,0.0,False,50
LOC100506388,0.001,0,0,0,46.0,46.0,46.0,0.0,0.0,0.0,0.0,0.0,0.01,0.0,0.0,0.0,0.0,0.0,0.0,0.0,0.0,0.0,False,50
LOC101926984,0.001,0,0,0,46.0,46.0,46.0,,0.0,0.0,0.0,0.01,0.0,0.0,0.0,0.0,0.0,0.0,0.0,0.0,0.0,0.0,False,50
LRRC71,0.001,0,0,0,46.0,46.0,46.0,1.0,0.0,0.01,0.0,0.0,0.0,0.0,0.0,0.0,0.0,0.0,0.0,0.0,0.0,0.0,False,50
MAPK8IP2,0.001,0,0,0,46.0,46.0,46.0,1.0,0.0,0.01,0.0,0.0,0.0,0.0,0.0,0.0,0.0,0.0,0.0,0.0,0.0,0.0,False,50
NAP1L3,0.001,0,0,0,46.0,46.0,46.0,,0.0,0.0,0.0,0.01,0.0,0.0,0.0,0.0,0.0,0.0,0.0,0.0,0.0,0.0,False,50
NDC80,0.001,0,0,0,46.0,46.0,46.0,1.0,0.02,0.0,0.0,0.0,0.0,0.0,0.0,0.0,0.01,0.0,0.0,0.0,0.0,0.02,False,50
NDUFAF4,0.001,0,0,0,46.0,46.0,46.0,,0.0,0.0,0.0,0.01,0.0,0.0,0.0,0.0,0.0,0.0,0.0,0.0,0.0,0.0,False,50
NEUROD1,0.001,0,0,0,46.0,46.0,46.0,,0.0,0.0,0.0,0.01,0.0,0.0,0.0,0.0,0.0,0.0,0.0,0.0,0.0,0.0,False,50
OR2L13,0.001,0,0,0,46.0,46.0,46.0,0.0,0.0,0.01,0.0,0.0,0.0,0.0,0.0,0.0,0.0,0.0,0.0,0.0,0.0,0.0,False,50
PRICKLE1,0.001,0,0,0,46.0,46.0,46.0,,0.0,0.0,0.0,0.01,0.0,0.0,0.0,0.0,0.0,0.0,0.0,0.0,0.0,0.0,False,50
RTP3,0.001,0,0,0,46.0,46.0,46.0,1.0,0.0,0.01,0.0,0.0,0.0,0.0,0.0,0.0,0.0,0.0,0.0,0.0,0.0,0.0,False,50
SFRP5,0.001,0,0,0,46.0,46.0,46.0,,0.0,0.0,0.0,0.01,0.0,0.0,0.0,0.0,0.0,0.0,0.0,0.0,0.0,0.0,False,50
SIM1,0.001,0,0,0,46.0,46.0,46.0,1.0,0.0,0.0,0.01,0.0,0.0,0.0,0.0,0.0,0.0,0.0,0.0,0.0,0.0,0.0,False,50
SPATA7,0.001,0,0,0,46.0,46.0,46.0,,0.0,0.0,0.0,0.01,0.0,0.0,0.0,0.0,0.0,0.0,0.0,0.0,0.0,0.0,False,50
STARD5,0.001,0,0,0,46.0,46.0,46.0,,0.0,0.0,0.0,0.01,0.0,0.0,0.0,0.0,0.0,0.0,0.0,0.0,0.0,0.0,False,50
SYMPK,0.001,0,0,0,46.0,46.0,46.0,1.0,0.0,0.0,0.01,0.0,0.0,0.0,0.0,0.0,0.0,0.0,0.0,0.0,0.0,0.0,False,50
TAF1A-AS1,0.001,0,0,0,46.0,46.0,46.0,,0.0,0.0,0.0,0.01,0.0,0.0,0.0,0.0,0.0,0.0,0.0,0.0,0.0,0.0,False,50
TMPRSS11B,0.001,0,0,0,46.0,46.0,46.0,0.0,0.0,0.01,0.0,0.0,0.0,0.0,0.0,0.0,0.0,0.0,0.0,0.0,0.0,0.0,False,50
TSPO2,0.001,0,0,0,46.0,46.0,46.0,0.0,0.0,0.01,0.0,0.0,0.0,0.0,0.0,0.0,0.0,0.0,0.0,0.0,0.0,0.0,False,50
WAPL,0.001,0,0,0,46.0,46.0,46.0,,0.0,0.0,0.0,0.01,0.0,0.0,0.0,0.0,0.0,0.0,0.0,0.0,0.0,0.0,False,50
ZNF154,0.001,0,0,0,46.0,46.0,46.0,0.0,0.0,0.01,0.0,0.0,0.0,0.0,0.0,0.0,0.0,0.0,0.0,0.01,0.0,0.0,False,50
ZNF500,0.001,0,0,0,46.0,46.0,46.0,,0.0,0.0,0.0,0.0,0.0,0.0,0.0,0.0,0.01,0.0,0.0,0.0,0.0,0.0,False,50
ARHGAP31,0.001,0,0,0,47.0,47.0,47.0,,0.0,0.0,0.0,0.0,0.0,0.0,0.0,0.0,0.01,0.0,0.0,0.0,0.0,0.0,False,50
C14orf2,0.001,0,0,0,47.0,47.0,47.0,1.0,0.0,0.0,0.01,0.0,0.0,0.0,0.0,0.0,0.0,0.0,0.0,0.0,0.0,0.0,False,50
C7orf71,0.001,0,0,0,47.0,47.0,47.0,0.0,0.0,0.01,0.0,0.0,0.0,0.0,0.0,0.0,0.0,0.0,0.0,0.01,0.0,0.0,False,50
COL4A3BP,0.001,0,0,0,47.0,47.0,47.0,,0.0,0.0,0.0,0.01,0.0,0.0,0.0,0.0,0.0,0.0,0.0,0.0,0.0,0.0,False,50
CSE1L,0.001,0,0,0,47.0,47.0,47.0,,0.0,0.0,0.0,0.0,0.0,0.0,0.0,0.0,0.01,0.0,0.0,0.0,0.0,0.0,False,50
DEF6,0.001,0,0,0,47.0,47.0,47.0,1.0,0.0,0.0,0.0,0.0,0.0,0.0,0.0,0.01,0.0,0.0,0.0,0.0,0.0,0.0,False,50
DNAJC1,0.001,0,0,0,47.0,47.0,47.0,,0.0,0.0,0.0,0.0,0.0,0.0,0.0,0.0,0.01,0.0,0.0,0.0,0.0,0.0,False,50
FAM155A,0.001,0,0,0,47.0,47.0,47.0,1.0,0.0,0.0,0.01,0.0,0.0,0.0,0.0,0.0,0.0,0.0,0.0,0.0,0.0,0.0,False,50
FAM205BP,0.001,0,0,0,47.0,47.0,47.0,,0.0,0.0,0.0,0.01,0.0,0.0,0.0,0.0,0.0,0.0,0.0,0.0,0.0,0.0,False,50
FAM213A,0.001,0,0,0,47.0,47.0,47.0,1.0,0.0,0.0,0.0,0.0,0.0,0.0,0.0,0.01,0.0,0.0,0.0,0.0,0.0,0.0,False,50
HMMR,0.001,0,0,0,47.0,47.0,47.0,,0.0,0.0,0.0,0.0,0.0,0.0,0.0,0.0,0.01,0.0,0.0,0.0,0.0,0.0,False,50
IGSF3,0.001,0,0,0,47.0,47.0,47.0,,0.0,0.0,0.0,0.0,0.0,0.0,0.0,0.0,0.01,0.0,0.0,0.0,0.0,0.0,False,50
INTS7,0.001,0,0,0,47.0,47.0,47.0,,0.0,0.0,0.0,0.01,0.0,0.0,0.0,0.0,0.0,0.0,0.0,0.0,0.0,0.0,False,50
LINC00304,0.001,0,0,0,47.0,47.0,47.0,,0.0,0.0,0.0,0.01,0.0,0.0,0.0,0.0,0.0,0.0,0.0,0.0,0.0,0.0,False,50
LOC100996654,0.001,0,0,0,47.0,47.0,47.0,,0.0,0.0,0.0,0.01,0.0,0.0,0.0,0.0,0.0,0.0,0.0,0.0,0.0,0.0,False,50
LPAR6,0.001,0,0,0,47.0,47.0,47.0,,0.0,0.0,0.0,0.0,0.0,0.0,0.0,0.0,0.01,0.0,0.0,0.0,0.0,0.0,False,50
MRVI1-AS1,0.001,0,0,0,47.0,47.0,47.0,,0.0,0.0,0.0,0.01,0.0,0.0,0.0,0.0,0.0,0.0,0.0,0.0,0.0,0.0,False,50
NR1H3,0.001,0,0,0,47.0,47.0,47.0,1.0,0.0,0.0,0.0,0.0,0.0,0.0,0.0,0.01,0.0,0.0,0.0,0.0,0.0,0.0,False,50
NUTM2B-AS1,0.001,0,0,0,47.0,47.0,47.0,0.0,0.0,0.0,0.01,0.0,0.0,0.0,0.0,0.0,0.0,0.0,0.0,0.0,0.0,0.0,False,50
PAQR7,0.001,0,0,0,47.0,47.0,47.0,1.0,0.0,0.01,0.0,0.0,0.0,0.0,0.0,0.0,0.0,0.0,0.0,0.0,0.0,0.0,False,50
PIAS4,0.001,0,0,0,47.0,47.0,47.0,0.0,0.0,0.0,0.01,0.0,0.0,0.0,0.0,0.0,0.0,0.0,0.0,0.0,0.0,0.0,False,50
SDHAF4,0.001,0,0,0,47.0,47.0,47.0,1.0,0.0,0.0,0.0,0.0,0.0,0.0,0.0,0.01,0.0,0.0,0.0,0.0,0.0,0.0,False,50
SLCO4C1,0.001,0,0,0,47.0,47.0,47.0,0.0,0.0,0.01,0.0,0.0,0.0,0.0,0.0,0.0,0.0,0.0,0.0,0.0,0.0,0.0,False,50
THBS2,0.001,0,0,0,47.0,47.0,47.0,,0.0,0.0,0.0,0.01,0.0,0.0,0.0,0.0,0.0,0.0,0.0,0.0,0.0,0.0,False,50
VPS50,0.001,0,0,0,47.0,47.0,47.0,,0.0,0.0,0.0,0.01,0.0,0.0,0.0,0.0,0.0,0.0,0.0,0.0,0.0,0.0,False,50
WDR86-AS1,0.001,0,0,0,47.0,47.0,47.0,0.0,0.0,0.01,0.0,0.0,0.0,0.0,0.0,0.0,0.0,0.0,0.0,0.0,0.0,0.0,False,50
ACSM1,0.001,0,0,0,48.0,48.0,48.0,0.0,0.0,0.01,0.0,0.0,0.0,0.0,0.0,0.0,0.0,0.0,0.0,0.02,0.0,0.0,False,50
ARHGAP32,0.001,0,0,0,48.0,48.0,48.0,,0.0,0.0,0.0,0.0,0.0,0.0,0.0,0.0,0.01,0.0,0.0,0.0,0.0,0.0,False,50
ARHGEF12,0.001,0,0,0,48.0,48.0,48.0,1.0,0.0,0.0,0.01,0.0,0.0,0.0,0.0,0.0,0.0,0.0,0.0,0.0,0.0,0.0,False,50
ASCL2,0.001,0,0,0,48.0,48.0,48.0,,0.0,0.0,0.0,0.01,0.0,0.0,0.0,0.0,0.0,0.0,0.0,0.0,0.0,0.0,False,50
CEACAM21,0.001,0,0,0,48.0,48.0,48.0,,0.0,0.0,0.0,0.01,0.0,0.0,0.0,0.0,0.0,0.0,0.0,0.0,0.0,0.0,False,50
COPG2,0.001,0,0,0,48.0,48.0,48.0,,0.0,0.0,0.0,0.01,0.0,0.0,0.0,0.0,0.0,0.0,0.0,0.0,0.0,0.0,False,50
FAM60A,0.001,0,0,0,48.0,48.0,48.0,1.0,0.0,0.0,0.01,0.0,0.0,0.0,0.0,0.0,0.0,0.0,0.0,0.0,0.0,0.0,False,50
GLI1,0.001,0,0,0,48.0,48.0,48.0,,0.0,0.0,0.0,0.01,0.0,0.0,0.0,0.0,0.0,0.0,0.0,0.0,0.0,0.0,False,50
GSTCD,0.001,0,0,0,48.0,48.0,48.0,1.0,0.0,0.01,0.0,0.0,0.0,0.0,0.0,0.0,0.0,0.0,0.0,0.0,0.0,0.0,False,50
H1FNT,0.001,0,0,0,48.0,48.0,48.0,,0.0,0.0,0.0,0.01,0.0,0.0,0.0,0.0,0.0,0.0,0.0,0.0,0.0,0.0,False,50
HOXB3,0.001,0,0,0,48.0,48.0,48.0,,0.0,0.0,0.0,0.01,0.0,0.0,0.0,0.0,0.0,0.0,0.0,0.0,0.0,0.0,False,50
LINC00910,0.001,0,0,0,48.0,48.0,48.0,,0.0,0.0,0.0,0.01,0.0,0.0,0.0,0.0,0.0,0.0,0.0,0.0,0.0,0.0,False,50
LOC400541,0.001,0,0,0,48.0,48.0,48.0,,0.0,0.0,0.0,0.01,0.0,0.0,0.0,0.0,0.0,0.0,0.0,0.0,0.0,0.0,False,50
LOC646014,0.001,0,0,0,48.0,48.0,48.0,,0.0,0.0,0.0,0.01,0.0,0.0,0.0,0.0,0.0,0.0,0.0,0.0,0.0,0.0,False,50
LOC729324,0.001,0,0,0,48.0,48.0,48.0,,0.0,0.0,0.0,0.01,0.0,0.0,0.0,0.0,0.0,0.0,0.0,0.0,0.0,0.0,False,50
MAP1LC3B2,0.001,0,0,0,48.0,48.0,48.0,1.0,0.0,0.01,0.0,0.0,0.0,0.0,0.0,0.0,0.0,0.0,0.0,0.0,0.0,0.0,False,50
NMB,0.001,0,0,0,48.0,48.0,48.0,1.0,0.0,0.0,0.0,0.0,0.0,0.0,0.0,0.01,0.0,0.0,0.0,0.0,0.0,0.0,False,50
OR1A1,0.001,0,0,0,48.0,48.0,48.0,0.0,0.0,0.01,0.0,0.0,0.0,0.0,0.0,0.0,0.0,0.0,0.0,0.0,0.0,0.0,False,50
PCOLCE2,0.001,0,0,0,48.0,48.0,48.0,0.5,0.01,0.0,0.0,0.0,0.0,0.0,0.0,0.01,0.0,0.0,0.0,0.0,0.0,0.01,False,50
RBM14,0.001,0,0,0,48.0,48.0,48.0,1.0,0.0,0.0,0.01,0.0,0.0,0.0,0.0,0.0,0.0,0.0,0.0,0.0,0.0,0.0,False,50
SGPL1,0.001,0,0,0,48.0,48.0,48.0,1.0,0.0,0.0,0.01,0.0,0.0,0.0,0.0,0.0,0.0,0.0,0.0,0.0,0.0,0.0,False,50
SHH,0.001,0,0,0,48.0,48.0,48.0,,0.0,0.0,0.0,0.01,0.0,0.0,0.0,0.0,0.0,0.0,0.0,0.0,0.0,0.0,False,50
SIK2,0.001,0,0,0,48.0,48.0,48.0,1.0,0.0,0.0,0.0,0.0,0.0,0.0,0.0,0.01,0.0,0.0,0.0,0.0,0.0,0.0,False,50
SLC52A3,0.001,0,0,0,48.0,48.0,48.0,,0.0,0.0,0.0,0.0,0.0,0.0,0.0,0.0,0.01,0.0,0.0,0.0,0.0,0.0,False,50
TPD52L1,0.001,0,0,0,48.0,48.0,48.0,,0.0,0.0,0.0,0.01,0.0,0.0,0.0,0.0,0.0,0.0,0.0,0.0,0.0,0.0,False,50
UBTF,0.001,0,0,0,48.0,48.0,48.0,,0.0,0.0,0.0,0.01,0.0,0.0,0.0,0.0,0.0,0.0,0.0,0.0,0.0,0.0,False,50
ZWILCH,0.001,0,0,0,48.0,48.0,48.0,1.0,0.0,0.0,0.0,0.0,0.0,0.0,0.0,0.01,0.0,0.0,0.0,0.0,0.0,0.0,False,50
ACY3,0.001,0,0,0,49.0,49.0,49.0,1.0,0.0,0.01,0.0,0.0,0.0,0.0,0.0,0.0,0.0,0.0,0.0,0.0,0.0,0.0,False,50
ANXA13,0.001,0,0,0,49.0,49.0,49.0,,0.0,0.0,0.0,0.01,0.0,0.0,0.0,0.0,0.0,0.0,0.0,0.0,0.0,0.0,False,50
ATP5C1,0.001,0,0,0,49.0,49.0,49.0,,0.0,0.0,0.0,0.0,0.0,0.0,0.0,0.0,0.01,0.0,0.0,0.0,0.0,0.0,False,50
AVPR1A,0.001,0,0,0,49.0,49.0,49.0,1.0,0.0,0.0,0.0,0.0,0.0,0.0,0.0,0.01,0.0,0.0,0.0,0.0,0.0,0.0,False,50
C11orf63,0.001,0,0,0,49.0,49.0,49.0,,0.0,0.0,0.0,0.0,0.0,0.0,0.01,0.0,0.0,0.0,0.0,0.0,0.0,0.0,False,50
CCKBR,0.001,0,0,0,49.0,49.0,49.0,1.0,0.0,0.01,0.0,0.0,0.0,0.0,0.0,0.0,0.0,0.0,0.0,0.0,0.0,0.0,False,50
CCL13,0.001,0,0,0,49.0,49.0,49.0,0.0,0.0,0.0,0.0,0.0,0.0,0.01,0.0,0.0,0.0,0.0,0.0,0.0,0.0,0.0,False,50
CCL2,0.001,0,0,0,49.0,49.0,49.0,0.0,0.0,0.0,0.01,0.0,0.0,0.0,0.0,0.0,0.0,0.0,0.0,0.0,0.0,0.0,False,50
CEBPZ,0.001,0,0,0,49.0,49.0,49.0,,0.0,0.0,0.0,0.01,0.0,0.0,0.0,0.0,0.0,0.0,0.0,0.0,0.0,0.0,False,50
CS,0.001,0,0,0,49.0,49.0,49.0,,0.0,0.0,0.0,0.01,0.0,0.0,0.0,0.0,0.0,0.0,0.0,0.0,0.0,0.0,False,50
CYP4Z1,0.001,0,0,0,49.0,49.0,49.0,,0.0,0.0,0.0,0.01,0.0,0.0,0.0,0.0,0.0,0.0,0.0,0.0,0.0,0.0,False,50
DYNC2H1,0.001,0,0,0,49.0,49.0,49.0,1.0,0.0,0.0,0.0,0.0,0.0,0.01,0.0,0.0,0.0,0.0,0.0,0.0,0.0,0.0,False,50
EIF4E,0.001,0,0,0,49.0,49.0,49.0,,0.0,0.0,0.0,0.01,0.0,0.0,0.0,0.0,0.0,0.0,0.0,0.0,0.0,0.0,False,50
ENAH,0.001,0,0,0,49.0,49.0,49.0,,0.0,0.0,0.0,0.0,0.0,0.0,0.0,0.0,0.01,0.0,0.0,0.0,0.0,0.0,False,50
FOXK1,0.001,0,0,0,49.0,49.0,49.0,0.0,0.0,0.0,0.01,0.0,0.0,0.0,0.0,0.0,0.0,0.0,0.0,0.0,0.0,0.0,False,50
GPR34,0.001,0,0,0,49.0,49.0,49.0,1.0,0.0,0.0,0.0,0.0,0.0,0.0,0.0,0.01,0.0,0.0,0.0,0.0,0.0,0.0,False,50
IRF7,0.001,0,0,0,49.0,49.0,49.0,1.0,0.0,0.0,0.01,0.0,0.0,0.0,0.0,0.0,0.0,0.0,0.0,0.0,0.0,0.0,False,50
LGALS8,0.001,0,0,0,49.0,49.0,49.0,0.0,0.0,0.0,0.01,0.0,0.0,0.0,0.0,0.0,0.0,0.0,0.0,0.0,0.0,0.0,False,50
LINC00969,0.001,0,0,0,49.0,49.0,49.0,0.0,0.0,0.0,0.01,0.0,0.0,0.0,0.0,0.0,0.0,0.0,0.0,0.0,0.0,0.0,False,50
LOC100133315,0.001,0,0,0,49.0,49.0,49.0,1.0,0.0,0.0,0.01,0.0,0.0,0.0,0.0,0.0,0.0,0.0,0.0,0.0,0.0,0.0,False,50
LOC100505774,0.001,0,0,0,49.0,49.0,49.0,,0.0,0.0,0.0,0.01,0.0,0.0,0.0,0.0,0.0,0.0,0.0,0.0,0.0,0.0,False,50
LOC101928000,0.001,0,0,0,49.0,49.0,49.0,1.0,0.0,0.0,0.01,0.0,0.0,0.0,0.0,0.0,0.0,0.0,0.0,0.0,0.0,0.0,False,50
LOC285422,0.001,0,0,0,49.0,49.0,49.0,,0.0,0.0,0.0,0.01,0.0,0.0,0.0,0.0,0.0,0.0,0.0,0.0,0.0,0.0,False,50
LOC642620,0.001,0,0,0,49.0,49.0,49.0,,0.0,0.0,0.0,0.01,0.0,0.0,0.0,0.0,0.0,0.0,0.0,0.0,0.0,0.0,False,50
LOC79160,0.001,0,0,0,49.0,49.0,49.0,1.0,0.0,0.01,0.0,0.0,0.0,0.0,0.0,0.0,0.0,0.0,0.0,0.0,0.0,0.0,False,50
MSH3,0.001,0,0,0,49.0,49.0,49.0,0.0,0.0,0.0,0.0,0.01,0.0,0.0,0.0,0.0,0.0,0.0,0.0,0.01,0.0,0.0,False,50
NETO1,0.001,0,0,0,49.0,49.0,49.0,1.0,0.0,0.01,0.0,0.0,0.0,0.0,0.0,0.0,0.0,0.0,0.0,0.0,0.0,0.0,False,50
NPTX2,0.001,0,0,0,49.0,49.0,49.0,,0.0,0.0,0.0,0.01,0.0,0.0,0.0,0.0,0.0,0.0,0.0,0.0,0.0,0.0,False,50
PDE10A,0.001,0,0,0,49.0,49.0,49.0,,0.0,0.0,0.0,0.01,0.0,0.0,0.0,0.0,0.0,0.0,0.0,0.0,0.0,0.0,False,50
RFX3,0.001,0,0,0,49.0,49.0,49.0,0.0,0.0,0.0,0.01,0.0,0.0,0.0,0.0,0.0,0.0,0.0,0.0,0.0,0.0,0.0,False,50
RSRP1,0.001,0,0,0,49.0,49.0,49.0,,0.0,0.0,0.0,0.01,0.0,0.0,0.0,0.0,0.0,0.0,0.0,0.0,0.0,0.0,False,50
STAMBPL1,0.001,0,0,0,49.0,49.0,49.0,,0.0,0.0,0.0,0.0,0.0,0.0,0.0,0.0,0.01,0.0,0.0,0.0,0.0,0.0,False,50
TMEM30B,0.001,0,0,0,49.0,49.0,49.0,1.0,0.0,0.0,0.0,0.0,0.0,0.01,0.0,0.0,0.0,0.0,0.0,0.0,0.0,0.0,False,50
TNIP1,0.001,0,0,0,49.0,49.0,49.0,0.0,0.0,0.0,0.0,0.0,0.0,0.01,0.0,0.0,0.0,0.0,0.0,0.0,0.0,0.0,False,50
TRPC1,0.001,0,0,0,49.0,49.0,49.0,,0.0,0.0,0.0,0.01,0.0,0.0,0.0,0.0,0.0,0.0,0.0,0.0,0.0,0.0,False,50
TUBB6,0.001,0,0,0,49.0,49.0,49.0,1.0,0.0,0.0,0.0,0.0,0.0,0.0,0.0,0.01,0.0,0.0,0.0,0.0,0.0,0.0,False,50
ZNF468,0.001,0,0,0,49.0,49.0,49.0,,0.0,0.0,0.0,0.01,0.0,0.0,0.0,0.0,0.0,0.0,0.0,0.0,0.0,0.0,False,50
AP4S1,0.001,0,0,0,50.0,50.0,50.0,,0.0,0.0,0.0,0.01,0.0,0.0,0.0,0.0,0.0,0.0,0.0,0.0,0.0,0.0,False,50
C3orf56,0.001,0,0,0,50.0,50.0,50.0,0.0,0.0,0.01,0.0,0.0,0.0,0.0,0.0,0.0,0.0,0.0,0.0,0.01,0.0,0.0,False,50
CAB39L,0.001,0,0,0,50.0,50.0,50.0,0.0,0.0,0.0,0.01,0.0,0.0,0.0,0.0,0.0,0.0,0.0,0.0,0.0,0.0,0.0,False,50
CD52,0.001,0,0,0,50.0,50.0,50.0,,0.0,0.0,0.0,0.01,0.0,0.0,0.0,0.0,0.0,0.0,0.0,0.0,0.0,0.0,False,50
CLUHP3,0.001,0,0,0,50.0,50.0,50.0,,0.0,0.0,0.0,0.0,0.0,0.0,0.0,0.0,0.01,0.0,0.0,0.0,0.0,0.0,False,50
CNOT11,0.001,0,0,0,50.0,50.0,50.0,,0.0,0.0,0.0,0.0,0.0,0.0,0.0,0.0,0.01,0.0,0.0,0.0,0.0,0.0,False,50
DCUN1D2,0.001,0,0,0,50.0,50.0,50.0,0.0,0.0,0.0,0.01,0.0,0.0,0.0,0.0,0.0,0.0,0.0,0.0,0.0,0.0,0.0,False,50
EGR3,0.001,0,0,0,50.0,50.0,50.0,0.0,0.0,0.0,0.01,0.0,0.0,0.0,0.0,0.0,0.0,0.0,0.0,0.0,0.0,0.0,False,50
EPN3,0.001,0,0,0,50.0,50.0,50.0,1.0,0.0,0.0,0.0,0.0,0.0,0.0,0.0,0.01,0.0,0.0,0.0,0.0,0.0,0.0,False,50
FEZF2,0.001,0,0,0,50.0,50.0,50.0,,0.0,0.0,0.0,0.01,0.0,0.0,0.0,0.0,0.0,0.0,0.0,0.0,0.0,0.0,False,50
GFPT2,0.001,0,0,0,50.0,50.0,50.0,1.0,0.0,0.0,0.0,0.0,0.0,0.01,0.0,0.0,0.0,0.0,0.0,0.0,0.0,0.0,False,50
GPAT4,0.001,0,0,0,50.0,50.0,50.0,,0.0,0.0,0.0,0.0,0.0,0.0,0.0,0.0,0.01,0.0,0.0,0.0,0.0,0.0,False,50
H2AFY,0.001,0,0,0,50.0,50.0,50.0,,0.0,0.0,0.0,0.0,0.0,0.0,0.0,0.0,0.01,0.0,0.0,0.0,0.0,0.0,False,50
IL1RN,0.001,0,0,0,50.0,50.0,50.0,,0.0,0.0,0.0,0.01,0.0,0.0,0.0,0.0,0.0,0.0,0.0,0.0,0.0,0.0,False,50
JDP2,0.001,0,0,0,50.0,50.0,50.0,0.0,0.0,0.0,0.0,0.0,0.0,0.01,0.0,0.0,0.0,0.0,0.0,0.01,0.0,0.0,False,50
LOC100288911,0.001,0,0,0,50.0,50.0,50.0,1.0,0.0,0.0,0.01,0.0,0.0,0.0,0.0,0.0,0.0,0.0,0.0,0.0,0.0,0.0,False,50
LOC105374428,0.001,0,0,0,50.0,50.0,50.0,0.0,0.0,0.01,0.0,0.0,0.0,0.0,0.0,0.0,0.0,0.0,0.0,0.0,0.0,0.0,False,50
MCUR1,0.001,0,0,0,50.0,50.0,50.0,1.0,0.0,0.0,0.01,0.0,0.0,0.0,0.0,0.0,0.0,0.0,0.0,0.0,0.0,0.0,False,50
METTL7A,0.001,0,0,0,50.0,50.0,50.0,1.0,0.0,0.0,0.0,0.0,0.0,0.0,0.0,0.01,0.0,0.0,0.0,0.0,0.0,0.0,False,50
NBL1,0.001,0,0,0,50.0,50.0,50.0,1.0,0.0,0.0,0.01,0.0,0.0,0.0,0.0,0.0,0.0,0.0,0.0,0.0,0.0,0.0,False,50
PDE1B,0.001,0,0,0,50.0,50.0,50.0,0.0,0.0,0.01,0.0,0.0,0.0,0.0,0.0,0.0,0.0,0.0,0.0,0.0,0.0,0.0,False,50
PDPK1,0.001,0,0,0,50.0,50.0,50.0,1.0,0.0,0.01,0.0,0.0,0.0,0.0,0.0,0.0,0.0,0.0,0.0,0.0,0.0,0.0,False,50
PHGR1,0.001,0,0,0,50.0,50.0,50.0,,0.0,0.0,0.0,0.01,0.0,0.0,0.0,0.0,0.0,0.0,0.0,0.0,0.0,0.0,False,50
SAMD4A,0.001,0,0,0,50.0,50.0,50.0,1.0,0.0,0.0,0.0,0.0,0.0,0.0,0.0,0.01,0.0,0.0,0.0,0.0,0.0,0.0,False,50
SAR1A,0.001,0,0,0,50.0,50.0,50.0,,0.0,0.0,0.0,0.01,0.0,0.0,0.0,0.0,0.0,0.0,0.0,0.0,0.0,0.0,False,50
SOBP,0.001,0,0,0,50.0,50.0,50.0,,0.0,0.0,0.0,0.0,0.0,0.0,0.0,0.0,0.01,0.0,0.0,0.0,0.0,0.0,False,50
STARD9,0.001,0,0,0,50.0,50.0,50.0,,0.0,0.0,0.0,0.01,0.0,0.0,0.0,0.0,0.0,0.0,0.0,0.0,0.0,0.0,False,50
TP53INP1,0.001,0,0,0,50.0,50.0,50.0,,0.0,0.0,0.0,0.0,0.0,0.0,0.0,0.0,0.01,0.0,0.0,0.0,0.0,0.0,False,50
TTYH3,0.001,0,0,0,50.0,50.0,50.0,,0.0,0.0,0.0,0.01,0.0,0.0,0.0,0.0,0.0,0.0,0.0,0.0,0.0,0.0,False,50
ZG16B,0.001,0,0,0,50.0,50.0,50.0,1.0,0.02,0.0,0.0,0.0,0.0,0.0,0.0,0.0,0.01,0.0,0.0,0.0,0.0,0.02,False,50
ZNF839,0.001,0,0,0,50.0,50.0,50.0,,0.0,0.0,0.0,0.01,0.0,0.0,0.0,0.0,0.0,0.0,0.0,0.0,0.0,0.0,False,50
ZNRF2,0.001,0,0,0,50.0,50.0,50.0,,0.0,0.0,0.0,0.01,0.0,0.0,0.0,0.0,0.0,0.0,0.0,0.0,0.0,0.0,False,50
ABCC5,0.0,0,0,0,,,,1.0,0.02,0.0,0.0,0.0,0.0,0.0,0.0,0.0,0.0,0.0,0.0,0.0,0.0,0.02,False,50
BPIFA1,0.0,0,0,0,,,,0.0,0.0,0.0,0.0,0.0,0.0,0.0,0.0,0.0,0.0,0.0,0.0,0.01,0.0,0.0,False,50
BUB1B,0.0,0,0,0,,,,1.0,0.04,0.0,0.0,0.0,0.0,0.0,0.0,0.0,0.0,0.0,0.0,0.0,0.0,0.04,False,50
CEP55,0.0,0,0,0,,,,1.0,0.04,0.0,0.0,0.0,0.0,0.0,0.0,0.0,0.0,0.0,0.0,0.0,0.0,0.04,False,50
CFAP100,0.0,0,0,0,,,,0.0,0.0,0.0,0.0,0.0,0.0,0.0,0.0,0.0,0.0,0.0,0.0,0.01,0.0,0.0,False,50
CLCA4,0.0,0,0,0,,,,0.0,0.0,0.0,0.0,0.0,0.0,0.0,0.0,0.0,0.0,0.0,0.0,0.01,0.0,0.0,False,50
CNKSR1,0.0,0,0,0,,,,1.0,0.01,0.0,0.0,0.0,0.0,0.0,0.0,0.0,0.0,0.0,0.0,0.0,0.0,0.01,False,50
CORO2A,0.0,0,0,0,,,,1.0,0.05,0.0,0.0,0.0,0.0,0.0,0.0,0.0,0.0,0.0,0.0,0.0,0.0,0.05,False,50
DCTPP1,0.0,0,0,0,,,,1.0,0.01,0.0,0.0,0.0,0.0,0.0,0.0,0.0,0.0,0.0,0.0,0.0,0.0,0.01,False,50
DDC,0.0,0,0,0,,,,0.0,0.0,0.0,0.0,0.0,0.0,0.0,0.0,0.0,0.0,0.0,0.0,0.01,0.0,0.0,False,50
DHRS13,0.0,0,0,0,,,,1.0,0.07,0.0,0.0,0.0,0.0,0.0,0.0,0.0,0.0,0.0,0.0,0.0,0.0,0.07,False,50
DLGAP5,0.0,0,0,0,,,,1.0,0.1,0.0,0.0,0.0,0.0,0.0,0.0,0.0,0.0,0.0,0.0,0.0,0.0,0.1,False,50
DMRT3,0.0,0,0,0,,,,0.0,0.0,0.0,0.0,0.0,0.0,0.0,0.0,0.0,0.0,0.0,0.0,0.02,0.0,0.0,False,50
EPT1,0.0,0,0,0,,,,1.0,0.02,0.0,0.0,0.0,0.0,0.0,0.0,0.0,0.0,0.0,0.0,0.0,0.0,0.02,False,50
FNDC3B,0.0,0,0,0,,,,0.0,0.0,0.0,0.0,0.0,0.0,0.0,0.0,0.0,0.0,0.0,0.0,0.01,0.0,0.0,False,50
FOXA1,0.0,0,0,0,,,,1.0,0.16,0.0,0.0,0.0,0.0,0.0,0.0,0.0,0.0,0.0,0.0,0.0,0.0,0.16,False,50
GUSB,0.0,0,0,0,,,,1.0,0.0,0.0,0.0,0.0,0.0,0.0,0.0,0.0,0.0,0.0,0.0,0.0,0.01,0.0,False,50
HAS2,0.0,0,0,0,,,,0.0,0.0,0.0,0.0,0.0,0.0,0.0,0.0,0.0,0.0,0.0,0.0,0.01,0.0,0.0,False,50
HIST1H3I,0.0,0,0,0,,,,0.0,0.0,0.0,0.0,0.0,0.0,0.0,0.0,0.0,0.0,0.0,0.0,0.01,0.0,0.0,False,50
HPGDS,0.0,0,0,0,,,,0.0,0.0,0.0,0.0,0.0,0.0,0.0,0.0,0.0,0.0,0.0,0.0,0.01,0.0,0.0,False,50
IGF1,0.0,0,0,0,,,,0.0,0.04,0.0,0.0,0.0,0.0,0.0,0.0,0.0,0.0,0.0,0.0,0.0,0.0,0.04,False,50
IGSF9,0.0,0,0,0,,,,1.0,0.56,0.0,0.0,0.0,0.0,0.0,0.0,0.0,0.0,0.0,0.0,0.0,0.0,0.56,False,50
KIAA1958,0.0,0,0,0,,,,1.0,0.04,0.0,0.0,0.0,0.0,0.0,0.0,0.0,0.0,0.0,0.0,0.0,0.0,0.04,False,50
L3MBTL4-AS1,0.0,0,0,0,,,,1.0,0.0,0.0,0.0,0.0,0.0,0.0,0.0,0.0,0.0,0.0,0.0,0.0,0.01,0.0,False,50
LINC01101,0.0,0,0,0,,,,0.0,0.0,0.0,0.0,0.0,0.0,0.0,0.0,0.0,0.0,0.0,0.0,0.01,0.0,0.0,False,50
LOC101927278,0.0,0,0,0,,,,0.0,0.0,0.0,0.0,0.0,0.0,0.0,0.0,0.0,0.0,0.0,0.0,0.01,0.0,0.0,False,50
LOC101929465,0.0,0,0,0,,,,0.0,0.0,0.0,0.0,0.0,0.0,0.0,0.0,0.0,0.0,0.0,0.0,0.01,0.0,0.0,False,50
LOC284865,0.0,0,0,0,,,,0.0,0.0,0.0,0.0,0.0,0.0,0.0,0.0,0.0,0.0,0.0,0.0,0.01,0.0,0.0,False,50
LOC285692,0.0,0,0,0,,,,0.0,0.0,0.0,0.0,0.0,0.0,0.0,0.0,0.0,0.0,0.0,0.0,0.01,0.0,0.0,False,50
MCM7,0.0,0,0,0,,,,1.0,0.02,0.0,0.0,0.0,0.0,0.0,0.0,0.0,0.0,0.0,0.0,0.0,0.0,0.02,False,50
MGLL,0.0,0,0,0,,,,0.0,0.02,0.0,0.0,0.0,0.0,0.0,0.0,0.0,0.0,0.0,0.0,0.0,0.0,0.02,False,50
MRAS,0.0,0,0,0,,,,0.0,0.02,0.0,0.0,0.0,0.0,0.0,0.0,0.0,0.0,0.0,0.0,0.0,0.0,0.02,False,50
MS4A6E,0.0,0,0,0,,,,1.0,0.0,0.0,0.0,0.0,0.0,0.0,0.0,0.0,0.0,0.0,0.0,0.0,0.01,0.0,False,50
NECTIN3,0.0,0,0,0,,,,0.0,0.0,0.0,0.0,0.0,0.0,0.0,0.0,0.0,0.0,0.0,0.0,0.01,0.0,0.0,False,50
NLRP12,0.0,0,0,0,,,,0.0,0.0,0.0,0.0,0.0,0.0,0.0,0.0,0.0,0.0,0.0,0.0,0.01,0.0,0.0,False,50
PIH2,0.0,0,0,0,,,,0.0,0.0,0.0,0.0,0.0,0.0,0.0,0.0,0.0,0.0,0.0,0.0,0.01,0.0,0.0,False,50
PTH1R,0.0,0,0,0,,,,0.0,0.0,0.0,0.0,0.0,0.0,0.0,0.0,0.0,0.0,0.0,0.0,0.01,0.0,0.0,False,50
RAB26,0.0,0,0,0,,,,1.0,0.09,0.0,0.0,0.0,0.0,0.0,0.0,0.0,0.0,0.0,0.0,0.0,0.0,0.09,False,50
RGL2,0.0,0,0,0,,,,1.0,0.04,0.0,0.0,0.0,0.0,0.0,0.0,0.0,0.0,0.0,0.0,0.0,0.0,0.04,False,50
RNF157,0.0,0,0,0,,,,0.0,0.0,0.0,0.0,0.0,0.0,0.0,0.0,0.0,0.0,0.0,0.0,0.0,0.01,0.0,False,50
RSPH1,0.0,0,0,0,,,,1.0,0.38,0.0,0.0,0.0,0.0,0.0,0.0,0.0,0.0,0.0,0.0,0.0,0.0,0.38,False,50
SETDB1,0.0,0,0,0,,,,1.0,0.02,0.0,0.0,0.0,0.0,0.0,0.0,0.0,0.0,0.0,0.0,0.0,0.0,0.02,False,50
SHANK2,0.0,0,0,0,,,,1.0,0.07,0.0,0.0,0.0,0.0,0.0,0.0,0.0,0.0,0.0,0.0,0.0,0.0,0.07,False,50
SMIM2,0.0,0,0,0,,,,0.0,0.0,0.0,0.0,0.0,0.0,0.0,0.0,0.0,0.0,0.0,0.0,0.01,0.0,0.0,False,50
SPDEF,0.0,0,0,0,,,,1.0,0.02,0.0,0.0,0.0,0.0,0.0,0.0,0.0,0.0,0.0,0.0,0.0,0.0,0.02,False,50
SPERT,0.0,0,0,0,,,,0.0,0.0,0.0,0.0,0.0,0.0,0.0,0.0,0.0,0.0,0.0,0.0,0.01,0.0,0.0,False,50
SYCP1,0.0,0,0,0,,,,0.0,0.0,0.0,0.0,0.0,0.0,0.0,0.0,0.0,0.0,0.0,0.0,0.01,0.0,0.0,False,50
TESMIN,0.0,0,0,0,,,,1.0,0.09,0.0,0.0,0.0,0.0,0.0,0.0,0.0,0.0,0.0,0.0,0.0,0.0,0.09,False,50
TMEM169,0.0,0,0,0,,,,0.0,0.0,0.0,0.0,0.0,0.0,0.0,0.0,0.0,0.0,0.0,0.0,0.02,0.0,0.0,False,50
TPT1P8,0.0,0,0,0,,,,0.0,0.0,0.0,0.0,0.0,0.0,0.0,0.0,0.0,0.0,0.0,0.0,0.01,0.0,0.0,False,50
UBE2T,0.0,0,0,0,,,,1.0,0.29,0.0,0.0,0.0,0.0,0.0,0.0,0.0,0.0,0.0,0.0,0.0,0.0,0.29,False,50
USP54,0.0,0,0,0,,,,1.0,0.02,0.0,0.0,0.0,0.0,0.0,0.0,0.0,0.0,0.0,0.0,0.0,0.0,0.02,False,50
VGLL3,0.0,0,0,0,,,,0.0,0.02,0.0,0.0,0.0,0.0,0.0,0.0,0.0,0.0,0.0,0.0,0.0,0.0,0.02,False,50
