gene,mean_selection_frequency,n_pipelines_ge50,n_models_ge50,n_explainers_ge50,median_rank,best_rank,mean_rank,frac_signed_positive,ttest_frequency,freq:logreg|coef,freq:logreg|shap,freq:logreg|perm,freq:svm|coef,freq:svm|shap,freq:svm|perm,freq:rf|shap,freq:rf|perm,freq:xgb|shap,freq:xgb|perm,freq:logreg_C0.1|coef,freq:logreg_C100|coef,freq:ttest|ttest,consensus,k
DKFZp779M0652,0.4119999999999999,4,2,3,4.0,1.0,4.16747572815534,0.17073170731707318,0.0,0.55,0.47,0.13,0.99,1.0,0.96,0.0,0.0,0.01,0.01,0.7,0.79,0.0,False,10
FLVCR1,0.271,2,1,2,3.0,1.0,3.4095940959409594,0.9705882352941176,0.0,0.01,0.04,0.0,0.0,0.0,0.0,0.38,0.4,0.93,0.95,0.0,0.0,0.0,False,10
LYVE1,0.269,2,1,2,6.0,1.0,5.5464684014869885,0.07885304659498207,0.0,0.27,0.06,0.04,0.92,0.41,0.99,0.0,0.0,0.0,0.0,0.28,0.85,0.0,False,10
RAE1,0.251,2,1,2,3.0,1.0,3.637450199203187,1.0,0.01,0.0,0.0,0.0,0.0,0.0,0.0,0.44,0.46,0.8,0.81,0.0,0.0,0.01,False,10
ABHD1,0.242,2,2,2,5.0,1.0,5.214876033057851,0.18604651162790697,0.0,0.69,0.2,0.07,0.28,0.0,0.59,0.05,0.07,0.23,0.24,0.4,0.3,0.0,False,10
ZNRF2P1,0.19899999999999998,2,2,2,3.0,1.0,3.3316582914572863,0.8894736842105263,0.0,0.08,0.0,0.71,0.8,0.4,0.0,0.0,0.0,0.0,0.0,0.0,0.62,0.0,False,10
DCAF12L2,0.187,2,2,2,2.0,1.0,2.4224598930481283,0.9689119170984456,0.0,0.19,0.0,0.74,0.8,0.14,0.0,0.0,0.0,0.0,0.0,0.0,0.8,0.0,False,10
DMGDH,0.18600000000000003,1,1,1,6.0,1.0,5.82258064516129,0.46808510638297873,0.0,0.02,0.0,0.0,0.24,0.02,0.75,0.13,0.1,0.3,0.3,0.0,0.23,0.0,False,10
NIPSNAP3B,0.182,2,1,2,5.0,1.0,5.214285714285714,0.0379746835443038,0.0,0.07,0.0,0.0,0.65,0.0,1.0,0.03,0.02,0.03,0.02,0.02,0.78,0.0,False,10
ALPI,0.175,2,2,2,3.0,1.0,3.6685714285714286,0.8988095238095238,0.0,0.03,0.0,0.56,0.8,0.36,0.0,0.0,0.0,0.0,0.0,0.0,0.49,0.0,False,10
MMP28,0.168,0,0,0,6.0,1.0,5.714285714285714,0.5798319327731093,0.0,0.14,0.35,0.01,0.04,0.21,0.05,0.16,0.17,0.27,0.28,0.0,0.02,0.0,False,10
CELSR1,0.15099999999999997,2,1,2,5.0,1.0,4.754966887417218,0.9578947368421052,0.15,0.0,0.06,0.0,0.0,0.0,0.0,0.16,0.13,0.58,0.58,0.0,0.0,0.15,False,10
HSPB6,0.143,1,1,1,5.0,1.0,5.1328671328671325,0.24489795918367346,0.0,0.44,0.56,0.01,0.02,0.16,0.16,0.02,0.02,0.02,0.02,0.21,0.04,0.0,False,10
PNMA2,0.142,1,1,1,5.0,1.0,5.267605633802817,0.7777777777777778,0.0,0.04,0.03,0.44,0.39,0.52,0.0,0.0,0.0,0.0,0.0,0.0,0.28,0.0,False,10
PAFAH1B3,0.122,0,0,0,4.0,1.0,4.852459016393443,1.0,0.36,0.0,0.0,0.0,0.0,0.0,0.0,0.25,0.21,0.38,0.38,0.0,0.0,0.36,False,10
LOC284825,0.12000000000000002,0,0,0,4.0,1.0,4.808333333333334,0.29347826086956524,0.0,0.13,0.02,0.02,0.2,0.15,0.25,0.09,0.1,0.11,0.13,0.03,0.19,0.0,False,10
CCDC85C,0.12000000000000002,0,0,0,5.0,1.0,5.491666666666666,1.0,0.0,0.0,0.0,0.0,0.0,0.0,0.0,0.23,0.23,0.35,0.39,0.0,0.0,0.0,False,10
LOC101927420,0.11600000000000002,1,1,1,6.0,1.0,6.129310344827586,0.23255813953488372,0.0,0.07,0.08,0.04,0.33,0.62,0.02,0.0,0.0,0.0,0.0,0.0,0.19,0.0,False,10
TET3,0.11500000000000002,0,0,0,5.0,1.0,5.052173913043478,1.0,0.69,0.0,0.0,0.0,0.0,0.0,0.0,0.27,0.28,0.31,0.29,0.0,0.0,0.69,False,10
LOC102723493,0.11200000000000002,1,1,1,6.5,1.0,6.258928571428571,0.09333333333333334,0.0,0.16,0.03,0.03,0.2,0.05,0.65,0.0,0.0,0.0,0.0,0.03,0.28,0.0,False,10
ANKRD10-IT1,0.10400000000000001,1,1,1,3.0,1.0,3.980769230769231,0.696969696969697,0.0,0.23,0.65,0.01,0.0,0.06,0.0,0.04,0.05,0.0,0.0,0.01,0.0,0.0,False,10
SDC1,0.10400000000000001,0,0,0,6.0,1.0,5.384615384615385,0.992,0.73,0.0,0.01,0.0,0.0,0.0,0.0,0.24,0.26,0.27,0.26,0.0,0.0,0.73,False,10
STX11,0.10200000000000001,0,0,0,5.0,1.0,5.303921568627451,0.41025641025641024,0.0,0.03,0.0,0.0,0.2,0.19,0.28,0.06,0.03,0.13,0.1,0.01,0.16,0.0,False,10
SLC7A10,0.098,1,1,1,6.5,3.0,6.612244897959184,0.0,0.0,0.01,0.0,0.01,0.18,0.01,0.77,0.0,0.0,0.0,0.0,0.05,0.41,0.0,False,10
DNMT1,0.09500000000000001,0,0,0,6.0,1.0,5.378947368421053,1.0,0.07,0.0,0.0,0.0,0.0,0.0,0.0,0.14,0.14,0.33,0.34,0.0,0.0,0.07,False,10
PRKCZ,0.094,0,0,0,5.0,1.0,5.031914893617022,0.9861111111111112,0.13,0.0,0.01,0.0,0.01,0.04,0.05,0.18,0.13,0.26,0.26,0.0,0.09,0.13,False,10
PAQR4,0.088,0,0,0,4.0,1.0,4.9772727272727275,0.9906542056074766,0.63,0.0,0.02,0.0,0.0,0.0,0.0,0.17,0.19,0.25,0.25,0.0,0.0,0.63,False,10
C22orf39,0.08499999999999999,0,0,0,4.0,1.0,4.435294117647059,0.9545454545454546,0.0,0.0,0.04,0.0,0.0,0.0,0.0,0.16,0.15,0.24,0.26,0.0,0.0,0.0,False,10
STIL,0.079,0,0,0,5.0,1.0,5.544303797468355,1.0,0.0,0.0,0.0,0.0,0.0,0.0,0.0,0.19,0.21,0.2,0.19,0.0,0.0,0.0,False,10
CLGN,0.078,1,1,1,2.5,1.0,3.2435897435897436,0.48717948717948717,0.0,0.0,0.01,0.0,0.02,0.75,0.0,0.0,0.0,0.0,0.0,0.0,0.0,0.0,False,10
INHBA,0.07799999999999999,0,0,0,7.0,1.0,6.564102564102564,0.7222222222222222,0.0,0.03,0.3,0.0,0.0,0.01,0.0,0.11,0.15,0.09,0.09,0.0,0.0,0.0,False,10
VN1R3,0.077,0,0,0,5.0,2.0,5.285714285714286,1.0,0.0,0.0,0.0,0.49,0.28,0.0,0.0,0.0,0.0,0.0,0.0,0.0,0.12,0.0,False,10
C15orf48,0.074,1,1,1,6.0,1.0,5.486486486486487,0.5394736842105263,0.0,0.05,0.11,0.01,0.0,0.57,0.0,0.0,0.0,0.0,0.0,0.0,0.03,0.0,False,10
ADCY6,0.07,1,1,1,4.0,1.0,4.685714285714286,0.44594594594594594,0.0,0.0,0.01,0.0,0.02,0.67,0.0,0.0,0.0,0.0,0.0,0.0,0.04,0.0,False,10
CDR1,0.069,1,1,1,4.0,1.0,4.63768115942029,0.006622516556291391,0.0,0.55,0.01,0.13,0.0,0.0,0.0,0.0,0.0,0.0,0.0,0.95,0.0,0.0,False,10
PQLC2L,0.06899999999999999,1,1,1,7.0,4.0,7.318840579710145,0.07692307692307693,0.0,0.0,0.0,0.0,0.04,0.02,0.63,0.0,0.0,0.0,0.0,0.0,0.07,0.0,False,10
ABCD2,0.066,0,0,0,7.0,1.0,6.742424242424242,0.9393939393939394,0.0,0.0,0.0,0.0,0.01,0.0,0.05,0.04,0.05,0.27,0.24,0.0,0.01,0.0,False,10
LOC102723886,0.06599999999999999,1,1,1,2.0,1.0,3.0757575757575757,0.014598540145985401,0.0,0.57,0.03,0.06,0.0,0.0,0.0,0.0,0.0,0.0,0.0,0.77,0.0,0.0,False,10
APOB,0.06000000000000001,1,1,1,8.5,3.0,8.05,0.0,0.0,0.0,0.0,0.0,0.04,0.0,0.56,0.0,0.0,0.0,0.0,0.0,0.12,0.0,False,10
SLC46A2,0.05900000000000001,0,0,0,6.0,1.0,6.322033898305085,1.0,0.0,0.02,0.0,0.29,0.28,0.0,0.0,0.0,0.0,0.0,0.0,0.0,0.33,0.0,False,10
ACADL,0.05700000000000001,0,0,0,7.0,3.0,6.947368421052632,0.125,0.0,0.04,0.05,0.01,0.17,0.11,0.19,0.0,0.0,0.0,0.0,0.0,0.11,0.0,False,10
ESRP1,0.05500000000000001,0,0,0,7.0,1.0,6.6,1.0,0.0,0.0,0.0,0.0,0.01,0.0,0.03,0.2,0.21,0.05,0.05,0.0,0.01,0.0,False,10
CBX4,0.052000000000000005,0,0,0,6.0,1.0,5.673076923076923,0.9743589743589743,0.13,0.0,0.01,0.0,0.0,0.0,0.0,0.17,0.18,0.08,0.08,0.0,0.0,0.13,False,10
LRRC15,0.047,0,0,0,6.0,1.0,6.148936170212766,0.8202247191011236,0.57,0.0,0.17,0.0,0.0,0.0,0.0,0.04,0.04,0.11,0.11,0.0,0.0,0.57,False,10
LRRC1,0.046,0,0,0,6.0,1.0,5.826086956521739,1.0,0.0,0.0,0.0,0.0,0.0,0.0,0.0,0.15,0.19,0.06,0.06,0.0,0.0,0.0,False,10
LINC00471,0.046,0,0,0,6.0,2.0,6.0,1.0,0.0,0.01,0.0,0.34,0.11,0.0,0.0,0.0,0.0,0.0,0.0,0.0,0.07,0.0,False,10
CCDC178,0.044000000000000004,0,0,0,7.5,1.0,6.295454545454546,0.6428571428571429,0.0,0.04,0.11,0.0,0.0,0.02,0.0,0.09,0.15,0.01,0.02,0.01,0.0,0.0,False,10
COL10A1,0.043000000000000003,0,0,0,6.0,1.0,5.953488372093023,0.8586956521739131,0.63,0.0,0.17,0.0,0.0,0.03,0.0,0.08,0.13,0.01,0.01,0.0,0.0,0.63,False,10
ADAR,0.041999999999999996,0,0,0,8.0,3.0,7.095238095238095,1.0,0.07,0.0,0.0,0.0,0.0,0.0,0.0,0.09,0.11,0.11,0.11,0.0,0.0,0.07,False,10
DPY19L2P3,0.04,0,0,0,1.0,1.0,1.875,1.0,0.0,0.08,0.0,0.16,0.16,0.0,0.0,0.0,0.0,0.0,0.0,0.0,0.16,0.0,False,10
FABP4,0.04,0,0,0,5.0,1.0,4.825,0.5121951219512195,0.2,0.0,0.0,0.0,0.0,0.0,0.0,0.13,0.1,0.08,0.09,0.0,0.0,0.2,False,10
CCNE2,0.039,0,0,0,5.0,1.0,5.589743589743589,0.96875,0.12,0.0,0.01,0.0,0.0,0.0,0.0,0.04,0.03,0.15,0.16,0.0,0.0,0.12,False,10
C11orf70,0.039,0,0,0,8.0,3.0,7.82051282051282,0.4,0.0,0.03,0.04,0.0,0.03,0.19,0.09,0.0,0.0,0.01,0.0,0.0,0.05,0.0,False,10
LOC101929486,0.038,0,0,0,4.0,1.0,4.605263157894737,0.0,0.0,0.33,0.0,0.05,0.0,0.0,0.0,0.0,0.0,0.0,0.0,0.59,0.0,0.0,False,10
ARF1,0.038,0,0,0,5.0,1.0,5.473684210526316,1.0,0.0,0.0,0.0,0.0,0.0,0.0,0.0,0.05,0.08,0.13,0.12,0.0,0.0,0.0,False,10
IGSF10,0.038,0,0,0,6.0,1.0,6.078947368421052,0.7857142857142857,0.0,0.0,0.1,0.0,0.0,0.0,0.0,0.06,0.06,0.08,0.08,0.04,0.0,0.0,False,10
TREM2,0.03799999999999999,0,0,0,7.0,2.0,7.131578947368421,1.0,0.0,0.0,0.0,0.19,0.15,0.04,0.0,0.0,0.0,0.0,0.0,0.0,0.26,0.0,False,10
TMEM132C,0.037,0,0,0,5.0,1.0,5.4324324324324325,0.782608695652174,0.03,0.01,0.01,0.0,0.0,0.0,0.0,0.08,0.09,0.09,0.09,0.01,0.0,0.03,False,10
CYB561,0.037,0,0,0,6.0,1.0,5.837837837837838,1.0,0.01,0.0,0.0,0.0,0.0,0.0,0.0,0.07,0.07,0.12,0.11,0.0,0.0,0.01,False,10
ALAS2,0.036,0,0,0,5.0,1.0,5.055555555555555,0.0,0.0,0.31,0.0,0.05,0.0,0.0,0.0,0.0,0.0,0.0,0.0,0.33,0.0,0.0,False,10
TPPP3,0.034999999999999996,0,0,0,6.0,1.0,5.742857142857143,0.45714285714285713,0.0,0.01,0.21,0.0,0.0,0.13,0.0,0.0,0.0,0.0,0.0,0.0,0.0,0.0,False,10
PSRC1,0.033999999999999996,0,0,0,5.0,1.0,4.882352941176471,1.0,0.1,0.0,0.0,0.0,0.0,0.0,0.0,0.09,0.06,0.1,0.09,0.0,0.0,0.1,False,10
CTHRC1,0.033,0,0,0,5.0,1.0,5.333333333333333,0.4375,0.0,0.02,0.3,0.01,0.0,0.0,0.0,0.0,0.0,0.0,0.0,0.0,0.0,0.0,False,10
SGK494,0.033,0,0,0,7.0,1.0,6.181818181818182,1.0,0.0,0.0,0.0,0.0,0.0,0.0,0.0,0.08,0.05,0.1,0.1,0.0,0.0,0.0,False,10
ADAMTS8,0.032,0,0,0,5.0,1.0,5.4375,0.918918918918919,0.0,0.0,0.0,0.05,0.22,0.05,0.0,0.0,0.0,0.0,0.0,0.0,0.1,0.0,False,10
CPS1,0.032,0,0,0,6.0,1.0,5.8125,0.59375,0.0,0.0,0.02,0.0,0.0,0.3,0.0,0.0,0.0,0.0,0.0,0.0,0.0,0.0,False,10
MMP11,0.031000000000000007,0,0,0,3.0,1.0,4.67741935483871,1.0,0.51,0.0,0.0,0.0,0.0,0.0,0.0,0.07,0.05,0.09,0.1,0.0,0.0,0.51,False,10
HEPACAM2,0.031,0,0,0,7.0,3.0,6.967741935483871,0.7894736842105263,0.0,0.0,0.0,0.13,0.09,0.09,0.0,0.0,0.0,0.0,0.0,0.0,0.01,0.0,False,10
DLG3,0.029000000000000005,0,0,0,7.0,1.0,6.172413793103448,1.0,0.01,0.0,0.0,0.0,0.0,0.0,0.0,0.06,0.04,0.09,0.1,0.0,0.0,0.01,False,10
HSPB7,0.029000000000000005,0,0,0,9.0,6.0,8.482758620689655,0.0,0.0,0.0,0.0,0.0,0.12,0.0,0.17,0.0,0.0,0.0,0.0,0.0,0.1,0.0,False,10
CIDEA,0.028000000000000004,0,0,0,6.5,1.0,6.357142857142857,0.4583333333333333,0.0,0.01,0.0,0.0,0.01,0.0,0.08,0.04,0.01,0.07,0.06,0.02,0.09,0.0,False,10
SLC35A2,0.027000000000000003,0,0,0,5.0,2.0,5.777777777777778,1.0,0.02,0.0,0.0,0.0,0.0,0.0,0.0,0.1,0.13,0.02,0.02,0.0,0.0,0.02,False,10
ATOH8,0.027000000000000003,0,0,0,7.0,1.0,6.222222222222222,1.0,0.0,0.0,0.01,0.0,0.0,0.0,0.0,0.07,0.08,0.05,0.06,0.0,0.0,0.0,False,10
MICAL2,0.026999999999999996,0,0,0,5.0,2.0,5.074074074074074,0.9166666666666666,0.0,0.0,0.01,0.0,0.0,0.0,0.0,0.09,0.13,0.02,0.02,0.0,0.0,0.0,False,10
FDXACB1,0.026000000000000002,0,0,0,6.0,3.0,6.461538461538462,0.9473684210526315,0.0,0.0,0.0,0.11,0.14,0.01,0.0,0.0,0.0,0.0,0.0,0.0,0.04,0.0,False,10
GLYAT,0.026000000000000002,0,0,0,7.0,3.0,6.6923076923076925,0.08333333333333333,0.0,0.0,0.0,0.0,0.06,0.0,0.17,0.02,0.01,0.0,0.0,0.0,0.16,0.0,False,10
LOC100506368,0.025000000000000005,0,0,0,7.0,1.0,6.2,0.42857142857142855,0.0,0.01,0.02,0.0,0.0,0.06,0.05,0.04,0.05,0.01,0.01,0.0,0.0,0.0,False,10
TRA2A,0.025,0,0,0,4.0,1.0,4.84,0.8666666666666667,0.0,0.0,0.04,0.01,0.0,0.0,0.0,0.06,0.06,0.04,0.04,0.01,0.0,0.0,False,10
C11orf80,0.024,0,0,0,6.0,1.0,6.041666666666667,0.9333333333333333,0.02,0.0,0.03,0.01,0.0,0.0,0.0,0.03,0.03,0.07,0.07,0.0,0.0,0.02,False,10
SPP1,0.023,0,0,0,6.0,1.0,5.782608695652174,0.391304347826087,0.0,0.0,0.03,0.0,0.0,0.2,0.0,0.0,0.0,0.0,0.0,0.0,0.0,0.0,False,10
ARRDC1,0.023,0,0,0,6.0,2.0,5.869565217391305,1.0,0.0,0.0,0.0,0.0,0.0,0.0,0.0,0.03,0.0,0.1,0.1,0.0,0.0,0.0,False,10
LIMK2,0.023,0,0,0,6.0,1.0,6.086956521739131,1.0,0.01,0.0,0.0,0.0,0.0,0.0,0.0,0.03,0.06,0.07,0.07,0.0,0.0,0.01,False,10
CANT1,0.023,0,0,0,8.0,1.0,6.956521739130435,1.0,0.0,0.0,0.0,0.0,0.0,0.0,0.0,0.03,0.01,0.1,0.09,0.0,0.0,0.0,False,10
CKAP4,0.023,0,0,0,8.0,3.0,7.260869565217392,0.9090909090909091,0.0,0.0,0.01,0.0,0.0,0.0,0.0,0.09,0.11,0.01,0.01,0.0,0.0,0.0,False,10
KIF26B,0.022000000000000002,0,0,0,4.0,1.0,4.7272727272727275,0.6956521739130435,0.01,0.03,0.17,0.0,0.0,0.01,0.0,0.01,0.0,0.0,0.0,0.0,0.0,0.01,False,10
ENTPD7,0.022,0,0,0,3.0,1.0,4.5,0.75,0.0,0.1,0.08,0.02,0.0,0.02,0.0,0.0,0.0,0.0,0.0,0.0,0.0,0.0,False,10
EZH2,0.022,0,0,0,7.0,3.0,6.818181818181818,1.0,0.14,0.0,0.0,0.0,0.0,0.0,0.0,0.07,0.03,0.06,0.06,0.0,0.0,0.14,False,10
LOC101929378,0.020999999999999998,0,0,0,6.0,1.0,5.761904761904762,0.0,0.0,0.19,0.0,0.02,0.0,0.0,0.0,0.0,0.0,0.0,0.0,0.13,0.0,0.0,False,10
LOC101929406,0.020999999999999998,0,0,0,7.0,1.0,6.714285714285714,0.034482758620689655,0.0,0.18,0.01,0.02,0.0,0.0,0.0,0.0,0.0,0.0,0.0,0.1,0.0,0.0,False,10
KCNE1,0.02,0,0,0,3.0,1.0,4.1,1.0,0.0,0.02,0.0,0.17,0.01,0.0,0.0,0.0,0.0,0.0,0.0,0.0,0.1,0.0,False,10
ACSM5,0.02,0,0,0,7.0,1.0,6.35,0.8333333333333334,0.02,0.0,0.0,0.0,0.0,0.0,0.01,0.03,0.03,0.07,0.06,0.0,0.0,0.02,False,10
FAM110A,0.019999999999999997,0,0,0,7.0,1.0,6.25,1.0,0.0,0.0,0.0,0.0,0.0,0.0,0.0,0.07,0.09,0.02,0.02,0.0,0.0,0.0,False,10
DENND2A,0.019999999999999997,0,0,0,7.0,2.0,6.5,0.4117647058823529,0.0,0.02,0.12,0.0,0.0,0.02,0.0,0.01,0.03,0.0,0.0,0.0,0.0,0.0,False,10
ACVR1C,0.019000000000000003,0,0,0,6.0,1.0,5.842105263157895,0.6153846153846154,0.03,0.01,0.01,0.0,0.0,0.0,0.02,0.03,0.04,0.04,0.04,0.0,0.01,0.03,False,10
FAM83H,0.019000000000000003,0,0,0,6.0,3.0,6.2631578947368425,1.0,0.02,0.0,0.0,0.0,0.0,0.0,0.0,0.06,0.04,0.05,0.04,0.0,0.0,0.02,False,10
RCC2,0.019,0,0,0,5.0,1.0,4.473684210526316,1.0,0.02,0.0,0.0,0.0,0.0,0.0,0.0,0.06,0.03,0.05,0.05,0.0,0.0,0.02,False,10
CCDC141,0.019,0,0,0,6.0,1.0,5.368421052631579,0.012987012987012988,0.0,0.1,0.04,0.05,0.0,0.0,0.0,0.0,0.0,0.0,0.0,0.63,0.0,0.0,False,10
BANK1,0.019,0,0,0,6.0,1.0,6.315789473684211,0.3684210526315789,0.0,0.0,0.07,0.0,0.0,0.12,0.0,0.0,0.0,0.0,0.0,0.0,0.0,0.0,False,10
AP1M2,0.019,0,0,0,8.0,2.0,7.315789473684211,1.0,0.19,0.0,0.0,0.0,0.0,0.0,0.0,0.06,0.06,0.04,0.03,0.0,0.0,0.19,False,10
SMARCA4,0.019,0,0,0,8.0,4.0,7.631578947368421,0.9090909090909091,0.02,0.0,0.01,0.0,0.0,0.0,0.0,0.07,0.08,0.01,0.02,0.0,0.0,0.02,False,10
NAALAD2,0.018000000000000002,0,0,0,9.0,7.0,8.944444444444445,0.5,0.0,0.0,0.0,0.0,0.02,0.0,0.13,0.01,0.0,0.01,0.01,0.0,0.0,0.0,False,10
TDRD9,0.018,0,0,0,6.0,1.0,6.444444444444445,0.6923076923076923,0.0,0.0,0.0,0.07,0.03,0.08,0.0,0.0,0.0,0.0,0.0,0.0,0.02,0.0,False,10
DSP,0.018,0,0,0,7.0,4.0,6.944444444444445,1.0,0.0,0.0,0.0,0.0,0.0,0.0,0.06,0.05,0.07,0.0,0.0,0.0,0.01,0.0,False,10
CDS1,0.017000000000000005,0,0,0,7.0,1.0,6.0588235294117645,1.0,0.0,0.0,0.0,0.0,0.0,0.0,0.0,0.07,0.08,0.01,0.01,0.0,0.0,0.0,False,10
HINT3,0.017,0,0,0,5.0,1.0,5.470588235294118,0.17647058823529413,0.0,0.04,0.13,0.0,0.0,0.0,0.0,0.0,0.0,0.0,0.0,0.0,0.0,0.0,False,10
OR2H4P,0.017,0,0,0,6.0,3.0,6.588235294117647,0.0,0.0,0.16,0.0,0.01,0.0,0.0,0.0,0.0,0.0,0.0,0.0,0.15,0.0,0.0,False,10
PGC,0.016999999999999998,0,0,0,6.0,2.0,6.0,0.0,0.0,0.11,0.0,0.06,0.0,0.0,0.0,0.0,0.0,0.0,0.0,0.66,0.0,0.0,False,10
PRSS8,0.016000000000000004,0,0,0,4.5,1.0,5.125,1.0,0.25,0.0,0.0,0.0,0.0,0.0,0.0,0.08,0.06,0.01,0.01,0.0,0.0,0.25,False,10
SEC14L2,0.016000000000000004,0,0,0,6.0,1.0,6.4375,0.7,0.0,0.02,0.07,0.06,0.0,0.01,0.0,0.0,0.0,0.0,0.0,0.0,0.0,0.0,False,10
ZNF512B,0.016,0,0,0,3.0,1.0,3.3125,1.0,0.0,0.0,0.0,0.0,0.0,0.0,0.0,0.08,0.08,0.0,0.0,0.0,0.0,0.0,False,10
VTI1B,0.016,0,0,0,4.0,1.0,4.875,1.0,0.0,0.0,0.0,0.0,0.0,0.0,0.0,0.07,0.04,0.03,0.02,0.0,0.0,0.0,False,10
MAPK10,0.016,0,0,0,5.5,1.0,5.8125,0.5625,0.0,0.01,0.04,0.0,0.0,0.11,0.0,0.0,0.0,0.0,0.0,0.0,0.0,0.0,False,10
SIGLEC16,0.015000000000000003,0,0,0,5.0,1.0,5.266666666666667,1.0,0.0,0.01,0.0,0.14,0.0,0.0,0.0,0.0,0.0,0.0,0.0,0.0,0.09,0.0,False,10
PENK,0.015000000000000003,0,0,0,8.0,2.0,6.866666666666666,0.01639344262295082,0.0,0.13,0.01,0.01,0.0,0.0,0.0,0.0,0.0,0.0,0.0,0.47,0.0,0.0,False,10
MYO16,0.015000000000000003,0,0,0,8.0,5.0,8.066666666666666,0.0,0.0,0.0,0.0,0.0,0.05,0.0,0.1,0.0,0.0,0.0,0.0,0.0,0.01,0.0,False,10
PLA2G2A,0.015,0,0,0,4.0,1.0,4.466666666666667,0.23076923076923078,0.0,0.0,0.0,0.0,0.05,0.08,0.02,0.0,0.0,0.0,0.0,0.0,0.0,0.0,False,10
RAPSN,0.015,0,0,0,6.0,2.0,5.666666666666667,1.0,0.0,0.01,0.0,0.12,0.02,0.0,0.0,0.0,0.0,0.0,0.0,0.0,0.02,0.0,False,10
MCM2,0.015,0,0,0,5.0,2.0,5.733333333333333,1.0,0.02,0.0,0.0,0.0,0.0,0.0,0.0,0.05,0.04,0.03,0.03,0.0,0.0,0.02,False,10
CLDN4,0.015,0,0,0,6.0,1.0,6.066666666666666,1.0,0.0,0.0,0.0,0.0,0.0,0.0,0.0,0.04,0.05,0.03,0.03,0.0,0.0,0.0,False,10
BMPER,0.015,0,0,0,7.0,4.0,6.933333333333334,0.45454545454545453,0.0,0.0,0.0,0.0,0.03,0.0,0.03,0.01,0.01,0.04,0.03,0.0,0.03,0.0,False,10
CTTNBP2,0.015,0,0,0,7.0,3.0,7.066666666666666,0.4666666666666667,0.0,0.03,0.03,0.0,0.0,0.09,0.0,0.0,0.0,0.0,0.0,0.0,0.0,0.0,False,10
OR9A1P,0.015,0,0,0,8.0,3.0,7.466666666666667,1.0,0.0,0.0,0.0,0.12,0.02,0.01,0.0,0.0,0.0,0.0,0.0,0.0,0.01,0.0,False,10
FAM134A,0.015,0,0,0,7.0,5.0,7.733333333333333,1.0,0.0,0.0,0.0,0.0,0.0,0.0,0.0,0.03,0.0,0.06,0.06,0.0,0.0,0.0,False,10
C8orf34,0.015,0,0,0,10.0,6.0,9.266666666666667,,0.0,0.0,0.0,0.0,0.0,0.0,0.15,0.0,0.0,0.0,0.0,0.0,0.0,0.0,False,10
KDM2A,0.014000000000000002,0,0,0,4.5,2.0,5.214285714285714,0.7,0.0,0.03,0.04,0.01,0.0,0.0,0.0,0.03,0.03,0.0,0.0,0.0,0.0,0.0,False,10
SIGLEC9,0.014000000000000002,0,0,0,5.5,1.0,5.357142857142857,1.0,0.0,0.0,0.0,0.14,0.0,0.0,0.0,0.0,0.0,0.0,0.0,0.0,0.14,0.0,False,10
LOC283588,0.014000000000000002,0,0,0,8.0,2.0,6.642857142857143,0.6666666666666666,0.0,0.02,0.04,0.05,0.0,0.03,0.0,0.0,0.0,0.0,0.0,0.0,0.0,0.0,False,10
ELMOD3,0.014000000000000002,0,0,0,8.0,2.0,7.285714285714286,0.0,0.0,0.01,0.0,0.0,0.1,0.0,0.03,0.0,0.0,0.0,0.0,0.0,0.02,0.0,False,10
BARD1,0.014000000000000002,0,0,0,7.0,3.0,7.357142857142857,1.0,0.0,0.0,0.0,0.0,0.0,0.0,0.0,0.02,0.03,0.04,0.05,0.0,0.0,0.0,False,10
TELO2,0.014000000000000002,0,0,0,7.0,5.0,7.357142857142857,1.0,0.1,0.0,0.0,0.0,0.0,0.0,0.0,0.04,0.08,0.01,0.01,0.0,0.0,0.1,False,10
ZNF718,0.014000000000000002,0,0,0,8.0,1.0,7.5,0.5714285714285714,0.0,0.04,0.03,0.07,0.0,0.0,0.0,0.0,0.0,0.0,0.0,0.0,0.0,0.0,False,10
LOC100272216,0.014000000000000002,0,0,0,8.5,4.0,8.214285714285714,1.0,0.0,0.0,0.0,0.0,0.0,0.0,0.0,0.03,0.02,0.05,0.04,0.0,0.0,0.0,False,10
LSR,0.013999999999999999,0,0,0,8.0,2.0,7.071428571428571,1.0,0.0,0.0,0.01,0.0,0.0,0.0,0.0,0.03,0.05,0.03,0.02,0.0,0.0,0.0,False,10
ADRB1,0.013000000000000001,0,0,0,5.0,2.0,5.153846153846154,0.46153846153846156,0.0,0.02,0.07,0.0,0.0,0.04,0.0,0.0,0.0,0.0,0.0,0.0,0.0,0.0,False,10
GLA,0.013000000000000001,0,0,0,5.0,1.0,5.384615384615385,0.6428571428571429,0.0,0.0,0.0,0.01,0.03,0.09,0.0,0.0,0.0,0.0,0.0,0.0,0.02,0.0,False,10
CHML,0.013000000000000001,0,0,0,5.0,1.0,5.461538461538462,1.0,0.04,0.0,0.0,0.0,0.0,0.0,0.0,0.04,0.05,0.02,0.02,0.0,0.0,0.04,False,10
NPR1,0.013000000000000001,0,0,0,6.0,1.0,6.0,0.75,0.01,0.0,0.01,0.0,0.0,0.0,0.0,0.06,0.06,0.0,0.0,0.0,0.0,0.01,False,10
EFNA1,0.013000000000000001,0,0,0,7.0,1.0,6.384615384615385,1.0,0.0,0.0,0.0,0.0,0.0,0.0,0.0,0.04,0.03,0.03,0.03,0.0,0.0,0.0,False,10
LOC105371414,0.013000000000000001,0,0,0,7.0,2.0,6.461538461538462,0.0,0.0,0.09,0.0,0.04,0.0,0.0,0.0,0.0,0.0,0.0,0.0,0.02,0.0,0.0,False,10
LVRN,0.013000000000000001,0,0,0,8.0,1.0,6.6923076923076925,0.3,0.0,0.0,0.0,0.0,0.01,0.0,0.07,0.02,0.02,0.01,0.0,0.0,0.06,0.0,False,10
DDR2,0.013000000000000001,0,0,0,7.0,2.0,6.846153846153846,0.625,0.03,0.0,0.0,0.0,0.0,0.0,0.0,0.01,0.01,0.04,0.07,0.0,0.0,0.03,False,10
SLC12A7,0.013000000000000001,0,0,0,7.0,4.0,7.230769230769231,1.0,0.0,0.0,0.0,0.0,0.0,0.0,0.0,0.05,0.06,0.01,0.01,0.0,0.0,0.0,False,10
TRDN,0.013000000000000001,0,0,0,8.0,4.0,7.538461538461538,0.2222222222222222,0.0,0.04,0.01,0.01,0.01,0.0,0.04,0.01,0.01,0.0,0.0,0.0,0.02,0.0,False,10
LYPD6,0.013000000000000001,0,0,0,8.0,4.0,7.6923076923076925,0.25,0.0,0.0,0.0,0.09,0.0,0.04,0.0,0.0,0.0,0.0,0.0,0.0,0.0,0.0,False,10
IFNLR1,0.013000000000000001,0,0,0,9.0,6.0,8.692307692307692,0.46153846153846156,0.0,0.01,0.02,0.01,0.0,0.09,0.0,0.0,0.0,0.0,0.0,0.0,0.01,0.0,False,10
TRMT13,0.012,0,0,0,5.5,2.0,5.416666666666667,0.45454545454545453,0.0,0.01,0.1,0.01,0.0,0.0,0.0,0.0,0.0,0.0,0.0,0.0,0.0,0.0,False,10
MYO1C,0.012,0,0,0,5.5,2.0,5.583333333333333,0.6666666666666666,0.0,0.0,0.02,0.0,0.0,0.1,0.0,0.0,0.0,0.0,0.0,0.0,0.0,0.0,False,10
CSTL1,0.012,0,0,0,6.0,3.0,5.75,1.0,0.0,0.01,0.0,0.08,0.03,0.0,0.0,0.0,0.0,0.0,0.0,0.0,0.03,0.0,False,10
SLC44A1,0.012,0,0,0,7.0,1.0,5.75,0.875,0.0,0.0,0.04,0.0,0.0,0.0,0.0,0.04,0.04,0.0,0.0,0.0,0.0,0.0,False,10
MYO5B,0.012,0,0,0,6.0,1.0,6.166666666666667,0.6153846153846154,0.0,0.02,0.05,0.0,0.01,0.04,0.0,0.0,0.0,0.0,0.0,0.0,0.01,0.0,False,10
WNT11,0.012,0,0,0,5.5,3.0,6.25,0.5,0.0,0.01,0.1,0.0,0.0,0.01,0.0,0.0,0.0,0.0,0.0,0.0,0.0,0.0,False,10
RAB11FIP3,0.012,0,0,0,8.0,4.0,7.833333333333333,1.0,0.0,0.0,0.0,0.0,0.0,0.0,0.0,0.06,0.06,0.0,0.0,0.0,0.0,0.0,False,10
AGRN,0.012,0,0,0,9.0,3.0,7.916666666666667,1.0,0.12,0.0,0.01,0.0,0.0,0.0,0.0,0.0,0.0,0.06,0.05,0.0,0.0,0.12,False,10
EPB42,0.012,0,0,0,8.0,8.0,8.666666666666666,0.0,0.0,0.0,0.0,0.0,0.03,0.0,0.09,0.0,0.0,0.0,0.0,0.0,0.06,0.0,False,10
CPEB1,0.011000000000000001,0,0,0,4.0,1.0,4.7272727272727275,0.09090909090909091,0.0,0.02,0.02,0.0,0.0,0.07,0.0,0.0,0.0,0.0,0.0,0.0,0.0,0.0,False,10
ARFGAP1,0.011000000000000001,0,0,0,6.0,2.0,6.090909090909091,1.0,0.0,0.0,0.0,0.0,0.0,0.0,0.0,0.0,0.01,0.05,0.05,0.0,0.0,0.0,False,10
LRFN5,0.011,0,0,0,7.0,2.0,6.7272727272727275,0.1,0.0,0.02,0.09,0.0,0.0,0.0,0.0,0.0,0.0,0.0,0.0,0.09,0.0,0.0,False,10
HDGF,0.011,0,0,0,9.0,2.0,7.454545454545454,1.0,0.0,0.0,0.0,0.0,0.0,0.0,0.0,0.02,0.03,0.03,0.03,0.0,0.0,0.0,False,10
NAT14,0.011,0,0,0,8.0,2.0,7.636363636363637,1.0,0.01,0.0,0.0,0.0,0.0,0.0,0.0,0.06,0.05,0.0,0.0,0.0,0.0,0.01,False,10
LLGL2,0.011,0,0,0,8.0,3.0,7.7272727272727275,1.0,0.25,0.0,0.0,0.0,0.0,0.0,0.0,0.05,0.06,0.0,0.0,0.0,0.0,0.25,False,10
SLC29A4,0.011,0,0,0,9.0,4.0,8.0,0.0,0.0,0.0,0.0,0.0,0.09,0.0,0.02,0.0,0.0,0.0,0.0,0.0,0.05,0.0,False,10
ATP2A2,0.01,0,0,0,4.5,1.0,4.7,1.0,0.01,0.0,0.0,0.0,0.0,0.0,0.0,0.03,0.03,0.02,0.02,0.0,0.0,0.01,False,10
SETD5,0.01,0,0,0,4.5,2.0,5.1,1.0,0.0,0.0,0.0,0.0,0.0,0.0,0.0,0.04,0.06,0.0,0.0,0.0,0.0,0.0,False,10
FAAH2,0.01,0,0,0,6.5,1.0,5.5,1.0,0.0,0.0,0.0,0.0,0.0,0.0,0.0,0.03,0.07,0.0,0.0,0.0,0.0,0.0,False,10
LOC100422526,0.01,0,0,0,5.5,1.0,5.6,1.0,0.0,0.0,0.0,0.03,0.05,0.02,0.0,0.0,0.0,0.0,0.0,0.0,0.01,0.0,False,10
TRIM11,0.01,0,0,0,5.0,1.0,5.6,1.0,0.1,0.0,0.0,0.0,0.0,0.0,0.0,0.05,0.05,0.0,0.0,0.0,0.0,0.1,False,10
ALCAM,0.01,0,0,0,6.5,2.0,6.1,0.8,0.0,0.0,0.0,0.0,0.0,0.1,0.0,0.0,0.0,0.0,0.0,0.0,0.0,0.0,False,10
WDR90,0.01,0,0,0,8.0,4.0,7.4,1.0,0.18,0.0,0.0,0.0,0.0,0.0,0.0,0.07,0.03,0.0,0.0,0.0,0.0,0.18,False,10
GINS1,0.01,0,0,0,9.0,2.0,7.5,1.0,0.0,0.0,0.0,0.0,0.0,0.0,0.0,0.04,0.02,0.02,0.02,0.0,0.0,0.0,False,10
LOC101927650,0.009999999999999998,0,0,0,6.0,2.0,5.6,1.0,0.0,0.01,0.0,0.09,0.0,0.0,0.0,0.0,0.0,0.0,0.0,0.0,0.04,0.0,False,10
HN1L,0.009999999999999998,0,0,0,5.0,3.0,5.8,1.0,0.07,0.0,0.0,0.0,0.0,0.0,0.0,0.04,0.04,0.01,0.01,0.0,0.0,0.07,False,10
ADH1C,0.009999999999999998,0,0,0,8.0,3.0,7.9,0.8333333333333334,0.0,0.0,0.01,0.0,0.0,0.0,0.03,0.03,0.01,0.01,0.01,0.0,0.01,0.0,False,10
FANCI,0.009000000000000001,0,0,0,8.0,1.0,6.0,1.0,0.0,0.0,0.01,0.0,0.0,0.0,0.0,0.02,0.02,0.02,0.02,0.0,0.0,0.0,False,10
CAPN1,0.009000000000000001,0,0,0,5.0,3.0,6.111111111111111,1.0,0.0,0.0,0.0,0.0,0.0,0.0,0.0,0.02,0.03,0.02,0.02,0.0,0.0,0.0,False,10
GRHL2,0.009000000000000001,0,0,0,6.0,4.0,6.555555555555555,1.0,0.0,0.0,0.0,0.0,0.0,0.0,0.0,0.03,0.02,0.02,0.02,0.0,0.0,0.0,False,10
EDNRB,0.009000000000000001,0,0,0,9.0,6.0,8.666666666666666,0.5,0.05,0.0,0.0,0.0,0.0,0.0,0.0,0.03,0.02,0.02,0.02,0.0,0.0,0.05,False,10
CACNB3,0.009,0,0,0,2.0,1.0,2.3333333333333335,1.0,0.01,0.0,0.0,0.0,0.0,0.0,0.0,0.03,0.04,0.01,0.01,0.0,0.0,0.01,False,10
HMGB3,0.009,0,0,0,3.0,2.0,4.777777777777778,1.0,0.0,0.0,0.0,0.0,0.0,0.0,0.0,0.03,0.06,0.0,0.0,0.0,0.0,0.0,False,10
PRPS1L1,0.009,0,0,0,5.0,2.0,4.777777777777778,0.0,0.0,0.08,0.0,0.01,0.0,0.0,0.0,0.0,0.0,0.0,0.0,0.09,0.0,0.0,False,10
GRP,0.009,0,0,0,6.0,2.0,5.777777777777778,0.6666666666666666,0.0,0.0,0.03,0.0,0.0,0.06,0.0,0.0,0.0,0.0,0.0,0.0,0.0,0.0,False,10
LCOR,0.009,0,0,0,6.0,2.0,5.888888888888889,0.4444444444444444,0.0,0.01,0.08,0.0,0.0,0.0,0.0,0.0,0.0,0.0,0.0,0.0,0.0,0.0,False,10
CDON,0.009,0,0,0,7.0,1.0,6.0,0.4444444444444444,0.0,0.01,0.08,0.0,0.0,0.0,0.0,0.0,0.0,0.0,0.0,0.0,0.0,0.0,False,10
ZNF764,0.009,0,0,0,6.0,3.0,6.222222222222222,1.0,0.0,0.0,0.0,0.0,0.0,0.0,0.0,0.03,0.06,0.0,0.0,0.0,0.0,0.0,False,10
ST6GALNAC6,0.009,0,0,0,6.0,3.0,6.333333333333333,0.375,0.0,0.02,0.03,0.0,0.0,0.03,0.01,0.0,0.0,0.0,0.0,0.0,0.0,0.0,False,10
GNG11,0.009,0,0,0,7.0,4.0,6.666666666666667,0.6,0.04,0.0,0.0,0.0,0.0,0.0,0.0,0.05,0.02,0.01,0.01,0.0,0.0,0.04,False,10
COMP,0.009,0,0,0,7.0,2.0,6.777777777777778,0.6666666666666666,0.09,0.0,0.09,0.0,0.0,0.0,0.0,0.0,0.0,0.0,0.0,0.0,0.0,0.09,False,10
TNK2-AS1,0.009,0,0,0,7.0,2.0,6.777777777777778,0.0,0.0,0.08,0.0,0.01,0.0,0.0,0.0,0.0,0.0,0.0,0.0,0.04,0.0,0.0,False,10
CLEC4GP1,0.009,0,0,0,9.0,2.0,7.0,0.058823529411764705,0.0,0.08,0.01,0.0,0.0,0.0,0.0,0.0,0.0,0.0,0.0,0.08,0.0,0.0,False,10
PFKFB1,0.009,0,0,0,8.0,5.0,8.11111111111111,0.0,0.0,0.0,0.0,0.0,0.0,0.0,0.09,0.0,0.0,0.0,0.0,0.0,0.06,0.0,False,10
PYGM,0.008999999999999998,0,0,0,8.0,1.0,6.777777777777778,1.0,0.0,0.0,0.0,0.0,0.0,0.0,0.04,0.02,0.01,0.01,0.01,0.0,0.0,0.0,False,10
PDE8B,0.008,0,0,0,2.5,1.0,4.625,0.5,0.0,0.0,0.0,0.0,0.0,0.08,0.0,0.0,0.0,0.0,0.0,0.0,0.0,0.0,False,10
TMEM44-AS1,0.008,0,0,0,6.0,1.0,5.5,0.625,0.0,0.02,0.05,0.0,0.0,0.01,0.0,0.0,0.0,0.0,0.0,0.0,0.0,0.0,False,10
FTX,0.008,0,0,0,6.0,3.0,6.0,0.6666666666666666,0.0,0.01,0.05,0.02,0.0,0.0,0.0,0.0,0.0,0.0,0.0,0.0,0.0,0.0,False,10
FBXO32,0.008,0,0,0,5.0,3.0,6.125,1.0,0.0,0.0,0.0,0.01,0.0,0.0,0.0,0.01,0.02,0.02,0.02,0.0,0.0,0.0,False,10
C1QTNF7,0.008,0,0,0,6.5,4.0,6.75,0.1111111111111111,0.0,0.0,0.0,0.0,0.03,0.02,0.03,0.0,0.0,0.0,0.0,0.0,0.04,0.0,False,10
RDH13,0.008,0,0,0,7.5,2.0,6.875,1.0,0.0,0.0,0.0,0.0,0.0,0.0,0.0,0.02,0.06,0.0,0.0,0.0,0.0,0.0,False,10
NRIP3,0.008,0,0,0,7.5,3.0,7.0,0.6666666666666666,0.0,0.0,0.0,0.02,0.0,0.06,0.0,0.0,0.0,0.0,0.0,0.0,0.0,0.0,False,10
SOX5,0.008,0,0,0,7.5,3.0,7.25,0.375,0.0,0.0,0.0,0.0,0.0,0.08,0.0,0.0,0.0,0.0,0.0,0.0,0.0,0.0,False,10
CMA1,0.008,0,0,0,8.5,4.0,7.5,0.5,0.0,0.03,0.01,0.0,0.0,0.0,0.0,0.0,0.0,0.02,0.02,0.0,0.0,0.0,False,10
UPK3B,0.008,0,0,0,8.0,6.0,8.0,0.0,0.0,0.0,0.0,0.07,0.01,0.0,0.0,0.0,0.0,0.0,0.0,0.0,0.0,0.0,False,10
LOC105378828,0.008,0,0,0,9.5,8.0,9.25,0.0,0.0,0.01,0.0,0.0,0.01,0.0,0.06,0.0,0.0,0.0,0.0,0.0,0.01,0.0,False,10
RWDD1,0.007999999999999998,0,0,0,6.5,2.0,5.25,1.0,0.0,0.0,0.0,0.0,0.0,0.0,0.0,0.03,0.03,0.01,0.01,0.0,0.0,0.0,False,10
WDR34,0.007999999999999998,0,0,0,5.5,4.0,5.625,1.0,0.0,0.0,0.0,0.0,0.0,0.0,0.0,0.03,0.03,0.01,0.01,0.0,0.0,0.0,False,10
ACSM3,0.007000000000000001,0,0,0,4.0,1.0,3.142857142857143,0.0,0.0,0.02,0.0,0.05,0.0,0.0,0.0,0.0,0.0,0.0,0.0,0.46,0.0,0.0,False,10
LRRN1,0.007000000000000001,0,0,0,3.0,1.0,3.2857142857142856,0.6,0.0,0.01,0.04,0.02,0.0,0.0,0.0,0.0,0.0,0.0,0.0,0.0,0.0,0.0,False,10
RASL11B,0.007000000000000001,0,0,0,4.0,1.0,4.428571428571429,0.5,0.0,0.01,0.05,0.01,0.0,0.0,0.0,0.0,0.0,0.0,0.0,0.0,0.0,0.0,False,10
LINC01088,0.007000000000000001,0,0,0,3.0,1.0,4.571428571428571,0.0,0.0,0.04,0.0,0.03,0.0,0.0,0.0,0.0,0.0,0.0,0.0,0.65,0.0,0.0,False,10
C3orf22,0.007000000000000001,0,0,0,4.0,1.0,4.857142857142857,1.0,0.0,0.0,0.0,0.07,0.0,0.0,0.0,0.0,0.0,0.0,0.0,0.0,0.01,0.0,False,10
LEF1,0.007000000000000001,0,0,0,5.0,1.0,5.0,0.42857142857142855,0.0,0.01,0.01,0.0,0.0,0.05,0.0,0.0,0.0,0.0,0.0,0.0,0.0,0.0,False,10
CGN,0.007000000000000001,0,0,0,5.0,3.0,5.142857142857143,1.0,0.23,0.0,0.0,0.0,0.0,0.0,0.0,0.03,0.04,0.0,0.0,0.0,0.0,0.23,False,10
CNIH3,0.007000000000000001,0,0,0,6.0,1.0,5.857142857142857,1.0,0.0,0.03,0.01,0.03,0.0,0.0,0.0,0.0,0.0,0.0,0.0,0.0,0.0,0.0,False,10
KRT8,0.007000000000000001,0,0,0,6.0,3.0,6.0,1.0,0.0,0.0,0.0,0.0,0.0,0.0,0.0,0.03,0.04,0.0,0.0,0.0,0.0,0.0,False,10
YPEL1,0.007000000000000001,0,0,0,7.0,3.0,6.142857142857143,1.0,0.0,0.01,0.01,0.05,0.0,0.0,0.0,0.0,0.0,0.0,0.0,0.0,0.0,0.0,False,10
CLSTN1,0.007000000000000001,0,0,0,6.0,3.0,6.285714285714286,1.0,0.0,0.0,0.0,0.0,0.0,0.0,0.0,0.03,0.02,0.01,0.01,0.0,0.0,0.0,False,10
ABCB7,0.007000000000000001,0,0,0,6.0,3.0,6.857142857142857,0.2857142857142857,0.0,0.02,0.05,0.0,0.0,0.0,0.0,0.0,0.0,0.0,0.0,0.0,0.0,0.0,False,10
ALDH18A1,0.007000000000000001,0,0,0,7.0,4.0,7.285714285714286,0.8333333333333334,0.0,0.03,0.02,0.0,0.0,0.0,0.0,0.0,0.0,0.01,0.01,0.0,0.0,0.0,False,10
CEP112,0.007000000000000001,0,0,0,7.0,5.0,7.428571428571429,1.0,0.0,0.0,0.01,0.0,0.0,0.0,0.0,0.01,0.0,0.03,0.02,0.0,0.0,0.0,False,10
WISP1,0.007000000000000001,0,0,0,9.0,4.0,7.428571428571429,0.42857142857142855,0.0,0.0,0.07,0.0,0.0,0.0,0.0,0.0,0.0,0.0,0.0,0.0,0.0,0.0,False,10
NLGN1,0.007000000000000001,0,0,0,8.0,3.0,7.571428571428571,0.0,0.0,0.01,0.01,0.01,0.0,0.0,0.04,0.0,0.0,0.0,0.0,0.05,0.0,0.0,False,10
FHL5,0.007000000000000001,0,0,0,8.0,4.0,8.0,0.2,0.0,0.02,0.0,0.0,0.01,0.0,0.02,0.01,0.01,0.0,0.0,0.0,0.01,0.0,False,10
PPP2R3C,0.007000000000000001,0,0,0,7.0,6.0,8.0,1.0,0.0,0.0,0.0,0.0,0.0,0.0,0.0,0.02,0.01,0.02,0.02,0.0,0.0,0.0,False,10
TSPAN17,0.007000000000000001,0,0,0,9.0,7.0,8.857142857142858,1.0,0.02,0.0,0.0,0.0,0.0,0.0,0.0,0.01,0.02,0.02,0.02,0.0,0.0,0.02,False,10
LURAP1,0.006999999999999999,0,0,0,7.0,2.0,6.285714285714286,0.14285714285714285,0.0,0.06,0.01,0.0,0.0,0.0,0.0,0.0,0.0,0.0,0.0,0.0,0.0,0.0,False,10
TNFAIP8L1,0.006999999999999999,0,0,0,8.0,2.0,6.857142857142857,0.5714285714285714,0.0,0.01,0.06,0.0,0.0,0.0,0.0,0.0,0.0,0.0,0.0,0.0,0.0,0.0,False,10
CD24,0.006999999999999999,0,0,0,8.0,4.0,7.571428571428571,1.0,0.0,0.01,0.01,0.0,0.01,0.03,0.01,0.0,0.0,0.0,0.0,0.0,0.01,0.0,False,10
C11orf74,0.006999999999999999,0,0,0,9.0,6.0,8.285714285714286,0.5714285714285714,0.0,0.0,0.01,0.0,0.0,0.06,0.0,0.0,0.0,0.0,0.0,0.0,0.0,0.0,False,10
IGF1R,0.006,0,0,0,2.5,1.0,3.6666666666666665,0.5,0.0,0.01,0.05,0.0,0.0,0.0,0.0,0.0,0.0,0.0,0.0,0.0,0.0,0.0,False,10
TMEM125,0.006,0,0,0,4.5,2.0,4.166666666666667,1.0,0.12,0.0,0.0,0.0,0.0,0.0,0.0,0.03,0.03,0.0,0.0,0.0,0.0,0.12,False,10
GALE,0.006,0,0,0,5.0,2.0,4.666666666666667,1.0,0.0,0.0,0.0,0.0,0.0,0.0,0.0,0.02,0.02,0.01,0.01,0.0,0.0,0.0,False,10
LINC00537,0.006,0,0,0,4.5,1.0,4.833333333333333,1.0,0.0,0.0,0.06,0.0,0.0,0.0,0.0,0.0,0.0,0.0,0.0,0.0,0.0,0.0,False,10
ADAMTS9-AS1,0.006,0,0,0,5.5,2.0,5.333333333333333,0.07692307692307693,0.0,0.02,0.01,0.03,0.0,0.0,0.0,0.0,0.0,0.0,0.0,0.1,0.0,0.0,False,10
MAOA,0.006,0,0,0,5.5,3.0,5.5,0.5,0.0,0.0,0.06,0.0,0.0,0.0,0.0,0.0,0.0,0.0,0.0,0.0,0.0,0.0,False,10
SPATS2,0.006,0,0,0,6.5,1.0,5.5,1.0,0.0,0.0,0.0,0.0,0.0,0.0,0.0,0.04,0.02,0.0,0.0,0.0,0.0,0.0,False,10
RUSC1-AS1,0.006,0,0,0,4.0,3.0,5.666666666666667,1.0,0.0,0.0,0.0,0.0,0.0,0.0,0.0,0.03,0.01,0.01,0.01,0.0,0.0,0.0,False,10
AKR1C4,0.006,0,0,0,7.0,1.0,6.333333333333333,0.0,0.0,0.05,0.0,0.01,0.0,0.0,0.0,0.0,0.0,0.0,0.0,0.07,0.0,0.0,False,10
SEPT8,0.006,0,0,0,5.5,5.0,6.333333333333333,0.6666666666666666,0.0,0.0,0.06,0.0,0.0,0.0,0.0,0.0,0.0,0.0,0.0,0.0,0.0,0.0,False,10
SORD,0.006,0,0,0,7.0,3.0,6.333333333333333,0.8333333333333334,0.0,0.0,0.0,0.0,0.0,0.06,0.0,0.0,0.0,0.0,0.0,0.0,0.0,0.0,False,10
BICDL2,0.006,0,0,0,6.5,3.0,6.5,1.0,0.0,0.0,0.0,0.0,0.0,0.0,0.0,0.03,0.03,0.0,0.0,0.0,0.0,0.0,False,10
KRTAP1-3,0.006,0,0,0,7.0,1.0,6.5,0.0,0.0,0.02,0.0,0.04,0.0,0.0,0.0,0.0,0.0,0.0,0.0,0.01,0.0,0.0,False,10
EGFLAM,0.006,0,0,0,7.5,3.0,6.666666666666667,1.0,0.0,0.0,0.0,0.0,0.0,0.0,0.0,0.02,0.02,0.01,0.01,0.0,0.0,0.0,False,10
LOC101928433,0.006,0,0,0,7.0,2.0,6.666666666666667,1.0,0.0,0.01,0.05,0.0,0.0,0.0,0.0,0.0,0.0,0.0,0.0,0.0,0.0,0.0,False,10
CBFA2T2,0.006,0,0,0,7.0,5.0,6.833333333333333,1.0,0.0,0.0,0.0,0.0,0.0,0.0,0.0,0.0,0.0,0.03,0.03,0.0,0.0,0.0,False,10
N4BP2L2,0.006,0,0,0,7.0,4.0,6.833333333333333,0.5,0.0,0.0,0.03,0.02,0.0,0.01,0.0,0.0,0.0,0.0,0.0,0.0,0.0,0.0,False,10
DPT,0.006,0,0,0,8.0,2.0,7.0,1.0,0.0,0.0,0.0,0.0,0.0,0.0,0.0,0.02,0.02,0.01,0.01,0.0,0.0,0.0,False,10
EMX2,0.006,0,0,0,7.5,4.0,7.0,0.0,0.0,0.0,0.0,0.0,0.04,0.0,0.02,0.0,0.0,0.0,0.0,0.0,0.04,0.0,False,10
KLF15,0.006,0,0,0,7.5,4.0,7.333333333333333,0.5,0.0,0.0,0.06,0.0,0.0,0.0,0.0,0.0,0.0,0.0,0.0,0.0,0.0,0.0,False,10
ALPK3,0.006,0,0,0,8.0,5.0,7.5,0.2,0.0,0.01,0.0,0.0,0.02,0.01,0.02,0.0,0.0,0.0,0.0,0.0,0.01,0.0,False,10
CCNF,0.006,0,0,0,9.5,3.0,7.5,1.0,0.0,0.0,0.0,0.0,0.0,0.0,0.0,0.0,0.0,0.03,0.03,0.0,0.0,0.0,False,10
CNNM4,0.006,0,0,0,7.5,5.0,7.5,1.0,0.0,0.0,0.0,0.0,0.0,0.0,0.0,0.02,0.03,0.0,0.01,0.0,0.0,0.0,False,10
DNMT3A,0.006,0,0,0,7.0,6.0,7.5,1.0,0.0,0.0,0.0,0.0,0.0,0.0,0.0,0.02,0.02,0.01,0.01,0.0,0.0,0.0,False,10
LOC101929726,0.006,0,0,0,8.0,4.0,7.666666666666667,0.0,0.0,0.0,0.0,0.0,0.04,0.0,0.02,0.0,0.0,0.0,0.0,0.0,0.02,0.0,False,10
MORC2,0.006,0,0,0,8.5,4.0,7.666666666666667,1.0,0.0,0.0,0.0,0.0,0.0,0.0,0.0,0.02,0.03,0.0,0.01,0.0,0.0,0.0,False,10
TLCD2,0.006,0,0,0,9.0,3.0,7.666666666666667,0.3333333333333333,0.0,0.0,0.02,0.0,0.0,0.04,0.0,0.0,0.0,0.0,0.0,0.0,0.0,0.0,False,10
TMOD1,0.006,0,0,0,8.0,6.0,8.0,0.5,0.0,0.01,0.01,0.0,0.0,0.04,0.0,0.0,0.0,0.0,0.0,0.0,0.0,0.0,False,10
ZNF670,0.006,0,0,0,9.0,4.0,8.0,0.0,0.0,0.0,0.01,0.05,0.0,0.0,0.0,0.0,0.0,0.0,0.0,0.0,0.0,0.0,False,10
CLDN7,0.006,0,0,0,8.0,8.0,8.333333333333334,1.0,0.0,0.0,0.0,0.0,0.0,0.0,0.0,0.02,0.02,0.01,0.01,0.0,0.0,0.0,False,10
ZSCAN2,0.005,0,0,0,2.0,2.0,2.4,0.8,0.0,0.02,0.03,0.0,0.0,0.0,0.0,0.0,0.0,0.0,0.0,0.0,0.0,0.0,False,10
GNG2,0.005,0,0,0,2.0,2.0,2.6,0.75,0.01,0.0,0.0,0.0,0.0,0.0,0.0,0.02,0.01,0.01,0.01,0.0,0.0,0.01,False,10
PDE2A,0.005,0,0,0,4.0,1.0,2.8,1.0,0.0,0.0,0.01,0.0,0.0,0.0,0.0,0.01,0.01,0.01,0.01,0.0,0.0,0.0,False,10
KRT75,0.005,0,0,0,2.0,1.0,3.0,1.0,0.0,0.05,0.0,0.0,0.0,0.0,0.0,0.0,0.0,0.0,0.0,0.0,0.0,0.0,False,10
ZNF692,0.005,0,0,0,2.0,1.0,3.4,1.0,0.15,0.0,0.0,0.0,0.0,0.0,0.0,0.02,0.03,0.0,0.0,0.0,0.0,0.15,False,10
PGM2L1,0.005,0,0,0,3.0,1.0,3.6,0.4,0.0,0.01,0.04,0.0,0.0,0.0,0.0,0.0,0.0,0.0,0.0,0.0,0.0,0.0,False,10
LOC101927204,0.005,0,0,0,4.0,2.0,4.0,1.0,0.02,0.0,0.01,0.0,0.0,0.0,0.0,0.02,0.02,0.0,0.0,0.0,0.0,0.02,False,10
HS6ST1,0.005,0,0,0,3.0,2.0,4.2,1.0,0.05,0.0,0.0,0.0,0.0,0.0,0.0,0.01,0.01,0.01,0.02,0.0,0.0,0.05,False,10
MOP-1,0.005,0,0,0,4.0,2.0,4.4,1.0,0.0,0.01,0.0,0.04,0.0,0.0,0.0,0.0,0.0,0.0,0.0,0.0,0.0,0.0,False,10
VAV3,0.005,0,0,0,5.0,3.0,4.8,0.6,0.0,0.0,0.05,0.0,0.0,0.0,0.0,0.0,0.0,0.0,0.0,0.0,0.0,0.0,False,10
ANGPT1,0.005,0,0,0,5.0,2.0,5.0,1.0,0.0,0.0,0.0,0.0,0.0,0.0,0.0,0.03,0.02,0.0,0.0,0.0,0.0,0.0,False,10
RTKN,0.005,0,0,0,5.0,3.0,5.0,1.0,0.0,0.0,0.0,0.0,0.0,0.0,0.0,0.02,0.03,0.0,0.0,0.0,0.0,0.0,False,10
POGK,0.005,0,0,0,7.0,1.0,5.2,0.4,0.0,0.01,0.04,0.0,0.0,0.0,0.0,0.0,0.0,0.0,0.0,0.0,0.0,0.0,False,10
TRHDE,0.005,0,0,0,6.0,2.0,5.4,0.0,0.0,0.0,0.0,0.0,0.03,0.0,0.02,0.0,0.0,0.0,0.0,0.0,0.02,0.0,False,10
ADAL,0.005,0,0,0,6.0,2.0,5.6,0.25,0.0,0.03,0.01,0.01,0.0,0.0,0.0,0.0,0.0,0.0,0.0,0.0,0.0,0.0,False,10
CNTFR-AS1,0.005,0,0,0,6.0,1.0,5.6,0.125,0.0,0.01,0.02,0.0,0.01,0.01,0.0,0.0,0.0,0.0,0.0,0.03,0.0,0.0,False,10
LINC01140,0.005,0,0,0,6.0,1.0,5.6,0.6666666666666666,0.02,0.0,0.0,0.0,0.0,0.0,0.0,0.02,0.0,0.02,0.01,0.0,0.0,0.02,False,10
LMO3,0.005,0,0,0,5.0,3.0,5.6,0.2,0.0,0.0,0.04,0.0,0.0,0.01,0.0,0.0,0.0,0.0,0.0,0.0,0.0,0.0,False,10
WISP2,0.005,0,0,0,6.0,4.0,5.6,0.75,0.0,0.01,0.02,0.0,0.0,0.0,0.0,0.01,0.01,0.0,0.0,0.0,0.0,0.0,False,10
CLC,0.005,0,0,0,5.0,2.0,5.8,0.0,0.0,0.04,0.0,0.01,0.0,0.0,0.0,0.0,0.0,0.0,0.0,0.06,0.0,0.0,False,10
IRS4,0.005,0,0,0,6.0,3.0,5.8,0.0,0.0,0.05,0.0,0.0,0.0,0.0,0.0,0.0,0.0,0.0,0.0,0.0,0.0,0.0,False,10
TLDC1,0.005,0,0,0,7.0,2.0,5.8,1.0,0.0,0.0,0.0,0.0,0.0,0.0,0.0,0.02,0.02,0.0,0.01,0.0,0.0,0.0,False,10
MOCS1,0.005,0,0,0,5.0,3.0,6.0,0.5,0.0,0.01,0.02,0.0,0.0,0.0,0.0,0.01,0.01,0.0,0.0,0.0,0.0,0.0,False,10
SCN2A,0.005,0,0,0,6.0,4.0,6.0,1.0,0.0,0.0,0.0,0.03,0.02,0.0,0.0,0.0,0.0,0.0,0.0,0.0,0.01,0.0,False,10
FGFBP2,0.005,0,0,0,6.0,4.0,6.2,0.25,0.0,0.0,0.03,0.0,0.0,0.0,0.0,0.01,0.01,0.0,0.0,0.08,0.0,0.0,False,10
HPD,0.005,0,0,0,7.0,3.0,6.2,0.0,0.0,0.04,0.0,0.01,0.0,0.0,0.0,0.0,0.0,0.0,0.0,0.21,0.0,0.0,False,10
LINC01029,0.005,0,0,0,7.0,2.0,6.2,0.0,0.0,0.04,0.0,0.01,0.0,0.0,0.0,0.0,0.0,0.0,0.0,0.04,0.0,0.0,False,10
LOC400965,0.005,0,0,0,6.0,4.0,6.2,1.0,0.0,0.0,0.0,0.05,0.0,0.0,0.0,0.0,0.0,0.0,0.0,0.0,0.01,0.0,False,10
SMYD3,0.005,0,0,0,6.0,2.0,6.4,0.4,0.0,0.0,0.05,0.0,0.0,0.0,0.0,0.0,0.0,0.0,0.0,0.0,0.0,0.0,False,10
AGPAT5,0.005,0,0,0,7.0,1.0,6.6,0.8,0.0,0.01,0.03,0.0,0.0,0.01,0.0,0.0,0.0,0.0,0.0,0.0,0.0,0.0,False,10
LINC00667,0.005,0,0,0,7.0,2.0,7.0,0.25,0.0,0.01,0.01,0.01,0.0,0.02,0.0,0.0,0.0,0.0,0.0,0.0,0.0,0.0,False,10
PPP1R2P9,0.005,0,0,0,7.0,4.0,7.4,0.0,0.0,0.04,0.0,0.01,0.0,0.0,0.0,0.0,0.0,0.0,0.0,0.03,0.0,0.0,False,10
RBPMS-AS1,0.005,0,0,0,7.0,6.0,7.4,0.0,0.0,0.01,0.0,0.0,0.02,0.0,0.02,0.0,0.0,0.0,0.0,0.0,0.01,0.0,False,10
LOC107985971,0.005,0,0,0,7.0,5.0,7.6,1.0,0.0,0.0,0.0,0.0,0.0,0.0,0.0,0.02,0.03,0.0,0.0,0.0,0.0,0.0,False,10
DEPDC7,0.005,0,0,0,9.0,5.0,7.8,1.0,0.0,0.02,0.0,0.03,0.0,0.0,0.0,0.0,0.0,0.0,0.0,0.0,0.0,0.0,False,10
F2RL2,0.005,0,0,0,7.0,6.0,7.8,0.0,0.0,0.0,0.02,0.02,0.0,0.01,0.0,0.0,0.0,0.0,0.0,0.0,0.0,0.0,False,10
KCNIP2,0.005,0,0,0,9.0,2.0,7.8,0.375,0.0,0.0,0.0,0.0,0.0,0.0,0.02,0.03,0.0,0.0,0.0,0.0,0.05,0.0,False,10
SHISA6,0.005,0,0,0,8.0,7.0,7.8,,0.0,0.0,0.0,0.05,0.0,0.0,0.0,0.0,0.0,0.0,0.0,0.0,0.0,0.0,False,10
ALDH1L1,0.005,0,0,0,8.0,7.0,8.6,0.0,0.0,0.01,0.0,0.0,0.01,0.0,0.03,0.0,0.0,0.0,0.0,0.01,0.1,0.0,False,10
FLG,0.005,0,0,0,9.0,6.0,8.6,0.0,0.0,0.05,0.0,0.0,0.0,0.0,0.0,0.0,0.0,0.0,0.0,0.02,0.0,0.0,False,10
GDPGP1,0.005,0,0,0,10.0,7.0,9.2,0.0,0.0,0.0,0.03,0.02,0.0,0.0,0.0,0.0,0.0,0.0,0.0,0.0,0.0,0.0,False,10
KY,0.004,0,0,0,3.0,2.0,3.0,,0.0,0.0,0.0,0.04,0.0,0.0,0.0,0.0,0.0,0.0,0.0,0.0,0.0,0.0,False,10
HAPLN4,0.004,0,0,0,3.0,1.0,3.75,1.0,0.0,0.01,0.0,0.03,0.0,0.0,0.0,0.0,0.0,0.0,0.0,0.0,0.06,0.0,False,10
SHISA2,0.004,0,0,0,3.5,2.0,3.75,0.0,0.0,0.0,0.04,0.0,0.0,0.0,0.0,0.0,0.0,0.0,0.0,0.0,0.0,0.0,False,10
ANLN,0.004,0,0,0,4.5,1.0,4.25,1.0,0.07,0.0,0.0,0.0,0.0,0.0,0.0,0.01,0.01,0.01,0.01,0.0,0.0,0.07,False,10
ERMP1,0.004,0,0,0,4.0,1.0,4.25,1.0,0.0,0.0,0.0,0.0,0.0,0.0,0.0,0.02,0.02,0.0,0.0,0.0,0.0,0.0,False,10
RECQL4,0.004,0,0,0,3.5,2.0,4.5,1.0,0.05,0.0,0.0,0.0,0.0,0.0,0.0,0.02,0.02,0.0,0.0,0.0,0.0,0.05,False,10
SPATA8,0.004,0,0,0,5.0,2.0,4.5,1.0,0.0,0.0,0.0,0.04,0.0,0.0,0.0,0.0,0.0,0.0,0.0,0.0,0.01,0.0,False,10
EPS8L2,0.004,0,0,0,4.0,3.0,4.75,1.0,0.0,0.0,0.0,0.0,0.0,0.0,0.0,0.02,0.0,0.01,0.01,0.0,0.0,0.0,False,10
FAM83D,0.004,0,0,0,5.0,4.0,4.75,1.0,0.0,0.0,0.0,0.0,0.0,0.0,0.0,0.02,0.02,0.0,0.0,0.0,0.0,0.0,False,10
FCN2,0.004,0,0,0,4.5,1.0,5.0,0.1111111111111111,0.0,0.01,0.03,0.0,0.0,0.0,0.0,0.0,0.0,0.0,0.0,0.05,0.0,0.0,False,10
PRC1,0.004,0,0,0,5.0,2.0,5.25,1.0,0.23,0.0,0.0,0.0,0.0,0.0,0.0,0.01,0.03,0.0,0.0,0.0,0.0,0.23,False,10
CEP19,0.004,0,0,0,4.5,3.0,5.5,0.25,0.0,0.0,0.04,0.0,0.0,0.0,0.0,0.0,0.0,0.0,0.0,0.0,0.0,0.0,False,10
KIAA0907,0.004,0,0,0,5.5,5.0,5.5,1.0,0.01,0.0,0.0,0.0,0.0,0.0,0.0,0.02,0.02,0.0,0.0,0.0,0.0,0.01,False,10
PLEKHS1,0.004,0,0,0,5.5,2.0,5.5,0.0,0.0,0.0,0.04,0.0,0.0,0.0,0.0,0.0,0.0,0.0,0.0,0.0,0.0,0.0,False,10
SLC4A4,0.004,0,0,0,5.5,2.0,5.5,1.0,0.0,0.0,0.0,0.01,0.0,0.0,0.0,0.01,0.02,0.0,0.0,0.0,0.0,0.0,False,10
TYRO3,0.004,0,0,0,4.0,4.0,5.5,0.6666666666666666,0.0,0.0,0.0,0.0,0.0,0.0,0.0,0.02,0.02,0.0,0.0,0.0,0.01,0.0,False,10
USP43,0.004,0,0,0,6.0,3.0,5.75,0.3333333333333333,0.0,0.0,0.0,0.01,0.0,0.03,0.0,0.0,0.0,0.0,0.0,0.0,0.0,0.0,False,10
CDC20,0.004,0,0,0,6.0,2.0,6.0,1.0,0.03,0.0,0.0,0.0,0.0,0.0,0.0,0.0,0.0,0.02,0.02,0.0,0.0,0.03,False,10
SLC6A6,0.004,0,0,0,6.0,2.0,6.0,0.5,0.0,0.02,0.02,0.0,0.0,0.0,0.0,0.0,0.0,0.0,0.0,0.0,0.0,0.0,False,10
MME,0.004,0,0,0,6.5,2.0,6.25,0.6,0.02,0.0,0.0,0.0,0.0,0.0,0.0,0.03,0.0,0.0,0.01,0.0,0.0,0.02,False,10
STARD10,0.004,0,0,0,6.0,4.0,6.5,1.0,0.0,0.0,0.0,0.0,0.0,0.0,0.0,0.03,0.01,0.0,0.0,0.0,0.0,0.0,False,10
TSLP,0.004,0,0,0,6.0,4.0,6.5,0.0,0.0,0.01,0.0,0.0,0.0,0.0,0.03,0.0,0.0,0.0,0.0,0.0,0.0,0.0,False,10
AOC4P,0.004,0,0,0,7.0,5.0,6.75,,0.0,0.0,0.0,0.04,0.0,0.0,0.0,0.0,0.0,0.0,0.0,0.0,0.0,0.0,False,10
DCUN1D3,0.004,0,0,0,6.5,4.0,6.75,1.0,0.0,0.0,0.0,0.02,0.0,0.0,0.0,0.02,0.0,0.0,0.0,0.0,0.0,0.0,False,10
ITGAE,0.004,0,0,0,7.5,3.0,6.75,0.75,0.0,0.01,0.03,0.0,0.0,0.0,0.0,0.0,0.0,0.0,0.0,0.0,0.0,0.0,False,10
SYCP3,0.004,0,0,0,7.0,3.0,6.75,1.0,0.0,0.0,0.0,0.03,0.01,0.0,0.0,0.0,0.0,0.0,0.0,0.0,0.01,0.0,False,10
TRIM59,0.004,0,0,0,6.0,5.0,6.75,1.0,0.0,0.0,0.01,0.0,0.0,0.0,0.0,0.02,0.01,0.0,0.0,0.0,0.0,0.0,False,10
TRPM8,0.004,0,0,0,6.5,4.0,6.75,,0.0,0.0,0.0,0.04,0.0,0.0,0.0,0.0,0.0,0.0,0.0,0.0,0.0,0.0,False,10
BSPRY,0.004,0,0,0,7.5,3.0,7.0,0.25,0.0,0.01,0.01,0.0,0.0,0.02,0.0,0.0,0.0,0.0,0.0,0.0,0.0,0.0,False,10
SHB,0.004,0,0,0,7.0,4.0,7.0,1.0,0.0,0.0,0.0,0.0,0.0,0.0,0.0,0.01,0.03,0.0,0.0,0.0,0.0,0.0,False,10
ZFP37,0.004,0,0,0,7.5,4.0,7.0,,0.0,0.0,0.0,0.04,0.0,0.0,0.0,0.0,0.0,0.0,0.0,0.0,0.0,0.0,False,10
CXCL6,0.004,0,0,0,7.5,4.0,7.25,0.0,0.0,0.03,0.0,0.01,0.0,0.0,0.0,0.0,0.0,0.0,0.0,0.03,0.0,0.0,False,10
LINC01104,0.004,0,0,0,7.5,4.0,7.25,,0.0,0.0,0.0,0.04,0.0,0.0,0.0,0.0,0.0,0.0,0.0,0.0,0.0,0.0,False,10
LOC100506476,0.004,0,0,0,7.0,7.0,7.25,0.0,0.0,0.0,0.0,0.0,0.0,0.04,0.0,0.0,0.0,0.0,0.0,0.0,0.01,0.0,False,10
PGM2,0.004,0,0,0,7.0,5.0,7.25,0.25,0.0,0.0,0.01,0.0,0.0,0.03,0.0,0.0,0.0,0.0,0.0,0.0,0.0,0.0,False,10
TMEM132A,0.004,0,0,0,7.5,5.0,7.25,1.0,0.0,0.0,0.0,0.0,0.0,0.0,0.0,0.02,0.02,0.0,0.0,0.0,0.0,0.0,False,10
CASQ2,0.004,0,0,0,7.5,5.0,7.5,0.0,0.0,0.02,0.01,0.0,0.0,0.0,0.01,0.0,0.0,0.0,0.0,0.0,0.0,0.0,False,10
PEBP4,0.004,0,0,0,8.0,6.0,7.5,,0.0,0.0,0.0,0.04,0.0,0.0,0.0,0.0,0.0,0.0,0.0,0.0,0.0,0.0,False,10
TDRD5,0.004,0,0,0,7.5,5.0,7.5,0.75,0.0,0.03,0.01,0.0,0.0,0.0,0.0,0.0,0.0,0.0,0.0,0.0,0.0,0.0,False,10
CD209,0.004,0,0,0,7.5,7.0,7.75,0.5,0.0,0.0,0.01,0.0,0.0,0.0,0.0,0.01,0.02,0.0,0.0,0.0,0.0,0.0,False,10
PLPP2,0.004,0,0,0,9.5,2.0,7.75,1.0,0.03,0.0,0.0,0.0,0.0,0.0,0.0,0.02,0.02,0.0,0.0,0.0,0.0,0.03,False,10
TSPAN13,0.004,0,0,0,8.5,4.0,7.75,0.5,0.0,0.0,0.02,0.0,0.0,0.0,0.0,0.0,0.02,0.0,0.0,0.0,0.0,0.0,False,10
DNASE1L3,0.004,0,0,0,7.5,7.0,8.0,1.0,0.0,0.0,0.0,0.0,0.0,0.0,0.0,0.01,0.03,0.0,0.0,0.0,0.0,0.0,False,10
LOC101928271,0.004,0,0,0,7.5,7.0,8.0,0.0,0.0,0.03,0.0,0.01,0.0,0.0,0.0,0.0,0.0,0.0,0.0,0.0,0.0,0.0,False,10
ARHGEF3,0.004,0,0,0,9.0,5.0,8.25,0.0,0.0,0.0,0.01,0.03,0.0,0.0,0.0,0.0,0.0,0.0,0.0,0.0,0.0,0.0,False,10
FLJ27354,0.004,0,0,0,9.5,4.0,8.25,0.0,0.0,0.01,0.0,0.03,0.0,0.0,0.0,0.0,0.0,0.0,0.0,0.03,0.0,0.0,False,10
SLC38A1,0.004,0,0,0,9.0,5.0,8.25,0.6666666666666666,0.0,0.0,0.0,0.0,0.0,0.04,0.0,0.0,0.0,0.0,0.0,0.0,0.02,0.0,False,10
GTDC1,0.004,0,0,0,9.0,7.0,8.75,1.0,0.0,0.0,0.0,0.0,0.0,0.0,0.0,0.01,0.01,0.01,0.01,0.0,0.0,0.0,False,10
COL4A5,0.003,0,0,0,1.0,1.0,2.6666666666666665,1.0,0.0,0.01,0.02,0.0,0.0,0.0,0.0,0.0,0.0,0.0,0.0,0.0,0.0,0.0,False,10
LINC01004,0.003,0,0,0,2.0,1.0,4.0,0.5,0.0,0.0,0.01,0.0,0.0,0.0,0.0,0.01,0.01,0.0,0.0,0.0,0.0,0.0,False,10
ROR2,0.003,0,0,0,4.0,1.0,4.0,0.3333333333333333,0.0,0.01,0.02,0.0,0.0,0.0,0.0,0.0,0.0,0.0,0.0,0.0,0.0,0.0,False,10
ZNF518A,0.003,0,0,0,5.0,1.0,4.0,0.5,0.0,0.01,0.01,0.01,0.0,0.0,0.0,0.0,0.0,0.0,0.0,0.0,0.0,0.0,False,10
MMP13,0.003,0,0,0,5.0,2.0,4.333333333333333,0.5,0.0,0.01,0.01,0.01,0.0,0.0,0.0,0.0,0.0,0.0,0.0,0.0,0.0,0.0,False,10
DIS3L,0.003,0,0,0,3.0,1.0,4.666666666666667,0.0,0.0,0.0,0.01,0.02,0.0,0.0,0.0,0.0,0.0,0.0,0.0,0.0,0.0,0.0,False,10
LOC101927870,0.003,0,0,0,5.0,4.0,4.666666666666667,1.0,0.0,0.0,0.0,0.02,0.01,0.0,0.0,0.0,0.0,0.0,0.0,0.0,0.01,0.0,False,10
TSPAN5,0.003,0,0,0,4.0,1.0,4.666666666666667,1.0,0.0,0.01,0.01,0.01,0.0,0.0,0.0,0.0,0.0,0.0,0.0,0.0,0.0,0.0,False,10
COPZ2,0.003,0,0,0,5.0,4.0,5.0,0.75,0.01,0.0,0.0,0.0,0.0,0.0,0.0,0.03,0.0,0.0,0.0,0.0,0.0,0.01,False,10
HSPA12A,0.003,0,0,0,6.0,2.0,5.0,0.3333333333333333,0.0,0.0,0.0,0.0,0.0,0.02,0.0,0.01,0.0,0.0,0.0,0.0,0.0,0.0,False,10
RBP7,0.003,0,0,0,6.0,3.0,5.0,1.0,0.0,0.0,0.0,0.0,0.0,0.0,0.0,0.0,0.01,0.01,0.01,0.0,0.0,0.0,False,10
BICD1,0.003,0,0,0,6.0,3.0,5.333333333333333,0.6666666666666666,0.0,0.01,0.02,0.0,0.0,0.0,0.0,0.0,0.0,0.0,0.0,0.0,0.0,0.0,False,10
CATSPER1,0.003,0,0,0,6.0,3.0,5.333333333333333,1.0,0.0,0.0,0.0,0.03,0.0,0.0,0.0,0.0,0.0,0.0,0.0,0.0,0.02,0.0,False,10
LIG1,0.003,0,0,0,4.0,2.0,5.333333333333333,1.0,0.0,0.0,0.0,0.0,0.0,0.0,0.0,0.02,0.01,0.0,0.0,0.0,0.0,0.0,False,10
PKM,0.003,0,0,0,5.0,3.0,5.333333333333333,1.0,0.0,0.0,0.0,0.0,0.0,0.0,0.0,0.01,0.02,0.0,0.0,0.0,0.0,0.0,False,10
ZNF541,0.003,0,0,0,5.0,3.0,5.333333333333333,0.3333333333333333,0.0,0.0,0.0,0.0,0.0,0.03,0.0,0.0,0.0,0.0,0.0,0.0,0.0,0.0,False,10
PTGDR2,0.003,0,0,0,5.0,2.0,5.666666666666667,,0.0,0.0,0.0,0.03,0.0,0.0,0.0,0.0,0.0,0.0,0.0,0.0,0.0,0.0,False,10
RGS17,0.003,0,0,0,6.0,2.0,5.666666666666667,0.0,0.0,0.03,0.0,0.0,0.0,0.0,0.0,0.0,0.0,0.0,0.0,0.16,0.0,0.0,False,10
SLC30A7,0.003,0,0,0,7.0,3.0,5.666666666666667,0.6666666666666666,0.0,0.0,0.03,0.0,0.0,0.0,0.0,0.0,0.0,0.0,0.0,0.0,0.0,0.0,False,10
LOC100132735,0.003,0,0,0,6.0,3.0,6.0,1.0,0.0,0.0,0.0,0.0,0.0,0.0,0.0,0.01,0.01,0.01,0.0,0.0,0.0,0.0,False,10
LOC100190986,0.003,0,0,0,6.0,4.0,6.0,1.0,0.0,0.0,0.01,0.0,0.0,0.0,0.0,0.01,0.01,0.0,0.0,0.0,0.0,0.0,False,10
PDK4,0.003,0,0,0,8.0,2.0,6.0,0.5,0.01,0.0,0.0,0.0,0.0,0.0,0.0,0.01,0.01,0.0,0.01,0.0,0.0,0.01,False,10
PHEX-AS1,0.003,0,0,0,6.0,4.0,6.0,,0.0,0.0,0.0,0.03,0.0,0.0,0.0,0.0,0.0,0.0,0.0,0.0,0.0,0.0,False,10
ZNF124,0.003,0,0,0,6.0,3.0,6.0,1.0,0.0,0.01,0.02,0.0,0.0,0.0,0.0,0.0,0.0,0.0,0.0,0.0,0.0,0.0,False,10
CCDC27,0.003,0,0,0,9.0,1.0,6.333333333333333,0.0,0.0,0.02,0.01,0.0,0.0,0.0,0.0,0.0,0.0,0.0,0.0,0.0,0.0,0.0,False,10
CDC14A,0.003,0,0,0,7.0,3.0,6.333333333333333,1.0,0.0,0.0,0.02,0.01,0.0,0.0,0.0,0.0,0.0,0.0,0.0,0.0,0.0,0.0,False,10
F2R,0.003,0,0,0,6.0,5.0,6.333333333333333,0.0,0.0,0.0,0.01,0.02,0.0,0.0,0.0,0.0,0.0,0.0,0.0,0.0,0.0,0.0,False,10
GHRH,0.003,0,0,0,5.0,5.0,6.333333333333333,1.0,0.0,0.0,0.0,0.02,0.01,0.0,0.0,0.0,0.0,0.0,0.0,0.0,0.01,0.0,False,10
LOC102723845,0.003,0,0,0,6.0,4.0,6.333333333333333,0.0,0.0,0.02,0.0,0.01,0.0,0.0,0.0,0.0,0.0,0.0,0.0,0.03,0.0,0.0,False,10
LOC339352,0.003,0,0,0,6.0,4.0,6.333333333333333,,0.0,0.0,0.0,0.03,0.0,0.0,0.0,0.0,0.0,0.0,0.0,0.0,0.0,0.0,False,10
WFDC10A,0.003,0,0,0,7.0,2.0,6.333333333333333,1.0,0.0,0.03,0.0,0.0,0.0,0.0,0.0,0.0,0.0,0.0,0.0,0.0,0.0,0.0,False,10
ANXA2P3,0.003,0,0,0,6.0,5.0,6.666666666666667,0.3333333333333333,0.0,0.01,0.01,0.01,0.0,0.0,0.0,0.0,0.0,0.0,0.0,0.01,0.0,0.0,False,10
DCAF8,0.003,0,0,0,6.0,5.0,6.666666666666667,1.0,0.0,0.0,0.0,0.0,0.0,0.0,0.0,0.01,0.01,0.01,0.0,0.0,0.0,0.0,False,10
GPC3,0.003,0,0,0,8.0,2.0,6.666666666666667,0.3333333333333333,0.0,0.0,0.03,0.0,0.0,0.0,0.0,0.0,0.0,0.0,0.0,0.0,0.0,0.0,False,10
LILRA6,0.003,0,0,0,7.0,5.0,6.666666666666667,,0.0,0.0,0.0,0.03,0.0,0.0,0.0,0.0,0.0,0.0,0.0,0.0,0.0,0.0,False,10
LINC00271,0.003,0,0,0,9.0,2.0,6.666666666666667,,0.0,0.0,0.0,0.03,0.0,0.0,0.0,0.0,0.0,0.0,0.0,0.0,0.0,0.0,False,10
AKR1C1,0.003,0,0,0,8.0,4.0,7.0,0.5,0.01,0.0,0.0,0.0,0.0,0.0,0.0,0.01,0.02,0.0,0.0,0.0,0.0,0.01,False,10
HCAR3,0.003,0,0,0,7.0,5.0,7.0,0.3333333333333333,0.0,0.0,0.03,0.0,0.0,0.0,0.0,0.0,0.0,0.0,0.0,0.0,0.0,0.0,False,10
KLHL31,0.003,0,0,0,6.0,5.0,7.0,1.0,0.0,0.0,0.0,0.0,0.0,0.0,0.0,0.03,0.0,0.0,0.0,0.0,0.0,0.0,False,10
LOC90768,0.003,0,0,0,9.0,2.0,7.0,0.0,0.0,0.0,0.0,0.0,0.01,0.0,0.0,0.0,0.02,0.0,0.0,0.0,0.0,0.0,False,10
TMEM246,0.003,0,0,0,7.0,4.0,7.0,0.0,0.0,0.0,0.0,0.0,0.0,0.0,0.03,0.0,0.0,0.0,0.0,0.0,0.01,0.0,False,10
CCL23,0.003,0,0,0,7.0,6.0,7.333333333333333,1.0,0.0,0.0,0.0,0.01,0.02,0.0,0.0,0.0,0.0,0.0,0.0,0.0,0.02,0.0,False,10
DNAH17,0.003,0,0,0,6.0,6.0,7.333333333333333,0.0,0.0,0.02,0.0,0.01,0.0,0.0,0.0,0.0,0.0,0.0,0.0,0.02,0.0,0.0,False,10
GPT2,0.003,0,0,0,7.0,6.0,7.333333333333333,0.6666666666666666,0.0,0.0,0.03,0.0,0.0,0.0,0.0,0.0,0.0,0.0,0.0,0.0,0.0,0.0,False,10
KCTD15,0.003,0,0,0,7.0,6.0,7.333333333333333,0.3333333333333333,0.0,0.0,0.03,0.0,0.0,0.0,0.0,0.0,0.0,0.0,0.0,0.0,0.0,0.0,False,10
LOC158863,0.003,0,0,0,7.0,6.0,7.333333333333333,0.6666666666666666,0.0,0.01,0.02,0.0,0.0,0.0,0.0,0.0,0.0,0.0,0.0,0.0,0.0,0.0,False,10
MLXIPL,0.003,0,0,0,9.0,3.0,7.333333333333333,,0.0,0.0,0.0,0.0,0.0,0.0,0.03,0.0,0.0,0.0,0.0,0.0,0.0,0.0,False,10
PDIA4,0.003,0,0,0,7.0,6.0,7.333333333333333,1.0,0.0,0.0,0.0,0.0,0.0,0.01,0.0,0.01,0.01,0.0,0.0,0.0,0.0,0.0,False,10
C1QTNF6,0.003,0,0,0,9.0,4.0,7.666666666666667,1.0,0.0,0.02,0.0,0.01,0.0,0.0,0.0,0.0,0.0,0.0,0.0,0.0,0.0,0.0,False,10
LOC647115,0.003,0,0,0,8.0,6.0,7.666666666666667,0.25,0.0,0.01,0.01,0.0,0.01,0.0,0.0,0.0,0.0,0.0,0.0,0.0,0.01,0.0,False,10
THAP3,0.003,0,0,0,8.0,6.0,7.666666666666667,0.6666666666666666,0.0,0.01,0.01,0.0,0.0,0.01,0.0,0.0,0.0,0.0,0.0,0.0,0.0,0.0,False,10
AURKA,0.003,0,0,0,9.0,5.0,8.0,1.0,0.0,0.0,0.0,0.0,0.0,0.0,0.0,0.01,0.01,0.0,0.01,0.0,0.0,0.0,False,10
CDCP1,0.003,0,0,0,8.0,6.0,8.0,1.0,0.0,0.0,0.0,0.0,0.0,0.0,0.0,0.02,0.01,0.0,0.0,0.0,0.0,0.0,False,10
RMI1,0.003,0,0,0,9.0,6.0,8.0,0.3333333333333333,0.0,0.0,0.03,0.0,0.0,0.0,0.0,0.0,0.0,0.0,0.0,0.0,0.0,0.0,False,10
ACACB,0.003,0,0,0,9.0,7.0,8.333333333333334,1.0,0.0,0.0,0.0,0.0,0.0,0.0,0.0,0.01,0.02,0.0,0.0,0.0,0.0,0.0,False,10
FAM162B,0.003,0,0,0,10.0,5.0,8.333333333333334,1.0,0.0,0.0,0.0,0.0,0.0,0.0,0.0,0.0,0.01,0.01,0.01,0.0,0.0,0.0,False,10
LOC645321,0.003,0,0,0,9.0,6.0,8.333333333333334,,0.0,0.0,0.0,0.03,0.0,0.0,0.0,0.0,0.0,0.0,0.0,0.0,0.0,0.0,False,10
NMRAL1,0.003,0,0,0,9.0,7.0,8.333333333333334,1.0,0.0,0.0,0.0,0.0,0.0,0.0,0.0,0.02,0.01,0.0,0.0,0.0,0.0,0.0,False,10
POMP,0.003,0,0,0,10.0,5.0,8.333333333333334,0.3333333333333333,0.02,0.0,0.0,0.01,0.0,0.0,0.0,0.01,0.01,0.0,0.0,0.0,0.0,0.02,False,10
RILP,0.003,0,0,0,9.0,7.0,8.333333333333334,0.3333333333333333,0.0,0.0,0.03,0.0,0.0,0.0,0.0,0.0,0.0,0.0,0.0,0.0,0.0,0.0,False,10
CHERP,0.003,0,0,0,8.0,8.0,8.666666666666666,1.0,0.0,0.0,0.0,0.0,0.0,0.0,0.0,0.01,0.02,0.0,0.0,0.0,0.0,0.0,False,10
LOC728061,0.003,0,0,0,9.0,8.0,8.666666666666666,1.0,0.0,0.0,0.03,0.0,0.0,0.0,0.0,0.0,0.0,0.0,0.0,0.0,0.0,0.0,False,10
MSTN,0.003,0,0,0,8.0,8.0,8.666666666666666,,0.0,0.0,0.0,0.03,0.0,0.0,0.0,0.0,0.0,0.0,0.0,0.0,0.0,0.0,False,10
SLC25A51,0.003,0,0,0,8.0,8.0,8.666666666666666,0.0,0.0,0.0,0.02,0.0,0.0,0.01,0.0,0.0,0.0,0.0,0.0,0.0,0.0,0.0,False,10
ZNF92,0.003,0,0,0,10.0,6.0,8.666666666666666,0.0,0.0,0.0,0.01,0.02,0.0,0.0,0.0,0.0,0.0,0.0,0.0,0.0,0.0,0.0,False,10
LOC100289361,0.003,0,0,0,9.0,8.0,9.0,1.0,0.0,0.0,0.0,0.0,0.0,0.03,0.0,0.0,0.0,0.0,0.0,0.0,0.0,0.0,False,10
DACT2,0.003,0,0,0,9.0,9.0,9.333333333333334,0.0,0.0,0.02,0.0,0.01,0.0,0.0,0.0,0.0,0.0,0.0,0.0,0.03,0.0,0.0,False,10
TBCD,0.003,0,0,0,9.0,9.0,9.333333333333334,1.0,0.0,0.0,0.0,0.0,0.0,0.0,0.0,0.01,0.0,0.01,0.01,0.0,0.0,0.0,False,10
LOC401052,0.003,0,0,0,10.0,9.0,9.666666666666666,0.6666666666666666,0.0,0.0,0.01,0.0,0.0,0.01,0.0,0.01,0.0,0.0,0.0,0.0,0.0,0.0,False,10
CLDN5,0.003,0,0,0,10.0,10.0,10.0,1.0,0.0,0.0,0.0,0.0,0.0,0.0,0.0,0.01,0.02,0.0,0.0,0.0,0.0,0.0,False,10
TNMD,0.003,0,0,0,10.0,10.0,10.0,0.5,0.0,0.01,0.0,0.0,0.0,0.0,0.0,0.01,0.01,0.0,0.0,0.0,0.0,0.0,False,10
FABP5,0.002,0,0,0,1.0,1.0,1.0,1.0,0.0,0.0,0.0,0.0,0.0,0.0,0.0,0.01,0.01,0.0,0.0,0.0,0.0,0.0,False,10
KIAA1217,0.002,0,0,0,1.0,1.0,1.0,,0.0,0.0,0.0,0.02,0.0,0.0,0.0,0.0,0.0,0.0,0.0,0.0,0.0,0.0,False,10
APOBEC3B,0.002,0,0,0,1.5,1.0,1.5,1.0,0.0,0.01,0.01,0.0,0.0,0.0,0.0,0.0,0.0,0.0,0.0,0.0,0.0,0.0,False,10
AZGP1P1,0.002,0,0,0,1.5,1.0,1.5,1.0,0.0,0.02,0.0,0.0,0.0,0.0,0.0,0.0,0.0,0.0,0.0,0.0,0.0,0.0,False,10
KRT8P12,0.002,0,0,0,1.5,1.0,1.5,0.5,0.0,0.01,0.01,0.0,0.0,0.0,0.0,0.0,0.0,0.0,0.0,0.0,0.0,0.0,False,10
PDCD6,0.002,0,0,0,1.5,1.0,1.5,1.0,0.0,0.0,0.0,0.0,0.0,0.0,0.0,0.01,0.01,0.0,0.0,0.0,0.0,0.0,False,10
RASL10A,0.002,0,0,0,1.5,1.0,1.5,0.5,0.0,0.01,0.01,0.0,0.0,0.0,0.0,0.0,0.0,0.0,0.0,0.0,0.0,0.0,False,10
ADH5,0.002,0,0,0,2.0,2.0,2.0,1.0,0.0,0.0,0.0,0.0,0.0,0.0,0.0,0.0,0.0,0.01,0.01,0.0,0.0,0.0,False,10
BGN,0.002,0,0,0,2.0,1.0,2.0,0.5,0.0,0.01,0.01,0.0,0.0,0.0,0.0,0.0,0.0,0.0,0.0,0.0,0.0,0.0,False,10
FRAS1,0.002,0,0,0,2.0,1.0,2.0,0.5,0.0,0.01,0.01,0.0,0.0,0.0,0.0,0.0,0.0,0.0,0.0,0.0,0.0,0.0,False,10
FRMD8,0.002,0,0,0,2.0,1.0,2.0,1.0,0.0,0.0,0.0,0.0,0.0,0.0,0.0,0.01,0.01,0.0,0.0,0.0,0.0,0.0,False,10
GALNT3,0.002,0,0,0,2.0,1.0,2.0,0.5,0.0,0.01,0.01,0.0,0.0,0.0,0.0,0.0,0.0,0.0,0.0,0.0,0.0,0.0,False,10
GLRA3,0.002,0,0,0,2.0,1.0,2.0,0.0,0.0,0.02,0.0,0.0,0.0,0.0,0.0,0.0,0.0,0.0,0.0,0.0,0.0,0.0,False,10
ILF3,0.002,0,0,0,2.0,2.0,2.0,1.0,0.0,0.0,0.0,0.0,0.0,0.0,0.0,0.01,0.01,0.0,0.0,0.0,0.0,0.0,False,10
LACE1,0.002,0,0,0,2.0,1.0,2.0,0.0,0.0,0.01,0.01,0.0,0.0,0.0,0.0,0.0,0.0,0.0,0.0,0.0,0.0,0.0,False,10
LAMP5,0.002,0,0,0,2.0,1.0,2.0,0.5,0.0,0.0,0.0,0.0,0.0,0.02,0.0,0.0,0.0,0.0,0.0,0.0,0.0,0.0,False,10
LINC00310,0.002,0,0,0,2.0,2.0,2.0,1.0,0.0,0.0,0.0,0.0,0.0,0.0,0.0,0.01,0.01,0.0,0.0,0.0,0.0,0.0,False,10
LRRK1,0.002,0,0,0,2.0,1.0,2.0,1.0,0.0,0.01,0.01,0.0,0.0,0.0,0.0,0.0,0.0,0.0,0.0,0.0,0.0,0.0,False,10
TRIM72,0.002,0,0,0,2.0,1.0,2.0,1.0,0.0,0.01,0.0,0.01,0.0,0.0,0.0,0.0,0.0,0.0,0.0,0.0,0.0,0.0,False,10
CYP4B1,0.002,0,0,0,2.5,1.0,2.5,1.0,0.0,0.0,0.02,0.0,0.0,0.0,0.0,0.0,0.0,0.0,0.0,0.0,0.0,0.0,False,10
DTX1,0.002,0,0,0,2.5,2.0,2.5,1.0,0.0,0.0,0.0,0.0,0.0,0.0,0.0,0.01,0.01,0.0,0.0,0.0,0.0,0.0,False,10
KIAA1549,0.002,0,0,0,2.5,2.0,2.5,1.0,0.0,0.0,0.0,0.0,0.0,0.0,0.0,0.01,0.01,0.0,0.0,0.0,0.0,0.0,False,10
AVPI1,0.002,0,0,0,3.0,3.0,3.0,1.0,0.0,0.0,0.0,0.0,0.0,0.0,0.0,0.0,0.0,0.01,0.01,0.0,0.0,0.0,False,10
CCL28,0.002,0,0,0,3.0,2.0,3.0,0.5,0.0,0.01,0.01,0.0,0.0,0.0,0.0,0.0,0.0,0.0,0.0,0.0,0.0,0.0,False,10
SLC44A5,0.002,0,0,0,3.0,3.0,3.0,0.5,0.0,0.01,0.01,0.0,0.0,0.0,0.0,0.0,0.0,0.0,0.0,0.0,0.0,0.0,False,10
MBNL1,0.002,0,0,0,3.5,3.0,3.5,1.0,0.0,0.0,0.0,0.0,0.0,0.0,0.0,0.01,0.01,0.0,0.0,0.0,0.0,0.0,False,10
MT1M,0.002,0,0,0,3.5,3.0,3.5,1.0,0.0,0.0,0.01,0.0,0.0,0.0,0.0,0.0,0.01,0.0,0.0,0.0,0.0,0.0,False,10
OLR1,0.002,0,0,0,3.5,2.0,3.5,,0.0,0.0,0.0,0.02,0.0,0.0,0.0,0.0,0.0,0.0,0.0,0.0,0.0,0.0,False,10
PAK5,0.002,0,0,0,3.5,2.0,3.5,0.0,0.0,0.02,0.0,0.0,0.0,0.0,0.0,0.0,0.0,0.0,0.0,0.0,0.0,0.0,False,10
ARHGAP24,0.002,0,0,0,4.0,4.0,4.0,1.0,0.0,0.0,0.0,0.0,0.0,0.0,0.0,0.0,0.0,0.01,0.01,0.0,0.0,0.0,False,10
C19orf33,0.002,0,0,0,4.0,3.0,4.0,0.5,0.0,0.0,0.02,0.0,0.0,0.0,0.0,0.0,0.0,0.0,0.0,0.0,0.0,0.0,False,10
HERC2P7,0.002,0,0,0,4.0,3.0,4.0,1.0,0.0,0.0,0.02,0.0,0.0,0.0,0.0,0.0,0.0,0.0,0.0,0.0,0.0,0.0,False,10
HSPB2,0.002,0,0,0,4.0,2.0,4.0,1.0,0.0,0.0,0.0,0.0,0.0,0.0,0.0,0.01,0.01,0.0,0.0,0.0,0.0,0.0,False,10
LCE2B,0.002,0,0,0,4.0,1.0,4.0,0.0,0.0,0.02,0.0,0.0,0.0,0.0,0.0,0.0,0.0,0.0,0.0,0.0,0.0,0.0,False,10
MSX2,0.002,0,0,0,4.0,1.0,4.0,0.5,0.0,0.0,0.01,0.0,0.0,0.01,0.0,0.0,0.0,0.0,0.0,0.0,0.0,0.0,False,10
PTHLH,0.002,0,0,0,4.0,4.0,4.0,0.0,0.0,0.02,0.0,0.0,0.0,0.0,0.0,0.0,0.0,0.0,0.0,0.01,0.0,0.0,False,10
RANGAP1,0.002,0,0,0,4.0,4.0,4.0,1.0,0.0,0.0,0.0,0.0,0.0,0.0,0.0,0.01,0.01,0.0,0.0,0.0,0.0,0.0,False,10
RFX6,0.002,0,0,0,4.0,2.0,4.0,1.0,0.0,0.01,0.0,0.01,0.0,0.0,0.0,0.0,0.0,0.0,0.0,0.0,0.0,0.0,False,10
SULF2,0.002,0,0,0,4.0,3.0,4.0,0.0,0.0,0.0,0.02,0.0,0.0,0.0,0.0,0.0,0.0,0.0,0.0,0.0,0.0,0.0,False,10
APOLD1,0.002,0,0,0,4.5,2.0,4.5,1.0,0.0,0.0,0.0,0.0,0.0,0.0,0.0,0.01,0.01,0.0,0.0,0.0,0.0,0.0,False,10
FOXF1,0.002,0,0,0,4.5,1.0,4.5,,0.0,0.0,0.0,0.02,0.0,0.0,0.0,0.0,0.0,0.0,0.0,0.0,0.0,0.0,False,10
FZD2,0.002,0,0,0,4.5,2.0,4.5,0.0,0.0,0.0,0.01,0.01,0.0,0.0,0.0,0.0,0.0,0.0,0.0,0.0,0.0,0.0,False,10
GPHA2,0.002,0,0,0,4.5,4.0,4.5,0.0,0.0,0.02,0.0,0.0,0.0,0.0,0.0,0.0,0.0,0.0,0.0,0.01,0.0,0.0,False,10
LOC105378577,0.002,0,0,0,4.5,4.0,4.5,0.5,0.0,0.01,0.01,0.0,0.0,0.0,0.0,0.0,0.0,0.0,0.0,0.0,0.0,0.0,False,10
MATR3,0.002,0,0,0,4.5,2.0,4.5,1.0,0.0,0.01,0.01,0.0,0.0,0.0,0.0,0.0,0.0,0.0,0.0,0.0,0.0,0.0,False,10
MTUS2,0.002,0,0,0,4.5,2.0,4.5,1.0,0.0,0.0,0.0,0.02,0.0,0.0,0.0,0.0,0.0,0.0,0.0,0.0,0.01,0.0,False,10
MYO18B,0.002,0,0,0,4.5,4.0,4.5,0.0,0.0,0.01,0.0,0.01,0.0,0.0,0.0,0.0,0.0,0.0,0.0,0.0,0.0,0.0,False,10
NNMT,0.002,0,0,0,4.5,4.0,4.5,0.5,0.0,0.0,0.02,0.0,0.0,0.0,0.0,0.0,0.0,0.0,0.0,0.0,0.0,0.0,False,10
PDE1C,0.002,0,0,0,4.5,2.0,4.5,1.0,0.0,0.01,0.0,0.01,0.0,0.0,0.0,0.0,0.0,0.0,0.0,0.0,0.0,0.0,False,10
SERTAD4,0.002,0,0,0,4.5,2.0,4.5,0.5,0.0,0.0,0.02,0.0,0.0,0.0,0.0,0.0,0.0,0.0,0.0,0.0,0.0,0.0,False,10
ZNF624,0.002,0,0,0,4.5,4.0,4.5,0.0,0.0,0.01,0.01,0.0,0.0,0.0,0.0,0.0,0.0,0.0,0.0,0.0,0.0,0.0,False,10
ARHGAP20,0.002,0,0,0,5.0,1.0,5.0,1.0,0.0,0.0,0.0,0.0,0.0,0.0,0.0,0.01,0.01,0.0,0.0,0.0,0.0,0.0,False,10
ATP13A4-AS1,0.002,0,0,0,5.0,5.0,5.0,0.0,0.0,0.02,0.0,0.0,0.0,0.0,0.0,0.0,0.0,0.0,0.0,0.06,0.0,0.0,False,10
BTNL2,0.002,0,0,0,5.0,5.0,5.0,0.0,0.0,0.02,0.0,0.0,0.0,0.0,0.0,0.0,0.0,0.0,0.0,0.0,0.0,0.0,False,10
FBXL16,0.002,0,0,0,5.0,4.0,5.0,1.0,0.32,0.0,0.0,0.0,0.0,0.0,0.0,0.0,0.02,0.0,0.0,0.0,0.0,0.32,False,10
GFAP,0.002,0,0,0,5.0,3.0,5.0,0.0,0.0,0.02,0.0,0.0,0.0,0.0,0.0,0.0,0.0,0.0,0.0,0.02,0.0,0.0,False,10
HPS3,0.002,0,0,0,5.0,2.0,5.0,0.5,0.0,0.01,0.01,0.0,0.0,0.0,0.0,0.0,0.0,0.0,0.0,0.0,0.0,0.0,False,10
LCNL1,0.002,0,0,0,5.0,5.0,5.0,0.0,0.0,0.02,0.0,0.0,0.0,0.0,0.0,0.0,0.0,0.0,0.0,0.0,0.0,0.0,False,10
LIG3,0.002,0,0,0,5.0,3.0,5.0,0.0,0.0,0.0,0.02,0.0,0.0,0.0,0.0,0.0,0.0,0.0,0.0,0.0,0.0,0.0,False,10
MELK,0.002,0,0,0,5.0,3.0,5.0,1.0,0.0,0.0,0.0,0.0,0.0,0.0,0.0,0.01,0.01,0.0,0.0,0.0,0.0,0.0,False,10
MMEL1,0.002,0,0,0,5.0,4.0,5.0,0.0,0.0,0.0,0.02,0.0,0.0,0.0,0.0,0.0,0.0,0.0,0.0,0.0,0.0,0.0,False,10
ST8SIA2,0.002,0,0,0,5.0,5.0,5.0,1.0,0.0,0.02,0.0,0.0,0.0,0.0,0.0,0.0,0.0,0.0,0.0,0.0,0.0,0.0,False,10
FAM169B,0.002,0,0,0,5.5,1.0,5.5,,0.0,0.0,0.0,0.02,0.0,0.0,0.0,0.0,0.0,0.0,0.0,0.0,0.0,0.0,False,10
KDM5B,0.002,0,0,0,5.5,3.0,5.5,1.0,0.0,0.0,0.0,0.0,0.0,0.0,0.0,0.01,0.01,0.0,0.0,0.0,0.0,0.0,False,10
MYT1L,0.002,0,0,0,5.5,5.0,5.5,0.0,0.0,0.02,0.0,0.0,0.0,0.0,0.0,0.0,0.0,0.0,0.0,0.0,0.0,0.0,False,10
PELI2,0.002,0,0,0,5.5,2.0,5.5,0.5,0.0,0.0,0.02,0.0,0.0,0.0,0.0,0.0,0.0,0.0,0.0,0.0,0.0,0.0,False,10
PGBD2,0.002,0,0,0,5.5,5.0,5.5,1.0,0.0,0.01,0.01,0.0,0.0,0.0,0.0,0.0,0.0,0.0,0.0,0.0,0.0,0.0,False,10
PRKAR2B,0.002,0,0,0,5.5,4.0,5.5,0.0,0.0,0.01,0.01,0.0,0.0,0.0,0.0,0.0,0.0,0.0,0.0,0.0,0.0,0.0,False,10
RAB15,0.002,0,0,0,5.5,5.0,5.5,1.0,0.0,0.0,0.0,0.0,0.0,0.0,0.0,0.01,0.01,0.0,0.0,0.0,0.0,0.0,False,10
C4orf19,0.002,0,0,0,6.0,4.0,6.0,0.0,0.0,0.0,0.0,0.0,0.0,0.02,0.0,0.0,0.0,0.0,0.0,0.0,0.0,0.0,False,10
CLMP,0.002,0,0,0,6.0,5.0,6.0,1.0,0.0,0.0,0.0,0.0,0.0,0.0,0.0,0.01,0.01,0.0,0.0,0.0,0.0,0.0,False,10
IGFBP2,0.002,0,0,0,6.0,6.0,6.0,1.0,0.0,0.0,0.02,0.0,0.0,0.0,0.0,0.0,0.0,0.0,0.0,0.0,0.0,0.0,False,10
KRT19,0.002,0,0,0,6.0,4.0,6.0,1.0,0.0,0.0,0.0,0.0,0.0,0.0,0.0,0.01,0.01,0.0,0.0,0.0,0.0,0.0,False,10
MUC17,0.002,0,0,0,6.0,4.0,6.0,1.0,0.0,0.01,0.0,0.01,0.0,0.0,0.0,0.0,0.0,0.0,0.0,0.0,0.0,0.0,False,10
NOVA1,0.002,0,0,0,6.0,3.0,6.0,1.0,0.0,0.0,0.02,0.0,0.0,0.0,0.0,0.0,0.0,0.0,0.0,0.0,0.0,0.0,False,10
PDE11A,0.002,0,0,0,6.0,4.0,6.0,0.0,0.0,0.0,0.0,0.0,0.01,0.0,0.01,0.0,0.0,0.0,0.0,0.0,0.01,0.0,False,10
ATAD3A,0.002,0,0,0,6.5,5.0,6.5,1.0,0.0,0.0,0.0,0.0,0.0,0.0,0.0,0.01,0.01,0.0,0.0,0.0,0.0,0.0,False,10
CLK2,0.002,0,0,0,6.5,6.0,6.5,1.0,0.0,0.0,0.0,0.0,0.0,0.0,0.0,0.0,0.0,0.01,0.01,0.0,0.0,0.0,False,10
LOXL3,0.002,0,0,0,6.5,4.0,6.5,0.5,0.0,0.0,0.02,0.0,0.0,0.0,0.0,0.0,0.0,0.0,0.0,0.0,0.0,0.0,False,10
PALM,0.002,0,0,0,6.5,4.0,6.5,0.0,0.0,0.0,0.0,0.0,0.01,0.01,0.0,0.0,0.0,0.0,0.0,0.0,0.0,0.0,False,10
TMEM190,0.002,0,0,0,6.5,3.0,6.5,,0.0,0.0,0.0,0.02,0.0,0.0,0.0,0.0,0.0,0.0,0.0,0.0,0.0,0.0,False,10
TPMT,0.002,0,0,0,6.5,5.0,6.5,1.0,0.0,0.01,0.01,0.0,0.0,0.0,0.0,0.0,0.0,0.0,0.0,0.0,0.0,0.0,False,10
ATG16L1,0.002,0,0,0,7.0,6.0,7.0,1.0,0.0,0.0,0.02,0.0,0.0,0.0,0.0,0.0,0.0,0.0,0.0,0.0,0.0,0.0,False,10
EPB41L1,0.002,0,0,0,7.0,6.0,7.0,1.0,0.0,0.0,0.0,0.01,0.0,0.01,0.0,0.0,0.0,0.0,0.0,0.0,0.0,0.0,False,10
KIAA1107,0.002,0,0,0,7.0,5.0,7.0,1.0,0.0,0.0,0.01,0.0,0.0,0.01,0.0,0.0,0.0,0.0,0.0,0.0,0.0,0.0,False,10
LINC00354,0.002,0,0,0,7.0,4.0,7.0,,0.0,0.0,0.0,0.02,0.0,0.0,0.0,0.0,0.0,0.0,0.0,0.0,0.0,0.0,False,10
LOC105370424,0.002,0,0,0,7.0,6.0,7.0,0.0,0.0,0.02,0.0,0.0,0.0,0.0,0.0,0.0,0.0,0.0,0.0,0.0,0.0,0.0,False,10
LOC153577,0.002,0,0,0,7.0,5.0,7.0,,0.0,0.0,0.0,0.02,0.0,0.0,0.0,0.0,0.0,0.0,0.0,0.0,0.0,0.0,False,10
LOC643355,0.002,0,0,0,7.0,5.0,7.0,,0.0,0.0,0.0,0.02,0.0,0.0,0.0,0.0,0.0,0.0,0.0,0.0,0.0,0.0,False,10
MAP3K1,0.002,0,0,0,7.0,6.0,7.0,,0.0,0.0,0.0,0.02,0.0,0.0,0.0,0.0,0.0,0.0,0.0,0.0,0.0,0.0,False,10
NAT8L,0.002,0,0,0,7.0,7.0,7.0,0.0,0.0,0.01,0.01,0.0,0.0,0.0,0.0,0.0,0.0,0.0,0.0,0.0,0.0,0.0,False,10
SCARF2,0.002,0,0,0,7.0,4.0,7.0,,0.0,0.0,0.0,0.02,0.0,0.0,0.0,0.0,0.0,0.0,0.0,0.0,0.0,0.0,False,10
TAT,0.002,0,0,0,7.0,5.0,7.0,0.5,0.0,0.0,0.0,0.0,0.0,0.02,0.0,0.0,0.0,0.0,0.0,0.0,0.0,0.0,False,10
TMEM221,0.002,0,0,0,7.0,4.0,7.0,0.0,0.0,0.02,0.0,0.0,0.0,0.0,0.0,0.0,0.0,0.0,0.0,0.0,0.0,0.0,False,10
TRIM14,0.002,0,0,0,7.0,6.0,7.0,0.0,0.0,0.0,0.02,0.0,0.0,0.0,0.0,0.0,0.0,0.0,0.0,0.0,0.0,0.0,False,10
TRIM40,0.002,0,0,0,7.0,7.0,7.0,0.0,0.0,0.01,0.0,0.01,0.0,0.0,0.0,0.0,0.0,0.0,0.0,0.0,0.0,0.0,False,10
VIM,0.002,0,0,0,7.0,6.0,7.0,1.0,0.0,0.0,0.0,0.0,0.0,0.0,0.0,0.01,0.01,0.0,0.0,0.0,0.0,0.0,False,10
WWC3,0.002,0,0,0,7.0,6.0,7.0,0.0,0.0,0.0,0.02,0.0,0.0,0.0,0.0,0.0,0.0,0.0,0.0,0.0,0.0,0.0,False,10
A2M-AS1,0.002,0,0,0,7.5,7.0,7.5,0.0,0.0,0.0,0.01,0.0,0.0,0.01,0.0,0.0,0.0,0.0,0.0,0.0,0.0,0.0,False,10
C1orf116,0.002,0,0,0,7.5,6.0,7.5,0.5,0.0,0.0,0.02,0.0,0.0,0.0,0.0,0.0,0.0,0.0,0.0,0.0,0.0,0.0,False,10
EEF1AKMT1,0.002,0,0,0,7.5,7.0,7.5,1.0,0.0,0.0,0.01,0.01,0.0,0.0,0.0,0.0,0.0,0.0,0.0,0.0,0.0,0.0,False,10
GDF10,0.002,0,0,0,7.5,6.0,7.5,0.0,0.0,0.0,0.0,0.0,0.01,0.0,0.01,0.0,0.0,0.0,0.0,0.0,0.01,0.0,False,10
HGFAC,0.002,0,0,0,7.5,7.0,7.5,,0.0,0.0,0.0,0.02,0.0,0.0,0.0,0.0,0.0,0.0,0.0,0.0,0.0,0.0,False,10
LINC00616,0.002,0,0,0,7.5,7.0,7.5,0.0,0.0,0.02,0.0,0.0,0.0,0.0,0.0,0.0,0.0,0.0,0.0,0.0,0.0,0.0,False,10
PDK2,0.002,0,0,0,7.5,5.0,7.5,0.5,0.0,0.0,0.02,0.0,0.0,0.0,0.0,0.0,0.0,0.0,0.0,0.0,0.0,0.0,False,10
PILRA,0.002,0,0,0,7.5,5.0,7.5,,0.0,0.0,0.0,0.02,0.0,0.0,0.0,0.0,0.0,0.0,0.0,0.0,0.0,0.0,False,10
PTPA,0.002,0,0,0,7.5,7.0,7.5,1.0,0.0,0.0,0.0,0.0,0.0,0.0,0.0,0.01,0.01,0.0,0.0,0.0,0.0,0.0,False,10
RASSF6,0.002,0,0,0,7.5,7.0,7.5,0.0,0.0,0.0,0.0,0.01,0.0,0.01,0.0,0.0,0.0,0.0,0.0,0.0,0.0,0.0,False,10
SPATA13,0.002,0,0,0,7.5,5.0,7.5,0.0,0.0,0.0,0.0,0.0,0.0,0.02,0.0,0.0,0.0,0.0,0.0,0.0,0.0,0.0,False,10
XYLT2,0.002,0,0,0,7.5,6.0,7.5,1.0,0.0,0.0,0.0,0.0,0.0,0.0,0.0,0.01,0.01,0.0,0.0,0.0,0.0,0.0,False,10
ZNF544,0.002,0,0,0,7.5,6.0,7.5,1.0,0.0,0.0,0.0,0.0,0.0,0.0,0.0,0.02,0.0,0.0,0.0,0.0,0.0,0.0,False,10
ZNF555,0.002,0,0,0,7.5,5.0,7.5,0.0,0.0,0.0,0.01,0.01,0.0,0.0,0.0,0.0,0.0,0.0,0.0,0.0,0.0,0.0,False,10
AP1G2,0.002,0,0,0,8.0,8.0,8.0,1.0,0.0,0.0,0.0,0.0,0.0,0.0,0.0,0.0,0.0,0.01,0.01,0.0,0.0,0.0,False,10
APOF,0.002,0,0,0,8.0,7.0,8.0,1.0,0.0,0.0,0.0,0.01,0.01,0.0,0.0,0.0,0.0,0.0,0.0,0.0,0.0,0.0,False,10
C17orf77,0.002,0,0,0,8.0,6.0,8.0,,0.0,0.0,0.0,0.02,0.0,0.0,0.0,0.0,0.0,0.0,0.0,0.0,0.0,0.0,False,10
HK1,0.002,0,0,0,8.0,7.0,8.0,1.0,0.0,0.0,0.0,0.0,0.0,0.0,0.0,0.01,0.01,0.0,0.0,0.0,0.0,0.0,False,10
IQCH,0.002,0,0,0,8.0,8.0,8.0,,0.0,0.0,0.0,0.02,0.0,0.0,0.0,0.0,0.0,0.0,0.0,0.0,0.0,0.0,False,10
KLRC3,0.002,0,0,0,8.0,8.0,8.0,1.0,0.0,0.02,0.0,0.0,0.0,0.0,0.0,0.0,0.0,0.0,0.0,0.0,0.0,0.0,False,10
NCAPG,0.002,0,0,0,8.0,8.0,8.0,1.0,0.0,0.0,0.0,0.0,0.0,0.0,0.0,0.01,0.01,0.0,0.0,0.0,0.0,0.0,False,10
STARD6,0.002,0,0,0,8.0,7.0,8.0,0.0,0.0,0.01,0.0,0.01,0.0,0.0,0.0,0.0,0.0,0.0,0.0,0.01,0.0,0.0,False,10
TOP2A,0.002,0,0,0,8.0,6.0,8.0,1.0,0.06,0.0,0.0,0.0,0.0,0.0,0.0,0.02,0.0,0.0,0.0,0.0,0.0,0.06,False,10
BAIAP2L1,0.002,0,0,0,8.5,7.0,8.5,1.0,0.03,0.0,0.0,0.0,0.0,0.0,0.0,0.0,0.01,0.01,0.0,0.0,0.0,0.03,False,10
BHMT2,0.002,0,0,0,8.5,7.0,8.5,0.5,0.0,0.0,0.0,0.0,0.0,0.0,0.01,0.01,0.0,0.0,0.0,0.0,0.01,0.0,False,10
FREM1,0.002,0,0,0,8.5,8.0,8.5,1.0,0.0,0.0,0.0,0.0,0.0,0.0,0.0,0.01,0.01,0.0,0.0,0.0,0.0,0.0,False,10
GAS5,0.002,0,0,0,8.5,8.0,8.5,,0.0,0.0,0.0,0.02,0.0,0.0,0.0,0.0,0.0,0.0,0.0,0.0,0.0,0.0,False,10
GSTM5,0.002,0,0,0,8.5,8.0,8.5,0.0,0.0,0.02,0.0,0.0,0.0,0.0,0.0,0.0,0.0,0.0,0.0,0.01,0.0,0.0,False,10
LOC100131532,0.002,0,0,0,8.5,8.0,8.5,,0.0,0.0,0.0,0.02,0.0,0.0,0.0,0.0,0.0,0.0,0.0,0.0,0.0,0.0,False,10
ODF3L1,0.002,0,0,0,8.5,8.0,8.5,0.0,0.0,0.02,0.0,0.0,0.0,0.0,0.0,0.0,0.0,0.0,0.0,0.01,0.0,0.0,False,10
SNRNP70,0.002,0,0,0,8.5,8.0,8.5,1.0,0.0,0.0,0.0,0.0,0.0,0.0,0.0,0.01,0.01,0.0,0.0,0.0,0.0,0.0,False,10
SOWAHA,0.002,0,0,0,8.5,7.0,8.5,,0.0,0.0,0.0,0.02,0.0,0.0,0.0,0.0,0.0,0.0,0.0,0.0,0.0,0.0,False,10
ST6GAL2,0.002,0,0,0,8.5,8.0,8.5,0.5,0.0,0.0,0.02,0.0,0.0,0.0,0.0,0.0,0.0,0.0,0.0,0.0,0.0,0.0,False,10
TSPAN11,0.002,0,0,0,8.5,7.0,8.5,,0.0,0.0,0.0,0.02,0.0,0.0,0.0,0.0,0.0,0.0,0.0,0.0,0.0,0.0,False,10
ACO1,0.002,0,0,0,9.0,9.0,9.0,1.0,0.0,0.0,0.0,0.0,0.0,0.0,0.0,0.01,0.01,0.0,0.0,0.0,0.0,0.0,False,10
AMIGO1,0.002,0,0,0,9.0,8.0,9.0,1.0,0.0,0.0,0.01,0.01,0.0,0.0,0.0,0.0,0.0,0.0,0.0,0.0,0.0,0.0,False,10
ARHGEF33,0.002,0,0,0,9.0,8.0,9.0,0.0,0.0,0.02,0.0,0.0,0.0,0.0,0.0,0.0,0.0,0.0,0.0,0.0,0.0,0.0,False,10
DLX1,0.002,0,0,0,9.0,9.0,9.0,,0.0,0.0,0.0,0.02,0.0,0.0,0.0,0.0,0.0,0.0,0.0,0.0,0.0,0.0,False,10
EBF3,0.002,0,0,0,9.0,8.0,9.0,1.0,0.0,0.0,0.0,0.0,0.0,0.0,0.0,0.02,0.0,0.0,0.0,0.0,0.0,0.0,False,10
IFNA10,0.002,0,0,0,9.0,9.0,9.0,0.0,0.0,0.02,0.0,0.0,0.0,0.0,0.0,0.0,0.0,0.0,0.0,0.0,0.0,0.0,False,10
PSD4,0.002,0,0,0,9.0,8.0,9.0,1.0,0.0,0.0,0.0,0.0,0.0,0.0,0.0,0.0,0.0,0.01,0.01,0.0,0.0,0.0,False,10
SPINT2,0.002,0,0,0,9.0,8.0,9.0,1.0,0.0,0.0,0.0,0.0,0.0,0.0,0.0,0.01,0.01,0.0,0.0,0.0,0.0,0.0,False,10
USP2,0.002,0,0,0,9.0,8.0,9.0,,0.0,0.0,0.0,0.02,0.0,0.0,0.0,0.0,0.0,0.0,0.0,0.0,0.0,0.0,False,10
CNRIP1,0.002,0,0,0,9.5,9.0,9.5,0.6666666666666666,0.01,0.0,0.0,0.0,0.0,0.0,0.0,0.02,0.0,0.0,0.0,0.0,0.0,0.01,False,10
CORO2B,0.002,0,0,0,9.5,9.0,9.5,,0.0,0.0,0.0,0.0,0.0,0.0,0.02,0.0,0.0,0.0,0.0,0.0,0.0,0.0,False,10
HELLS,0.002,0,0,0,9.5,9.0,9.5,1.0,0.0,0.0,0.0,0.0,0.0,0.0,0.0,0.01,0.01,0.0,0.0,0.0,0.0,0.0,False,10
NKX6-1,0.002,0,0,0,9.5,9.0,9.5,1.0,0.0,0.0,0.0,0.02,0.0,0.0,0.0,0.0,0.0,0.0,0.0,0.0,0.01,0.0,False,10
ZNF562,0.002,0,0,0,9.5,9.0,9.5,1.0,0.0,0.0,0.02,0.0,0.0,0.0,0.0,0.0,0.0,0.0,0.0,0.0,0.0,0.0,False,10
ZNF587,0.002,0,0,0,9.5,9.0,9.5,1.0,0.0,0.0,0.0,0.0,0.0,0.0,0.0,0.01,0.01,0.0,0.0,0.0,0.0,0.0,False,10
CCNB1,0.002,0,0,0,10.0,10.0,10.0,1.0,0.0,0.0,0.0,0.0,0.0,0.0,0.0,0.01,0.01,0.0,0.0,0.0,0.0,0.0,False,10
LOC254028,0.002,0,0,0,10.0,10.0,10.0,0.0,0.0,0.02,0.0,0.0,0.0,0.0,0.0,0.0,0.0,0.0,0.0,0.0,0.0,0.0,False,10
PRG4,0.002,0,0,0,10.0,10.0,10.0,0.0,0.0,0.01,0.0,0.01,0.0,0.0,0.0,0.0,0.0,0.0,0.0,0.01,0.0,0.0,False,10
SQLE,0.002,0,0,0,10.0,10.0,10.0,1.0,0.0,0.0,0.0,0.0,0.0,0.0,0.0,0.01,0.01,0.0,0.0,0.0,0.0,0.0,False,10
AK6,0.001,0,0,0,1.0,1.0,1.0,,0.0,0.0,0.0,0.01,0.0,0.0,0.0,0.0,0.0,0.0,0.0,0.0,0.0,0.0,False,10
C10orf113,0.001,0,0,0,1.0,1.0,1.0,,0.0,0.0,0.0,0.01,0.0,0.0,0.0,0.0,0.0,0.0,0.0,0.0,0.0,0.0,False,10
CCDC7,0.001,0,0,0,1.0,1.0,1.0,0.0,0.0,0.0,0.01,0.0,0.0,0.0,0.0,0.0,0.0,0.0,0.0,0.0,0.0,0.0,False,10
CD44,0.001,0,0,0,1.0,1.0,1.0,1.0,0.0,0.0,0.01,0.0,0.0,0.0,0.0,0.0,0.0,0.0,0.0,0.0,0.0,0.0,False,10
CPED1,0.001,0,0,0,1.0,1.0,1.0,1.0,0.0,0.0,0.0,0.0,0.0,0.0,0.0,0.01,0.0,0.0,0.0,0.0,0.0,0.0,False,10
CST13P,0.001,0,0,0,1.0,1.0,1.0,0.0,0.0,0.01,0.0,0.0,0.0,0.0,0.0,0.0,0.0,0.0,0.0,0.0,0.0,0.0,False,10
GBX1,0.001,0,0,0,1.0,1.0,1.0,0.0,0.0,0.01,0.0,0.0,0.0,0.0,0.0,0.0,0.0,0.0,0.0,0.0,0.0,0.0,False,10
LIPJ,0.001,0,0,0,1.0,1.0,1.0,1.0,0.0,0.0,0.01,0.0,0.0,0.0,0.0,0.0,0.0,0.0,0.0,0.0,0.0,0.0,False,10
LOC100131347,0.001,0,0,0,1.0,1.0,1.0,1.0,0.0,0.01,0.0,0.0,0.0,0.0,0.0,0.0,0.0,0.0,0.0,0.0,0.0,0.0,False,10
MEX3B,0.001,0,0,0,1.0,1.0,1.0,,0.0,0.0,0.0,0.01,0.0,0.0,0.0,0.0,0.0,0.0,0.0,0.0,0.0,0.0,False,10
PHACTR4,0.001,0,0,0,1.0,1.0,1.0,0.0,0.0,0.0,0.01,0.0,0.0,0.0,0.0,0.0,0.0,0.0,0.0,0.0,0.0,0.0,False,10
SBSN,0.001,0,0,0,1.0,1.0,1.0,1.0,0.0,0.01,0.0,0.0,0.0,0.0,0.0,0.0,0.0,0.0,0.0,0.0,0.0,0.0,False,10
SMR3B,0.001,0,0,0,1.0,1.0,1.0,,0.0,0.0,0.0,0.01,0.0,0.0,0.0,0.0,0.0,0.0,0.0,0.0,0.0,0.0,False,10
ULK4,0.001,0,0,0,1.0,1.0,1.0,,0.0,0.0,0.0,0.01,0.0,0.0,0.0,0.0,0.0,0.0,0.0,0.0,0.0,0.0,False,10
ZNF214,0.001,0,0,0,1.0,1.0,1.0,0.0,0.0,0.01,0.0,0.0,0.0,0.0,0.0,0.0,0.0,0.0,0.0,0.0,0.0,0.0,False,10
ABLIM3,0.001,0,0,0,2.0,2.0,2.0,0.0,0.0,0.0,0.01,0.0,0.0,0.0,0.0,0.0,0.0,0.0,0.0,0.0,0.0,0.0,False,10
ALX4,0.001,0,0,0,2.0,2.0,2.0,,0.0,0.0,0.0,0.01,0.0,0.0,0.0,0.0,0.0,0.0,0.0,0.0,0.0,0.0,False,10
ATP8B5P,0.001,0,0,0,2.0,2.0,2.0,0.0,0.0,0.01,0.0,0.0,0.0,0.0,0.0,0.0,0.0,0.0,0.0,0.06,0.0,0.0,False,10
C1orf123,0.001,0,0,0,2.0,2.0,2.0,,0.0,0.0,0.0,0.01,0.0,0.0,0.0,0.0,0.0,0.0,0.0,0.0,0.0,0.0,False,10
C1orf234,0.001,0,0,0,2.0,2.0,2.0,0.0,0.0,0.01,0.0,0.0,0.0,0.0,0.0,0.0,0.0,0.0,0.0,0.0,0.0,0.0,False,10
CAPZA3,0.001,0,0,0,2.0,2.0,2.0,1.0,0.0,0.01,0.0,0.0,0.0,0.0,0.0,0.0,0.0,0.0,0.0,0.0,0.0,0.0,False,10
CNKSR2,0.001,0,0,0,2.0,2.0,2.0,0.0,0.0,0.01,0.0,0.0,0.0,0.0,0.0,0.0,0.0,0.0,0.0,0.0,0.0,0.0,False,10
DYRK3,0.001,0,0,0,2.0,2.0,2.0,1.0,0.0,0.0,0.01,0.0,0.0,0.0,0.0,0.0,0.0,0.0,0.0,0.0,0.0,0.0,False,10
KIF1C,0.001,0,0,0,2.0,2.0,2.0,1.0,0.0,0.0,0.01,0.0,0.0,0.0,0.0,0.0,0.0,0.0,0.0,0.0,0.0,0.0,False,10
KLHL1,0.001,0,0,0,2.0,2.0,2.0,1.0,0.0,0.01,0.0,0.0,0.0,0.0,0.0,0.0,0.0,0.0,0.0,0.0,0.0,0.0,False,10
LDHAL6A,0.001,0,0,0,2.0,2.0,2.0,,0.0,0.0,0.0,0.01,0.0,0.0,0.0,0.0,0.0,0.0,0.0,0.0,0.0,0.0,False,10
LINC00929,0.001,0,0,0,2.0,2.0,2.0,,0.0,0.0,0.0,0.01,0.0,0.0,0.0,0.0,0.0,0.0,0.0,0.0,0.0,0.0,False,10
LOC101928333,0.001,0,0,0,2.0,2.0,2.0,,0.0,0.0,0.0,0.01,0.0,0.0,0.0,0.0,0.0,0.0,0.0,0.0,0.0,0.0,False,10
LOC105376072,0.001,0,0,0,2.0,2.0,2.0,0.0,0.0,0.01,0.0,0.0,0.0,0.0,0.0,0.0,0.0,0.0,0.0,0.0,0.0,0.0,False,10
LOC728730,0.001,0,0,0,2.0,2.0,2.0,1.0,0.0,0.0,0.01,0.0,0.0,0.0,0.0,0.0,0.0,0.0,0.0,0.0,0.0,0.0,False,10
MAP3K7CL,0.001,0,0,0,2.0,2.0,2.0,,0.0,0.0,0.0,0.01,0.0,0.0,0.0,0.0,0.0,0.0,0.0,0.0,0.0,0.0,False,10
MAPKAPK2,0.001,0,0,0,2.0,2.0,2.0,0.0,0.0,0.0,0.01,0.0,0.0,0.0,0.0,0.0,0.0,0.0,0.0,0.0,0.0,0.0,False,10
TRH,0.001,0,0,0,2.0,2.0,2.0,0.0,0.0,0.01,0.0,0.0,0.0,0.0,0.0,0.0,0.0,0.0,0.0,0.0,0.0,0.0,False,10
ADH1B,0.001,0,0,0,3.0,3.0,3.0,0.2,0.04,0.0,0.0,0.0,0.0,0.0,0.0,0.01,0.0,0.0,0.0,0.0,0.0,0.04,False,10
AGPAT2,0.001,0,0,0,3.0,3.0,3.0,1.0,0.0,0.0,0.0,0.0,0.0,0.0,0.0,0.01,0.0,0.0,0.0,0.0,0.0,0.0,False,10
AOC3,0.001,0,0,0,3.0,3.0,3.0,1.0,0.0,0.0,0.0,0.0,0.0,0.0,0.0,0.01,0.0,0.0,0.0,0.0,0.0,0.0,False,10
ATP5O,0.001,0,0,0,3.0,3.0,3.0,,0.0,0.0,0.0,0.01,0.0,0.0,0.0,0.0,0.0,0.0,0.0,0.0,0.0,0.0,False,10
B3GALT2,0.001,0,0,0,3.0,3.0,3.0,,0.0,0.0,0.0,0.01,0.0,0.0,0.0,0.0,0.0,0.0,0.0,0.0,0.0,0.0,False,10
GAS1RR,0.001,0,0,0,3.0,3.0,3.0,,0.0,0.0,0.0,0.01,0.0,0.0,0.0,0.0,0.0,0.0,0.0,0.0,0.0,0.0,False,10
GGN,0.001,0,0,0,3.0,3.0,3.0,,0.0,0.0,0.0,0.01,0.0,0.0,0.0,0.0,0.0,0.0,0.0,0.0,0.0,0.0,False,10
IQCA1,0.001,0,0,0,3.0,3.0,3.0,1.0,0.0,0.0,0.01,0.0,0.0,0.0,0.0,0.0,0.0,0.0,0.0,0.0,0.0,0.0,False,10
KCTD19,0.001,0,0,0,3.0,3.0,3.0,,0.0,0.0,0.0,0.01,0.0,0.0,0.0,0.0,0.0,0.0,0.0,0.0,0.0,0.0,False,10
LINC00996,0.001,0,0,0,3.0,3.0,3.0,,0.0,0.0,0.0,0.01,0.0,0.0,0.0,0.0,0.0,0.0,0.0,0.0,0.0,0.0,False,10
LOC100288721,0.001,0,0,0,3.0,3.0,3.0,,0.0,0.0,0.0,0.01,0.0,0.0,0.0,0.0,0.0,0.0,0.0,0.0,0.0,0.0,False,10
NXF5,0.001,0,0,0,3.0,3.0,3.0,0.0,0.0,0.01,0.0,0.0,0.0,0.0,0.0,0.0,0.0,0.0,0.0,0.0,0.0,0.0,False,10
OR52A1,0.001,0,0,0,3.0,3.0,3.0,,0.0,0.0,0.0,0.01,0.0,0.0,0.0,0.0,0.0,0.0,0.0,0.0,0.0,0.0,False,10
PARD3-AS1,0.001,0,0,0,3.0,3.0,3.0,,0.0,0.0,0.0,0.01,0.0,0.0,0.0,0.0,0.0,0.0,0.0,0.0,0.0,0.0,False,10
SMC4,0.001,0,0,0,3.0,3.0,3.0,0.0,0.0,0.0,0.01,0.0,0.0,0.0,0.0,0.0,0.0,0.0,0.0,0.0,0.0,0.0,False,10
TBL2,0.001,0,0,0,3.0,3.0,3.0,0.0,0.0,0.0,0.01,0.0,0.0,0.0,0.0,0.0,0.0,0.0,0.0,0.0,0.0,0.0,False,10
TMEM67,0.001,0,0,0,3.0,3.0,3.0,0.0,0.0,0.0,0.01,0.0,0.0,0.0,0.0,0.0,0.0,0.0,0.0,0.0,0.0,0.0,False,10
ZBTB46-AS1,0.001,0,0,0,3.0,3.0,3.0,,0.0,0.0,0.0,0.01,0.0,0.0,0.0,0.0,0.0,0.0,0.0,0.0,0.0,0.0,False,10
BBS5,0.001,0,0,0,4.0,4.0,4.0,,0.0,0.0,0.0,0.01,0.0,0.0,0.0,0.0,0.0,0.0,0.0,0.0,0.0,0.0,False,10
CAMK2B,0.001,0,0,0,4.0,4.0,4.0,,0.0,0.0,0.0,0.01,0.0,0.0,0.0,0.0,0.0,0.0,0.0,0.0,0.0,0.0,False,10
CHP1,0.001,0,0,0,4.0,4.0,4.0,,0.0,0.0,0.0,0.01,0.0,0.0,0.0,0.0,0.0,0.0,0.0,0.0,0.0,0.0,False,10
CLN6,0.001,0,0,0,4.0,4.0,4.0,1.0,0.0,0.01,0.0,0.0,0.0,0.0,0.0,0.0,0.0,0.0,0.0,0.0,0.0,0.0,False,10
CPT1C,0.001,0,0,0,4.0,4.0,4.0,1.0,0.0,0.01,0.0,0.0,0.0,0.0,0.0,0.0,0.0,0.0,0.0,0.0,0.0,0.0,False,10
CWC22,0.001,0,0,0,4.0,4.0,4.0,0.0,0.0,0.0,0.01,0.0,0.0,0.0,0.0,0.0,0.0,0.0,0.0,0.0,0.0,0.0,False,10
DEFB127,0.001,0,0,0,4.0,4.0,4.0,0.0,0.0,0.01,0.0,0.0,0.0,0.0,0.0,0.0,0.0,0.0,0.0,0.01,0.0,0.0,False,10
DNAH5,0.001,0,0,0,4.0,4.0,4.0,,0.0,0.0,0.0,0.01,0.0,0.0,0.0,0.0,0.0,0.0,0.0,0.0,0.0,0.0,False,10
FAM124B,0.001,0,0,0,4.0,4.0,4.0,1.0,0.0,0.0,0.0,0.01,0.0,0.0,0.0,0.0,0.0,0.0,0.0,0.0,0.01,0.0,False,10
FERMT2,0.001,0,0,0,4.0,4.0,4.0,1.0,0.0,0.0,0.0,0.0,0.0,0.0,0.0,0.01,0.0,0.0,0.0,0.0,0.0,0.0,False,10
HOTAIR,0.001,0,0,0,4.0,4.0,4.0,0.0,0.0,0.0,0.01,0.0,0.0,0.0,0.0,0.0,0.0,0.0,0.0,0.0,0.0,0.0,False,10
INSIG1,0.001,0,0,0,4.0,4.0,4.0,1.0,0.0,0.0,0.01,0.0,0.0,0.0,0.0,0.0,0.0,0.0,0.0,0.0,0.0,0.0,False,10
LDB2,0.001,0,0,0,4.0,4.0,4.0,0.0,0.03,0.0,0.0,0.0,0.0,0.0,0.0,0.0,0.01,0.0,0.0,0.0,0.0,0.03,False,10
LOC101928069,0.001,0,0,0,4.0,4.0,4.0,0.0,0.0,0.01,0.0,0.0,0.0,0.0,0.0,0.0,0.0,0.0,0.0,0.01,0.0,0.0,False,10
LOC283435,0.001,0,0,0,4.0,4.0,4.0,,0.0,0.0,0.0,0.01,0.0,0.0,0.0,0.0,0.0,0.0,0.0,0.0,0.0,0.0,False,10
LSM6,0.001,0,0,0,4.0,4.0,4.0,1.0,0.0,0.0,0.01,0.0,0.0,0.0,0.0,0.0,0.0,0.0,0.0,0.0,0.0,0.0,False,10
MMD,0.001,0,0,0,4.0,4.0,4.0,1.0,0.0,0.0,0.0,0.0,0.0,0.0,0.0,0.01,0.0,0.0,0.0,0.0,0.0,0.0,False,10
MTRF1L,0.001,0,0,0,4.0,4.0,4.0,1.0,0.0,0.0,0.01,0.0,0.0,0.0,0.0,0.0,0.0,0.0,0.0,0.0,0.0,0.0,False,10
MYH9,0.001,0,0,0,4.0,4.0,4.0,1.0,0.0,0.0,0.01,0.0,0.0,0.0,0.0,0.0,0.0,0.0,0.0,0.0,0.0,0.0,False,10
MYZAP,0.001,0,0,0,4.0,4.0,4.0,1.0,0.0,0.0,0.0,0.0,0.0,0.0,0.0,0.01,0.0,0.0,0.0,0.0,0.0,0.0,False,10
PHF8,0.001,0,0,0,4.0,4.0,4.0,0.0,0.0,0.0,0.0,0.0,0.0,0.01,0.0,0.0,0.0,0.0,0.0,0.0,0.0,0.0,False,10
PLA2G5,0.001,0,0,0,4.0,4.0,4.0,0.0,0.0,0.0,0.0,0.01,0.0,0.0,0.0,0.0,0.0,0.0,0.0,0.06,0.0,0.0,False,10
PNLIPRP3,0.001,0,0,0,4.0,4.0,4.0,0.0,0.0,0.01,0.0,0.0,0.0,0.0,0.0,0.0,0.0,0.0,0.0,0.01,0.0,0.0,False,10
SLC12A2,0.001,0,0,0,4.0,4.0,4.0,1.0,0.0,0.0,0.01,0.0,0.0,0.0,0.0,0.0,0.0,0.0,0.0,0.0,0.0,0.0,False,10
STXBP6,0.001,0,0,0,4.0,4.0,4.0,0.0,0.0,0.01,0.0,0.0,0.0,0.0,0.0,0.0,0.0,0.0,0.0,0.0,0.0,0.0,False,10
TEFM,0.001,0,0,0,4.0,4.0,4.0,,0.0,0.0,0.0,0.01,0.0,0.0,0.0,0.0,0.0,0.0,0.0,0.0,0.0,0.0,False,10
THRB,0.001,0,0,0,4.0,4.0,4.0,1.0,0.0,0.0,0.01,0.0,0.0,0.0,0.0,0.0,0.0,0.0,0.0,0.0,0.0,0.0,False,10
ZNF563,0.001,0,0,0,4.0,4.0,4.0,,0.0,0.0,0.0,0.01,0.0,0.0,0.0,0.0,0.0,0.0,0.0,0.0,0.0,0.0,False,10
AKR1D1,0.001,0,0,0,5.0,5.0,5.0,0.0,0.0,0.01,0.0,0.0,0.0,0.0,0.0,0.0,0.0,0.0,0.0,0.04,0.0,0.0,False,10
BRD7,0.001,0,0,0,5.0,5.0,5.0,,0.0,0.0,0.0,0.01,0.0,0.0,0.0,0.0,0.0,0.0,0.0,0.0,0.0,0.0,False,10
C6,0.001,0,0,0,5.0,5.0,5.0,0.0,0.0,0.01,0.0,0.0,0.0,0.0,0.0,0.0,0.0,0.0,0.0,0.0,0.0,0.0,False,10
COL4A4,0.001,0,0,0,5.0,5.0,5.0,,0.0,0.0,0.0,0.01,0.0,0.0,0.0,0.0,0.0,0.0,0.0,0.0,0.0,0.0,False,10
CTNNA3,0.001,0,0,0,5.0,5.0,5.0,0.0,0.0,0.01,0.0,0.0,0.0,0.0,0.0,0.0,0.0,0.0,0.0,0.01,0.0,0.0,False,10
CYLC2,0.001,0,0,0,5.0,5.0,5.0,0.0,0.0,0.0,0.0,0.01,0.0,0.0,0.0,0.0,0.0,0.0,0.0,0.01,0.0,0.0,False,10
DBH-AS1,0.001,0,0,0,5.0,5.0,5.0,1.0,0.0,0.01,0.0,0.0,0.0,0.0,0.0,0.0,0.0,0.0,0.0,0.0,0.0,0.0,False,10
DUXAP10,0.001,0,0,0,5.0,5.0,5.0,0.0,0.0,0.0,0.01,0.0,0.0,0.0,0.0,0.0,0.0,0.0,0.0,0.0,0.0,0.0,False,10
DYX1C1,0.001,0,0,0,5.0,5.0,5.0,0.0,0.0,0.0,0.0,0.0,0.0,0.01,0.0,0.0,0.0,0.0,0.0,0.0,0.0,0.0,False,10
EGOT,0.001,0,0,0,5.0,5.0,5.0,,0.0,0.0,0.0,0.01,0.0,0.0,0.0,0.0,0.0,0.0,0.0,0.0,0.0,0.0,False,10
FAM118A,0.001,0,0,0,5.0,5.0,5.0,1.0,0.0,0.0,0.01,0.0,0.0,0.0,0.0,0.0,0.0,0.0,0.0,0.0,0.0,0.0,False,10
FLJ10038,0.001,0,0,0,5.0,5.0,5.0,0.0,0.0,0.0,0.01,0.0,0.0,0.0,0.0,0.0,0.0,0.0,0.0,0.0,0.0,0.0,False,10
FMNL3,0.001,0,0,0,5.0,5.0,5.0,,0.0,0.0,0.0,0.01,0.0,0.0,0.0,0.0,0.0,0.0,0.0,0.0,0.0,0.0,False,10
GALNT9,0.001,0,0,0,5.0,5.0,5.0,0.0,0.0,0.01,0.0,0.0,0.0,0.0,0.0,0.0,0.0,0.0,0.0,0.0,0.0,0.0,False,10
HSPC324,0.001,0,0,0,5.0,5.0,5.0,1.0,0.0,0.01,0.0,0.0,0.0,0.0,0.0,0.0,0.0,0.0,0.0,0.0,0.0,0.0,False,10
IZUMO1,0.001,0,0,0,5.0,5.0,5.0,,0.0,0.0,0.0,0.01,0.0,0.0,0.0,0.0,0.0,0.0,0.0,0.0,0.0,0.0,False,10
LINC01094,0.001,0,0,0,5.0,5.0,5.0,0.0,0.0,0.0,0.01,0.0,0.0,0.0,0.0,0.0,0.0,0.0,0.0,0.0,0.0,0.0,False,10
LOC100996724,0.001,0,0,0,5.0,5.0,5.0,0.0,0.0,0.01,0.0,0.0,0.0,0.0,0.0,0.0,0.0,0.0,0.0,0.0,0.0,0.0,False,10
LOC101927734,0.001,0,0,0,5.0,5.0,5.0,0.0,0.0,0.01,0.0,0.0,0.0,0.0,0.0,0.0,0.0,0.0,0.0,0.01,0.0,0.0,False,10
LOC102725438,0.001,0,0,0,5.0,5.0,5.0,0.0,0.0,0.01,0.0,0.0,0.0,0.0,0.0,0.0,0.0,0.0,0.0,0.0,0.0,0.0,False,10
LOC401098,0.001,0,0,0,5.0,5.0,5.0,,0.0,0.0,0.0,0.01,0.0,0.0,0.0,0.0,0.0,0.0,0.0,0.0,0.0,0.0,False,10
MRPS36,0.001,0,0,0,5.0,5.0,5.0,,0.0,0.0,0.0,0.01,0.0,0.0,0.0,0.0,0.0,0.0,0.0,0.0,0.0,0.0,False,10
MYLK4,0.001,0,0,0,5.0,5.0,5.0,,0.0,0.0,0.0,0.01,0.0,0.0,0.0,0.0,0.0,0.0,0.0,0.0,0.0,0.0,False,10
PLEKHG4,0.001,0,0,0,5.0,5.0,5.0,1.0,0.0,0.0,0.01,0.0,0.0,0.0,0.0,0.0,0.0,0.0,0.0,0.0,0.0,0.0,False,10
PPP2R1B,0.001,0,0,0,5.0,5.0,5.0,1.0,0.0,0.0,0.0,0.0,0.0,0.0,0.0,0.01,0.0,0.0,0.0,0.0,0.0,0.0,False,10
RBM20,0.001,0,0,0,5.0,5.0,5.0,,0.0,0.0,0.0,0.01,0.0,0.0,0.0,0.0,0.0,0.0,0.0,0.0,0.0,0.0,False,10
SLC37A1,0.001,0,0,0,5.0,5.0,5.0,,0.0,0.0,0.0,0.0,0.0,0.0,0.0,0.0,0.01,0.0,0.0,0.0,0.0,0.0,False,10
SLC5A10,0.001,0,0,0,5.0,5.0,5.0,,0.0,0.0,0.0,0.01,0.0,0.0,0.0,0.0,0.0,0.0,0.0,0.0,0.0,0.0,False,10
SMIM20,0.001,0,0,0,5.0,5.0,5.0,,0.0,0.0,0.0,0.0,0.0,0.0,0.0,0.0,0.01,0.0,0.0,0.0,0.0,0.0,False,10
SOX2,0.001,0,0,0,5.0,5.0,5.0,1.0,0.0,0.01,0.0,0.0,0.0,0.0,0.0,0.0,0.0,0.0,0.0,0.0,0.0,0.0,False,10
SPX,0.001,0,0,0,5.0,5.0,5.0,0.0,0.0,0.0,0.0,0.0,0.01,0.0,0.0,0.0,0.0,0.0,0.0,0.0,0.0,0.0,False,10
STMN4,0.001,0,0,0,5.0,5.0,5.0,,0.0,0.0,0.0,0.01,0.0,0.0,0.0,0.0,0.0,0.0,0.0,0.0,0.0,0.0,False,10
STX7,0.001,0,0,0,5.0,5.0,5.0,1.0,0.0,0.0,0.0,0.0,0.0,0.0,0.0,0.01,0.0,0.0,0.0,0.0,0.0,0.0,False,10
TEF,0.001,0,0,0,5.0,5.0,5.0,1.0,0.0,0.0,0.01,0.0,0.0,0.0,0.0,0.0,0.0,0.0,0.0,0.0,0.0,0.0,False,10
TRIM63,0.001,0,0,0,5.0,5.0,5.0,0.0,0.0,0.01,0.0,0.0,0.0,0.0,0.0,0.0,0.0,0.0,0.0,0.0,0.0,0.0,False,10
TRMT44,0.001,0,0,0,5.0,5.0,5.0,,0.0,0.0,0.0,0.01,0.0,0.0,0.0,0.0,0.0,0.0,0.0,0.0,0.0,0.0,False,10
WNT10B,0.001,0,0,0,5.0,5.0,5.0,,0.0,0.0,0.0,0.01,0.0,0.0,0.0,0.0,0.0,0.0,0.0,0.0,0.0,0.0,False,10
ZDHHC20,0.001,0,0,0,5.0,5.0,5.0,0.0,0.0,0.0,0.01,0.0,0.0,0.0,0.0,0.0,0.0,0.0,0.0,0.0,0.0,0.0,False,10
ZNF48,0.001,0,0,0,5.0,5.0,5.0,,0.0,0.0,0.0,0.0,0.0,0.0,0.0,0.0,0.01,0.0,0.0,0.0,0.0,0.0,False,10
ADAMTS9-AS2,0.001,0,0,0,6.0,6.0,6.0,,0.0,0.0,0.0,0.01,0.0,0.0,0.0,0.0,0.0,0.0,0.0,0.0,0.0,0.0,False,10
BCHE,0.001,0,0,0,6.0,6.0,6.0,0.0,0.0,0.0,0.0,0.0,0.0,0.01,0.0,0.0,0.0,0.0,0.0,0.0,0.0,0.0,False,10
C10orf2,0.001,0,0,0,6.0,6.0,6.0,0.0,0.0,0.0,0.01,0.0,0.0,0.0,0.0,0.0,0.0,0.0,0.0,0.0,0.0,0.0,False,10
C5orf64,0.001,0,0,0,6.0,6.0,6.0,0.0,0.0,0.01,0.0,0.0,0.0,0.0,0.0,0.0,0.0,0.0,0.0,0.0,0.0,0.0,False,10
CA7,0.001,0,0,0,6.0,6.0,6.0,,0.0,0.0,0.0,0.01,0.0,0.0,0.0,0.0,0.0,0.0,0.0,0.0,0.0,0.0,False,10
CAPSL,0.001,0,0,0,6.0,6.0,6.0,1.0,0.0,0.01,0.0,0.0,0.0,0.0,0.0,0.0,0.0,0.0,0.0,0.0,0.0,0.0,False,10
CASZ1,0.001,0,0,0,6.0,6.0,6.0,1.0,0.0,0.0,0.01,0.0,0.0,0.0,0.0,0.0,0.0,0.0,0.0,0.0,0.0,0.0,False,10
CD37,0.001,0,0,0,6.0,6.0,6.0,,0.0,0.0,0.0,0.01,0.0,0.0,0.0,0.0,0.0,0.0,0.0,0.0,0.0,0.0,False,10
DIO3OS,0.001,0,0,0,6.0,6.0,6.0,1.0,0.0,0.0,0.0,0.0,0.0,0.01,0.0,0.0,0.0,0.0,0.0,0.0,0.0,0.0,False,10
DUSP19,0.001,0,0,0,6.0,6.0,6.0,,0.0,0.0,0.0,0.01,0.0,0.0,0.0,0.0,0.0,0.0,0.0,0.0,0.0,0.0,False,10
ERICH1-AS1,0.001,0,0,0,6.0,6.0,6.0,,0.0,0.0,0.0,0.01,0.0,0.0,0.0,0.0,0.0,0.0,0.0,0.0,0.0,0.0,False,10
GLYCTK-AS1,0.001,0,0,0,6.0,6.0,6.0,0.0,0.0,0.01,0.0,0.0,0.0,0.0,0.0,0.0,0.0,0.0,0.0,0.01,0.0,0.0,False,10
GPATCH11,0.001,0,0,0,6.0,6.0,6.0,1.0,0.0,0.0,0.0,0.0,0.0,0.0,0.0,0.01,0.0,0.0,0.0,0.0,0.0,0.0,False,10
GPR137B,0.001,0,0,0,6.0,6.0,6.0,0.0,0.0,0.0,0.01,0.0,0.0,0.0,0.0,0.0,0.0,0.0,0.0,0.0,0.0,0.0,False,10
KRTAP4-8,0.001,0,0,0,6.0,6.0,6.0,0.0,0.0,0.01,0.0,0.0,0.0,0.0,0.0,0.0,0.0,0.0,0.0,0.02,0.0,0.0,False,10
LINC00636,0.001,0,0,0,6.0,6.0,6.0,,0.0,0.0,0.0,0.01,0.0,0.0,0.0,0.0,0.0,0.0,0.0,0.0,0.0,0.0,False,10
LINC00674,0.001,0,0,0,6.0,6.0,6.0,0.0,0.0,0.0,0.01,0.0,0.0,0.0,0.0,0.0,0.0,0.0,0.0,0.0,0.0,0.0,False,10
LINC01103,0.001,0,0,0,6.0,6.0,6.0,,0.0,0.0,0.0,0.01,0.0,0.0,0.0,0.0,0.0,0.0,0.0,0.0,0.0,0.0,False,10
LOC101928161,0.001,0,0,0,6.0,6.0,6.0,,0.0,0.0,0.0,0.01,0.0,0.0,0.0,0.0,0.0,0.0,0.0,0.0,0.0,0.0,False,10
LOC285000,0.001,0,0,0,6.0,6.0,6.0,0.0,0.0,0.01,0.0,0.0,0.0,0.0,0.0,0.0,0.0,0.0,0.0,0.0,0.0,0.0,False,10
LOC399716,0.001,0,0,0,6.0,6.0,6.0,1.0,0.0,0.01,0.0,0.0,0.0,0.0,0.0,0.0,0.0,0.0,0.0,0.0,0.0,0.0,False,10
MC3R,0.001,0,0,0,6.0,6.0,6.0,1.0,0.0,0.01,0.0,0.0,0.0,0.0,0.0,0.0,0.0,0.0,0.0,0.0,0.0,0.0,False,10
MRPL1,0.001,0,0,0,6.0,6.0,6.0,0.0,0.0,0.0,0.01,0.0,0.0,0.0,0.0,0.0,0.0,0.0,0.0,0.0,0.0,0.0,False,10
MTCL1,0.001,0,0,0,6.0,6.0,6.0,1.0,0.0,0.0,0.01,0.0,0.0,0.0,0.0,0.0,0.0,0.0,0.0,0.0,0.0,0.0,False,10
ND4,0.001,0,0,0,6.0,6.0,6.0,,0.0,0.0,0.0,0.01,0.0,0.0,0.0,0.0,0.0,0.0,0.0,0.0,0.0,0.0,False,10
PCDH9,0.001,0,0,0,6.0,6.0,6.0,,0.0,0.0,0.0,0.0,0.0,0.0,0.0,0.0,0.01,0.0,0.0,0.0,0.0,0.0,False,10
PPP1R1A,0.001,0,0,0,6.0,6.0,6.0,1.0,0.0,0.0,0.0,0.0,0.0,0.0,0.0,0.01,0.0,0.0,0.0,0.0,0.0,0.0,False,10
SERPINB10,0.001,0,0,0,6.0,6.0,6.0,0.0,0.0,0.01,0.0,0.0,0.0,0.0,0.0,0.0,0.0,0.0,0.0,0.0,0.0,0.0,False,10
SLC16A6,0.001,0,0,0,6.0,6.0,6.0,0.0,0.0,0.0,0.0,0.0,0.0,0.01,0.0,0.0,0.0,0.0,0.0,0.0,0.0,0.0,False,10
SLC16A7,0.001,0,0,0,6.0,6.0,6.0,1.0,0.0,0.0,0.0,0.0,0.0,0.0,0.0,0.01,0.0,0.0,0.0,0.0,0.0,0.0,False,10
STK40,0.001,0,0,0,6.0,6.0,6.0,0.0,0.0,0.0,0.01,0.0,0.0,0.0,0.0,0.0,0.0,0.0,0.0,0.0,0.0,0.0,False,10
TBC1D32,0.001,0,0,0,6.0,6.0,6.0,1.0,0.0,0.01,0.0,0.0,0.0,0.0,0.0,0.0,0.0,0.0,0.0,0.0,0.0,0.0,False,10
TENM4,0.001,0,0,0,6.0,6.0,6.0,1.0,0.0,0.0,0.01,0.0,0.0,0.0,0.0,0.0,0.0,0.0,0.0,0.0,0.0,0.0,False,10
TFAP2A,0.001,0,0,0,6.0,6.0,6.0,,0.0,0.0,0.0,0.0,0.0,0.0,0.01,0.0,0.0,0.0,0.0,0.0,0.0,0.0,False,10
TMED9,0.001,0,0,0,6.0,6.0,6.0,1.0,0.0,0.0,0.01,0.0,0.0,0.0,0.0,0.0,0.0,0.0,0.0,0.0,0.0,0.0,False,10
TSSK4,0.001,0,0,0,6.0,6.0,6.0,,0.0,0.0,0.0,0.01,0.0,0.0,0.0,0.0,0.0,0.0,0.0,0.0,0.0,0.0,False,10
UHRF1,0.001,0,0,0,6.0,6.0,6.0,1.0,0.0,0.0,0.0,0.0,0.0,0.0,0.0,0.01,0.0,0.0,0.0,0.0,0.0,0.0,False,10
ZIC1,0.001,0,0,0,6.0,6.0,6.0,1.0,0.0,0.0,0.01,0.0,0.0,0.0,0.0,0.0,0.0,0.0,0.0,0.0,0.0,0.0,False,10
ZSCAN12,0.001,0,0,0,6.0,6.0,6.0,,0.0,0.0,0.0,0.01,0.0,0.0,0.0,0.0,0.0,0.0,0.0,0.0,0.0,0.0,False,10
ABCB5,0.001,0,0,0,7.0,7.0,7.0,,0.0,0.0,0.0,0.01,0.0,0.0,0.0,0.0,0.0,0.0,0.0,0.0,0.0,0.0,False,10
ADAM5,0.001,0,0,0,7.0,7.0,7.0,,0.0,0.0,0.0,0.01,0.0,0.0,0.0,0.0,0.0,0.0,0.0,0.0,0.0,0.0,False,10
ADTRP,0.001,0,0,0,7.0,7.0,7.0,1.0,0.0,0.01,0.0,0.0,0.0,0.0,0.0,0.0,0.0,0.0,0.0,0.0,0.0,0.0,False,10
ATP6V0D2,0.001,0,0,0,7.0,7.0,7.0,,0.0,0.0,0.0,0.01,0.0,0.0,0.0,0.0,0.0,0.0,0.0,0.0,0.0,0.0,False,10
C8B,0.001,0,0,0,7.0,7.0,7.0,,0.0,0.0,0.0,0.01,0.0,0.0,0.0,0.0,0.0,0.0,0.0,0.0,0.0,0.0,False,10
CENPU,0.001,0,0,0,7.0,7.0,7.0,1.0,0.0,0.0,0.01,0.0,0.0,0.0,0.0,0.0,0.0,0.0,0.0,0.0,0.0,0.0,False,10
CHMP4C,0.001,0,0,0,7.0,7.0,7.0,1.0,0.0,0.0,0.0,0.0,0.0,0.01,0.0,0.0,0.0,0.0,0.0,0.0,0.0,0.0,False,10
CSMD3,0.001,0,0,0,7.0,7.0,7.0,0.0,0.0,0.01,0.0,0.0,0.0,0.0,0.0,0.0,0.0,0.0,0.0,0.04,0.0,0.0,False,10
CYP4F11,0.001,0,0,0,7.0,7.0,7.0,,0.0,0.0,0.0,0.01,0.0,0.0,0.0,0.0,0.0,0.0,0.0,0.0,0.0,0.0,False,10
DNAJA2,0.001,0,0,0,7.0,7.0,7.0,1.0,0.0,0.0,0.01,0.0,0.0,0.0,0.0,0.0,0.0,0.0,0.0,0.0,0.0,0.0,False,10
EXPH5,0.001,0,0,0,7.0,7.0,7.0,1.0,0.0,0.0,0.01,0.0,0.0,0.0,0.0,0.0,0.0,0.0,0.0,0.0,0.0,0.0,False,10
EXTL3-AS1,0.001,0,0,0,7.0,7.0,7.0,,0.0,0.0,0.0,0.01,0.0,0.0,0.0,0.0,0.0,0.0,0.0,0.0,0.0,0.0,False,10
FAM185A,0.001,0,0,0,7.0,7.0,7.0,0.0,0.0,0.0,0.01,0.0,0.0,0.0,0.0,0.0,0.0,0.0,0.0,0.0,0.0,0.0,False,10
FANCD2,0.001,0,0,0,7.0,7.0,7.0,1.0,0.0,0.0,0.0,0.0,0.0,0.0,0.0,0.01,0.0,0.0,0.0,0.0,0.0,0.0,False,10
HAAO,0.001,0,0,0,7.0,7.0,7.0,0.0,0.0,0.01,0.0,0.0,0.0,0.0,0.0,0.0,0.0,0.0,0.0,0.0,0.0,0.0,False,10
HIST1H2BO,0.001,0,0,0,7.0,7.0,7.0,1.0,0.0,0.01,0.0,0.0,0.0,0.0,0.0,0.0,0.0,0.0,0.0,0.0,0.0,0.0,False,10
HS3ST3A1,0.001,0,0,0,7.0,7.0,7.0,,0.0,0.0,0.0,0.01,0.0,0.0,0.0,0.0,0.0,0.0,0.0,0.0,0.0,0.0,False,10
IL5,0.001,0,0,0,7.0,7.0,7.0,,0.0,0.0,0.0,0.01,0.0,0.0,0.0,0.0,0.0,0.0,0.0,0.0,0.0,0.0,False,10
KIAA0930,0.001,0,0,0,7.0,7.0,7.0,0.0,0.0,0.0,0.01,0.0,0.0,0.0,0.0,0.0,0.0,0.0,0.0,0.0,0.0,0.0,False,10
KLHDC7A,0.001,0,0,0,7.0,7.0,7.0,1.0,0.0,0.0,0.01,0.0,0.0,0.0,0.0,0.0,0.0,0.0,0.0,0.0,0.0,0.0,False,10
LAYN,0.001,0,0,0,7.0,7.0,7.0,,0.0,0.0,0.0,0.01,0.0,0.0,0.0,0.0,0.0,0.0,0.0,0.0,0.0,0.0,False,10
LINC00968,0.001,0,0,0,7.0,7.0,7.0,0.0,0.0,0.01,0.0,0.0,0.0,0.0,0.0,0.0,0.0,0.0,0.0,0.08,0.0,0.0,False,10
LOC100288798,0.001,0,0,0,7.0,7.0,7.0,0.0,0.0,0.01,0.0,0.0,0.0,0.0,0.0,0.0,0.0,0.0,0.0,0.0,0.0,0.0,False,10
LOC100507403,0.001,0,0,0,7.0,7.0,7.0,1.0,0.0,0.01,0.0,0.0,0.0,0.0,0.0,0.0,0.0,0.0,0.0,0.0,0.0,0.0,False,10
LOC101928409,0.001,0,0,0,7.0,7.0,7.0,,0.0,0.0,0.0,0.01,0.0,0.0,0.0,0.0,0.0,0.0,0.0,0.0,0.0,0.0,False,10
LOC102724938,0.001,0,0,0,7.0,7.0,7.0,,0.0,0.0,0.0,0.01,0.0,0.0,0.0,0.0,0.0,0.0,0.0,0.0,0.0,0.0,False,10
LZTS1,0.001,0,0,0,7.0,7.0,7.0,,0.0,0.0,0.0,0.01,0.0,0.0,0.0,0.0,0.0,0.0,0.0,0.0,0.0,0.0,False,10
MIR17HG,0.001,0,0,0,7.0,7.0,7.0,0.0,0.0,0.01,0.0,0.0,0.0,0.0,0.0,0.0,0.0,0.0,0.0,0.01,0.0,0.0,False,10
NAALADL1,0.001,0,0,0,7.0,7.0,7.0,1.0,0.0,0.0,0.01,0.0,0.0,0.0,0.0,0.0,0.0,0.0,0.0,0.0,0.0,0.0,False,10
NAE1,0.001,0,0,0,7.0,7.0,7.0,,0.0,0.0,0.0,0.01,0.0,0.0,0.0,0.0,0.0,0.0,0.0,0.0,0.0,0.0,False,10
NR4A3,0.001,0,0,0,7.0,7.0,7.0,0.0,0.0,0.0,0.01,0.0,0.0,0.0,0.0,0.0,0.0,0.0,0.0,0.0,0.0,0.0,False,10
OSGIN1,0.001,0,0,0,7.0,7.0,7.0,0.0,0.0,0.01,0.0,0.0,0.0,0.0,0.0,0.0,0.0,0.0,0.0,0.0,0.0,0.0,False,10
OVOL2,0.001,0,0,0,7.0,7.0,7.0,,0.0,0.0,0.0,0.0,0.0,0.0,0.0,0.0,0.01,0.0,0.0,0.0,0.0,0.0,False,10
PCP4,0.001,0,0,0,7.0,7.0,7.0,,0.0,0.0,0.0,0.01,0.0,0.0,0.0,0.0,0.0,0.0,0.0,0.0,0.0,0.0,False,10
PLA2G7,0.001,0,0,0,7.0,7.0,7.0,,0.0,0.0,0.0,0.01,0.0,0.0,0.0,0.0,0.0,0.0,0.0,0.0,0.0,0.0,False,10
RCC1L,0.001,0,0,0,7.0,7.0,7.0,,0.0,0.0,0.0,0.01,0.0,0.0,0.0,0.0,0.0,0.0,0.0,0.0,0.0,0.0,False,10
RNF123,0.001,0,0,0,7.0,7.0,7.0,,0.0,0.0,0.0,0.01,0.0,0.0,0.0,0.0,0.0,0.0,0.0,0.0,0.0,0.0,False,10
SELE,0.001,0,0,0,7.0,7.0,7.0,1.0,0.0,0.0,0.01,0.0,0.0,0.0,0.0,0.0,0.0,0.0,0.0,0.0,0.0,0.0,False,10
SERINC2,0.001,0,0,0,7.0,7.0,7.0,1.0,0.01,0.0,0.0,0.0,0.0,0.0,0.0,0.01,0.0,0.0,0.0,0.0,0.0,0.01,False,10
SLC52A2,0.001,0,0,0,7.0,7.0,7.0,1.0,0.0,0.0,0.0,0.0,0.0,0.0,0.0,0.01,0.0,0.0,0.0,0.0,0.0,0.0,False,10
SUGP2,0.001,0,0,0,7.0,7.0,7.0,,0.0,0.0,0.0,0.0,0.0,0.0,0.0,0.0,0.01,0.0,0.0,0.0,0.0,0.0,False,10
TAPBP,0.001,0,0,0,7.0,7.0,7.0,1.0,0.01,0.0,0.0,0.0,0.0,0.0,0.0,0.0,0.01,0.0,0.0,0.0,0.0,0.01,False,10
TMEM97,0.001,0,0,0,7.0,7.0,7.0,,0.0,0.0,0.0,0.0,0.0,0.0,0.0,0.0,0.01,0.0,0.0,0.0,0.0,0.0,False,10
UCP3,0.001,0,0,0,7.0,7.0,7.0,1.0,0.0,0.0,0.01,0.0,0.0,0.0,0.0,0.0,0.0,0.0,0.0,0.0,0.0,0.0,False,10
WFIKKN1,0.001,0,0,0,7.0,7.0,7.0,,0.0,0.0,0.0,0.01,0.0,0.0,0.0,0.0,0.0,0.0,0.0,0.0,0.0,0.0,False,10
ZBTB49,0.001,0,0,0,7.0,7.0,7.0,0.0,0.0,0.0,0.01,0.0,0.0,0.0,0.0,0.0,0.0,0.0,0.0,0.0,0.0,0.0,False,10
ABCC8,0.001,0,0,0,8.0,8.0,8.0,,0.0,0.0,0.0,0.01,0.0,0.0,0.0,0.0,0.0,0.0,0.0,0.0,0.0,0.0,False,10
ADAM23,0.001,0,0,0,8.0,8.0,8.0,1.0,0.0,0.01,0.0,0.0,0.0,0.0,0.0,0.0,0.0,0.0,0.0,0.0,0.0,0.0,False,10
ADGRL4,0.001,0,0,0,8.0,8.0,8.0,,0.0,0.0,0.0,0.0,0.0,0.0,0.0,0.0,0.01,0.0,0.0,0.0,0.0,0.0,False,10
ADRA1A,0.001,0,0,0,8.0,8.0,8.0,0.0,0.0,0.0,0.0,0.0,0.01,0.0,0.0,0.0,0.0,0.0,0.0,0.0,0.0,0.0,False,10
ARHGAP42,0.001,0,0,0,8.0,8.0,8.0,1.0,0.0,0.0,0.0,0.0,0.0,0.01,0.0,0.0,0.0,0.0,0.0,0.0,0.0,0.0,False,10
BTF3L4,0.001,0,0,0,8.0,8.0,8.0,,0.0,0.0,0.0,0.01,0.0,0.0,0.0,0.0,0.0,0.0,0.0,0.0,0.0,0.0,False,10
C3orf52,0.001,0,0,0,8.0,8.0,8.0,0.5,0.01,0.0,0.01,0.0,0.0,0.0,0.0,0.0,0.0,0.0,0.0,0.0,0.0,0.01,False,10
CCDC15,0.001,0,0,0,8.0,8.0,8.0,1.0,0.0,0.0,0.01,0.0,0.0,0.0,0.0,0.0,0.0,0.0,0.0,0.0,0.0,0.0,False,10
CCNJ,0.001,0,0,0,8.0,8.0,8.0,0.0,0.0,0.0,0.01,0.0,0.0,0.0,0.0,0.0,0.0,0.0,0.0,0.0,0.0,0.0,False,10
COBL,0.001,0,0,0,8.0,8.0,8.0,1.0,0.0,0.0,0.01,0.0,0.0,0.0,0.0,0.0,0.0,0.0,0.0,0.0,0.0,0.0,False,10
DACH1,0.001,0,0,0,8.0,8.0,8.0,1.0,0.0,0.0,0.01,0.0,0.0,0.0,0.0,0.0,0.0,0.0,0.0,0.0,0.0,0.0,False,10
DMRT2,0.001,0,0,0,8.0,8.0,8.0,,0.0,0.0,0.0,0.0,0.0,0.0,0.01,0.0,0.0,0.0,0.0,0.0,0.0,0.0,False,10
DOCK11,0.001,0,0,0,8.0,8.0,8.0,1.0,0.0,0.0,0.0,0.0,0.0,0.0,0.0,0.01,0.0,0.0,0.0,0.0,0.0,0.0,False,10
EPS8L1,0.001,0,0,0,8.0,8.0,8.0,1.0,0.0,0.0,0.0,0.0,0.0,0.0,0.0,0.01,0.0,0.0,0.0,0.0,0.0,0.0,False,10
FARP1,0.001,0,0,0,8.0,8.0,8.0,1.0,0.0,0.0,0.01,0.0,0.0,0.0,0.0,0.0,0.0,0.0,0.0,0.0,0.0,0.0,False,10
FUT10,0.001,0,0,0,8.0,8.0,8.0,0.0,0.0,0.0,0.01,0.0,0.0,0.0,0.0,0.0,0.0,0.0,0.0,0.0,0.0,0.0,False,10
FUT2,0.001,0,0,0,8.0,8.0,8.0,1.0,0.0,0.01,0.0,0.0,0.0,0.0,0.0,0.0,0.0,0.0,0.0,0.0,0.0,0.0,False,10
GALNT10,0.001,0,0,0,8.0,8.0,8.0,1.0,0.0,0.0,0.01,0.0,0.0,0.0,0.0,0.0,0.0,0.0,0.0,0.0,0.0,0.0,False,10
GRAMD3,0.001,0,0,0,8.0,8.0,8.0,,0.0,0.0,0.0,0.01,0.0,0.0,0.0,0.0,0.0,0.0,0.0,0.0,0.0,0.0,False,10
HK2,0.001,0,0,0,8.0,8.0,8.0,,0.0,0.0,0.0,0.01,0.0,0.0,0.0,0.0,0.0,0.0,0.0,0.0,0.0,0.0,False,10
LINC00327,0.001,0,0,0,8.0,8.0,8.0,,0.0,0.0,0.0,0.01,0.0,0.0,0.0,0.0,0.0,0.0,0.0,0.0,0.0,0.0,False,10
LINC01082,0.001,0,0,0,8.0,8.0,8.0,0.0,0.0,0.01,0.0,0.0,0.0,0.0,0.0,0.0,0.0,0.0,0.0,0.0,0.0,0.0,False,10
LOC100129112,0.001,0,0,0,8.0,8.0,8.0,0.0,0.0,0.01,0.0,0.0,0.0,0.0,0.0,0.0,0.0,0.0,0.0,0.0,0.0,0.0,False,10
LOC105378470,0.001,0,0,0,8.0,8.0,8.0,,0.0,0.0,0.0,0.01,0.0,0.0,0.0,0.0,0.0,0.0,0.0,0.0,0.0,0.0,False,10
LOC389831,0.001,0,0,0,8.0,8.0,8.0,,0.0,0.0,0.0,0.01,0.0,0.0,0.0,0.0,0.0,0.0,0.0,0.0,0.0,0.0,False,10
MARC2,0.001,0,0,0,8.0,8.0,8.0,,0.0,0.0,0.0,0.01,0.0,0.0,0.0,0.0,0.0,0.0,0.0,0.0,0.0,0.0,False,10
MAS1L,0.001,0,0,0,8.0,8.0,8.0,0.0,0.0,0.01,0.0,0.0,0.0,0.0,0.0,0.0,0.0,0.0,0.0,0.0,0.0,0.0,False,10
MB,0.001,0,0,0,8.0,8.0,8.0,1.0,0.02,0.0,0.0,0.0,0.0,0.0,0.0,0.0,0.01,0.0,0.0,0.0,0.0,0.02,False,10
MILR1,0.001,0,0,0,8.0,8.0,8.0,,0.0,0.0,0.0,0.01,0.0,0.0,0.0,0.0,0.0,0.0,0.0,0.0,0.0,0.0,False,10
NCAM2,0.001,0,0,0,8.0,8.0,8.0,1.0,0.0,0.01,0.0,0.0,0.0,0.0,0.0,0.0,0.0,0.0,0.0,0.0,0.0,0.0,False,10
NUSAP1,0.001,0,0,0,8.0,8.0,8.0,1.0,0.01,0.0,0.0,0.0,0.0,0.0,0.0,0.01,0.0,0.0,0.0,0.0,0.0,0.01,False,10
P2RY12,0.001,0,0,0,8.0,8.0,8.0,,0.0,0.0,0.0,0.0,0.0,0.0,0.0,0.0,0.01,0.0,0.0,0.0,0.0,0.0,False,10
P3H4,0.001,0,0,0,8.0,8.0,8.0,,0.0,0.0,0.0,0.01,0.0,0.0,0.0,0.0,0.0,0.0,0.0,0.0,0.0,0.0,False,10
PCDH17,0.001,0,0,0,8.0,8.0,8.0,1.0,0.0,0.0,0.01,0.0,0.0,0.0,0.0,0.0,0.0,0.0,0.0,0.0,0.0,0.0,False,10
PLXNA4,0.001,0,0,0,8.0,8.0,8.0,1.0,0.0,0.0,0.0,0.0,0.0,0.0,0.0,0.01,0.0,0.0,0.0,0.0,0.0,0.0,False,10
REC114,0.001,0,0,0,8.0,8.0,8.0,0.0,0.0,0.01,0.0,0.0,0.0,0.0,0.0,0.0,0.0,0.0,0.0,0.0,0.0,0.0,False,10
RORB,0.001,0,0,0,8.0,8.0,8.0,0.0,0.0,0.01,0.0,0.0,0.0,0.0,0.0,0.0,0.0,0.0,0.0,0.01,0.0,0.0,False,10
S1PR1,0.001,0,0,0,8.0,8.0,8.0,1.0,0.0,0.0,0.01,0.0,0.0,0.0,0.0,0.0,0.0,0.0,0.0,0.0,0.0,0.0,False,10
SAA3P,0.001,0,0,0,8.0,8.0,8.0,0.0,0.0,0.0,0.01,0.0,0.0,0.0,0.0,0.0,0.0,0.0,0.0,0.0,0.0,0.0,False,10
SCN4A,0.001,0,0,0,8.0,8.0,8.0,0.0,0.0,0.01,0.0,0.0,0.0,0.0,0.0,0.0,0.0,0.0,0.0,0.05,0.0,0.0,False,10
SCRIB,0.001,0,0,0,8.0,8.0,8.0,,0.0,0.0,0.0,0.0,0.0,0.0,0.0,0.0,0.01,0.0,0.0,0.0,0.0,0.0,False,10
SETD1B,0.001,0,0,0,8.0,8.0,8.0,1.0,0.01,0.0,0.0,0.0,0.0,0.0,0.0,0.0,0.01,0.0,0.0,0.0,0.0,0.01,False,10
SNRNP27,0.001,0,0,0,8.0,8.0,8.0,,0.0,0.0,0.0,0.01,0.0,0.0,0.0,0.0,0.0,0.0,0.0,0.0,0.0,0.0,False,10
SYN2,0.001,0,0,0,8.0,8.0,8.0,,0.0,0.0,0.0,0.0,0.0,0.0,0.0,0.0,0.01,0.0,0.0,0.0,0.0,0.0,False,10
TBXAS1,0.001,0,0,0,8.0,8.0,8.0,,0.0,0.0,0.0,0.01,0.0,0.0,0.0,0.0,0.0,0.0,0.0,0.0,0.0,0.0,False,10
TMEM178A,0.001,0,0,0,8.0,8.0,8.0,,0.0,0.0,0.0,0.01,0.0,0.0,0.0,0.0,0.0,0.0,0.0,0.0,0.0,0.0,False,10
TPD52,0.001,0,0,0,8.0,8.0,8.0,1.0,0.0,0.0,0.0,0.0,0.0,0.0,0.0,0.01,0.0,0.0,0.0,0.0,0.0,0.0,False,10
TPX2,0.001,0,0,0,8.0,8.0,8.0,,0.0,0.0,0.0,0.0,0.0,0.0,0.0,0.0,0.01,0.0,0.0,0.0,0.0,0.0,False,10
TREML1,0.001,0,0,0,8.0,8.0,8.0,,0.0,0.0,0.0,0.01,0.0,0.0,0.0,0.0,0.0,0.0,0.0,0.0,0.0,0.0,False,10
TRPM4,0.001,0,0,0,8.0,8.0,8.0,1.0,0.0,0.0,0.0,0.0,0.0,0.0,0.0,0.01,0.0,0.0,0.0,0.0,0.0,0.0,False,10
TTC23,0.001,0,0,0,8.0,8.0,8.0,1.0,0.0,0.01,0.0,0.0,0.0,0.0,0.0,0.0,0.0,0.0,0.0,0.0,0.0,0.0,False,10
UNC5B,0.001,0,0,0,8.0,8.0,8.0,0.0,0.0,0.0,0.01,0.0,0.0,0.0,0.0,0.0,0.0,0.0,0.0,0.0,0.0,0.0,False,10
UPK1A,0.001,0,0,0,8.0,8.0,8.0,0.0,0.0,0.01,0.0,0.0,0.0,0.0,0.0,0.0,0.0,0.0,0.0,0.0,0.0,0.0,False,10
WARS2,0.001,0,0,0,8.0,8.0,8.0,,0.0,0.0,0.0,0.01,0.0,0.0,0.0,0.0,0.0,0.0,0.0,0.0,0.0,0.0,False,10
WDFY3-AS2,0.001,0,0,0,8.0,8.0,8.0,0.0,0.0,0.0,0.0,0.0,0.0,0.01,0.0,0.0,0.0,0.0,0.0,0.0,0.0,0.0,False,10
WDR11-AS1,0.001,0,0,0,8.0,8.0,8.0,,0.0,0.0,0.0,0.01,0.0,0.0,0.0,0.0,0.0,0.0,0.0,0.0,0.0,0.0,False,10
WDR54,0.001,0,0,0,8.0,8.0,8.0,,0.0,0.0,0.0,0.0,0.0,0.0,0.0,0.0,0.01,0.0,0.0,0.0,0.0,0.0,False,10
ZNF169,0.001,0,0,0,8.0,8.0,8.0,,0.0,0.0,0.0,0.01,0.0,0.0,0.0,0.0,0.0,0.0,0.0,0.0,0.0,0.0,False,10
ZNF667-AS1,0.001,0,0,0,8.0,8.0,8.0,0.0,0.0,0.0,0.01,0.0,0.0,0.0,0.0,0.0,0.0,0.0,0.0,0.0,0.0,0.0,False,10
ADGRD1,0.001,0,0,0,9.0,9.0,9.0,,0.0,0.0,0.0,0.0,0.0,0.0,0.01,0.0,0.0,0.0,0.0,0.0,0.0,0.0,False,10
ANKRD13D,0.001,0,0,0,9.0,9.0,9.0,,0.0,0.0,0.0,0.01,0.0,0.0,0.0,0.0,0.0,0.0,0.0,0.0,0.0,0.0,False,10
ARHGEF40,0.001,0,0,0,9.0,9.0,9.0,1.0,0.0,0.0,0.0,0.0,0.0,0.0,0.0,0.01,0.0,0.0,0.0,0.0,0.0,0.0,False,10
ATP1B1,0.001,0,0,0,9.0,9.0,9.0,0.0,0.0,0.0,0.01,0.0,0.0,0.0,0.0,0.0,0.0,0.0,0.0,0.0,0.0,0.0,False,10
CD109,0.001,0,0,0,9.0,9.0,9.0,0.0,0.0,0.0,0.01,0.0,0.0,0.0,0.0,0.0,0.0,0.0,0.0,0.0,0.0,0.0,False,10
CHAMP1,0.001,0,0,0,9.0,9.0,9.0,1.0,0.0,0.0,0.0,0.0,0.0,0.01,0.0,0.0,0.0,0.0,0.0,0.0,0.0,0.0,False,10
CHRNA1,0.001,0,0,0,9.0,9.0,9.0,1.0,0.0,0.0,0.0,0.01,0.0,0.0,0.0,0.0,0.0,0.0,0.0,0.0,0.04,0.0,False,10
CLEC2B,0.001,0,0,0,9.0,9.0,9.0,,0.0,0.0,0.0,0.0,0.0,0.0,0.0,0.0,0.01,0.0,0.0,0.0,0.0,0.0,False,10
COL17A1,0.001,0,0,0,9.0,9.0,9.0,,0.0,0.0,0.0,0.01,0.0,0.0,0.0,0.0,0.0,0.0,0.0,0.0,0.0,0.0,False,10
CYP4F2,0.001,0,0,0,9.0,9.0,9.0,,0.0,0.0,0.0,0.01,0.0,0.0,0.0,0.0,0.0,0.0,0.0,0.0,0.0,0.0,False,10
CYP4F8,0.001,0,0,0,9.0,9.0,9.0,1.0,0.0,0.01,0.0,0.0,0.0,0.0,0.0,0.0,0.0,0.0,0.0,0.0,0.0,0.0,False,10
DAGLB,0.001,0,0,0,9.0,9.0,9.0,0.0,0.0,0.0,0.01,0.0,0.0,0.0,0.0,0.0,0.0,0.0,0.0,0.0,0.0,0.0,False,10
ERBB3,0.001,0,0,0,9.0,9.0,9.0,,0.0,0.0,0.0,0.0,0.0,0.0,0.01,0.0,0.0,0.0,0.0,0.0,0.0,0.0,False,10
FARSA,0.001,0,0,0,9.0,9.0,9.0,,0.0,0.0,0.0,0.0,0.0,0.0,0.0,0.0,0.01,0.0,0.0,0.0,0.0,0.0,False,10
FEZ2,0.001,0,0,0,9.0,9.0,9.0,,0.0,0.0,0.0,0.01,0.0,0.0,0.0,0.0,0.0,0.0,0.0,0.0,0.0,0.0,False,10
GLB1L3,0.001,0,0,0,9.0,9.0,9.0,1.0,0.0,0.01,0.0,0.0,0.0,0.0,0.0,0.0,0.0,0.0,0.0,0.0,0.0,0.0,False,10
GPBAR1,0.001,0,0,0,9.0,9.0,9.0,1.0,0.0,0.0,0.0,0.0,0.0,0.0,0.0,0.01,0.0,0.0,0.0,0.0,0.0,0.0,False,10
GUSBP4,0.001,0,0,0,9.0,9.0,9.0,0.0,0.0,0.01,0.0,0.0,0.0,0.0,0.0,0.0,0.0,0.0,0.0,0.0,0.0,0.0,False,10
HIGD1B,0.001,0,0,0,9.0,9.0,9.0,1.0,0.0,0.0,0.01,0.0,0.0,0.0,0.0,0.0,0.0,0.0,0.0,0.0,0.0,0.0,False,10
IDH3A,0.001,0,0,0,9.0,9.0,9.0,,0.0,0.0,0.0,0.01,0.0,0.0,0.0,0.0,0.0,0.0,0.0,0.0,0.0,0.0,False,10
IGLV6-57,0.001,0,0,0,9.0,9.0,9.0,1.0,0.0,0.01,0.0,0.0,0.0,0.0,0.0,0.0,0.0,0.0,0.0,0.0,0.0,0.0,False,10
INSL3,0.001,0,0,0,9.0,9.0,9.0,,0.0,0.0,0.0,0.01,0.0,0.0,0.0,0.0,0.0,0.0,0.0,0.0,0.0,0.0,False,10
KIAA1524,0.001,0,0,0,9.0,9.0,9.0,0.0,0.0,0.0,0.01,0.0,0.0,0.0,0.0,0.0,0.0,0.0,0.0,0.0,0.0,0.0,False,10
LDHD,0.001,0,0,0,9.0,9.0,9.0,,0.0,0.0,0.0,0.0,0.0,0.0,0.01,0.0,0.0,0.0,0.0,0.0,0.0,0.0,False,10
LOC100288570,0.001,0,0,0,9.0,9.0,9.0,1.0,0.0,0.01,0.0,0.0,0.0,0.0,0.0,0.0,0.0,0.0,0.0,0.0,0.0,0.0,False,10
MAP6,0.001,0,0,0,9.0,9.0,9.0,0.0,0.0,0.01,0.0,0.0,0.0,0.0,0.0,0.0,0.0,0.0,0.0,0.0,0.0,0.0,False,10
MED23,0.001,0,0,0,9.0,9.0,9.0,,0.0,0.0,0.0,0.01,0.0,0.0,0.0,0.0,0.0,0.0,0.0,0.0,0.0,0.0,False,10
MGARP,0.001,0,0,0,9.0,9.0,9.0,,0.0,0.0,0.0,0.01,0.0,0.0,0.0,0.0,0.0,0.0,0.0,0.0,0.0,0.0,False,10
MMP1,0.001,0,0,0,9.0,9.0,9.0,1.0,0.0,0.0,0.01,0.0,0.0,0.0,0.0,0.0,0.0,0.0,0.0,0.0,0.0,0.0,False,10
NIPSNAP1,0.001,0,0,0,9.0,9.0,9.0,1.0,0.0,0.0,0.0,0.0,0.0,0.0,0.0,0.01,0.0,0.0,0.0,0.0,0.0,0.0,False,10
NME7,0.001,0,0,0,9.0,9.0,9.0,1.0,0.0,0.0,0.01,0.0,0.0,0.0,0.0,0.0,0.0,0.0,0.0,0.0,0.0,0.0,False,10
PRKCA-AS1,0.001,0,0,0,9.0,9.0,9.0,0.0,0.0,0.01,0.0,0.0,0.0,0.0,0.0,0.0,0.0,0.0,0.0,0.0,0.0,0.0,False,10
RASD1,0.001,0,0,0,9.0,9.0,9.0,,0.0,0.0,0.0,0.01,0.0,0.0,0.0,0.0,0.0,0.0,0.0,0.0,0.0,0.0,False,10
RGS18,0.001,0,0,0,9.0,9.0,9.0,,0.0,0.0,0.0,0.01,0.0,0.0,0.0,0.0,0.0,0.0,0.0,0.0,0.0,0.0,False,10
RGS22,0.001,0,0,0,9.0,9.0,9.0,1.0,0.0,0.0,0.01,0.0,0.0,0.0,0.0,0.0,0.0,0.0,0.0,0.0,0.0,0.0,False,10
RLF,0.001,0,0,0,9.0,9.0,9.0,0.0,0.0,0.0,0.01,0.0,0.0,0.0,0.0,0.0,0.0,0.0,0.0,0.0,0.0,0.0,False,10
SEL1L2,0.001,0,0,0,9.0,9.0,9.0,0.0,0.0,0.01,0.0,0.0,0.0,0.0,0.0,0.0,0.0,0.0,0.0,0.01,0.0,0.0,False,10
SERPINA7,0.001,0,0,0,9.0,9.0,9.0,,0.0,0.0,0.0,0.01,0.0,0.0,0.0,0.0,0.0,0.0,0.0,0.0,0.0,0.0,False,10
SFXN5,0.001,0,0,0,9.0,9.0,9.0,1.0,0.0,0.01,0.0,0.0,0.0,0.0,0.0,0.0,0.0,0.0,0.0,0.0,0.0,0.0,False,10
SH3KBP1,0.001,0,0,0,9.0,9.0,9.0,0.0,0.02,0.0,0.0,0.0,0.0,0.0,0.0,0.0,0.01,0.0,0.0,0.0,0.0,0.02,False,10
SLAMF9,0.001,0,0,0,9.0,9.0,9.0,1.0,0.0,0.0,0.0,0.01,0.0,0.0,0.0,0.0,0.0,0.0,0.0,0.0,0.04,0.0,False,10
SMIM3,0.001,0,0,0,9.0,9.0,9.0,1.0,0.0,0.0,0.0,0.0,0.0,0.0,0.0,0.01,0.0,0.0,0.0,0.0,0.0,0.0,False,10
SNHG24,0.001,0,0,0,9.0,9.0,9.0,0.0,0.0,0.0,0.0,0.01,0.0,0.0,0.0,0.0,0.0,0.0,0.0,0.04,0.0,0.0,False,10
SULF1,0.001,0,0,0,9.0,9.0,9.0,0.0,0.0,0.0,0.01,0.0,0.0,0.0,0.0,0.0,0.0,0.0,0.0,0.0,0.0,0.0,False,10
SVEP1,0.001,0,0,0,9.0,9.0,9.0,1.0,0.0,0.0,0.0,0.0,0.0,0.0,0.0,0.01,0.0,0.0,0.0,0.0,0.0,0.0,False,10
SYTL1,0.001,0,0,0,9.0,9.0,9.0,,0.0,0.0,0.0,0.0,0.0,0.0,0.0,0.0,0.01,0.0,0.0,0.0,0.0,0.0,False,10
TAF8,0.001,0,0,0,9.0,9.0,9.0,1.0,0.0,0.0,0.01,0.0,0.0,0.0,0.0,0.0,0.0,0.0,0.0,0.0,0.0,0.0,False,10
TCEAL7,0.001,0,0,0,9.0,9.0,9.0,0.0,0.0,0.0,0.01,0.0,0.0,0.0,0.0,0.0,0.0,0.0,0.0,0.0,0.0,0.0,False,10
TMEM120B,0.001,0,0,0,9.0,9.0,9.0,0.0,0.0,0.0,0.0,0.0,0.0,0.01,0.0,0.0,0.0,0.0,0.0,0.0,0.0,0.0,False,10
TNC,0.001,0,0,0,9.0,9.0,9.0,1.0,0.0,0.0,0.01,0.0,0.0,0.0,0.0,0.0,0.0,0.0,0.0,0.0,0.0,0.0,False,10
TPBGL,0.001,0,0,0,9.0,9.0,9.0,,0.0,0.0,0.0,0.01,0.0,0.0,0.0,0.0,0.0,0.0,0.0,0.0,0.0,0.0,False,10
TRPS1,0.001,0,0,0,9.0,9.0,9.0,,0.0,0.0,0.0,0.0,0.0,0.0,0.0,0.0,0.01,0.0,0.0,0.0,0.0,0.0,False,10
UMOD,0.001,0,0,0,9.0,9.0,9.0,0.0,0.0,0.01,0.0,0.0,0.0,0.0,0.0,0.0,0.0,0.0,0.0,0.0,0.0,0.0,False,10
ZFP14,0.001,0,0,0,9.0,9.0,9.0,0.0,0.0,0.0,0.01,0.0,0.0,0.0,0.0,0.0,0.0,0.0,0.0,0.0,0.0,0.0,False,10
ZNF780B,0.001,0,0,0,9.0,9.0,9.0,,0.0,0.0,0.0,0.01,0.0,0.0,0.0,0.0,0.0,0.0,0.0,0.0,0.0,0.0,False,10
ZNF99,0.001,0,0,0,9.0,9.0,9.0,0.0,0.0,0.01,0.0,0.0,0.0,0.0,0.0,0.0,0.0,0.0,0.0,0.0,0.0,0.0,False,10
ABCC10,0.001,0,0,0,10.0,10.0,10.0,1.0,0.0,0.0,0.0,0.0,0.0,0.0,0.0,0.0,0.0,0.01,0.0,0.0,0.0,0.0,False,10
ADIRF,0.001,0,0,0,10.0,10.0,10.0,1.0,0.0,0.0,0.0,0.0,0.0,0.0,0.0,0.01,0.0,0.0,0.0,0.0,0.0,0.0,False,10
AK5,0.001,0,0,0,10.0,10.0,10.0,,0.0,0.0,0.0,0.01,0.0,0.0,0.0,0.0,0.0,0.0,0.0,0.0,0.0,0.0,False,10
AKR1C3,0.001,0,0,0,10.0,10.0,10.0,,0.0,0.0,0.0,0.0,0.0,0.0,0.0,0.0,0.01,0.0,0.0,0.0,0.0,0.0,False,10
ARHGEF18,0.001,0,0,0,10.0,10.0,10.0,0.0,0.0,0.0,0.01,0.0,0.0,0.0,0.0,0.0,0.0,0.0,0.0,0.0,0.0,0.0,False,10
ASGR1,0.001,0,0,0,10.0,10.0,10.0,,0.0,0.0,0.0,0.01,0.0,0.0,0.0,0.0,0.0,0.0,0.0,0.0,0.0,0.0,False,10
B3GALT6,0.001,0,0,0,10.0,10.0,10.0,0.0,0.0,0.0,0.01,0.0,0.0,0.0,0.0,0.0,0.0,0.0,0.0,0.0,0.0,0.0,False,10
BAMBI,0.001,0,0,0,10.0,10.0,10.0,1.0,0.0,0.0,0.01,0.0,0.0,0.0,0.0,0.0,0.0,0.0,0.0,0.0,0.0,0.0,False,10
BICDL1,0.001,0,0,0,10.0,10.0,10.0,1.0,0.0,0.0,0.0,0.0,0.0,0.0,0.0,0.01,0.0,0.0,0.0,0.0,0.0,0.0,False,10
C12orf65,0.001,0,0,0,10.0,10.0,10.0,,0.0,0.0,0.0,0.01,0.0,0.0,0.0,0.0,0.0,0.0,0.0,0.0,0.0,0.0,False,10
CARF,0.001,0,0,0,10.0,10.0,10.0,,0.0,0.0,0.0,0.01,0.0,0.0,0.0,0.0,0.0,0.0,0.0,0.0,0.0,0.0,False,10
CENPK,0.001,0,0,0,10.0,10.0,10.0,,0.0,0.0,0.0,0.0,0.0,0.0,0.0,0.0,0.01,0.0,0.0,0.0,0.0,0.0,False,10
COL11A1,0.001,0,0,0,10.0,10.0,10.0,1.0,0.17,0.0,0.0,0.0,0.0,0.0,0.0,0.0,0.01,0.0,0.0,0.0,0.0,0.17,False,10
COLEC12,0.001,0,0,0,10.0,10.0,10.0,1.0,0.0,0.0,0.01,0.0,0.0,0.0,0.0,0.0,0.0,0.0,0.0,0.0,0.0,0.0,False,10
CTBP2,0.001,0,0,0,10.0,10.0,10.0,0.0,0.0,0.0,0.01,0.0,0.0,0.0,0.0,0.0,0.0,0.0,0.0,0.0,0.0,0.0,False,10
EHF,0.001,0,0,0,10.0,10.0,10.0,1.0,0.0,0.01,0.0,0.0,0.0,0.0,0.0,0.0,0.0,0.0,0.0,0.0,0.0,0.0,False,10
EPCAM,0.001,0,0,0,10.0,10.0,10.0,,0.0,0.0,0.0,0.0,0.0,0.0,0.01,0.0,0.0,0.0,0.0,0.0,0.0,0.0,False,10
EPHX1,0.001,0,0,0,10.0,10.0,10.0,0.0,0.0,0.0,0.01,0.0,0.0,0.0,0.0,0.0,0.0,0.0,0.0,0.0,0.0,0.0,False,10
FASN,0.001,0,0,0,10.0,10.0,10.0,0.0,0.0,0.0,0.01,0.0,0.0,0.0,0.0,0.0,0.0,0.0,0.0,0.0,0.0,0.0,False,10
FRMD1,0.001,0,0,0,10.0,10.0,10.0,0.0,0.0,0.01,0.0,0.0,0.0,0.0,0.0,0.0,0.0,0.0,0.0,0.01,0.0,0.0,False,10
FSTL4,0.001,0,0,0,10.0,10.0,10.0,,0.0,0.0,0.0,0.01,0.0,0.0,0.0,0.0,0.0,0.0,0.0,0.0,0.0,0.0,False,10
FUS,0.001,0,0,0,10.0,10.0,10.0,1.0,0.0,0.0,0.0,0.0,0.0,0.0,0.0,0.01,0.0,0.0,0.0,0.0,0.0,0.0,False,10
GNRH2,0.001,0,0,0,10.0,10.0,10.0,0.0,0.0,0.01,0.0,0.0,0.0,0.0,0.0,0.0,0.0,0.0,0.0,0.01,0.0,0.0,False,10
GPATCH2L,0.001,0,0,0,10.0,10.0,10.0,0.0,0.0,0.0,0.01,0.0,0.0,0.0,0.0,0.0,0.0,0.0,0.0,0.0,0.0,0.0,False,10
JUP,0.001,0,0,0,10.0,10.0,10.0,,0.0,0.0,0.0,0.0,0.0,0.0,0.0,0.0,0.01,0.0,0.0,0.0,0.0,0.0,False,10
KCNA1,0.001,0,0,0,10.0,10.0,10.0,0.0,0.0,0.01,0.0,0.0,0.0,0.0,0.0,0.0,0.0,0.0,0.0,0.02,0.0,0.0,False,10
KIAA1522,0.001,0,0,0,10.0,10.0,10.0,1.0,0.0,0.0,0.0,0.0,0.0,0.0,0.0,0.01,0.0,0.0,0.0,0.0,0.0,0.0,False,10
KMT2D,0.001,0,0,0,10.0,10.0,10.0,,0.0,0.0,0.0,0.0,0.0,0.0,0.0,0.0,0.01,0.0,0.0,0.0,0.0,0.0,False,10
LGALS4,0.001,0,0,0,10.0,10.0,10.0,,0.0,0.0,0.0,0.01,0.0,0.0,0.0,0.0,0.0,0.0,0.0,0.0,0.0,0.0,False,10
LINC01010,0.001,0,0,0,10.0,10.0,10.0,,0.0,0.0,0.0,0.01,0.0,0.0,0.0,0.0,0.0,0.0,0.0,0.0,0.0,0.0,False,10
LOC100506459,0.001,0,0,0,10.0,10.0,10.0,1.0,0.0,0.01,0.0,0.0,0.0,0.0,0.0,0.0,0.0,0.0,0.0,0.0,0.0,0.0,False,10
LOC101060391,0.001,0,0,0,10.0,10.0,10.0,1.0,0.0,0.0,0.0,0.0,0.0,0.01,0.0,0.0,0.0,0.0,0.0,0.0,0.0,0.0,False,10
LOC101928132,0.001,0,0,0,10.0,10.0,10.0,,0.0,0.0,0.0,0.01,0.0,0.0,0.0,0.0,0.0,0.0,0.0,0.0,0.0,0.0,False,10
LOC101928909,0.001,0,0,0,10.0,10.0,10.0,,0.0,0.0,0.0,0.01,0.0,0.0,0.0,0.0,0.0,0.0,0.0,0.0,0.0,0.0,False,10
LOC105374690,0.001,0,0,0,10.0,10.0,10.0,0.0,0.0,0.01,0.0,0.0,0.0,0.0,0.0,0.0,0.0,0.0,0.0,0.0,0.0,0.0,False,10
MT4,0.001,0,0,0,10.0,10.0,10.0,1.0,0.0,0.0,0.0,0.0,0.01,0.0,0.0,0.0,0.0,0.0,0.0,0.0,0.01,0.0,False,10
NALCN,0.001,0,0,0,10.0,10.0,10.0,,0.0,0.0,0.0,0.01,0.0,0.0,0.0,0.0,0.0,0.0,0.0,0.0,0.0,0.0,False,10
NDN,0.001,0,0,0,10.0,10.0,10.0,1.0,0.0,0.0,0.0,0.0,0.0,0.0,0.0,0.01,0.0,0.0,0.0,0.0,0.0,0.0,False,10
PGM1,0.001,0,0,0,10.0,10.0,10.0,,0.0,0.0,0.0,0.01,0.0,0.0,0.0,0.0,0.0,0.0,0.0,0.0,0.0,0.0,False,10
PRIMA1,0.001,0,0,0,10.0,10.0,10.0,0.0,0.0,0.0,0.01,0.0,0.0,0.0,0.0,0.0,0.0,0.0,0.0,0.0,0.0,0.0,False,10
PRKXP1,0.001,0,0,0,10.0,10.0,10.0,0.0,0.0,0.0,0.01,0.0,0.0,0.0,0.0,0.0,0.0,0.0,0.0,0.0,0.0,0.0,False,10
PRMT9,0.001,0,0,0,10.0,10.0,10.0,1.0,0.0,0.0,0.01,0.0,0.0,0.0,0.0,0.0,0.0,0.0,0.0,0.0,0.0,0.0,False,10
PROK2,0.001,0,0,0,10.0,10.0,10.0,0.0,0.0,0.01,0.0,0.0,0.0,0.0,0.0,0.0,0.0,0.0,0.0,0.0,0.0,0.0,False,10
PTPRD-AS1,0.001,0,0,0,10.0,10.0,10.0,1.0,0.0,0.01,0.0,0.0,0.0,0.0,0.0,0.0,0.0,0.0,0.0,0.0,0.0,0.0,False,10
RAB25,0.001,0,0,0,10.0,10.0,10.0,1.0,0.02,0.0,0.0,0.0,0.0,0.0,0.0,0.0,0.01,0.0,0.0,0.0,0.0,0.02,False,10
RALY,0.001,0,0,0,10.0,10.0,10.0,,0.0,0.0,0.0,0.0,0.0,0.0,0.0,0.0,0.01,0.0,0.0,0.0,0.0,0.0,False,10
RBM12B,0.001,0,0,0,10.0,10.0,10.0,1.0,0.01,0.0,0.0,0.0,0.0,0.0,0.0,0.01,0.0,0.0,0.0,0.0,0.0,0.01,False,10
SHTN1,0.001,0,0,0,10.0,10.0,10.0,0.0,0.0,0.0,0.01,0.0,0.0,0.0,0.0,0.0,0.0,0.0,0.0,0.0,0.0,0.0,False,10
SIX4,0.001,0,0,0,10.0,10.0,10.0,,0.0,0.0,0.0,0.0,0.0,0.0,0.0,0.0,0.01,0.0,0.0,0.0,0.0,0.0,False,10
SLC35D1,0.001,0,0,0,10.0,10.0,10.0,1.0,0.0,0.0,0.01,0.0,0.0,0.0,0.0,0.0,0.0,0.0,0.0,0.0,0.0,0.0,False,10
SNX21,0.001,0,0,0,10.0,10.0,10.0,1.0,0.0,0.0,0.0,0.0,0.0,0.0,0.0,0.01,0.0,0.0,0.0,0.0,0.0,0.0,False,10
SOX6,0.001,0,0,0,10.0,10.0,10.0,0.0,0.0,0.0,0.01,0.0,0.0,0.0,0.0,0.0,0.0,0.0,0.0,0.0,0.0,0.0,False,10
SP7,0.001,0,0,0,10.0,10.0,10.0,,0.0,0.0,0.0,0.01,0.0,0.0,0.0,0.0,0.0,0.0,0.0,0.0,0.0,0.0,False,10
STX1B,0.001,0,0,0,10.0,10.0,10.0,0.0,0.0,0.01,0.0,0.0,0.0,0.0,0.0,0.0,0.0,0.0,0.0,0.02,0.0,0.0,False,10
SUGCT,0.001,0,0,0,10.0,10.0,10.0,0.0,0.0,0.0,0.01,0.0,0.0,0.0,0.0,0.0,0.0,0.0,0.0,0.0,0.0,0.0,False,10
TBC1D2,0.001,0,0,0,10.0,10.0,10.0,1.0,0.0,0.0,0.0,0.01,0.0,0.0,0.0,0.0,0.0,0.0,0.0,0.0,0.01,0.0,False,10
THRSP,0.001,0,0,0,10.0,10.0,10.0,1.0,0.0,0.0,0.01,0.0,0.0,0.0,0.0,0.0,0.0,0.0,0.0,0.0,0.0,0.0,False,10
TMPRSS3,0.001,0,0,0,10.0,10.0,10.0,1.0,0.0,0.0,0.01,0.0,0.0,0.0,0.0,0.0,0.0,0.0,0.0,0.0,0.0,0.0,False,10
TSC22D4,0.001,0,0,0,10.0,10.0,10.0,,0.0,0.0,0.0,0.01,0.0,0.0,0.0,0.0,0.0,0.0,0.0,0.0,0.0,0.0,False,10
TTC39A,0.001,0,0,0,10.0,10.0,10.0,0.0,0.0,0.0,0.01,0.0,0.0,0.0,0.0,0.0,0.0,0.0,0.0,0.0,0.0,0.0,False,10
VPS37C,0.001,0,0,0,10.0,10.0,10.0,1.0,0.0,0.0,0.0,0.0,0.0,0.0,0.0,0.01,0.0,0.0,0.0,0.0,0.0,0.0,False,10
ZNF605,0.001,0,0,0,10.0,10.0,10.0,1.0,0.0,0.0,0.01,0.0,0.0,0.0,0.0,0.0,0.0,0.0,0.0,0.0,0.0,0.0,False,10
ZNF792,0.001,0,0,0,10.0,10.0,10.0,0.0,0.0,0.0,0.01,0.0,0.0,0.0,0.0,0.0,0.0,0.0,0.0,0.0,0.0,0.0,False,10
ZNF804A,0.001,0,0,0,10.0,10.0,10.0,,0.0,0.0,0.0,0.01,0.0,0.0,0.0,0.0,0.0,0.0,0.0,0.0,0.0,0.0,False,10
ANGPTL4,0.0,0,0,0,,,,0.0,0.02,0.0,0.0,0.0,0.0,0.0,0.0,0.0,0.0,0.0,0.0,0.0,0.0,0.02,False,10
BPIFA1,0.0,0,0,0,,,,0.0,0.0,0.0,0.0,0.0,0.0,0.0,0.0,0.0,0.0,0.0,0.0,0.01,0.0,0.0,False,10
BUB1B,0.0,0,0,0,,,,1.0,0.03,0.0,0.0,0.0,0.0,0.0,0.0,0.0,0.0,0.0,0.0,0.0,0.0,0.03,False,10
CD300C,0.0,0,0,0,,,,1.0,0.0,0.0,0.0,0.0,0.0,0.0,0.0,0.0,0.0,0.0,0.0,0.0,0.01,0.0,False,10
CD36,0.0,0,0,0,,,,0.0,0.03,0.0,0.0,0.0,0.0,0.0,0.0,0.0,0.0,0.0,0.0,0.0,0.0,0.03,False,10
CENPF,0.0,0,0,0,,,,1.0,0.03,0.0,0.0,0.0,0.0,0.0,0.0,0.0,0.0,0.0,0.0,0.0,0.0,0.03,False,10
CHIT1,0.0,0,0,0,,,,1.0,0.0,0.0,0.0,0.0,0.0,0.0,0.0,0.0,0.0,0.0,0.0,0.0,0.01,0.0,False,10
CREB5,0.0,0,0,0,,,,0.0,0.0,0.0,0.0,0.0,0.0,0.0,0.0,0.0,0.0,0.0,0.0,0.01,0.0,0.0,False,10
CTB-113P19.1,0.0,0,0,0,,,,0.0,0.0,0.0,0.0,0.0,0.0,0.0,0.0,0.0,0.0,0.0,0.0,0.01,0.0,0.0,False,10
DIRC3,0.0,0,0,0,,,,0.0,0.0,0.0,0.0,0.0,0.0,0.0,0.0,0.0,0.0,0.0,0.0,0.02,0.0,0.0,False,10
DPP3,0.0,0,0,0,,,,1.0,0.01,0.0,0.0,0.0,0.0,0.0,0.0,0.0,0.0,0.0,0.0,0.0,0.0,0.01,False,10
F12,0.0,0,0,0,,,,1.0,0.01,0.0,0.0,0.0,0.0,0.0,0.0,0.0,0.0,0.0,0.0,0.0,0.0,0.01,False,10
FGFR3,0.0,0,0,0,,,,1.0,0.01,0.0,0.0,0.0,0.0,0.0,0.0,0.0,0.0,0.0,0.0,0.0,0.0,0.01,False,10
FOXA1,0.0,0,0,0,,,,1.0,0.01,0.0,0.0,0.0,0.0,0.0,0.0,0.0,0.0,0.0,0.0,0.0,0.0,0.01,False,10
GALNT6,0.0,0,0,0,,,,1.0,0.01,0.0,0.0,0.0,0.0,0.0,0.0,0.0,0.0,0.0,0.0,0.0,0.0,0.01,False,10
GFRA2,0.0,0,0,0,,,,0.0,0.0,0.0,0.0,0.0,0.0,0.0,0.0,0.0,0.0,0.0,0.0,0.01,0.0,0.0,False,10
HPGD,0.0,0,0,0,,,,0.0,0.0,0.0,0.0,0.0,0.0,0.0,0.0,0.0,0.0,0.0,0.0,0.06,0.0,0.0,False,10
IGSF9,0.0,0,0,0,,,,1.0,0.01,0.0,0.0,0.0,0.0,0.0,0.0,0.0,0.0,0.0,0.0,0.0,0.0,0.01,False,10
IQGAP3,0.0,0,0,0,,,,1.0,0.11,0.0,0.0,0.0,0.0,0.0,0.0,0.0,0.0,0.0,0.0,0.0,0.0,0.11,False,10
KIF2C,0.0,0,0,0,,,,1.0,0.14,0.0,0.0,0.0,0.0,0.0,0.0,0.0,0.0,0.0,0.0,0.0,0.0,0.14,False,10
KLB,0.0,0,0,0,,,,0.0,0.0,0.0,0.0,0.0,0.0,0.0,0.0,0.0,0.0,0.0,0.0,0.0,0.02,0.0,False,10
LOC100133461,0.0,0,0,0,,,,0.0,0.0,0.0,0.0,0.0,0.0,0.0,0.0,0.0,0.0,0.0,0.0,0.01,0.0,0.0,False,10
LOC100996404,0.0,0,0,0,,,,0.0,0.0,0.0,0.0,0.0,0.0,0.0,0.0,0.0,0.0,0.0,0.0,0.01,0.0,0.0,False,10
LOC101928429,0.0,0,0,0,,,,1.0,0.0,0.0,0.0,0.0,0.0,0.0,0.0,0.0,0.0,0.0,0.0,0.0,0.01,0.0,False,10
LOC101929660,0.0,0,0,0,,,,0.0,0.0,0.0,0.0,0.0,0.0,0.0,0.0,0.0,0.0,0.0,0.0,0.01,0.0,0.0,False,10
LPL,0.0,0,0,0,,,,0.0,0.02,0.0,0.0,0.0,0.0,0.0,0.0,0.0,0.0,0.0,0.0,0.0,0.0,0.02,False,10
LRRC8E,0.0,0,0,0,,,,1.0,0.03,0.0,0.0,0.0,0.0,0.0,0.0,0.0,0.0,0.0,0.0,0.0,0.0,0.03,False,10
NECTIN4,0.0,0,0,0,,,,1.0,0.5,0.0,0.0,0.0,0.0,0.0,0.0,0.0,0.0,0.0,0.0,0.0,0.0,0.5,False,10
NPNT,0.0,0,0,0,,,,1.0,0.04,0.0,0.0,0.0,0.0,0.0,0.0,0.0,0.0,0.0,0.0,0.0,0.0,0.04,False,10
PCDHGA9,0.0,0,0,0,,,,0.0,0.0,0.0,0.0,0.0,0.0,0.0,0.0,0.0,0.0,0.0,0.0,0.03,0.0,0.0,False,10
S100A14,0.0,0,0,0,,,,1.0,0.01,0.0,0.0,0.0,0.0,0.0,0.0,0.0,0.0,0.0,0.0,0.0,0.0,0.01,False,10
S100P,0.0,0,0,0,,,,1.0,0.01,0.0,0.0,0.0,0.0,0.0,0.0,0.0,0.0,0.0,0.0,0.0,0.0,0.01,False,10
SLC22A11,0.0,0,0,0,,,,0.0,0.0,0.0,0.0,0.0,0.0,0.0,0.0,0.0,0.0,0.0,0.0,0.01,0.0,0.0,False,10
SLC26A6,0.0,0,0,0,,,,1.0,0.01,0.0,0.0,0.0,0.0,0.0,0.0,0.0,0.0,0.0,0.0,0.0,0.0,0.01,False,10
SYNE4,0.0,0,0,0,,,,1.0,0.01,0.0,0.0,0.0,0.0,0.0,0.0,0.0,0.0,0.0,0.0,0.0,0.0,0.01,False,10
TMEM37,0.0,0,0,0,,,,0.0,0.02,0.0,0.0,0.0,0.0,0.0,0.0,0.0,0.0,0.0,0.0,0.0,0.0,0.02,False,10
WNT1,0.0,0,0,0,,,,0.0,0.0,0.0,0.0,0.0,0.0,0.0,0.0,0.0,0.0,0.0,0.0,0.01,0.0,0.0,False,10
ZEB2,0.0,0,0,0,,,,0.0,0.01,0.0,0.0,0.0,0.0,0.0,0.0,0.0,0.0,0.0,0.0,0.0,0.0,0.01,False,10
