dimension,group,k,repeat,phi,jaccard,kuncheva,mean_set_size,n_units
resampling,logreg_C0.1|coef,10,0,0.32967847202226697,0.20870681605975722,0.329678472022267,10.0,5
resampling,logreg_C100|coef,10,0,0.17960648814665503,0.10904221337657868,0.17960648814665517,10.0,5
resampling,logreg|coef,10,0,0.3496880698723486,0.22050592166691238,0.34968806987234863,10.0,5
resampling,logreg|perm,10,0,0.21962568384681824,0.13291193670450635,0.21962568384681833,10.0,5
resampling,logreg|shap,10,0,0.16960168922161423,0.09552803577571381,0.16960168922161434,10.0,5
resampling,rf|perm,10,0,-0.00047989250407898254,0.0,-0.0004798925040790863,10.0,5
resampling,rf|shap,10,0,-0.00047989250407898254,0.0,-0.0004798925040790863,10.0,5
resampling,svm|coef,10,0,0.17960648814665503,0.10565875472996215,0.17960648814665514,10.0,5
resampling,svm|perm,10,0,0.12958249352145113,0.0748108015135879,0.12958249352145118,10.0,5
resampling,svm|shap,10,0,0.08956329782128802,0.049226006191950465,0.08956329782128804,10.0,5
resampling,ttest|ttest,10,0,0.04954410212112492,0.026900584795321637,0.04954410212112487,10.0,5
resampling,xgb|perm,10,0,0.07955849889624711,0.04327485380116959,0.07955849889624725,10.0,5
resampling,xgb|shap,10,0,0.07955849889624711,0.04327485380116959,0.07955849889624725,10.0,5
model,explainer=coef,10,0,0.27965447739706306,0.17058823529411765,0.27965447739706306,10.0,5
model,explainer=perm,10,0,0.10290302972134238,0.06302439104296689,0.10290302972134242,10.0,5
model,explainer=shap,10,0,0.15292702434654634,0.09238972242068218,0.15292702434654637,10.0,5
explainer,model=logreg,10,0,0.31967367309722616,0.2209349703157753,0.3196736730972262,10.0,5
explainer,model=rf,10,0,0.7798944236491027,0.641025641025641,0.7798944236491027,10.0,5
explainer,model=svm,10,0,0.2596448795469814,0.15772519534129442,0.25964487954698146,10.0,5
explainer,model=xgb,10,0,0.899952010749592,0.8181818181818181,0.899952010749592,10.0,5
combined,all_primary,10,0,0.16226483667658445,0.10964154448158578,0.16226483667658448,10.0,5
baseline,logreg|coef_vs_ttest,10,0,-0.00047989250407898254,0.0,-0.0004798925040790863,10.0,5
baseline,logreg|shap_vs_ttest,10,0,-0.00047989250407898254,0.0,-0.0004798925040790863,10.0,5
baseline,logreg|perm_vs_ttest,10,0,-0.00047989250407898254,0.0,-0.0004798925040790863,10.0,5
baseline,svm|coef_vs_ttest,10,0,-0.00047989250407898254,0.0,-0.0004798925040790863,10.0,5
baseline,svm|shap_vs_ttest,10,0,0.01952970534600258,0.010526315789473684,0.019529705346002502,10.0,5
baseline,svm|perm_vs_ttest,10,0,-0.00047989250407898254,0.0,-0.0004798925040790863,10.0,5
baseline,rf|shap_vs_ttest,10,0,0.01952970534600258,0.010526315789473684,0.019529705346002502,10.0,5
baseline,rf|perm_vs_ttest,10,0,0.01952970534600258,0.010526315789473684,0.019529705346002502,10.0,5
baseline,xgb|shap_vs_ttest,10,0,0.059548901046165725,0.0327485380116959,0.059548901046165656,10.0,5
baseline,xgb|perm_vs_ttest,10,0,0.059548901046165725,0.0327485380116959,0.059548901046165656,10.0,5
sensitivity,logreg_coef_across_C,10,0,0.5731285791982594,0.4698768265331733,0.5731285791982595,10.0,5
resampling,logreg_C0.1|coef,25,0,0.34721721173702147,0.2171126470813677,0.34721721173702164,25.0,5
resampling,logreg_C100|coef,25,0,0.23107794265955905,0.13517533929361059,0.23107794265955914,25.0,5
resampling,logreg|coef,25,0,0.3552268165009844,0.22306502803374867,0.35522681650098453,25.0,5
resampling,logreg|perm,25,0,0.2671211640973923,0.1626608093834814,0.26712116409739234,25.0,5
resampling,logreg|shap,25,0,0.25911155933342933,0.15294229456056588,0.2591115593334294,25.0,5
resampling,rf|perm,25,0,0.02683302117850439,0.014455782312925169,0.026833021178504536,25.0,5
resampling,rf|shap,25,0,0.010813811650578486,0.006122448979591836,0.010813811650578686,25.0,5
resampling,svm|coef,25,0,0.2751307688613551,0.16416750603554014,0.27513076886135523,25.0,5
resampling,svm|perm,25,0,0.2070491283676703,0.1194899701490821,0.20704912836767037,25.0,5
resampling,svm|shap,25,0,0.1549866974019113,0.08634844976030387,0.15498669740191134,25.0,5
resampling,ttest|ttest,25,0,0.110933871200115,0.061351790499274514,0.11093387120011526,25.0,5
resampling,xgb|perm,25,0,0.09491466167218932,0.050809199720591294,0.0949146616721894,25.0,5
resampling,xgb|shap,25,0,0.12294827834605937,0.06653433035255421,0.12294827834605963,25.0,5
model,explainer=coef,25,0,0.27112596647937376,0.1582435652203094,0.27112596647937376,25.0,5
model,explainer=perm,25,0,0.1042592005634794,0.06088194227028713,0.10425920056347948,25.0,5
model,explainer=shap,25,0,0.16299630216587419,0.09776024381732969,0.16299630216587427,25.0,5
explainer,model=logreg,25,0,0.3886001696841633,0.2611992777048164,0.38860016968416333,25.0,5
explainer,model=rf,25,0,0.7356830427892235,0.58455522971652,0.7356830427892234,25.0,5
explainer,model=svm,25,0,0.34321240935503994,0.22361371271027147,0.3432124093550401,25.0,5
explainer,model=xgb,25,0,0.887865533304519,0.7998540412333515,0.887865533304519,25.0,5
combined,all_primary,25,0,0.17768057756647282,0.11741710850383351,0.17768057756647299,25.0,5
baseline,logreg|coef_vs_ttest,25,0,-0.001200595495365775,0.0,-0.0012005954953657014,25.0,5
baseline,logreg|shap_vs_ttest,25,0,0.02282821879652299,0.012414965986394558,0.022828218796523074,25.0,5
baseline,logreg|perm_vs_ttest,25,0,-0.001200595495365775,0.0,-0.0012005954953657014,25.0,5
baseline,svm|coef_vs_ttest,25,0,-0.001200595495365775,0.0,-0.0012005954953657014,25.0,5
baseline,svm|shap_vs_ttest,25,0,0.014818614032560084,0.008333333333333333,0.014818614032560146,25.0,5
baseline,svm|perm_vs_ttest,25,0,-0.001200595495365775,0.0,-0.0012005954953657014,25.0,5
baseline,rf|shap_vs_ttest,25,0,0.02282821879652299,0.012414965986394558,0.022828218796523074,25.0,5
baseline,rf|perm_vs_ttest,25,0,0.0308378235604859,0.016847590099869733,0.030837823560486005,25.0,5
baseline,xgb|shap_vs_ttest,25,0,0.038847428324448804,0.020929222752930958,0.03884742832444893,25.0,5
baseline,xgb|perm_vs_ttest,25,0,0.0308378235604859,0.016847590099869733,0.030837823560485998,25.0,5
sensitivity,logreg_coef_across_C,25,0,0.6235485760937425,0.5075414831456783,0.6235485760937426,25.0,5
resampling,logreg_C0.1|coef,50,0,0.3644758149822097,0.22745091376307552,0.3644758149822099,50.0,5
resampling,logreg_C100|coef,50,0,0.2822786806423693,0.16973360021732295,0.2822786806423695,50.0,5
resampling,logreg|coef,50,0,0.35846139051831905,0.22253641509401473,0.35846139051831905,50.0,5
resampling,logreg|perm,50,0,0.26423540725069705,0.1578140831215906,0.2642354072506972,50.0,5
resampling,logreg|shap,50,0,0.2582209827868063,0.15327453889255155,0.2582209827868064,50.0,5
resampling,rf|perm,50,0,0.031677661313587624,0.0174641693603402,0.03167766131358785,50.0,5
resampling,rf|shap,50,0,0.031677661313587624,0.01733726917821174,0.031677661313587846,50.0,5
resampling,svm|coef,50,0,0.2842834887969996,0.16916432017927865,0.2842834887969997,50.0,5
resampling,svm|perm,50,0,0.2923027214155207,0.1754117999455565,0.2923027214155207,50.0,5
resampling,svm|shap,50,0,0.2040911626117894,0.11602830375539527,0.2040911626117896,50.0,5
resampling,ttest|ttest,50,0,0.16599980767381473,0.09299808588072957,0.16599980767381478,50.0,5
resampling,xgb|perm,50,0,0.10786037118953729,0.058610104750470016,0.10786037118953744,50.0,5
resampling,xgb|shap,50,0,0.11387479565342795,0.06188004956427815,0.1138747956534282,50.0,5
model,explainer=coef,50,0,0.2822786806423694,0.16698865155160264,0.2822786806423695,50.0,5
model,explainer=perm,50,0,0.12189402827194906,0.07272214990570511,0.12189402827194924,50.0,5
model,explainer=shap,50,0,0.18070173414110324,0.10706961612470763,0.1807017341411033,50.0,5
explainer,model=logreg,50,0,0.45068256563131054,0.30835946337078635,0.4506825656313107,50.0,5
explainer,model=rf,50,0,0.7473941725165881,0.6002009995654063,0.7473941725165881,50.0,5
explainer,model=svm,50,0,0.38786524345289597,0.25868612499356075,0.38786524345289614,50.0,5
explainer,model=xgb,50,0,0.8757018944129242,0.7801203636049372,0.8757018944129242,50.0,5
combined,all_primary,50,0,0.1987004562404503,0.1315476742510701,0.19870045624045046,50.0,5
baseline,logreg|coef_vs_ttest,50,0,0.0016055389941339148,0.00202020202020202,0.0016055389941340523,50.0,5
baseline,logreg|shap_vs_ttest,50,0,0.017644004231175937,0.01022597105071332,0.017644004231176076,50.0,5
baseline,logreg|perm_vs_ttest,50,0,-0.002404077315126596,0.0,-0.0024040773151264546,50.0,5
baseline,svm|coef_vs_ttest,50,0,0.0016055389941339148,0.00202020202020202,0.0016055389941340523,50.0,5
baseline,svm|shap_vs_ttest,50,0,0.017644004231175937,0.010526315789473684,0.017644004231176073,50.0,5
baseline,svm|perm_vs_ttest,50,0,0.0016055389941339148,0.00202020202020202,0.0016055389941340523,50.0,5
baseline,rf|shap_vs_ttest,50,0,0.04571131839599947,0.024969626793334997,0.04571131839599961,50.0,5
baseline,rf|perm_vs_ttest,50,0,0.05373055101452047,0.029134991783442254,0.05373055101452062,50.0,5
baseline,xgb|shap_vs_ttest,50,0,0.057740167323781,0.03136649044351235,0.057740167323781136,50.0,5
baseline,xgb|perm_vs_ttest,50,0,0.04972093470525998,0.027157293487629085,0.04972093470526012,50.0,5
sensitivity,logreg_coef_across_C,50,0,0.6083941404622238,0.4956110312670976,0.6083941404622238,50.0,5
resampling,logreg_C0.1|coef,10,1,0.16960168922161423,0.09772101823185415,0.16960168922161434,10.0,5
resampling,logreg_C100|coef,10,1,0.22963048277185916,0.13291193670450635,0.22963048277185907,10.0,5
resampling,logreg|coef,10,1,0.19961608599673675,0.11775025799793601,0.19961608599673672,10.0,5
resampling,logreg|perm,10,1,0.13958729244649204,0.07984176126590987,0.13958729244649198,10.0,5
resampling,logreg|shap,10,1,0.23963528169689985,0.1380718954248366,0.23963528169689985,10.0,5
resampling,rf|perm,10,1,0.08956329782128802,0.04853801169590643,0.08956329782128804,10.0,5
resampling,rf|shap,10,1,0.009524906420961599,0.005263157894736842,0.00952490642096171,10.0,5
resampling,svm|coef,10,1,0.18961128707169594,0.1066391468868249,0.18961128707169592,10.0,5
resampling,svm|perm,10,1,0.23963528169689985,0.14026487788097697,0.23963528169689985,10.0,5
resampling,svm|shap,10,1,0.14959209137153273,0.08441692466460268,0.1495920913715328,10.0,5
resampling,ttest|ttest,10,1,0.25964487954698134,0.15114379084967322,0.25964487954698146,10.0,5
resampling,xgb|perm,10,1,0.04954410212112492,0.026900584795321637,0.04954410212112487,10.0,5
resampling,xgb|shap,10,1,0.04954410212112492,0.027485380116959064,0.04954410212112487,10.0,5
model,explainer=coef,10,1,0.2596448795469815,0.15333677330581358,0.2596448795469815,10.0,5
model,explainer=perm,10,1,0.1262475605464376,0.07531819745442037,0.1262475605464376,10.0,5
model,explainer=shap,10,1,0.15292702434654634,0.0999031956462297,0.15292702434654637,10.0,5
explainer,model=logreg,10,1,0.4730805899478517,0.33272302173230967,0.4730805899478517,10.0,5
explainer,model=rf,10,1,0.7398752279489393,0.5897435897435896,0.7398752279489393,10.0,5
explainer,model=svm,10,1,0.34635313689733493,0.2258977635138626,0.346353136897335,10.0,5
explainer,model=xgb,10,1,0.7999040214991842,0.6796536796536796,0.7999040214991842,10.0,5
combined,all_primary,10,1,0.19250156231670765,0.12929087386259724,0.19250156231670773,10.0,5
baseline,logreg|coef_vs_ttest,10,1,-0.00047989250407898254,0.0,-0.0004798925040790863,10.0,5
baseline,logreg|shap_vs_ttest,10,1,-0.00047989250407898254,0.0,-0.0004798925040790863,10.0,5
baseline,logreg|perm_vs_ttest,10,1,-0.00047989250407898254,0.0,-0.0004798925040790863,10.0,5
baseline,svm|coef_vs_ttest,10,1,-0.00047989250407898254,0.0,-0.0004798925040790863,10.0,5
baseline,svm|shap_vs_ttest,10,1,-0.00047989250407898254,0.0,-0.0004798925040790863,10.0,5
baseline,svm|perm_vs_ttest,10,1,-0.00047989250407898254,0.0,-0.0004798925040790863,10.0,5
baseline,rf|shap_vs_ttest,10,1,0.03953930319608414,0.021052631578947368,0.03953930319608408,10.0,5
baseline,rf|perm_vs_ttest,10,1,0.03953930319608414,0.021052631578947368,0.03953930319608408,10.0,5
baseline,xgb|shap_vs_ttest,10,1,0.059548901046165705,0.031578947368421054,0.059548901046165656,10.0,5
baseline,xgb|perm_vs_ttest,10,1,0.059548901046165705,0.031578947368421054,0.059548901046165656,10.0,5
sensitivity,logreg_coef_across_C,10,1,0.6464971046485587,0.5315980315980317,0.6464971046485586,10.0,5
resampling,logreg_C0.1|coef,25,1,0.2230683378955961,0.12914900304464572,0.2230683378955962,25.0,5
resampling,logreg_C100|coef,25,1,0.1750107093118185,0.09758612739272335,0.17501070931181867,25.0,5
resampling,logreg|coef,25,1,0.239087547423522,0.13839145282046253,0.23908754742352206,25.0,5
resampling,logreg|perm,25,1,0.15899149978389282,0.08861219400191404,0.15899149978389282,25.0,5
resampling,logreg|shap,25,1,0.2511019545694664,0.14816143860633244,0.2511019545694665,25.0,5
resampling,rf|perm,25,1,0.06688104499831915,0.03603150480050177,0.06688104499831916,25.0,5
resampling,rf|shap,25,1,0.054866637852374556,0.02927388346643005,0.05486663785237478,25.0,5
resampling,svm|coef,25,1,0.2070491283676703,0.11817384345916282,0.20704912836767037,25.0,5
resampling,svm|perm,25,1,0.18702511645776287,0.10517917045437856,0.18702511645776304,25.0,5
resampling,svm|shap,25,1,0.16299630216587413,0.0907122883776791,0.1629963021658743,25.0,5
resampling,ttest|ttest,25,1,0.27913557124333666,0.16576479076479078,0.2791355712433367,25.0,5
resampling,xgb|perm,25,1,0.11493867358209653,0.06229495344236985,0.11493867358209672,25.0,5
resampling,xgb|shap,25,1,0.11894347596407806,0.0650070290779951,0.11894347596407817,25.0,5
model,explainer=coef,25,1,0.3752508284108918,0.23961847329611605,0.37525082841089186,25.0,5
model,explainer=perm,25,1,0.13629761961933115,0.08129473726290772,0.13629761961933118,25.0,5
model,explainer=shap,25,1,0.20437926011301602,0.13269400969185471,0.20437926011301605,25.0,5
explainer,model=logreg,25,1,0.44199753477724935,0.29400548623911915,0.4419975347772495,25.0,5
explainer,model=rf,25,1,0.7597118570811122,0.6135752688172043,0.7597118570811122,25.0,5
explainer,model=svm,25,1,0.41796872048536055,0.2796173134732818,0.4179687204853607,25.0,5
explainer,model=xgb,25,1,0.8478175094847045,0.739749045088311,0.8478175094847045,25.0,5
combined,all_primary,25,1,0.21612668043349487,0.14342221453860396,0.21612668043349506,25.0,5
baseline,logreg|coef_vs_ttest,25,1,-0.001200595495365775,0.0,-0.0012005954953657014,25.0,5
baseline,logreg|shap_vs_ttest,25,1,0.02282821879652295,0.012244897959183673,0.022828218796523077,25.0,5
baseline,logreg|perm_vs_ttest,25,1,-0.001200595495365775,0.0,-0.0012005954953657014,25.0,5
baseline,svm|coef_vs_ttest,25,1,-0.001200595495365775,0.0,-0.0012005954953657014,25.0,5
baseline,svm|shap_vs_ttest,25,1,0.01481861403256004,0.008163265306122448,0.014818614032560152,25.0,5
baseline,svm|perm_vs_ttest,25,1,0.006809009268597133,0.004081632653061224,0.006809009268597224,25.0,5
baseline,rf|shap_vs_ttest,25,1,0.05486663785237467,0.02926255608626429,0.05486663785237478,25.0,5
baseline,rf|perm_vs_ttest,25,1,0.07088584738030057,0.03776595744680851,0.07088584738030063,25.0,5
baseline,xgb|shap_vs_ttest,25,1,0.05486663785237467,0.02926255608626429,0.05486663785237478,25.0,5
baseline,xgb|perm_vs_ttest,25,1,0.05486663785237467,0.02926255608626429,0.05486663785237478,25.0,5
sensitivity,logreg_coef_across_C,25,1,0.6742760729321742,0.5385191641537437,0.6742760729321743,25.0,5
resampling,logreg_C0.1|coef,50,1,0.2902979132608904,0.1727353552938208,0.29029791326089044,50.0,5
resampling,logreg_C100|coef,50,1,0.20609597076641972,0.1163282000040587,0.20609597076641983,50.0,5
resampling,logreg|coef,50,1,0.2822786806423693,0.16660874320601032,0.2822786806423695,50.0,5
resampling,logreg|perm,50,1,0.17401904029233561,0.09736604559245375,0.1740190402923358,50.0,5
resampling,logreg|shap,50,1,0.2662402154053274,0.15719507531123927,0.26624021540532744,50.0,5
resampling,rf|perm,50,1,0.07377863256082307,0.039676494176248446,0.07377863256082315,50.0,5
resampling,rf|shap,50,1,0.06575939994230207,0.03531241579648679,0.06575939994230215,50.0,5
resampling,svm|coef,50,1,0.24218251754976416,0.14047921961654042,0.24218251754976444,50.0,5
resampling,svm|perm,50,1,0.2201296278488315,0.1252424124066432,0.22012962784883167,50.0,5
resampling,svm|shap,50,1,0.2281488604673525,0.13090635093280228,0.22814886046735267,50.0,5
resampling,ttest|ttest,50,1,0.3243796518896046,0.19842886582971736,0.32437965188960477,50.0,5
resampling,xgb|perm,50,1,0.10585556303490706,0.057507713845230166,0.10585556303490722,50.0,5
resampling,xgb|shap,50,1,0.1319180690451004,0.07255437852165715,0.13191806904510048,50.0,5
model,explainer=coef,50,1,0.39855755361092404,0.25534554385049485,0.39855755361092415,50.0,5
model,explainer=perm,50,1,0.12122575888707236,0.06991401256857024,0.12122575888707247,50.0,5
model,explainer=shap,50,1,0.19941327691765226,0.1271328530318933,0.19941327691765234,50.0,5
explainer,model=logreg,50,1,0.4707306471776131,0.31617047038433976,0.4707306471776132,50.0,5
explainer,model=rf,50,1,0.7674422540628907,0.6278665811102981,0.7674422540628907,50.0,5
explainer,model=svm,50,1,0.4520191044010641,0.3063087724199454,0.4520191044010643,50.0,5
explainer,model=xgb,50,1,0.8436249639388402,0.7308137380271251,0.8436249639388402,50.0,5
combined,all_primary,50,1,0.21928315329465428,0.1452937184209549,0.21928315329465436,50.0,5
baseline,logreg|coef_vs_ttest,50,1,0.0056151553033944035,0.004081632653061224,0.005615155303394557,50.0,5
baseline,logreg|shap_vs_ttest,50,1,0.033682469468217936,0.018472968693881802,0.0336824694682181,50.0,5
baseline,logreg|perm_vs_ttest,50,1,0.009624771612654936,0.006060606060606061,0.009624771612655065,50.0,5
baseline,svm|coef_vs_ttest,50,1,-0.002404077315126596,0.0,-0.0024040773151264546,50.0,5
baseline,svm|shap_vs_ttest,50,1,0.025663236849696937,0.014307603703774544,0.02566323684969709,50.0,5
baseline,svm|perm_vs_ttest,50,1,0.009624771612654914,0.006101834673263244,0.009624771612655063,50.0,5
baseline,rf|shap_vs_ttest,50,1,0.05373055101452047,0.029134991783442254,0.05373055101452062,50.0,5
baseline,rf|perm_vs_ttest,50,1,0.06575939994230202,0.03549062682096242,0.06575939994230215,50.0,5
baseline,xgb|shap_vs_ttest,50,1,0.04972093470525998,0.027073561150583052,0.04972093470526012,50.0,5
baseline,xgb|perm_vs_ttest,50,1,0.05373055101452049,0.02931886342024591,0.05373055101452062,50.0,5
sensitivity,logreg_coef_across_C,50,1,0.691259544186941,0.5569471455887918,0.691259544186941,50.0,5
resampling,logreg_C0.1|coef,10,2,0.3496880698723486,0.2195255295100496,0.3496880698723486,10.0,5
resampling,logreg_C100|coef,10,2,0.25964487954698134,0.15761953904368764,0.25964487954698146,10.0,5
resampling,logreg|coef,10,2,0.32967847202226697,0.2026487788097695,0.329678472022267,10.0,5
resampling,logreg|perm,10,2,0.27965447739706306,0.16902304781561747,0.279654477397063,10.0,5
resampling,logreg|shap,10,2,0.30966887417218536,0.18875988992088064,0.30966887417218547,10.0,5
resampling,rf|perm,10,2,0.0195297053460024,0.010526315789473684,0.019529705346002492,10.0,5
resampling,rf|shap,10,2,0.0195297053460024,0.010526315789473684,0.019529705346002492,10.0,5
resampling,svm|coef,10,2,0.20962088492177744,0.1190230478156175,0.2096208849217775,10.0,5
resampling,svm|perm,10,2,0.26964967847202226,0.1654749619145904,0.26964967847202226,10.0,5
resampling,svm|shap,10,2,0.16960168922161423,0.09552803577571381,0.16960168922161434,10.0,5
resampling,ttest|ttest,10,2,0.15959689029657353,0.08840729274165807,0.15959689029657356,10.0,5
resampling,xgb|perm,10,2,0.12958249352145113,0.07017543859649122,0.12958249352145118,10.0,5
resampling,xgb|shap,10,2,0.12958249352145113,0.07017543859649122,0.12958249352145118,10.0,5
model,explainer=coef,10,2,0.1595968902965736,0.09026487788097695,0.15959689029657356,10.0,5
model,explainer=perm,10,2,0.12958249352145118,0.08810311349011038,0.12958249352145118,10.0,5
model,explainer=shap,10,2,0.11290782864638313,0.06594140580208692,0.1129078286463832,10.0,5
explainer,model=logreg,10,2,0.46641072399782446,0.3273829656182597,0.46641072399782446,10.0,5
explainer,model=rf,10,2,0.799904021499184,0.6713286713286712,0.799904021499184,10.0,5
explainer,model=svm,10,2,0.2729846114470357,0.1712603529940991,0.27298461144703584,10.0,5
explainer,model=xgb,10,2,0.9399712064497553,0.890909090909091,0.9399712064497553,10.0,5
combined,all_primary,10,2,0.1671560717066042,0.11785416395323516,0.16715607170660443,10.0,5
baseline,logreg|coef_vs_ttest,10,2,-0.00047989250407898254,0.0,-0.0004798925040790863,10.0,5
baseline,logreg|shap_vs_ttest,10,2,0.01952970534600258,0.010526315789473684,0.019529705346002495,10.0,5
baseline,logreg|perm_vs_ttest,10,2,-0.00047989250407898254,0.0,-0.0004798925040790863,10.0,5
baseline,svm|coef_vs_ttest,10,2,-0.00047989250407898254,0.0,-0.0004798925040790863,10.0,5
baseline,svm|shap_vs_ttest,10,2,-0.00047989250407898254,0.0,-0.0004798925040790863,10.0,5
baseline,svm|perm_vs_ttest,10,2,-0.00047989250407898254,0.0,-0.0004798925040790863,10.0,5
baseline,rf|shap_vs_ttest,10,2,0.059548901046165725,0.0327485380116959,0.059548901046165656,10.0,5
baseline,rf|perm_vs_ttest,10,2,0.059548901046165725,0.0327485380116959,0.059548901046165656,10.0,5
baseline,xgb|shap_vs_ttest,10,2,0.03953930319608414,0.021052631578947368,0.039539303196084084,10.0,5
baseline,xgb|perm_vs_ttest,10,2,0.03953930319608414,0.021052631578947368,0.039539303196084084,10.0,5
sensitivity,logreg_coef_across_C,10,2,0.6264875067984771,0.5227180227180227,0.6264875067984771,10.0,5
resampling,logreg_C0.1|coef,25,2,0.35923161888296595,0.2223024559800988,0.359231618882966,25.0,5
resampling,logreg_C100|coef,25,2,0.2751307688613551,0.1645507756966556,0.27513076886135523,25.0,5
resampling,logreg|coef,25,2,0.37525082841089175,0.23529467608414975,0.37525082841089186,25.0,5
resampling,logreg|perm,25,2,0.29515478077126234,0.17607822863192912,0.29515478077126256,25.0,5
resampling,logreg|shap,25,2,0.31117399029918835,0.19017208444993022,0.3111739902991884,25.0,5
resampling,rf|perm,25,2,0.02282821879652286,0.012505427702996091,0.02282821879652308,25.0,5
resampling,rf|shap,25,2,0.02683302117850439,0.014370748299319728,0.02683302117850454,25.0,5
resampling,svm|coef,25,2,0.2871451760072995,0.17422115221691042,0.2871451760072996,25.0,5
resampling,svm|perm,25,2,0.2711259664793737,0.15927283228881292,0.2711259664793738,25.0,5
resampling,svm|shap,25,2,0.2230683378955961,0.1277785916132587,0.22306833789559627,25.0,5
resampling,ttest|ttest,25,2,0.16700110454785566,0.09598070009019019,0.16700110454785574,25.0,5
resampling,xgb|perm,25,2,0.14697709263794834,0.08095940690383821,0.14697709263794842,25.0,5
resampling,xgb|shap,25,2,0.1549866974019113,0.08590011836628877,0.15498669740191134,25.0,5
model,explainer=coef,25,2,0.2070491283676703,0.11774744938482218,0.2070491283676704,25.0,5
model,explainer=perm,25,2,0.11894347596407817,0.07531301713427922,0.1189434759640782,25.0,5
model,explainer=shap,25,2,0.1429722902559669,0.08291306842881765,0.14297229025596697,25.0,5
explainer,model=logreg,25,2,0.4152988522307063,0.2806441749711911,0.4152988522307065,25.0,5
explainer,model=rf,25,2,0.7196638332612976,0.5720554350772568,0.7196638332612976,25.0,5
explainer,model=svm,25,2,0.2978246490259166,0.19150583914130706,0.2978246490259169,25.0,5
explainer,model=xgb,25,2,0.887865533304519,0.8017837845424053,0.887865533304519,25.0,5
combined,all_primary,25,2,0.17287481470809501,0.11527781056138017,0.17287481470809524,25.0,5
baseline,logreg|coef_vs_ttest,25,2,-0.001200595495365775,0.0,-0.0012005954953657014,25.0,5
baseline,logreg|shap_vs_ttest,25,2,0.03884742832444885,0.02074829931972789,0.03884742832444892,25.0,5
baseline,logreg|perm_vs_ttest,25,2,0.006809009268597133,0.004081632653061224,0.006809009268597226,25.0,5
baseline,svm|coef_vs_ttest,25,2,-0.001200595495365775,0.0,-0.0012005954953657014,25.0,5
baseline,svm|shap_vs_ttest,25,2,0.01481861403256004,0.008163265306122448,0.014818614032560152,25.0,5
baseline,svm|perm_vs_ttest,25,2,-0.001200595495365775,0.0,-0.0012005954953657014,25.0,5
baseline,rf|shap_vs_ttest,25,2,0.05486663785237467,0.02926255608626429,0.05486663785237478,25.0,5
baseline,rf|perm_vs_ttest,25,2,0.06287624261633762,0.033514256766536396,0.0628762426163377,25.0,5
baseline,xgb|shap_vs_ttest,25,2,0.03884742832444885,0.02074829931972789,0.03884742832444892,25.0,5
baseline,xgb|perm_vs_ttest,25,2,0.03884742832444885,0.02074829931972789,0.03884742832444892,25.0,5
sensitivity,logreg_coef_across_C,25,2,0.6796158094414828,0.5651651438705281,0.6796158094414829,25.0,5
resampling,logreg_C0.1|coef,50,2,0.3785094720646215,0.2388401674449785,0.37850947206462165,50.0,5
resampling,logreg_C100|coef,50,2,0.3023267621886718,0.18127016359755052,0.302326762188672,50.0,5
resampling,logreg|coef,50,2,0.37449985575536104,0.23598429503269935,0.37449985575536104,50.0,5
resampling,logreg|perm,50,2,0.3083411866525627,0.1848943570580915,0.3083411866525627,50.0,5
resampling,logreg|shap,50,2,0.2842834887969996,0.17020113215729768,0.2842834887969997,50.0,5
resampling,rf|perm,50,2,0.0537305510145204,0.029018542585320356,0.05373055101452062,50.0,5
resampling,rf|shap,50,2,0.041701702086738845,0.022731398753709407,0.04170170208673911,50.0,5
resampling,svm|coef,50,2,0.3083411866525627,0.18513612042034816,0.30834118665256277,50.0,5
resampling,svm|perm,50,2,0.28027387248773916,0.16626201789178524,0.28027387248773916,50.0,5
resampling,svm|shap,50,2,0.29631233772478105,0.17671610068620167,0.29631233772478116,50.0,5
resampling,ttest|ttest,50,2,0.1820382729108566,0.10485667221536157,0.1820382729108568,50.0,5
resampling,xgb|perm,50,2,0.12790845273583984,0.07026321646627846,0.12790845273584,50.0,5
resampling,xgb|shap,50,2,0.12790845273583984,0.07021677037619566,0.12790845273583998,50.0,5
model,explainer=coef,50,2,0.26223059909606683,0.15436487848738967,0.26223059909606694,50.0,5
model,explainer=perm,50,2,0.12790845273583992,0.07901232338453544,0.12790845273583998,50.0,5
model,explainer=shap,50,2,0.17335077090745896,0.10156422108328882,0.17335077090745904,50.0,5
explainer,model=logreg,50,2,0.5028075776516971,0.349550988935987,0.5028075776516973,50.0,5
explainer,model=rf,50,2,0.715317242042504,0.5599517600637456,0.715317242042504,50.0,5
explainer,model=svm,50,2,0.39588447607141697,0.2617007812830864,0.3958844760714172,50.0,5
explainer,model=xgb,50,2,0.8837211270314453,0.7924356345408977,0.8837211270314453,50.0,5
combined,all_primary,50,2,0.20164084153390807,0.13391458435414932,0.2016408415339082,50.0,5
baseline,logreg|coef_vs_ttest,50,2,0.0016055389941339148,0.00202020202020202,0.0016055389941340517,50.0,5
baseline,logreg|shap_vs_ttest,50,2,0.029672853158957447,0.016327805723976567,0.02967285315895759,50.0,5
baseline,logreg|perm_vs_ttest,50,2,0.005615155303394426,0.00404040404040404,0.005615155303394558,50.0,5
baseline,svm|coef_vs_ttest,50,2,-0.002404077315126596,0.0,-0.0024040773151264546,50.0,5
baseline,svm|shap_vs_ttest,50,2,0.021653620540436447,0.012162440733869306,0.02165362054043658,50.0,5
baseline,svm|perm_vs_ttest,50,2,-0.002404077315126596,0.0,-0.0024040773151264546,50.0,5
baseline,rf|shap_vs_ttest,50,2,0.049720934705259956,0.026895350126107432,0.04972093470526012,50.0,5
baseline,rf|perm_vs_ttest,50,2,0.049720934705259956,0.0270310574261942,0.049720934705260116,50.0,5
baseline,xgb|shap_vs_ttest,50,2,0.04571131839599947,0.02478610000701311,0.04571131839599962,50.0,5
baseline,xgb|perm_vs_ttest,50,2,0.041701702086738957,0.02268216564976506,0.04170170208673911,50.0,5
sensitivity,logreg_coef_across_C,50,2,0.7032883931147225,0.5747804302305135,0.7032883931147226,50.0,5
resampling,logreg_C0.1|coef,10,3,0.25964487954698134,0.16150670794633643,0.2596448795469815,10.0,5
resampling,logreg_C100|coef,10,3,0.23963528169689985,0.14573811980932722,0.2396352816968999,10.0,5
resampling,logreg|coef,10,3,0.27965447739706306,0.1720330237358101,0.27965447739706306,10.0,5
resampling,logreg|perm,10,3,0.20962088492177744,0.1315359477124183,0.20962088492177755,10.0,5
resampling,logreg|shap,10,3,0.20962088492177744,0.12261781905744755,0.2096208849217775,10.0,5
resampling,rf|perm,10,3,0.029534504271043205,0.015789473684210527,0.029534504271043288,10.0,5
resampling,rf|shap,10,3,0.0195297053460024,0.010526315789473684,0.019529705346002495,10.0,5
resampling,svm|coef,10,3,0.17960648814665503,0.10288097695218439,0.17960648814665514,10.0,5
resampling,svm|perm,10,3,0.14959209137153273,0.08592191262469899,0.1495920913715328,10.0,5
resampling,svm|shap,10,3,0.15959689029657353,0.08991228070175436,0.1595968902965736,10.0,5
resampling,ttest|ttest,10,3,0.18961128707169594,0.10595115239078087,0.1896112870716959,10.0,5
resampling,xgb|perm,10,3,0.0695536999712063,0.03742690058479532,0.06955369997120645,10.0,5
resampling,xgb|shap,10,3,0.0695536999712063,0.03742690058479532,0.06955369997120645,10.0,5
model,explainer=coef,10,3,0.19961608599673678,0.11640866873065017,0.1996160859967367,10.0,5
model,explainer=perm,10,3,0.09956809674632879,0.06292922477133003,0.09956809674632881,10.0,5
model,explainer=shap,10,3,0.10957289567136956,0.06436188510491916,0.1095728956713696,10.0,5
explainer,model=logreg,10,3,0.32634353904725333,0.2207320715060653,0.3263435390472534,10.0,5
explainer,model=rf,10,3,0.759884825799021,0.6344322344322343,0.759884825799021,10.0,5
explainer,model=svm,10,3,0.32634353904725333,0.2088538339312333,0.32634353904725344,10.0,5
explainer,model=xgb,10,3,0.8799424128995105,0.793939393939394,0.8799424128995105,10.0,5
combined,all_primary,10,3,0.15426099753655173,0.10504283126574147,0.15426099753655184,10.0,5
baseline,logreg|coef_vs_ttest,10,3,-0.00047989250407898254,0.0,-0.0004798925040790863,10.0,5
baseline,logreg|shap_vs_ttest,10,3,0.01952970534600258,0.010526315789473684,0.019529705346002502,10.0,5
baseline,logreg|perm_vs_ttest,10,3,-0.00047989250407898254,0.0,-0.0004798925040790863,10.0,5
baseline,svm|coef_vs_ttest,10,3,-0.00047989250407898254,0.0,-0.0004798925040790863,10.0,5
baseline,svm|shap_vs_ttest,10,3,-0.00047989250407898254,0.0,-0.0004798925040790863,10.0,5
baseline,svm|perm_vs_ttest,10,3,-0.00047989250407898254,0.0,-0.0004798925040790863,10.0,5
baseline,rf|shap_vs_ttest,10,3,0.07955849889624729,0.04327485380116959,0.07955849889624725,10.0,5
baseline,rf|perm_vs_ttest,10,3,0.059548901046165725,0.0327485380116959,0.059548901046165656,10.0,5
baseline,xgb|shap_vs_ttest,10,3,0.07955849889624729,0.04327485380116959,0.07955849889624725,10.0,5
baseline,xgb|perm_vs_ttest,10,3,0.07955849889624729,0.04327485380116959,0.07955849889624725,10.0,5
sensitivity,logreg_coef_across_C,10,3,0.7332053619989123,0.6098568098568098,0.7332053619989122,10.0,5
resampling,logreg_C0.1|coef,25,3,0.29515478077126234,0.18046112150670185,0.29515478077126256,25.0,5
resampling,logreg_C100|coef,25,3,0.28314037362531796,0.16760373772568896,0.2831403736253182,25.0,5
resampling,logreg|coef,25,3,0.31117399029918835,0.19301001004772983,0.31117399029918846,25.0,5
resampling,logreg|perm,25,3,0.239087547423522,0.14194886891007072,0.23908754742352206,25.0,5
resampling,logreg|shap,25,3,0.23508274504154048,0.13591424643022712,0.23508274504154061,25.0,5
resampling,rf|perm,25,3,0.07489064976228199,0.04016909261391883,0.07489064976228209,25.0,5
resampling,rf|shap,25,3,0.06287624261633762,0.03370107987690914,0.0628762426163377,25.0,5
resampling,svm|coef,25,3,0.27913557124333666,0.1666362019532842,0.2791355712433367,25.0,5
resampling,svm|perm,25,3,0.24309234980550332,0.14505242371628332,0.24309234980550354,25.0,5
resampling,svm|shap,25,3,0.21105393074965184,0.12164728372842862,0.21105393074965187,25.0,5
resampling,ttest|ttest,25,3,0.21505873313163315,0.12177640918793595,0.2150587331316333,25.0,5
resampling,xgb|perm,25,3,0.09891946405417074,0.053031411454498543,0.09891946405417087,25.0,5
resampling,xgb|shap,25,3,0.12294827834605937,0.06692030034338743,0.12294827834605963,25.0,5
model,explainer=coef,25,3,0.23908754742352203,0.13906926406926406,0.23908754742352203,25.0,5
model,explainer=perm,25,3,0.12962294898269536,0.07855001477378108,0.12962294898269539,25.0,5
model,explainer=shap,25,3,0.14964696089260265,0.08808710965113768,0.1496469608926027,25.0,5
explainer,model=logreg,25,3,0.3805905649202003,0.25668382520346456,0.3805905649202005,25.0,5
explainer,model=rf,25,3,0.8237886951928157,0.7041256157635467,0.8237886951928157,25.0,5
explainer,model=svm,25,3,0.3565617506283115,0.22725057496872939,0.35656175062831164,25.0,5
explainer,model=xgb,25,3,0.8718463237765931,0.7760445174238277,0.8718463237765931,25.0,5
combined,all_primary,25,3,0.1842662525946201,0.1234209786678369,0.1842662525946203,25.0,5
baseline,logreg|coef_vs_ttest,25,3,-0.001200595495365775,0.0,-0.0012005954953657014,25.0,5
baseline,logreg|shap_vs_ttest,25,3,0.038847428324448804,0.020578231292517006,0.03884742832444893,25.0,5
baseline,logreg|perm_vs_ttest,25,3,-0.001200595495365775,0.0,-0.0012005954953657014,25.0,5
baseline,svm|coef_vs_ttest,25,3,0.006809009268597133,0.004081632653061224,0.006809009268597224,25.0,5
baseline,svm|shap_vs_ttest,25,3,0.030837823560485856,0.016326530612244896,0.030837823560485998,25.0,5
baseline,svm|perm_vs_ttest,25,3,0.01481861403256004,0.008163265306122448,0.014818614032560148,25.0,5
baseline,rf|shap_vs_ttest,25,3,0.1189434759640781,0.06402251002158495,0.1189434759640782,25.0,5
baseline,rf|perm_vs_ttest,25,3,0.1189434759640781,0.06402251002158495,0.1189434759640782,25.0,5
baseline,xgb|shap_vs_ttest,25,3,0.09491466167218929,0.05108648454756556,0.0949146616721894,25.0,5
baseline,xgb|perm_vs_ttest,25,3,0.10292426643615224,0.05571183144858314,0.10292426643615234,25.0,5
sensitivity,logreg_coef_across_C,25,3,0.7730611983543836,0.6470154942095443,0.7730611983543838,25.0,5
resampling,logreg_C0.1|coef,50,3,0.3384133089720164,0.2106234883465578,0.33841330897201655,50.0,5
resampling,logreg_C100|coef,50,3,0.30433157034330216,0.18319022444180094,0.30433157034330227,50.0,5
resampling,logreg|coef,50,3,0.3384133089720164,0.20998442282817348,0.3384133089720165,50.0,5
resampling,logreg|perm,50,3,0.2542113664775457,0.15129366286116563,0.25421136647754594,50.0,5
resampling,logreg|shap,50,3,0.2361680930858735,0.13669118717488207,0.23616809308587366,50.0,5
resampling,rf|perm,50,3,0.08981709779786518,0.048770118561426185,0.08981709779786516,50.0,5
resampling,rf|shap,50,3,0.07377863256082307,0.03971894048729178,0.07377863256082316,50.0,5
resampling,svm|coef,50,3,0.31235080296182305,0.18941089295273955,0.31235080296182327,50.0,5
resampling,svm|perm,50,3,0.2602257909414366,0.155049132256865,0.26022579094143666,50.0,5
resampling,svm|shap,50,3,0.23015366862198283,0.13250063487843294,0.2301536686219829,50.0,5
resampling,ttest|ttest,50,3,0.2602257909414366,0.15169494045344017,0.26022579094143666,50.0,5
resampling,xgb|perm,50,3,0.11788441196268862,0.06431211861864695,0.1178844119626887,50.0,5
resampling,xgb|shap,50,3,0.12189402827194895,0.06704779758285906,0.12189402827194924,50.0,5
model,explainer=coef,50,3,0.25421136647754583,0.14793844483411464,0.25421136647754594,50.0,5
model,explainer=perm,50,3,0.1426103792031284,0.08646293949926841,0.14261037920312852,50.0,5
model,explainer=shap,50,3,0.1713459627528287,0.10039388678027739,0.1713459627528288,50.0,5
explainer,model=logreg,50,3,0.4587017982498315,0.31427313728627354,0.4587017982498317,50.0,5
explainer,model=rf,50,3,0.7754614866814116,0.6344002081707,0.7754614866814116,50.0,5
explainer,model=svm,50,3,0.3624710068275795,0.22829817758695065,0.3624710068275796,50.0,5
explainer,model=xgb,50,3,0.8476345802481008,0.736237144585602,0.8476345802481008,50.0,5
combined,all_primary,50,3,0.20422481648876484,0.13407771319413603,0.20422481648876492,50.0,5
baseline,logreg|coef_vs_ttest,50,3,0.009624771612654936,0.006060606060606061,0.009624771612655065,50.0,5
baseline,logreg|shap_vs_ttest,50,3,0.04571131839599947,0.024702367669967078,0.04571131839599961,50.0,5
baseline,logreg|perm_vs_ttest,50,3,0.009624771612654936,0.006060606060606061,0.009624771612655063,50.0,5
baseline,svm|coef_vs_ttest,50,3,0.0016055389941339148,0.00202020202020202,0.0016055389941340517,50.0,5
baseline,svm|shap_vs_ttest,50,3,0.041701702086738915,0.022512097622554177,0.04170170208673911,50.0,5
baseline,svm|perm_vs_ttest,50,3,0.009624771612654936,0.006060606060606061,0.009624771612655065,50.0,5
baseline,rf|shap_vs_ttest,50,3,0.11788441196268862,0.06397585082039046,0.1178844119626887,50.0,5
baseline,rf|perm_vs_ttest,50,3,0.12991326089047014,0.07089221390417069,0.12991326089047023,50.0,5
baseline,xgb|shap_vs_ttest,50,3,0.08981709779786504,0.04829083016820401,0.08981709779786518,50.0,5
baseline,xgb|perm_vs_ttest,50,3,0.0978363304163861,0.05272489734975737,0.09783633041638619,50.0,5
sensitivity,logreg_coef_across_C,50,3,0.755413405135109,0.6288736315618685,0.7554134051351091,50.0,5
resampling,logreg_C0.1|coef,10,4,0.28965927632210375,0.18103223745638605,0.28965927632210386,10.0,5
resampling,logreg_C100|coef,10,4,0.20962088492177744,0.125687994496044,0.20962088492177755,10.0,5
resampling,logreg|coef,10,4,0.27965447739706306,0.1700034399724802,0.27965447739706306,10.0,5
resampling,logreg|perm,10,4,0.19961608599673675,0.1139920880632955,0.19961608599673672,10.0,5
resampling,logreg|shap,10,4,0.16960168922161423,0.0970330237358101,0.16960168922161437,10.0,5
resampling,rf|perm,10,4,0.0695536999712063,0.038011695906432746,0.06955369997120645,10.0,5
resampling,rf|shap,10,4,0.0695536999712063,0.03742690058479532,0.06955369997120645,10.0,5
resampling,svm|coef,10,4,0.27965447739706306,0.16490368077055387,0.279654477397063,10.0,5
resampling,svm|perm,10,4,0.21962568384681824,0.1278809769521844,0.2196256838468183,10.0,5
resampling,svm|shap,10,4,0.14959209137153273,0.08372893016855865,0.1495920913715328,10.0,5
resampling,ttest|ttest,10,4,0.11957769459641032,0.06618507051943583,0.1195776945964104,10.0,5
resampling,xgb|perm,10,4,0.19961608599673675,0.11676986584107325,0.1996160859967367,10.0,5
resampling,xgb|shap,10,4,0.18961128707169594,0.11033711730306155,0.18961128707169592,10.0,5
model,explainer=coef,10,4,0.27965447739706306,0.16804265565875473,0.279654477397063,10.0,5
model,explainer=perm,10,4,0.06621876699619285,0.03707143676183924,0.06621876699619285,10.0,5
model,explainer=shap,10,4,0.16626675624660073,0.09691262469900241,0.16626675624660076,10.0,5
explainer,model=logreg,10,4,0.23296541574687257,0.14107327141382867,0.2329654157468727,10.0,5
explainer,model=rf,10,4,0.6998560322487762,0.5421245421245421,0.6998560322487762,10.0,5
explainer,model=svm,10,4,0.3196736730972261,0.2134922525015404,0.31967367309722616,10.0,5
explainer,model=xgb,10,4,0.899952010749592,0.834965034965035,0.899952010749592,10.0,5
combined,all_primary,10,4,0.15826291710656798,0.10465647489383301,0.15826291710656815,10.0,5
baseline,logreg|coef_vs_ttest,10,4,-0.00047989250407898254,0.0,-0.0004798925040790863,10.0,5
baseline,logreg|shap_vs_ttest,10,4,0.03953930319608414,0.021052631578947368,0.03953930319608408,10.0,5
baseline,logreg|perm_vs_ttest,10,4,-0.00047989250407898254,0.0,-0.0004798925040790863,10.0,5
baseline,svm|coef_vs_ttest,10,4,-0.00047989250407898254,0.0,-0.0004798925040790863,10.0,5
baseline,svm|shap_vs_ttest,10,4,0.03953930319608414,0.021052631578947368,0.03953930319608408,10.0,5
baseline,svm|perm_vs_ttest,10,4,-0.00047989250407898254,0.0,-0.0004798925040790863,10.0,5
baseline,rf|shap_vs_ttest,10,4,0.07955849889624726,0.042105263157894736,0.07955849889624725,10.0,5
baseline,rf|perm_vs_ttest,10,4,0.059548901046165705,0.031578947368421054,0.059548901046165656,10.0,5
baseline,xgb|shap_vs_ttest,10,4,0.07955849889624729,0.04327485380116959,0.07955849889624725,10.0,5
baseline,xgb|perm_vs_ttest,10,4,0.07955849889624729,0.04327485380116959,0.07955849889624725,10.0,5
sensitivity,logreg_coef_across_C,10,4,0.553118981348178,0.4489274857695911,0.553118981348178,10.0,5
resampling,logreg_C0.1|coef,25,4,0.3191835950631513,0.19276931394061286,0.31918359506315136,25.0,5
resampling,logreg_C100|coef,25,4,0.3672412236469288,0.2352194002902006,0.3672412236469289,25.0,5
resampling,logreg|coef,25,4,0.3151787926811698,0.19000076466043567,0.3151787926811699,25.0,5
resampling,logreg|perm,25,4,0.2551067569514478,0.15353899075161914,0.2551067569514479,25.0,5
resampling,logreg|shap,25,4,0.2551067569514478,0.1481894271328043,0.2551067569514479,25.0,5
resampling,rf|perm,25,4,0.046857033088411715,0.02509046171660153,0.04685703308841185,25.0,5
resampling,rf|shap,25,4,0.03884742832444876,0.020663265306122447,0.03884742832444892,25.0,5
resampling,svm|coef,25,4,0.2671211640973923,0.15715051154889376,0.26712116409739234,25.0,5
resampling,svm|perm,25,4,0.23508274504154048,0.13625467707336347,0.23508274504154061,25.0,5
resampling,svm|shap,25,4,0.21105393074965184,0.12063500028835375,0.2110539307496518,25.0,5
resampling,ttest|ttest,25,4,0.16700110454785566,0.0943054359587218,0.16700110454785574,25.0,5
resampling,xgb|perm,25,4,0.15899149978389282,0.08758725086199645,0.15899149978389282,25.0,5
resampling,xgb|shap,25,4,0.17901551169380003,0.09978900725517767,0.17901551169380014,25.0,5
model,explainer=coef,25,4,0.3271931998271142,0.2007480823270297,0.32719319982711426,25.0,5
model,explainer=perm,25,4,0.07622558388960914,0.043192298532614956,0.07622558388960923,25.0,5
model,explainer=shap,25,4,0.16566617042052847,0.09802873743249547,0.16566617042052859,25.0,5
explainer,model=logreg,25,4,0.2764657029886822,0.17127558052239628,0.2764657029886824,25.0,5
explainer,model=rf,25,4,0.7356830427892234,0.5898334255332227,0.7356830427892234,25.0,5
explainer,model=svm,25,4,0.38860016968416317,0.27127036159220463,0.38860016968416333,25.0,5
explainer,model=xgb,25,4,0.8798559285405562,0.790289531668842,0.8798559285405562,25.0,5
combined,all_primary,25,4,0.16664512211390167,0.11043982881931472,0.16664512211390187,25.0,5
baseline,logreg|coef_vs_ttest,25,4,-0.001200595495365775,0.0,-0.0012005954953657014,25.0,5
baseline,logreg|shap_vs_ttest,25,4,0.03884742832444885,0.021099290780141843,0.03884742832444893,25.0,5
baseline,logreg|perm_vs_ttest,25,4,-0.001200595495365775,0.0,-0.0012005954953657014,25.0,5
baseline,svm|coef_vs_ttest,25,4,-0.001200595495365775,0.0,-0.0012005954953657014,25.0,5
baseline,svm|shap_vs_ttest,25,4,0.02282821879652299,0.012414965986394558,0.022828218796523074,25.0,5
baseline,svm|perm_vs_ttest,25,4,0.006809009268597133,0.004081632653061224,0.006809009268597226,25.0,5
baseline,rf|shap_vs_ttest,25,4,0.05486663785237467,0.028911564625850338,0.05486663785237478,25.0,5
baseline,rf|perm_vs_ttest,25,4,0.05486663785237467,0.028911564625850338,0.05486663785237478,25.0,5
baseline,xgb|shap_vs_ttest,25,4,0.06287624261633758,0.03369518019973947,0.0628762426163377,25.0,5
baseline,xgb|perm_vs_ttest,25,4,0.07088584738030053,0.03794688088001158,0.07088584738030063,25.0,5
sensitivity,logreg_coef_across_C,25,4,0.6235485760937424,0.5122281884118326,0.6235485760937425,25.0,5
resampling,logreg_C0.1|coef,50,4,0.3344036926627558,0.20338480681810894,0.334403692662756,50.0,5
resampling,logreg_C100|coef,50,4,0.3404181171266467,0.20823446456248257,0.3404181171266468,50.0,5
resampling,logreg|coef,50,4,0.3404181171266467,0.20758618590548897,0.3404181171266468,50.0,5
resampling,logreg|perm,50,4,0.2943075295701508,0.1787482844779161,0.294307529570151,50.0,5
resampling,logreg|shap,50,4,0.23416328493124328,0.13585575550533938,0.2341632849312434,50.0,5
resampling,rf|perm,50,4,0.049720934705259956,0.026850826076661283,0.049720934705260116,50.0,5
resampling,rf|shap,50,4,0.0457113183959994,0.024969799218575884,0.04571131839599961,50.0,5
resampling,svm|coef,50,4,0.31034599480719294,0.18662591810333132,0.310345994807193,50.0,5
resampling,svm|perm,50,4,0.2662402154053274,0.1561454040845469,0.2662402154053275,50.0,5
resampling,svm|shap,50,4,0.26423540725069705,0.15461670029650149,0.26423540725069716,50.0,5
resampling,ttest|ttest,50,4,0.21010558707568028,0.1205173851136951,0.21010558707568042,50.0,5
resampling,xgb|perm,50,4,0.16599980767381473,0.09231269688853799,0.16599980767381478,50.0,5
resampling,xgb|shap,50,4,0.16599980767381473,0.09204781212765176,0.16599980767381478,50.0,5
model,explainer=coef,50,4,0.41860563515722654,0.26819962777941025,0.4186056351572267,50.0,5
model,explainer=perm,50,4,0.09449498349200228,0.05462661065455432,0.09449498349200244,50.0,5
model,explainer=shap,50,4,0.17268250152258224,0.10361775471619453,0.1726825015225823,50.0,5
explainer,model=logreg,50,4,0.3384133089720164,0.21239600811035725,0.3384133089720165,50.0,5
explainer,model=rf,50,4,0.7032883931147226,0.5438523955315,0.7032883931147226,50.0,5
explainer,model=svm,50,4,0.41058640253870565,0.28830725052685874,0.41058640253870565,50.0,5
explainer,model=xgb,50,4,0.8596634291758823,0.7572950356107067,0.8596634291758823,50.0,5
combined,all_primary,50,4,0.18301840134200922,0.12061935373436553,0.18301840134200936,50.0,5
baseline,logreg|coef_vs_ttest,50,4,-0.002404077315126596,0.0,-0.0024040773151264546,50.0,5
baseline,logreg|shap_vs_ttest,50,4,0.049720934705260046,0.027020202020202017,0.04972093470526012,50.0,5
baseline,logreg|perm_vs_ttest,50,4,0.0016055389941339148,0.00202020202020202,0.0016055389941340517,50.0,5
baseline,svm|coef_vs_ttest,50,4,-0.002404077315126596,0.0,-0.0024040773151264546,50.0,5
baseline,svm|shap_vs_ttest,50,4,0.025663236849696913,0.014348832316431725,0.025663236849697086,50.0,5
baseline,svm|perm_vs_ttest,50,4,0.0016055389941339148,0.00202020202020202,0.0016055389941340517,50.0,5
baseline,rf|shap_vs_ttest,50,4,0.04571131839599944,0.024658535704191083,0.04571131839599961,50.0,5
baseline,rf|perm_vs_ttest,50,4,0.04972093470525998,0.026806302027215134,0.049720934705260116,50.0,5
baseline,xgb|shap_vs_ttest,50,4,0.05373055101452049,0.029174668272412628,0.05373055101452062,50.0,5
baseline,xgb|perm_vs_ttest,50,4,0.057740167323781,0.03127860262966069,0.057740167323781136,50.0,5
sensitivity,logreg_coef_across_C,50,4,0.6471537647850754,0.5279678227717527,0.6471537647850755,50.0,5
resampling,logreg_C0.1|coef,10,5,0.17960648814665503,0.1020639834881321,0.17960648814665514,10.0,5
resampling,logreg_C100|coef,10,5,0.14959209137153273,0.08314413484692122,0.14959209137153276,10.0,5
resampling,logreg|coef,10,5,0.19961608599673675,0.1150326797385621,0.19961608599673672,10.0,5
resampling,logreg|perm,10,5,0.14959209137153273,0.08441692466460268,0.1495920913715328,10.0,5
resampling,logreg|shap,10,5,0.24964008062194065,0.14836601307189543,0.24964008062194068,10.0,5
resampling,rf|perm,10,5,0.029534504271043205,0.015789473684210527,0.02953450427104328,10.0,5
resampling,rf|shap,10,5,0.04954410212112492,0.02631578947368421,0.04954410212112487,10.0,5
resampling,svm|coef,10,5,0.17960648814665503,0.10219298245614035,0.17960648814665514,10.0,5
resampling,svm|perm,10,5,0.20962088492177744,0.12180082559339526,0.2096208849217775,10.0,5
resampling,svm|shap,10,5,0.20962088492177744,0.1190230478156175,0.2096208849217775,10.0,5
resampling,ttest|ttest,10,5,0.17960648814665503,0.10219298245614036,0.1796064881466551,10.0,5
resampling,xgb|perm,10,5,0.059548901046165614,0.031578947368421054,0.059548901046165656,10.0,5
resampling,xgb|shap,10,5,0.059548901046165614,0.031578947368421054,0.059548901046165656,10.0,5
model,explainer=coef,10,5,0.29966407524714467,0.1847093223254214,0.2996640752471446,10.0,5
model,explainer=perm,10,5,0.10290302972134238,0.05737874097007224,0.1029030297213424,10.0,5
model,explainer=shap,10,5,0.16960168922161437,0.10872344889372751,0.16960168922161437,10.0,5
explainer,model=logreg,10,5,0.5264395175480693,0.377868971986619,0.5264395175480693,10.0,5
explainer,model=rf,10,5,0.759884825799021,0.6153846153846153,0.759884825799021,10.0,5
explainer,model=svm,10,5,0.5064299196979877,0.358353084823673,0.5064299196979876,10.0,5
explainer,model=xgb,10,5,0.8799424128995105,0.787878787878788,0.8799424128995105,10.0,5
combined,all_primary,10,5,0.2147344488167983,0.1460631815533776,0.21473444881679843,10.0,5
baseline,logreg|coef_vs_ttest,10,5,-0.00047989250407898254,0.0,-0.0004798925040790863,10.0,5
baseline,logreg|shap_vs_ttest,10,5,0.01952970534600258,0.010526315789473684,0.0195297053460025,10.0,5
baseline,logreg|perm_vs_ttest,10,5,-0.00047989250407898254,0.0,-0.0004798925040790863,10.0,5
baseline,svm|coef_vs_ttest,10,5,-0.00047989250407898254,0.0,-0.0004798925040790863,10.0,5
baseline,svm|shap_vs_ttest,10,5,0.059548901046165705,0.031578947368421054,0.059548901046165656,10.0,5
baseline,svm|perm_vs_ttest,10,5,-0.00047989250407898254,0.0,-0.0004798925040790863,10.0,5
baseline,rf|shap_vs_ttest,10,5,0.03953930319608414,0.021052631578947368,0.03953930319608408,10.0,5
baseline,rf|perm_vs_ttest,10,5,0.03953930319608414,0.021052631578947368,0.039539303196084084,10.0,5
baseline,xgb|shap_vs_ttest,10,5,0.059548901046165705,0.031578947368421054,0.059548901046165656,10.0,5
baseline,xgb|perm_vs_ttest,10,5,0.059548901046165705,0.031578947368421054,0.059548901046165656,10.0,5
sensitivity,logreg_coef_across_C,10,5,0.7865642895991298,0.6716838716838718,0.7865642895991297,10.0,5
resampling,logreg_C0.1|coef,25,5,0.23107794265955905,0.13237460227600342,0.23107794265955914,25.0,5
resampling,logreg_C100|coef,25,5,0.21906353551361468,0.12480585280161102,0.21906353551361474,25.0,5
resampling,logreg|coef,25,5,0.2511019545694664,0.14590747136247645,0.2511019545694665,25.0,5
resampling,logreg|perm,25,5,0.21505873313163315,0.12293223812796253,0.21505873313163332,25.0,5
resampling,logreg|shap,25,5,0.25911155933342933,0.1512657427599843,0.2591115593334294,25.0,5
resampling,rf|perm,25,5,0.054866637852374556,0.028996598639455785,0.05486663785237478,25.0,5
resampling,rf|shap,25,5,0.050861835470393246,0.02696121001592126,0.050861835470393316,25.0,5
resampling,svm|coef,25,5,0.2070491283676703,0.12071271934215602,0.2070491283676704,25.0,5
resampling,svm|perm,25,5,0.18302031407578134,0.10265391792912608,0.1830203140757816,25.0,5
resampling,svm|shap,25,5,0.2551067569514478,0.14832293029967447,0.2551067569514479,25.0,5
resampling,ttest|ttest,25,5,0.1910299188397444,0.10760806158585992,0.19102991883974454,25.0,5
resampling,xgb|perm,25,5,0.11493867358209653,0.06315303586183722,0.11493867358209672,25.0,5
resampling,xgb|shap,25,5,0.11493867358209653,0.0630625741452357,0.11493867358209671,25.0,5
model,explainer=coef,25,5,0.3752508284108918,0.23886177741746897,0.3752508284108918,25.0,5
model,explainer=perm,25,5,0.11760854183675096,0.06771654076352261,0.11760854183675103,25.0,5
model,explainer=shap,25,5,0.19102991883974443,0.12039064093033133,0.19102991883974452,25.0,5
explainer,model=logreg,25,5,0.47670582208775547,0.3234907050696524,0.47670582208775547,25.0,5
explainer,model=rf,25,5,0.7597118570811123,0.6174398569216341,0.7597118570811123,25.0,5
explainer,model=svm,25,5,0.47136608557844684,0.3326961439351379,0.4713660855784469,25.0,5
explainer,model=xgb,25,5,0.9279135571243338,0.868131868131868,0.9279135571243338,25.0,5
combined,all_primary,25,5,0.22342432032954998,0.15025942672641793,0.22342432032955015,25.0,5
baseline,logreg|coef_vs_ttest,25,5,0.006809009268597133,0.004081632653061224,0.006809009268597226,25.0,5
baseline,logreg|shap_vs_ttest,25,5,0.02282821879652295,0.012244897959183673,0.022828218796523074,25.0,5
baseline,logreg|perm_vs_ttest,25,5,0.006809009268597133,0.004081632653061224,0.006809009268597226,25.0,5
baseline,svm|coef_vs_ttest,25,5,0.006809009268597133,0.004081632653061224,0.006809009268597226,25.0,5
baseline,svm|shap_vs_ttest,25,5,0.02282821879652295,0.012244897959183673,0.022828218796523074,25.0,5
baseline,svm|perm_vs_ttest,25,5,0.006809009268597133,0.004081632653061224,0.006809009268597224,25.0,5
baseline,rf|shap_vs_ttest,25,5,0.11093387120011515,0.06016910310223379,0.11093387120011526,25.0,5
baseline,rf|perm_vs_ttest,25,5,0.11093387120011515,0.06016910310223379,0.11093387120011526,25.0,5
baseline,xgb|shap_vs_ttest,25,5,0.07889545214426348,0.042572227781029155,0.07889545214426356,25.0,5
baseline,xgb|perm_vs_ttest,25,5,0.08690505690822639,0.04740314565542529,0.08690505690822649,25.0,5
sensitivity,logreg_coef_across_C,25,5,0.8184489586835071,0.7049649374918192,0.8184489586835069,25.0,5
resampling,logreg_C0.1|coef,50,5,0.3344036926627558,0.20295375976143487,0.33440369266275605,50.0,5
resampling,logreg_C100|coef,50,5,0.28628829695162983,0.16974996345757098,0.28628829695162994,50.0,5
resampling,logreg|coef,50,5,0.3223748437349744,0.1941432907983929,0.32237484373497444,50.0,5
resampling,logreg|perm,50,5,0.26223059909606683,0.15264771710353467,0.2622305990960669,50.0,5
resampling,logreg|shap,50,5,0.3063363784979324,0.18307033014169694,0.30633637849793244,50.0,5
resampling,rf|perm,50,5,0.08179786517934395,0.04408301886705342,0.08179786517934415,50.0,5
resampling,rf|shap,50,5,0.0537305510145204,0.02904045856820835,0.053730551014520636,50.0,5
resampling,svm|coef,50,5,0.2662402154053274,0.15742598667219324,0.26624021540532744,50.0,5
resampling,svm|perm,50,5,0.24619213385902483,0.14271304278824065,0.2461921338590249,50.0,5
resampling,svm|shap,50,5,0.2602257909414366,0.1520419294613823,0.2602257909414366,50.0,5
resampling,ttest|ttest,50,5,0.23817290124050383,0.13832036488349392,0.23817290124050391,50.0,5
resampling,xgb|perm,50,5,0.12189402827194895,0.06724958948856159,0.12189402827194924,50.0,5
resampling,xgb|shap,50,5,0.1319180690451004,0.07262780373802435,0.1319180690451005,50.0,5
model,explainer=coef,50,5,0.42261525146648704,0.27105252264115565,0.42261525146648715,50.0,5
model,explainer=perm,50,5,0.10986517934416762,0.06346497866044573,0.1098651793441677,50.0,5
model,explainer=shap,50,5,0.19807673814789878,0.12656507605455677,0.19807673814789883,50.0,5
explainer,model=logreg,50,5,0.46404795332884563,0.3098734948562855,0.46404795332884563,50.0,5
explainer,model=rf,50,5,0.7594230214443696,0.6145851736203894,0.7594230214443696,50.0,5
explainer,model=svm,50,5,0.5054806551912041,0.3572122892454194,0.5054806551912042,50.0,5
explainer,model=xgb,50,5,0.8275864987017982,0.7074253430185633,0.8275864987017982,50.0,5
combined,all_primary,50,5,0.22427289803506736,0.14895730319730063,0.2242728980350675,50.0,5
baseline,logreg|coef_vs_ttest,50,5,0.005615155303394426,0.00404040404040404,0.005615155303394558,50.0,5
baseline,logreg|shap_vs_ttest,50,5,0.017644004231175937,0.010142238713667286,0.017644004231176076,50.0,5
baseline,logreg|perm_vs_ttest,50,5,0.0016055389941339148,0.00202020202020202,0.0016055389941340517,50.0,5
baseline,svm|coef_vs_ttest,50,5,0.005615155303394426,0.00404040404040404,0.005615155303394558,50.0,5
baseline,svm|shap_vs_ttest,50,5,0.009624771612654936,0.006060606060606061,0.009624771612655065,50.0,5
baseline,svm|perm_vs_ttest,50,5,0.005615155303394426,0.00404040404040404,0.005615155303394558,50.0,5
baseline,rf|shap_vs_ttest,50,5,0.10986517934416762,0.06029101692838973,0.1098651793441677,50.0,5
baseline,rf|perm_vs_ttest,50,5,0.11387479565342813,0.061922908035277766,0.11387479565342822,50.0,5
baseline,xgb|shap_vs_ttest,50,5,0.08179786517934402,0.044221495989213155,0.08179786517934418,50.0,5
baseline,xgb|perm_vs_ttest,50,5,0.08179786517934406,0.04418061222703773,0.08179786517934418,50.0,5
sensitivity,logreg_coef_across_C,50,5,0.8222403436227841,0.7108911377673743,0.8222403436227841,50.0,5
resampling,logreg_C0.1|coef,10,6,0.19961608599673675,0.11833505331957343,0.19961608599673672,10.0,5
resampling,logreg_C100|coef,10,6,0.15959689029657353,0.09176986584107327,0.15959689029657353,10.0,5
resampling,logreg|coef,10,6,0.19961608599673675,0.11833505331957343,0.19961608599673672,10.0,5
resampling,logreg|perm,10,6,0.16960168922161423,0.0973856209150327,0.16960168922161434,10.0,5
resampling,logreg|shap,10,6,0.21962568384681824,0.1278809769521844,0.2196256838468183,10.0,5
resampling,rf|perm,10,6,-0.00047989250407898254,0.0,-0.0004798925040790863,10.0,5
resampling,rf|shap,10,6,0.009524906420961599,0.005263157894736842,0.009524906420961706,10.0,5
resampling,svm|coef,10,6,0.26964967847202226,0.15918472652218785,0.26964967847202226,10.0,5
resampling,svm|perm,10,6,0.18961128707169594,0.10872893016855867,0.18961128707169592,10.0,5
resampling,svm|shap,10,6,0.21962568384681824,0.12637598899208807,0.2196256838468183,10.0,5
resampling,ttest|ttest,10,6,0.25964487954698134,0.1559290382819795,0.25964487954698146,10.0,5
resampling,xgb|perm,10,6,0.04954410212112492,0.02631578947368421,0.049544102121124874,10.0,5
resampling,xgb|shap,10,6,0.029534504271043205,0.015789473684210527,0.029534504271043288,10.0,5
model,explainer=coef,10,6,0.09956809674632885,0.05380116959064327,0.09956809674632883,10.0,5
model,explainer=perm,10,6,0.12291262757142393,0.0780978653269675,0.12291262757142399,10.0,5
model,explainer=shap,10,6,0.12958249352145113,0.07660818713450293,0.12958249352145118,10.0,5
explainer,model=logreg,10,6,0.45307099209777013,0.3187773011302423,0.45307099209777013,10.0,5
explainer,model=rf,10,6,0.7198656300988577,0.5677655677655677,0.7198656300988577,10.0,5
explainer,model=svm,10,6,0.2396352816968998,0.14361885104919161,0.23963528169689985,10.0,5
explainer,model=xgb,10,6,0.9399712064497553,0.890909090909091,0.9399712064497553,10.0,5
combined,all_primary,10,6,0.1724919644666261,0.11760870593687933,0.17249196446662615,10.0,5
baseline,logreg|coef_vs_ttest,10,6,-0.00047989250407898254,0.0,-0.0004798925040790863,10.0,5
baseline,logreg|shap_vs_ttest,10,6,0.01952970534600258,0.010526315789473684,0.0195297053460025,10.0,5
baseline,logreg|perm_vs_ttest,10,6,-0.00047989250407898254,0.0,-0.0004798925040790863,10.0,5
baseline,svm|coef_vs_ttest,10,6,-0.00047989250407898254,0.0,-0.0004798925040790863,10.0,5
baseline,svm|shap_vs_ttest,10,6,0.01952970534600258,0.010526315789473684,0.0195297053460025,10.0,5
baseline,svm|perm_vs_ttest,10,6,0.01952970534600258,0.010526315789473684,0.0195297053460025,10.0,5
baseline,rf|shap_vs_ttest,10,6,0.03953930319608414,0.021052631578947368,0.03953930319608408,10.0,5
baseline,rf|perm_vs_ttest,10,6,0.059548901046165725,0.0327485380116959,0.059548901046165656,10.0,5
baseline,xgb|shap_vs_ttest,10,6,0.07955849889624729,0.04327485380116959,0.07955849889624725,10.0,5
baseline,xgb|perm_vs_ttest,10,6,0.07955849889624729,0.04327485380116959,0.07955849889624725,10.0,5
sensitivity,logreg_coef_across_C,10,6,0.7732245576990755,0.6709401709401708,0.7732245576990754,10.0,5
resampling,logreg_C0.1|coef,25,6,0.2751307688613551,0.1648379605681593,0.27513076886135523,25.0,5
resampling,logreg_C100|coef,25,6,0.2671211640973923,0.1586464408792917,0.26712116409739234,25.0,5
resampling,logreg|coef,25,6,0.2751307688613551,0.16591372575415125,0.27513076886135523,25.0,5
resampling,logreg|perm,25,6,0.17901551169380003,0.10080629037732403,0.17901551169380014,25.0,5
resampling,logreg|shap,25,6,0.2511019545694664,0.14764115798745295,0.2511019545694665,25.0,5
resampling,rf|perm,25,6,0.03484262594246723,0.018537414965986394,0.03484262594246746,25.0,5
resampling,rf|shap,25,6,0.02683302117850439,0.014455782312925169,0.026833021178504536,25.0,5
resampling,svm|coef,25,6,0.29114997838928103,0.1736608964271143,0.2911499783892811,25.0,5
resampling,svm|perm,25,6,0.19903952360370736,0.11567933166228701,0.19903952360370744,25.0,5
resampling,svm|shap,25,6,0.18302031407578134,0.10305332011424254,0.1830203140757816,25.0,5
resampling,ttest|ttest,25,6,0.24709715218748485,0.14496480471675705,0.24709715218748501,25.0,5
resampling,xgb|perm,25,6,0.11493867358209653,0.06287575103486297,0.11493867358209671,25.0,5
resampling,xgb|shap,25,6,0.13496268549200396,0.07386474478783187,0.13496268549200402,25.0,5
model,explainer=coef,25,6,0.21505873313163323,0.12319624819624819,0.2150587331316333,25.0,5
model,explainer=perm,25,6,0.10826400294546086,0.06422607087172344,0.10826400294546094,25.0,5
model,explainer=shap,25,6,0.12294827834605959,0.0713700800039796,0.12294827834605966,25.0,5
explainer,model=logreg,25,6,0.46602634906913815,0.31605179775911485,0.4660263490691383,25.0,5
explainer,model=rf,25,6,0.7917502761369639,0.6609147248746803,0.7917502761369639,25.0,5
explainer,model=svm,25,6,0.31384385855384256,0.1926669929703297,0.31384385855384267,25.0,5
explainer,model=xgb,25,6,0.8398079047207414,0.7294429708222812,0.8398079047207414,25.0,5
combined,all_primary,25,6,0.177146603915542,0.1168939828810525,0.17714660391554216,25.0,5
baseline,logreg|coef_vs_ttest,25,6,0.006809009268597133,0.004081632653061224,0.006809009268597226,25.0,5
baseline,logreg|shap_vs_ttest,25,6,0.006809009268597133,0.004081632653061224,0.006809009268597226,25.0,5
baseline,logreg|perm_vs_ttest,25,6,-0.001200595495365775,0.0,-0.0012005954953657014,25.0,5
baseline,svm|coef_vs_ttest,25,6,-0.001200595495365775,0.0,-0.0012005954953657014,25.0,5
baseline,svm|shap_vs_ttest,25,6,0.01481861403256004,0.008163265306122448,0.014818614032560152,25.0,5
baseline,svm|perm_vs_ttest,25,6,0.006809009268597133,0.004081632653061224,0.006809009268597226,25.0,5
baseline,rf|shap_vs_ttest,25,6,0.08690505690822639,0.046280214213344904,0.08690505690822647,25.0,5
baseline,rf|perm_vs_ttest,25,6,0.08690505690822639,0.046631205673758856,0.08690505690822649,25.0,5
baseline,xgb|shap_vs_ttest,25,6,0.09491466167218929,0.05148477830848651,0.0949146616721894,25.0,5
baseline,xgb|perm_vs_ttest,25,6,0.08690505690822639,0.04665386043409038,0.08690505690822649,25.0,5
sensitivity,logreg_coef_across_C,25,6,0.7543721205718035,0.6279364979633797,0.7543721205718036,25.0,5
resampling,logreg_C0.1|coef,50,6,0.3223748437349744,0.1964547213996514,0.32237484373497455,50.0,5
resampling,logreg_C100|coef,50,6,0.2983171458794114,0.17929289425166567,0.2983171458794115,50.0,5
resampling,logreg|coef,50,6,0.32037003558034427,0.19516306238888065,0.32037003558034427,50.0,5
resampling,logreg|perm,50,6,0.2361680930858735,0.13683608317468238,0.2361680930858736,50.0,5
resampling,logreg|shap,50,6,0.2682450235599576,0.16130285529526564,0.2682450235599577,50.0,5
resampling,rf|perm,50,6,0.04370651024136918,0.023671652353537482,0.04370651024136936,50.0,5
resampling,rf|shap,50,6,0.05172574285989007,0.027880185188727157,0.05172574285989038,50.0,5
resampling,svm|coef,50,6,0.3143556111164534,0.19014658721795402,0.3143556111164535,50.0,5
resampling,svm|perm,50,6,0.2502017501682854,0.14815018959642856,0.2502017501682854,50.0,5
resampling,svm|shap,50,6,0.24819694201365505,0.14347345967447014,0.24819694201365516,50.0,5
resampling,ttest|ttest,50,6,0.26223059909606683,0.15448473452039424,0.26223059909606694,50.0,5
resampling,xgb|perm,50,6,0.12389883642657928,0.06803458063945314,0.1238988364265795,50.0,5
resampling,xgb|shap,50,6,0.11788441196268862,0.06443305231789972,0.11788441196268876,50.0,5
model,explainer=coef,50,6,0.24218251754976433,0.14492267797440384,0.24218251754976441,50.0,5
model,explainer=perm,50,6,0.1272401833509632,0.07642053059061096,0.12724018335096327,50.0,5
model,explainer=shap,50,6,0.14661999551238894,0.08650402823403032,0.14661999551238902,50.0,5
explainer,model=logreg,50,6,0.49746142257268317,0.343809265023448,0.4974614225726833,50.0,5
explainer,model=rf,50,6,0.7674422540628906,0.6254346746150025,0.7674422540628906,50.0,5
explainer,model=svm,50,6,0.38118254960412845,0.2436857073364845,0.3811825496041286,50.0,5
explainer,model=xgb,50,6,0.8556538128666219,0.7526743437157719,0.8556538128666219,50.0,5
combined,all_primary,50,6,0.1960273787009433,0.13045433653672261,0.19602737870094347,50.0,5
baseline,logreg|coef_vs_ttest,50,6,0.005615155303394426,0.00404040404040404,0.005615155303394558,50.0,5
baseline,logreg|shap_vs_ttest,50,6,0.017644004231175913,0.010183467326324469,0.017644004231176076,50.0,5
baseline,logreg|perm_vs_ttest,50,6,0.005615155303394426,0.00404040404040404,0.005615155303394558,50.0,5
baseline,svm|coef_vs_ttest,50,6,0.0016055389941339148,0.00202020202020202,0.0016055389941340517,50.0,5
baseline,svm|shap_vs_ttest,50,6,0.013634387921915425,0.008122036693465265,0.01363438792191557,50.0,5
baseline,svm|perm_vs_ttest,50,6,0.005615155303394426,0.00404040404040404,0.005615155303394558,50.0,5
baseline,rf|shap_vs_ttest,50,6,0.08179786517934402,0.04395008138903961,0.08179786517934416,50.0,5
baseline,rf|perm_vs_ttest,50,6,0.08179786517934402,0.04408578868912638,0.08179786517934416,50.0,5
baseline,xgb|shap_vs_ttest,50,6,0.08179786517934406,0.04418061222703773,0.08179786517934418,50.0,5
baseline,xgb|perm_vs_ttest,50,6,0.07778824887008354,0.041892806232986024,0.07778824887008366,50.0,5
sensitivity,logreg_coef_across_C,50,6,0.7380384011283135,0.6051968272940049,0.7380384011283136,50.0,5
resampling,logreg_C0.1|coef,10,7,0.29966407524714467,0.178921568627451,0.29966407524714456,10.0,5
resampling,logreg_C100|coef,10,7,0.22963048277185916,0.13291193670450638,0.22963048277185907,10.0,5
resampling,logreg|coef,10,7,0.32967847202226697,0.1985294117647059,0.32967847202226697,10.0,5
resampling,logreg|perm,10,7,0.21962568384681824,0.12637598899208807,0.2196256838468183,10.0,5
resampling,logreg|shap,10,7,0.25964487954698134,0.15196078431372553,0.2596448795469814,10.0,5
resampling,rf|perm,10,7,0.0195297053460024,0.01111111111111111,0.019529705346002492,10.0,5
resampling,rf|shap,10,7,0.0195297053460024,0.010526315789473684,0.019529705346002492,10.0,5
resampling,svm|coef,10,7,0.20962088492177744,0.12180082559339526,0.2096208849217775,10.0,5
resampling,svm|perm,10,7,0.19961608599673675,0.1124871001031992,0.1996160859967367,10.0,5
resampling,svm|shap,10,7,0.31967367309722616,0.19379084967320265,0.31967367309722616,10.0,5
resampling,ttest|ttest,10,7,0.26964967847202226,0.15767973856209155,0.26964967847202226,10.0,5
resampling,xgb|perm,10,7,0.07955849889624711,0.04269005847953216,0.07955849889624725,10.0,5
resampling,xgb|shap,10,7,0.09956809674632883,0.05380116959064327,0.09956809674632883,10.0,5
model,explainer=coef,10,7,0.23963528169689993,0.1386308909528724,0.2396352816968999,10.0,5
model,explainer=perm,10,7,0.10290302972134244,0.06421634780767908,0.10290302972134242,10.0,5
model,explainer=shap,10,7,0.1295824935214512,0.07633585597981882,0.1295824935214512,10.0,5
explainer,model=logreg,10,7,0.36636273474741643,0.24036744702379376,0.36636273474741654,10.0,5
explainer,model=rf,10,7,0.7999040214991842,0.6759906759906761,0.7999040214991842,10.0,5
explainer,model=svm,10,7,0.3596928687973893,0.23232918898553573,0.3596928687973894,10.0,5
explainer,model=xgb,10,7,0.8199136193492658,0.7016317016317016,0.8199136193492658,10.0,5
combined,all_primary,10,7,0.17160264900662242,0.11444232677462814,0.17160264900662253,10.0,5
baseline,logreg|coef_vs_ttest,10,7,-0.00047989250407898254,0.0,-0.0004798925040790863,10.0,5
baseline,logreg|shap_vs_ttest,10,7,-0.00047989250407898254,0.0,-0.0004798925040790863,10.0,5
baseline,logreg|perm_vs_ttest,10,7,-0.00047989250407898254,0.0,-0.0004798925040790863,10.0,5
baseline,svm|coef_vs_ttest,10,7,-0.00047989250407898254,0.0,-0.0004798925040790863,10.0,5
baseline,svm|shap_vs_ttest,10,7,-0.00047989250407898254,0.0,-0.0004798925040790863,10.0,5
baseline,svm|perm_vs_ttest,10,7,-0.00047989250407898254,0.0,-0.0004798925040790863,10.0,5
baseline,rf|shap_vs_ttest,10,7,0.01952970534600258,0.010526315789473684,0.0195297053460025,10.0,5
baseline,rf|perm_vs_ttest,10,7,0.03953930319608414,0.021052631578947368,0.03953930319608408,10.0,5
baseline,xgb|shap_vs_ttest,10,7,0.01952970534600258,0.010526315789473684,0.0195297053460025,10.0,5
baseline,xgb|perm_vs_ttest,10,7,0.03953930319608416,0.02222222222222222,0.03953930319608408,10.0,5
sensitivity,logreg_coef_across_C,10,7,0.5664587132482324,0.4476360241066123,0.5664587132482324,10.0,5
resampling,logreg_C0.1|coef,25,7,0.335202804591077,0.20345307462437354,0.3352028045910772,25.0,5
resampling,logreg_C100|coef,25,7,0.28314037362531796,0.16811121612719682,0.2831403736253182,25.0,5
resampling,logreg|coef,25,7,0.351222014119003,0.21497305870533326,0.3512220141190031,25.0,5
resampling,logreg|perm,25,7,0.21105393074965184,0.12157025420611031,0.2110539307496518,25.0,5
resampling,logreg|shap,25,7,0.28314037362531796,0.1668369130082119,0.2831403736253182,25.0,5
resampling,rf|perm,25,7,0.046857033088411715,0.025180923433203068,0.04685703308841185,25.0,5
resampling,rf|shap,25,7,0.03884742832444876,0.020753727022723982,0.03884742832444892,25.0,5
resampling,svm|coef,25,7,0.31117399029918835,0.1923321651492474,0.31117399029918846,25.0,5
resampling,svm|perm,25,7,0.23508274504154048,0.13418308463808967,0.23508274504154061,25.0,5
resampling,svm|shap,25,7,0.2871451760072995,0.17012899025094147,0.28714517600729966,25.0,5
resampling,ttest|ttest,25,7,0.2671211640973923,0.15714197726392848,0.26712116409739234,25.0,5
resampling,xgb|perm,25,7,0.14697709263794834,0.0807602600233777,0.14697709263794842,25.0,5
resampling,xgb|shap,25,7,0.1549866974019113,0.08570097148582831,0.15498669740191134,25.0,5
model,explainer=coef,25,7,0.19102991883974446,0.10692493856231136,0.19102991883974454,25.0,5
model,explainer=perm,25,7,0.11627360770942383,0.06977444363173259,0.11627360770942385,25.0,5
model,explainer=shap,25,7,0.16566617042052859,0.0963427215825052,0.16566617042052859,25.0,5
explainer,model=logreg,25,7,0.41796872048536055,0.27739817081684326,0.4179687204853607,25.0,5
explainer,model=rf,25,7,0.7597118570811123,0.6235390708007341,0.7597118570811123,25.0,5
explainer,model=svm,25,7,0.29248491251660813,0.17613518981925108,0.2924849125166083,25.0,5
explainer,model=xgb,25,7,0.9118943475964076,0.8396418396418397,0.9118943475964076,25.0,5
combined,all_primary,25,7,0.18355428772671228,0.12104080606509618,0.18355428772671242,25.0,5
baseline,logreg|coef_vs_ttest,25,7,-0.001200595495365775,0.0,-0.0012005954953657014,25.0,5
baseline,logreg|shap_vs_ttest,25,7,0.02282821879652299,0.012414965986394558,0.022828218796523074,25.0,5
baseline,logreg|perm_vs_ttest,25,7,-0.001200595495365775,0.0,-0.0012005954953657014,25.0,5
baseline,svm|coef_vs_ttest,25,7,-0.001200595495365775,0.0,-0.0012005954953657014,25.0,5
baseline,svm|shap_vs_ttest,25,7,0.02282821879652295,0.012244897959183673,0.022828218796523074,25.0,5
baseline,svm|perm_vs_ttest,25,7,-0.001200595495365775,0.0,-0.0012005954953657014,25.0,5
baseline,rf|shap_vs_ttest,25,7,0.046857033088411715,0.025010855405992183,0.046857033088411854,25.0,5
baseline,rf|perm_vs_ttest,25,7,0.046857033088411805,0.025,0.04685703308841185,25.0,5
baseline,xgb|shap_vs_ttest,25,7,0.06287624261633758,0.033344188739325514,0.0628762426163377,25.0,5
baseline,xgb|perm_vs_ttest,25,7,0.06287624261633758,0.033344188739325514,0.0628762426163377,25.0,5
sensitivity,logreg_coef_across_C,25,7,0.51675384590757,0.41388364861611227,0.5167538459075701,25.0,5
resampling,logreg_C0.1|coef,50,7,0.2983171458794114,0.1783776411903525,0.2983171458794115,50.0,5
resampling,logreg_C100|coef,50,7,0.29631233772478105,0.1790874720994895,0.2963123377247812,50.0,5
resampling,logreg|coef,50,7,0.28628829695162983,0.16957764721023993,0.28628829695162994,50.0,5
resampling,logreg|perm,50,7,0.23416328493124328,0.13594969436750906,0.2341632849312434,50.0,5
resampling,logreg|shap,50,7,0.25621617463217605,0.1488183954785888,0.25621617463217616,50.0,5
resampling,rf|perm,50,7,0.06575939994230207,0.0353124157964868,0.06575939994230215,50.0,5
resampling,rf|shap,50,7,0.06174978363304151,0.03320848143923874,0.06174978363304164,50.0,5
resampling,svm|coef,50,7,0.3063363784979324,0.18614852922373398,0.30633637849793244,50.0,5
resampling,svm|perm,50,7,0.2822786806423693,0.1667425298769555,0.2822786806423695,50.0,5
resampling,svm|shap,50,7,0.2762642561784786,0.16231811881680003,0.2762642561784787,50.0,5
resampling,ttest|ttest,50,7,0.2842834887969996,0.16957282015454148,0.2842834887969997,50.0,5
resampling,xgb|perm,50,7,0.1639949995191844,0.09122070214232113,0.16399499951918453,50.0,5
resampling,xgb|shap,50,7,0.17802865660159617,0.09946871627724749,0.1780286566015963,50.0,5
model,explainer=coef,50,7,0.24619213385902478,0.14227769836012227,0.2461921338590249,50.0,5
model,explainer=perm,50,7,0.11988922011731887,0.07066871439621494,0.11988922011731898,50.0,5
model,explainer=shap,50,7,0.17936519537134976,0.10617559587608313,0.17936519537134982,50.0,5
explainer,model=logreg,50,7,0.42929794531525456,0.28124249485704655,0.4292979453152547,50.0,5
explainer,model=rf,50,7,0.7353653235888065,0.5825012800819253,0.7353653235888066,50.0,5
explainer,model=svm,50,7,0.3223748437349744,0.19769613621393262,0.32237484373497455,50.0,5
explainer,model=xgb,50,7,0.8957499759592269,0.8123971545024176,0.8957499759592269,50.0,5
combined,all_primary,50,7,0.19647289162419446,0.1281261925289193,0.19647289162419465,50.0,5
baseline,logreg|coef_vs_ttest,50,7,0.005615155303394426,0.00404040404040404,0.005615155303394558,50.0,5
baseline,logreg|shap_vs_ttest,50,7,0.041701702086738957,0.02268216564976506,0.04170170208673911,50.0,5
baseline,logreg|perm_vs_ttest,50,7,0.013634387921915425,0.0082057690305113,0.01363438792191557,50.0,5
baseline,svm|coef_vs_ttest,50,7,0.0016055389941339148,0.00202020202020202,0.0016055389941340517,50.0,5
baseline,svm|shap_vs_ttest,50,7,0.033682469468217915,0.018346732632446915,0.033682469468218096,50.0,5
baseline,svm|perm_vs_ttest,50,7,0.0016055389941339148,0.00202020202020202,0.0016055389941340517,50.0,5
baseline,rf|shap_vs_ttest,50,7,0.04571131839599944,0.024791415768859376,0.045711318395999616,50.0,5
baseline,rf|perm_vs_ttest,50,7,0.06174978363304155,0.0332057690305113,0.06174978363304164,50.0,5
baseline,xgb|shap_vs_ttest,50,7,0.05373055101452049,0.029043116449131483,0.05373055101452062,50.0,5
baseline,xgb|perm_vs_ttest,50,7,0.057740167323781,0.03128275810646631,0.057740167323781136,50.0,5
sensitivity,logreg_coef_across_C,50,7,0.5535960509023303,0.4291451564990731,0.5535960509023303,50.0,5
resampling,logreg_C0.1|coef,10,8,0.30966887417218536,0.19513243894048846,0.3096688741721854,10.0,5
resampling,logreg_C100|coef,10,8,0.18961128707169594,0.1206160196872271,0.18961128707169592,10.0,5
resampling,logreg|coef,10,8,0.28965927632210375,0.17846577227382182,0.28965927632210386,10.0,5
resampling,logreg|perm,10,8,0.21962568384681824,0.13304093567251463,0.2196256838468183,10.0,5
resampling,logreg|shap,10,8,0.21962568384681824,0.13095115239078087,0.21962568384681833,10.0,5
resampling,rf|perm,10,8,0.0395393031960839,0.021052631578947368,0.03953930319608408,10.0,5
resampling,rf|shap,10,8,0.0195297053460024,0.010526315789473684,0.019529705346002502,10.0,5
resampling,svm|coef,10,8,0.09956809674632883,0.05565875472996216,0.09956809674632883,10.0,5
resampling,svm|perm,10,8,0.20962088492177744,0.12579119367045064,0.2096208849217775,10.0,5
resampling,svm|shap,10,8,0.12958249352145113,0.07076023391812865,0.12958249352145118,10.0,5
resampling,ttest|ttest,10,8,0.13958729244649204,0.07602339181286548,0.13958729244649198,10.0,5
resampling,xgb|perm,10,8,0.07955849889624711,0.04454764361885105,0.07955849889624725,10.0,5
resampling,xgb|shap,10,8,0.08956329782128802,0.051668386652906774,0.08956329782128802,10.0,5
model,explainer=coef,10,8,0.139587292446492,0.07719298245614034,0.13958729244649198,10.0,5
model,explainer=perm,10,8,0.16626675624660073,0.11155799251774483,0.16626675624660076,10.0,5
model,explainer=shap,10,8,0.1595968902965736,0.09126820318770783,0.1595968902965736,10.0,5
explainer,model=logreg,10,8,0.3596928687973893,0.24860599210444412,0.3596928687973894,10.0,5
explainer,model=rf,10,8,0.8399232171993474,0.7333333333333332,0.8399232171993474,10.0,5
explainer,model=svm,10,8,0.1929462200467094,0.1099816534801055,0.19294622004670953,10.0,5
explainer,model=xgb,10,8,0.899952010749592,0.8242424242424242,0.899952010749592,10.0,5
combined,all_primary,10,8,0.18316374998666957,0.124185498788182,0.18316374998666968,10.0,5
baseline,logreg|coef_vs_ttest,10,8,-0.00047989250407898254,0.0,-0.0004798925040790863,10.0,5
baseline,logreg|shap_vs_ttest,10,8,0.01952970534600258,0.010526315789473684,0.0195297053460025,10.0,5
baseline,logreg|perm_vs_ttest,10,8,-0.00047989250407898254,0.0,-0.0004798925040790863,10.0,5
baseline,svm|coef_vs_ttest,10,8,-0.00047989250407898254,0.0,-0.0004798925040790863,10.0,5
baseline,svm|shap_vs_ttest,10,8,-0.00047989250407898254,0.0,-0.0004798925040790863,10.0,5
baseline,svm|perm_vs_ttest,10,8,-0.00047989250407898254,0.0,-0.0004798925040790863,10.0,5
baseline,rf|shap_vs_ttest,10,8,0.11957769459641046,0.06804265565875474,0.11957769459641039,10.0,5
baseline,rf|perm_vs_ttest,10,8,0.13958729244649204,0.08111455108359134,0.13958729244649198,10.0,5
baseline,xgb|shap_vs_ttest,10,8,0.07955849889624729,0.04327485380116959,0.07955849889624725,10.0,5
baseline,xgb|perm_vs_ttest,10,8,0.11957769459641046,0.06804265565875474,0.11957769459641039,10.0,5
sensitivity,logreg_coef_across_C,10,8,0.5797984451482867,0.47054775290069395,0.5797984451482867,10.0,5
resampling,logreg_C0.1|coef,25,8,0.29114997838928103,0.17578257706637973,0.29114997838928114,25.0,5
resampling,logreg_C100|coef,25,8,0.20304432598568878,0.1175085653039959,0.2030443259856889,25.0,5
resampling,logreg|coef,25,8,0.29114997838928103,0.17431181555629433,0.2911499783892811,25.0,5
resampling,logreg|perm,25,8,0.2751307688613551,0.17050338212952196,0.27513076886135523,25.0,5
resampling,logreg|shap,25,8,0.18702511645776287,0.10546877905144061,0.18702511645776307,25.0,5
resampling,rf|perm,25,8,0.04285223070643018,0.02287957736286004,0.042852230706430385,25.0,5
resampling,rf|shap,25,8,0.054866637852374556,0.02899659863945578,0.05486663785237478,25.0,5
resampling,svm|coef,25,8,0.25911155933342933,0.15104770360140407,0.2591115593334294,25.0,5
resampling,svm|perm,25,8,0.2671211640973923,0.1595451124310388,0.26712116409739234,25.0,5
resampling,svm|shap,25,8,0.21105393074965184,0.12114386013176967,0.2110539307496518,25.0,5
resampling,ttest|ttest,25,8,0.19903952360370736,0.11177052455584394,0.19903952360370747,25.0,5
resampling,xgb|perm,25,8,0.14697709263794834,0.08062937422326874,0.14697709263794842,25.0,5
resampling,xgb|shap,25,8,0.1389674878739855,0.07559230136704695,0.1389674878739855,25.0,5
model,explainer=coef,25,8,0.22306833789559616,0.1267171206503866,0.2230683378955962,25.0,5
model,explainer=perm,25,8,0.16032643391121987,0.0996441950005841,0.16032643391121998,25.0,5
model,explainer=shap,25,8,0.17367577518449143,0.09974964136493329,0.17367577518449154,25.0,5
explainer,model=logreg,25,8,0.42330845699466924,0.2832518213316001,0.42330845699466935,25.0,5
explainer,model=rf,25,8,0.775731066609038,0.6418146518952971,0.775731066609038,25.0,5
explainer,model=svm,25,8,0.24976702044213916,0.14580533482664235,0.2497670204421393,25.0,5
explainer,model=xgb,25,8,0.9038847428324448,0.8325521551328003,0.9038847428324448,25.0,5
combined,all_primary,25,8,0.1999294796885921,0.13158871417619983,0.19992947968859226,25.0,5
baseline,logreg|coef_vs_ttest,25,8,0.006809009268597133,0.004081632653061224,0.006809009268597226,25.0,5
baseline,logreg|shap_vs_ttest,25,8,0.046857033088411756,0.025180923433203068,0.046857033088411854,25.0,5
baseline,logreg|perm_vs_ttest,25,8,-0.001200595495365775,0.0,-0.0012005954953657014,25.0,5
baseline,svm|coef_vs_ttest,25,8,-0.001200595495365775,0.0,-0.0012005954953657014,25.0,5
baseline,svm|shap_vs_ttest,25,8,0.006809009268597133,0.004081632653061224,0.006809009268597226,25.0,5
baseline,svm|perm_vs_ttest,25,8,0.0308378235604859,0.016847590099869733,0.030837823560486005,25.0,5
baseline,rf|shap_vs_ttest,25,8,0.15098189501992978,0.08439390930378418,0.1509818950199299,25.0,5
baseline,rf|perm_vs_ttest,25,8,0.13496268549200396,0.07552866107683384,0.13496268549200402,25.0,5
baseline,xgb|shap_vs_ttest,25,8,0.1189434759640781,0.06479445000325137,0.11894347596407817,25.0,5
baseline,xgb|perm_vs_ttest,25,8,0.11093387120011515,0.060542749322979275,0.11093387120011525,25.0,5
sensitivity,logreg_coef_across_C,25,8,0.6582568634042485,0.5422550005244311,0.6582568634042485,25.0,5
resampling,logreg_C0.1|coef,50,8,0.3163604192710836,0.19288875908976957,0.3163604192710837,50.0,5
resampling,logreg_C100|coef,50,8,0.27826906433310883,0.16635594689546335,0.27826906433310894,50.0,5
resampling,logreg|coef,50,8,0.3143556111164534,0.19080012382236183,0.3143556111164535,50.0,5
resampling,logreg|perm,50,8,0.2502017501682854,0.1502824565797676,0.2502017501682854,50.0,5
resampling,logreg|shap,50,8,0.23416328493124328,0.1364374604530254,0.23416328493124333,50.0,5
resampling,rf|perm,50,8,0.07778824887008362,0.04196146986413614,0.07778824887008366,50.0,5
resampling,rf|shap,50,8,0.049720934705259956,0.026785050165020707,0.04972093470526012,50.0,5
resampling,svm|coef,50,8,0.31836522742571394,0.192936144404725,0.31836522742571405,50.0,5
resampling,svm|perm,50,8,0.26223059909606683,0.1562206143917098,0.26223059909606694,50.0,5
resampling,svm|shap,50,8,0.2522065583229155,0.1498388972701352,0.2522065583229157,50.0,5
resampling,ttest|ttest,50,8,0.20609597076641972,0.11690350712345095,0.20609597076641983,50.0,5
resampling,xgb|perm,50,8,0.12790845273583984,0.06999326446220552,0.12790845273583998,50.0,5
resampling,xgb|shap,50,8,0.1319180690451004,0.07243937553329614,0.1319180690451005,50.0,5
model,explainer=coef,50,8,0.2502017501682853,0.14553314234391485,0.25020175016828544,50.0,5
model,explainer=perm,50,8,0.1386007628938679,0.08286521191603478,0.138600762893868,50.0,5
model,explainer=shap,50,8,0.165331538288938,0.0953419742610245,0.16533153828893804,50.0,5
explainer,model=logreg,50,8,0.4520191044010641,0.30422425233245554,0.4520191044010642,50.0,5
explainer,model=rf,50,8,0.7834807192999327,0.6459028550241008,0.7834807192999327,50.0,5
explainer,model=svm,50,8,0.31569214988620686,0.19126209357308394,0.315692149886207,50.0,5
explainer,model=xgb,50,8,0.8676826617944032,0.7675772503358711,0.8676826617944032,50.0,5
combined,all_primary,50,8,0.20119532861065684,0.1309706944831162,0.201195328610657,50.0,5
baseline,logreg|coef_vs_ttest,50,8,0.009624771612654936,0.006060606060606061,0.009624771612655063,50.0,5
baseline,logreg|shap_vs_ttest,50,8,0.05373055101452049,0.029043116449131483,0.053730551014520636,50.0,5
baseline,logreg|perm_vs_ttest,50,8,0.0016055389941339148,0.00202020202020202,0.0016055389941340523,50.0,5
baseline,svm|coef_vs_ttest,50,8,0.005615155303394426,0.00404040404040404,0.005615155303394558,50.0,5
baseline,svm|shap_vs_ttest,50,8,0.021653620540436447,0.012162440733869306,0.02165362054043658,50.0,5
baseline,svm|perm_vs_ttest,50,8,0.025663236849696937,0.014307603703774544,0.025663236849697086,50.0,5
baseline,rf|shap_vs_ttest,50,8,0.11387479565342809,0.062308615595472926,0.11387479565342822,50.0,5
baseline,rf|perm_vs_ttest,50,8,0.11788441196268866,0.06421523280912736,0.11788441196268873,50.0,5
baseline,xgb|shap_vs_ttest,50,8,0.09382671410712558,0.050577131026733314,0.09382671410712569,50.0,5
baseline,xgb|perm_vs_ttest,50,8,0.08981709779786504,0.04842936470370925,0.08981709779786518,50.0,5
sensitivity,logreg_coef_across_C,50,8,0.6190864506202518,0.49892457233461823,0.6190864506202519,50.0,5
resampling,logreg_C0.1|coef,10,9,0.28965927632210375,0.1773563811489508,0.2896592763221038,10.0,5
resampling,logreg_C100|coef,10,9,0.19961608599673675,0.1151358789129687,0.19961608599673675,10.0,5
resampling,logreg|coef,10,9,0.26964967847202226,0.16068971448228414,0.26964967847202226,10.0,5
resampling,logreg|perm,10,9,0.33968327094730777,0.21507936507936506,0.33968327094730777,10.0,5
resampling,logreg|shap,10,9,0.20962088492177744,0.12568799449604404,0.2096208849217775,10.0,5
resampling,rf|perm,10,9,0.0695536999712063,0.03742690058479532,0.06955369997120645,10.0,5
resampling,rf|shap,10,9,0.04954410212112492,0.02631578947368421,0.04954410212112487,10.0,5
resampling,svm|coef,10,9,0.16960168922161423,0.09425524595803232,0.16960168922161434,10.0,5
resampling,svm|perm,10,9,0.24964008062194054,0.15016339869281045,0.24964008062194068,10.0,5
resampling,svm|shap,10,9,0.13958729244649204,0.07846577227382182,0.13958729244649198,10.0,5
resampling,ttest|ttest,10,9,0.3496880698723486,0.22280578898225958,0.3496880698723486,10.0,5
resampling,xgb|perm,10,9,0.09956809674632883,0.05438596491228069,0.09956809674632883,10.0,5
resampling,xgb|shap,10,9,0.12958249352145113,0.07261781905744753,0.12958249352145118,10.0,5
model,explainer=coef,10,9,0.07955849889624729,0.04327485380116959,0.07955849889624725,10.0,5
model,explainer=perm,10,9,0.13291742649646476,0.08515840884261937,0.13291742649646482,10.0,5
model,explainer=shap,10,9,0.12624756054643754,0.07162882696938425,0.1262475605464376,10.0,5
explainer,model=logreg,10,9,0.45307099209777,0.3145777969307381,0.45307099209777013,10.0,5
explainer,model=rf,10,9,0.799904021499184,0.6713286713286712,0.799904021499184,10.0,5
explainer,model=svm,10,9,0.14625715839651904,0.08431945877766311,0.14625715839651915,10.0,5
explainer,model=xgb,10,9,0.8599328150494289,0.7575757575757576,0.8599328150494289,10.0,5
combined,all_primary,10,9,0.158262917106568,0.10773288096301512,0.15826291710656815,10.0,5
baseline,logreg|coef_vs_ttest,10,9,-0.00047989250407898254,0.0,-0.0004798925040790863,10.0,5
baseline,logreg|shap_vs_ttest,10,9,-0.00047989250407898254,0.0,-0.0004798925040790863,10.0,5
baseline,logreg|perm_vs_ttest,10,9,-0.00047989250407898254,0.0,-0.0004798925040790863,10.0,5
baseline,svm|coef_vs_ttest,10,9,-0.00047989250407898254,0.0,-0.0004798925040790863,10.0,5
baseline,svm|shap_vs_ttest,10,9,-0.00047989250407898254,0.0,-0.0004798925040790863,10.0,5
baseline,svm|perm_vs_ttest,10,9,-0.00047989250407898254,0.0,-0.0004798925040790863,10.0,5
baseline,rf|shap_vs_ttest,10,9,0.01952970534600258,0.010526315789473684,0.0195297053460025,10.0,5
baseline,rf|perm_vs_ttest,10,9,0.03953930319608416,0.02222222222222222,0.03953930319608408,10.0,5
baseline,xgb|shap_vs_ttest,10,9,0.03953930319608414,0.021052631578947368,0.03953930319608408,10.0,5
baseline,xgb|perm_vs_ttest,10,9,0.03953930319608414,0.021052631578947368,0.03953930319608408,10.0,5
sensitivity,logreg_coef_across_C,10,9,0.7131957641488306,0.592973692973693,0.7131957641488306,10.0,5
resampling,logreg_C0.1|coef,25,9,0.31117399029918835,0.19111891111098409,0.31117399029918846,25.0,5
resampling,logreg_C100|coef,25,9,0.28314037362531796,0.17087551274354684,0.2831403736253182,25.0,5
resampling,logreg|coef,25,9,0.3031643855352254,0.18520374121546565,0.3031643855352255,25.0,5
resampling,logreg|perm,25,9,0.29515478077126234,0.17772460111437433,0.29515478077126256,25.0,5
resampling,logreg|shap,25,9,0.26311636171541075,0.1548409806697783,0.26311636171541086,25.0,5
resampling,rf|perm,25,9,0.054866637852374556,0.02926255608626429,0.05486663785237478,25.0,5
resampling,rf|shap,25,9,0.054866637852374556,0.02926255608626429,0.05486663785237479,25.0,5
resampling,svm|coef,25,9,0.27913557124333666,0.1648919980198187,0.2791355712433367,25.0,5
resampling,svm|perm,25,9,0.2711259664793737,0.16220992255621752,0.27112596647937376,25.0,5
resampling,svm|shap,25,9,0.15899149978389282,0.08995956823319207,0.1589914997838928,25.0,5
resampling,ttest|ttest,25,9,0.3151787926811698,0.19588185030074876,0.3151787926811699,25.0,5
resampling,xgb|perm,25,9,0.10692906881813369,0.05844855462438388,0.1069290688181338,25.0,5
resampling,xgb|shap,25,9,0.1269530807280409,0.06954833835532923,0.1269530807280411,25.0,5
model,explainer=coef,25,9,0.21505873313163323,0.12400914470173463,0.2150587331316333,25.0,5
model,explainer=perm,25,9,0.13896748787398544,0.08626771243243708,0.1389674878739855,25.0,5
model,explainer=shap,25,9,0.12027841009140532,0.06819736104335092,0.12027841009140534,25.0,5
explainer,model=logreg,25,9,0.49005516336102695,0.3400636377435816,0.490055163361027,25.0,5
explainer,model=rf,25,9,0.7677214618450752,0.6270245559038662,0.7677214618450752,25.0,5
explainer,model=svm,25,9,0.22840807440490468,0.13341344911614392,0.22840807440490485,25.0,5
explainer,model=xgb,25,9,0.9038847428324448,0.8273265687058793,0.9038847428324448,25.0,5
combined,all_primary,25,9,0.1753666917457724,0.11765728410246452,0.17536669174577257,25.0,5
baseline,logreg|coef_vs_ttest,25,9,-0.001200595495365775,0.0,-0.0012005954953657014,25.0,5
baseline,logreg|shap_vs_ttest,25,9,-0.001200595495365775,0.0,-0.0012005954953657014,25.0,5
baseline,logreg|perm_vs_ttest,25,9,-0.001200595495365775,0.0,-0.0012005954953657014,25.0,5
baseline,svm|coef_vs_ttest,25,9,-0.001200595495365775,0.0,-0.0012005954953657014,25.0,5
baseline,svm|shap_vs_ttest,25,9,-0.001200595495365775,0.0,-0.0012005954953657014,25.0,5
baseline,svm|perm_vs_ttest,25,9,-0.001200595495365775,0.0,-0.0012005954953657014,25.0,5
baseline,rf|shap_vs_ttest,25,9,0.05486663785237471,0.029081632653061223,0.05486663785237478,25.0,5
baseline,rf|perm_vs_ttest,25,9,0.06287624261633766,0.03333333333333333,0.0628762426163377,25.0,5
baseline,xgb|shap_vs_ttest,25,9,0.0308378235604859,0.016847590099869733,0.030837823560485998,25.0,5
baseline,xgb|perm_vs_ttest,25,9,0.0308378235604859,0.01649659863945578,0.030837823560485998,25.0,5
sensitivity,logreg_coef_across_C,25,9,0.7116542284973345,0.5738079757687601,0.7116542284973347,25.0,5
resampling,logreg_C0.1|coef,50,9,0.32838926819886516,0.2037419965009457,0.32838926819886527,50.0,5
resampling,logreg_C100|coef,50,9,0.28628829695162983,0.17225906637123634,0.28628829695162994,50.0,5
resampling,logreg|coef,50,9,0.3524469660544284,0.2219999606546021,0.35244696605442827,50.0,5
resampling,logreg|perm,50,9,0.2822786806423693,0.16864971395680672,0.2822786806423695,50.0,5
resampling,logreg|shap,50,9,0.31235080296182327,0.1895261030724938,0.3123508029618232,50.0,5
resampling,rf|perm,50,9,0.06375459178767184,0.03439272197518301,0.0637545917876719,50.0,5
resampling,rf|shap,50,9,0.06575939994230207,0.03544338747724763,0.06575939994230214,50.0,5
resampling,svm|coef,50,9,0.2902979132608904,0.17193545131475635,0.29029791326089044,50.0,5
resampling,svm|perm,50,9,0.2582209827868063,0.15241189121969917,0.25822098278680644,50.0,5
resampling,svm|shap,50,9,0.18404308106548684,0.10451786931008344,0.18404308106548709,50.0,5
resampling,ttest|ttest,50,9,0.34242292528127694,0.21163375919473476,0.34242292528127705,50.0,5
resampling,xgb|perm,50,9,0.14394691797288195,0.08035305330547564,0.14394691797288203,50.0,5
resampling,xgb|shap,50,9,0.15196615059140284,0.08548329289947275,0.15196615059140303,50.0,5
model,explainer=coef,50,9,0.31435561111645344,0.1901526166131037,0.3143556111164535,50.0,5
model,explainer=perm,50,9,0.13459114658460744,0.08104849648563109,0.1345911465846075,50.0,5
model,explainer=shap,50,9,0.12323056704170268,0.0700895762805275,0.12323056704170272,50.0,5
explainer,model=logreg,50,9,0.47340372471712017,0.31751829510659596,0.4734037247171202,50.0,5
explainer,model=rf,50,9,0.7473941725165882,0.5981827679342222,0.7473941725165882,50.0,5
explainer,model=svm,50,9,0.29297099080039735,0.17480281665721262,0.2929709908003975,50.0,5
explainer,model=xgb,50,9,0.8396153476295798,0.7268089927784671,0.8396153476295798,50.0,5
combined,all_primary,50,9,0.18533506854291534,0.12077209202750813,0.18533506854291545,50.0,5
baseline,logreg|coef_vs_ttest,50,9,-0.002404077315126596,0.0,-0.0024040773151264546,50.0,5
baseline,logreg|shap_vs_ttest,50,9,-0.002404077315126596,0.0,-0.0024040773151264546,50.0,5
baseline,logreg|perm_vs_ttest,50,9,-0.002404077315126596,0.0,-0.0024040773151264546,50.0,5
baseline,svm|coef_vs_ttest,50,9,-0.002404077315126596,0.0,-0.0024040773151264546,50.0,5
baseline,svm|shap_vs_ttest,50,9,-0.002404077315126596,0.0,-0.0024040773151264546,50.0,5
baseline,svm|perm_vs_ttest,50,9,-0.002404077315126596,0.0,-0.0024040773151264546,50.0,5
baseline,rf|shap_vs_ttest,50,9,0.06575939994230202,0.0352233676975945,0.06575939994230215,50.0,5
baseline,rf|perm_vs_ttest,50,9,0.06575939994230202,0.0352233676975945,0.06575939994230215,50.0,5
baseline,xgb|shap_vs_ttest,50,9,0.05373055101452047,0.028867732660074336,0.05373055101452062,50.0,5
baseline,xgb|perm_vs_ttest,50,9,0.057740167323781,0.03101549898309839,0.057740167323781136,50.0,5
sensitivity,logreg_coef_across_C,50,9,0.7407114786678205,0.6082197577412812,0.7407114786678206,50.0,5
resampling,logreg_C0.1|coef,10,10,0.19961608599673675,0.11526487788097695,0.1996160859967367,10.0,5
resampling,logreg_C100|coef,10,10,0.22963048277185916,0.13140694874441006,0.22963048277185907,10.0,5
resampling,logreg|coef,10,10,0.21962568384681824,0.12997076023391813,0.2196256838468183,10.0,5
resampling,logreg|perm,10,10,0.18961128707169594,0.10791193670450636,0.18961128707169592,10.0,5
resampling,logreg|shap,10,10,0.21962568384681824,0.12637598899208807,0.2196256838468183,10.0,5
resampling,rf|perm,10,10,0.12958249352145113,0.07076023391812865,0.12958249352145118,10.0,5
resampling,rf|shap,10,10,0.08956329782128802,0.047953216374269005,0.08956329782128804,10.0,5
resampling,svm|coef,10,10,0.24964008062194065,0.14680082559339527,0.24964008062194062,10.0,5
resampling,svm|perm,10,10,0.17960648814665514,0.1066391468868249,0.17960648814665514,10.0,5
resampling,svm|shap,10,10,0.30966887417218536,0.1854575163398693,0.30966887417218536,10.0,5
resampling,ttest|ttest,10,10,0.29966407524714467,0.18884787383239396,0.2996640752471446,10.0,5
resampling,xgb|perm,10,10,0.14959209137153273,0.08314413484692122,0.14959209137153276,10.0,5
resampling,xgb|shap,10,10,0.09956809674632883,0.05438596491228069,0.09956809674632881,10.0,5
model,explainer=coef,10,10,0.23963528169689993,0.1452356381148951,0.2396352816968999,10.0,5
model,explainer=perm,10,10,0.08956329782128798,0.052018117188395815,0.08956329782128802,10.0,5
model,explainer=shap,10,10,0.16293182327158712,0.10561994478403147,0.16293182327158717,10.0,5
explainer,model=logreg,10,10,0.46641072399782446,0.3222762789326256,0.46641072399782446,10.0,5
explainer,model=rf,10,10,0.8399232171993474,0.7463203463203463,0.8399232171993474,10.0,5
explainer,model=svm,10,10,0.40638193044757964,0.2818980583686466,0.4063819304475797,10.0,5
explainer,model=xgb,10,10,0.899952010749592,0.8242424242424242,0.899952010749592,10.0,5
combined,all_primary,10,10,0.19027827366669858,0.13109661312963686,0.19027827366669867,10.0,5
baseline,logreg|coef_vs_ttest,10,10,-0.00047989250407898254,0.0,-0.0004798925040790863,10.0,5
baseline,logreg|shap_vs_ttest,10,10,-0.00047989250407898254,0.0,-0.0004798925040790863,10.0,5
baseline,logreg|perm_vs_ttest,10,10,-0.00047989250407898254,0.0,-0.0004798925040790863,10.0,5
baseline,svm|coef_vs_ttest,10,10,-0.00047989250407898254,0.0,-0.0004798925040790863,10.0,5
baseline,svm|shap_vs_ttest,10,10,-0.00047989250407898254,0.0,-0.0004798925040790863,10.0,5
baseline,svm|perm_vs_ttest,10,10,-0.00047989250407898254,0.0,-0.0004798925040790863,10.0,5
baseline,rf|shap_vs_ttest,10,10,0.2196256838468183,0.1285689714482284,0.2196256838468183,10.0,5
baseline,rf|perm_vs_ttest,10,10,0.19961608599673675,0.11386308909528724,0.19961608599673672,10.0,5
baseline,xgb|shap_vs_ttest,10,10,0.03953930319608414,0.021052631578947368,0.03953930319608408,10.0,5
baseline,xgb|perm_vs_ttest,10,10,0.059548901046165725,0.0327485380116959,0.059548901046165656,10.0,5
sensitivity,logreg_coef_across_C,10,10,0.6131477748984228,0.4906087090297616,0.6131477748984226,10.0,5
resampling,logreg_C0.1|coef,25,10,0.23508274504154048,0.13518785079893442,0.23508274504154061,25.0,5
resampling,logreg_C100|coef,25,10,0.2230683378955961,0.12638007986845196,0.2230683378955962,25.0,5
resampling,logreg|coef,25,10,0.19903952360370736,0.1123131363111571,0.19903952360370744,25.0,5
resampling,logreg|perm,25,10,0.1750107093118185,0.09891611474060298,0.17501070931181867,25.0,5
resampling,logreg|shap,25,10,0.2751307688613551,0.16143578643578643,0.27513076886135523,25.0,5
resampling,rf|perm,25,10,0.13095788311002243,0.07155207133732308,0.13095788311002257,25.0,5
resampling,rf|shap,25,10,0.1269530807280409,0.06893746551966454,0.1269530807280411,25.0,5
resampling,svm|coef,25,10,0.31117399029918835,0.18796506770802976,0.31117399029918846,25.0,5
resampling,svm|perm,25,10,0.2511019545694664,0.1462662133039331,0.2511019545694665,25.0,5
resampling,svm|shap,25,10,0.30716918791720693,0.1829448360928792,0.307169187917207,25.0,5
resampling,ttest|ttest,25,10,0.34721721173702147,0.2160250363522298,0.34721721173702164,25.0,5
resampling,xgb|perm,25,10,0.1429722902559668,0.07810412169801624,0.14297229025596697,25.0,5
resampling,xgb|shap,25,10,0.14697709263794834,0.08051958063521429,0.14697709263794842,25.0,5
model,explainer=coef,25,10,0.34321240935504005,0.2110839996396912,0.34321240935504005,25.0,5
model,explainer=perm,25,10,0.14430722438329413,0.08428310834314648,0.1443072243832941,25.0,5
model,explainer=shap,25,10,0.1910299188397445,0.11585611799038012,0.19102991883974452,25.0,5
explainer,model=logreg,25,10,0.46602634906913815,0.3132621019617924,0.4660263490691383,25.0,5
explainer,model=rf,25,10,0.7917502761369639,0.6580691509084168,0.7917502761369639,25.0,5
explainer,model=svm,25,10,0.44199753477724946,0.29201724166198595,0.4419975347772495,25.0,5
explainer,model=xgb,25,10,0.9038847428324448,0.8283440697233801,0.9038847428324448,25.0,5
combined,all_primary,25,10,0.22609418858420433,0.1490398467698994,0.2260941885842045,25.0,5
baseline,logreg|coef_vs_ttest,25,10,-0.001200595495365775,0.0,-0.0012005954953657014,25.0,5
baseline,logreg|shap_vs_ttest,25,10,0.006809009268597133,0.004081632653061224,0.006809009268597227,25.0,5
baseline,logreg|perm_vs_ttest,25,10,-0.001200595495365775,0.0,-0.0012005954953657014,25.0,5
baseline,svm|coef_vs_ttest,25,10,-0.001200595495365775,0.0,-0.0012005954953657014,25.0,5
baseline,svm|shap_vs_ttest,25,10,0.030837823560485856,0.016326530612244896,0.030837823560485998,25.0,5
baseline,svm|perm_vs_ttest,25,10,-0.001200595495365775,0.0,-0.0012005954953657014,25.0,5
baseline,rf|shap_vs_ttest,25,10,0.13496268549200394,0.07390393294648613,0.13496268549200402,25.0,5
baseline,rf|perm_vs_ttest,25,10,0.13496268549200394,0.07390393294648613,0.13496268549200402,25.0,5
baseline,xgb|shap_vs_ttest,25,10,0.08690505690822639,0.04665386043409038,0.08690505690822649,25.0,5
baseline,xgb|perm_vs_ttest,25,10,0.08690505690822639,0.04665386043409038,0.08690505690822649,25.0,5
sensitivity,logreg_coef_across_C,25,10,0.6849555459507914,0.5614505387111344,0.6849555459507914,25.0,5
resampling,logreg_C0.1|coef,50,10,0.27024983171458783,0.1584199050800984,0.27024983171458794,50.0,5
resampling,logreg_C100|coef,50,10,0.2902979132608904,0.17175218062327047,0.29029791326089044,50.0,5
resampling,logreg|coef,50,10,0.26423540725069705,0.15449555104233254,0.26423540725069716,50.0,5
resampling,logreg|perm,50,10,0.21612001153957094,0.12639062334209333,0.2161200115395711,50.0,5
resampling,logreg|shap,50,10,0.24218251754976416,0.13935977540392844,0.24218251754976441,50.0,5
resampling,rf|perm,50,10,0.09382671410712551,0.050599047009621326,0.09382671410712569,50.0,5
resampling,rf|shap,50,10,0.09583152226175584,0.051745116192117614,0.09583152226175594,50.0,5
resampling,svm|coef,50,10,0.2983171458794114,0.17737416162144842,0.2983171458794115,50.0,5
resampling,svm|perm,50,10,0.2502017501682854,0.14512412115816292,0.25020175016828544,50.0,5
resampling,svm|shap,50,10,0.27024983171458783,0.15809891526173706,0.27024983171458794,50.0,5
resampling,ttest|ttest,50,10,0.32037003558034427,0.19449134459660983,0.3203700355803443,50.0,5
resampling,xgb|perm,50,10,0.13592768535436095,0.0745838105191324,0.135927685354361,50.0,5
resampling,xgb|shap,50,10,0.13993730166362128,0.07677968069478228,0.13993730166362148,50.0,5
model,explainer=coef,50,10,0.4065767862294452,0.26075481395111433,0.4065767862294452,50.0,5
model,explainer=perm,50,10,0.12657191396608636,0.07327199262857732,0.12657191396608647,50.0,5
model,explainer=shap,50,10,0.21010558707568022,0.12963432085001564,0.21010558707568033,50.0,5
explainer,model=logreg,50,10,0.46137487578933856,0.30881946755927914,0.4613748757893387,50.0,5
explainer,model=rf,50,10,0.7273460909702856,0.572420634920635,0.7273460909702856,50.0,5
explainer,model=svm,50,10,0.47474026348687365,0.32506120798171795,0.4747402634868737,50.0,5
explainer,model=xgb,50,10,0.8476345802481007,0.7377071337820669,0.8476345802481008,50.0,5
combined,all_primary,50,10,0.23033187379128323,0.1507734988729176,0.2303318737912833,50.0,5
baseline,logreg|coef_vs_ttest,50,10,-0.002404077315126596,0.0,-0.0024040773151264546,50.0,5
baseline,logreg|shap_vs_ttest,50,10,0.049720934705259956,0.026895350126107432,0.04972093470526012,50.0,5
baseline,logreg|perm_vs_ttest,50,10,0.005615155303394426,0.00404040404040404,0.005615155303394558,50.0,5
baseline,svm|coef_vs_ttest,50,10,-0.002404077315126596,0.0,-0.0024040773151264546,50.0,5
baseline,svm|shap_vs_ttest,50,10,0.03769208577747842,0.02045066698969497,0.03769208577747861,50.0,5
baseline,svm|perm_vs_ttest,50,10,0.0016055389941339148,0.00202020202020202,0.0016055389941340517,50.0,5
baseline,rf|shap_vs_ttest,50,10,0.08580748148860455,0.046376421918596554,0.08580748148860468,50.0,5
baseline,rf|perm_vs_ttest,50,10,0.10184594672564665,0.055012703343809075,0.10184594672564669,50.0,5
baseline,xgb|shap_vs_ttest,50,10,0.07377863256082302,0.03992891154676562,0.07377863256082315,50.0,5
baseline,xgb|perm_vs_ttest,50,10,0.06976901625156248,0.03764110555271392,0.06976901625156265,50.0,5
sensitivity,logreg_coef_across_C,50,10,0.7540768663653555,0.6392850303175337,0.7540768663653556,50.0,5
resampling,logreg_C0.1|coef,10,11,0.21962568384681824,0.12719298245614036,0.2196256838468183,10.0,5
resampling,logreg_C100|coef,10,11,0.21962568384681824,0.1278809769521844,0.2196256838468183,10.0,5
resampling,logreg|coef,10,11,0.21962568384681824,0.12719298245614036,0.2196256838468183,10.0,5
resampling,logreg|perm,10,11,0.18961128707169594,0.10791193670450638,0.18961128707169594,10.0,5
resampling,logreg|shap,10,11,0.16960168922161423,0.09830581355349158,0.16960168922161434,10.0,5
resampling,rf|perm,10,11,0.03953930319608401,0.021637426900584796,0.03953930319608408,10.0,5
resampling,rf|shap,10,11,0.03953930319608401,0.021637426900584796,0.03953930319608408,10.0,5
resampling,svm|coef,10,11,0.23963528169689985,0.14385964912280702,0.2396352816968999,10.0,5
resampling,svm|perm,10,11,0.15959689029657353,0.0890952872377021,0.1595968902965736,10.0,5
resampling,svm|shap,10,11,0.13958729244649204,0.08007395940832474,0.13958729244649198,10.0,5
resampling,ttest|ttest,10,11,0.19961608599673675,0.11457688338493292,0.1996160859967367,10.0,5
resampling,xgb|perm,10,11,0.07955849889624711,0.04269005847953216,0.07955849889624725,10.0,5
resampling,xgb|shap,10,11,0.09956809674632883,0.05438596491228069,0.09956809674632883,10.0,5
model,explainer=coef,10,11,0.3396832709473078,0.2130718954248366,0.33968327094730777,10.0,5
model,explainer=perm,10,11,0.10623796269635595,0.061486641440201814,0.10623796269635602,10.0,5
model,explainer=shap,10,11,0.18961128707169592,0.12784805780161818,0.18961128707169594,10.0,5
explainer,model=logreg,10,11,0.33968327094730766,0.22159534079038723,0.33968327094730777,10.0,5
explainer,model=rf,10,11,0.7798944236491026,0.6456876456876456,0.7798944236491026,10.0,5
explainer,model=svm,10,11,0.45307099209777013,0.3038557303263185,0.45307099209777,10.0,5
explainer,model=xgb,10,11,0.9199616085996738,0.8545454545454547,0.9199616085996738,10.0,5
combined,all_primary,10,11,0.20050540145674028,0.1357255182229382,0.2005054014567404,10.0,5
baseline,logreg|coef_vs_ttest,10,11,-0.00047989250407898254,0.0,-0.0004798925040790863,10.0,5
baseline,logreg|shap_vs_ttest,10,11,-0.00047989250407898254,0.0,-0.0004798925040790863,10.0,5
baseline,logreg|perm_vs_ttest,10,11,-0.00047989250407898254,0.0,-0.0004798925040790863,10.0,5
baseline,svm|coef_vs_ttest,10,11,-0.00047989250407898254,0.0,-0.0004798925040790863,10.0,5
baseline,svm|shap_vs_ttest,10,11,-0.00047989250407898254,0.0,-0.0004798925040790863,10.0,5
baseline,svm|perm_vs_ttest,10,11,-0.00047989250407898254,0.0,-0.0004798925040790863,10.0,5
baseline,rf|shap_vs_ttest,10,11,0.059548901046165725,0.0327485380116959,0.059548901046165656,10.0,5
baseline,rf|perm_vs_ttest,10,11,0.07955849889624729,0.04327485380116959,0.07955849889624725,10.0,5
baseline,xgb|shap_vs_ttest,10,11,0.059548901046165725,0.0327485380116959,0.059548901046165656,10.0,5
baseline,xgb|perm_vs_ttest,10,11,0.059548901046165725,0.0327485380116959,0.059548901046165656,10.0,5
sensitivity,logreg_coef_across_C,10,11,0.7532149598489939,0.6392496392496392,0.7532149598489938,10.0,5
resampling,logreg_C0.1|coef,25,11,0.2871451760072995,0.17131492292100442,0.28714517600729966,25.0,5
resampling,logreg_C100|coef,25,11,0.30716918791720693,0.18699781721630063,0.307169187917207,25.0,5
resampling,logreg|coef,25,11,0.2711259664793736,0.15997062343149793,0.2711259664793738,25.0,5
resampling,logreg|perm,25,11,0.2551067569514478,0.15164722948229148,0.2551067569514479,25.0,5
resampling,logreg|shap,25,11,0.1549866974019113,0.08599058008289032,0.15498669740191134,25.0,5
resampling,rf|perm,25,11,0.06688104499831915,0.03583235792004129,0.06688104499831918,25.0,5
resampling,rf|shap,25,11,0.06287624261633762,0.03370107987690914,0.0628762426163377,25.0,5
resampling,svm|coef,25,11,0.24309234980550332,0.14447597596010625,0.2430923498055036,25.0,5
resampling,svm|perm,25,11,0.20304432598568878,0.1163206022751448,0.20304432598568894,25.0,5
resampling,svm|shap,25,11,0.15899149978389282,0.08870154729432009,0.15899149978389282,25.0,5
resampling,ttest|ttest,25,11,0.2711259664793737,0.1595161290437376,0.2711259664793738,25.0,5
resampling,xgb|perm,25,11,0.12294827834605937,0.06782189020030965,0.12294827834605963,25.0,5
resampling,xgb|shap,25,11,0.1429722902559668,0.07870267076359318,0.14297229025596697,25.0,5
model,explainer=coef,25,11,0.48738529510637274,0.3284889051898038,0.48738529510637274,25.0,5
model,explainer=perm,25,11,0.10826400294546086,0.0625324305800818,0.10826400294546094,25.0,5
model,explainer=shap,25,11,0.19903952360370736,0.1271385383103777,0.1990395236037074,25.0,5
explainer,model=logreg,25,11,0.35656175062831147,0.23744281723005126,0.35656175062831164,25.0,5
explainer,model=rf,25,11,0.8077694856648897,0.6811371100164203,0.8077694856648898,25.0,5
explainer,model=svm,25,11,0.4847154268517183,0.33720121849532275,0.4847154268517184,25.0,5
explainer,model=xgb,25,11,0.8718463237765931,0.7760445174238277,0.8718463237765931,25.0,5
combined,all_primary,25,11,0.20918502297139369,0.1412096209413542,0.20918502297139385,25.0,5
baseline,logreg|coef_vs_ttest,25,11,-0.001200595495365775,0.0,-0.0012005954953657014,25.0,5
baseline,logreg|shap_vs_ttest,25,11,0.030837823560485943,0.016666666666666666,0.030837823560485998,25.0,5
baseline,logreg|perm_vs_ttest,25,11,-0.001200595495365775,0.0,-0.0012005954953657014,25.0,5
baseline,svm|coef_vs_ttest,25,11,0.006809009268597133,0.004081632653061224,0.006809009268597227,25.0,5
baseline,svm|shap_vs_ttest,25,11,0.01481861403256004,0.008163265306122448,0.014818614032560152,25.0,5
baseline,svm|perm_vs_ttest,25,11,0.006809009268597133,0.004081632653061224,0.006809009268597227,25.0,5
baseline,rf|shap_vs_ttest,25,11,0.07889545214426344,0.0420285135330728,0.07889545214426355,25.0,5
baseline,rf|perm_vs_ttest,25,11,0.09491466167218929,0.05108648454756556,0.0949146616721894,25.0,5
baseline,xgb|shap_vs_ttest,25,11,0.11093387120011519,0.05958988590810976,0.11093387120011526,25.0,5
baseline,xgb|perm_vs_ttest,25,11,0.1189434759640781,0.06402251002158495,0.1189434759640782,25.0,5
sensitivity,logreg_coef_across_C,25,11,0.8558271142486674,0.7593287941545264,0.8558271142486674,25.0,5
resampling,logreg_C0.1|coef,50,11,0.32638446004423494,0.19967195645719837,0.32638446004423505,50.0,5
resampling,logreg_C100|coef,50,11,0.2983171458794114,0.17930161643231377,0.2983171458794115,50.0,5
resampling,logreg|coef,50,11,0.3323988845081257,0.2040005143071005,0.3323988845081258,50.0,5
resampling,logreg|perm,50,11,0.23215847677661294,0.1342913426445857,0.23215847677661317,50.0,5
resampling,logreg|shap,50,11,0.21411520338494072,0.12231459617730471,0.21411520338494086,50.0,5
resampling,rf|perm,50,11,0.08580748148860451,0.04626046441592735,0.08580748148860468,50.0,5
resampling,rf|shap,50,11,0.0677642080969324,0.03645415260804222,0.0677642080969324,50.0,5
resampling,svm|coef,50,11,0.3023267621886718,0.18385172026873114,0.302326762188672,50.0,5
resampling,svm|perm,50,11,0.27024983171458783,0.1598542137433227,0.27024983171458794,50.0,5
resampling,svm|shap,50,11,0.19807673814789872,0.11303814203108012,0.19807673814789886,50.0,5
resampling,ttest|ttest,50,11,0.30433157034330216,0.18196864367416113,0.3043315703433022,50.0,5
resampling,xgb|perm,50,11,0.1259036445812095,0.06934264062944902,0.12590364458120973,50.0,5
resampling,xgb|shap,50,11,0.12389883642657928,0.06793750265924041,0.1238988364265795,50.0,5
model,explainer=coef,50,11,0.5829999038369074,0.419727575204148,0.5829999038369074,50.0,5
model,explainer=perm,50,11,0.1272401833509631,0.07500113612750053,0.12724018335096324,50.0,5
model,explainer=shap,50,11,0.19273058306888474,0.12186915669092882,0.19273058306888483,50.0,5
explainer,model=logreg,50,11,0.40657678622944493,0.27604924856863666,0.4065767862294451,50.0,5
explainer,model=rf,50,11,0.7674422540628906,0.6241679467485919,0.7674422540628907,50.0,5
explainer,model=svm,50,11,0.48676911241465515,0.3364038088965239,0.48676911241465526,50.0,5
explainer,model=xgb,50,11,0.8636730454851428,0.7628500286841055,0.8636730454851428,50.0,5
combined,all_primary,50,11,0.22257994892671285,0.15005746669770453,0.222579948926713,50.0,5
baseline,logreg|coef_vs_ttest,50,11,0.0056151553033944035,0.004081632653061224,0.005615155303394556,50.0,5
baseline,logreg|shap_vs_ttest,50,11,0.03769208577747847,0.020620735016905853,0.0376920857774786,50.0,5
baseline,logreg|perm_vs_ttest,50,11,0.0016055389941339148,0.00202020202020202,0.0016055389941340523,50.0,5
baseline,svm|coef_vs_ttest,50,11,0.0056151553033944035,0.004081632653061224,0.005615155303394556,50.0,5
baseline,svm|shap_vs_ttest,50,11,0.029672853158957423,0.01645276667367978,0.02967285315895759,50.0,5
baseline,svm|perm_vs_ttest,50,11,0.013634387921915425,0.008122036693465265,0.01363438792191557,50.0,5
baseline,rf|shap_vs_ttest,50,11,0.09382671410712554,0.051235758322624426,0.09382671410712569,50.0,5
baseline,rf|perm_vs_ttest,50,11,0.11788441196268865,0.06449569510447511,0.1178844119626887,50.0,5
baseline,xgb|shap_vs_ttest,50,11,0.1218940282719491,0.06636476625278417,0.12189402827194921,50.0,5
baseline,xgb|perm_vs_ttest,50,11,0.1058555630349071,0.05715752146323254,0.1058555630349072,50.0,5
sensitivity,logreg_coef_across_C,50,11,0.8516441965573612,0.7494106016511689,0.8516441965573612,50.0,5
resampling,logreg_C0.1|coef,10,12,0.21962568384681824,0.13013415892672858,0.2196256838468183,10.0,5
resampling,logreg_C100|coef,10,12,0.08956329782128802,0.04853801169590643,0.08956329782128804,10.0,5
resampling,logreg|coef,10,12,0.25964487954698134,0.1551341589267286,0.2596448795469814,10.0,5
resampling,logreg|perm,10,12,0.09956809674632883,0.05565875472996216,0.09956809674632883,10.0,5
resampling,logreg|shap,10,12,0.17960648814665503,0.10484176126590987,0.17960648814665514,10.0,5
resampling,rf|perm,10,12,0.029534504271043205,0.015789473684210527,0.02953450427104328,10.0,5
resampling,rf|shap,10,12,0.0195297053460024,0.010526315789473684,0.019529705346002495,10.0,5
resampling,svm|coef,10,12,0.11957769459641032,0.06954764361885105,0.11957769459641043,10.0,5
resampling,svm|perm,10,12,0.11957769459641032,0.06676986584107328,0.1195776945964104,10.0,5
resampling,svm|shap,10,12,0.25964487954698134,0.1519607843137255,0.2596448795469814,10.0,5
resampling,ttest|ttest,10,12,0.23963528169689985,0.13725490196078433,0.2396352816968999,10.0,5
resampling,xgb|perm,10,12,0.24964008062194065,0.14598383212934296,0.24964008062194068,10.0,5
resampling,xgb|shap,10,12,0.25964487954698134,0.1525197798417613,0.25964487954698146,10.0,5
model,explainer=coef,10,12,0.19961608599673675,0.11386308909528724,0.19961608599673672,10.0,5
model,explainer=perm,10,12,0.10290302972134242,0.06282249742002063,0.10290302972134242,10.0,5
model,explainer=shap,10,12,0.16626675624660076,0.09758915262011235,0.16626675624660076,10.0,5
explainer,model=logreg,10,12,0.3263435390472533,0.20641800579881076,0.32634353904725344,10.0,5
explainer,model=rf,10,12,0.7198656300988578,0.579020979020979,0.7198656300988578,10.0,5
explainer,model=svm,10,12,0.23296541574687252,0.14006994610709783,0.2329654157468727,10.0,5
explainer,model=xgb,10,12,0.8799424128995106,0.7986013986013987,0.8799424128995106,10.0,5
combined,all_primary,10,12,0.15826291710656804,0.10470636041327477,0.15826291710656817,10.0,5
baseline,logreg|coef_vs_ttest,10,12,-0.00047989250407898254,0.0,-0.0004798925040790863,10.0,5
baseline,logreg|shap_vs_ttest,10,12,-0.00047989250407898254,0.0,-0.0004798925040790863,10.0,5
baseline,logreg|perm_vs_ttest,10,12,-0.00047989250407898254,0.0,-0.0004798925040790863,10.0,5
baseline,svm|coef_vs_ttest,10,12,-0.00047989250407898254,0.0,-0.0004798925040790863,10.0,5
baseline,svm|shap_vs_ttest,10,12,-0.00047989250407898254,0.0,-0.0004798925040790863,10.0,5
baseline,svm|perm_vs_ttest,10,12,-0.00047989250407898254,0.0,-0.0004798925040790863,10.0,5
baseline,rf|shap_vs_ttest,10,12,0.01952970534600258,0.010526315789473684,0.0195297053460025,10.0,5
baseline,rf|perm_vs_ttest,10,12,0.01952970534600258,0.010526315789473684,0.0195297053460025,10.0,5
baseline,xgb|shap_vs_ttest,10,12,0.01952970534600258,0.010526315789473684,0.0195297053460025,10.0,5
baseline,xgb|perm_vs_ttest,10,12,-0.00047989250407898254,0.0,-0.0004798925040790863,10.0,5
sensitivity,logreg_coef_across_C,10,12,0.6731765684486675,0.5524055465231935,0.6731765684486674,10.0,5
resampling,logreg_C0.1|coef,25,12,0.28314037362531796,0.16950292409150827,0.2831403736253182,25.0,5
resampling,logreg_C100|coef,25,12,0.2070491283676703,0.11797886196299227,0.20704912836767037,25.0,5
resampling,logreg|coef,25,12,0.29515478077126234,0.17729326916130325,0.29515478077126256,25.0,5
resampling,logreg|perm,25,12,0.1710059069298372,0.09726375472992516,0.17100590692983722,25.0,5
resampling,logreg|shap,25,12,0.24709715218748485,0.14427643472132856,0.24709715218748501,25.0,5
resampling,rf|perm,25,12,0.06688104499831915,0.03573646850044366,0.06688104499831916,25.0,5
resampling,rf|shap,25,12,0.050861835470393246,0.02722173975973368,0.05086183547039332,25.0,5
resampling,svm|coef,25,12,0.1910299188397444,0.10821755297961652,0.19102991883974452,25.0,5
resampling,svm|perm,25,12,0.18702511645776287,0.10496659137963485,0.18702511645776304,25.0,5
resampling,svm|shap,25,12,0.2230683378955961,0.12706182145009243,0.2230683378955962,25.0,5
resampling,ttest|ttest,25,12,0.2070491283676703,0.11753487031007843,0.20704912836767037,25.0,5
resampling,xgb|perm,25,12,0.26311636171541075,0.15305955700293414,0.26311636171541086,25.0,5
resampling,xgb|shap,25,12,0.24709715218748485,0.14316346595889654,0.24709715218748501,25.0,5
model,explainer=coef,25,12,0.19102991883974443,0.10758500392345023,0.19102991883974454,25.0,5
model,explainer=perm,25,12,0.12294827834605962,0.07455153177276662,0.12294827834605963,25.0,5
model,explainer=shap,25,12,0.19903952360370736,0.11803578835531672,0.1990395236037074,25.0,5
explainer,model=logreg,25,12,0.36991109190158317,0.23957338828884756,0.3699110919015832,25.0,5
explainer,model=rf,25,12,0.7036446237333718,0.5482459112677328,0.7036446237333718,25.0,5
explainer,model=svm,25,12,0.3325329363364228,0.20816282858811652,0.3325329363364229,25.0,5
explainer,model=xgb,25,12,0.895875138068482,0.8130815544608648,0.895875138068482,25.0,5
combined,all_primary,25,12,0.1894279978869518,0.12330875843997577,0.18942799788695192,25.0,5
baseline,logreg|coef_vs_ttest,25,12,-0.001200595495365775,0.0,-0.0012005954953657014,25.0,5
baseline,logreg|shap_vs_ttest,25,12,0.02282821879652299,0.012414965986394558,0.022828218796523074,25.0,5
baseline,logreg|perm_vs_ttest,25,12,-0.001200595495365775,0.0,-0.0012005954953657014,25.0,5
baseline,svm|coef_vs_ttest,25,12,0.006809009268597133,0.004081632653061224,0.006809009268597227,25.0,5
baseline,svm|shap_vs_ttest,25,12,0.0308378235604859,0.01649659863945578,0.030837823560485998,25.0,5
baseline,svm|perm_vs_ttest,25,12,0.01481861403256004,0.008163265306122448,0.014818614032560152,25.0,5
baseline,rf|shap_vs_ttest,25,12,0.038847428324448804,0.020929222752930958,0.03884742832444893,25.0,5
baseline,rf|perm_vs_ttest,25,12,0.046857033088411756,0.025554569653948533,0.04685703308841186,25.0,5
baseline,xgb|shap_vs_ttest,25,12,0.05486663785237471,0.02980627033422064,0.05486663785237478,25.0,5
baseline,xgb|perm_vs_ttest,25,12,0.06287624261633766,0.03405797101449275,0.0628762426163377,25.0,5
sensitivity,logreg_coef_across_C,25,12,0.6769459411868286,0.5564643859131756,0.6769459411868286,25.0,5
resampling,logreg_C0.1|coef,50,12,0.36046619867294916,0.22386667160791723,0.36046619867294927,50.0,5
resampling,logreg_C100|coef,50,12,0.2582209827868063,0.1511651141665837,0.2582209827868064,50.0,5
resampling,logreg|coef,50,12,0.36648062313683993,0.22882949878587217,0.36648062313684004,50.0,5
resampling,logreg|perm,50,12,0.2361680930858735,0.13829709316993166,0.23616809308587366,50.0,5
resampling,logreg|shap,50,12,0.2602257909414366,0.1515708951977215,0.2602257909414367,50.0,5
resampling,rf|perm,50,12,0.08580748148860451,0.046401349859144694,0.08580748148860468,50.0,5
resampling,rf|shap,50,12,0.07979305702471384,0.043355624046208734,0.07979305702471393,50.0,5
resampling,svm|coef,50,12,0.23817290124050383,0.13725907488014344,0.2381729012405039,50.0,5
resampling,svm|perm,50,12,0.2441873257043945,0.14116802098992434,0.24418732570439466,50.0,5
resampling,svm|shap,50,12,0.2822786806423693,0.16641596637302952,0.28227868064236944,50.0,5
resampling,ttest|ttest,50,12,0.2682450235599576,0.15910427974117747,0.26824502355995766,50.0,5
resampling,xgb|perm,50,12,0.21010558707568028,0.11942200164140881,0.21010558707568036,50.0,5
resampling,xgb|shap,50,12,0.22413924415809194,0.12796478753492516,0.2241392441580921,50.0,5
model,explainer=coef,50,12,0.27024983171458783,0.1586755235857651,0.27024983171458794,50.0,5
model,explainer=perm,50,12,0.12857672212071664,0.07740491621720162,0.12857672212071675,50.0,5
model,explainer=shap,50,12,0.20542770138154295,0.1244541280327914,0.2054277013815431,50.0,5
explainer,model=logreg,50,12,0.4012306311504309,0.2602912401781069,0.4012306311504311,50.0,5
explainer,model=rf,50,12,0.7514037888258486,0.6072138255883572,0.7514037888258487,50.0,5
explainer,model=svm,50,12,0.4025671699201845,0.26020889580398116,0.40256716992018465,50.0,5
explainer,model=xgb,50,12,0.8556538128666217,0.7487684729064039,0.8556538128666217,50.0,5
combined,all_primary,50,12,0.20591776559711922,0.13429849501198263,0.20591776559711938,50.0,5
baseline,logreg|coef_vs_ttest,50,12,0.0016055389941339148,0.00202020202020202,0.0016055389941340517,50.0,5
baseline,logreg|shap_vs_ttest,50,12,0.04571131839599947,0.024833919493248223,0.045711318395999616,50.0,5
baseline,logreg|perm_vs_ttest,50,12,-0.002404077315126596,0.0,-0.0024040773151264546,50.0,5
baseline,svm|coef_vs_ttest,50,12,0.009624771612654936,0.006060606060606061,0.009624771612655063,50.0,5
baseline,svm|shap_vs_ttest,50,12,0.041701702086738936,0.022554601346943027,0.04170170208673911,50.0,5
baseline,svm|perm_vs_ttest,50,12,0.013634387921915448,0.00808080808080808,0.01363438792191557,50.0,5
baseline,rf|shap_vs_ttest,50,12,0.03769208577747847,0.020537002679859823,0.0376920857774786,50.0,5
baseline,rf|perm_vs_ttest,50,12,0.049720934705259956,0.027031057426194206,0.04972093470526012,50.0,5
baseline,xgb|shap_vs_ttest,50,12,0.065759399942302,0.03531241579648679,0.06575939994230215,50.0,5
baseline,xgb|perm_vs_ttest,50,12,0.06174978363304149,0.03320848143923874,0.061749783633041636,50.0,5
sensitivity,logreg_coef_across_C,50,12,0.6899230054171874,0.56612799269917,0.6899230054171877,50.0,5
resampling,logreg_C0.1|coef,10,13,0.3997120644975525,0.26720921837020906,0.39971206449755253,10.0,5
resampling,logreg_C100|coef,10,13,0.33968327094730777,0.2127794977640179,0.33968327094730777,10.0,5
resampling,logreg|coef,10,13,0.36969766772243007,0.2398282659892567,0.3696976677224301,10.0,5
resampling,logreg|perm,10,13,0.13958729244649204,0.08134674922600618,0.13958729244649198,10.0,5
resampling,logreg|shap,10,13,0.13958729244649204,0.07984176126590987,0.13958729244649198,10.0,5
resampling,rf|perm,10,13,0.08956329782128802,0.047953216374269005,0.08956329782128804,10.0,5
resampling,rf|shap,10,13,0.059548901046165614,0.03216374269005848,0.059548901046165656,10.0,5
resampling,svm|coef,10,13,0.3496880698723486,0.2142156862745098,0.3496880698723485,10.0,5
resampling,svm|perm,10,13,0.32967847202226697,0.21990591108238164,0.329678472022267,10.0,5
resampling,svm|shap,10,13,0.17960648814665503,0.10160818713450293,0.17960648814665514,10.0,5
resampling,ttest|ttest,10,13,0.13958729244649204,0.07671138630890953,0.13958729244649198,10.0,5
resampling,xgb|perm,10,13,0.07955849889624711,0.04269005847953216,0.07955849889624725,10.0,5
resampling,xgb|shap,10,13,0.08956329782128802,0.047953216374269005,0.08956329782128804,10.0,5
model,explainer=coef,10,13,0.3797024666474709,0.23529411764705882,0.3797024666474709,10.0,5
model,explainer=perm,10,13,0.11290782864638316,0.07122585876455845,0.1129078286463832,10.0,5
model,explainer=shap,10,13,0.11957769459641035,0.07141956197683752,0.11957769459641039,10.0,5
explainer,model=logreg,10,13,0.38637233259749804,0.2548600636835931,0.3863723325974981,10.0,5
explainer,model=rf,10,13,0.8399232171993474,0.7272727272727273,0.8399232171993474,10.0,5
explainer,model=svm,10,13,0.3997120644975524,0.2625310133050071,0.39971206449755253,10.0,5
explainer,model=xgb,10,13,0.8999520107495922,0.8303030303030303,0.8999520107495922,10.0,5
combined,all_primary,10,13,0.1804958036066587,0.12332992848988722,0.1804958036066588,10.0,5
baseline,logreg|coef_vs_ttest,10,13,-0.00047989250407898254,0.0,-0.0004798925040790863,10.0,5
baseline,logreg|shap_vs_ttest,10,13,0.01952970534600258,0.010526315789473684,0.0195297053460025,10.0,5
baseline,logreg|perm_vs_ttest,10,13,-0.00047989250407898254,0.0,-0.0004798925040790863,10.0,5
baseline,svm|coef_vs_ttest,10,13,-0.00047989250407898254,0.0,-0.0004798925040790863,10.0,5
baseline,svm|shap_vs_ttest,10,13,0.01952970534600258,0.010526315789473684,0.0195297053460025,10.0,5
baseline,svm|perm_vs_ttest,10,13,-0.00047989250407898254,0.0,-0.0004798925040790863,10.0,5
baseline,rf|shap_vs_ttest,10,13,0.03953930319608416,0.02222222222222222,0.03953930319608408,10.0,5
baseline,rf|perm_vs_ttest,10,13,0.03953930319608416,0.02222222222222222,0.03953930319608408,10.0,5
baseline,xgb|shap_vs_ttest,10,13,0.03953930319608416,0.02222222222222222,0.03953930319608408,10.0,5
baseline,xgb|perm_vs_ttest,10,13,0.03953930319608416,0.02222222222222222,0.03953930319608408,10.0,5
sensitivity,logreg_coef_across_C,10,13,0.719865630098858,0.6082362082362082,0.7198656300988577,10.0,5
resampling,logreg_C0.1|coef,25,13,0.3712460260289102,0.23731939784172235,0.37124602602891044,25.0,5
resampling,logreg_C100|coef,25,13,0.3311980022090957,0.20166592876462416,0.33119800220909573,25.0,5
resampling,logreg|coef,25,13,0.351222014119003,0.22217901052945982,0.3512220141190031,25.0,5
resampling,logreg|perm,25,13,0.26311636171541075,0.15758900279737495,0.26311636171541086,25.0,5
resampling,logreg|shap,25,13,0.239087547423522,0.13791797941222095,0.23908754742352206,25.0,5
resampling,rf|perm,25,13,0.07889545214426352,0.04193805181647127,0.07889545214426355,25.0,5
resampling,rf|shap,25,13,0.08290025452624483,0.044063902156607326,0.08290025452624501,25.0,5
resampling,svm|coef,25,13,0.37925563079287317,0.23659098934123568,0.37925563079287333,25.0,5
resampling,svm|perm,25,13,0.35923161888296595,0.22296203691552527,0.359231618882966,25.0,5
resampling,svm|shap,25,13,0.1910299188397444,0.10691150636802811,0.19102991883974452,25.0,5
resampling,ttest|ttest,25,13,0.11493867358209653,0.06288117873785906,0.11493867358209671,25.0,5
resampling,xgb|perm,25,13,0.15098189501992987,0.08372795618401538,0.1509818950199299,25.0,5
resampling,xgb|shap,25,13,0.1389674878739855,0.07652678279036303,0.1389674878739855,25.0,5
model,explainer=coef,25,13,0.36724122364692885,0.22621281157866518,0.36724122364692885,25.0,5
model,explainer=perm,25,13,0.12294827834605952,0.07442759764381729,0.12294827834605963,25.0,5
model,explainer=shap,25,13,0.14297229025596686,0.08335722249452164,0.14297229025596697,25.0,5
explainer,model=logreg,25,13,0.44466740303190366,0.3025601107865577,0.4446674030319039,25.0,5
explainer,model=rf,25,13,0.8398079047207414,0.7304894179894179,0.8398079047207414,25.0,5
explainer,model=svm,25,13,0.41796872048536055,0.2769104359433344,0.4179687204853607,25.0,5
explainer,model=xgb,25,13,0.895875138068482,0.8131868131868132,0.895875138068482,25.0,5
combined,all_primary,25,13,0.19654764656602988,0.132369714336459,0.19654764656603008,25.0,5
baseline,logreg|coef_vs_ttest,25,13,-0.001200595495365775,0.0,-0.0012005954953657014,25.0,5
baseline,logreg|shap_vs_ttest,25,13,0.0308378235604859,0.016847590099869733,0.030837823560486005,25.0,5
baseline,logreg|perm_vs_ttest,25,13,-0.001200595495365775,0.0,-0.0012005954953657014,25.0,5
baseline,svm|coef_vs_ttest,25,13,-0.001200595495365775,0.0,-0.0012005954953657014,25.0,5
baseline,svm|shap_vs_ttest,25,13,0.046857033088411756,0.025554569653948533,0.04685703308841186,25.0,5
baseline,svm|perm_vs_ttest,25,13,0.01481861403256004,0.008163265306122448,0.014818614032560152,25.0,5
baseline,rf|shap_vs_ttest,25,13,0.02282821879652299,0.012414965986394558,0.022828218796523074,25.0,5
baseline,rf|perm_vs_ttest,25,13,0.02282821879652299,0.012414965986394558,0.022828218796523074,25.0,5
baseline,xgb|shap_vs_ttest,25,13,0.046857033088411715,0.024659863945578227,0.046857033088411854,25.0,5
baseline,xgb|perm_vs_ttest,25,13,0.046857033088411756,0.024829931972789113,0.04685703308841185,25.0,5
sensitivity,logreg_coef_across_C,25,13,0.6769459411868286,0.5516954084027254,0.6769459411868286,25.0,5
resampling,logreg_C0.1|coef,50,13,0.3724950476007307,0.23417337183035297,0.3724950476007308,50.0,5
resampling,logreg_C100|coef,50,13,0.3243796518896046,0.19662579115664364,0.3243796518896047,50.0,5
resampling,logreg|coef,50,13,0.34442773343590716,0.2140036927330295,0.34442773343590727,50.0,5
resampling,logreg|perm,50,13,0.26423540725069705,0.15669396925665113,0.26423540725069716,50.0,5
resampling,logreg|shap,50,13,0.27024983171458783,0.16045684693777063,0.27024983171458794,50.0,5
resampling,rf|perm,50,13,0.10385075488027673,0.05629743129996123,0.10385075488027695,50.0,5
resampling,rf|shap,50,13,0.09182190595249518,0.04981142754840899,0.09182190595249543,50.0,5
resampling,svm|coef,50,13,0.36648062313683993,0.22689406103930473,0.36648062313684004,50.0,5
resampling,svm|perm,50,13,0.33640850081738616,0.2054176685648458,0.33640850081738627,50.0,5
resampling,svm|shap,50,13,0.23215847677661294,0.13424713118184198,0.2321584767766131,50.0,5
resampling,ttest|ttest,50,13,0.2441873257043945,0.1423523489731098,0.24418732570439466,50.0,5
resampling,xgb|perm,50,13,0.1559757669006634,0.08648225587498805,0.15597576690066353,50.0,5
resampling,xgb|shap,50,13,0.1820382729108566,0.10253904563786445,0.1820382729108568,50.0,5
model,explainer=coef,50,13,0.3263844600442349,0.19669354827222962,0.32638446004423505,50.0,5
model,explainer=perm,50,13,0.12256229765682584,0.07212502569509616,0.12256229765682598,50.0,5
model,explainer=shap,50,13,0.16599980767381473,0.09974923280543474,0.1659998076738148,50.0,5
explainer,model=logreg,50,13,0.4346441003942685,0.28814046550813244,0.43464410039426865,50.0,5
explainer,model=rf,50,13,0.7674422540628907,0.6262220796915539,0.7674422540628907,50.0,5
explainer,model=svm,50,13,0.43063448408500804,0.28556751347734716,0.43063448408500815,50.0,5
explainer,model=xgb,50,13,0.8556538128666217,0.7485524155215625,0.8556538128666217,50.0,5
combined,all_primary,50,13,0.20172994411855827,0.13245070389034203,0.2017299441185584,50.0,5
baseline,logreg|coef_vs_ttest,50,13,0.0016055389941339148,0.00202020202020202,0.0016055389941340517,50.0,5
baseline,logreg|shap_vs_ttest,50,13,0.049720934705259956,0.026895350126107432,0.04972093470526012,50.0,5
baseline,logreg|perm_vs_ttest,50,13,-0.002404077315126596,0.0,-0.0024040773151264546,50.0,5
baseline,svm|coef_vs_ttest,50,13,-0.002404077315126596,0.0,-0.0024040773151264546,50.0,5
baseline,svm|shap_vs_ttest,50,13,0.049720934705259935,0.026852846401718578,0.049720934705260116,50.0,5
baseline,svm|perm_vs_ttest,50,13,0.013634387921915403,0.008163265306122448,0.01363438792191557,50.0,5
baseline,rf|shap_vs_ttest,50,13,0.03769208577747847,0.020620735016905856,0.0376920857774786,50.0,5
baseline,rf|perm_vs_ttest,50,13,0.04571131839599944,0.02487514810590541,0.04571131839599961,50.0,5
baseline,xgb|shap_vs_ttest,50,13,0.08179786517934402,0.044221495989213155,0.08179786517934418,50.0,5
baseline,xgb|perm_vs_ttest,50,13,0.07778824887008351,0.04198185433187832,0.07778824887008366,50.0,5
sensitivity,logreg_coef_across_C,50,13,0.6685383851011315,0.5427459840834954,0.6685383851011315,50.0,5
resampling,logreg_C0.1|coef,10,14,0.3496880698723486,0.22675637056442013,0.3496880698723486,10.0,5
resampling,logreg_C100|coef,10,14,0.28965927632210375,0.17336601307189542,0.2896592763221038,10.0,5
resampling,logreg|coef,10,14,0.3897072655725117,0.2620091896407686,0.38970726557251173,10.0,5
resampling,logreg|perm,10,14,0.16960168922161423,0.10079119367045064,0.1696016892216144,10.0,5
resampling,logreg|shap,10,14,0.23963528169689985,0.14026487788097694,0.23963528169689985,10.0,5
resampling,rf|perm,10,14,0.0695536999712063,0.038011695906432746,0.06955369997120645,10.0,5
resampling,rf|shap,10,14,0.059548901046165614,0.03343653250773994,0.059548901046165656,10.0,5
resampling,svm|coef,10,14,0.13958729244649182,0.07856897144822841,0.13958729244649198,10.0,5
resampling,svm|perm,10,14,0.27965447739706306,0.17134502923976608,0.27965447739706306,10.0,5
resampling,svm|shap,10,14,0.10957289567136952,0.05964912280701753,0.1095728956713696,10.0,5
resampling,ttest|ttest,10,14,0.26964967847202226,0.16167010663914688,0.26964967847202226,10.0,5
resampling,xgb|perm,10,14,0.13958729244649204,0.07660818713450293,0.13958729244649198,10.0,5
resampling,xgb|shap,10,14,0.12958249352145113,0.07076023391812865,0.12958249352145118,10.0,5
model,explainer=coef,10,14,0.2596448795469815,0.15333677330581358,0.25964487954698146,10.0,5
model,explainer=perm,10,14,0.11290782864638313,0.07585548839418807,0.1129078286463832,10.0,5
model,explainer=shap,10,14,0.12624756054643754,0.076099153111537,0.1262475605464376,10.0,5
explainer,model=logreg,10,14,0.34635313689733493,0.24892837926893657,0.34635313689733505,10.0,5
explainer,model=rf,10,14,0.7798944236491027,0.6493506493506492,0.7798944236491027,10.0,5
explainer,model=svm,10,14,0.2396352816968998,0.14222566219470245,0.2396352816968999,10.0,5
explainer,model=xgb,10,14,0.9199616085996738,0.8606060606060606,0.9199616085996738,10.0,5
combined,all_primary,10,14,0.16004154802657528,0.11178173086325822,0.1600415480265754,10.0,5
baseline,logreg|coef_vs_ttest,10,14,-0.00047989250407898254,0.0,-0.0004798925040790863,10.0,5
baseline,logreg|shap_vs_ttest,10,14,0.01952970534600258,0.010526315789473684,0.019529705346002502,10.0,5
baseline,logreg|perm_vs_ttest,10,14,-0.00047989250407898254,0.0,-0.0004798925040790863,10.0,5
baseline,svm|coef_vs_ttest,10,14,-0.00047989250407898254,0.0,-0.0004798925040790863,10.0,5
baseline,svm|shap_vs_ttest,10,14,0.01952970534600258,0.010526315789473684,0.019529705346002502,10.0,5
baseline,svm|perm_vs_ttest,10,14,-0.00047989250407898254,0.0,-0.0004798925040790863,10.0,5
baseline,rf|shap_vs_ttest,10,14,0.03953930319608414,0.021052631578947368,0.03953930319608408,10.0,5
baseline,rf|perm_vs_ttest,10,14,0.03953930319608414,0.021052631578947368,0.03953930319608408,10.0,5
baseline,xgb|shap_vs_ttest,10,14,0.03953930319608414,0.021052631578947368,0.03953930319608408,10.0,5
baseline,xgb|perm_vs_ttest,10,14,0.03953930319608414,0.021052631578947368,0.03953930319608408,10.0,5
sensitivity,logreg_coef_across_C,10,14,0.8199136193492658,0.7185481185481185,0.8199136193492658,10.0,5
resampling,logreg_C0.1|coef,25,14,0.37525082841089175,0.23638995303621985,0.37525082841089186,25.0,5
resampling,logreg_C100|coef,25,14,0.3151787926811698,0.19262016548811212,0.3151787926811699,25.0,5
resampling,logreg|coef,25,14,0.3992796427027805,0.25528642317459227,0.3992796427027806,25.0,5
resampling,logreg|perm,25,14,0.2711259664793737,0.16164750048216756,0.2711259664793738,25.0,5
resampling,logreg|shap,25,14,0.2711259664793737,0.16099775547449965,0.27112596647937376,25.0,5
resampling,rf|perm,25,14,0.050861835470393246,0.027403135167110328,0.050861835470393316,25.0,5
resampling,rf|shap,25,14,0.05887144023435609,0.03166026355037852,0.05887144023435623,25.0,5
resampling,svm|coef,25,14,0.1710059069298372,0.0971989070017237,0.17100590692983722,25.0,5
resampling,svm|perm,25,14,0.29114997838928103,0.17925657805978967,0.29114997838928114,25.0,5
resampling,svm|shap,25,14,0.2070491283676703,0.11797469657870234,0.20704912836767037,25.0,5
resampling,ttest|ttest,25,14,0.3231883974451326,0.19700512325971326,0.32318839744513284,25.0,5
resampling,xgb|perm,25,14,0.15899149978389282,0.08837151461375063,0.15899149978389282,25.0,5
resampling,xgb|shap,25,14,0.16700110454785566,0.09291282389108475,0.16700110454785574,25.0,5
model,explainer=coef,25,14,0.2551067569514479,0.14836214229540823,0.2551067569514479,25.0,5
model,explainer=perm,25,14,0.13229281723734965,0.08366074872105494,0.13229281723734973,25.0,5
model,explainer=shap,25,14,0.17634564343914574,0.10351188820053214,0.17634564343914583,25.0,5
explainer,model=logreg,25,14,0.41796872048536055,0.28110065354818614,0.4179687204853607,25.0,5
explainer,model=rf,25,14,0.7356830427892234,0.5888752052545156,0.7356830427892234,25.0,5
explainer,model=svm,25,14,0.2604464934607564,0.1516962517727025,0.26044649346075655,25.0,5
explainer,model=xgb,25,14,0.9199039523603707,0.8547990961784067,0.9199039523603707,25.0,5
combined,all_primary,25,14,0.18800406815113616,0.12446417436742414,0.1880040681511363,25.0,5
baseline,logreg|coef_vs_ttest,25,14,-0.001200595495365775,0.0,-0.0012005954953657014,25.0,5
baseline,logreg|shap_vs_ttest,25,14,0.02282821879652299,0.012414965986394558,0.022828218796523074,25.0,5
baseline,logreg|perm_vs_ttest,25,14,-0.001200595495365775,0.0,-0.0012005954953657014,25.0,5
baseline,svm|coef_vs_ttest,25,14,-0.001200595495365775,0.0,-0.0012005954953657014,25.0,5
baseline,svm|shap_vs_ttest,25,14,0.05486663785237467,0.028911564625850338,0.05486663785237478,25.0,5
baseline,svm|perm_vs_ttest,25,14,0.006809009268597133,0.004081632653061224,0.006809009268597227,25.0,5
baseline,rf|shap_vs_ttest,25,14,0.06287624261633758,0.033344188739325514,0.0628762426163377,25.0,5
baseline,rf|perm_vs_ttest,25,14,0.07889545214426344,0.0420285135330728,0.07889545214426355,25.0,5
baseline,xgb|shap_vs_ttest,25,14,0.08690505690822639,0.047403145655425284,0.08690505690822647,25.0,5
baseline,xgb|perm_vs_ttest,25,14,0.10292426643615224,0.05573647898875862,0.10292426643615234,25.0,5
sensitivity,logreg_coef_across_C,25,14,0.8237886951928157,0.7138590762456605,0.8237886951928155,25.0,5
resampling,logreg_C0.1|coef,50,14,0.4025671699201845,0.2600375640544349,0.40256716992018465,50.0,5
resampling,logreg_C100|coef,50,14,0.33640850081738616,0.20606394251751245,0.3364085008173863,50.0,5
resampling,logreg|coef,50,14,0.4266248677757476,0.28111829255562715,0.4266248677757477,50.0,5
resampling,logreg|perm,50,14,0.30433157034330216,0.1874178016723385,0.3043315703433022,50.0,5
resampling,logreg|shap,50,14,0.2902979132608904,0.17373204484846158,0.29029791326089044,50.0,5
resampling,rf|perm,50,14,0.08179786517934395,0.04432328441610668,0.08179786517934418,50.0,5
resampling,rf|shap,50,14,0.07778824887008362,0.042166657117193765,0.07778824887008366,50.0,5
resampling,svm|coef,50,14,0.2201296278488315,0.12703471490888307,0.2201296278488316,50.0,5
resampling,svm|perm,50,14,0.28027387248773916,0.16880154220894733,0.28027387248773916,50.0,5
resampling,svm|shap,50,14,0.23215847677661294,0.13426216305997296,0.23215847677661317,50.0,5
resampling,ttest|ttest,50,14,0.33640850081738616,0.20503581687638373,0.33640850081738627,50.0,5
resampling,xgb|perm,50,14,0.14394691797288195,0.07912993879502912,0.143946917972882,50.0,5
resampling,xgb|shap,50,14,0.1559757669006634,0.08586481307378921,0.15597576690066356,50.0,5
model,explainer=coef,50,14,0.27425944802384833,0.1611259977876443,0.27425944802384844,50.0,5
model,explainer=perm,50,14,0.1412738404333749,0.08739093014070318,0.14127384043337501,50.0,5
model,explainer=shap,50,14,0.1773603872167194,0.10431428960697091,0.17736038721671957,50.0,5
explainer,model=logreg,50,14,0.45469218194057104,0.30567213813049754,0.45469218194057115,50.0,5
explainer,model=rf,50,14,0.7433845562073277,0.5927419354838709,0.7433845562073277,50.0,5
explainer,model=svm,50,14,0.32905753758374184,0.20258288098500757,0.329057537583742,50.0,5
explainer,model=xgb,50,14,0.8356057313203191,0.7200994289001191,0.8356057313203193,50.0,5
combined,all_primary,50,14,0.20021520017950425,0.13022210224928363,0.2002152001795044,50.0,5
baseline,logreg|coef_vs_ttest,50,14,-0.002404077315126596,0.0,-0.0024040773151264546,50.0,5
baseline,logreg|shap_vs_ttest,50,14,0.049720934705259956,0.026763798302826287,0.04972093470526012,50.0,5
baseline,logreg|perm_vs_ttest,50,14,-0.002404077315126596,0.0,-0.0024040773151264546,50.0,5
baseline,svm|coef_vs_ttest,50,14,0.0056151553033944035,0.004081632653061224,0.005615155303394556,50.0,5
baseline,svm|shap_vs_ttest,50,14,0.05373055101452047,0.028867732660074336,0.053730551014520636,50.0,5
baseline,svm|perm_vs_ttest,50,14,0.013634387921915425,0.008122036693465265,0.01363438792191557,50.0,5
baseline,rf|shap_vs_ttest,50,14,0.10184594672564658,0.05577205712474971,0.10184594672564669,50.0,5
baseline,rf|perm_vs_ttest,50,14,0.09382671410712559,0.05104560078539013,0.09382671410712567,50.0,5
baseline,xgb|shap_vs_ttest,50,14,0.08981709779786506,0.04847319666948526,0.08981709779786518,50.0,5
baseline,xgb|perm_vs_ttest,50,14,0.08179786517934404,0.044263999713601995,0.08179786517934416,50.0,5
sensitivity,logreg_coef_across_C,50,14,0.7781345642209186,0.6494459675647246,0.7781345642209186,50.0,5
resampling,logreg_C0.1|coef,10,15,0.28965927632210375,0.17389060887512903,0.2896592763221038,10.0,5
resampling,logreg_C100|coef,10,15,0.17960648814665503,0.10079119367045064,0.17960648814665514,10.0,5
resampling,logreg|coef,10,15,0.29966407524714467,0.18304093567251462,0.2996640752471446,10.0,5
resampling,logreg|perm,10,15,0.22963048277185916,0.1344169246646027,0.22963048277185907,10.0,5
resampling,logreg|shap,10,15,0.25964487954698134,0.15693154454764363,0.25964487954698146,10.0,5
resampling,rf|perm,10,15,0.04954410212112492,0.027485380116959064,0.04954410212112487,10.0,5
resampling,rf|shap,10,15,0.04954410212112492,0.02631578947368421,0.04954410212112487,10.0,5
resampling,svm|coef,10,15,0.19961608599673675,0.11399208806329549,0.1996160859967367,10.0,5
resampling,svm|perm,10,15,0.15959689029657353,0.08899208806329548,0.15959689029657356,10.0,5
resampling,svm|shap,10,15,0.17960648814665503,0.10333677330581355,0.17960648814665517,10.0,5
resampling,ttest|ttest,10,15,0.26964967847202226,0.15767973856209155,0.26964967847202226,10.0,5
resampling,xgb|perm,10,15,0.10957289567136952,0.05964912280701754,0.1095728956713696,10.0,5
resampling,xgb|shap,10,15,0.08956329782128802,0.04981080151358789,0.08956329782128802,10.0,5
model,explainer=coef,10,15,0.2796544773970631,0.16339869281045755,0.27965447739706306,10.0,5
model,explainer=perm,10,15,0.08956329782128802,0.05039559683522532,0.08956329782128804,10.0,5
model,explainer=shap,10,15,0.16293182327158712,0.10132848461021834,0.16293182327158715,10.0,5
explainer,model=logreg,10,15,0.3930421985475253,0.254664942900237,0.3930421985475253,10.0,5
explainer,model=rf,10,15,0.7798944236491027,0.6456876456876457,0.7798944236491027,10.0,5
explainer,model=svm,10,15,0.46641072399782446,0.3270597594127006,0.4664107239978244,10.0,5
explainer,model=xgb,10,15,0.8399232171993474,0.7272727272727273,0.8399232171993474,10.0,5
combined,all_primary,10,15,0.18938895820669494,0.12588876169887522,0.18938895820669507,10.0,5
baseline,logreg|coef_vs_ttest,10,15,-0.00047989250407898254,0.0,-0.0004798925040790863,10.0,5
baseline,logreg|shap_vs_ttest,10,15,-0.00047989250407898254,0.0,-0.0004798925040790863,10.0,5
baseline,logreg|perm_vs_ttest,10,15,-0.00047989250407898254,0.0,-0.0004798925040790863,10.0,5
baseline,svm|coef_vs_ttest,10,15,-0.00047989250407898254,0.0,-0.0004798925040790863,10.0,5
baseline,svm|shap_vs_ttest,10,15,-0.00047989250407898254,0.0,-0.0004798925040790863,10.0,5
baseline,svm|perm_vs_ttest,10,15,-0.00047989250407898254,0.0,-0.0004798925040790863,10.0,5
baseline,rf|shap_vs_ttest,10,15,0.01952970534600258,0.010526315789473684,0.0195297053460025,10.0,5
baseline,rf|perm_vs_ttest,10,15,0.01952970534600258,0.010526315789473684,0.0195297053460025,10.0,5
baseline,xgb|shap_vs_ttest,10,15,0.09956809674632887,0.05497076023391813,0.09956809674632883,10.0,5
baseline,xgb|perm_vs_ttest,10,15,0.07955849889624729,0.04327485380116959,0.07955849889624725,10.0,5
sensitivity,logreg_coef_across_C,10,15,0.7065258981988034,0.5756576756576757,0.7065258981988034,10.0,5
resampling,logreg_C0.1|coef,25,15,0.2831403736253182,0.16810179497994032,0.28314037362531813,25.0,5
resampling,logreg_C100|coef,25,15,0.23107794265955905,0.13281149908519055,0.2310779426595592,25.0,5
resampling,logreg|coef,25,15,0.2751307688613551,0.16274976218888312,0.27513076886135523,25.0,5
resampling,logreg|perm,25,15,0.2711259664793737,0.16083849434010758,0.2711259664793738,25.0,5
resampling,logreg|shap,25,15,0.23508274504154048,0.1363847903790319,0.23508274504154061,25.0,5
resampling,rf|perm,25,15,0.04285223070643018,0.0227891156462585,0.04285223070643038,25.0,5
resampling,rf|shap,25,15,0.054866637852374556,0.02917209436966276,0.05486663785237479,25.0,5
resampling,svm|coef,25,15,0.23107794265955905,0.13380383170099105,0.23107794265955914,25.0,5
resampling,svm|perm,25,15,0.21505873313163315,0.12312798711589665,0.2150587331316333,25.0,5
resampling,svm|shap,25,15,0.22707314027757752,0.13009126506376748,0.2270731402775777,25.0,5
resampling,ttest|ttest,25,15,0.3231883974451326,0.19583939096134215,0.32318839744513284,25.0,5
resampling,xgb|perm,25,15,0.10692906881813369,0.05785000555880693,0.1069290688181338,25.0,5
resampling,xgb|shap,25,15,0.10692906881813369,0.05785000555880693,0.1069290688181338,25.0,5
model,explainer=coef,25,15,0.4152988522307064,0.2652841854188243,0.4152988522307064,25.0,5
model,explainer=perm,25,15,0.10025439818149788,0.057638227352244976,0.10025439818149802,25.0,5
model,explainer=shap,25,15,0.1790155116938,0.11291432281639553,0.17901551169380012,25.0,5
explainer,model=logreg,25,15,0.4019495109574347,0.2584569486683369,0.401949510957435,25.0,5
explainer,model=rf,25,15,0.7917502761369638,0.6624773076385979,0.7917502761369639,25.0,5
explainer,model=svm,25,15,0.49272503161568115,0.35329942971548517,0.49272503161568143,25.0,5
explainer,model=xgb,25,15,0.887865533304519,0.8103835978835979,0.887865533304519,25.0,5
combined,all_primary,25,15,0.21043096149023235,0.14167023063883036,0.21043096149023252,25.0,5
baseline,logreg|coef_vs_ttest,25,15,-0.001200595495365775,0.0,-0.0012005954953657014,25.0,5
baseline,logreg|shap_vs_ttest,25,15,0.02282821879652295,0.012244897959183673,0.022828218796523077,25.0,5
baseline,logreg|perm_vs_ttest,25,15,-0.001200595495365775,0.0,-0.0012005954953657014,25.0,5
baseline,svm|coef_vs_ttest,25,15,-0.001200595495365775,0.0,-0.0012005954953657014,25.0,5
baseline,svm|shap_vs_ttest,25,15,0.01481861403256004,0.008163265306122448,0.014818614032560148,25.0,5
baseline,svm|perm_vs_ttest,25,15,-0.001200595495365775,0.0,-0.0012005954953657014,25.0,5
baseline,rf|shap_vs_ttest,25,15,0.11093387120011519,0.06071281735019015,0.11093387120011526,25.0,5
baseline,rf|perm_vs_ttest,25,15,0.1189434759640781,0.06554373522458629,0.1189434759640782,25.0,5
baseline,xgb|shap_vs_ttest,25,15,0.11093387120011519,0.061086463570935626,0.11093387120011526,25.0,5
baseline,xgb|perm_vs_ttest,25,15,0.11093387120011519,0.061086463570935626,0.11093387120011526,25.0,5
sensitivity,logreg_coef_across_C,25,15,0.7677214618450752,0.6363720152188821,0.7677214618450752,25.0,5
resampling,logreg_C0.1|coef,50,15,0.32638446004423494,0.19945603610925974,0.32638446004423505,50.0,5
resampling,logreg_C100|coef,50,15,0.2902979132608904,0.17270445804644033,0.2902979132608905,50.0,5
resampling,logreg|coef,50,15,0.32037003558034427,0.19460408788108463,0.32037003558034427,50.0,5
resampling,logreg|perm,50,15,0.27024983171458783,0.15983112022105453,0.27024983171458794,50.0,5
resampling,logreg|shap,50,15,0.2502017501682854,0.1459091801073968,0.25020175016828544,50.0,5
resampling,rf|perm,50,15,0.0677642080969324,0.03663519393868185,0.06776420809693241,50.0,5
resampling,rf|shap,50,15,0.06976901625156262,0.03754928763174866,0.06976901625156265,50.0,5
resampling,svm|coef,50,15,0.2842834887969996,0.16940945357806264,0.2842834887969997,50.0,5
resampling,svm|perm,50,15,0.26223059909606683,0.15394236021483637,0.26223059909606694,50.0,5
resampling,svm|shap,50,15,0.27225463986921805,0.1595019688274826,0.27225463986921816,50.0,5
resampling,ttest|ttest,50,15,0.3624710068275795,0.22471756752510713,0.3624710068275796,50.0,5
resampling,xgb|perm,50,15,0.13793249350899128,0.07552084194789103,0.13793249350899123,50.0,5
resampling,xgb|shap,50,15,0.14394691797288195,0.07918313524142026,0.143946917972882,50.0,5
model,explainer=coef,50,15,0.5308748918165208,0.3637598108367933,0.5308748918165208,50.0,5
model,explainer=perm,50,15,0.10852864057441407,0.061832912028208654,0.1085286405744142,50.0,5
model,explainer=shap,50,15,0.18537961983524046,0.11787291200943295,0.1853796198352406,50.0,5
explainer,model=logreg,50,15,0.4105864025387055,0.26526414677256505,0.41058640253870565,50.0,5
explainer,model=rf,50,15,0.7674422540628907,0.6250773910468653,0.7674422540628907,50.0,5
explainer,model=svm,50,15,0.5295383530467672,0.38075103191077203,0.5295383530467672,50.0,5
explainer,model=xgb,50,15,0.8716922781036638,0.7731829573934836,0.8716922781036638,50.0,5
combined,all_primary,50,15,0.2240055902811166,0.15065731287315504,0.22400559028111675,50.0,5
baseline,logreg|coef_vs_ttest,50,15,-0.002404077315126596,0.0,-0.0024040773151264546,50.0,5
baseline,logreg|shap_vs_ttest,50,15,0.013634387921915448,0.00808080808080808,0.01363438792191557,50.0,5
baseline,logreg|perm_vs_ttest,50,15,-0.002404077315126596,0.0,-0.0024040773151264546,50.0,5
baseline,svm|coef_vs_ttest,50,15,-0.002404077315126596,0.0,-0.0024040773151264546,50.0,5
baseline,svm|shap_vs_ttest,50,15,0.013634387921915448,0.00808080808080808,0.01363438792191557,50.0,5
baseline,svm|perm_vs_ttest,50,15,0.005615155303394426,0.00404040404040404,0.005615155303394558,50.0,5
baseline,rf|shap_vs_ttest,50,15,0.14996134243677267,0.08302199223383126,0.14996134243677278,50.0,5
baseline,rf|perm_vs_ttest,50,15,0.1539709587460332,0.08516975855685532,0.15397095874603325,50.0,5
baseline,xgb|shap_vs_ttest,50,15,0.11788441196268865,0.06416254969261259,0.11788441196268873,50.0,5
baseline,xgb|perm_vs_ttest,50,15,0.11387479565342817,0.06200888042245038,0.11387479565342822,50.0,5
sensitivity,logreg_coef_across_C,50,15,0.8168941885437702,0.7025856578354996,0.8168941885437702,50.0,5
resampling,logreg_C0.1|coef,10,16,0.28965927632210386,0.1781733746130031,0.2896592763221038,10.0,5
resampling,logreg_C100|coef,10,16,0.21962568384681824,0.13320433436532508,0.21962568384681833,10.0,5
resampling,logreg|coef,10,16,0.29966407524714467,0.18719470244238043,0.2996640752471446,10.0,5
resampling,logreg|perm,10,16,0.31967367309722616,0.21744264507422403,0.3196736730972263,10.0,5
resampling,logreg|shap,10,16,0.18961128707169594,0.11833505331957343,0.18961128707169597,10.0,5
resampling,rf|perm,10,16,0.0195297053460024,0.010526315789473684,0.019529705346002495,10.0,5
resampling,rf|shap,10,16,0.029534504271043205,0.015789473684210527,0.029534504271043288,10.0,5
resampling,svm|coef,10,16,0.20962088492177744,0.12248882008943932,0.2096208849217775,10.0,5
resampling,svm|perm,10,16,0.26964967847202226,0.17836134453781513,0.26964967847202226,10.0,5
resampling,svm|shap,10,16,0.16960168922161423,0.09830581355349158,0.16960168922161437,10.0,5
resampling,ttest|ttest,10,16,0.16960168922161423,0.10196078431372549,0.1696016892216144,10.0,5
resampling,xgb|perm,10,16,0.13958729244649204,0.07729618163054694,0.13958729244649198,10.0,5
resampling,xgb|shap,10,16,0.12958249352145113,0.07076023391812865,0.12958249352145118,10.0,5
model,explainer=coef,10,16,0.13958729244649198,0.07739938080495357,0.13958729244649198,10.0,5
model,explainer=perm,10,16,0.13291742649646476,0.09385227775320655,0.13291742649646476,10.0,5
model,explainer=shap,10,16,0.12291262757142399,0.07158132258751453,0.12291262757142399,10.0,5
explainer,model=logreg,10,16,0.3663627347474165,0.2581082831856826,0.3663627347474166,10.0,5
explainer,model=rf,10,16,0.6798464343986946,0.5201465201465201,0.6798464343986946,10.0,5
explainer,model=svm,10,16,0.23963528169689985,0.1409184726522188,0.2396352816968999,10.0,5
explainer,model=xgb,10,16,0.8399232171993474,0.7272727272727273,0.8399232171993474,10.0,5
combined,all_primary,10,16,0.16270949440658616,0.11170595486384963,0.1627094944065863,10.0,5
baseline,logreg|coef_vs_ttest,10,16,-0.00047989250407898254,0.0,-0.0004798925040790863,10.0,5
baseline,logreg|shap_vs_ttest,10,16,0.01952970534600258,0.010526315789473684,0.019529705346002502,10.0,5
baseline,logreg|perm_vs_ttest,10,16,-0.00047989250407898254,0.0,-0.0004798925040790863,10.0,5
baseline,svm|coef_vs_ttest,10,16,-0.00047989250407898254,0.0,-0.0004798925040790863,10.0,5
baseline,svm|shap_vs_ttest,10,16,-0.00047989250407898254,0.0,-0.0004798925040790863,10.0,5
baseline,svm|perm_vs_ttest,10,16,-0.00047989250407898254,0.0,-0.0004798925040790863,10.0,5
baseline,rf|shap_vs_ttest,10,16,-0.00047989250407898254,0.0,-0.0004798925040790863,10.0,5
baseline,rf|perm_vs_ttest,10,16,0.01952970534600258,0.010526315789473684,0.0195297053460025,10.0,5
baseline,xgb|shap_vs_ttest,10,16,0.01952970534600258,0.010526315789473684,0.0195297053460025,10.0,5
baseline,xgb|perm_vs_ttest,10,16,0.01952970534600258,0.010526315789473684,0.0195297053460025,10.0,5
sensitivity,logreg_coef_across_C,10,16,0.759884825799021,0.626062826062826,0.759884825799021,10.0,5
resampling,logreg_C0.1|coef,25,16,0.34721721173702147,0.21969674744274284,0.3472172117370216,25.0,5
resampling,logreg_C100|coef,25,16,0.239087547423522,0.13999378020072317,0.23908754742352206,25.0,5
resampling,logreg|coef,25,16,0.3311980022090957,0.21059154222891502,0.33119800220909573,25.0,5
resampling,logreg|perm,25,16,0.23107794265955905,0.13785997879518525,0.23107794265955914,25.0,5
resampling,logreg|shap,25,16,0.23107794265955905,0.13595482371093032,0.23107794265955914,25.0,5
resampling,rf|perm,25,16,0.046857033088411715,0.025367746543575802,0.04685703308841185,25.0,5
resampling,rf|shap,25,16,0.03884742832444876,0.0210142567665364,0.038847428324448915,25.0,5
resampling,svm|coef,25,16,0.2551067569514478,0.14820558146612833,0.2551067569514479,25.0,5
resampling,svm|perm,25,16,0.26311636171541086,0.16488242786786583,0.26311636171541086,25.0,5
resampling,svm|shap,25,16,0.19903952360370736,0.11198310363058765,0.19903952360370744,25.0,5
resampling,ttest|ttest,25,16,0.1750107093118185,0.0980221469351904,0.17501070931181867,25.0,5
resampling,xgb|perm,25,16,0.13095788311002243,0.07213286892981619,0.13095788311002257,25.0,5
resampling,xgb|shap,25,16,0.1389674878739855,0.07610038871602239,0.1389674878739855,25.0,5
model,explainer=coef,25,16,0.15899149978389274,0.0886456099840563,0.15899149978389282,25.0,5
model,explainer=perm,25,16,0.12962294898269539,0.07898017290805544,0.12962294898269539,25.0,5
model,explainer=shap,25,16,0.14297229025596694,0.0818970191292561,0.14297229025596697,25.0,5
explainer,model=logreg,25,16,0.4313180617586322,0.2883759732566649,0.43131806175863224,25.0,5
explainer,model=rf,25,16,0.7677214618450752,0.6263525128931134,0.7677214618450752,25.0,5
explainer,model=svm,25,16,0.2978246490259167,0.18096710755645073,0.2978246490259168,25.0,5
explainer,model=xgb,25,16,0.9038847428324448,0.8264143264143264,0.9038847428324448,25.0,5
combined,all_primary,25,16,0.1844442438115971,0.12206669152664953,0.18444424381159724,25.0,5
baseline,logreg|coef_vs_ttest,25,16,-0.001200595495365775,0.0,-0.0012005954953657014,25.0,5
baseline,logreg|shap_vs_ttest,25,16,0.006809009268597133,0.004081632653061224,0.006809009268597227,25.0,5
baseline,logreg|perm_vs_ttest,25,16,-0.001200595495365775,0.0,-0.0012005954953657014,25.0,5
baseline,svm|coef_vs_ttest,25,16,-0.001200595495365775,0.0,-0.0012005954953657014,25.0,5
baseline,svm|shap_vs_ttest,25,16,0.02282821879652295,0.012244897959183673,0.022828218796523074,25.0,5
baseline,svm|perm_vs_ttest,25,16,-0.001200595495365775,0.0,-0.0012005954953657014,25.0,5
baseline,rf|shap_vs_ttest,25,16,0.03884742832444885,0.020748299319727888,0.03884742832444892,25.0,5
baseline,rf|perm_vs_ttest,25,16,0.0308378235604859,0.01649659863945578,0.030837823560486005,25.0,5
baseline,xgb|shap_vs_ttest,25,16,0.046857033088411756,0.024829931972789116,0.046857033088411854,25.0,5
baseline,xgb|perm_vs_ttest,25,16,0.038847428324448804,0.020578231292517006,0.03884742832444893,25.0,5
sensitivity,logreg_coef_across_C,25,16,0.7543721205718036,0.6224288373762735,0.7543721205718036,25.0,5
resampling,logreg_C0.1|coef,50,16,0.33640850081738616,0.20711951662157363,0.3364085008173862,50.0,5
resampling,logreg_C100|coef,50,16,0.30433157034330216,0.1811029808289228,0.3043315703433022,50.0,5
resampling,logreg|coef,50,16,0.34442773343590716,0.21422065347224833,0.34442773343590727,50.0,5
resampling,logreg|perm,50,16,0.2502017501682854,0.1472754304698912,0.25020175016828544,50.0,5
resampling,logreg|shap,50,16,0.31034599480719294,0.19062985351605283,0.310345994807193,50.0,5
resampling,rf|perm,50,16,0.05974497547841118,0.03258024085081114,0.059744975478411386,50.0,5
resampling,rf|shap,50,16,0.0537305510145204,0.029130920284809892,0.053730551014520636,50.0,5
resampling,svm|coef,50,16,0.3003219540340416,0.1806428452478591,0.3003219540340417,50.0,5
resampling,svm|perm,50,16,0.24619213385902483,0.14979644410260715,0.2461921338590249,50.0,5
resampling,svm|shap,50,16,0.22213443600346172,0.1268358976896394,0.2221344360034619,50.0,5
resampling,ttest|ttest,50,16,0.15196615059140284,0.08419612592928363,0.151966150591403,50.0,5
resampling,xgb|perm,50,16,0.14996134243677273,0.08256500384743366,0.14996134243677275,50.0,5
resampling,xgb|shap,50,16,0.15397095874603317,0.08527402987005898,0.15397095874603328,50.0,5
model,explainer=coef,50,16,0.19005750552937772,0.10664860413844397,0.1900575055293778,50.0,5
model,explainer=perm,50,16,0.13726422412411443,0.08187976822852197,0.1372642241241145,50.0,5
model,explainer=shap,50,16,0.1399373016636214,0.08028261430017497,0.1399373016636215,50.0,5
explainer,model=logreg,50,16,0.4827594961053947,0.32764262481623957,0.4827594961053947,50.0,5
explainer,model=rf,50,16,0.7113076257332436,0.5561451091982713,0.7113076257332436,50.0,5
explainer,model=svm,50,16,0.3384133089720163,0.2104214510033909,0.33841330897201655,50.0,5
explainer,model=xgb,50,16,0.8716922781036638,0.7740707568293775,0.8716922781036638,50.0,5
combined,all_primary,50,16,0.19620558387024373,0.12816031566180944,0.1962055838702439,50.0,5
baseline,logreg|coef_vs_ttest,50,16,0.005615155303394426,0.00404040404040404,0.005615155303394558,50.0,5
baseline,logreg|shap_vs_ttest,50,16,0.033682469468217936,0.018389236356835766,0.033682469468218096,50.0,5
baseline,logreg|perm_vs_ttest,50,16,0.0016055389941339148,0.00202020202020202,0.0016055389941340517,50.0,5
baseline,svm|coef_vs_ttest,50,16,0.009624771612654914,0.006101834673263244,0.009624771612655063,50.0,5
baseline,svm|shap_vs_ttest,50,16,0.029672853158957447,0.016327805723976564,0.02967285315895759,50.0,5
baseline,svm|perm_vs_ttest,50,16,0.017644004231175937,0.01022597105071332,0.017644004231176076,50.0,5
baseline,rf|shap_vs_ttest,50,16,0.05373055101452053,0.02957266378450283,0.053730551014520636,50.0,5
baseline,rf|perm_vs_ttest,50,16,0.04972093470525998,0.02737390588934342,0.049720934705260116,50.0,5
baseline,xgb|shap_vs_ttest,50,16,0.07778824887008351,0.04246238542998484,0.07778824887008366,50.0,5
baseline,xgb|perm_vs_ttest,50,16,0.07377863256082307,0.04001524723693048,0.07377863256082315,50.0,5
sensitivity,logreg_coef_across_C,50,16,0.7634326377536301,0.6372155569669486,0.76343263775363,50.0,5
resampling,logreg_C0.1|coef,10,17,0.27965447739706306,0.1665376676986584,0.27965447739706306,10.0,5
resampling,logreg_C100|coef,10,17,0.20962088492177744,0.12203302373581011,0.2096208849217775,10.0,5
resampling,logreg|coef,10,17,0.27965447739706306,0.1665376676986584,0.27965447739706306,10.0,5
resampling,logreg|perm,10,17,0.20962088492177744,0.12428620571035431,0.2096208849217775,10.0,5
resampling,logreg|shap,10,17,0.29966407524714467,0.1862143102855177,0.2996640752471446,10.0,5
resampling,rf|perm,10,17,0.0395393031960839,0.021052631578947368,0.03953930319608408,10.0,5
resampling,rf|shap,10,17,0.029534504271043205,0.015789473684210527,0.02953450427104328,10.0,5
resampling,svm|coef,10,17,0.18961128707169594,0.10918472652218783,0.18961128707169594,10.0,5
resampling,svm|perm,10,17,0.25964487954698134,0.15264877880976954,0.25964487954698146,10.0,5
resampling,svm|shap,10,17,0.30966887417218536,0.18905228758169934,0.3096688741721854,10.0,5
resampling,ttest|ttest,10,17,0.15959689029657353,0.09362745098039216,0.15959689029657356,10.0,5
resampling,xgb|perm,10,17,0.11957769459641032,0.06491228070175437,0.1195776945964104,10.0,5
resampling,xgb|shap,10,17,0.13958729244649204,0.07671138630890953,0.13958729244649198,10.0,5
model,explainer=coef,10,17,0.3196736730972263,0.1947712418300654,0.31967367309722616,10.0,5
model,explainer=perm,10,17,0.1629318232715871,0.09949899887980385,0.16293182327158715,10.0,5
model,explainer=shap,10,17,0.22629554979684552,0.14065089823603755,0.22629554979684546,10.0,5
explainer,model=logreg,10,17,0.39971206449755253,0.2695611577964519,0.39971206449755253,10.0,5
explainer,model=rf,10,17,0.7798944236491026,0.6456876456876456,0.7798944236491026,10.0,5
explainer,model=svm,10,17,0.3530230028473621,0.22247121070650486,0.35302300284736216,10.0,5
explainer,model=xgb,10,17,0.9399712064497553,0.890909090909091,0.9399712064497553,10.0,5
combined,all_primary,10,17,0.23429938893687802,0.15468256622023385,0.2342993889368782,10.0,5
baseline,logreg|coef_vs_ttest,10,17,0.01952970534600258,0.010526315789473684,0.019529705346002502,10.0,5
baseline,logreg|shap_vs_ttest,10,17,0.03953930319608416,0.02222222222222222,0.03953930319608407,10.0,5
baseline,logreg|perm_vs_ttest,10,17,-0.00047989250407898254,0.0,-0.0004798925040790863,10.0,5
baseline,svm|coef_vs_ttest,10,17,0.01952970534600258,0.010526315789473684,0.019529705346002502,10.0,5
baseline,svm|shap_vs_ttest,10,17,0.03953930319608416,0.02222222222222222,0.03953930319608407,10.0,5
baseline,svm|perm_vs_ttest,10,17,0.03953930319608416,0.02222222222222222,0.03953930319608407,10.0,5
baseline,rf|shap_vs_ttest,10,17,0.03953930319608414,0.021052631578947368,0.03953930319608408,10.0,5
baseline,rf|perm_vs_ttest,10,17,0.03953930319608414,0.021052631578947368,0.03953930319608408,10.0,5
baseline,xgb|shap_vs_ttest,10,17,0.03953930319608414,0.021052631578947368,0.03953930319608408,10.0,5
baseline,xgb|perm_vs_ttest,10,17,0.03953930319608414,0.021052631578947368,0.03953930319608408,10.0,5
sensitivity,logreg_coef_across_C,10,17,0.6398272386985314,0.5216492657669127,0.6398272386985315,10.0,5
resampling,logreg_C0.1|coef,25,17,0.3031643855352254,0.18177810479408546,0.30316438553522546,25.0,5
resampling,logreg_C100|coef,25,17,0.21105393074965184,0.12259797325708519,0.2110539307496518,25.0,5
resampling,logreg|coef,25,17,0.30716918791720693,0.18367003576873114,0.307169187917207,25.0,5
resampling,logreg|perm,25,17,0.2671211640973923,0.15534917279103327,0.26712116409739234,25.0,5
resampling,logreg|shap,25,17,0.29515478077126234,0.17675214362017772,0.29515478077126256,25.0,5
resampling,rf|perm,25,17,0.06688104499831915,0.03537957736286004,0.06688104499831915,25.0,5
resampling,rf|shap,25,17,0.07489064976228199,0.03981220147633521,0.07489064976228207,25.0,5
resampling,svm|coef,25,17,0.24709715218748485,0.14672612401770774,0.24709715218748501,25.0,5
resampling,svm|perm,25,17,0.3031643855352254,0.1843828063494393,0.3031643855352255,25.0,5
resampling,svm|shap,25,17,0.2751307688613551,0.1621058511610683,0.27513076886135523,25.0,5
resampling,ttest|ttest,25,17,0.1910299188397444,0.11111320237879074,0.19102991883974454,25.0,5
resampling,xgb|perm,25,17,0.1710059069298372,0.09603950616525106,0.17100590692983722,25.0,5
resampling,xgb|shap,25,17,0.1710059069298372,0.09546617672975695,0.17100590692983722,25.0,5
model,explainer=coef,25,17,0.3111739902991883,0.18961352657004832,0.3111739902991884,25.0,5
model,explainer=perm,25,17,0.17768057756647287,0.1094039212271648,0.17768057756647299,25.0,5
model,explainer=shap,25,17,0.21372379900430608,0.12966015947793647,0.21372379900430616,25.0,5
explainer,model=logreg,25,17,0.46068661255982957,0.3163190378858459,0.46068661255982973,25.0,5
explainer,model=rf,25,17,0.7436926475531864,0.594024926686217,0.7436926475531863,25.0,5
explainer,model=svm,25,17,0.4019495109574348,0.2583660315173585,0.40194951095743486,25.0,5
explainer,model=xgb,25,17,0.9118943475964076,0.8417989417989418,0.9118943475964079,25.0,5
combined,all_primary,25,17,0.24300335419701485,0.15982405082436513,0.24300335419701508,25.0,5
baseline,logreg|coef_vs_ttest,25,17,0.02282821879652299,0.012414965986394558,0.022828218796523074,25.0,5
baseline,logreg|shap_vs_ttest,25,17,0.02282821879652299,0.012414965986394558,0.022828218796523074,25.0,5
baseline,logreg|perm_vs_ttest,25,17,-0.001200595495365775,0.0,-0.0012005954953657014,25.0,5
baseline,svm|coef_vs_ttest,25,17,0.02282821879652299,0.012414965986394558,0.022828218796523074,25.0,5
baseline,svm|shap_vs_ttest,25,17,0.0308378235604859,0.01649659863945578,0.030837823560486005,25.0,5
baseline,svm|perm_vs_ttest,25,17,0.02282821879652299,0.012414965986394558,0.022828218796523074,25.0,5
baseline,rf|shap_vs_ttest,25,17,0.07088584738030053,0.038718820861678,0.07088584738030063,25.0,5
baseline,rf|perm_vs_ttest,25,17,0.07889545214426345,0.04376932591218305,0.07889545214426355,25.0,5
baseline,xgb|shap_vs_ttest,25,17,0.07088584738030053,0.038718820861678,0.07088584738030063,25.0,5
baseline,xgb|perm_vs_ttest,25,17,0.07088584738030053,0.038718820861678,0.07088584738030063,25.0,5
sensitivity,logreg_coef_across_C,25,17,0.7223337015159518,0.6081805029547862,0.7223337015159519,25.0,5
resampling,logreg_C0.1|coef,50,17,0.3644758149822097,0.22468789001396922,0.3644758149822099,50.0,5
resampling,logreg_C100|coef,50,17,0.24819694201365505,0.1448898942151419,0.24819694201365516,50.0,5
resampling,logreg|coef,50,17,0.35846139051831905,0.220031460505552,0.35846139051831905,50.0,5
resampling,logreg|perm,50,17,0.29631233772478105,0.17598519091916734,0.29631233772478127,50.0,5
resampling,logreg|shap,50,17,0.3243796518896046,0.19514698646607587,0.32437965188960477,50.0,5
resampling,rf|perm,50,17,0.08179786517934395,0.044251417350650205,0.08179786517934418,50.0,5
resampling,rf|shap,50,17,0.07177382440619273,0.03871363250986223,0.07177382440619291,50.0,5
resampling,svm|coef,50,17,0.28829310510626016,0.17330354571685064,0.2882931051062602,50.0,5
resampling,svm|perm,50,17,0.24619213385902483,0.14289384738099914,0.24619213385902486,50.0,5
resampling,svm|shap,50,17,0.28027387248773916,0.16574630040161914,0.28027387248773916,50.0,5
resampling,ttest|ttest,50,17,0.2742594480238483,0.16424119183389393,0.2742594480238485,50.0,5
resampling,xgb|perm,50,17,0.16199019136455406,0.09014178423693273,0.16199019136455428,50.0,5
resampling,xgb|shap,50,17,0.17602384844696595,0.09891505395466327,0.17602384844696603,50.0,5
model,explainer=coef,50,17,0.37850947206462154,0.2384332748720012,0.37850947206462154,50.0,5
model,explainer=perm,50,17,0.1613219219796774,0.09623582302373797,0.16132192197967757,50.0,5
model,explainer=shap,50,17,0.19807673814789867,0.11855165690726954,0.19807673814789883,50.0,5
explainer,model=logreg,50,17,0.49345180626342267,0.33766812413620295,0.4934518062634227,50.0,5
explainer,model=rf,50,17,0.7554134051351091,0.608767576509512,0.7554134051351091,50.0,5
explainer,model=svm,50,17,0.4587017982498316,0.3062308541724528,0.4587017982498317,50.0,5
explainer,model=xgb,50,17,0.8476345802481008,0.7379231911669083,0.8476345802481008,50.0,5
combined,all_primary,50,17,0.24200431238046377,0.15790146814109113,0.24200431238046397,50.0,5
baseline,logreg|coef_vs_ttest,50,17,0.009624771612654914,0.006101834673263244,0.009624771612655061,50.0,5
baseline,logreg|shap_vs_ttest,50,17,0.029672853158957447,0.01649659863945578,0.02967285315895759,50.0,5
baseline,logreg|perm_vs_ttest,50,17,0.005615155303394426,0.00404040404040404,0.005615155303394558,50.0,5
baseline,svm|coef_vs_ttest,50,17,0.009624771612654914,0.006101834673263244,0.009624771612655061,50.0,5
baseline,svm|shap_vs_ttest,50,17,0.03368246946821798,0.018475572047000618,0.033682469468218096,50.0,5
baseline,svm|perm_vs_ttest,50,17,0.013634387921915403,0.008163265306122448,0.013634387921915566,50.0,5
baseline,rf|shap_vs_ttest,50,17,0.065759399942302,0.03586427304170789,0.06575939994230215,50.0,5
baseline,rf|perm_vs_ttest,50,17,0.06976901625156251,0.03796820739895594,0.06976901625156265,50.0,5
baseline,xgb|shap_vs_ttest,50,17,0.04972093470525998,0.027073561150583052,0.04972093470526012,50.0,5
baseline,xgb|perm_vs_ttest,50,17,0.04972093470525998,0.027073561150583052,0.04972093470526012,50.0,5
sensitivity,logreg_coef_across_C,50,17,0.734028784819053,0.6188823755211063,0.7340287848190531,50.0,5
resampling,logreg_C0.1|coef,10,18,0.33968327094730777,0.21940342938794952,0.3396832709473078,10.0,5
resampling,logreg_C100|coef,10,18,0.07955849889624711,0.04269005847953216,0.07955849889624725,10.0,5
resampling,logreg|coef,10,18,0.31967367309722616,0.198890608875129,0.3196736730972262,10.0,5
resampling,logreg|perm,10,18,0.3496880698723486,0.2295341483421979,0.34968806987234863,10.0,5
resampling,logreg|shap,10,18,0.22963048277185916,0.13291193670450638,0.22963048277185907,10.0,5
resampling,rf|perm,10,18,0.0195297053460024,0.010526315789473684,0.019529705346002495,10.0,5
resampling,rf|shap,10,18,0.0195297053460024,0.010526315789473684,0.019529705346002492,10.0,5
resampling,svm|coef,10,18,0.11957769459641032,0.06954764361885105,0.1195776945964104,10.0,5
resampling,svm|perm,10,18,0.20962088492177744,0.12727406752174555,0.2096208849217775,10.0,5
resampling,svm|shap,10,18,0.07955849889624711,0.04269005847953216,0.07955849889624725,10.0,5
resampling,ttest|ttest,10,18,0.21962568384681824,0.12637598899208807,0.2196256838468183,10.0,5
resampling,xgb|perm,10,18,0.0195297053460024,0.010526315789473684,0.019529705346002495,10.0,5
resampling,xgb|shap,10,18,0.03953930319608401,0.021052631578947368,0.03953930319608408,10.0,5
model,explainer=coef,10,18,0.09956809674632885,0.05380116959064327,0.09956809674632883,10.0,5
model,explainer=perm,10,18,0.09956809674632883,0.06209846511704096,0.09956809674632881,10.0,5
model,explainer=shap,10,18,0.059548901046165614,0.034732255475289533,0.059548901046165656,10.0,5
explainer,model=logreg,10,18,0.3596928687973893,0.25513157293343053,0.3596928687973894,10.0,5
explainer,model=rf,10,18,0.6998560322487762,0.5623543123543123,0.6998560322487763,10.0,5
explainer,model=svm,10,18,0.16626675624660062,0.09623896342162595,0.16626675624660076,10.0,5
explainer,model=xgb,10,18,0.8999520107495922,0.8303030303030303,0.8999520107495922,10.0,5
combined,all_primary,10,18,0.1271368760064412,0.08904598249283494,0.12713687600644125,10.0,5
baseline,logreg|coef_vs_ttest,10,18,-0.00047989250407898254,0.0,-0.0004798925040790863,10.0,5
baseline,logreg|shap_vs_ttest,10,18,0.01952970534600258,0.010526315789473684,0.0195297053460025,10.0,5
baseline,logreg|perm_vs_ttest,10,18,-0.00047989250407898254,0.0,-0.0004798925040790863,10.0,5
baseline,svm|coef_vs_ttest,10,18,-0.00047989250407898254,0.0,-0.0004798925040790863,10.0,5
baseline,svm|shap_vs_ttest,10,18,-0.00047989250407898254,0.0,-0.0004798925040790863,10.0,5
baseline,svm|perm_vs_ttest,10,18,-0.00047989250407898254,0.0,-0.0004798925040790863,10.0,5
baseline,rf|shap_vs_ttest,10,18,0.01952970534600258,0.010526315789473684,0.019529705346002502,10.0,5
baseline,rf|perm_vs_ttest,10,18,0.01952970534600258,0.010526315789473684,0.019529705346002502,10.0,5
baseline,xgb|shap_vs_ttest,10,18,0.03953930319608414,0.021052631578947368,0.039539303196084084,10.0,5
baseline,xgb|perm_vs_ttest,10,18,0.03953930319608414,0.021052631578947368,0.039539303196084084,10.0,5
sensitivity,logreg_coef_across_C,10,18,0.5597888472982052,0.4513317264091258,0.5597888472982052,10.0,5
resampling,logreg_C0.1|coef,25,18,0.35923161888296595,0.22800765139742465,0.35923161888296595,25.0,5
resampling,logreg_C100|coef,25,18,0.15899149978389282,0.0884253708915413,0.15899149978389282,25.0,5
resampling,logreg|coef,25,18,0.35923161888296595,0.22879948642143763,0.359231618882966,25.0,5
resampling,logreg|perm,25,18,0.32719319982711415,0.20964755706889412,0.32719319982711426,25.0,5
resampling,logreg|shap,25,18,0.2230683378955961,0.13099976937943142,0.22306833789559616,25.0,5
resampling,rf|perm,25,18,0.054866637852374556,0.029624874926844003,0.05486663785237478,25.0,5
resampling,rf|shap,25,18,0.050861835470393246,0.027607709750566894,0.050861835470393316,25.0,5
resampling,svm|coef,25,18,0.1710059069298372,0.09772981541020394,0.1710059069298372,25.0,5
resampling,svm|perm,25,18,0.21505873313163315,0.12763705942070705,0.2150587331316333,25.0,5
resampling,svm|shap,25,18,0.14697709263794834,0.08160210584387932,0.14697709263794842,25.0,5
resampling,ttest|ttest,25,18,0.2230683378955961,0.12707787101113693,0.22306833789559627,25.0,5
resampling,xgb|perm,25,18,0.07088584738030068,0.03759588941959763,0.07088584738030061,25.0,5
resampling,xgb|shap,25,18,0.07088584738030068,0.03768092343320307,0.07088584738030061,25.0,5
model,explainer=coef,25,18,0.1509818950199298,0.08373384394264531,0.1509818950199299,25.0,5
model,explainer=perm,25,18,0.11627360770942383,0.072502996103675,0.11627360770942388,25.0,5
model,explainer=shap,25,18,0.0962495957995165,0.053990259953499965,0.09624959579951656,25.0,5
explainer,model=logreg,25,18,0.39927964270278044,0.27749999140127735,0.39927964270278055,25.0,5
explainer,model=rf,25,18,0.7436926475531864,0.5967215256008359,0.7436926475531863,25.0,5
explainer,model=svm,25,18,0.22039846964094179,0.12798667502701705,0.22039846964094187,25.0,5
explainer,model=xgb,25,18,0.9038847428324448,0.8264143264143264,0.9038847428324448,25.0,5
combined,all_primary,25,18,0.1488460004162063,0.10113925634917784,0.14884600041620644,25.0,5
baseline,logreg|coef_vs_ttest,25,18,-0.001200595495365775,0.0,-0.0012005954953657014,25.0,5
baseline,logreg|shap_vs_ttest,25,18,0.038847428324448804,0.020578231292517006,0.03884742832444893,25.0,5
baseline,logreg|perm_vs_ttest,25,18,-0.001200595495365775,0.0,-0.0012005954953657014,25.0,5
baseline,svm|coef_vs_ttest,25,18,-0.001200595495365775,0.0,-0.0012005954953657014,25.0,5
baseline,svm|shap_vs_ttest,25,18,0.01481861403256004,0.008163265306122448,0.014818614032560152,25.0,5
baseline,svm|perm_vs_ttest,25,18,-0.001200595495365775,0.0,-0.0012005954953657014,25.0,5
baseline,rf|shap_vs_ttest,25,18,0.05486663785237467,0.02961354754667824,0.05486663785237478,25.0,5
baseline,rf|perm_vs_ttest,25,18,0.06287624261633762,0.03423889444769582,0.0628762426163377,25.0,5
baseline,xgb|shap_vs_ttest,25,18,0.05486663785237467,0.02926255608626429,0.05486663785237478,25.0,5
baseline,xgb|perm_vs_ttest,25,18,0.05486663785237467,0.02926255608626429,0.05486663785237478,25.0,5
sensitivity,logreg_coef_across_C,25,18,0.5781608157646192,0.46186388922338023,0.5781608157646192,25.0,5
resampling,logreg_C0.1|coef,50,18,0.33640850081738616,0.20689922836545258,0.33640850081738627,50.0,5
resampling,logreg_C100|coef,50,18,0.20609597076641972,0.11784903623227165,0.2060959707664199,50.0,5
resampling,logreg|coef,50,18,0.32838926819886516,0.203084505350501,0.32838926819886527,50.0,5
resampling,logreg|perm,50,18,0.27225463986921805,0.1648029975590864,0.27225463986921816,50.0,5
resampling,logreg|shap,50,18,0.2522065583229155,0.1495520271769612,0.2522065583229157,50.0,5
resampling,rf|perm,50,18,0.04370651024136918,0.023890315928826875,0.04370651024136936,50.0,5
resampling,rf|shap,50,18,0.0376920857774784,0.02068651092854643,0.0376920857774786,50.0,5
resampling,svm|coef,50,18,0.26223059909606683,0.15544146438606235,0.26223059909606694,50.0,5
resampling,svm|perm,50,18,0.22213443600346172,0.13114903733686606,0.2221344360034619,50.0,5
resampling,svm|shap,50,18,0.17000942398307528,0.09512718339253541,0.1700094239830753,50.0,5
resampling,ttest|ttest,50,18,0.20609597076641972,0.11693789285058456,0.2060959707664199,50.0,5
resampling,xgb|perm,50,18,0.10184594672564651,0.05534054288995434,0.10184594672564669,50.0,5
resampling,xgb|shap,50,18,0.10786037118953729,0.058516755314358945,0.10786037118953744,50.0,5
model,explainer=coef,50,18,0.19005750552937775,0.10682944616376595,0.19005750552937783,50.0,5
model,explainer=perm,50,18,0.10251421611052333,0.06286340896244935,0.10251421611052344,50.0,5
model,explainer=shap,50,18,0.11253825688367458,0.06401510179148055,0.11253825688367472,50.0,5
explainer,model=logreg,50,18,0.45335564317081756,0.3051348689784669,0.4533556431708178,50.0,5
explainer,model=rf,50,18,0.7353653235888066,0.5831265508684863,0.7353653235888066,50.0,5
explainer,model=svm,50,18,0.24886521139853174,0.14765637988611333,0.2488652113985319,50.0,5
explainer,model=xgb,50,18,0.8797115107221847,0.7864104706209969,0.8797115107221847,50.0,5
combined,all_primary,50,18,0.15967352416364805,0.10633600293332465,0.1596735241636482,50.0,5
baseline,logreg|coef_vs_ttest,50,18,0.0056151553033944035,0.004081632653061224,0.005615155303394558,50.0,5
baseline,logreg|shap_vs_ttest,50,18,0.03769208577747851,0.02070707070707071,0.0376920857774786,50.0,5
baseline,logreg|perm_vs_ttest,50,18,0.0016055389941339148,0.00202020202020202,0.0016055389941340517,50.0,5
baseline,svm|coef_vs_ttest,50,18,-0.002404077315126596,0.0,-0.0024040773151264546,50.0,5
baseline,svm|shap_vs_ttest,50,18,0.029672853158957447,0.016327805723976564,0.02967285315895759,50.0,5
baseline,svm|perm_vs_ttest,50,18,0.009624771612654914,0.006101834673263244,0.009624771612655063,50.0,5
baseline,rf|shap_vs_ttest,50,18,0.04571131839599949,0.025180923433203068,0.04571131839599961,50.0,5
baseline,rf|perm_vs_ttest,50,18,0.05373055101452049,0.029477840246591468,0.05373055101452062,50.0,5
baseline,xgb|shap_vs_ttest,50,18,0.065759399942302,0.03544812309657357,0.06575939994230215,50.0,5
baseline,xgb|perm_vs_ttest,50,18,0.057740167323780976,0.031104547081990692,0.05774016732378114,50.0,5
sensitivity,logreg_coef_across_C,50,18,0.6097306792319774,0.48187605681080903,0.6097306792319774,50.0,5
resampling,logreg_C0.1|coef,10,19,0.3897072655725117,0.2473856209150327,0.38970726557251173,10.0,5
resampling,logreg_C100|coef,10,19,0.3496880698723486,0.21781045751633984,0.3496880698723485,10.0,5
resampling,logreg|coef,10,19,0.379702466647471,0.24003267973856207,0.3797024666474709,10.0,5
resampling,logreg|perm,10,19,0.22963048277185916,0.13621431028551773,0.22963048277185907,10.0,5
resampling,logreg|shap,10,19,0.21962568384681824,0.1270639834881321,0.2196256838468183,10.0,5
resampling,rf|perm,10,19,0.08956329782128802,0.047953216374269005,0.08956329782128804,10.0,5
resampling,rf|shap,10,19,0.10957289567136952,0.05964912280701753,0.1095728956713696,10.0,5
resampling,svm|coef,10,19,0.23963528169689985,0.13725490196078433,0.23963528169689985,10.0,5
resampling,svm|perm,10,19,0.24964008062194065,0.14460784313725492,0.24964008062194062,10.0,5
resampling,svm|shap,10,19,0.18961128707169594,0.10941692466460266,0.18961128707169594,10.0,5
resampling,ttest|ttest,10,19,0.26964967847202226,0.15836773305813553,0.2696496784720222,10.0,5
resampling,xgb|perm,10,19,0.19961608599673675,0.11317509459924321,0.1996160859967367,10.0,5
resampling,xgb|shap,10,19,0.18961128707169594,0.1066391468868249,0.18961128707169594,10.0,5
model,explainer=coef,10,19,0.47975045589787885,0.34257759784075575,0.47975045589787885,10.0,5
model,explainer=perm,10,19,0.12291262757142399,0.07466460268317852,0.122912627571424,10.0,5
model,explainer=shap,10,19,0.18627635409668236,0.12107228856454862,0.18627635409668236,10.0,5
explainer,model=logreg,10,19,0.33968327094730777,0.23104953182352564,0.33968327094730777,10.0,5
explainer,model=rf,10,19,0.759884825799021,0.6349650349650349,0.759884825799021,10.0,5
explainer,model=svm,10,19,0.4130517963976069,0.300491201265195,0.4130517963976069,10.0,5
explainer,model=xgb,10,19,0.8599328150494289,0.7682983682983683,0.8599328150494289,10.0,5
combined,all_primary,10,19,0.19872677053673302,0.13774357240817509,0.19872677053673313,10.0,5
baseline,logreg|coef_vs_ttest,10,19,-0.00047989250407898254,0.0,-0.0004798925040790863,10.0,5
baseline,logreg|shap_vs_ttest,10,19,0.01952970534600258,0.010526315789473684,0.0195297053460025,10.0,5
baseline,logreg|perm_vs_ttest,10,19,-0.00047989250407898254,0.0,-0.0004798925040790863,10.0,5
baseline,svm|coef_vs_ttest,10,19,-0.00047989250407898254,0.0,-0.0004798925040790863,10.0,5
baseline,svm|shap_vs_ttest,10,19,0.01952970534600258,0.010526315789473684,0.0195297053460025,10.0,5
baseline,svm|perm_vs_ttest,10,19,0.01952970534600258,0.010526315789473684,0.0195297053460025,10.0,5
baseline,rf|shap_vs_ttest,10,19,0.1595968902965736,0.08888888888888888,0.15959689029657356,10.0,5
baseline,rf|perm_vs_ttest,10,19,0.1595968902965736,0.08888888888888888,0.15959689029657356,10.0,5
baseline,xgb|shap_vs_ttest,10,19,0.17960648814665517,0.10216718266253873,0.17960648814665514,10.0,5
baseline,xgb|perm_vs_ttest,10,19,0.17960648814665517,0.10216718266253873,0.17960648814665514,10.0,5
sensitivity,logreg_coef_across_C,10,19,0.8932821447995648,0.8141414141414142,0.893282144799565,10.0,5
resampling,logreg_C0.1|coef,25,19,0.29114997838928103,0.1721324541091983,0.29114997838928114,25.0,5
resampling,logreg_C100|coef,25,19,0.29515478077126234,0.17524396489352467,0.29515478077126256,25.0,5
resampling,logreg|coef,25,19,0.3031643855352254,0.1815508576002053,0.3031643855352255,25.0,5
resampling,logreg|perm,25,19,0.2511019545694664,0.14526648979409837,0.2511019545694665,25.0,5
resampling,logreg|shap,25,19,0.19503472122172583,0.11039344095284671,0.195034721221726,25.0,5
resampling,rf|perm,25,19,0.06287624261633762,0.033253727022723986,0.0628762426163377,25.0,5
resampling,rf|shap,25,19,0.046857033088411715,0.024829931972789113,0.04685703308841185,25.0,5
resampling,svm|coef,25,19,0.20304432598568878,0.1145390738360211,0.20304432598568894,25.0,5
resampling,svm|perm,25,19,0.25911155933342933,0.14993791737977785,0.2591115593334294,25.0,5
resampling,svm|shap,25,19,0.17901551169380003,0.10142793507157224,0.17901551169380014,25.0,5
resampling,ttest|ttest,25,19,0.27913557124333666,0.1633032783061144,0.2791355712433367,25.0,5
resampling,xgb|perm,25,19,0.1549866974019113,0.08506199833674392,0.15498669740191134,25.0,5
resampling,xgb|shap,25,19,0.15899149978389282,0.08736766368588753,0.15899149978389282,25.0,5
model,explainer=coef,25,19,0.4393276665225951,0.2958261720859705,0.43932766652259525,25.0,5
model,explainer=perm,25,19,0.11627360770942381,0.0689047678955795,0.11627360770942388,25.0,5
model,explainer=shap,25,19,0.18035044582112722,0.1170251504662549,0.18035044582112725,25.0,5
explainer,model=logreg,25,19,0.36991109190158306,0.2419533503326971,0.36991109190158317,25.0,5
explainer,model=rf,25,19,0.7997598809009269,0.6674082313681868,0.7997598809009269,25.0,5
explainer,model=svm,25,19,0.4393276665225951,0.30139253355993034,0.4393276665225952,25.0,5
explainer,model=xgb,25,19,0.9038847428324448,0.8264143264143264,0.9038847428324448,25.0,5
combined,all_primary,25,19,0.20081943577347686,0.13619988549722514,0.20081943577347702,25.0,5
baseline,logreg|coef_vs_ttest,25,19,-0.001200595495365775,0.0,-0.0012005954953657014,25.0,5
baseline,logreg|shap_vs_ttest,25,19,0.046857033088411756,0.024829931972789116,0.046857033088411854,25.0,5
baseline,logreg|perm_vs_ttest,25,19,-0.001200595495365775,0.0,-0.0012005954953657014,25.0,5
baseline,svm|coef_vs_ttest,25,19,-0.001200595495365775,0.0,-0.0012005954953657014,25.0,5
baseline,svm|shap_vs_ttest,25,19,0.02282821879652295,0.012244897959183673,0.022828218796523074,25.0,5
baseline,svm|perm_vs_ttest,25,19,0.02282821879652299,0.012414965986394558,0.022828218796523074,25.0,5
baseline,rf|shap_vs_ttest,25,19,0.134962685492004,0.07482129341518795,0.13496268549200402,25.0,5
baseline,rf|perm_vs_ttest,25,19,0.1429722902559669,0.07965221128958408,0.14297229025596697,25.0,5
baseline,xgb|shap_vs_ttest,25,19,0.126953080728041,0.06922707411672654,0.1269530807280411,25.0,5
baseline,xgb|perm_vs_ttest,25,19,0.1189434759640781,0.06479445000325137,0.1189434759640782,25.0,5
sensitivity,logreg_coef_across_C,25,19,0.8184489586835071,0.7001111443315744,0.8184489586835071,25.0,5
resampling,logreg_C0.1|coef,50,19,0.2842834887969996,0.16759501181618072,0.2842834887969997,50.0,5
resampling,logreg_C100|coef,50,19,0.2742594480238483,0.16080354458552004,0.2742594480238484,50.0,5
resampling,logreg|coef,50,19,0.2943075295701508,0.1744125003729762,0.29430752957015094,50.0,5
resampling,logreg|perm,50,19,0.24619213385902483,0.14207039220620205,0.2461921338590249,50.0,5
resampling,logreg|shap,50,19,0.21010558707568028,0.1198994977558645,0.21010558707568036,50.0,5
resampling,rf|perm,50,19,0.0537305510145204,0.02900136222175829,0.053730551014520636,50.0,5
resampling,rf|shap,50,19,0.057740167323780955,0.031103882961297114,0.057740167323781136,50.0,5
resampling,svm|coef,50,19,0.21411520338494072,0.1218473352083513,0.21411520338494086,50.0,5
resampling,svm|perm,50,19,0.2361680930858735,0.13556208955279084,0.23616809308587366,50.0,5
resampling,svm|shap,50,19,0.17401904029233561,0.09826936149679602,0.1740190402923358,50.0,5
resampling,ttest|ttest,50,19,0.2742594480238483,0.16095672141060546,0.2742594480238484,50.0,5
resampling,xgb|perm,50,19,0.14595172612751217,0.0802250380398555,0.14595172612751228,50.0,5
resampling,xgb|shap,50,19,0.16800461582844495,0.09322016366718104,0.16800461582844503,50.0,5
model,explainer=coef,50,19,0.47474026348687365,0.3222450751862516,0.4747402634868737,50.0,5
model,explainer=perm,50,19,0.10652383241978383,0.06236690930210087,0.10652383241978394,50.0,5
model,explainer=shap,50,19,0.17535557906208915,0.11400881947542181,0.1753555790620893,50.0,5
explainer,model=logreg,50,19,0.40390370868993797,0.26283999697877125,0.40390370868993813,50.0,5
explainer,model=rf,50,19,0.731355707279546,0.5792614309405354,0.731355707279546,50.0,5
explainer,model=svm,50,19,0.4359806391640221,0.29439451554097523,0.43598063916402213,50.0,5
explainer,model=xgb,50,19,0.8195672660832771,0.6966911991152441,0.8195672660832771,50.0,5
combined,all_primary,50,19,0.20226455962645967,0.13453563086761966,0.20226455962645984,50.0,5
baseline,logreg|coef_vs_ttest,50,19,0.021653620540436447,0.01224617307091534,0.02165362054043658,50.0,5
baseline,logreg|shap_vs_ttest,50,19,0.057740167323781,0.03114705080637954,0.057740167323781136,50.0,5
baseline,logreg|perm_vs_ttest,50,19,0.009624771612654936,0.006060606060606061,0.009624771612655063,50.0,5
baseline,svm|coef_vs_ttest,50,19,0.0056151553033944035,0.004081632653061224,0.005615155303394556,50.0,5
baseline,svm|shap_vs_ttest,50,19,0.033682469468217936,0.018389236356835766,0.033682469468218096,50.0,5
baseline,svm|perm_vs_ttest,50,19,0.041701702086738957,0.022813717473046204,0.04170170208673911,50.0,5
baseline,rf|shap_vs_ttest,50,19,0.10585556303490709,0.059018221247457904,0.1058555630349072,50.0,5
baseline,rf|perm_vs_ttest,50,19,0.1218940282719491,0.06844647395206728,0.12189402827194921,50.0,5
baseline,xgb|shap_vs_ttest,50,19,0.10585556303490717,0.057707808132256344,0.1058555630349072,50.0,5
baseline,xgb|perm_vs_ttest,50,19,0.10184594672564665,0.05542000213820464,0.1018459467256467,50.0,5
sensitivity,logreg_coef_across_C,50,19,0.7928364906882072,0.6648305014400991,0.7928364906882072,50.0,5
resampling,logreg_C0.1|coef,10,20,0.26964967847202226,0.16465796845053812,0.26964967847202226,10.0,5
resampling,logreg_C100|coef,10,20,0.13958729244649204,0.08193154454764362,0.13958729244649198,10.0,5
resampling,logreg|coef,10,20,0.31967367309722616,0.19828369944469018,0.31967367309722616,10.0,5
resampling,logreg|perm,10,20,0.19961608599673675,0.12076023391812865,0.19961608599673672,10.0,5
resampling,logreg|shap,10,20,0.20962088492177744,0.1255589955280358,0.2096208849217775,10.0,5
resampling,rf|perm,10,20,0.07955849889624711,0.04444444444444444,0.07955849889624725,10.0,5
resampling,rf|shap,10,20,0.0695536999712063,0.03859649122807017,0.06955369997120645,10.0,5
resampling,svm|coef,10,20,0.23963528169689985,0.1455280357757138,0.2396352816968999,10.0,5
resampling,svm|perm,10,20,0.11957769459641032,0.07134502923976607,0.11957769459641039,10.0,5
resampling,svm|shap,10,20,0.17960648814665503,0.10962700869821614,0.17960648814665514,10.0,5
resampling,ttest|ttest,10,20,0.23963528169689985,0.1386308909528724,0.23963528169689985,10.0,5
resampling,xgb|perm,10,20,0.18961128707169594,0.10663914688682492,0.18961128707169592,10.0,5
resampling,xgb|shap,10,20,0.14959209137153273,0.08314413484692122,0.14959209137153276,10.0,5
model,explainer=coef,10,20,0.059548901046165725,0.0327485380116959,0.059548901046165656,10.0,5
model,explainer=perm,10,20,0.10957289567136959,0.0683780529755762,0.1095728956713696,10.0,5
model,explainer=shap,10,20,0.12958249352145115,0.07942609792454994,0.12958249352145118,10.0,5
explainer,model=logreg,10,20,0.3330134049972805,0.21955315639526166,0.3330134049972806,10.0,5
explainer,model=rf,10,20,0.7798944236491026,0.6456876456876457,0.7798944236491026,10.0,5
explainer,model=svm,10,20,0.2196256838468182,0.13075581109636839,0.2196256838468183,10.0,5
explainer,model=xgb,10,20,0.8199136193492658,0.7016317016317016,0.8199136193492658,10.0,5
combined,all_primary,10,20,0.14003195017649364,0.09495526718436934,0.14003195017649384,10.0,5
baseline,logreg|coef_vs_ttest,10,20,-0.00047989250407898254,0.0,-0.0004798925040790863,10.0,5
baseline,logreg|shap_vs_ttest,10,20,0.01952970534600258,0.010526315789473684,0.0195297053460025,10.0,5
baseline,logreg|perm_vs_ttest,10,20,0.03953930319608414,0.021052631578947368,0.03953930319608408,10.0,5
baseline,svm|coef_vs_ttest,10,20,-0.00047989250407898254,0.0,-0.0004798925040790863,10.0,5
baseline,svm|shap_vs_ttest,10,20,-0.00047989250407898254,0.0,-0.0004798925040790863,10.0,5
baseline,svm|perm_vs_ttest,10,20,-0.00047989250407898254,0.0,-0.0004798925040790863,10.0,5
baseline,rf|shap_vs_ttest,10,20,0.07955849889624726,0.042105263157894736,0.07955849889624725,10.0,5
baseline,rf|perm_vs_ttest,10,20,0.07955849889624726,0.042105263157894736,0.07955849889624725,10.0,5
baseline,xgb|shap_vs_ttest,10,20,0.09956809674632887,0.05497076023391813,0.09956809674632881,10.0,5
baseline,xgb|perm_vs_ttest,10,20,0.09956809674632887,0.05497076023391813,0.09956809674632881,10.0,5
sensitivity,logreg_coef_across_C,10,20,0.4997600537479604,0.3875695626469621,0.4997600537479604,10.0,5
resampling,logreg_C0.1|coef,25,20,0.351222014119003,0.22050755661787994,0.35122201411900306,25.0,5
resampling,logreg_C100|coef,25,20,0.17901551169380003,0.10224861606683992,0.17901551169380014,25.0,5
resampling,logreg|coef,25,20,0.3552268165009844,0.22392200918822708,0.35522681650098453,25.0,5
resampling,logreg|perm,25,20,0.21505873313163315,0.12795588825131884,0.21505873313163332,25.0,5
resampling,logreg|shap,25,20,0.26311636171541075,0.1567208301614678,0.26311636171541086,25.0,5
resampling,rf|perm,25,20,0.046857033088411715,0.025277284826974267,0.04685703308841186,25.0,5
resampling,rf|shap,25,20,0.054866637852374556,0.02917209436966276,0.05486663785237478,25.0,5
resampling,svm|coef,25,20,0.29515478077126234,0.18070238748023326,0.29515478077126256,25.0,5
resampling,svm|perm,25,20,0.21105393074965184,0.12212249142954992,0.2110539307496518,25.0,5
resampling,svm|shap,25,20,0.19503472122172583,0.11235403884194842,0.195034721221726,25.0,5
resampling,ttest|ttest,25,20,0.3392076069730585,0.20840790049648467,0.3392076069730587,25.0,5
resampling,xgb|perm,25,20,0.16299630216587413,0.089886492118222,0.1629963021658743,25.0,5
resampling,xgb|shap,25,20,0.18702511645776287,0.10439968603705882,0.18702511645776304,25.0,5
model,explainer=coef,25,20,0.1509818950199298,0.08293503957241236,0.1509818950199299,25.0,5
model,explainer=perm,25,20,0.09758452992684367,0.05810615575520127,0.09758452992684372,25.0,5
model,explainer=shap,25,20,0.14030242200131257,0.08146352014519959,0.14030242200131265,25.0,5
explainer,model=logreg,25,20,0.4206385887400148,0.2767205974309416,0.4206385887400151,25.0,5
explainer,model=rf,25,20,0.7276734380252605,0.5758881922675025,0.7276734380252605,25.0,5
explainer,model=svm,25,20,0.25777662520610206,0.15326671270510955,0.25777662520610223,25.0,5
explainer,model=xgb,25,20,0.8798559285405562,0.788556271314892,0.8798559285405562,25.0,5
combined,all_primary,25,20,0.16041542951970827,0.10601075861981032,0.16041542951970844,25.0,5
baseline,logreg|coef_vs_ttest,25,20,0.006809009268597133,0.004081632653061224,0.006809009268597226,25.0,5
baseline,logreg|shap_vs_ttest,25,20,0.0308378235604859,0.01649659863945578,0.030837823560485998,25.0,5
baseline,logreg|perm_vs_ttest,25,20,0.02282821879652295,0.012244897959183673,0.022828218796523074,25.0,5
baseline,svm|coef_vs_ttest,25,20,-0.001200595495365775,0.0,-0.0012005954953657014,25.0,5
baseline,svm|shap_vs_ttest,25,20,0.014818614032560084,0.008333333333333333,0.014818614032560148,25.0,5
baseline,svm|perm_vs_ttest,25,20,-0.001200595495365775,0.0,-0.0012005954953657014,25.0,5
baseline,rf|shap_vs_ttest,25,20,0.07088584738030057,0.03741496598639456,0.07088584738030061,25.0,5
baseline,rf|perm_vs_ttest,25,20,0.05486663785237467,0.028911564625850338,0.05486663785237478,25.0,5
baseline,xgb|shap_vs_ttest,25,20,0.07889545214426344,0.0420285135330728,0.07889545214426355,25.0,5
baseline,xgb|perm_vs_ttest,25,20,0.07889545214426344,0.0420285135330728,0.07889545214426355,25.0,5
sensitivity,logreg_coef_across_C,25,20,0.5407826601994588,0.42848899079290614,0.540782660199459,25.0,5
resampling,logreg_C0.1|coef,50,20,0.3524469660544284,0.22028592514123396,0.3524469660544283,50.0,5
resampling,logreg_C100|coef,50,20,0.2522065583229155,0.14812487920595344,0.25220655832291566,50.0,5
resampling,logreg|coef,50,20,0.3704902394461005,0.2342020808019368,0.3704902394461006,50.0,5
resampling,logreg|perm,50,20,0.20008154630252906,0.11542708768724044,0.2000815463025291,50.0,5
resampling,logreg|shap,50,20,0.2682450235599576,0.15913681668925844,0.2682450235599577,50.0,5
resampling,rf|perm,50,20,0.06174978363304151,0.03350436024748431,0.061749783633041656,50.0,5
resampling,rf|shap,50,20,0.05974497547841118,0.03252974525065836,0.059744975478411386,50.0,5
resampling,svm|coef,50,20,0.2762642561784786,0.1663860896598968,0.27626425617847866,50.0,5
resampling,svm|perm,50,20,0.2582209827868063,0.1511062738848172,0.25822098278680644,50.0,5
resampling,svm|shap,50,20,0.1960719299932685,0.11258740533874563,0.19607192999326856,50.0,5
resampling,ttest|ttest,50,20,0.3704902394461005,0.22891670328825559,0.3704902394461006,50.0,5
resampling,xgb|perm,50,20,0.14394691797288195,0.07889950036519347,0.143946917972882,50.0,5
resampling,xgb|shap,50,20,0.14595172612751217,0.08011882553784741,0.14595172612751225,50.0,5
model,explainer=coef,50,20,0.22213443600346175,0.12643295401916094,0.22213443600346183,50.0,5
model,explainer=perm,50,20,0.11454306503830484,0.06950038432982425,0.11454306503830498,50.0,5
model,explainer=shap,50,20,0.1466199955123889,0.08595263060679402,0.14661999551238902,50.0,5
explainer,model=logreg,50,20,0.476076802256627,0.32903568955564627,0.4760768022566273,50.0,5
explainer,model=rf,50,20,0.7794711029906721,0.6400499256848243,0.7794711029906721,50.0,5
explainer,model=svm,50,20,0.3303940763534953,0.20591219670928523,0.3303940763534955,50.0,5
explainer,model=xgb,50,20,0.8556538128666217,0.7496225154565923,0.8556538128666217,50.0,5
combined,all_primary,50,20,0.1831966065113097,0.12181440466226705,0.18319660651130984,50.0,5
baseline,logreg|coef_vs_ttest,50,20,0.005615155303394426,0.00404040404040404,0.005615155303394558,50.0,5
baseline,logreg|shap_vs_ttest,50,20,0.033682469468217936,0.018472968693881802,0.0336824694682181,50.0,5
baseline,logreg|perm_vs_ttest,50,20,0.017644004231175937,0.010142238713667285,0.017644004231176076,50.0,5
baseline,svm|coef_vs_ttest,50,20,-0.002404077315126596,0.0,-0.0024040773151264546,50.0,5
baseline,svm|shap_vs_ttest,50,20,0.025663236849696937,0.014307603703774544,0.025663236849697086,50.0,5
baseline,svm|perm_vs_ttest,50,20,-0.002404077315126596,0.0,-0.0024040773151264546,50.0,5
baseline,rf|shap_vs_ttest,50,20,0.057740167323780955,0.030927835051546393,0.057740167323781136,50.0,5
baseline,rf|perm_vs_ttest,50,20,0.06174978363304147,0.033164649473462746,0.06174978363304164,50.0,5
baseline,xgb|shap_vs_ttest,50,20,0.06174978363304151,0.03311943334034644,0.06174978363304164,50.0,5
baseline,xgb|perm_vs_ttest,50,20,0.06174978363304151,0.03311943334034644,0.06174978363304164,50.0,5
sensitivity,logreg_coef_across_C,50,20,0.6110672180017309,0.4882562225613968,0.6110672180017309,50.0,5
resampling,logreg_C0.1|coef,10,21,0.4897552548229196,0.3469546793076205,0.48975525482291965,10.0,5
resampling,logreg_C100|coef,10,21,0.32967847202226697,0.20016339869281047,0.329678472022267,10.0,5
resampling,logreg|coef,10,21,0.3897072655725117,0.2733375671456167,0.38970726557251173,10.0,5
resampling,logreg|perm,10,21,0.4097168634225933,0.27635954516759464,0.4097168634225933,10.0,5
resampling,logreg|shap,10,21,0.20962088492177744,0.12180082559339526,0.2096208849217775,10.0,5
resampling,rf|perm,10,21,0.04954410212112492,0.026900584795321637,0.04954410212112487,10.0,5
resampling,rf|shap,10,21,0.029534504271043205,0.015789473684210527,0.029534504271043288,10.0,5
resampling,svm|coef,10,21,0.27965447739706306,0.1658496732026144,0.279654477397063,10.0,5
resampling,svm|perm,10,21,0.28965927632210375,0.17336601307189542,0.2896592763221038,10.0,5
resampling,svm|shap,10,21,0.10957289567136952,0.0627794977640179,0.10957289567136959,10.0,5
resampling,ttest|ttest,10,21,0.23963528169689985,0.13725490196078433,0.23963528169689985,10.0,5
resampling,xgb|perm,10,21,0.08956329782128802,0.04912280701754386,0.08956329782128804,10.0,5
resampling,xgb|shap,10,21,0.08956329782128802,0.04853801169590643,0.08956329782128804,10.0,5
model,explainer=coef,10,21,0.379702466647471,0.24084967320261436,0.379702466647471,10.0,5
model,explainer=perm,10,21,0.09956809674632876,0.05933502055793077,0.09956809674632881,10.0,5
model,explainer=shap,10,21,0.17627155517164156,0.11072779989188657,0.17627155517164156,10.0,5
explainer,model=logreg,10,21,0.39304219854752526,0.26903123822628466,0.3930421985475253,10.0,5
explainer,model=rf,10,21,0.6998560322487762,0.5504495504495505,0.6998560322487762,10.0,5
explainer,model=svm,10,21,0.3130038071471989,0.1985794677745142,0.313003807147199,10.0,5
explainer,model=xgb,10,21,0.8999520107495922,0.841025641025641,0.8999520107495922,10.0,5
combined,all_primary,10,21,0.18094046133666053,0.12143027442305047,0.1809404613366606,10.0,5
baseline,logreg|coef_vs_ttest,10,21,-0.00047989250407898254,0.0,-0.0004798925040790863,10.0,5
baseline,logreg|shap_vs_ttest,10,21,-0.00047989250407898254,0.0,-0.0004798925040790863,10.0,5
baseline,logreg|perm_vs_ttest,10,21,-0.00047989250407898254,0.0,-0.0004798925040790863,10.0,5
baseline,svm|coef_vs_ttest,10,21,-0.00047989250407898254,0.0,-0.0004798925040790863,10.0,5
baseline,svm|shap_vs_ttest,10,21,-0.00047989250407898254,0.0,-0.0004798925040790863,10.0,5
baseline,svm|perm_vs_ttest,10,21,-0.00047989250407898254,0.0,-0.0004798925040790863,10.0,5
baseline,rf|shap_vs_ttest,10,21,0.059548901046165705,0.031578947368421054,0.059548901046165656,10.0,5
baseline,rf|perm_vs_ttest,10,21,0.03953930319608414,0.021052631578947368,0.03953930319608408,10.0,5
baseline,xgb|shap_vs_ttest,10,21,-0.00047989250407898254,0.0,-0.0004798925040790863,10.0,5
baseline,xgb|perm_vs_ttest,10,21,-0.00047989250407898254,0.0,-0.0004798925040790863,10.0,5
sensitivity,logreg_coef_across_C,10,21,0.7131957641488307,0.578110778110778,0.7131957641488306,10.0,5
resampling,logreg_C0.1|coef,25,21,0.4193036546126879,0.2712539665811601,0.4193036546126879,25.0,5
resampling,logreg_C100|coef,25,21,0.28314037362531796,0.16657601867471408,0.2831403736253182,25.0,5
resampling,logreg|coef,25,21,0.41129404984872486,0.26583513267395403,0.411294049848725,25.0,5
resampling,logreg|perm,25,21,0.3672412236469288,0.2338196955599181,0.3672412236469289,25.0,5
resampling,logreg|shap,25,21,0.21505873313163315,0.12303579110641541,0.2150587331316333,25.0,5
resampling,rf|perm,25,21,0.0909098592902079,0.048955206504433406,0.09090985929020794,25.0,5
resampling,rf|shap,25,21,0.07889545214426352,0.042113547546678246,0.07889545214426355,25.0,5
resampling,svm|coef,25,21,0.2551067569514478,0.14826994628592696,0.2551067569514479,25.0,5
resampling,svm|perm,25,21,0.3031643855352254,0.18196809228517452,0.3031643855352255,25.0,5
resampling,svm|shap,25,21,0.1910299188397444,0.10691150636802811,0.19102991883974452,25.0,5
resampling,ttest|ttest,25,21,0.22707314027757752,0.1298157026111332,0.22707314027757772,25.0,5
resampling,xgb|perm,25,21,0.18302031407578134,0.10188910163094274,0.18302031407578162,25.0,5
resampling,xgb|shap,25,21,0.17901551169380003,0.1000979477236926,0.17901551169380012,25.0,5
model,explainer=coef,25,21,0.43131806175863224,0.27834541858932105,0.43131806175863235,25.0,5
model,explainer=perm,25,21,0.13896748787398538,0.08432034022650137,0.13896748787398547,25.0,5
model,explainer=shap,25,21,0.1977045894763802,0.11859419135274411,0.19770458947638028,25.0,5
explainer,model=logreg,25,21,0.4366577982679408,0.299628942649229,0.43665779826794093,25.0,5
explainer,model=rf,25,21,0.7436926475531863,0.5951929158760277,0.7436926475531863,25.0,5
explainer,model=svm,25,21,0.36724122364692874,0.24625531447924973,0.3672412236469289,25.0,5
explainer,model=xgb,25,21,0.9118943475964076,0.8396418396418396,0.9118943475964076,25.0,5
combined,all_primary,25,21,0.21167690000907102,0.1415343255239792,0.2116769000090712,25.0,5
baseline,logreg|coef_vs_ttest,25,21,-0.001200595495365775,0.0,-0.0012005954953657014,25.0,5
baseline,logreg|shap_vs_ttest,25,21,0.01481861403256004,0.008163265306122448,0.014818614032560152,25.0,5
baseline,logreg|perm_vs_ttest,25,21,-0.001200595495365775,0.0,-0.0012005954953657014,25.0,5
baseline,svm|coef_vs_ttest,25,21,-0.001200595495365775,0.0,-0.0012005954953657014,25.0,5
baseline,svm|shap_vs_ttest,25,21,0.01481861403256004,0.008163265306122448,0.014818614032560152,25.0,5
baseline,svm|perm_vs_ttest,25,21,0.006809009268597133,0.004081632653061224,0.006809009268597226,25.0,5
baseline,rf|shap_vs_ttest,25,21,0.030837823560485856,0.016326530612244896,0.030837823560486005,25.0,5
baseline,rf|perm_vs_ttest,25,21,0.030837823560485856,0.016326530612244896,0.030837823560486005,25.0,5
baseline,xgb|shap_vs_ttest,25,21,0.02282821879652295,0.012244897959183673,0.022828218796523077,25.0,5
baseline,xgb|perm_vs_ttest,25,21,0.0308378235604859,0.01649659863945578,0.030837823560485998,25.0,5
sensitivity,logreg_coef_across_C,25,21,0.749032384062495,0.6253279763083684,0.7490323840624951,25.0,5
resampling,logreg_C0.1|coef,50,21,0.37449985575536104,0.2331162152569734,0.3744998557553611,50.0,5
resampling,logreg_C100|coef,50,21,0.3163604192710836,0.18976412254305491,0.3163604192710837,50.0,5
resampling,logreg|coef,50,21,0.37650466390999116,0.23430170856654714,0.3765046639099913,50.0,5
resampling,logreg|perm,50,21,0.3344036926627558,0.20714421570637861,0.33440369266275605,50.0,5
resampling,logreg|shap,50,21,0.2682450235599576,0.1596041765015636,0.2682450235599577,50.0,5
resampling,rf|perm,50,21,0.08179786517934395,0.043995326972524854,0.08179786517934415,50.0,5
resampling,rf|shap,50,21,0.08580748148860451,0.046191197148174726,0.08580748148860466,50.0,5
resampling,svm|coef,50,21,0.31235080296182305,0.18664491017490922,0.31235080296182327,50.0,5
resampling,svm|perm,50,21,0.28829310510626016,0.17069801779274993,0.2882931051062602,50.0,5
resampling,svm|shap,50,21,0.20609597076641972,0.1171268628384157,0.20609597076641983,50.0,5
resampling,ttest|ttest,50,21,0.27024983171458783,0.1579459153233964,0.27024983171458794,50.0,5
resampling,xgb|perm,50,21,0.16599980767381473,0.09207357430898987,0.1659998076738148,50.0,5
resampling,xgb|shap,50,21,0.19807673814789872,0.11163467677544821,0.19807673814789886,50.0,5
model,explainer=coef,50,21,0.5268652755072603,0.3609451804461806,0.5268652755072604,50.0,5
model,explainer=perm,50,21,0.1359276853543609,0.07989426056723796,0.135927685354361,50.0,5
model,explainer=shap,50,21,0.2047594319966662,0.12386096068510351,0.20475943199666635,50.0,5
explainer,model=logreg,50,21,0.44934602686155706,0.30306630578570903,0.4493460268615571,50.0,5
explainer,model=rf,50,21,0.7233364746610251,0.5685517806419446,0.7233364746610251,50.0,5
explainer,model=svm,50,21,0.4279614065455011,0.29366957790472575,0.4279614065455012,50.0,5
explainer,model=xgb,50,21,0.8636730454851428,0.7626449572679846,0.8636730454851428,50.0,5
combined,all_primary,50,21,0.2292626427754804,0.15190505196842566,0.22926264277548053,50.0,5
baseline,logreg|coef_vs_ttest,50,21,0.0016055389941339148,0.00202020202020202,0.0016055389941340517,50.0,5
baseline,logreg|shap_vs_ttest,50,21,0.017644004231175913,0.010183467326324469,0.017644004231176076,50.0,5
baseline,logreg|perm_vs_ttest,50,21,0.0016055389941339148,0.00202020202020202,0.0016055389941340517,50.0,5
baseline,svm|coef_vs_ttest,50,21,0.0016055389941339148,0.00202020202020202,0.0016055389941340517,50.0,5
baseline,svm|shap_vs_ttest,50,21,0.021653620540436423,0.01220366934652649,0.02165362054043658,50.0,5
baseline,svm|perm_vs_ttest,50,21,0.005615155303394426,0.00404040404040404,0.005615155303394558,50.0,5
baseline,rf|shap_vs_ttest,50,21,0.025663236849696937,0.014223871366728508,0.025663236849697086,50.0,5
baseline,rf|perm_vs_ttest,50,21,0.029672853158957447,0.016327805723976564,0.02967285315895759,50.0,5
baseline,xgb|shap_vs_ttest,50,21,0.017644004231175937,0.010142238713667286,0.017644004231176076,50.0,5
baseline,xgb|perm_vs_ttest,50,21,0.017644004231175937,0.010142238713667286,0.017644004231176076,50.0,5
sensitivity,logreg_coef_across_C,50,21,0.7420480174375742,0.6130354086437696,0.7420480174375741,50.0,5
resampling,logreg_C0.1|coef,10,22,0.25964487954698134,0.1566391468868249,0.25964487954698146,10.0,5
resampling,logreg_C100|coef,10,22,0.11957769459641032,0.0649122807017544,0.1195776945964104,10.0,5
resampling,logreg|coef,10,22,0.23963528169689985,0.14124527003783968,0.2396352816968999,10.0,5
resampling,logreg|perm,10,22,0.21962568384681824,0.13320433436532508,0.21962568384681833,10.0,5
resampling,logreg|shap,10,22,0.32967847202226697,0.2066170327780235,0.32967847202226697,10.0,5
resampling,rf|perm,10,22,0.03953930319608401,0.021637426900584796,0.03953930319608408,10.0,5
resampling,rf|shap,10,22,0.0195297053460024,0.010526315789473684,0.0195297053460025,10.0,5
resampling,svm|coef,10,22,0.10957289567136952,0.06209150326797386,0.1095728956713696,10.0,5
resampling,svm|perm,10,22,0.13958729244649204,0.07846577227382182,0.13958729244649198,10.0,5
resampling,svm|shap,10,22,0.13958729244649204,0.07856897144822841,0.13958729244649198,10.0,5
resampling,ttest|ttest,10,22,0.04954410212112492,0.02631578947368421,0.04954410212112487,10.0,5
resampling,xgb|perm,10,22,0.08956329782128802,0.04922600619195046,0.08956329782128804,10.0,5
resampling,xgb|shap,10,22,0.08956329782128802,0.04922600619195046,0.08956329782128804,10.0,5
model,explainer=coef,10,22,0.29966407524714467,0.1781045751633987,0.2996640752471446,10.0,5
model,explainer=perm,10,22,0.12291262757142396,0.07837019648165158,0.12291262757142399,10.0,5
model,explainer=shap,10,22,0.13958729244649193,0.08096548560944847,0.13958729244649198,10.0,5
explainer,model=logreg,10,22,0.43973126019771563,0.29107591754650575,0.43973126019771575,10.0,5
explainer,model=rf,10,22,0.7198656300988578,0.5873459873459874,0.7198656300988578,10.0,5
explainer,model=svm,10,22,0.3596928687973893,0.2307145440272375,0.3596928687973893,10.0,5
explainer,model=xgb,10,22,0.9399712064497553,0.890909090909091,0.9399712064497553,10.0,5
combined,all_primary,10,22,0.18494238090667683,0.1251478758599502,0.18494238090667692,10.0,5
baseline,logreg|coef_vs_ttest,10,22,-0.00047989250407898254,0.0,-0.0004798925040790863,10.0,5
baseline,logreg|shap_vs_ttest,10,22,0.01952970534600258,0.010526315789473684,0.019529705346002502,10.0,5
baseline,logreg|perm_vs_ttest,10,22,-0.00047989250407898254,0.0,-0.0004798925040790863,10.0,5
baseline,svm|coef_vs_ttest,10,22,-0.00047989250407898254,0.0,-0.0004798925040790863,10.0,5
baseline,svm|shap_vs_ttest,10,22,0.01952970534600258,0.010526315789473684,0.019529705346002502,10.0,5
baseline,svm|perm_vs_ttest,10,22,-0.00047989250407898254,0.0,-0.0004798925040790863,10.0,5
baseline,rf|shap_vs_ttest,10,22,0.03953930319608414,0.021052631578947368,0.03953930319608408,10.0,5
baseline,rf|perm_vs_ttest,10,22,0.03953930319608414,0.021052631578947368,0.03953930319608408,10.0,5
baseline,xgb|shap_vs_ttest,10,22,0.059548901046165725,0.0327485380116959,0.059548901046165656,10.0,5
baseline,xgb|perm_vs_ttest,10,22,0.07955849889624729,0.04327485380116959,0.07955849889624725,10.0,5
sensitivity,logreg_coef_across_C,10,22,0.6865163003487219,0.5658064158064158,0.6865163003487218,10.0,5
resampling,logreg_C0.1|coef,25,22,0.30716918791720693,0.1866499251992729,0.30716918791720693,25.0,5
resampling,logreg_C100|coef,25,22,0.1910299188397444,0.1078283006783749,0.1910299188397445,25.0,5
resampling,logreg|coef,25,22,0.30716918791720693,0.1889818569208904,0.30716918791720693,25.0,5
resampling,logreg|perm,25,22,0.239087547423522,0.14125817926404868,0.23908754742352206,25.0,5
resampling,logreg|shap,25,22,0.2671211640973923,0.15876069013498859,0.26712116409739234,25.0,5
resampling,rf|perm,25,22,0.03884742832444876,0.020753727022723982,0.03884742832444892,25.0,5
resampling,rf|shap,25,22,0.03884742832444876,0.021400226757369613,0.03884742832444893,25.0,5
resampling,svm|coef,25,22,0.18702511645776287,0.10604539079734313,0.18702511645776304,25.0,5
resampling,svm|perm,25,22,0.24309234980550332,0.14384160734589252,0.24309234980550354,25.0,5
resampling,svm|shap,25,22,0.2070491283676703,0.11706432636127362,0.2070491283676704,25.0,5
resampling,ttest|ttest,25,22,0.13496268549200396,0.07535257185878302,0.13496268549200402,25.0,5
resampling,xgb|perm,25,22,0.09491466167218932,0.05156981232209196,0.0949146616721894,25.0,5
resampling,xgb|shap,25,22,0.09491466167218932,0.0511951697114245,0.0949146616721894,25.0,5
model,explainer=coef,25,22,0.35122201411900306,0.21426545660805446,0.35122201411900306,25.0,5
model,explainer=perm,25,22,0.11760854183675098,0.07162136045277431,0.117608541836751,25.0,5
model,explainer=shap,25,22,0.16299630216587419,0.0967258040433026,0.16299630216587427,25.0,5
explainer,model=logreg,25,22,0.4393276665225951,0.2879201530147445,0.43932766652259525,25.0,5
explainer,model=rf,25,22,0.8157790904288525,0.6964285714285714,0.8157790904288527,25.0,5
explainer,model=svm,25,22,0.42330845699466924,0.2741061308716183,0.4233084569946694,25.0,5
explainer,model=xgb,25,22,0.887865533304519,0.8026048026048025,0.8878655333045191,25.0,5
combined,all_primary,25,22,0.20313332159417724,0.13529594563436964,0.20313332159417744,25.0,5
baseline,logreg|coef_vs_ttest,25,22,0.006809009268597133,0.004081632653061224,0.006809009268597227,25.0,5
baseline,logreg|shap_vs_ttest,25,22,0.006809009268597133,0.004081632653061224,0.006809009268597227,25.0,5
baseline,logreg|perm_vs_ttest,25,22,0.006809009268597133,0.004081632653061224,0.006809009268597227,25.0,5
baseline,svm|coef_vs_ttest,25,22,0.006809009268597133,0.004081632653061224,0.006809009268597227,25.0,5
baseline,svm|shap_vs_ttest,25,22,0.02282821879652299,0.012414965986394558,0.022828218796523074,25.0,5
baseline,svm|perm_vs_ttest,25,22,0.006809009268597133,0.004081632653061224,0.006809009268597227,25.0,5
baseline,rf|shap_vs_ttest,25,22,0.046857033088411805,0.025,0.04685703308841185,25.0,5
baseline,rf|perm_vs_ttest,25,22,0.05486663785237471,0.029432624113475175,0.05486663785237478,25.0,5
baseline,xgb|shap_vs_ttest,25,22,0.07088584738030053,0.03759588941959763,0.07088584738030063,25.0,5
baseline,xgb|perm_vs_ttest,25,22,0.07889545214426348,0.041847590099869734,0.07889545214426355,25.0,5
sensitivity,logreg_coef_across_C,25,22,0.6983048872240631,0.5691255607922275,0.6983048872240631,25.0,5
resampling,logreg_C0.1|coef,50,22,0.3323988845081256,0.20327051369985788,0.33239888450812577,50.0,5
resampling,logreg_C100|coef,50,22,0.2662402154053274,0.15570333522574914,0.26624021540532744,50.0,5
resampling,logreg|coef,50,22,0.32838926819886516,0.1997942702484536,0.32838926819886527,50.0,5
resampling,logreg|perm,50,22,0.24819694201365505,0.14661652567717917,0.24819694201365516,50.0,5
resampling,logreg|shap,50,22,0.28027387248773916,0.16678646832844732,0.2802738724877392,50.0,5
resampling,rf|perm,50,22,0.0537305510145204,0.029042452328437912,0.05373055101452062,50.0,5
resampling,rf|shap,50,22,0.05573535916915062,0.030073167644867515,0.05573535916915088,50.0,5
resampling,svm|coef,50,22,0.27826906433310883,0.16569051769768584,0.27826906433310894,50.0,5
resampling,svm|perm,50,22,0.2602257909414366,0.15309799130221088,0.26022579094143666,50.0,5
resampling,svm|shap,50,22,0.25621617463217605,0.1492983296672515,0.2562161746321762,50.0,5
resampling,ttest|ttest,50,22,0.19005750552937772,0.10869140228943637,0.1900575055293778,50.0,5
resampling,xgb|perm,50,22,0.10986517934416762,0.05968398791198204,0.1098651793441677,50.0,5
resampling,xgb|shap,50,22,0.11988922011731884,0.06567030475103666,0.11988922011731898,50.0,5
model,explainer=coef,50,22,0.3624710068275795,0.2238179345921471,0.3624710068275796,50.0,5
model,explainer=perm,50,22,0.12122575888707236,0.07221668723400179,0.12122575888707247,50.0,5
model,explainer=shap,50,22,0.17000942398307523,0.10379311260410824,0.17000942398307528,50.0,5
explainer,model=logreg,50,22,0.46137487578933867,0.30606580933425176,0.4613748757893387,50.0,5
explainer,model=rf,50,22,0.7754614866814116,0.6358222098628106,0.7754614866814118,50.0,5
explainer,model=svm,50,22,0.4319710228547615,0.27994747392364355,0.4319710228547617,50.0,5
explainer,model=xgb,50,22,0.8676826617944033,0.7680101640850973,0.8676826617944033,50.0,5
combined,all_primary,50,22,0.21081840775288202,0.1395044770375788,0.21081840775288224,50.0,5
baseline,logreg|coef_vs_ttest,50,22,0.0016055389941339148,0.00202020202020202,0.0016055389941340523,50.0,5
baseline,logreg|shap_vs_ttest,50,22,0.013634387921915425,0.008122036693465265,0.01363438792191557,50.0,5
baseline,logreg|perm_vs_ttest,50,22,0.0016055389941339148,0.00202020202020202,0.0016055389941340523,50.0,5
baseline,svm|coef_vs_ttest,50,22,0.0016055389941339148,0.00202020202020202,0.0016055389941340523,50.0,5
baseline,svm|shap_vs_ttest,50,22,0.029672853158957423,0.016369034336633746,0.02967285315895759,50.0,5
baseline,svm|perm_vs_ttest,50,22,0.021653620540436423,0.012203669346526488,0.02165362054043658,50.0,5
baseline,rf|shap_vs_ttest,50,22,0.07778824887008351,0.04184897426721003,0.07778824887008365,50.0,5
baseline,rf|perm_vs_ttest,50,22,0.07778824887008355,0.04194379780512138,0.07778824887008366,50.0,5
baseline,xgb|shap_vs_ttest,50,22,0.06976901625156254,0.03786748091390642,0.06976901625156265,50.0,5
baseline,xgb|perm_vs_ttest,50,22,0.07778824887008354,0.04203284590401368,0.07778824887008366,50.0,5
sensitivity,logreg_coef_across_C,50,22,0.7326922460492995,0.6039601974044345,0.7326922460492996,50.0,5
resampling,logreg_C0.1|coef,10,23,0.21962568384681824,0.1324561403508772,0.2196256838468183,10.0,5
resampling,logreg_C100|coef,10,23,0.059548901046165614,0.03343653250773994,0.059548901046165656,10.0,5
resampling,logreg|coef,10,23,0.24964008062194065,0.15190058479532162,0.24964008062194068,10.0,5
resampling,logreg|perm,10,23,0.14959209137153273,0.08801169590643274,0.1495920913715328,10.0,5
resampling,logreg|shap,10,23,0.21962568384681824,0.12833677330581356,0.2196256838468183,10.0,5
resampling,rf|perm,10,23,0.03953930319608401,0.021052631578947368,0.03953930319608408,10.0,5
resampling,rf|shap,10,23,0.0195297053460024,0.010526315789473684,0.019529705346002492,10.0,5
resampling,svm|coef,10,23,0.18961128707169594,0.11092191262469901,0.18961128707169594,10.0,5
resampling,svm|perm,10,23,0.18961128707169594,0.11000171998624013,0.18961128707169592,10.0,5
resampling,svm|shap,10,23,0.12958249352145113,0.07076023391812865,0.12958249352145118,10.0,5
resampling,ttest|ttest,10,23,0.14959209137153273,0.08627450980392157,0.14959209137153276,10.0,5
resampling,xgb|perm,10,23,0.10957289567136952,0.05964912280701753,0.1095728956713696,10.0,5
resampling,xgb|shap,10,23,0.07955849889624711,0.04269005847953216,0.07955849889624725,10.0,5
model,explainer=coef,10,23,0.139587292446492,0.07856897144822841,0.13958729244649198,10.0,5
model,explainer=perm,10,23,0.0995680967463288,0.06400708281513236,0.09956809674632881,10.0,5
model,explainer=shap,10,23,0.09623316377131523,0.055736154110767114,0.09623316377131523,10.0,5
explainer,model=logreg,10,23,0.3997120644975524,0.2707093273656741,0.3997120644975526,10.0,5
explainer,model=rf,10,23,0.759884825799021,0.634965034965035,0.759884825799021,10.0,5
explainer,model=svm,10,23,0.15959689029657345,0.0925753927301915,0.15959689029657356,10.0,5
explainer,model=xgb,10,23,0.899952010749592,0.8181818181818181,0.899952010749592,10.0,5
combined,all_primary,10,23,0.14181058109650096,0.09856401176318616,0.14181058109650108,10.0,5
baseline,logreg|coef_vs_ttest,10,23,-0.00047989250407898254,0.0,-0.0004798925040790863,10.0,5
baseline,logreg|shap_vs_ttest,10,23,0.01952970534600258,0.010526315789473684,0.019529705346002495,10.0,5
baseline,logreg|perm_vs_ttest,10,23,-0.00047989250407898254,0.0,-0.0004798925040790863,10.0,5
baseline,svm|coef_vs_ttest,10,23,-0.00047989250407898254,0.0,-0.0004798925040790863,10.0,5
baseline,svm|shap_vs_ttest,10,23,-0.00047989250407898254,0.0,-0.0004798925040790863,10.0,5
baseline,svm|perm_vs_ttest,10,23,-0.00047989250407898254,0.0,-0.0004798925040790863,10.0,5
baseline,rf|shap_vs_ttest,10,23,0.03953930319608414,0.021052631578947368,0.03953930319608408,10.0,5
baseline,rf|perm_vs_ttest,10,23,0.03953930319608414,0.021052631578947368,0.03953930319608408,10.0,5
baseline,xgb|shap_vs_ttest,10,23,0.03953930319608414,0.021052631578947368,0.03953930319608408,10.0,5
baseline,xgb|perm_vs_ttest,10,23,0.03953930319608414,0.021052631578947368,0.03953930319608408,10.0,5
sensitivity,logreg_coef_across_C,10,23,0.6064779089483955,0.49123577947107355,0.6064779089483955,10.0,5
resampling,logreg_C0.1|coef,25,23,0.2711259664793737,0.16293900480703888,0.2711259664793738,25.0,5
resampling,logreg_C100|coef,25,23,0.1549866974019113,0.08776706587100401,0.15498669740191134,25.0,5
resampling,logreg|coef,25,23,0.24709715218748485,0.14521869094888973,0.24709715218748501,25.0,5
resampling,logreg|perm,25,23,0.16299630216587413,0.09121447604948485,0.16299630216587427,25.0,5
resampling,logreg|shap,25,23,0.22707314027757752,0.13367470624148367,0.2270731402775777,25.0,5
resampling,rf|perm,25,23,0.03884742832444876,0.020753727022723982,0.03884742832444893,25.0,5
resampling,rf|shap,25,23,0.04285223070643018,0.022879577362860035,0.04285223070643039,25.0,5
resampling,svm|coef,25,23,0.21906353551361468,0.12899878537308385,0.21906353551361474,25.0,5
resampling,svm|perm,25,23,0.19503472122172583,0.11410355923131228,0.19503472122172597,25.0,5
resampling,svm|shap,25,23,0.1910299188397444,0.10860136100277655,0.1910299188397445,25.0,5
resampling,ttest|ttest,25,23,0.22707314027757752,0.12993315621695892,0.2270731402775777,25.0,5
resampling,xgb|perm,25,23,0.11493867358209653,0.06190255935861856,0.11493867358209671,25.0,5
resampling,xgb|shap,25,23,0.11493867358209653,0.06228852934945178,0.11493867358209671,25.0,5
model,explainer=coef,25,23,0.2551067569514479,0.15354431710000865,0.2551067569514479,25.0,5
model,explainer=perm,25,23,0.10425920056347933,0.0637722398034418,0.10425920056347948,25.0,5
model,explainer=shap,25,23,0.14163735612863976,0.08258303765487628,0.1416373561286398,25.0,5
explainer,model=logreg,25,23,0.43932766652259503,0.2917981540044271,0.4393276665225952,25.0,5
explainer,model=rf,25,23,0.8077694856648898,0.67890248424175,0.8077694856648898,25.0,5
explainer,model=svm,25,23,0.24976702044213916,0.1481729658979054,0.2497670204421393,25.0,5
explainer,model=xgb,25,23,0.9279135571243338,0.8671143671143671,0.9279135571243338,25.0,5
combined,all_primary,25,23,0.17180686740623338,0.11586780777375813,0.17180686740623347,25.0,5
baseline,logreg|coef_vs_ttest,25,23,-0.001200595495365775,0.0,-0.0012005954953657014,25.0,5
baseline,logreg|shap_vs_ttest,25,23,0.0308378235604859,0.01649659863945578,0.030837823560485998,25.0,5
baseline,logreg|perm_vs_ttest,25,23,0.014818614032560084,0.008333333333333333,0.014818614032560148,25.0,5
baseline,svm|coef_vs_ttest,25,23,-0.001200595495365775,0.0,-0.0012005954953657014,25.0,5
baseline,svm|shap_vs_ttest,25,23,0.0308378235604859,0.01649659863945578,0.030837823560485998,25.0,5
baseline,svm|perm_vs_ttest,25,23,-0.001200595495365775,0.0,-0.0012005954953657014,25.0,5
baseline,rf|shap_vs_ttest,25,23,0.03884742832444885,0.021099290780141843,0.03884742832444893,25.0,5
baseline,rf|perm_vs_ttest,25,23,0.046857033088411756,0.025180923433203068,0.04685703308841185,25.0,5
baseline,xgb|shap_vs_ttest,25,23,0.038847428324448804,0.020578231292517006,0.03884742832444893,25.0,5
baseline,xgb|perm_vs_ttest,25,23,0.038847428324448804,0.020578231292517006,0.03884742832444893,25.0,5
sensitivity,logreg_coef_across_C,25,23,0.6342280491123596,0.5213195600032041,0.6342280491123597,25.0,5
resampling,logreg_C0.1|coef,50,23,0.28628829695162983,0.17073583155100333,0.28628829695163,50.0,5
resampling,logreg_C100|coef,50,23,0.20609597076641972,0.11874331410745338,0.20609597076641983,50.0,5
resampling,logreg|coef,50,23,0.28829310510626016,0.1728086177262192,0.2882931051062602,50.0,5
resampling,logreg|perm,50,23,0.2040911626117894,0.1160199036707863,0.2040911626117896,50.0,5
resampling,logreg|shap,50,23,0.23817290124050383,0.14252332793262684,0.23817290124050391,50.0,5
resampling,rf|perm,50,23,0.05974497547841118,0.032266871635046955,0.059744975478411386,50.0,5
resampling,rf|shap,50,23,0.05573535916915062,0.030075245383270326,0.055735359169150886,50.0,5
resampling,svm|coef,50,23,0.27024983171458783,0.15869350446626057,0.27024983171458794,50.0,5
resampling,svm|perm,50,23,0.22614405231272217,0.1325149518364484,0.22614405231272233,50.0,5
resampling,svm|shap,50,23,0.19005750552937772,0.10729238892187543,0.19005750552937783,50.0,5
resampling,ttest|ttest,50,23,0.23015366862198283,0.13272542095635181,0.2301536686219829,50.0,5
resampling,xgb|perm,50,23,0.10786037118953729,0.05837445625343235,0.10786037118953744,50.0,5
resampling,xgb|shap,50,23,0.11387479565342795,0.06180541267674872,0.11387479565342822,50.0,5
model,explainer=coef,50,23,0.2983171458794114,0.17889227201942576,0.2983171458794115,50.0,5
model,explainer=perm,50,23,0.12323056704170263,0.07459832168554245,0.12323056704170274,50.0,5
model,explainer=shap,50,23,0.14394691797288192,0.08209306894995505,0.143946917972882,50.0,5
explainer,model=logreg,50,23,0.4560287207103245,0.30402917741817953,0.45602872071032474,50.0,5
explainer,model=rf,50,23,0.7393749398980672,0.5887589113395564,0.7393749398980672,50.0,5
explainer,model=svm,50,23,0.30633637849793227,0.18633166758583275,0.30633637849793244,50.0,5
explainer,model=xgb,50,23,0.8757018944129245,0.7816257816257817,0.8757018944129245,50.0,5
combined,all_primary,50,23,0.18604788922011717,0.12166732883084963,0.1860478892201173,50.0,5
baseline,logreg|coef_vs_ttest,50,23,0.009624771612654914,0.006101834673263244,0.009624771612655063,50.0,5
baseline,logreg|shap_vs_ttest,50,23,0.04571131839599947,0.024917651830294263,0.04571131839599961,50.0,5
baseline,logreg|perm_vs_ttest,50,23,0.009624771612654914,0.006101834673263244,0.009624771612655063,50.0,5
baseline,svm|coef_vs_ttest,50,23,-0.002404077315126596,0.0,-0.0024040773151264546,50.0,5
baseline,svm|shap_vs_ttest,50,23,0.04170170208673898,0.02264093703710788,0.04170170208673911,50.0,5
baseline,svm|perm_vs_ttest,50,23,0.005615155303394426,0.00404040404040404,0.005615155303394558,50.0,5
baseline,rf|shap_vs_ttest,50,23,0.04571131839599944,0.024658535704191083,0.04571131839599961,50.0,5
baseline,rf|perm_vs_ttest,50,23,0.05373055101452044,0.028823900694298337,0.05373055101452062,50.0,5
baseline,xgb|shap_vs_ttest,50,23,0.06575939994230204,0.035267199663370496,0.06575939994230215,50.0,5
baseline,xgb|perm_vs_ttest,50,23,0.06174978363304151,0.03311943334034644,0.061749783633041636,50.0,5
sensitivity,logreg_coef_across_C,50,23,0.680567234028913,0.555554970866891,0.6805672340289131,50.0,5
resampling,logreg_C0.1|coef,10,24,0.379702466647471,0.24502801120448175,0.379702466647471,10.0,5
resampling,logreg_C100|coef,10,24,0.15959689029657353,0.08968008255933953,0.1595968902965736,10.0,5
resampling,logreg|coef,10,24,0.4297264612726749,0.2931965093729799,0.42972646127267494,10.0,5
resampling,logreg|perm,10,24,0.24964008062194065,0.14987100103199175,0.24964008062194062,10.0,5
resampling,logreg|shap,10,24,0.19961608599673675,0.11468008255933955,0.1996160859967367,10.0,5
resampling,rf|perm,10,24,0.03953930319608401,0.021052631578947368,0.03953930319608408,10.0,5
resampling,rf|shap,10,24,0.03953930319608401,0.021052631578947368,0.03953930319608408,10.0,5
resampling,svm|coef,10,24,0.20962088492177744,0.11971104231166149,0.2096208849217775,10.0,5
resampling,svm|perm,10,24,0.26964967847202226,0.17343358395989977,0.26964967847202226,10.0,5
resampling,svm|shap,10,24,0.26964967847202226,0.15905572755417957,0.26964967847202226,10.0,5
resampling,ttest|ttest,10,24,0.18961128707169594,0.10791193670450636,0.18961128707169592,10.0,5
resampling,xgb|perm,10,24,0.09956809674632883,0.05565875472996216,0.09956809674632881,10.0,5
resampling,xgb|shap,10,24,0.13958729244649182,0.07880116959064327,0.13958729244649198,10.0,5
model,explainer=coef,10,24,0.19961608599673675,0.11248710010319915,0.19961608599673672,10.0,5
model,explainer=perm,10,24,0.11290782864638316,0.07304397242477738,0.1129078286463832,10.0,5
model,explainer=shap,10,24,0.11624276162139677,0.06812005503955969,0.1162427616213968,10.0,5
explainer,model=logreg,10,24,0.346353136897335,0.23785740117009463,0.346353136897335,10.0,5
explainer,model=rf,10,24,0.8399232171993474,0.7319347319347319,0.8399232171993474,10.0,5
explainer,model=svm,10,24,0.3196736730972261,0.20620915032679737,0.31967367309722616,10.0,5
explainer,model=xgb,10,24,0.8799424128995105,0.793939393939394,0.8799424128995105,10.0,5
combined,all_primary,10,24,0.15470565526655353,0.10724464199180402,0.15470565526655364,10.0,5
baseline,logreg|coef_vs_ttest,10,24,-0.00047989250407898254,0.0,-0.0004798925040790863,10.0,5
baseline,logreg|shap_vs_ttest,10,24,-0.00047989250407898254,0.0,-0.0004798925040790863,10.0,5
baseline,logreg|perm_vs_ttest,10,24,-0.00047989250407898254,0.0,-0.0004798925040790863,10.0,5
baseline,svm|coef_vs_ttest,10,24,-0.00047989250407898254,0.0,-0.0004798925040790863,10.0,5
baseline,svm|shap_vs_ttest,10,24,-0.00047989250407898254,0.0,-0.0004798925040790863,10.0,5
baseline,svm|perm_vs_ttest,10,24,-0.00047989250407898254,0.0,-0.0004798925040790863,10.0,5
baseline,rf|shap_vs_ttest,10,24,0.13958729244649198,0.07602339181286549,0.13958729244649198,10.0,5
baseline,rf|perm_vs_ttest,10,24,0.1195776945964104,0.06432748538011696,0.1195776945964104,10.0,5
baseline,xgb|shap_vs_ttest,10,24,0.09956809674632883,0.05263157894736842,0.09956809674632883,10.0,5
baseline,xgb|perm_vs_ttest,10,24,0.09956809674632883,0.05263157894736842,0.09956809674632883,10.0,5
sensitivity,logreg_coef_across_C,10,24,0.6731765684486675,0.5497169497169497,0.6731765684486674,10.0,5
resampling,logreg_C0.1|coef,25,24,0.34321240935503994,0.21202798584355143,0.3432124093550401,25.0,5
resampling,logreg_C100|coef,25,24,0.27913557124333666,0.1639249230003626,0.2791355712433367,25.0,5
resampling,logreg|coef,25,24,0.32719319982711415,0.200022216266695,0.3271931998271143,25.0,5
resampling,logreg|perm,25,24,0.23107794265955905,0.13200253291254302,0.2310779426595592,25.0,5
resampling,logreg|shap,25,24,0.19503472122172583,0.10945785110533512,0.195034721221726,25.0,5
resampling,rf|perm,25,24,0.04285223070643018,0.02270408163265306,0.042852230706430385,25.0,5
resampling,rf|shap,25,24,0.054866637852374556,0.02917209436966276,0.05486663785237478,25.0,5
resampling,svm|coef,25,24,0.2671211640973923,0.16104457136165362,0.26712116409739234,25.0,5
resampling,svm|perm,25,24,0.2511019545694664,0.1482674714366946,0.2511019545694665,25.0,5
resampling,svm|shap,25,24,0.2230683378955961,0.12828251357794415,0.2230683378955962,25.0,5
resampling,ttest|ttest,25,24,0.2711259664793737,0.1604229266674054,0.2711259664793738,25.0,5
resampling,xgb|perm,25,24,0.1549866974019113,0.08544796832757715,0.15498669740191134,25.0,5
resampling,xgb|shap,25,24,0.15899149978389282,0.08786342726477522,0.15899149978389282,25.0,5
model,explainer=coef,25,24,0.34321240935504005,0.21553209970926807,0.34321240935504005,25.0,5
model,explainer=perm,25,24,0.09491466167218934,0.05577911666021995,0.09491466167218941,25.0,5
model,explainer=shap,25,24,0.13896748787398544,0.08210635324805647,0.1389674878739855,25.0,5
explainer,model=logreg,25,24,0.3538918823736572,0.22792154167363857,0.3538918823736573,25.0,5
explainer,model=rf,25,24,0.7677214618450752,0.6281925450936771,0.7677214618450752,25.0,5
explainer,model=svm,25,24,0.3218534633178055,0.2037475035206175,0.3218534633178056,25.0,5
explainer,model=xgb,25,24,0.9118943475964076,0.8405540819333923,0.9118943475964076,25.0,5
combined,all_primary,25,24,0.17056092888739466,0.11389371157212673,0.17056092888739482,25.0,5
baseline,logreg|coef_vs_ttest,25,24,-0.001200595495365775,0.0,-0.0012005954953657014,25.0,5
baseline,logreg|shap_vs_ttest,25,24,0.006809009268597133,0.004081632653061224,0.006809009268597227,25.0,5
baseline,logreg|perm_vs_ttest,25,24,-0.001200595495365775,0.0,-0.0012005954953657014,25.0,5
baseline,svm|coef_vs_ttest,25,24,-0.001200595495365775,0.0,-0.0012005954953657014,25.0,5
baseline,svm|shap_vs_ttest,25,24,0.01481861403256004,0.008163265306122448,0.014818614032560152,25.0,5
baseline,svm|perm_vs_ttest,25,24,0.006809009268597133,0.004081632653061224,0.006809009268597226,25.0,5
baseline,rf|shap_vs_ttest,25,24,0.07889545214426348,0.04184759009986973,0.07889545214426355,25.0,5
baseline,rf|perm_vs_ttest,25,24,0.08690505690822639,0.046280214213344904,0.08690505690822647,25.0,5
baseline,xgb|shap_vs_ttest,25,24,0.11093387120011519,0.05996353212885523,0.11093387120011526,25.0,5
baseline,xgb|perm_vs_ttest,25,24,0.11093387120011515,0.05977080934131285,0.11093387120011526,25.0,5
sensitivity,logreg_coef_across_C,25,24,0.7436926475531863,0.623456827784535,0.7436926475531863,25.0,5
resampling,logreg_C0.1|coef,50,24,0.3404181171266467,0.20758366411164336,0.3404181171266468,50.0,5
resampling,logreg_C100|coef,50,24,0.3243796518896046,0.19782908220155063,0.32437965188960477,50.0,5
resampling,logreg|coef,50,24,0.34242292528127694,0.20908923472290503,0.34242292528127705,50.0,5
resampling,logreg|perm,50,24,0.23215847677661294,0.13305798171352567,0.23215847677661317,50.0,5
resampling,logreg|shap,50,24,0.23817290124050383,0.1373828220296672,0.2381729012405039,50.0,5
resampling,rf|perm,50,24,0.07979305702471384,0.04317476436706522,0.07979305702471391,50.0,5
resampling,rf|shap,50,24,0.0677642080969324,0.036635886022351995,0.0677642080969324,50.0,5
resampling,svm|coef,50,24,0.3344036926627558,0.20589855207015617,0.33440369266275605,50.0,5
resampling,svm|perm,50,24,0.25621617463217605,0.14916176027978492,0.25621617463217616,50.0,5
resampling,svm|shap,50,24,0.26423540725069705,0.15416709040914056,0.2642354072506972,50.0,5
resampling,ttest|ttest,50,24,0.2361680930858735,0.1361569162891925,0.23616809308587366,50.0,5
resampling,xgb|perm,50,24,0.14996134243677273,0.08292796118395082,0.14996134243677278,50.0,5
resampling,xgb|shap,50,24,0.14194210981825162,0.0783238303662476,0.14194210981825175,50.0,5
model,explainer=coef,50,24,0.4145960188479661,0.26549273717297633,0.4145960188479661,50.0,5
model,explainer=perm,50,24,0.10719210180466057,0.06329987245775427,0.10719210180466072,50.0,5
model,explainer=shap,50,24,0.14127384043337493,0.08409681371087621,0.14127384043337501,50.0,5
explainer,model=logreg,50,24,0.42929794531525456,0.28218980028606877,0.4292979453152547,50.0,5
explainer,model=rf,50,24,0.7554134051351091,0.6089843309293829,0.7554134051351091,50.0,5
explainer,model=svm,50,24,0.37182677821585386,0.2366623110891802,0.3718267782158541,50.0,5
explainer,model=xgb,50,24,0.8556538128666217,0.7489735443225245,0.8556538128666219,50.0,5
combined,all_primary,50,24,0.18952289002147626,0.12499458155924965,0.18952289002147643,50.0,5
baseline,logreg|coef_vs_ttest,50,24,-0.002404077315126596,0.0,-0.0024040773151264546,50.0,5
baseline,logreg|shap_vs_ttest,50,24,0.005615155303394426,0.00404040404040404,0.005615155303394558,50.0,5
baseline,logreg|perm_vs_ttest,50,24,-0.002404077315126596,0.0,-0.0024040773151264546,50.0,5
baseline,svm|coef_vs_ttest,50,24,-0.002404077315126596,0.0,-0.0024040773151264546,50.0,5
baseline,svm|shap_vs_ttest,50,24,0.029672853158957423,0.016369034336633746,0.02967285315895759,50.0,5
baseline,svm|perm_vs_ttest,50,24,0.013634387921915448,0.00808080808080808,0.01363438792191557,50.0,5
baseline,rf|shap_vs_ttest,50,24,0.073778632560823,0.0396093326098752,0.07377863256082315,50.0,5
baseline,rf|perm_vs_ttest,50,24,0.08179786517934404,0.04399674059023408,0.08179786517934416,50.0,5
baseline,xgb|shap_vs_ttest,50,24,0.10184594672564662,0.05538634956455455,0.1018459467256467,50.0,5
baseline,xgb|perm_vs_ttest,50,24,0.09382671410712559,0.05076100266353696,0.09382671410712569,50.0,5
sensitivity,logreg_coef_across_C,50,24,0.792836490688207,0.6804466104002775,0.7928364906882072,50.0,5
resampling,logreg_C0.1|coef,10,25,0.24964008062194065,0.1511437908496732,0.24964008062194062,10.0,5
resampling,logreg_C100|coef,10,25,0.07955849889624711,0.044547643618851045,0.07955849889624725,10.0,5
resampling,logreg|coef,10,25,0.23963528169689985,0.1472222222222222,0.2396352816968999,10.0,5
resampling,logreg|perm,10,25,0.24964008062194065,0.15684923092043837,0.24964008062194062,10.0,5
resampling,logreg|shap,10,25,0.16960168922161423,0.09552803577571381,0.16960168922161434,10.0,5
resampling,rf|perm,10,25,0.04954410212112492,0.026900584795321637,0.04954410212112487,10.0,5
resampling,rf|shap,10,25,0.04954410212112492,0.026900584795321637,0.04954410212112487,10.0,5
resampling,svm|coef,10,25,0.12958249352145113,0.07134502923976609,0.12958249352145118,10.0,5
resampling,svm|perm,10,25,0.24964008062194054,0.15219298245614035,0.24964008062194068,10.0,5
resampling,svm|shap,10,25,0.13958729244649204,0.07915376676986585,0.13958729244649198,10.0,5
resampling,ttest|ttest,10,25,0.33968327094730777,0.20767973856209151,0.33968327094730777,10.0,5
resampling,xgb|perm,10,25,0.12958249352145113,0.07076023391812865,0.1295824935214512,10.0,5
resampling,xgb|shap,10,25,0.13958729244649204,0.07729618163054694,0.13958729244649198,10.0,5
model,explainer=coef,10,25,0.1595968902965736,0.08771929824561403,0.1595968902965736,10.0,5
model,explainer=perm,10,25,0.13291742649646474,0.09599211704474861,0.13291742649646476,10.0,5
model,explainer=shap,10,25,0.0995680967463288,0.05952995233180991,0.09956809674632881,10.0,5
explainer,model=logreg,10,25,0.4730805899478517,0.34088098577262665,0.4730805899478517,10.0,5
explainer,model=rf,10,25,0.7198656300988577,0.5714285714285714,0.7198656300988577,10.0,5
explainer,model=svm,10,25,0.1529270243465462,0.08782823070748767,0.15292702434654637,10.0,5
explainer,model=xgb,10,25,0.9399712064497553,0.8969696969696971,0.9399712064497553,10.0,5
combined,all_primary,10,25,0.15426099753655176,0.11106942363908309,0.15426099753655187,10.0,5
baseline,logreg|coef_vs_ttest,10,25,-0.00047989250407898254,0.0,-0.0004798925040790863,10.0,5
baseline,logreg|shap_vs_ttest,10,25,-0.00047989250407898254,0.0,-0.0004798925040790863,10.0,5
baseline,logreg|perm_vs_ttest,10,25,-0.00047989250407898254,0.0,-0.0004798925040790863,10.0,5
baseline,svm|coef_vs_ttest,10,25,-0.00047989250407898254,0.0,-0.0004798925040790863,10.0,5
baseline,svm|shap_vs_ttest,10,25,-0.00047989250407898254,0.0,-0.0004798925040790863,10.0,5
baseline,svm|perm_vs_ttest,10,25,-0.00047989250407898254,0.0,-0.0004798925040790863,10.0,5
baseline,rf|shap_vs_ttest,10,25,0.059548901046165725,0.0327485380116959,0.059548901046165656,10.0,5
baseline,rf|perm_vs_ttest,10,25,0.059548901046165725,0.0327485380116959,0.059548901046165656,10.0,5
baseline,xgb|shap_vs_ttest,10,25,0.03953930319608414,0.021052631578947368,0.03953930319608408,10.0,5
baseline,xgb|perm_vs_ttest,10,25,0.03953930319608414,0.021052631578947368,0.03953930319608408,10.0,5
sensitivity,logreg_coef_across_C,10,25,0.719865630098858,0.5919302919302919,0.7198656300988577,10.0,5
resampling,logreg_C0.1|coef,25,25,0.3231883974451326,0.2019118468704563,0.32318839744513284,25.0,5
resampling,logreg_C100|coef,25,25,0.17901551169380003,0.10071758900132408,0.17901551169380014,25.0,5
resampling,logreg|coef,25,25,0.3191835950631513,0.19671742319777172,0.3191835950631513,25.0,5
resampling,logreg|perm,25,25,0.2551067569514478,0.15097115252636967,0.2551067569514479,25.0,5
resampling,logreg|shap,25,25,0.239087547423522,0.13987014979178783,0.23908754742352206,25.0,5
resampling,rf|perm,25,25,0.07088584738030046,0.03803734259661311,0.07088584738030063,25.0,5
resampling,rf|shap,25,25,0.06287624261633762,0.03378611389051458,0.0628762426163377,25.0,5
resampling,svm|coef,25,25,0.21105393074965184,0.12168103564032587,0.21105393074965187,25.0,5
resampling,svm|perm,25,25,0.2871451760072995,0.17433741886502746,0.28714517600729966,25.0,5
resampling,svm|shap,25,25,0.2511019545694664,0.14538394339992405,0.2511019545694665,25.0,5
resampling,ttest|ttest,25,25,0.3151787926811698,0.1891858377961611,0.3151787926811699,25.0,5
resampling,xgb|perm,25,25,0.15098189501992987,0.08333444175752884,0.1509818950199299,25.0,5
resampling,xgb|shap,25,25,0.1429722902559668,0.07849009168884945,0.14297229025596697,25.0,5
model,explainer=coef,25,25,0.21505873313163323,0.12143170838823011,0.2150587331316333,25.0,5
model,explainer=perm,25,25,0.14430722438329407,0.09925203921836048,0.14430722438329413,25.0,5
model,explainer=shap,25,25,0.14030242200131254,0.08105660303010036,0.14030242200131265,25.0,5
explainer,model=logreg,25,25,0.4446674030319038,0.3062469919598477,0.4446674030319038,25.0,5
explainer,model=rf,25,25,0.775731066609038,0.6350806451612903,0.775731066609038,25.0,5
explainer,model=svm,25,25,0.20437926011301588,0.11865308224772408,0.20437926011301605,25.0,5
explainer,model=xgb,25,25,0.8638367190126303,0.7619959861339172,0.8638367190126303,25.0,5
combined,all_primary,25,25,0.16967097280250992,0.11509727639496296,0.16967097280251003,25.0,5
baseline,logreg|coef_vs_ttest,25,25,-0.001200595495365775,0.0,-0.0012005954953657014,25.0,5
baseline,logreg|shap_vs_ttest,25,25,0.0308378235604859,0.01649659863945578,0.030837823560485998,25.0,5
baseline,logreg|perm_vs_ttest,25,25,-0.001200595495365775,0.0,-0.0012005954953657014,25.0,5
baseline,svm|coef_vs_ttest,25,25,0.006809009268597133,0.004081632653061224,0.006809009268597226,25.0,5
baseline,svm|shap_vs_ttest,25,25,0.02282821879652299,0.01276595744680851,0.022828218796523074,25.0,5
baseline,svm|perm_vs_ttest,25,25,-0.001200595495365775,0.0,-0.0012005954953657014,25.0,5
baseline,rf|shap_vs_ttest,25,25,0.038847428324448804,0.020929222752930958,0.03884742832444893,25.0,5
baseline,rf|perm_vs_ttest,25,25,0.06287624261633766,0.03405797101449275,0.0628762426163377,25.0,5
baseline,xgb|shap_vs_ttest,25,25,0.05486663785237467,0.02963620230700976,0.05486663785237478,25.0,5
baseline,xgb|perm_vs_ttest,25,25,0.046857033088411756,0.025554569653948533,0.04685703308841186,25.0,5
sensitivity,logreg_coef_across_C,25,25,0.706314491988026,0.5770177081451591,0.7063144919880261,25.0,5
resampling,logreg_C0.1|coef,50,25,0.34242292528127705,0.2099817622022107,0.34242292528127705,50.0,5
resampling,logreg_C100|coef,50,25,0.26223059909606683,0.1525808538993123,0.26223059909606694,50.0,5
resampling,logreg|coef,50,25,0.32838926819886516,0.1995483838006464,0.3283892681988652,50.0,5
resampling,logreg|perm,50,25,0.2742594480238483,0.1648130332609794,0.2742594480238485,50.0,5
resampling,logreg|shap,50,25,0.2923027214155205,0.17629947361616205,0.2923027214155207,50.0,5
resampling,rf|perm,50,25,0.08781228964323484,0.04742203947196795,0.08781228964323493,50.0,5
resampling,rf|shap,50,25,0.08179786517934395,0.04404415235918976,0.08179786517934418,50.0,5
resampling,svm|coef,50,25,0.28628829695162983,0.16955215759434586,0.28628829695162994,50.0,5
resampling,svm|perm,50,25,0.3003219540340416,0.18350766823009895,0.3003219540340417,50.0,5
resampling,svm|shap,50,25,0.2822786806423693,0.16636348117154312,0.28227868064236944,50.0,5
resampling,ttest|ttest,50,25,0.36648062313683993,0.22623642005584724,0.36648062313684004,50.0,5
resampling,xgb|perm,50,25,0.14996134243677273,0.08253931658471976,0.14996134243677278,50.0,5
resampling,xgb|shap,50,25,0.15397095874603317,0.08479640320638326,0.15397095874603328,50.0,5
model,explainer=coef,50,25,0.3063363784979324,0.1827461329953586,0.3063363784979325,50.0,5
model,explainer=perm,50,25,0.15530749751578668,0.10127260467106339,0.15530749751578676,50.0,5
model,explainer=shap,50,25,0.15463922813090988,0.08874729524456006,0.15463922813091002,50.0,5
explainer,model=logreg,50,25,0.4800864185658876,0.3294590480798897,0.48008641856588774,50.0,5
explainer,model=rf,50,25,0.76343263775363,0.6183593127009309,0.7634326377536301,50.0,5
explainer,model=svm,50,25,0.28361521941212275,0.16998115666582525,0.283615219412123,50.0,5
explainer,model=xgb,50,25,0.8636730454851428,0.7621326042378673,0.8636730454851428,50.0,5
combined,all_primary,50,25,0.19638378903954426,0.1303526209119533,0.19638378903954437,50.0,5
baseline,logreg|coef_vs_ttest,50,25,0.0056151553033944035,0.004081632653061224,0.005615155303394557,50.0,5
baseline,logreg|shap_vs_ttest,50,25,0.049720934705259956,0.027031057426194206,0.049720934705260116,50.0,5
baseline,logreg|perm_vs_ttest,50,25,0.0016055389941339148,0.00202020202020202,0.0016055389941340523,50.0,5
baseline,svm|coef_vs_ttest,50,25,0.017644004231175937,0.010526315789473684,0.017644004231176076,50.0,5
baseline,svm|shap_vs_ttest,50,25,0.041701702086738957,0.022813717473046207,0.04170170208673911,50.0,5
baseline,svm|perm_vs_ttest,50,25,0.005615155303394426,0.00404040404040404,0.005615155303394558,50.0,5
baseline,rf|shap_vs_ttest,50,25,0.05373055101452053,0.029213184476342368,0.05373055101452062,50.0,5
baseline,rf|perm_vs_ttest,50,25,0.057740167323781025,0.03162560656961553,0.057740167323781136,50.0,5
baseline,xgb|shap_vs_ttest,50,25,0.049720934705260025,0.027159896840747905,0.04972093470526012,50.0,5
baseline,xgb|perm_vs_ttest,50,25,0.04571131839599951,0.02478870336013193,0.04571131839599961,50.0,5
sensitivity,logreg_coef_across_C,50,25,0.7367018623585601,0.6164135562317852,0.7367018623585602,50.0,5
resampling,logreg_C0.1|coef,10,26,0.22963048277185916,0.13719470244238047,0.22963048277185907,10.0,5
resampling,logreg_C100|coef,10,26,0.19961608599673675,0.11647746818025455,0.19961608599673675,10.0,5
resampling,logreg|coef,10,26,0.23963528169689985,0.14304265565875474,0.23963528169689985,10.0,5
resampling,logreg|perm,10,26,0.20962088492177744,0.128546857339427,0.2096208849217775,10.0,5
resampling,logreg|shap,10,26,0.26964967847202226,0.16720354808590104,0.26964967847202226,10.0,5
resampling,rf|perm,10,26,0.16960168922161423,0.09680082559339524,0.16960168922161437,10.0,5
resampling,rf|shap,10,26,0.11957769459641032,0.06618507051943583,0.11957769459641039,10.0,5
resampling,svm|coef,10,26,0.17960648814665503,0.10079119367045064,0.17960648814665517,10.0,5
resampling,svm|perm,10,26,0.21962568384681824,0.13013415892672858,0.21962568384681833,10.0,5
resampling,svm|shap,10,26,0.21962568384681824,0.12775197798417612,0.2196256838468183,10.0,5
resampling,ttest|ttest,10,26,0.18961128707169594,0.1066391468868249,0.18961128707169592,10.0,5
resampling,xgb|perm,10,26,0.19961608599673675,0.11248710010319918,0.1996160859967367,10.0,5
resampling,xgb|shap,10,26,0.25964487954698134,0.15484176126590987,0.25964487954698146,10.0,5
model,explainer=coef,10,26,0.279654477397063,0.17105263157894737,0.279654477397063,10.0,5
model,explainer=perm,10,26,0.13291742649646476,0.08219650433272725,0.1329174264964648,10.0,5
model,explainer=shap,10,26,0.1729366221966279,0.10529755761953903,0.17293662219662795,10.0,5
explainer,model=logreg,10,26,0.3596928687973893,0.23513049844319198,0.3596928687973894,10.0,5
explainer,model=rf,10,26,0.6998560322487762,0.5421245421245421,0.6998560322487762,10.0,5
explainer,model=svm,10,26,0.3130038071471989,0.20302194652039854,0.313003807147199,10.0,5
explainer,model=xgb,10,26,0.8799424128995105,0.793939393939394,0.8799424128995105,10.0,5
combined,all_primary,10,26,0.1831637499866696,0.1223881133581856,0.18316374998666968,10.0,5
baseline,logreg|coef_vs_ttest,10,26,-0.00047989250407898254,0.0,-0.0004798925040790863,10.0,5
baseline,logreg|shap_vs_ttest,10,26,-0.00047989250407898254,0.0,-0.0004798925040790863,10.0,5
baseline,logreg|perm_vs_ttest,10,26,-0.00047989250407898254,0.0,-0.0004798925040790863,10.0,5
baseline,svm|coef_vs_ttest,10,26,-0.00047989250407898254,0.0,-0.0004798925040790863,10.0,5
baseline,svm|shap_vs_ttest,10,26,-0.00047989250407898254,0.0,-0.0004798925040790863,10.0,5
baseline,svm|perm_vs_ttest,10,26,-0.00047989250407898254,0.0,-0.0004798925040790863,10.0,5
baseline,rf|shap_vs_ttest,10,26,0.03953930319608416,0.02222222222222222,0.03953930319608407,10.0,5
baseline,rf|perm_vs_ttest,10,26,0.059548901046165725,0.0327485380116959,0.059548901046165656,10.0,5
baseline,xgb|shap_vs_ttest,10,26,0.059548901046165725,0.0327485380116959,0.059548901046165656,10.0,5
baseline,xgb|perm_vs_ttest,10,26,0.07955849889624729,0.04327485380116959,0.07955849889624725,10.0,5
sensitivity,logreg_coef_across_C,10,26,0.6064779089483955,0.4969215969215969,0.6064779089483955,10.0,5
resampling,logreg_C0.1|coef,25,26,0.2871451760072995,0.1761220694132438,0.28714517600729966,25.0,5
resampling,logreg_C100|coef,25,26,0.2070491283676703,0.11707899448041006,0.2070491283676704,25.0,5
resampling,logreg|coef,25,26,0.27913557124333666,0.16925021498041376,0.27913557124333666,25.0,5
resampling,logreg|perm,25,26,0.21505873313163315,0.12751016230552528,0.2150587331316333,25.0,5
resampling,logreg|shap,25,26,0.29114997838928103,0.1789859884526214,0.29114997838928114,25.0,5
resampling,rf|perm,25,26,0.1549866974019113,0.0852611452172044,0.15498669740191134,25.0,5
resampling,rf|shap,25,26,0.1269530807280409,0.06944555286863995,0.1269530807280411,25.0,5
resampling,svm|coef,25,26,0.2230683378955961,0.12717299648005498,0.2230683378955962,25.0,5
resampling,svm|perm,25,26,0.22707314027757752,0.1340047943510893,0.2270731402775777,25.0,5
resampling,svm|shap,25,26,0.21105393074965184,0.12054515252189671,0.2110539307496518,25.0,5
resampling,ttest|ttest,25,26,0.29915958315324387,0.1770293895932013,0.29915958315324404,25.0,5
resampling,xgb|perm,25,26,0.20304432598568878,0.1144202387882873,0.20304432598568894,25.0,5
resampling,xgb|shap,25,26,0.21105393074965184,0.11971404059371701,0.21105393074965187,25.0,5
model,explainer=coef,25,26,0.3912700379388176,0.24784232495370806,0.39127003793881765,25.0,5
model,explainer=perm,25,26,0.1322928172373497,0.07918438462770883,0.13229281723734973,25.0,5
model,explainer=shap,25,26,0.19102991883974446,0.11428636017869079,0.19102991883974452,25.0,5
explainer,model=logreg,25,26,0.3859303014295089,0.2559809418848673,0.3859303014295091,25.0,5
explainer,model=rf,25,26,0.7517022523171493,0.6041055718475072,0.7517022523171493,25.0,5
explainer,model=svm,25,26,0.3832604331748546,0.24869001801703416,0.3832604331748547,25.0,5
explainer,model=xgb,25,26,0.9038847428324448,0.8314134141720348,0.9038847428324448,25.0,5
combined,all_primary,25,26,0.1979715763018456,0.13135015017888274,0.19797157630184575,25.0,5
baseline,logreg|coef_vs_ttest,25,26,-0.001200595495365775,0.0,-0.0012005954953657014,25.0,5
baseline,logreg|shap_vs_ttest,25,26,0.02282821879652299,0.012414965986394558,0.022828218796523074,25.0,5
baseline,logreg|perm_vs_ttest,25,26,-0.001200595495365775,0.0,-0.0012005954953657014,25.0,5
baseline,svm|coef_vs_ttest,25,26,-0.001200595495365775,0.0,-0.0012005954953657014,25.0,5
baseline,svm|shap_vs_ttest,25,26,0.02282821879652295,0.012244897959183673,0.022828218796523074,25.0,5
baseline,svm|perm_vs_ttest,25,26,0.01481861403256004,0.008163265306122448,0.014818614032560152,25.0,5
baseline,rf|shap_vs_ttest,25,26,0.09491466167218934,0.05090556111436249,0.0949146616721894,25.0,5
baseline,rf|perm_vs_ttest,25,26,0.11093387120011519,0.05958988590810978,0.11093387120011526,25.0,5
baseline,xgb|shap_vs_ttest,25,26,0.08690505690822639,0.046280214213344904,0.08690505690822649,25.0,5
baseline,xgb|perm_vs_ttest,25,26,0.08690505690822639,0.046280214213344904,0.08690505690822649,25.0,5
sensitivity,logreg_coef_across_C,25,26,0.6876254142054459,0.5676496140370137,0.6876254142054459,25.0,5
resampling,logreg_C0.1|coef,50,26,0.2902979132608904,0.17554056383045183,0.29029791326089044,50.0,5
resampling,logreg_C100|coef,50,26,0.26223059909606683,0.15450229966947154,0.26223059909606694,50.0,5
resampling,logreg|coef,50,26,0.3003219540340416,0.1832315470075395,0.3003219540340417,50.0,5
resampling,logreg|perm,50,26,0.23015366862198283,0.13639879670936703,0.2301536686219829,50.0,5
resampling,logreg|shap,50,26,0.3023267621886718,0.1858144718180953,0.30232676218867194,50.0,5
resampling,rf|perm,50,26,0.12790845273583984,0.06972108578857109,0.12790845273583998,50.0,5
resampling,rf|shap,50,26,0.11587960380805828,0.06302313275504719,0.11587960380805844,50.0,5
resampling,svm|coef,50,26,0.2762642561784786,0.1624819462849721,0.2762642561784787,50.0,5
resampling,svm|perm,50,26,0.2842834887969996,0.16953036790612627,0.2842834887969997,50.0,5
resampling,svm|shap,50,26,0.2281488604673525,0.1312934410566065,0.22814886046735264,50.0,5
resampling,ttest|ttest,50,26,0.32638446004423494,0.19724687948699615,0.32638446004423505,50.0,5
resampling,xgb|perm,50,26,0.14996134243677273,0.08243317503670347,0.14996134243677278,50.0,5
resampling,xgb|shap,50,26,0.1639949995191844,0.09077282917216072,0.16399499951918456,50.0,5
model,explainer=coef,50,26,0.4386537167035291,0.28446642990021986,0.4386537167035292,50.0,5
model,explainer=perm,50,26,0.13124979966022365,0.07744597277958483,0.13124979966022376,50.0,5
model,explainer=shap,50,26,0.20810077892105,0.12710344925646966,0.2081007789210501,50.0,5
explainer,model=logreg,50,26,0.41860563515722654,0.2772070865232461,0.4186056351572267,50.0,5
explainer,model=rf,50,26,0.7794711029906722,0.6426766500254346,0.7794711029906722,50.0,5
explainer,model=svm,50,26,0.4693941084078596,0.322249774184387,0.4693941084078597,50.0,5
explainer,model=xgb,50,26,0.8676826617944032,0.7720394492069519,0.8676826617944032,50.0,5
combined,all_primary,50,26,0.22231264117276223,0.1470949738665994,0.22231264117276234,50.0,5
baseline,logreg|coef_vs_ttest,50,26,0.0016055389941339148,0.00202020202020202,0.0016055389941340523,50.0,5
baseline,logreg|shap_vs_ttest,50,26,0.03769208577747847,0.02053700267985982,0.0376920857774786,50.0,5
baseline,logreg|perm_vs_ttest,50,26,-0.002404077315126596,0.0,-0.0024040773151264546,50.0,5
baseline,svm|coef_vs_ttest,50,26,0.0016055389941339148,0.00202020202020202,0.0016055389941340523,50.0,5
baseline,svm|shap_vs_ttest,50,26,0.029672853158957468,0.016455370026798595,0.02967285315895759,50.0,5
baseline,svm|perm_vs_ttest,50,26,0.017644004231175913,0.010183467326324469,0.017644004231176076,50.0,5
baseline,rf|shap_vs_ttest,50,26,0.10184594672564665,0.055012703343809075,0.1018459467256467,50.0,5
baseline,rf|perm_vs_ttest,50,26,0.10986517934416762,0.05939716312056738,0.1098651793441677,50.0,5
baseline,xgb|shap_vs_ttest,50,26,0.08179786517934402,0.044085788689126375,0.08179786517934416,50.0,5
baseline,xgb|perm_vs_ttest,50,26,0.08179786517934402,0.044085788689126375,0.08179786517934416,50.0,5
sensitivity,logreg_coef_across_C,50,26,0.704624931884476,0.580294176174866,0.7046249318844761,50.0,5
resampling,logreg_C0.1|coef,10,27,0.33968327094730777,0.2191110317271308,0.3396832709473078,10.0,5
resampling,logreg_C100|coef,10,27,0.23963528169689985,0.14343825249398007,0.23963528169689985,10.0,5
resampling,logreg|coef,10,27,0.3496880698723486,0.22744436506046412,0.34968806987234863,10.0,5
resampling,logreg|perm,10,27,0.20962088492177744,0.12539559683522533,0.2096208849217775,10.0,5
resampling,logreg|shap,10,27,0.21962568384681824,0.13462700869821614,0.21962568384681833,10.0,5
resampling,rf|perm,10,27,0.009524906420961599,0.005263157894736842,0.009524906420961708,10.0,5
resampling,rf|shap,10,27,0.009524906420961599,0.005263157894736842,0.009524906420961708,10.0,5
resampling,svm|coef,10,27,0.22963048277185916,0.1344169246646027,0.22963048277185907,10.0,5
resampling,svm|perm,10,27,0.33968327094730777,0.22042360803970712,0.33968327094730777,10.0,5
resampling,svm|shap,10,27,0.18961128707169594,0.10791193670450636,0.18961128707169594,10.0,5
resampling,ttest|ttest,10,27,0.16960168922161423,0.09934640522875818,0.16960168922161434,10.0,5
resampling,xgb|perm,10,27,0.04954410212112492,0.026900584795321637,0.04954410212112487,10.0,5
resampling,xgb|shap,10,27,0.059548901046165614,0.03216374269005848,0.059548901046165656,10.0,5
model,explainer=coef,10,27,0.2396352816968999,0.1482456140350877,0.2396352816968999,10.0,5
model,explainer=perm,10,27,0.15292702434654634,0.10297844283912397,0.15292702434654637,10.0,5
model,explainer=shap,10,27,0.14625715839651915,0.08436245843366585,0.14625715839651918,10.0,5
explainer,model=logreg,10,27,0.42639152829766125,0.2911289662063656,0.42639152829766136,10.0,5
explainer,model=rf,10,27,0.759884825799021,0.6153846153846153,0.759884825799021,10.0,5
explainer,model=svm,10,27,0.2196256838468182,0.13465444657395123,0.2196256838468183,10.0,5
explainer,model=xgb,10,27,0.8599328150494289,0.7682983682983683,0.8599328150494289,10.0,5
combined,all_primary,10,27,0.1822744345266659,0.12297014494124917,0.18227443452666606,10.0,5
baseline,logreg|coef_vs_ttest,10,27,-0.00047989250407898254,0.0,-0.0004798925040790863,10.0,5
baseline,logreg|shap_vs_ttest,10,27,0.01952970534600258,0.010526315789473684,0.0195297053460025,10.0,5
baseline,logreg|perm_vs_ttest,10,27,-0.00047989250407898254,0.0,-0.0004798925040790863,10.0,5
baseline,svm|coef_vs_ttest,10,27,-0.00047989250407898254,0.0,-0.0004798925040790863,10.0,5
baseline,svm|shap_vs_ttest,10,27,-0.00047989250407898254,0.0,-0.0004798925040790863,10.0,5
baseline,svm|perm_vs_ttest,10,27,-0.00047989250407898254,0.0,-0.0004798925040790863,10.0,5
baseline,rf|shap_vs_ttest,10,27,0.0795584988962473,0.04444444444444444,0.07955849889624723,10.0,5
baseline,rf|perm_vs_ttest,10,27,0.0795584988962473,0.04444444444444444,0.07955849889624723,10.0,5
baseline,xgb|shap_vs_ttest,10,27,0.03953930319608416,0.02222222222222222,0.03953930319608407,10.0,5
baseline,xgb|perm_vs_ttest,10,27,0.07955849889624729,0.04327485380116959,0.07955849889624725,10.0,5
sensitivity,logreg_coef_across_C,10,27,0.6531669705985859,0.530788819024113,0.6531669705985859,10.0,5
resampling,logreg_C0.1|coef,25,27,0.29515478077126234,0.17604772406370472,0.29515478077126256,25.0,5
resampling,logreg_C100|coef,25,27,0.24709715218748485,0.14486417919459005,0.24709715218748501,25.0,5
resampling,logreg|coef,25,27,0.3151787926811698,0.19134760166468393,0.3151787926811699,25.0,5
resampling,logreg|perm,25,27,0.239087547423522,0.14382427889105634,0.23908754742352206,25.0,5
resampling,logreg|shap,25,27,0.3311980022090957,0.2064623200116677,0.33119800220909573,25.0,5
resampling,rf|perm,25,27,0.01882341641454155,0.010374149659863946,0.018823416414541615,25.0,5
resampling,rf|shap,25,27,0.010813811650578486,0.006207482993197279,0.010813811650578684,25.0,5
resampling,svm|coef,25,27,0.3191835950631513,0.19154831271961165,0.31918359506315136,25.0,5
resampling,svm|perm,25,27,0.29915958315324387,0.18371788459754662,0.29915958315324404,25.0,5
resampling,svm|shap,25,27,0.19903952360370736,0.11265279445985296,0.19903952360370747,25.0,5
resampling,ttest|ttest,25,27,0.19503472122172583,0.10935506561864586,0.195034721221726,25.0,5
resampling,xgb|perm,25,27,0.08690505690822636,0.04672756706753006,0.08690505690822647,25.0,5
resampling,xgb|shap,25,27,0.07889545214426352,0.04238540467065642,0.07889545214426355,25.0,5
model,explainer=coef,25,27,0.30316438553522546,0.18406291774056052,0.30316438553522546,25.0,5
model,explainer=perm,25,27,0.12962294898269533,0.0819765922062992,0.12962294898269539,25.0,5
model,explainer=shap,25,27,0.14697709263794836,0.08615629716492505,0.14697709263794842,25.0,5
explainer,model=logreg,25,27,0.44199753477724935,0.299900768049035,0.4419975347772495,25.0,5
explainer,model=rf,25,27,0.783740671373001,0.6485994539387198,0.783740671373001,25.0,5
explainer,model=svm,25,27,0.3031643855352254,0.1885246555106836,0.3031643855352255,25.0,5
explainer,model=xgb,25,27,0.9038847428324448,0.8273265687058791,0.9038847428324448,25.0,5
combined,all_primary,25,27,0.18960598910392876,0.12745296320465221,0.1896059891039289,25.0,5
baseline,logreg|coef_vs_ttest,25,27,-0.001200595495365775,0.0,-0.0012005954953657014,25.0,5
baseline,logreg|shap_vs_ttest,25,27,0.02282821879652295,0.012244897959183673,0.022828218796523077,25.0,5
baseline,logreg|perm_vs_ttest,25,27,-0.001200595495365775,0.0,-0.0012005954953657014,25.0,5
baseline,svm|coef_vs_ttest,25,27,-0.001200595495365775,0.0,-0.0012005954953657014,25.0,5
baseline,svm|shap_vs_ttest,25,27,0.038847428324448804,0.020578231292517006,0.03884742832444893,25.0,5
baseline,svm|perm_vs_ttest,25,27,-0.001200595495365775,0.0,-0.0012005954953657014,25.0,5
baseline,rf|shap_vs_ttest,25,27,0.06287624261633762,0.03388790298728187,0.0628762426163377,25.0,5
baseline,rf|perm_vs_ttest,25,27,0.06287624261633762,0.03388790298728187,0.0628762426163377,25.0,5
baseline,xgb|shap_vs_ttest,25,27,0.06287624261633762,0.033514256766536396,0.0628762426163377,25.0,5
baseline,xgb|perm_vs_ttest,25,27,0.06287624261633762,0.033514256766536396,0.0628762426163377,25.0,5
sensitivity,logreg_coef_across_C,25,27,0.7116542284973345,0.5976440912188972,0.7116542284973346,25.0,5
resampling,logreg_C0.1|coef,50,27,0.3223748437349744,0.19699203836323337,0.32237484373497455,50.0,5
resampling,logreg_C100|coef,50,27,0.28628829695162983,0.1701060070177609,0.28628829695162994,50.0,5
resampling,logreg|coef,50,27,0.3223748437349744,0.19662832090127477,0.3223748437349745,50.0,5
resampling,logreg|perm,50,27,0.22213443600346172,0.1298772884953376,0.22213443600346183,50.0,5
resampling,logreg|shap,50,27,0.31235080296182305,0.1898997307838985,0.31235080296182327,50.0,5
resampling,rf|perm,50,27,0.05573535916915062,0.03000739173322694,0.05573535916915088,50.0,5
resampling,rf|shap,50,27,0.0376920857774784,0.0206905824271788,0.03769208577747861,50.0,5
resampling,svm|coef,50,27,0.32638446004423494,0.19693484454279325,0.32638446004423505,50.0,5
resampling,svm|perm,50,27,0.31235080296182305,0.18906477320316709,0.31235080296182327,50.0,5
resampling,svm|shap,50,27,0.23416328493124328,0.13552180997258426,0.2341632849312434,50.0,5
resampling,ttest|ttest,50,27,0.2441873257043945,0.14094629335420036,0.24418732570439466,50.0,5
resampling,xgb|perm,50,27,0.10986517934416762,0.06002458224631998,0.1098651793441677,50.0,5
resampling,xgb|shap,50,27,0.12189402827194895,0.06710755447186509,0.12189402827194924,50.0,5
model,explainer=coef,50,27,0.3785094720646215,0.2368270787598025,0.3785094720646216,50.0,5
model,explainer=perm,50,27,0.11721614257781184,0.07353743655674871,0.11721614257781196,50.0,5
model,explainer=shap,50,27,0.17201423213770545,0.10298253549928597,0.17201423213770556,50.0,5
explainer,model=logreg,50,27,0.4560287207103245,0.3108187569819944,0.45602872071032474,50.0,5
explainer,model=rf,50,27,0.7273460909702857,0.5741526233329511,0.7273460909702857,50.0,5
explainer,model=svm,50,27,0.3504421578997979,0.2189386196399732,0.35044215789979805,50.0,5
explainer,model=xgb,50,27,0.8957499759592269,0.8143268978114714,0.8957499759592269,50.0,5
combined,all_primary,50,27,0.20235366221110987,0.13446674578290224,0.20235366221111004,50.0,5
baseline,logreg|coef_vs_ttest,50,27,0.005615155303394426,0.00404040404040404,0.005615155303394558,50.0,5
baseline,logreg|shap_vs_ttest,50,27,0.05373055101452047,0.028867732660074336,0.05373055101452062,50.0,5
baseline,logreg|perm_vs_ttest,50,27,0.005615155303394426,0.00404040404040404,0.005615155303394558,50.0,5
baseline,svm|coef_vs_ttest,50,27,0.009624771612654936,0.006060606060606061,0.009624771612655063,50.0,5
baseline,svm|shap_vs_ttest,50,27,0.041701702086738936,0.022554601346943023,0.04170170208673911,50.0,5
baseline,svm|perm_vs_ttest,50,27,0.0016055389941339148,0.00202020202020202,0.0016055389941340523,50.0,5
baseline,rf|shap_vs_ttest,50,27,0.06174978363304149,0.033340033262519886,0.061749783633041636,50.0,5
baseline,rf|perm_vs_ttest,50,27,0.07778824887008354,0.042024358056267176,0.07778824887008365,50.0,5
baseline,xgb|shap_vs_ttest,50,27,0.04571131839599947,0.02478610000701311,0.04571131839599961,50.0,5
baseline,xgb|perm_vs_ttest,50,27,0.05373055101452047,0.02899928448335548,0.05373055101452062,50.0,5
sensitivity,logreg_coef_across_C,50,27,0.7139807032727505,0.5924367839551663,0.7139807032727506,50.0,5
resampling,logreg_C0.1|coef,10,28,0.31967367309722616,0.1928104575163399,0.31967367309722616,10.0,5
resampling,logreg_C100|coef,10,28,0.27965447739706306,0.16503267973856212,0.279654477397063,10.0,5
resampling,logreg|coef,10,28,0.29966407524714467,0.17892156862745098,0.29966407524714456,10.0,5
resampling,logreg|perm,10,28,0.24964008062194065,0.1527777777777778,0.24964008062194068,10.0,5
resampling,logreg|shap,10,28,0.27965447739706306,0.17119391616295643,0.279654477397063,10.0,5
resampling,rf|perm,10,28,0.0395393031960839,0.021052631578947368,0.03953930319608408,10.0,5
resampling,rf|shap,10,28,0.0695536999712063,0.03869969040247678,0.06955369997120645,10.0,5
resampling,svm|coef,10,28,0.29966407524714467,0.17960956312349502,0.29966407524714456,10.0,5
resampling,svm|perm,10,28,0.18961128707169594,0.10872893016855864,0.1896112870716959,10.0,5
resampling,svm|shap,10,28,0.31967367309722616,0.19460784313725493,0.31967367309722616,10.0,5
resampling,ttest|ttest,10,28,0.13958729244649204,0.07729618163054697,0.13958729244649198,10.0,5
resampling,xgb|perm,10,28,0.09956809674632883,0.05624355005159959,0.0995680967463288,10.0,5
resampling,xgb|shap,10,28,0.09956809674632883,0.056243550051599575,0.09956809674632881,10.0,5
model,explainer=coef,10,28,0.29966407524714467,0.1847093223254214,0.2996640752471446,10.0,5
model,explainer=perm,10,28,0.10290302972134238,0.05973225547528953,0.10290302972134242,10.0,5
model,explainer=shap,10,28,0.18294142112166872,0.11402100651326656,0.18294142112166872,10.0,5
explainer,model=logreg,10,28,0.2796544773970629,0.17578505086245022,0.27965447739706306,10.0,5
explainer,model=rf,10,28,0.6998560322487763,0.557042957042957,0.6998560322487763,10.0,5
explainer,model=svm,10,28,0.29966407524714456,0.19250659328058708,0.29966407524714467,10.0,5
explainer,model=xgb,10,28,0.8599328150494289,0.7575757575757576,0.8599328150494289,10.0,5
combined,all_primary,10,28,0.17649388403664235,0.11557607282065488,0.17649388403664246,10.0,5
baseline,logreg|coef_vs_ttest,10,28,-0.00047989250407898254,0.0,-0.0004798925040790863,10.0,5
baseline,logreg|shap_vs_ttest,10,28,0.01952970534600258,0.010526315789473684,0.019529705346002502,10.0,5
baseline,logreg|perm_vs_ttest,10,28,-0.00047989250407898254,0.0,-0.0004798925040790863,10.0,5
baseline,svm|coef_vs_ttest,10,28,-0.00047989250407898254,0.0,-0.0004798925040790863,10.0,5
baseline,svm|shap_vs_ttest,10,28,0.01952970534600258,0.010526315789473684,0.019529705346002502,10.0,5
baseline,svm|perm_vs_ttest,10,28,-0.00047989250407898254,0.0,-0.0004798925040790863,10.0,5
baseline,rf|shap_vs_ttest,10,28,0.01952970534600258,0.010526315789473684,0.019529705346002502,10.0,5
baseline,rf|perm_vs_ttest,10,28,0.01952970534600258,0.010526315789473684,0.019529705346002502,10.0,5
baseline,xgb|shap_vs_ttest,10,28,0.09956809674632883,0.05263157894736842,0.09956809674632883,10.0,5
baseline,xgb|perm_vs_ttest,10,28,0.09956809674632883,0.05263157894736842,0.09956809674632883,10.0,5
sensitivity,logreg_coef_across_C,10,28,0.586468311098314,0.4794018617548029,0.586468311098314,10.0,5
resampling,logreg_C0.1|coef,25,28,0.2871451760072995,0.17002769097843978,0.28714517600729966,25.0,5
resampling,logreg_C100|coef,25,28,0.2511019545694664,0.14657125751189512,0.2511019545694665,25.0,5
resampling,logreg|coef,25,28,0.3311980022090957,0.20230841838111843,0.3311980022090958,25.0,5
resampling,logreg|perm,25,28,0.21105393074965184,0.12221924718163835,0.2110539307496518,25.0,5
resampling,logreg|shap,25,28,0.30716918791720693,0.18404838370805474,0.307169187917207,25.0,5
resampling,rf|perm,25,28,0.10292426643615216,0.05524772351123612,0.10292426643615234,25.0,5
resampling,rf|shap,25,28,0.09491466167218932,0.050724637681159424,0.0949146616721894,25.0,5
resampling,svm|coef,25,28,0.3031643855352254,0.18226099934958354,0.3031643855352255,25.0,5
resampling,svm|perm,25,28,0.21105393074965184,0.12092634317829551,0.2110539307496518,25.0,5
resampling,svm|shap,25,28,0.2871451760072995,0.17023039429572268,0.28714517600729966,25.0,5
resampling,ttest|ttest,25,28,0.1910299188397444,0.10906444145112815,0.19102991883974454,25.0,5
resampling,xgb|perm,25,28,0.13095788311002243,0.07208825899971819,0.13095788311002257,25.0,5
resampling,xgb|shap,25,28,0.1269530807280409,0.06964469974910042,0.1269530807280411,25.0,5
model,explainer=coef,25,28,0.3432124093550401,0.21668512366186782,0.3432124093550401,25.0,5
model,explainer=perm,25,28,0.11493867358209668,0.06618771631162976,0.11493867358209671,25.0,5
model,explainer=shap,25,28,0.20037445773103446,0.12268955517255202,0.2003744577310346,25.0,5
explainer,model=logreg,25,28,0.37525082841089163,0.23953238925792103,0.3752508284108918,25.0,5
explainer,model=rf,25,28,0.783740671373001,0.6465748980348536,0.783740671373001,25.0,5
explainer,model=svm,25,28,0.3672412236469288,0.23603975768083868,0.3672412236469288,25.0,5
explainer,model=xgb,25,28,0.8798559285405562,0.787538770297391,0.8798559285405562,25.0,5
combined,all_primary,25,28,0.20580318984883156,0.13406874940825045,0.20580318984883172,25.0,5
baseline,logreg|coef_vs_ttest,25,28,0.006809009268597133,0.004081632653061224,0.006809009268597227,25.0,5
baseline,logreg|shap_vs_ttest,25,28,0.006809009268597133,0.004081632653061224,0.006809009268597227,25.0,5
baseline,logreg|perm_vs_ttest,25,28,-0.001200595495365775,0.0,-0.0012005954953657014,25.0,5
baseline,svm|coef_vs_ttest,25,28,0.006809009268597133,0.004081632653061224,0.006809009268597227,25.0,5
baseline,svm|shap_vs_ttest,25,28,0.01481861403256004,0.008163265306122448,0.014818614032560152,25.0,5
baseline,svm|perm_vs_ttest,25,28,0.006809009268597133,0.004081632653061224,0.006809009268597224,25.0,5
baseline,rf|shap_vs_ttest,25,28,0.03884742832444885,0.02074829931972789,0.03884742832444893,25.0,5
baseline,rf|perm_vs_ttest,25,28,0.03884742832444885,0.02074829931972789,0.03884742832444893,25.0,5
baseline,xgb|shap_vs_ttest,25,28,0.07088584738030053,0.03759588941959762,0.07088584738030063,25.0,5
baseline,xgb|perm_vs_ttest,25,28,0.07889545214426348,0.042221236320615196,0.07889545214426355,25.0,5
sensitivity,logreg_coef_across_C,25,28,0.5995197618018537,0.4769095945566534,0.5995197618018537,25.0,5
resampling,logreg_C0.1|coef,50,28,0.31235080296182305,0.1876371312354412,0.3123508029618232,50.0,5
resampling,logreg_C100|coef,50,28,0.26223059909606683,0.15364678959515393,0.26223059909606694,50.0,5
resampling,logreg|coef,50,28,0.3023267621886718,0.1809289618067471,0.30232676218867194,50.0,5
resampling,logreg|perm,50,28,0.23215847677661294,0.1357409502354412,0.2321584767766131,50.0,5
resampling,logreg|shap,50,28,0.30433157034330216,0.18174220913677724,0.3043315703433022,50.0,5
resampling,rf|perm,50,28,0.07778824887008362,0.04193874390014141,0.07778824887008366,50.0,5
resampling,rf|shap,50,28,0.08781228964323484,0.04730813025733261,0.08781228964323493,50.0,5
resampling,svm|coef,50,28,0.3003219540340416,0.1797442066048774,0.30032195403404177,50.0,5
resampling,svm|perm,50,28,0.2361680930858735,0.1369897001966784,0.2361680930858737,50.0,5
resampling,svm|shap,50,28,0.2983171458794114,0.17728235239841755,0.2983171458794115,50.0,5
resampling,ttest|ttest,50,28,0.28628829695162983,0.1712630935379206,0.28628829695162994,50.0,5
resampling,xgb|perm,50,28,0.13592768535436095,0.07506723235819773,0.13592768535436098,50.0,5
resampling,xgb|shap,50,28,0.13392287719973062,0.073812825403643,0.13392287719973073,50.0,5
model,explainer=coef,50,28,0.40657678622944504,0.26488111463306363,0.4065767862294451,50.0,5
model,explainer=perm,50,28,0.12323056704170261,0.070422437802684,0.12323056704170272,50.0,5
model,explainer=shap,50,28,0.19874500753277552,0.12415129920448205,0.1987450075327756,50.0,5
explainer,model=logreg,50,28,0.4025671699201845,0.25874320658382477,0.40256716992018465,50.0,5
explainer,model=rf,50,28,0.715317242042504,0.558303255883901,0.715317242042504,50.0,5
explainer,model=svm,50,28,0.4105864025387055,0.26615401622694346,0.41058640253870565,50.0,5
explainer,model=xgb,50,28,0.8877307433407058,0.7996135409928513,0.8877307433407058,50.0,5
combined,all_primary,50,28,0.21687738350909794,0.14118940081480552,0.21687738350909808,50.0,5
baseline,logreg|coef_vs_ttest,50,28,0.013634387921915425,0.008122036693465265,0.01363438792191557,50.0,5
baseline,logreg|shap_vs_ttest,50,28,0.041701702086738957,0.02268216564976506,0.04170170208673911,50.0,5
baseline,logreg|perm_vs_ttest,50,28,0.013634387921915425,0.0082057690305113,0.01363438792191557,50.0,5
baseline,svm|coef_vs_ttest,50,28,0.005615155303394426,0.00404040404040404,0.005615155303394558,50.0,5
baseline,svm|shap_vs_ttest,50,28,0.029672853158957423,0.016369034336633746,0.02967285315895759,50.0,5
baseline,svm|perm_vs_ttest,50,28,0.025663236849696937,0.014223871366728508,0.025663236849697086,50.0,5
baseline,rf|shap_vs_ttest,50,28,0.04972093470525998,0.02693785385049628,0.04972093470526012,50.0,5
baseline,rf|perm_vs_ttest,50,28,0.06174978363304153,0.03329481712940359,0.06174978363304164,50.0,5
baseline,xgb|shap_vs_ttest,50,28,0.065759399942302,0.035443967619767945,0.06575939994230215,50.0,5
baseline,xgb|perm_vs_ttest,50,28,0.065759399942302,0.035443967619767945,0.06575939994230215,50.0,5
sensitivity,logreg_coef_across_C,50,28,0.6271056832387728,0.5090987403152188,0.627105683238773,50.0,5
resampling,logreg_C0.1|coef,10,29,0.32967847202226697,0.2011437908496732,0.3296784720222669,10.0,5
resampling,logreg_C100|coef,10,29,0.4297264612726749,0.2902484340564836,0.42972646127267494,10.0,5
resampling,logreg|coef,10,29,0.379702466647471,0.23905228758169933,0.3797024666474709,10.0,5
resampling,logreg|perm,10,29,0.29966407524714467,0.19463562753036434,0.2996640752471446,10.0,5
resampling,logreg|shap,10,29,0.26964967847202226,0.16647746818025455,0.26964967847202226,10.0,5
resampling,rf|perm,10,29,0.0195297053460024,0.010526315789473684,0.019529705346002495,10.0,5
resampling,rf|shap,10,29,0.0195297053460024,0.010526315789473684,0.019529705346002495,10.0,5
resampling,svm|coef,10,29,0.26964967847202226,0.1593137254901961,0.26964967847202226,10.0,5
resampling,svm|perm,10,29,0.33968327094730777,0.2160818713450292,0.33968327094730777,10.0,5
resampling,svm|shap,10,29,0.26964967847202226,0.16068971448228414,0.26964967847202226,10.0,5
resampling,ttest|ttest,10,29,0.13958729244649204,0.07602339181286548,0.13958729244649198,10.0,5
resampling,xgb|perm,10,29,0.07955849889624711,0.04327485380116959,0.07955849889624725,10.0,5
resampling,xgb|shap,10,29,0.08956329782128802,0.04912280701754386,0.08956329782128804,10.0,5
model,explainer=coef,10,29,0.2796544773970631,0.16339869281045755,0.27965447739706306,10.0,5
model,explainer=perm,10,29,0.12624756054643754,0.08445485256630766,0.1262475605464376,10.0,5
model,explainer=shap,10,29,0.19294622004670953,0.12443593271766644,0.19294622004670953,10.0,5
explainer,model=logreg,10,29,0.3196736730972261,0.20501007420512068,0.3196736730972262,10.0,5
explainer,model=rf,10,29,0.7198656300988577,0.5724275724275724,0.7198656300988577,10.0,5
explainer,model=svm,10,29,0.29966407524714445,0.18554310613134145,0.2996640752471446,10.0,5
explainer,model=xgb,10,29,0.8999520107495922,0.8303030303030303,0.8999520107495922,10.0,5
combined,all_primary,10,29,0.18005114587665685,0.12049587648142861,0.180051145876657,10.0,5
baseline,logreg|coef_vs_ttest,10,29,-0.00047989250407898254,0.0,-0.0004798925040790863,10.0,5
baseline,logreg|shap_vs_ttest,10,29,0.01952970534600258,0.010526315789473684,0.019529705346002502,10.0,5
baseline,logreg|perm_vs_ttest,10,29,-0.00047989250407898254,0.0,-0.0004798925040790863,10.0,5
baseline,svm|coef_vs_ttest,10,29,-0.00047989250407898254,0.0,-0.0004798925040790863,10.0,5
baseline,svm|shap_vs_ttest,10,29,0.03953930319608414,0.021052631578947368,0.03953930319608408,10.0,5
baseline,svm|perm_vs_ttest,10,29,-0.00047989250407898254,0.0,-0.0004798925040790863,10.0,5
baseline,rf|shap_vs_ttest,10,29,0.059548901046165725,0.0327485380116959,0.059548901046165656,10.0,5
baseline,rf|perm_vs_ttest,10,29,0.059548901046165725,0.0327485380116959,0.059548901046165656,10.0,5
baseline,xgb|shap_vs_ttest,10,29,0.01952970534600258,0.010526315789473684,0.019529705346002502,10.0,5
baseline,xgb|perm_vs_ttest,10,29,0.01952970534600258,0.010526315789473684,0.019529705346002502,10.0,5
sensitivity,logreg_coef_across_C,10,29,0.6665067024986403,0.5191641691641691,0.6665067024986403,10.0,5
resampling,logreg_C0.1|coef,25,29,0.3712460260289102,0.23087820618942811,0.37124602602891044,25.0,5
resampling,logreg_C100|coef,25,29,0.3191835950631513,0.194199639526833,0.31918359506315136,25.0,5
resampling,logreg|coef,25,29,0.3872652355568361,0.24539617144551915,0.3872652355568363,25.0,5
resampling,logreg|perm,25,29,0.3231883974451326,0.1978641513525235,0.3231883974451328,25.0,5
resampling,logreg|shap,25,29,0.335202804591077,0.20823950280057496,0.3352028045910772,25.0,5
resampling,rf|perm,25,29,0.02282821879652286,0.012414965986394558,0.022828218796523077,25.0,5
resampling,rf|shap,25,29,0.02282821879652286,0.012329931972789115,0.022828218796523074,25.0,5
resampling,svm|coef,25,29,0.2871451760072995,0.17070932778780074,0.28714517600729966,25.0,5
resampling,svm|perm,25,29,0.28314037362531796,0.17275956377538937,0.28314037362531813,25.0,5
resampling,svm|shap,25,29,0.2751307688613551,0.16191553841989118,0.27513076886135523,25.0,5
resampling,ttest|ttest,25,29,0.1750107093118185,0.09716096924323585,0.17501070931181867,25.0,5
resampling,xgb|perm,25,29,0.08290025452624483,0.044516682713788565,0.08290025452624503,25.0,5
resampling,xgb|shap,25,29,0.07088584738030046,0.038133703990384314,0.07088584738030064,25.0,5
model,explainer=coef,25,29,0.3752508284108918,0.2339956791176303,0.3752508284108918,25.0,5
model,explainer=perm,25,29,0.12561814660071385,0.07469811083232936,0.12561814660071396,25.0,5
model,explainer=shap,25,29,0.1990395236037074,0.12314217378216319,0.19903952360370744,25.0,5
explainer,model=logreg,25,29,0.4152988522307063,0.27673852323029324,0.4152988522307065,25.0,5
explainer,model=rf,25,29,0.7356830427892234,0.5839442815249266,0.7356830427892234,25.0,5
explainer,model=svm,25,29,0.37525082841089163,0.24254634464504005,0.3752508284108918,25.0,5
explainer,model=xgb,25,29,0.887865533304519,0.7998540412333515,0.887865533304519,25.0,5
combined,all_primary,25,29,0.20918502297139369,0.13786444237790735,0.20918502297139385,25.0,5
baseline,logreg|coef_vs_ttest,25,29,-0.001200595495365775,0.0,-0.0012005954953657014,25.0,5
baseline,logreg|shap_vs_ttest,25,29,0.046857033088411715,0.024659863945578227,0.046857033088411854,25.0,5
baseline,logreg|perm_vs_ttest,25,29,0.006809009268597133,0.004081632653061224,0.006809009268597227,25.0,5
baseline,svm|coef_vs_ttest,25,29,-0.001200595495365775,0.0,-0.0012005954953657014,25.0,5
baseline,svm|shap_vs_ttest,25,29,0.07889545214426348,0.042221236320615196,0.07889545214426355,25.0,5
baseline,svm|perm_vs_ttest,25,29,0.01481861403256004,0.008163265306122448,0.014818614032560152,25.0,5
baseline,rf|shap_vs_ttest,25,29,0.05486663785237467,0.02926255608626429,0.05486663785237478,25.0,5
baseline,rf|perm_vs_ttest,25,29,0.07088584738030053,0.03796953564034309,0.07088584738030064,25.0,5
baseline,xgb|shap_vs_ttest,25,29,0.038847428324448804,0.020578231292517006,0.03884742832444893,25.0,5
baseline,xgb|perm_vs_ttest,25,29,0.046857033088411715,0.025010855405992183,0.046857033088411854,25.0,5
sensitivity,logreg_coef_across_C,25,29,0.7543721205718035,0.6251479888023216,0.7543721205718036,25.0,5
resampling,logreg_C0.1|coef,50,29,0.3885335128377728,0.24666520974816258,0.3885335128377728,50.0,5
resampling,logreg_C100|coef,50,29,0.3243796518896046,0.19647126281869337,0.32437965188960477,50.0,5
resampling,logreg|coef,50,29,0.38251908837388204,0.24101738093287492,0.3825190883738821,50.0,5
resampling,logreg|perm,50,29,0.3003219540340416,0.1820367100241445,0.3003219540340417,50.0,5
resampling,logreg|shap,50,29,0.3644758149822097,0.22749003181865546,0.3644758149822098,50.0,5
resampling,rf|perm,50,29,0.047716126550629734,0.025907802654760254,0.047716126550629866,50.0,5
resampling,rf|shap,50,29,0.03568727762284818,0.019655158056250992,0.03568727762284835,50.0,5
resampling,svm|coef,50,29,0.30433157034330216,0.18136146319229535,0.3043315703433022,50.0,5
resampling,svm|perm,50,29,0.2983171458794114,0.18058704249264199,0.2983171458794115,50.0,5
resampling,svm|shap,50,29,0.24619213385902483,0.14319721439803126,0.24619213385902486,50.0,5
resampling,ttest|ttest,50,29,0.17802865660159617,0.09987518509805804,0.17802865660159634,50.0,5
resampling,xgb|perm,50,29,0.07578344071545329,0.04070513175427523,0.0757834407154534,50.0,5
resampling,xgb|shap,50,29,0.09182190595249518,0.04950472196702158,0.09182190595249543,50.0,5
model,explainer=coef,50,29,0.4266248677757476,0.27799345859201374,0.4266248677757477,50.0,5
model,explainer=perm,50,29,0.14194210981825167,0.08701297834725237,0.14194210981825175,50.0,5
model,explainer=shap,50,29,0.20542770138154304,0.12750399246485566,0.2054277013815431,50.0,5
explainer,model=logreg,50,29,0.45469218194057104,0.31108825379496485,0.45469218194057115,50.0,5
explainer,model=rf,50,29,0.747394172516588,0.5978701325409417,0.7473941725165881,50.0,5
explainer,model=svm,50,29,0.422615251466487,0.2790567460866215,0.42261525146648715,50.0,5
explainer,model=xgb,50,29,0.8676826617944033,0.7669172932330828,0.8676826617944033,50.0,5
combined,all_primary,50,29,0.22810430917502736,0.15133495378889233,0.2281043091750275,50.0,5
baseline,logreg|coef_vs_ttest,50,29,0.0016055389941339148,0.00202020202020202,0.0016055389941340523,50.0,5
baseline,logreg|shap_vs_ttest,50,29,0.05373055101452044,0.028956780758966634,0.05373055101452062,50.0,5
baseline,logreg|perm_vs_ttest,50,29,0.005615155303394426,0.00404040404040404,0.005615155303394558,50.0,5
baseline,svm|coef_vs_ttest,50,29,0.005615155303394426,0.00404040404040404,0.005615155303394558,50.0,5
baseline,svm|shap_vs_ttest,50,29,0.057740167323781,0.031015498983098393,0.057740167323781136,50.0,5
baseline,svm|perm_vs_ttest,50,29,0.021653620540436447,0.012246173070915339,0.02165362054043658,50.0,5
baseline,rf|shap_vs_ttest,50,29,0.065759399942302,0.03544812309657357,0.06575939994230215,50.0,5
baseline,rf|perm_vs_ttest,50,29,0.07377863256082304,0.03983986344787333,0.07377863256082316,50.0,5
baseline,xgb|shap_vs_ttest,50,29,0.08179786517934406,0.04417212437929123,0.08179786517934416,50.0,5
baseline,xgb|perm_vs_ttest,50,29,0.08981709779786506,0.048473196669485255,0.08981709779786518,50.0,5
sensitivity,logreg_coef_across_C,50,29,0.8048653396159887,0.690293893626792,0.8048653396159887,50.0,5
