dimension,group,k,repeat,phi,jaccard,kuncheva,mean_set_size,n_units
resampling,logreg_C0.1|coef,10,0,0.4497360591227565,0.3095707783788279,0.44973605912275644,10.0,5
resampling,logreg_C0.1|coef,10,1,0.569793646223246,0.4166971916971917,0.569793646223246,10.0,5
resampling,logreg_C0.1|coef,10,2,0.33968327094730777,0.2215964118440898,0.33968327094730777,10.0,5
resampling,logreg_C0.1|coef,10,3,0.3496880698723486,0.23343653250773994,0.34968806987234863,10.0,5
resampling,logreg_C0.1|coef,10,4,0.3496880698723486,0.2280689468769964,0.3496880698723486,10.0,5
resampling,logreg_C0.1|coef,10,5,0.3897072655725117,0.2510614772224679,0.3897072655725117,10.0,5
resampling,logreg_C0.1|coef,10,6,0.35969286879738926,0.23696817458427363,0.3596928687973893,10.0,5
resampling,logreg_C0.1|coef,10,7,0.3997120644975525,0.26833505331957347,0.39971206449755253,10.0,5
resampling,logreg_C0.1|coef,10,8,0.4197216623476342,0.28289549288001303,0.4197216623476342,10.0,5
resampling,logreg_C0.1|coef,10,9,0.3897072655725117,0.25156395891690014,0.3897072655725117,10.0,5
resampling,logreg_C0.1|coef,10,10,0.4597408580477973,0.3172972022817224,0.4597408580477973,10.0,5
resampling,logreg_C0.1|coef,10,11,0.4297264612726749,0.30050125313283205,0.4297264612726749,10.0,5
resampling,logreg_C0.1|coef,10,12,0.29966407524714467,0.18140694874441005,0.2996640752471446,10.0,5
resampling,logreg_C0.1|coef,10,13,0.4397312601977157,0.30598290598290595,0.43973126019771575,10.0,5
resampling,logreg_C0.1|coef,10,14,0.4497360591227565,0.308624502432552,0.4497360591227565,10.0,5
resampling,logreg_C0.1|coef,10,15,0.36969766772243007,0.23669467787114845,0.3696976677224302,10.0,5
resampling,logreg_C0.1|coef,10,16,0.36969766772243007,0.24408891761832935,0.3696976677224302,10.0,5
resampling,logreg_C0.1|coef,10,17,0.36969766772243007,0.24133325394935304,0.3696976677224302,10.0,5
resampling,logreg_C0.1|coef,10,18,0.4697456569728381,0.32963290579389654,0.469745656972838,10.0,5
resampling,logreg_C0.1|coef,10,19,0.4997600537479605,0.389219930396401,0.4997600537479604,10.0,5
resampling,logreg_C100|coef,10,0,0.379702466647471,0.2519664545980336,0.379702466647471,10.0,5
resampling,logreg_C100|coef,10,1,0.4497360591227565,0.3016519428284134,0.4497360591227565,10.0,5
resampling,logreg_C100|coef,10,2,0.3997120644975525,0.2698235974551764,0.39971206449755253,10.0,5
resampling,logreg_C100|coef,10,3,0.36969766772243007,0.25654038943512625,0.3696976677224302,10.0,5
resampling,logreg_C100|coef,10,4,0.3997120644975525,0.26468253968253974,0.39971206449755253,10.0,5
resampling,logreg_C100|coef,10,5,0.36969766772243007,0.26564525945330897,0.36969766772243007,10.0,5
resampling,logreg_C100|coef,10,6,0.32967847202226697,0.21271929824561403,0.329678472022267,10.0,5
resampling,logreg_C100|coef,10,7,0.4397312601977156,0.2886554621848739,0.43973126019771575,10.0,5
resampling,logreg_C100|coef,10,8,0.3496880698723486,0.22564697943954912,0.3496880698723485,10.0,5
resampling,logreg_C100|coef,10,9,0.29966407524714467,0.20601702219349277,0.29966407524714467,10.0,5
resampling,logreg_C100|coef,10,10,0.30966887417218536,0.19782790309106096,0.30966887417218547,10.0,5
resampling,logreg_C100|coef,10,11,0.379702466647471,0.25693721483195164,0.379702466647471,10.0,5
resampling,logreg_C100|coef,10,12,0.3997120644975525,0.28707827260458846,0.39971206449755253,10.0,5
resampling,logreg_C100|coef,10,13,0.30966887417218536,0.1923546611627107,0.30966887417218547,10.0,5
resampling,logreg_C100|coef,10,14,0.29966407524714467,0.1874047864759939,0.2996640752471446,10.0,5
resampling,logreg_C100|coef,10,15,0.3897072655725118,0.25703720084525045,0.38970726557251173,10.0,5
resampling,logreg_C100|coef,10,16,0.36969766772243007,0.24363312126470021,0.3696976677224302,10.0,5
resampling,logreg_C100|coef,10,17,0.30966887417218536,0.19816159932259003,0.30966887417218547,10.0,5
resampling,logreg_C100|coef,10,18,0.31967367309722616,0.20701952845915694,0.31967367309722616,10.0,5
resampling,logreg_C100|coef,10,19,0.4197216623476342,0.284004884004884,0.4197216623476342,10.0,5
resampling,logreg|coef,10,0,0.21962568384681824,0.12915376676986584,0.21962568384681833,10.0,5
resampling,logreg|coef,10,1,0.33968327094730777,0.23133030540151278,0.33968327094730777,10.0,5
resampling,logreg|coef,10,2,0.22963048277185916,0.13997248022015824,0.2296304827718591,10.0,5
resampling,logreg|coef,10,3,0.07955849889624711,0.043859649122807015,0.07955849889624725,10.0,5
resampling,logreg|coef,10,4,0.26964967847202226,0.17094820384294068,0.26964967847202226,10.0,5
resampling,logreg|coef,10,5,0.19961608599673675,0.11444788441692466,0.19961608599673672,10.0,5
resampling,logreg|coef,10,6,0.21962568384681824,0.12775197798417612,0.2196256838468183,10.0,5
resampling,logreg|coef,10,7,0.17960648814665503,0.10137598899208806,0.1796064881466551,10.0,5
resampling,logreg|coef,10,8,0.24964008062194065,0.15413165266106443,0.24964008062194068,10.0,5
resampling,logreg|coef,10,9,0.19961608599673675,0.12320261437908497,0.19961608599673675,10.0,5
resampling,logreg|coef,10,10,0.21962568384681824,0.13523391812865496,0.21962568384681833,10.0,5
resampling,logreg|coef,10,11,0.29966407524714467,0.19195783576588532,0.29966407524714456,10.0,5
resampling,logreg|coef,10,12,0.12958249352145113,0.07412280701754385,0.12958249352145118,10.0,5
resampling,logreg|coef,10,13,0.17960648814665514,0.10931372549019609,0.17960648814665517,10.0,5
resampling,logreg|coef,10,14,0.09956809674632883,0.05565875472996216,0.09956809674632881,10.0,5
resampling,logreg|coef,10,15,0.12958249352145113,0.07399380804953559,0.1295824935214512,10.0,5
resampling,logreg|coef,10,16,0.25964487954698134,0.15565875472996216,0.25964487954698146,10.0,5
resampling,logreg|coef,10,17,0.25964487954698134,0.15991940635903484,0.25964487954698146,10.0,5
resampling,logreg|coef,10,18,0.14959209137153273,0.0923546611627107,0.1495920913715328,10.0,5
resampling,logreg|coef,10,19,0.17960648814665503,0.10333677330581356,0.1796064881466551,10.0,5
resampling,logreg|perm,10,0,0.25964487954698134,0.16981792717086835,0.2596448795469815,10.0,5
resampling,logreg|perm,10,1,0.20962088492177744,0.128921568627451,0.2096208849217775,10.0,5
resampling,logreg|perm,10,2,0.27965447739706306,0.1857142857142857,0.2796544773970631,10.0,5
resampling,logreg|perm,10,3,0.11957769459641032,0.07687847068652023,0.11957769459641039,10.0,5
resampling,logreg|perm,10,4,0.32967847202226697,0.22857142857142856,0.3296784720222671,10.0,5
resampling,logreg|perm,10,5,0.21962568384681824,0.1350017199862401,0.21962568384681833,10.0,5
resampling,logreg|perm,10,6,0.19961608599673675,0.1215686274509804,0.19961608599673675,10.0,5
resampling,logreg|perm,10,7,0.16960168922161423,0.10864661654135337,0.16960168922161434,10.0,5
resampling,logreg|perm,10,8,0.13958729244649204,0.08441692466460268,0.139587292446492,10.0,5
resampling,logreg|perm,10,9,0.22963048277185916,0.14759570494864613,0.2296304827718591,10.0,5
resampling,logreg|perm,10,10,0.28965927632210375,0.19285714285714284,0.28965927632210386,10.0,5
resampling,logreg|perm,10,11,0.27965447739706306,0.1925016160310278,0.279654477397063,10.0,5
resampling,logreg|perm,10,12,0.12958249352145113,0.07817337461300308,0.12958249352145124,10.0,5
resampling,logreg|perm,10,13,0.16960168922161423,0.10166838665290678,0.16960168922161437,10.0,5
resampling,logreg|perm,10,14,0.09956809674632883,0.05438596491228069,0.09956809674632883,10.0,5
resampling,logreg|perm,10,15,0.10957289567136952,0.06608187134502923,0.10957289567136963,10.0,5
resampling,logreg|perm,10,16,0.17960648814665503,0.10931372549019609,0.1796064881466551,10.0,5
resampling,logreg|perm,10,17,0.25964487954698134,0.16764705882352943,0.2596448795469815,10.0,5
resampling,logreg|perm,10,18,0.17960648814665503,0.11148459383753502,0.17960648814665514,10.0,5
resampling,logreg|perm,10,19,0.17960648814665503,0.12149321266968327,0.17960648814665514,10.0,5
resampling,logreg|shap,10,0,0.24964008062194065,0.14846921224630202,0.24964008062194062,10.0,5
resampling,logreg|shap,10,1,0.19961608599673675,0.1150326797385621,0.19961608599673672,10.0,5
resampling,logreg|shap,10,2,0.22963048277185916,0.1347093223254214,0.22963048277185907,10.0,5
resampling,logreg|shap,10,3,0.059548901046165614,0.0327485380116959,0.059548901046165656,10.0,5
resampling,logreg|shap,10,4,0.18961128707169594,0.11271929824561402,0.18961128707169594,10.0,5
resampling,logreg|shap,10,5,0.15959689029657353,0.0923546611627107,0.15959689029657356,10.0,5
resampling,logreg|shap,10,6,0.14959209137153273,0.08255933952528378,0.1495920913715328,10.0,5
resampling,logreg|shap,10,7,0.14959209137153273,0.08650670794633644,0.1495920913715328,10.0,5
resampling,logreg|shap,10,8,0.20962088492177744,0.1296783625730994,0.2096208849217775,10.0,5
resampling,logreg|shap,10,9,0.16960168922161423,0.10016339869281046,0.16960168922161437,10.0,5
resampling,logreg|shap,10,10,0.17960648814665503,0.10791193670450636,0.17960648814665517,10.0,5
resampling,logreg|shap,10,11,0.22963048277185916,0.13222394220846237,0.22963048277185907,10.0,5
resampling,logreg|shap,10,12,0.08956329782128802,0.04853801169590643,0.08956329782128804,10.0,5
resampling,logreg|shap,10,13,0.15959689029657353,0.09281045751633987,0.15959689029657356,10.0,5
resampling,logreg|shap,10,14,0.04954410212112492,0.026900584795321637,0.04954410212112487,10.0,5
resampling,logreg|shap,10,15,0.14959209137153273,0.08383212934296524,0.1495920913715328,10.0,5
resampling,logreg|shap,10,16,0.11957769459641032,0.06618507051943583,0.11957769459641039,10.0,5
resampling,logreg|shap,10,17,0.13958729244649204,0.07856897144822841,0.13958729244649198,10.0,5
resampling,logreg|shap,10,18,0.10957289567136952,0.06405228758169935,0.1095728956713696,10.0,5
resampling,logreg|shap,10,19,0.08956329782128802,0.05108359133126935,0.08956329782128802,10.0,5
resampling,rf|perm,10,0,0.10957289567136952,0.06150670794633643,0.10957289567136963,10.0,5
resampling,rf|perm,10,1,0.11957769459641032,0.06687306501547988,0.1195776945964104,10.0,5
resampling,rf|perm,10,2,0.059548901046165614,0.0327485380116959,0.059548901046165656,10.0,5
resampling,rf|perm,10,3,0.0695536999712063,0.038011695906432746,0.06955369997120645,10.0,5
resampling,rf|perm,10,4,0.12958249352145113,0.07330581355349157,0.12958249352145118,10.0,5
resampling,rf|perm,10,5,0.0695536999712063,0.03742690058479532,0.06955369997120645,10.0,5
resampling,rf|perm,10,6,0.12958249352145113,0.07213622291021674,0.12958249352145118,10.0,5
resampling,rf|perm,10,7,0.10957289567136952,0.060921912624699,0.1095728956713696,10.0,5
resampling,rf|perm,10,8,0.0695536999712063,0.038011695906432746,0.06955369997120645,10.0,5
resampling,rf|perm,10,9,0.0695536999712063,0.03742690058479532,0.06955369997120645,10.0,5
resampling,rf|perm,10,10,0.059548901046165614,0.0327485380116959,0.059548901046165656,10.0,5
resampling,rf|perm,10,11,0.13958729244649204,0.07729618163054694,0.13958729244649198,10.0,5
resampling,rf|perm,10,12,0.10957289567136952,0.06023391812865497,0.1095728956713696,10.0,5
resampling,rf|perm,10,13,0.08956329782128802,0.05039559683522532,0.08956329782128802,10.0,5
resampling,rf|perm,10,14,0.09956809674632883,0.05438596491228069,0.09956809674632883,10.0,5
resampling,rf|perm,10,15,0.08956329782128802,0.04853801169590643,0.08956329782128804,10.0,5
resampling,rf|perm,10,16,0.10957289567136952,0.060921912624698996,0.1095728956713696,10.0,5
resampling,rf|perm,10,17,0.12958249352145113,0.07213622291021674,0.12958249352145118,10.0,5
resampling,rf|perm,10,18,0.19961608599673675,0.11775025799793601,0.19961608599673672,10.0,5
resampling,rf|perm,10,19,0.08956329782128802,0.049226006191950465,0.08956329782128802,10.0,5
resampling,rf|shap,10,0,0.09956809674632883,0.055073959408324734,0.09956809674632881,10.0,5
resampling,rf|shap,10,1,0.07955849889624711,0.045132438940488476,0.07955849889624725,10.0,5
resampling,rf|shap,10,2,0.07955849889624711,0.04444444444444444,0.07955849889624723,10.0,5
resampling,rf|shap,10,3,0.0695536999712063,0.038011695906432746,0.06955369997120645,10.0,5
resampling,rf|shap,10,4,0.13958729244649204,0.07856897144822841,0.13958729244649198,10.0,5
resampling,rf|shap,10,5,0.059548901046165614,0.03216374269005848,0.059548901046165656,10.0,5
resampling,rf|shap,10,6,0.12958249352145113,0.07144822841417268,0.12958249352145118,10.0,5
resampling,rf|shap,10,7,0.16960168922161423,0.0969298245614035,0.16960168922161434,10.0,5
resampling,rf|shap,10,8,0.0695536999712063,0.038011695906432746,0.06955369997120645,10.0,5
resampling,rf|shap,10,9,0.059548901046165614,0.03216374269005848,0.059548901046165656,10.0,5
resampling,rf|shap,10,10,0.07955849889624711,0.044547643618851045,0.07955849889624725,10.0,5
resampling,rf|shap,10,11,0.14959209137153273,0.08383212934296527,0.1495920913715328,10.0,5
resampling,rf|shap,10,12,0.08956329782128802,0.05039559683522532,0.08956329782128802,10.0,5
resampling,rf|shap,10,13,0.10957289567136952,0.06219470244238047,0.1095728956713696,10.0,5
resampling,rf|shap,10,14,0.08956329782128802,0.04853801169590643,0.08956329782128804,10.0,5
resampling,rf|shap,10,15,0.07955849889624711,0.04327485380116959,0.07955849889624725,10.0,5
resampling,rf|shap,10,16,0.11957769459641032,0.06608187134502923,0.1195776945964104,10.0,5
resampling,rf|shap,10,17,0.059548901046165614,0.03216374269005848,0.059548901046165656,10.0,5
resampling,rf|shap,10,18,0.16960168922161423,0.0970330237358101,0.16960168922161434,10.0,5
resampling,rf|shap,10,19,0.04954410212112492,0.02631578947368421,0.04954410212112487,10.0,5
resampling,svm|coef,10,0,0.4897552548229197,0.34463836816777993,0.48975525482291965,10.0,5
resampling,svm|coef,10,1,0.4597408580477973,0.31725023342670405,0.4597408580477972,10.0,5
resampling,svm|coef,10,2,0.4597408580477973,0.3161243984773396,0.4597408580477973,10.0,5
resampling,svm|coef,10,3,0.4097168634225933,0.2921149026412185,0.4097168634225933,10.0,5
resampling,svm|coef,10,4,0.4697456569728381,0.3219546793076205,0.469745656972838,10.0,5
resampling,svm|coef,10,5,0.4897552548229197,0.35161092777191844,0.48975525482291965,10.0,5
resampling,svm|coef,10,6,0.4197216623476342,0.28253968253968254,0.4197216623476341,10.0,5
resampling,svm|coef,10,7,0.4597408580477973,0.31096566831860945,0.4597408580477973,10.0,5
resampling,svm|coef,10,8,0.3897072655725118,0.25187847068652014,0.38970726557251173,10.0,5
resampling,svm|coef,10,9,0.4697456569728381,0.32266034618975786,0.469745656972838,10.0,5
resampling,svm|coef,10,10,0.4497360591227565,0.3036127271421389,0.44973605912275644,10.0,5
resampling,svm|coef,10,11,0.4497360591227565,0.3125529699059111,0.44973605912275644,10.0,5
resampling,svm|coef,10,12,0.5297744505230828,0.390792214321626,0.5297744505230828,10.0,5
resampling,svm|coef,10,13,0.36969766772243007,0.24611850138165928,0.3696976677224302,10.0,5
resampling,svm|coef,10,14,0.4097168634225933,0.2697356135436631,0.4097168634225933,10.0,5
resampling,svm|coef,10,15,0.4397312601977157,0.298541980894922,0.43973126019771563,10.0,5
resampling,svm|coef,10,16,0.4497360591227565,0.3084790596400503,0.44973605912275644,10.0,5
resampling,svm|coef,10,17,0.4597408580477973,0.3194211017740429,0.4597408580477973,10.0,5
resampling,svm|coef,10,18,0.4697456569728381,0.32564820800114913,0.469745656972838,10.0,5
resampling,svm|coef,10,19,0.4997600537479605,0.360755584284996,0.4997600537479604,10.0,5
resampling,svm|perm,10,0,0.5397792494481236,0.41251885369532426,0.5397792494481235,10.0,5
resampling,svm|perm,10,1,0.5497840483731644,0.38989980607627667,0.5497840483731644,10.0,5
resampling,svm|perm,10,2,0.5397792494481235,0.3928718340483046,0.5397792494481235,10.0,5
resampling,svm|perm,10,3,0.5297744505230828,0.39609340607792615,0.5297744505230828,10.0,5
resampling,svm|perm,10,4,0.5497840483731644,0.39557746175393227,0.5497840483731643,10.0,5
resampling,svm|perm,10,5,0.5597888472982051,0.3976190476190476,0.5597888472982052,10.0,5
resampling,svm|perm,10,6,0.519769651598042,0.394993894993895,0.5197696515980421,10.0,5
resampling,svm|perm,10,7,0.5197696515980419,0.36805106658047826,0.5197696515980421,10.0,5
resampling,svm|perm,10,8,0.4897552548229196,0.3348631760396466,0.4897552548229197,10.0,5
resampling,svm|perm,10,9,0.6798464343986946,0.5413419913419913,0.6798464343986946,10.0,5
resampling,svm|perm,10,10,0.5797984451482867,0.4340120663650075,0.5797984451482867,10.0,5
resampling,svm|perm,10,11,0.569793646223246,0.42665912518853694,0.569793646223246,10.0,5
resampling,svm|perm,10,12,0.5497840483731644,0.40701210554151734,0.5497840483731643,10.0,5
resampling,svm|perm,10,13,0.4797504558978789,0.3248545572074984,0.47975045589787885,10.0,5
resampling,svm|perm,10,14,0.5597888472982051,0.4138386123680241,0.5597888472982052,10.0,5
resampling,svm|perm,10,15,0.5197696515980419,0.3673453996983408,0.519769651598042,10.0,5
resampling,svm|perm,10,16,0.519769651598042,0.4033189033189033,0.519769651598042,10.0,5
resampling,svm|perm,10,17,0.569793646223246,0.4226983800513212,0.569793646223246,10.0,5
resampling,svm|perm,10,18,0.5397792494481235,0.39186059039000204,0.5397792494481235,10.0,5
resampling,svm|perm,10,19,0.5898032440733276,0.4468325791855203,0.5898032440733275,10.0,5
resampling,svm|shap,10,0,0.4297264612726749,0.29751339132144083,0.4297264612726749,10.0,5
resampling,svm|shap,10,1,0.30966887417218536,0.1935672514619883,0.30966887417218547,10.0,5
resampling,svm|shap,10,2,0.33968327094730777,0.22224310776942352,0.3396832709473078,10.0,5
resampling,svm|shap,10,3,0.33968327094730777,0.21727234753550545,0.3396832709473078,10.0,5
resampling,svm|shap,10,4,0.35969286879738926,0.23757508401471253,0.3596928687973894,10.0,5
resampling,svm|shap,10,5,0.30966887417218536,0.19671851196618997,0.3096688741721854,10.0,5
resampling,svm|shap,10,6,0.26964967847202226,0.1646800825593395,0.26964967847202226,10.0,5
resampling,svm|shap,10,7,0.22963048277185916,0.136609907120743,0.2296304827718591,10.0,5
resampling,svm|shap,10,8,0.27965447739706306,0.17269890412305272,0.279654477397063,10.0,5
resampling,svm|shap,10,9,0.31967367309722616,0.2007690795616492,0.31967367309722616,10.0,5
resampling,svm|shap,10,10,0.3897072655725118,0.25584672465477415,0.3897072655725117,10.0,5
resampling,svm|shap,10,11,0.3897072655725117,0.2587947999712706,0.38970726557251173,10.0,5
resampling,svm|shap,10,12,0.4097168634225933,0.2855086434033802,0.4097168634225933,10.0,5
resampling,svm|shap,10,13,0.32967847202226697,0.21359526266647005,0.329678472022267,10.0,5
resampling,svm|shap,10,14,0.31967367309722616,0.20919039680649587,0.31967367309722616,10.0,5
resampling,svm|shap,10,15,0.35969286879738926,0.23512949039264833,0.3596928687973894,10.0,5
resampling,svm|shap,10,16,0.3496880698723486,0.2216153127917834,0.3496880698723486,10.0,5
resampling,svm|shap,10,17,0.29966407524714467,0.18740478647599387,0.2996640752471446,10.0,5
resampling,svm|shap,10,18,0.30966887417218536,0.20814413484692124,0.30966887417218547,10.0,5
resampling,svm|shap,10,19,0.33968327094730777,0.21793822792274803,0.33968327094730777,10.0,5
resampling,ttest|ttest,10,0,0.26964967847202226,0.1691110317271308,0.26964967847202226,10.0,5
resampling,ttest|ttest,10,1,0.19961608599673675,0.12924175068137916,0.19961608599673675,10.0,5
resampling,ttest|ttest,10,2,0.30966887417218536,0.22002801120448182,0.30966887417218547,10.0,5
resampling,ttest|ttest,10,3,0.23963528169689985,0.15453414834219786,0.2396352816968999,10.0,5
resampling,ttest|ttest,10,4,0.3496880698723486,0.23865546218487393,0.3496880698723485,10.0,5
resampling,ttest|ttest,10,5,0.25964487954698134,0.1735982112143103,0.2596448795469815,10.0,5
resampling,ttest|ttest,10,6,0.31967367309722616,0.22409052935368728,0.3196736730972262,10.0,5
resampling,ttest|ttest,10,7,0.29966407524714467,0.21763382816014393,0.2996640752471446,10.0,5
resampling,ttest|ttest,10,8,0.24964008062194065,0.17358176738981693,0.24964008062194068,10.0,5
resampling,ttest|ttest,10,9,0.27965447739706306,0.18888888888888888,0.27965447739706306,10.0,5
resampling,ttest|ttest,10,10,0.21962568384681824,0.13381001523416386,0.2196256838468183,10.0,5
resampling,ttest|ttest,10,11,0.23963528169689985,0.147827903091061,0.2396352816968999,10.0,5
resampling,ttest|ttest,10,12,0.29966407524714467,0.20137598899208803,0.2996640752471446,10.0,5
resampling,ttest|ttest,10,13,0.22963048277185916,0.14185095090667846,0.2296304827718591,10.0,5
resampling,ttest|ttest,10,14,0.21962568384681824,0.13648459383753503,0.2196256838468183,10.0,5
resampling,ttest|ttest,10,15,0.27965447739706306,0.2059379217273954,0.279654477397063,10.0,5
resampling,ttest|ttest,10,16,0.20962088492177744,0.12944616443068455,0.20962088492177755,10.0,5
resampling,ttest|ttest,10,17,0.28965927632210375,0.19967225756699436,0.28965927632210386,10.0,5
resampling,ttest|ttest,10,18,0.21962568384681824,0.14987100103199175,0.2196256838468183,10.0,5
resampling,ttest|ttest,10,19,0.27965447739706306,0.18500739027054816,0.279654477397063,10.0,5
resampling,xgb|perm,10,0,0.22963048277185916,0.13209494324045407,0.22963048277185907,10.0,5
resampling,xgb|perm,10,1,0.24964008062194065,0.14680082559339527,0.24964008062194062,10.0,5
resampling,xgb|perm,10,2,0.25964487954698134,0.15565875472996216,0.25964487954698146,10.0,5
resampling,xgb|perm,10,3,0.31967367309722616,0.19460784313725493,0.31967367309722616,10.0,5
resampling,xgb|perm,10,4,0.23963528169689985,0.14680082559339527,0.23963528169689985,10.0,5
resampling,xgb|perm,10,5,0.21962568384681824,0.13222394220846234,0.2196256838468183,10.0,5
resampling,xgb|perm,10,6,0.30966887417218536,0.19105975723622784,0.3096688741721854,10.0,5
resampling,xgb|perm,10,7,0.31967367309722616,0.19910069290874247,0.3196736730972262,10.0,5
resampling,xgb|perm,10,8,0.20962088492177744,0.1266081871345029,0.2096208849217775,10.0,5
resampling,xgb|perm,10,9,0.27965447739706306,0.16683006535947714,0.279654477397063,10.0,5
resampling,xgb|perm,10,10,0.26964967847202226,0.1584967320261438,0.2696496784720222,10.0,5
resampling,xgb|perm,10,11,0.25964487954698134,0.15872893016855866,0.25964487954698146,10.0,5
resampling,xgb|perm,10,12,0.28965927632210375,0.17336601307189545,0.2896592763221038,10.0,5
resampling,xgb|perm,10,13,0.27965447739706306,0.16503267973856212,0.279654477397063,10.0,5
resampling,xgb|perm,10,14,0.20962088492177744,0.12180082559339526,0.2096208849217775,10.0,5
resampling,xgb|perm,10,15,0.30966887417218536,0.18794289645682835,0.3096688741721854,10.0,5
resampling,xgb|perm,10,16,0.33968327094730777,0.20947712418300654,0.33968327094730777,10.0,5
resampling,xgb|perm,10,17,0.32967847202226697,0.21209027470637376,0.32967847202226697,10.0,5
resampling,xgb|perm,10,18,0.21962568384681824,0.12624699002407982,0.2196256838468183,10.0,5
resampling,xgb|perm,10,19,0.29966407524714467,0.18288982259570497,0.29966407524714456,10.0,5
resampling,xgb|shap,10,0,0.22963048277185916,0.13209494324045407,0.22963048277185907,10.0,5
resampling,xgb|shap,10,1,0.21962568384681824,0.12706398348813208,0.2196256838468183,10.0,5
resampling,xgb|shap,10,2,0.21962568384681824,0.1270639834881321,0.2196256838468183,10.0,5
resampling,xgb|shap,10,3,0.32967847202226697,0.2011437908496732,0.32967847202226697,10.0,5
resampling,xgb|shap,10,4,0.23963528169689985,0.14680082559339527,0.23963528169689985,10.0,5
resampling,xgb|shap,10,5,0.23963528169689996,0.14529583763329895,0.23963528169689985,10.0,5
resampling,xgb|shap,10,6,0.25964487954698134,0.15346577227382183,0.25964487954698146,10.0,5
resampling,xgb|shap,10,7,0.31967367309722616,0.19910069290874247,0.3196736730972262,10.0,5
resampling,xgb|shap,10,8,0.20962088492177744,0.1266081871345029,0.2096208849217775,10.0,5
resampling,xgb|shap,10,9,0.27965447739706306,0.16683006535947714,0.279654477397063,10.0,5
resampling,xgb|shap,10,10,0.27965447739706306,0.16503267973856212,0.279654477397063,10.0,5
resampling,xgb|shap,10,11,0.25964487954698134,0.1566391468868249,0.2596448795469815,10.0,5
resampling,xgb|shap,10,12,0.28965927632210375,0.17336601307189545,0.2896592763221038,10.0,5
resampling,xgb|shap,10,13,0.23963528169689985,0.13875988992088065,0.23963528169689985,10.0,5
resampling,xgb|shap,10,14,0.18961128707169594,0.1085999312005504,0.18961128707169594,10.0,5
resampling,xgb|shap,10,15,0.26964967847202226,0.1600017199862401,0.26964967847202226,10.0,5
resampling,xgb|shap,10,16,0.27965447739706306,0.16833505331957346,0.279654477397063,10.0,5
resampling,xgb|shap,10,17,0.3496880698723486,0.22746203744655755,0.3496880698723485,10.0,5
resampling,xgb|shap,10,18,0.21962568384681824,0.1270639834881321,0.2196256838468183,10.0,5
resampling,xgb|shap,10,19,0.29966407524714467,0.18288982259570497,0.29966407524714456,10.0,5
model,explainer=coef,10,0,0.33968327094730777,0.21608187134502926,0.33968327094730777,10.0,5
model,explainer=coef,10,1,0.19961608599673678,0.11503267973856209,0.19961608599673672,10.0,5
model,explainer=coef,10,2,0.27965447739706306,0.17163742690058478,0.279654477397063,10.0,5
model,explainer=coef,10,3,0.09956809674632887,0.05497076023391813,0.09956809674632883,10.0,5
model,explainer=coef,10,4,0.11957769459641046,0.06804265565875474,0.11957769459641039,10.0,5
model,explainer=coef,10,5,0.17960648814665517,0.10079119367045064,0.17960648814665517,10.0,5
model,explainer=coef,10,6,0.2596448795469815,0.17100840336134454,0.2596448795469815,10.0,5
model,explainer=coef,10,7,0.19961608599673675,0.11386308909528724,0.19961608599673672,10.0,5
model,explainer=coef,10,8,0.13958729244649198,0.07602339181286549,0.13958729244649198,10.0,5
model,explainer=coef,10,9,0.1595968902965736,0.09026487788097695,0.15959689029657356,10.0,5
model,explainer=coef,10,10,0.1595968902965736,0.09444444444444444,0.1595968902965736,10.0,5
model,explainer=coef,10,11,0.2996640752471446,0.18529411764705883,0.2996640752471446,10.0,5
model,explainer=coef,10,12,0.139587292446492,0.0827485380116959,0.13958729244649198,10.0,5
model,explainer=coef,10,13,0.1595968902965736,0.09026487788097695,0.15959689029657356,10.0,5
model,explainer=coef,10,14,0.1595968902965736,0.09026487788097695,0.1595968902965736,10.0,5
model,explainer=coef,10,15,0.23963528169689993,0.15555555555555553,0.2396352816968999,10.0,5
model,explainer=coef,10,16,0.2796544773970631,0.16339869281045755,0.27965447739706306,10.0,5
model,explainer=coef,10,17,0.19961608599673675,0.11248710010319915,0.19961608599673672,10.0,5
model,explainer=coef,10,18,0.09956809674632885,0.05380116959064327,0.09956809674632883,10.0,5
model,explainer=coef,10,19,0.139587292446492,0.07719298245614034,0.13958729244649198,10.0,5
model,explainer=perm,10,0,0.06955369997120645,0.04060027519779842,0.06955369997120645,10.0,5
model,explainer=perm,10,1,0.07622356592123361,0.04493750716660934,0.07622356592123365,10.0,5
model,explainer=perm,10,2,0.06621876699619282,0.038880288957688344,0.06621876699619285,10.0,5
model,explainer=perm,10,3,0.06621876699619285,0.038031762412567366,0.06621876699619285,10.0,5
model,explainer=perm,10,4,0.08289343187126078,0.04871861025111799,0.08289343187126083,10.0,5
model,explainer=perm,10,5,0.07288863294621997,0.041540534342391924,0.07288863294622004,10.0,5
model,explainer=perm,10,6,0.08622836484627439,0.05185021376971841,0.08622836484627441,10.0,5
model,explainer=perm,10,7,0.05621396807115211,0.03276860451783052,0.05621396807115205,10.0,5
model,explainer=perm,10,8,0.056213968071152066,0.03284600389863547,0.056213968071152066,10.0,5
model,explainer=perm,10,9,0.042874236171097646,0.02358674463937622,0.042874236171097674,10.0,5
model,explainer=perm,10,10,0.06955369997120646,0.04193039789015021,0.06955369997120645,10.0,5
model,explainer=perm,10,11,0.08289343187126079,0.04831441348469213,0.08289343187126083,10.0,5
model,explainer=perm,10,12,0.046209169146111305,0.026384588923288616,0.04620916914611127,10.0,5
model,explainer=perm,10,13,0.06621876699619281,0.03753009975920192,0.06621876699619285,10.0,5
model,explainer=perm,10,14,0.08956329782128802,0.054037462938391734,0.08956329782128802,10.0,5
model,explainer=perm,10,15,0.06288383402117928,0.037997362687765164,0.06288383402117927,10.0,5
model,explainer=perm,10,16,0.08289343187126082,0.048947941749799335,0.08289343187126083,10.0,5
model,explainer=perm,10,17,0.059548901046165635,0.033903795436303175,0.059548901046165656,10.0,5
model,explainer=perm,10,18,0.08956329782128794,0.0537725031533081,0.08956329782128804,10.0,5
model,explainer=perm,10,19,0.03953930319608408,0.022256621947024425,0.03953930319608408,10.0,5
model,explainer=shap,10,0,0.11624276162139682,0.06848985208118334,0.1162427616213968,10.0,5
model,explainer=shap,10,1,0.07288863294621997,0.04111627106983144,0.07288863294622004,10.0,5
model,explainer=shap,10,2,0.11624276162139682,0.06686733172801283,0.1162427616213968,10.0,5
model,explainer=shap,10,3,0.07622356592123365,0.043914115353743836,0.07622356592123364,10.0,5
model,explainer=shap,10,4,0.08956329782128798,0.05100905859419792,0.08956329782128802,10.0,5
model,explainer=shap,10,5,0.08956329782128795,0.05062492833390666,0.08956329782128801,10.0,5
model,explainer=shap,10,6,0.11624276162139682,0.06771585827313382,0.1162427616213968,10.0,5
model,explainer=shap,10,7,0.08622836484627443,0.049484004127966975,0.08622836484627443,10.0,5
model,explainer=shap,10,8,0.06621876699619289,0.03741256736612773,0.06621876699619286,10.0,5
model,explainer=shap,10,9,0.06955369997120645,0.03905515422543286,0.06955369997120645,10.0,5
model,explainer=shap,10,10,0.09289823079630166,0.05390436876504988,0.09289823079630163,10.0,5
model,explainer=shap,10,11,0.09623316377131516,0.05432863203761036,0.09623316377131522,10.0,5
model,explainer=shap,10,12,0.08289343187126083,0.04715915606008485,0.08289343187126083,10.0,5
model,explainer=shap,10,13,0.08289343187126083,0.04804208233000803,0.08289343187126083,10.0,5
model,explainer=shap,10,14,0.08289343187126079,0.04921290153488296,0.08289343187126083,10.0,5
model,explainer=shap,10,15,0.08956329782128802,0.052095516569200785,0.08956329782128802,10.0,5
model,explainer=shap,10,16,0.12291262757142399,0.07368257244418233,0.122912627571424,10.0,5
model,explainer=shap,10,17,0.07288863294622003,0.0409213392959523,0.07288863294622004,10.0,5
model,explainer=shap,10,18,0.08289343187126082,0.04871861025111799,0.08289343187126083,10.0,5
model,explainer=shap,10,19,0.059548901046165684,0.03297786951037725,0.059548901046165656,10.0,5
explainer,model=logreg,10,0,0.15959689029657348,0.09656002751977985,0.15959689029657356,10.0,5
explainer,model=logreg,10,1,0.10623796269635592,0.06322669418644651,0.10623796269635602,10.0,5
explainer,model=logreg,10,2,0.16626675624660062,0.10006879944960438,0.16626675624660076,10.0,5
explainer,model=logreg,10,3,0.19294622004670947,0.1181827116811637,0.19294622004670953,10.0,5
explainer,model=logreg,10,4,0.09956809674632869,0.05867446393762184,0.09956809674632881,10.0,5
explainer,model=logreg,10,5,0.20628595194676375,0.13153553819188493,0.2062859519467639,10.0,5
explainer,model=logreg,10,6,0.2196256838468183,0.13139548216947597,0.2196256838468183,10.0,5
explainer,model=logreg,10,7,0.12624756054643746,0.07618965714940946,0.1262475605464376,10.0,5
explainer,model=logreg,10,8,0.17293662219662784,0.11573214080954017,0.17293662219662795,10.0,5
explainer,model=logreg,10,9,0.1195776945964103,0.06858731796812292,0.1195776945964104,10.0,5
explainer,model=logreg,10,10,0.07955849889624707,0.0462102969842908,0.07955849889624725,10.0,5
explainer,model=logreg,10,11,0.10623796269635588,0.06148377479646829,0.10623796269635602,10.0,5
explainer,model=logreg,10,12,0.11290782864638307,0.06693039789015022,0.1129078286463832,10.0,5
explainer,model=logreg,10,13,0.14625715839651912,0.08791423001949317,0.14625715839651918,10.0,5
explainer,model=logreg,10,14,0.1595968902965734,0.09296525627794978,0.15959689029657356,10.0,5
explainer,model=logreg,10,15,0.09289823079630147,0.05322784084393992,0.09289823079630163,10.0,5
explainer,model=logreg,10,16,0.1996160859967366,0.11969957573672745,0.19961608599673672,10.0,5
explainer,model=logreg,10,17,0.1529270243465462,0.09555670221304897,0.15292702434654637,10.0,5
explainer,model=logreg,10,18,0.14625715839651907,0.09059986567726505,0.14625715839651915,10.0,5
explainer,model=logreg,10,19,0.13291742649646462,0.08539404065719855,0.13291742649646482,10.0,5
explainer,model=rf,10,0,0.7999040214991842,0.6713286713286712,0.7999040214991842,10.0,5
explainer,model=rf,10,1,0.7798944236491026,0.6606060606060606,0.7798944236491026,10.0,5
explainer,model=rf,10,2,0.7598848257990211,0.6237096237096237,0.7598848257990211,10.0,5
explainer,model=rf,10,3,0.759884825799021,0.6200466200466199,0.759884825799021,10.0,5
explainer,model=rf,10,4,0.7798944236491024,0.6456876456876456,0.7798944236491024,10.0,5
explainer,model=rf,10,5,0.6598368365486131,0.516017316017316,0.6598368365486131,10.0,5
explainer,model=rf,10,6,0.7598848257990211,0.6153846153846153,0.7598848257990211,10.0,5
explainer,model=rf,10,7,0.759884825799021,0.6153846153846153,0.759884825799021,10.0,5
explainer,model=rf,10,8,0.7398752279489395,0.598068598068598,0.7398752279489395,10.0,5
explainer,model=rf,10,9,0.7798944236491027,0.6493506493506492,0.7798944236491027,10.0,5
explainer,model=rf,10,10,0.8199136193492658,0.7016317016317016,0.8199136193492658,10.0,5
explainer,model=rf,10,11,0.7798944236491027,0.654012654012654,0.7798944236491027,10.0,5
explainer,model=rf,10,12,0.7398752279489393,0.6087912087912087,0.7398752279489393,10.0,5
explainer,model=rf,10,13,0.759884825799021,0.6153846153846153,0.759884825799021,10.0,5
explainer,model=rf,10,14,0.7598848257990211,0.634965034965035,0.7598848257990211,10.0,5
explainer,model=rf,10,15,0.8599328150494289,0.7575757575757576,0.8599328150494289,10.0,5
explainer,model=rf,10,16,0.8399232171993474,0.731934731934732,0.8399232171993474,10.0,5
explainer,model=rf,10,17,0.759884825799021,0.632034632034632,0.759884825799021,10.0,5
explainer,model=rf,10,18,0.7598848257990211,0.6237096237096237,0.7598848257990211,10.0,5
explainer,model=rf,10,19,0.759884825799021,0.6237096237096237,0.759884825799021,10.0,5
explainer,model=svm,10,0,0.34635313689733493,0.21816796894196275,0.346353136897335,10.0,5
explainer,model=svm,10,1,0.3596928687973892,0.24130156049660695,0.3596928687973894,10.0,5
explainer,model=svm,10,2,0.3863723325974981,0.25264569165497963,0.3863723325974982,10.0,5
explainer,model=svm,10,3,0.3463531368973348,0.22201172866807545,0.346353136897335,10.0,5
explainer,model=svm,10,4,0.39304219854752526,0.27102396514161214,0.3930421985475253,10.0,5
explainer,model=svm,10,5,0.4130517963976069,0.2743543751283689,0.4130517963976069,10.0,5
explainer,model=svm,10,6,0.3263435390472533,0.20544221287255343,0.32634353904725344,10.0,5
explainer,model=svm,10,7,0.3596928687973893,0.23369125427948956,0.3596928687973894,10.0,5
explainer,model=svm,10,8,0.35302300284736204,0.23520134263168319,0.3530230028473622,10.0,5
explainer,model=svm,10,9,0.32634353904725333,0.20301816633085984,0.32634353904725344,10.0,5
explainer,model=svm,10,10,0.3596928687973893,0.2360017691287041,0.3596928687973894,10.0,5
explainer,model=svm,10,11,0.39304219854752526,0.2661545426251309,0.3930421985475253,10.0,5
explainer,model=svm,10,12,0.38637233259749804,0.2568619260569725,0.38637233259749815,10.0,5
explainer,model=svm,10,13,0.33968327094730766,0.21367061444460825,0.33968327094730777,10.0,5
explainer,model=svm,10,14,0.3596928687973893,0.23569790489295134,0.3596928687973894,10.0,5
explainer,model=svm,10,15,0.3330134049972805,0.21638573558078203,0.3330134049972806,10.0,5
explainer,model=svm,10,16,0.29299420929711734,0.18256639587908938,0.29299420929711745,10.0,5
explainer,model=svm,10,17,0.37970246664747087,0.2513612462528871,0.379702466647471,10.0,5
explainer,model=svm,10,18,0.3596928687973892,0.23090947580111662,0.3596928687973894,10.0,5
explainer,model=svm,10,19,0.38637233259749815,0.2519645645032642,0.3863723325974981,10.0,5
explainer,model=xgb,10,0,0.9799904021499184,0.9636363636363636,0.9799904021499184,10.0,5
explainer,model=xgb,10,1,0.9399712064497553,0.890909090909091,0.9399712064497553,10.0,5
explainer,model=xgb,10,2,0.9399712064497553,0.890909090909091,0.9399712064497553,10.0,5
explainer,model=xgb,10,3,0.9399712064497553,0.890909090909091,0.9399712064497553,10.0,5
explainer,model=xgb,10,4,0.9799904021499184,0.9636363636363636,0.9799904021499184,10.0,5
explainer,model=xgb,10,5,0.9599808042998369,0.9272727272727274,0.9599808042998369,10.0,5
explainer,model=xgb,10,6,0.9399712064497553,0.890909090909091,0.9399712064497553,10.0,5
explainer,model=xgb,10,7,1.0,1.0,1.0,10.0,5
explainer,model=xgb,10,8,0.9599808042998369,0.9272727272727274,0.9599808042998369,10.0,5
explainer,model=xgb,10,9,1.0,1.0,1.0,10.0,5
explainer,model=xgb,10,10,0.9799904021499184,0.9636363636363636,0.9799904021499184,10.0,5
explainer,model=xgb,10,11,0.9599808042998369,0.9272727272727274,0.9599808042998369,10.0,5
explainer,model=xgb,10,12,0.9799904021499184,0.9636363636363636,0.9799904021499184,10.0,5
explainer,model=xgb,10,13,0.9799904021499184,0.9636363636363636,0.9799904021499184,10.0,5
explainer,model=xgb,10,14,0.9399712064497553,0.890909090909091,0.9399712064497553,10.0,5
explainer,model=xgb,10,15,0.9399712064497553,0.8969696969696971,0.9399712064497553,10.0,5
explainer,model=xgb,10,16,0.9199616085996738,0.8545454545454547,0.9199616085996738,10.0,5
explainer,model=xgb,10,17,0.9399712064497553,0.890909090909091,0.9399712064497553,10.0,5
explainer,model=xgb,10,18,0.9599808042998369,0.9272727272727274,0.9599808042998369,10.0,5
explainer,model=xgb,10,19,0.9799904021499184,0.9636363636363636,0.9799904021499184,10.0,5
combined,all_primary,10,0,0.16048620575657707,0.10886088150278037,0.1604862057565772,10.0,5
combined,all_primary,10,1,0.1413659233664991,0.09742391728975837,0.14136592336649925,10.0,5
combined,all_primary,10,2,0.15292702434654634,0.10267224462270903,0.1529270243465464,10.0,5
combined,all_primary,10,3,0.13158345330645926,0.0893692158088443,0.13158345330645937,10.0,5
combined,all_primary,10,4,0.14314455428650644,0.09929331418495506,0.14314455428650652,10.0,5
combined,all_primary,10,5,0.15426099753655173,0.10345610281626794,0.1542609975365518,10.0,5
combined,all_primary,10,6,0.16182017894658257,0.10897454111076402,0.16182017894658265,10.0,5
combined,all_primary,10,7,0.1346960574164719,0.09391948532299407,0.13469605741647206,10.0,5
combined,all_primary,10,8,0.12891550692644843,0.09020845988854245,0.12891550692644851,10.0,5
combined,all_primary,10,9,0.1244689296264303,0.08628585228172432,0.12446892962643034,10.0,5
combined,all_primary,10,10,0.13958729244649193,0.09734820696637002,0.13958729244649198,10.0,5
combined,all_primary,10,11,0.1573736016465644,0.10688662024059344,0.1573736016465645,10.0,5
combined,all_primary,10,12,0.12891550692644843,0.08962878729648596,0.12891550692644854,10.0,5
combined,all_primary,10,13,0.13469605741647192,0.09151920968226437,0.1346960574164721,10.0,5
combined,all_primary,10,14,0.14269989655650456,0.09736706973033082,0.14269989655650472,10.0,5
combined,all_primary,10,15,0.13425139968647015,0.0938234425437728,0.13425139968647026,10.0,5
combined,all_primary,10,16,0.1600415480265753,0.10780569734130105,0.1600415480265754,10.0,5
combined,all_primary,10,17,0.14670181612652095,0.09974056253726016,0.14670181612652103,10.0,5
combined,all_primary,10,18,0.14181058109650096,0.09727256117348997,0.14181058109650108,10.0,5
combined,all_primary,10,19,0.11824372140640482,0.08321996086701969,0.11824372140640498,10.0,5
baseline,logreg|coef_vs_ttest,10,0,-0.00047989250407898254,0.0,-0.0004798925040790863,10.0,5
baseline,logreg|coef_vs_ttest,10,1,-0.00047989250407898254,0.0,-0.0004798925040790863,10.0,5
baseline,logreg|coef_vs_ttest,10,2,-0.00047989250407898254,0.0,-0.0004798925040790863,10.0,5
baseline,logreg|coef_vs_ttest,10,3,-0.00047989250407898254,0.0,-0.0004798925040790863,10.0,5
baseline,logreg|coef_vs_ttest,10,4,-0.00047989250407898254,0.0,-0.0004798925040790863,10.0,5
baseline,logreg|coef_vs_ttest,10,5,-0.00047989250407898254,0.0,-0.0004798925040790863,10.0,5
baseline,logreg|coef_vs_ttest,10,6,-0.00047989250407898254,0.0,-0.0004798925040790863,10.0,5
baseline,logreg|coef_vs_ttest,10,7,-0.00047989250407898254,0.0,-0.0004798925040790863,10.0,5
baseline,logreg|coef_vs_ttest,10,8,-0.00047989250407898254,0.0,-0.0004798925040790863,10.0,5
baseline,logreg|coef_vs_ttest,10,9,-0.00047989250407898254,0.0,-0.0004798925040790863,10.0,5
baseline,logreg|coef_vs_ttest,10,10,-0.00047989250407898254,0.0,-0.0004798925040790863,10.0,5
baseline,logreg|coef_vs_ttest,10,11,-0.00047989250407898254,0.0,-0.0004798925040790863,10.0,5
baseline,logreg|coef_vs_ttest,10,12,-0.00047989250407898254,0.0,-0.0004798925040790863,10.0,5
baseline,logreg|coef_vs_ttest,10,13,-0.00047989250407898254,0.0,-0.0004798925040790863,10.0,5
baseline,logreg|coef_vs_ttest,10,14,-0.00047989250407898254,0.0,-0.0004798925040790863,10.0,5
baseline,logreg|coef_vs_ttest,10,15,-0.00047989250407898254,0.0,-0.0004798925040790863,10.0,5
baseline,logreg|coef_vs_ttest,10,16,-0.00047989250407898254,0.0,-0.0004798925040790863,10.0,5
baseline,logreg|coef_vs_ttest,10,17,-0.00047989250407898254,0.0,-0.0004798925040790863,10.0,5
baseline,logreg|coef_vs_ttest,10,18,-0.00047989250407898254,0.0,-0.0004798925040790863,10.0,5
baseline,logreg|coef_vs_ttest,10,19,-0.00047989250407898254,0.0,-0.0004798925040790863,10.0,5
baseline,logreg|shap_vs_ttest,10,0,0.01952970534600258,0.010526315789473684,0.0195297053460025,10.0,5
baseline,logreg|shap_vs_ttest,10,1,0.11957769459641046,0.06804265565875474,0.1195776945964104,10.0,5
baseline,logreg|shap_vs_ttest,10,2,-0.00047989250407898254,0.0,-0.0004798925040790863,10.0,5
baseline,logreg|shap_vs_ttest,10,3,0.03953930319608414,0.021052631578947368,0.03953930319608408,10.0,5
baseline,logreg|shap_vs_ttest,10,4,0.03953930319608416,0.02222222222222222,0.03953930319608408,10.0,5
baseline,logreg|shap_vs_ttest,10,5,-0.00047989250407898254,0.0,-0.0004798925040790863,10.0,5
baseline,logreg|shap_vs_ttest,10,6,0.01952970534600258,0.010526315789473684,0.019529705346002495,10.0,5
baseline,logreg|shap_vs_ttest,10,7,0.09956809674632885,0.05380116959064327,0.09956809674632883,10.0,5
baseline,logreg|shap_vs_ttest,10,8,0.01952970534600258,0.010526315789473684,0.019529705346002495,10.0,5
baseline,logreg|shap_vs_ttest,10,9,0.01952970534600258,0.010526315789473684,0.019529705346002502,10.0,5
baseline,logreg|shap_vs_ttest,10,10,-0.00047989250407898254,0.0,-0.0004798925040790863,10.0,5
baseline,logreg|shap_vs_ttest,10,11,0.03953930319608414,0.021052631578947368,0.03953930319608408,10.0,5
baseline,logreg|shap_vs_ttest,10,12,0.03953930319608414,0.021052631578947368,0.03953930319608408,10.0,5
baseline,logreg|shap_vs_ttest,10,13,0.059548901046165725,0.0327485380116959,0.059548901046165656,10.0,5
baseline,logreg|shap_vs_ttest,10,14,0.01952970534600258,0.010526315789473684,0.019529705346002495,10.0,5
baseline,logreg|shap_vs_ttest,10,15,0.03953930319608416,0.02222222222222222,0.03953930319608408,10.0,5
baseline,logreg|shap_vs_ttest,10,16,0.01952970534600258,0.010526315789473684,0.019529705346002502,10.0,5
baseline,logreg|shap_vs_ttest,10,17,0.03953930319608416,0.02222222222222222,0.03953930319608407,10.0,5
baseline,logreg|shap_vs_ttest,10,18,-0.00047989250407898254,0.0,-0.0004798925040790863,10.0,5
baseline,logreg|shap_vs_ttest,10,19,0.07955849889624729,0.04327485380116959,0.07955849889624725,10.0,5
baseline,logreg|perm_vs_ttest,10,0,-0.00047989250407898254,0.0,-0.0004798925040790863,10.0,5
baseline,logreg|perm_vs_ttest,10,1,-0.00047989250407898254,0.0,-0.0004798925040790863,10.0,5
baseline,logreg|perm_vs_ttest,10,2,-0.00047989250407898254,0.0,-0.0004798925040790863,10.0,5
baseline,logreg|perm_vs_ttest,10,3,-0.00047989250407898254,0.0,-0.0004798925040790863,10.0,5
baseline,logreg|perm_vs_ttest,10,4,-0.00047989250407898254,0.0,-0.0004798925040790863,10.0,5
baseline,logreg|perm_vs_ttest,10,5,-0.00047989250407898254,0.0,-0.0004798925040790863,10.0,5
baseline,logreg|perm_vs_ttest,10,6,-0.00047989250407898254,0.0,-0.0004798925040790863,10.0,5
baseline,logreg|perm_vs_ttest,10,7,-0.00047989250407898254,0.0,-0.0004798925040790863,10.0,5
baseline,logreg|perm_vs_ttest,10,8,-0.00047989250407898254,0.0,-0.0004798925040790863,10.0,5
baseline,logreg|perm_vs_ttest,10,9,-0.00047989250407898254,0.0,-0.0004798925040790863,10.0,5
baseline,logreg|perm_vs_ttest,10,10,-0.00047989250407898254,0.0,-0.0004798925040790863,10.0,5
baseline,logreg|perm_vs_ttest,10,11,-0.00047989250407898254,0.0,-0.0004798925040790863,10.0,5
baseline,logreg|perm_vs_ttest,10,12,-0.00047989250407898254,0.0,-0.0004798925040790863,10.0,5
baseline,logreg|perm_vs_ttest,10,13,-0.00047989250407898254,0.0,-0.0004798925040790863,10.0,5
baseline,logreg|perm_vs_ttest,10,14,-0.00047989250407898254,0.0,-0.0004798925040790863,10.0,5
baseline,logreg|perm_vs_ttest,10,15,-0.00047989250407898254,0.0,-0.0004798925040790863,10.0,5
baseline,logreg|perm_vs_ttest,10,16,-0.00047989250407898254,0.0,-0.0004798925040790863,10.0,5
baseline,logreg|perm_vs_ttest,10,17,-0.00047989250407898254,0.0,-0.0004798925040790863,10.0,5
baseline,logreg|perm_vs_ttest,10,18,-0.00047989250407898254,0.0,-0.0004798925040790863,10.0,5
baseline,logreg|perm_vs_ttest,10,19,-0.00047989250407898254,0.0,-0.0004798925040790863,10.0,5
baseline,svm|coef_vs_ttest,10,0,-0.00047989250407898254,0.0,-0.0004798925040790863,10.0,5
baseline,svm|coef_vs_ttest,10,1,-0.00047989250407898254,0.0,-0.0004798925040790863,10.0,5
baseline,svm|coef_vs_ttest,10,2,-0.00047989250407898254,0.0,-0.0004798925040790863,10.0,5
baseline,svm|coef_vs_ttest,10,3,-0.00047989250407898254,0.0,-0.0004798925040790863,10.0,5
baseline,svm|coef_vs_ttest,10,4,-0.00047989250407898254,0.0,-0.0004798925040790863,10.0,5
baseline,svm|coef_vs_ttest,10,5,-0.00047989250407898254,0.0,-0.0004798925040790863,10.0,5
baseline,svm|coef_vs_ttest,10,6,-0.00047989250407898254,0.0,-0.0004798925040790863,10.0,5
baseline,svm|coef_vs_ttest,10,7,-0.00047989250407898254,0.0,-0.0004798925040790863,10.0,5
baseline,svm|coef_vs_ttest,10,8,-0.00047989250407898254,0.0,-0.0004798925040790863,10.0,5
baseline,svm|coef_vs_ttest,10,9,-0.00047989250407898254,0.0,-0.0004798925040790863,10.0,5
baseline,svm|coef_vs_ttest,10,10,-0.00047989250407898254,0.0,-0.0004798925040790863,10.0,5
baseline,svm|coef_vs_ttest,10,11,-0.00047989250407898254,0.0,-0.0004798925040790863,10.0,5
baseline,svm|coef_vs_ttest,10,12,-0.00047989250407898254,0.0,-0.0004798925040790863,10.0,5
baseline,svm|coef_vs_ttest,10,13,-0.00047989250407898254,0.0,-0.0004798925040790863,10.0,5
baseline,svm|coef_vs_ttest,10,14,-0.00047989250407898254,0.0,-0.0004798925040790863,10.0,5
baseline,svm|coef_vs_ttest,10,15,-0.00047989250407898254,0.0,-0.0004798925040790863,10.0,5
baseline,svm|coef_vs_ttest,10,16,-0.00047989250407898254,0.0,-0.0004798925040790863,10.0,5
baseline,svm|coef_vs_ttest,10,17,-0.00047989250407898254,0.0,-0.0004798925040790863,10.0,5
baseline,svm|coef_vs_ttest,10,18,-0.00047989250407898254,0.0,-0.0004798925040790863,10.0,5
baseline,svm|coef_vs_ttest,10,19,-0.00047989250407898254,0.0,-0.0004798925040790863,10.0,5
baseline,svm|shap_vs_ttest,10,0,0.01952970534600258,0.010526315789473684,0.0195297053460025,10.0,5
baseline,svm|shap_vs_ttest,10,1,-0.00047989250407898254,0.0,-0.0004798925040790863,10.0,5
baseline,svm|shap_vs_ttest,10,2,0.01952970534600258,0.010526315789473684,0.0195297053460025,10.0,5
baseline,svm|shap_vs_ttest,10,3,-0.00047989250407898254,0.0,-0.0004798925040790863,10.0,5
baseline,svm|shap_vs_ttest,10,4,-0.00047989250407898254,0.0,-0.0004798925040790863,10.0,5
baseline,svm|shap_vs_ttest,10,5,-0.00047989250407898254,0.0,-0.0004798925040790863,10.0,5
baseline,svm|shap_vs_ttest,10,6,-0.00047989250407898254,0.0,-0.0004798925040790863,10.0,5
baseline,svm|shap_vs_ttest,10,7,0.01952970534600258,0.010526315789473684,0.019529705346002502,10.0,5
baseline,svm|shap_vs_ttest,10,8,-0.00047989250407898254,0.0,-0.0004798925040790863,10.0,5
baseline,svm|shap_vs_ttest,10,9,-0.00047989250407898254,0.0,-0.0004798925040790863,10.0,5
baseline,svm|shap_vs_ttest,10,10,-0.00047989250407898254,0.0,-0.0004798925040790863,10.0,5
baseline,svm|shap_vs_ttest,10,11,0.01952970534600258,0.010526315789473684,0.0195297053460025,10.0,5
baseline,svm|shap_vs_ttest,10,12,-0.00047989250407898254,0.0,-0.0004798925040790863,10.0,5
baseline,svm|shap_vs_ttest,10,13,0.01952970534600258,0.010526315789473684,0.019529705346002502,10.0,5
baseline,svm|shap_vs_ttest,10,14,-0.00047989250407898254,0.0,-0.0004798925040790863,10.0,5
baseline,svm|shap_vs_ttest,10,15,-0.00047989250407898254,0.0,-0.0004798925040790863,10.0,5
baseline,svm|shap_vs_ttest,10,16,-0.00047989250407898254,0.0,-0.0004798925040790863,10.0,5
baseline,svm|shap_vs_ttest,10,17,-0.00047989250407898254,0.0,-0.0004798925040790863,10.0,5
baseline,svm|shap_vs_ttest,10,18,-0.00047989250407898254,0.0,-0.0004798925040790863,10.0,5
baseline,svm|shap_vs_ttest,10,19,-0.00047989250407898254,0.0,-0.0004798925040790863,10.0,5
baseline,svm|perm_vs_ttest,10,0,-0.00047989250407898254,0.0,-0.0004798925040790863,10.0,5
baseline,svm|perm_vs_ttest,10,1,0.01952970534600258,0.010526315789473684,0.0195297053460025,10.0,5
baseline,svm|perm_vs_ttest,10,2,-0.00047989250407898254,0.0,-0.0004798925040790863,10.0,5
baseline,svm|perm_vs_ttest,10,3,-0.00047989250407898254,0.0,-0.0004798925040790863,10.0,5
baseline,svm|perm_vs_ttest,10,4,-0.00047989250407898254,0.0,-0.0004798925040790863,10.0,5
baseline,svm|perm_vs_ttest,10,5,-0.00047989250407898254,0.0,-0.0004798925040790863,10.0,5
baseline,svm|perm_vs_ttest,10,6,-0.00047989250407898254,0.0,-0.0004798925040790863,10.0,5
baseline,svm|perm_vs_ttest,10,7,-0.00047989250407898254,0.0,-0.0004798925040790863,10.0,5
baseline,svm|perm_vs_ttest,10,8,-0.00047989250407898254,0.0,-0.0004798925040790863,10.0,5
baseline,svm|perm_vs_ttest,10,9,-0.00047989250407898254,0.0,-0.0004798925040790863,10.0,5
baseline,svm|perm_vs_ttest,10,10,-0.00047989250407898254,0.0,-0.0004798925040790863,10.0,5
baseline,svm|perm_vs_ttest,10,11,0.01952970534600258,0.010526315789473684,0.0195297053460025,10.0,5
baseline,svm|perm_vs_ttest,10,12,-0.00047989250407898254,0.0,-0.0004798925040790863,10.0,5
baseline,svm|perm_vs_ttest,10,13,-0.00047989250407898254,0.0,-0.0004798925040790863,10.0,5
baseline,svm|perm_vs_ttest,10,14,-0.00047989250407898254,0.0,-0.0004798925040790863,10.0,5
baseline,svm|perm_vs_ttest,10,15,-0.00047989250407898254,0.0,-0.0004798925040790863,10.0,5
baseline,svm|perm_vs_ttest,10,16,-0.00047989250407898254,0.0,-0.0004798925040790863,10.0,5
baseline,svm|perm_vs_ttest,10,17,-0.00047989250407898254,0.0,-0.0004798925040790863,10.0,5
baseline,svm|perm_vs_ttest,10,18,-0.00047989250407898254,0.0,-0.0004798925040790863,10.0,5
baseline,svm|perm_vs_ttest,10,19,-0.00047989250407898254,0.0,-0.0004798925040790863,10.0,5
baseline,rf|shap_vs_ttest,10,0,0.19961608599673678,0.11503267973856209,0.19961608599673672,10.0,5
baseline,rf|shap_vs_ttest,10,1,0.1595968902965736,0.09026487788097695,0.1595968902965736,10.0,5
baseline,rf|shap_vs_ttest,10,2,0.139587292446492,0.07856897144822841,0.13958729244649198,10.0,5
baseline,rf|shap_vs_ttest,10,3,0.17960648814665517,0.10079119367045064,0.17960648814665514,10.0,5
baseline,rf|shap_vs_ttest,10,4,0.17960648814665517,0.10497076023391813,0.17960648814665514,10.0,5
baseline,rf|shap_vs_ttest,10,5,0.139587292446492,0.07856897144822841,0.13958729244649198,10.0,5
baseline,rf|shap_vs_ttest,10,6,0.11957769459641043,0.0654970760233918,0.1195776945964104,10.0,5
baseline,rf|shap_vs_ttest,10,7,0.17960648814665517,0.10497076023391813,0.17960648814665514,10.0,5
baseline,rf|shap_vs_ttest,10,8,0.15959689029657362,0.09281045751633987,0.15959689029657356,10.0,5
baseline,rf|shap_vs_ttest,10,9,0.09956809674632885,0.05380116959064327,0.09956809674632883,10.0,5
baseline,rf|shap_vs_ttest,10,10,0.2596448795469815,0.15333677330581358,0.25964487954698146,10.0,5
baseline,rf|shap_vs_ttest,10,11,0.19961608599673672,0.1154970760233918,0.19961608599673672,10.0,5
baseline,rf|shap_vs_ttest,10,12,0.1595968902965736,0.08771929824561403,0.1595968902965736,10.0,5
baseline,rf|shap_vs_ttest,10,13,0.139587292446492,0.07719298245614034,0.13958729244649198,10.0,5
baseline,rf|shap_vs_ttest,10,14,0.07955849889624729,0.04327485380116959,0.07955849889624725,10.0,5
baseline,rf|shap_vs_ttest,10,15,0.1796064881466552,0.10588235294117647,0.1796064881466551,10.0,5
baseline,rf|shap_vs_ttest,10,16,0.11957769459641043,0.0654970760233918,0.1195776945964104,10.0,5
baseline,rf|shap_vs_ttest,10,17,0.139587292446492,0.0827485380116959,0.13958729244649198,10.0,5
baseline,rf|shap_vs_ttest,10,18,0.1595968902965736,0.08771929824561403,0.15959689029657356,10.0,5
baseline,rf|shap_vs_ttest,10,19,0.2196256838468183,0.1285689714482284,0.2196256838468183,10.0,5
baseline,rf|perm_vs_ttest,10,0,0.1796064881466552,0.10333677330581355,0.1796064881466551,10.0,5
baseline,rf|perm_vs_ttest,10,1,0.17960648814665517,0.10079119367045064,0.17960648814665517,10.0,5
baseline,rf|perm_vs_ttest,10,2,0.139587292446492,0.07856897144822841,0.13958729244649198,10.0,5
baseline,rf|perm_vs_ttest,10,3,0.19961608599673675,0.11386308909528724,0.19961608599673672,10.0,5
baseline,rf|perm_vs_ttest,10,4,0.139587292446492,0.0827485380116959,0.13958729244649198,10.0,5
baseline,rf|perm_vs_ttest,10,5,0.11957769459641043,0.0654970760233918,0.1195776945964104,10.0,5
baseline,rf|perm_vs_ttest,10,6,0.139587292446492,0.07856897144822841,0.13958729244649198,10.0,5
baseline,rf|perm_vs_ttest,10,7,0.1796064881466552,0.10994152046783626,0.17960648814665514,10.0,5
baseline,rf|perm_vs_ttest,10,8,0.1595968902965736,0.09026487788097695,0.15959689029657356,10.0,5
baseline,rf|perm_vs_ttest,10,9,0.139587292446492,0.07856897144822841,0.13958729244649198,10.0,5
baseline,rf|perm_vs_ttest,10,10,0.21962568384681833,0.12555899552803576,0.2196256838468183,10.0,5
baseline,rf|perm_vs_ttest,10,11,0.21962568384681833,0.1255589955280358,0.21962568384681833,10.0,5
baseline,rf|perm_vs_ttest,10,12,0.17960648814665517,0.09941520467836257,0.17960648814665517,10.0,5
baseline,rf|perm_vs_ttest,10,13,0.09956809674632885,0.05380116959064327,0.09956809674632883,10.0,5
baseline,rf|perm_vs_ttest,10,14,0.09956809674632887,0.05497076023391813,0.09956809674632881,10.0,5
baseline,rf|perm_vs_ttest,10,15,0.1796064881466552,0.10588235294117647,0.1796064881466551,10.0,5
baseline,rf|perm_vs_ttest,10,16,0.11957769459641046,0.06804265565875474,0.11957769459641039,10.0,5
baseline,rf|perm_vs_ttest,10,17,0.17960648814665517,0.10497076023391813,0.17960648814665514,10.0,5
baseline,rf|perm_vs_ttest,10,18,0.2396352816968999,0.14026487788097697,0.2396352816968999,10.0,5
baseline,rf|perm_vs_ttest,10,19,0.2196256838468183,0.1285689714482284,0.2196256838468183,10.0,5
baseline,xgb|shap_vs_ttest,10,0,0.19961608599673675,0.11248710010319918,0.19961608599673672,10.0,5
baseline,xgb|shap_vs_ttest,10,1,0.139587292446492,0.07856897144822841,0.13958729244649198,10.0,5
baseline,xgb|shap_vs_ttest,10,2,0.139587292446492,0.07856897144822841,0.13958729244649198,10.0,5
baseline,xgb|shap_vs_ttest,10,3,0.2596448795469815,0.151702786377709,0.25964487954698146,10.0,5
baseline,xgb|shap_vs_ttest,10,4,0.19961608599673675,0.11804265565875474,0.19961608599673672,10.0,5
baseline,xgb|shap_vs_ttest,10,5,0.21962568384681833,0.12973856209150328,0.21962568384681833,10.0,5
baseline,xgb|shap_vs_ttest,10,6,0.2596448795469815,0.15196078431372548,0.25964487954698146,10.0,5
baseline,xgb|shap_vs_ttest,10,7,0.19961608599673675,0.11248710010319918,0.19961608599673672,10.0,5
baseline,xgb|shap_vs_ttest,10,8,0.1595968902965736,0.08771929824561403,0.15959689029657356,10.0,5
baseline,xgb|shap_vs_ttest,10,9,0.17960648814665517,0.09941520467836257,0.17960648814665514,10.0,5
baseline,xgb|shap_vs_ttest,10,10,0.2396352816968999,0.1388888888888889,0.2396352816968999,10.0,5
baseline,xgb|shap_vs_ttest,10,11,0.2596448795469815,0.15196078431372548,0.25964487954698146,10.0,5
baseline,xgb|shap_vs_ttest,10,12,0.279654477397063,0.16804265565875473,0.27965447739706306,10.0,5
baseline,xgb|shap_vs_ttest,10,13,0.17960648814665514,0.10380116959064327,0.17960648814665514,10.0,5
baseline,xgb|shap_vs_ttest,10,14,0.17960648814665517,0.10079119367045064,0.17960648814665514,10.0,5
baseline,xgb|shap_vs_ttest,10,15,0.2996640752471446,0.1920610349402919,0.2996640752471446,10.0,5
baseline,xgb|shap_vs_ttest,10,16,0.19961608599673672,0.1154970760233918,0.19961608599673672,10.0,5
baseline,xgb|shap_vs_ttest,10,17,0.2996640752471446,0.18169934640522878,0.2996640752471446,10.0,5
baseline,xgb|shap_vs_ttest,10,18,0.1595968902965736,0.0890952872377021,0.1595968902965736,10.0,5
baseline,xgb|shap_vs_ttest,10,19,0.23963528169689993,0.13725490196078433,0.2396352816968999,10.0,5
baseline,xgb|perm_vs_ttest,10,0,0.2196256838468183,0.12719298245614036,0.21962568384681833,10.0,5
baseline,xgb|perm_vs_ttest,10,1,0.139587292446492,0.07856897144822841,0.13958729244649198,10.0,5
baseline,xgb|perm_vs_ttest,10,2,0.1595968902965736,0.09026487788097695,0.15959689029657356,10.0,5
baseline,xgb|perm_vs_ttest,10,3,0.27965447739706306,0.16640866873065016,0.27965447739706306,10.0,5
baseline,xgb|perm_vs_ttest,10,4,0.19961608599673675,0.11804265565875474,0.19961608599673672,10.0,5
baseline,xgb|perm_vs_ttest,10,5,0.21962568384681833,0.12973856209150328,0.21962568384681833,10.0,5
baseline,xgb|perm_vs_ttest,10,6,0.2596448795469815,0.15196078431372548,0.25964487954698146,10.0,5
baseline,xgb|perm_vs_ttest,10,7,0.19961608599673675,0.11248710010319918,0.19961608599673672,10.0,5
baseline,xgb|perm_vs_ttest,10,8,0.17960648814665517,0.10079119367045064,0.17960648814665514,10.0,5
baseline,xgb|perm_vs_ttest,10,9,0.17960648814665517,0.09941520467836257,0.17960648814665514,10.0,5
baseline,xgb|perm_vs_ttest,10,10,0.2596448795469815,0.15196078431372548,0.2596448795469814,10.0,5
baseline,xgb|perm_vs_ttest,10,11,0.2596448795469815,0.15196078431372548,0.25964487954698146,10.0,5
baseline,xgb|perm_vs_ttest,10,12,0.29966407524714467,0.1847093223254214,0.2996640752471446,10.0,5
baseline,xgb|perm_vs_ttest,10,13,0.17960648814665514,0.10380116959064327,0.17960648814665514,10.0,5
baseline,xgb|perm_vs_ttest,10,14,0.17960648814665517,0.10079119367045064,0.17960648814665514,10.0,5
baseline,xgb|perm_vs_ttest,10,15,0.2996640752471446,0.1920610349402919,0.2996640752471446,10.0,5
baseline,xgb|perm_vs_ttest,10,16,0.17960648814665517,0.10079119367045064,0.17960648814665517,10.0,5
baseline,xgb|perm_vs_ttest,10,17,0.2996640752471446,0.18169934640522878,0.2996640752471446,10.0,5
baseline,xgb|perm_vs_ttest,10,18,0.13958729244649198,0.07739938080495357,0.13958729244649198,10.0,5
baseline,xgb|perm_vs_ttest,10,19,0.21962568384681833,0.1255589955280358,0.2196256838468183,10.0,5
sensitivity,logreg_coef_across_C,10,0,0.3063339411971717,0.19522549460629954,0.30633394119717183,10.0,5
sensitivity,logreg_coef_across_C,10,1,0.3263435390472534,0.21490018409523054,0.3263435390472534,10.0,5
sensitivity,logreg_coef_across_C,10,2,0.2796544773970629,0.1741830065359477,0.27965447739706306,10.0,5
sensitivity,logreg_coef_across_C,10,3,0.10623796269635592,0.06072124756335282,0.10623796269635599,10.0,5
sensitivity,logreg_coef_across_C,10,4,0.23963528169689985,0.15481974166184692,0.2396352816968999,10.0,5
sensitivity,logreg_coef_across_C,10,5,0.1996160859967366,0.12670697608778103,0.19961608599673672,10.0,5
sensitivity,logreg_coef_across_C,10,6,0.2663147454970086,0.17524416874262078,0.2663147454970086,10.0,5
sensitivity,logreg_coef_across_C,10,7,0.2196256838468182,0.13707849311564482,0.21962568384681833,10.0,5
sensitivity,logreg_coef_across_C,10,8,0.2663147454970086,0.18155742892584997,0.2663147454970087,10.0,5
sensitivity,logreg_coef_across_C,10,9,0.24630514764692704,0.1498591249365243,0.24630514764692707,10.0,5
sensitivity,logreg_coef_across_C,10,10,0.20628595194676377,0.1300609492559957,0.2062859519467639,10.0,5
sensitivity,logreg_coef_across_C,10,11,0.29299420929711734,0.2058192867790391,0.29299420929711745,10.0,5
sensitivity,logreg_coef_across_C,10,12,0.2196256838468182,0.14152179090259587,0.2196256838468183,10.0,5
sensitivity,logreg_coef_across_C,10,13,0.2196256838468182,0.14146313496158697,0.21962568384681833,10.0,5
sensitivity,logreg_coef_across_C,10,14,0.20628595194676383,0.139604507406365,0.2062859519467639,10.0,5
sensitivity,logreg_coef_across_C,10,15,0.27965447739706295,0.18546548623948006,0.27965447739706306,10.0,5
sensitivity,logreg_coef_across_C,10,16,0.22629554979684538,0.1363662424033941,0.22629554979684552,10.0,5
sensitivity,logreg_coef_across_C,10,17,0.246305147646927,0.15878717658903413,0.24630514764692707,10.0,5
sensitivity,logreg_coef_across_C,10,18,0.20628595194676383,0.14491025543657124,0.2062859519467639,10.0,5
sensitivity,logreg_coef_across_C,10,19,0.20628595194676375,0.12348927875243665,0.2062859519467639,10.0,5
resampling,logreg_C0.1|coef,25,0,0.3672412236469288,0.2332484691891068,0.3672412236469289,25.0,5
resampling,logreg_C0.1|coef,25,1,0.3992796427027805,0.25675396849419097,0.39927964270278055,25.0,5
resampling,logreg_C0.1|coef,25,2,0.39127003793881754,0.2485430686650199,0.39127003793881776,25.0,5
resampling,logreg_C0.1|coef,25,3,0.3872652355568361,0.2576989022837191,0.38726523555683623,25.0,5
resampling,logreg_C0.1|coef,25,4,0.37525082841089175,0.23886905633143307,0.37525082841089186,25.0,5
resampling,logreg_C0.1|coef,25,5,0.39527484032079907,0.25621927283754414,0.3952748403207992,25.0,5
resampling,logreg_C0.1|coef,25,6,0.42731325937665077,0.2785705317420186,0.4273132593766508,25.0,5
resampling,logreg_C0.1|coef,25,7,0.37925563079287317,0.24207341038282001,0.3792556307928733,25.0,5
resampling,logreg_C0.1|coef,25,8,0.37525082841089175,0.24637874598154252,0.37525082841089186,25.0,5
resampling,logreg_C0.1|coef,25,9,0.39127003793881754,0.2559461712222138,0.39127003793881776,25.0,5
resampling,logreg_C0.1|coef,25,10,0.39527484032079907,0.2610325857834163,0.3952748403207991,25.0,5
resampling,logreg_C0.1|coef,25,11,0.4193036546126879,0.28097946570190435,0.4193036546126879,25.0,5
resampling,logreg_C0.1|coef,25,12,0.3672412236469288,0.228049211521612,0.36724122364692896,25.0,5
resampling,logreg_C0.1|coef,25,13,0.3872652355568361,0.2525093068481282,0.3872652355568362,25.0,5
resampling,logreg_C0.1|coef,25,14,0.4793756903424098,0.3343649599948592,0.4793756903424099,25.0,5
resampling,logreg_C0.1|coef,25,15,0.40728924746674344,0.2604351547130005,0.40728924746674355,25.0,5
resampling,logreg_C0.1|coef,25,16,0.3872652355568361,0.2445305298476121,0.38726523555683623,25.0,5
resampling,logreg_C0.1|coef,25,17,0.35923161888296595,0.22812609663782107,0.359231618882966,25.0,5
resampling,logreg_C0.1|coef,25,18,0.4152988522307064,0.2728694977298592,0.4152988522307065,25.0,5
resampling,logreg_C0.1|coef,25,19,0.40728924746674344,0.27510952393471194,0.40728924746674355,25.0,5
resampling,logreg_C100|coef,25,0,0.4993997022523171,0.35309385382059794,0.4993997022523171,25.0,5
resampling,logreg_C100|coef,25,1,0.42330845699466935,0.27567014746792917,0.42330845699466935,25.0,5
resampling,logreg_C100|coef,25,2,0.44333246890457656,0.30504008141847905,0.44333246890457667,25.0,5
resampling,logreg_C100|coef,25,3,0.3992796427027805,0.2755797323575781,0.39927964270278055,25.0,5
resampling,logreg_C100|coef,25,4,0.4152988522307064,0.27260565418460153,0.4152988522307065,25.0,5
resampling,logreg_C100|coef,25,5,0.4353228641406137,0.29526649101492497,0.4353228641406138,25.0,5
resampling,logreg_C100|coef,25,6,0.37525082841089175,0.2456865090153066,0.3752508284108918,25.0,5
resampling,logreg_C100|coef,25,7,0.4193036546126879,0.27815502276181586,0.4193036546126879,25.0,5
resampling,logreg_C100|coef,25,8,0.3832604331748547,0.25693450734987566,0.38326043317485475,25.0,5
resampling,logreg_C100|coef,25,9,0.39127003793881754,0.27363907573956314,0.39127003793881765,25.0,5
resampling,logreg_C100|coef,25,10,0.39527484032079896,0.25452480557415325,0.3952748403207992,25.0,5
resampling,logreg_C100|coef,25,11,0.463356480814484,0.33114767993800254,0.46335648081448405,25.0,5
resampling,logreg_C100|coef,25,12,0.47537088796042837,0.34037721106686625,0.4753708879604283,25.0,5
resampling,logreg_C100|coef,25,13,0.37525082841089175,0.25041808205545485,0.37525082841089175,25.0,5
resampling,logreg_C100|coef,25,14,0.4032844450847619,0.2676101125589616,0.403284445084762,25.0,5
resampling,logreg_C100|coef,25,15,0.4193036546126879,0.27986936682588853,0.4193036546126878,25.0,5
resampling,logreg_C100|coef,25,16,0.3712460260289102,0.24819483516496083,0.3712460260289104,25.0,5
resampling,logreg_C100|coef,25,17,0.3672412236469288,0.2336087031363117,0.3672412236469289,25.0,5
resampling,logreg_C100|coef,25,18,0.4353228641406137,0.29685913286919474,0.4353228641406138,25.0,5
resampling,logreg_C100|coef,25,19,0.45534687605052093,0.3123711406412645,0.45534687605052115,25.0,5
resampling,logreg|coef,25,0,0.31117399029918835,0.18794573083389993,0.31117399029918846,25.0,5
resampling,logreg|coef,25,1,0.3191835950631513,0.2052556740906605,0.3191835950631513,25.0,5
resampling,logreg|coef,25,2,0.2671211640973923,0.1590864876257241,0.26712116409739234,25.0,5
resampling,logreg|coef,25,3,0.10292426643615216,0.05673777097842271,0.10292426643615234,25.0,5
resampling,logreg|coef,25,4,0.23508274504154048,0.1396091993319389,0.23508274504154061,25.0,5
resampling,logreg|coef,25,5,0.20304432598568878,0.1150803041494262,0.20304432598568894,25.0,5
resampling,logreg|coef,25,6,0.26311636171541075,0.15395969360925338,0.26311636171541086,25.0,5
resampling,logreg|coef,25,7,0.17901551169380003,0.10125578008033591,0.17901551169380014,25.0,5
resampling,logreg|coef,25,8,0.25911155933342933,0.15762913594782235,0.2591115593334294,25.0,5
resampling,logreg|coef,25,9,0.1710059069298372,0.1008687971312556,0.17100590692983716,25.0,5
resampling,logreg|coef,25,10,0.21105393074965184,0.12430689383450241,0.2110539307496518,25.0,5
resampling,logreg|coef,25,11,0.2751307688613551,0.165810940267462,0.27513076886135523,25.0,5
resampling,logreg|coef,25,12,0.18302031407578134,0.10431193454095837,0.18302031407578162,25.0,5
resampling,logreg|coef,25,13,0.23508274504154048,0.1474124750486386,0.23508274504154056,25.0,5
resampling,logreg|coef,25,14,0.15098189501992987,0.08574322852311672,0.1509818950199299,25.0,5
resampling,logreg|coef,25,15,0.2070491283676703,0.12163149691681627,0.20704912836767037,25.0,5
resampling,logreg|coef,25,16,0.24709715218748485,0.14613836138435682,0.24709715218748501,25.0,5
resampling,logreg|coef,25,17,0.22707314027757752,0.13441457403647208,0.2270731402775777,25.0,5
resampling,logreg|coef,25,18,0.16700110454785566,0.10129777446699761,0.16700110454785572,25.0,5
resampling,logreg|coef,25,19,0.2230683378955961,0.13237940930841902,0.2230683378955962,25.0,5
resampling,logreg|perm,25,0,0.1910299188397444,0.11582838047794027,0.1910299188397445,25.0,5
resampling,logreg|perm,25,1,0.16299630216587413,0.09667341620102479,0.1629963021658743,25.0,5
resampling,logreg|perm,25,2,0.21505873313163315,0.12955836153510575,0.2150587331316333,25.0,5
resampling,logreg|perm,25,3,0.11894347596407806,0.06897181353161419,0.1189434759640782,25.0,5
resampling,logreg|perm,25,4,0.24709715218748485,0.15719317054361986,0.24709715218748501,25.0,5
resampling,logreg|perm,25,5,0.18302031407578134,0.11300919577317092,0.1830203140757816,25.0,5
resampling,logreg|perm,25,6,0.1910299188397444,0.11466523427589932,0.1910299188397445,25.0,5
resampling,logreg|perm,25,7,0.11894347596407806,0.07053552759532826,0.1189434759640782,25.0,5
resampling,logreg|perm,25,8,0.15899149978389282,0.09489969836465956,0.15899149978389282,25.0,5
resampling,logreg|perm,25,9,0.1710059069298372,0.10150178635844682,0.1710059069298372,25.0,5
resampling,logreg|perm,25,10,0.21105393074965184,0.1300607798116104,0.2110539307496518,25.0,5
resampling,logreg|perm,25,11,0.17901551169380003,0.10907339866608398,0.17901551169380014,25.0,5
resampling,logreg|perm,25,12,0.09891946405417074,0.05714555416305152,0.09891946405417089,25.0,5
resampling,logreg|perm,25,13,0.1389674878739855,0.07923813244157027,0.1389674878739855,25.0,5
resampling,logreg|perm,25,14,0.08290025452624483,0.045186833598687706,0.08290025452624503,25.0,5
resampling,logreg|perm,25,15,0.07489064976228199,0.04124407338693053,0.07489064976228209,25.0,5
resampling,logreg|perm,25,16,0.10692906881813369,0.060978616252702636,0.1069290688181338,25.0,5
resampling,logreg|perm,25,17,0.16299630216587413,0.09532619586425742,0.1629963021658743,25.0,5
resampling,logreg|perm,25,18,0.1429722902559668,0.08235357142453746,0.14297229025596694,25.0,5
resampling,logreg|perm,25,19,0.1910299188397444,0.12148739612238475,0.19102991883974452,25.0,5
resampling,logreg|shap,25,0,0.18702511645776287,0.10579881173201004,0.18702511645776307,25.0,5
resampling,logreg|shap,25,1,0.25911155933342933,0.15303774527957192,0.2591115593334294,25.0,5
resampling,logreg|shap,25,2,0.1910299188397444,0.1084128035995241,0.19102991883974452,25.0,5
resampling,logreg|shap,25,3,0.07889545214426352,0.043369923727066585,0.07889545214426355,25.0,5
resampling,logreg|shap,25,4,0.1710059069298372,0.0971115286390696,0.17100590692983722,25.0,5
resampling,logreg|shap,25,5,0.1549866974019113,0.0881000518480897,0.15498669740191134,25.0,5
resampling,logreg|shap,25,6,0.1910299188397444,0.1067123594875676,0.19102991883974452,25.0,5
resampling,logreg|shap,25,7,0.20304432598568878,0.11819242888389707,0.20304432598568894,25.0,5
resampling,logreg|shap,25,8,0.18702511645776287,0.10738180223814082,0.18702511645776304,25.0,5
resampling,logreg|shap,25,9,0.14697709263794834,0.08544399707013688,0.14697709263794842,25.0,5
resampling,logreg|shap,25,10,0.17901551169380003,0.10093217149268456,0.17901551169380014,25.0,5
resampling,logreg|shap,25,11,0.25911155933342933,0.15210314906978203,0.2591115593334294,25.0,5
resampling,logreg|shap,25,12,0.1269530807280409,0.06903382691343574,0.1269530807280411,25.0,5
resampling,logreg|shap,25,13,0.1429722902559668,0.08337889053112224,0.14297229025596697,25.0,5
resampling,logreg|shap,25,14,0.09491466167218932,0.05213127804313215,0.0949146616721894,25.0,5
resampling,logreg|shap,25,15,0.18702511645776287,0.10577009746844586,0.18702511645776304,25.0,5
resampling,logreg|shap,25,16,0.15098189501992987,0.08293503957241237,0.1509818950199299,25.0,5
resampling,logreg|shap,25,17,0.17901551169380003,0.10083328226654817,0.17901551169380014,25.0,5
resampling,logreg|shap,25,18,0.13496268549200396,0.07761620406611972,0.13496268549200402,25.0,5
resampling,logreg|shap,25,19,0.1750107093118185,0.09929419355618949,0.17501070931181867,25.0,5
resampling,rf|perm,25,0,0.15098189501992987,0.08349650529345257,0.15098189501992992,25.0,5
resampling,rf|perm,25,1,0.16700110454785566,0.09398772704824013,0.16700110454785572,25.0,5
resampling,rf|perm,25,2,0.13095788311002243,0.07163610896100654,0.13095788311002257,25.0,5
resampling,rf|perm,25,3,0.1389674878739855,0.07599170355216345,0.1389674878739855,25.0,5
resampling,rf|perm,25,4,0.19903952360370736,0.1122334084868775,0.19903952360370747,25.0,5
resampling,rf|perm,25,5,0.12294827834605937,0.06817878133789326,0.12294827834605963,25.0,5
resampling,rf|perm,25,6,0.1910299188397444,0.10726963936201721,0.19102991883974454,25.0,5
resampling,rf|perm,25,7,0.18302031407578134,0.10304959432328578,0.18302031407578162,25.0,5
resampling,rf|perm,25,8,0.13095788311002243,0.0731303601248758,0.13095788311002257,25.0,5
resampling,rf|perm,25,9,0.13095788311002243,0.07134650036394452,0.13095788311002257,25.0,5
resampling,rf|perm,25,10,0.19903952360370736,0.11199011173195283,0.19903952360370744,25.0,5
resampling,rf|perm,25,11,0.19503472122172583,0.10934039749950944,0.195034721221726,25.0,5
resampling,rf|perm,25,12,0.12294827834605937,0.06672115346292695,0.12294827834605963,25.0,5
resampling,rf|perm,25,13,0.18302031407578134,0.1038433940087703,0.18302031407578162,25.0,5
resampling,rf|perm,25,14,0.11894347596407806,0.06549146527671702,0.1189434759640782,25.0,5
resampling,rf|perm,25,15,0.15098189501992987,0.08324398004092731,0.1509818950199299,25.0,5
resampling,rf|perm,25,16,0.14697709263794834,0.08123434738176379,0.14697709263794842,25.0,5
resampling,rf|perm,25,17,0.1750107093118185,0.09823472600993413,0.17501070931181867,25.0,5
resampling,rf|perm,25,18,0.17901551169380003,0.10153245485114124,0.1790155116938001,25.0,5
resampling,rf|perm,25,19,0.15098189501992987,0.08323808036375765,0.1509818950199299,25.0,5
resampling,rf|shap,25,0,0.11894347596407806,0.0645953031227909,0.11894347596407817,25.0,5
resampling,rf|shap,25,1,0.1389674878739855,0.07671360590073574,0.1389674878739855,25.0,5
resampling,rf|shap,25,2,0.13496268549200396,0.0749472699964969,0.13496268549200402,25.0,5
resampling,rf|shap,25,3,0.1389674878739855,0.0761908504326239,0.1389674878739855,25.0,5
resampling,rf|shap,25,4,0.17901551169380003,0.10042798040426204,0.17901551169380014,25.0,5
resampling,rf|shap,25,5,0.12294827834605937,0.06652200658246647,0.12294827834605966,25.0,5
resampling,rf|shap,25,6,0.1549866974019113,0.08568753929154507,0.15498669740191134,25.0,5
resampling,rf|shap,25,7,0.15098189501992987,0.0845096025690083,0.1509818950199299,25.0,5
resampling,rf|shap,25,8,0.15098189501992987,0.08496547839867671,0.1509818950199299,25.0,5
resampling,rf|shap,25,9,0.1269530807280409,0.06966690038535044,0.12695308072804112,25.0,5
resampling,rf|shap,25,10,0.1910299188397444,0.10777772671099264,0.19102991883974452,25.0,5
resampling,rf|shap,25,11,0.18302031407578134,0.10358249967527247,0.18302031407578162,25.0,5
resampling,rf|shap,25,12,0.11894347596407806,0.06402251002158495,0.11894347596407817,25.0,5
resampling,rf|shap,25,13,0.16299630216587413,0.0906976202585427,0.1629963021658743,25.0,5
resampling,rf|shap,25,14,0.11894347596407806,0.06542752347516609,0.11894347596407817,25.0,5
resampling,rf|shap,25,15,0.1269530807280409,0.068847003803063,0.1269530807280411,25.0,5
resampling,rf|shap,25,16,0.1269530807280409,0.06963880007193077,0.1269530807280411,25.0,5
resampling,rf|shap,25,17,0.09891946405417074,0.05372042223667702,0.09891946405417087,25.0,5
resampling,rf|shap,25,18,0.1750107093118185,0.10040455576169863,0.17501070931181864,25.0,5
resampling,rf|shap,25,19,0.1269530807280409,0.06932343551049776,0.1269530807280411,25.0,5
resampling,svm|coef,25,0,0.5594717379820391,0.420766690425378,0.5594717379820391,25.0,5
resampling,svm|coef,25,1,0.463356480814484,0.31182210988523756,0.463356480814484,25.0,5
resampling,svm|coef,25,2,0.4993997022523171,0.35115142780156455,0.4993997022523172,25.0,5
resampling,svm|coef,25,3,0.4793756903424098,0.3477807290199007,0.47937569034240984,25.0,5
resampling,svm|coef,25,4,0.5314381213081688,0.3767616637953798,0.5314381213081688,25.0,5
resampling,svm|coef,25,5,0.5114141093982616,0.3567155621766746,0.5114141093982616,25.0,5
resampling,svm|coef,25,6,0.47136608557844695,0.3314083726576556,0.4713660855784469,25.0,5
resampling,svm|coef,25,7,0.44333246890457656,0.30588596414291963,0.44333246890457667,25.0,5
resampling,svm|coef,25,8,0.4833804927243912,0.32690124025168954,0.4833804927243913,25.0,5
resampling,svm|coef,25,9,0.5314381213081688,0.3820772708875294,0.5314381213081688,25.0,5
resampling,svm|coef,25,10,0.515418911780243,0.36042350522285294,0.515418911780243,25.0,5
resampling,svm|coef,25,11,0.5594717379820391,0.4057268895978573,0.5594717379820391,25.0,5
resampling,svm|coef,25,12,0.5794957498919464,0.43590163606390986,0.5794957498919464,25.0,5
resampling,svm|coef,25,13,0.49139009748835416,0.3570329147426746,0.49139009748835416,25.0,5
resampling,svm|coef,25,14,0.4673612831964654,0.3255756700524142,0.4673612831964653,25.0,5
resampling,svm|coef,25,15,0.4793756903424098,0.33740769034886675,0.47937569034240984,25.0,5
resampling,svm|coef,25,16,0.43932766652259514,0.3014235213723705,0.43932766652259525,25.0,5
resampling,svm|coef,25,17,0.4993997022523171,0.34734305968273,0.4993997022523171,25.0,5
resampling,svm|coef,25,18,0.5434525284541132,0.3923407998024213,0.5434525284541131,25.0,5
resampling,svm|coef,25,19,0.4833804927243912,0.3455416570115281,0.48338049272439126,25.0,5
resampling,svm|perm,25,0,0.6635965999135571,0.5121668878968657,0.663596599913557,25.0,5
resampling,svm|perm,25,1,0.5714861451279833,0.4080639003239622,0.5714861451279836,25.0,5
resampling,svm|perm,25,2,0.6155389713297795,0.45985031521958514,0.6155389713297795,25.0,5
resampling,svm|perm,25,3,0.5955149594198722,0.4371471734181462,0.5955149594198723,25.0,5
resampling,svm|perm,25,4,0.6115341689477981,0.4494884797176086,0.611534168947798,25.0,5
resampling,svm|perm,25,5,0.575490947509965,0.4180497485922233,0.5754909475099649,25.0,5
resampling,svm|perm,25,6,0.5634765403640205,0.40396164293223114,0.5634765403640206,25.0,5
resampling,svm|perm,25,7,0.5474573308360946,0.3911148044652537,0.5474573308360948,25.0,5
resampling,svm|perm,25,8,0.50740930701628,0.34651759535660465,0.5074093070162801,25.0,5
resampling,svm|perm,25,9,0.6555869951495942,0.4972064589464987,0.6555869951495941,25.0,5
resampling,svm|perm,25,10,0.5554669356000577,0.40202556156503527,0.5554669356000577,25.0,5
resampling,svm|perm,25,11,0.6075293665658166,0.44940793896838543,0.6075293665658167,25.0,5
resampling,svm|perm,25,12,0.575490947509965,0.42083066865255514,0.575490947509965,25.0,5
resampling,svm|perm,25,13,0.5474573308360946,0.4017577040363987,0.5474573308360946,25.0,5
resampling,svm|perm,25,14,0.5554669356000577,0.4097984143393677,0.5554669356000577,25.0,5
resampling,svm|perm,25,15,0.6035245641838352,0.4393051957967568,0.6035245641838352,25.0,5
resampling,svm|perm,25,16,0.6075293665658166,0.4551161427066317,0.6075293665658167,25.0,5
resampling,svm|perm,25,17,0.6035245641838352,0.44394133092261195,0.6035245641838352,25.0,5
resampling,svm|perm,25,18,0.6235485760937425,0.4613358910959531,0.6235485760937426,25.0,5
resampling,svm|perm,25,19,0.6355629832396869,0.4727661390967842,0.6355629832396869,25.0,5
resampling,svm|shap,25,0,0.4032844450847619,0.26847945660935585,0.40328444508476213,25.0,5
resampling,svm|shap,25,1,0.3191835950631513,0.2047610587096443,0.3191835950631513,25.0,5
resampling,svm|shap,25,2,0.335202804591077,0.218796279266604,0.3352028045910772,25.0,5
resampling,svm|shap,25,3,0.335202804591077,0.21591645018418476,0.3352028045910772,25.0,5
resampling,svm|shap,25,4,0.29114997838928103,0.18159349194613078,0.2911499783892811,25.0,5
resampling,svm|shap,25,5,0.32719319982711415,0.20326737665714992,0.32719319982711426,25.0,5
resampling,svm|shap,25,6,0.31117399029918835,0.19783869811182514,0.31117399029918846,25.0,5
resampling,svm|shap,25,7,0.29114997838928103,0.1850865934512551,0.2911499783892811,25.0,5
resampling,svm|shap,25,8,0.30716918791720693,0.1940745035411365,0.307169187917207,25.0,5
resampling,svm|shap,25,9,0.3872652355568361,0.2529807964590573,0.3872652355568361,25.0,5
resampling,svm|shap,25,10,0.3231883974451326,0.2080677597944547,0.32318839744513284,25.0,5
resampling,svm|shap,25,11,0.35923161888296595,0.2323646351106305,0.35923161888296595,25.0,5
resampling,svm|shap,25,12,0.3632364212649474,0.2379893854162319,0.36323642126494743,25.0,5
resampling,svm|shap,25,13,0.34721721173702147,0.22748674749280484,0.3472172117370215,25.0,5
resampling,svm|shap,25,14,0.2751307688613551,0.17315818188243817,0.27513076886135523,25.0,5
resampling,svm|shap,25,15,0.31117399029918835,0.19708492869308877,0.31117399029918846,25.0,5
resampling,svm|shap,25,16,0.3392076069730585,0.214993302256795,0.33920760697305863,25.0,5
resampling,svm|shap,25,17,0.3311980022090957,0.21328381622871007,0.33119800220909573,25.0,5
resampling,svm|shap,25,18,0.3231883974451326,0.2075851258182085,0.3231883974451328,25.0,5
resampling,svm|shap,25,19,0.34321240935503994,0.21842170122724305,0.34321240935504005,25.0,5
resampling,ttest|ttest,25,0,0.40728924746674344,0.2655611520990598,0.40728924746674355,25.0,5
resampling,ttest|ttest,25,1,0.31117399029918835,0.1962279163854242,0.31117399029918846,25.0,5
resampling,ttest|ttest,25,2,0.3311980022090957,0.2186096999115151,0.33119800220909573,25.0,5
resampling,ttest|ttest,25,3,0.3552268165009844,0.23087982316909778,0.3552268165009845,25.0,5
resampling,ttest|ttest,25,4,0.45935167843250246,0.3099073067050884,0.45935167843250246,25.0,5
resampling,ttest|ttest,25,5,0.29515478077126234,0.19384108998770655,0.29515478077126256,25.0,5
resampling,ttest|ttest,25,6,0.4032844450847619,0.26285208317927666,0.403284445084762,25.0,5
resampling,ttest|ttest,25,7,0.29915958315324387,0.19661892783134274,0.299159583153244,25.0,5
resampling,ttest|ttest,25,8,0.34721721173702147,0.2309713840168967,0.34721721173702164,25.0,5
resampling,ttest|ttest,25,9,0.32719319982711415,0.2132646343281944,0.3271931998271142,25.0,5
resampling,ttest|ttest,25,10,0.3031643855352254,0.18555584871496061,0.3031643855352255,25.0,5
resampling,ttest|ttest,25,11,0.3031643855352254,0.18542501156078023,0.3031643855352255,25.0,5
resampling,ttest|ttest,25,12,0.335202804591077,0.21445147269990672,0.3352028045910772,25.0,5
resampling,ttest|ttest,25,13,0.31117399029918835,0.19952176712616781,0.3111739902991884,25.0,5
resampling,ttest|ttest,25,14,0.30716918791720693,0.19601368002148736,0.30716918791720693,25.0,5
resampling,ttest|ttest,25,15,0.3392076069730585,0.22456243581478308,0.3392076069730587,25.0,5
resampling,ttest|ttest,25,16,0.3712460260289102,0.24092770946317854,0.3712460260289104,25.0,5
resampling,ttest|ttest,25,17,0.3151787926811698,0.20468873161432494,0.3151787926811699,25.0,5
resampling,ttest|ttest,25,18,0.3311980022090957,0.2188523583834215,0.33119800220909573,25.0,5
resampling,ttest|ttest,25,19,0.45534687605052093,0.3131957911369676,0.45534687605052115,25.0,5
resampling,xgb|perm,25,0,0.2812445438666351,0.16530180121218124,,23.4,5
resampling,xgb|perm,25,1,0.27913557124333666,0.16715627825129376,0.2791355712433367,25.0,5
resampling,xgb|perm,25,2,0.24309234980550332,0.14238425066531377,0.24309234980550354,25.0,5
resampling,xgb|perm,25,3,0.31369973193671075,0.19162265207459717,,24.8,5
resampling,xgb|perm,25,4,0.30405685723635945,0.18194444444444446,,24.6,5
resampling,xgb|perm,25,5,0.240914863621005,0.14581462016244626,,24.4,5
resampling,xgb|perm,25,6,0.27188208596981245,0.15963544881138408,,24.2,5
resampling,xgb|perm,25,7,0.29663107250108944,0.17657159959784077,,23.2,5
resampling,xgb|perm,25,8,0.2812445438666351,0.16608997425138114,,23.4,5
resampling,xgb|perm,25,9,0.29256725398203376,0.17549174877417123,,24.2,5
resampling,xgb|perm,25,10,0.29114997838928103,0.1727540988034465,0.29114997838928114,25.0,5
resampling,xgb|perm,25,11,0.22039904912427544,0.12564099393472497,,24.4,5
resampling,xgb|perm,25,12,0.29654822643327283,0.17553356934614958,,22.2,5
resampling,xgb|perm,25,13,0.25985301243409453,0.15040636544801098,,23.4,5
resampling,xgb|perm,25,14,0.2671211640973923,0.15773399165714636,0.26712116409739234,25.0,5
resampling,xgb|perm,25,15,0.32005058266103215,0.19328531828531828,,24.0,5
resampling,xgb|perm,25,16,0.2905216347408528,0.17485233710342982,,23.0,5
resampling,xgb|perm,25,17,0.3085392982612639,0.1885709769607502,,23.6,5
resampling,xgb|perm,25,18,0.2511488990145623,0.15445481688532495,,24.6,5
resampling,xgb|perm,25,19,0.3081267001764978,0.18447989679696994,,24.6,5
resampling,xgb|shap,25,0,0.2812445438666351,0.16530180121218124,,23.4,5
resampling,xgb|shap,25,1,0.27913557124333666,0.16715627825129376,0.2791355712433367,25.0,5
resampling,xgb|shap,25,2,0.24309234980550332,0.14179332365124653,0.24309234980550354,25.0,5
resampling,xgb|shap,25,3,0.3096626715363384,0.18880666510905947,,24.8,5
resampling,xgb|shap,25,4,0.2999870142962213,0.17941919191919192,,24.6,5
resampling,xgb|shap,25,5,0.25322435231904283,0.15403964701529266,,24.4,5
resampling,xgb|shap,25,6,0.28843022037958965,0.17014427968199947,,24.2,5
resampling,xgb|shap,25,7,0.28368563211767384,0.16751700018709006,,23.2,5
resampling,xgb|shap,25,8,0.2812445438666351,0.16608997425138114,,23.4,5
resampling,xgb|shap,25,9,0.2760191195722568,0.16306894479167533,,24.2,5
resampling,xgb|shap,25,10,0.2671211640973923,0.15644975097735953,0.26712116409739234,25.0,5
resampling,xgb|shap,25,11,0.22039904912427544,0.12564099393472497,,24.4,5
resampling,xgb|shap,25,12,0.29654822643327283,0.17553356934614958,,22.2,5
resampling,xgb|shap,25,13,0.2512963998610782,0.1449762028709397,,23.4,5
resampling,xgb|shap,25,14,0.25911155933342933,0.1523725377188327,0.2591115593334294,25.0,5
resampling,xgb|shap,25,15,0.32005058266103215,0.19330430336527898,,24.0,5
resampling,xgb|shap,25,16,0.27746375071767815,0.16584391536244997,,23.0,5
resampling,xgb|shap,25,17,0.31278138845598025,0.19133952624092737,,23.6,5
resampling,xgb|shap,25,18,0.24707905607442404,0.15077613820664626,,24.6,5
resampling,xgb|shap,25,19,0.2959171713560831,0.17647497841873455,,24.6,5
model,explainer=coef,25,0,0.30316438553522546,0.18255017648344243,0.30316438553522546,25.0,5
model,explainer=coef,25,1,0.21505873313163323,0.12215320910973085,0.2150587331316333,25.0,5
model,explainer=coef,25,2,0.27913557124333666,0.16667716061042656,0.2791355712433367,25.0,5
model,explainer=coef,25,3,0.1509818950199298,0.08684090236885268,0.1509818950199299,25.0,5
model,explainer=coef,25,4,0.1589914997838927,0.08993100786413856,0.15899149978389282,25.0,5
model,explainer=coef,25,5,0.26311636171541075,0.15841799396616674,0.2631163617154108,25.0,5
model,explainer=coef,25,6,0.27112596647937376,0.16205533596837945,0.2711259664793738,25.0,5
model,explainer=coef,25,7,0.2070491283676703,0.11892930341295674,0.20704912836767037,25.0,5
model,explainer=coef,25,8,0.21505873313163323,0.12343115540789959,0.2150587331316333,25.0,5
model,explainer=coef,25,9,0.19903952360370736,0.11792187813067949,0.19903952360370747,25.0,5
model,explainer=coef,25,10,0.18302031407578154,0.10272722166048757,0.18302031407578162,25.0,5
model,explainer=coef,25,11,0.29515478077126256,0.17411658109332528,0.29515478077126256,25.0,5
model,explainer=coef,25,12,0.24709715218748496,0.1496251508849493,0.24709715218748496,25.0,5
model,explainer=coef,25,13,0.16700110454785566,0.09446805501622776,0.16700110454785574,25.0,5
model,explainer=coef,25,14,0.21505873313163323,0.12587965253724778,0.2150587331316333,25.0,5
model,explainer=coef,25,15,0.26311636171541075,0.1691762138570649,0.26311636171541086,25.0,5
model,explainer=coef,25,16,0.29515478077126245,0.1770025839793282,0.29515478077126256,25.0,5
model,explainer=coef,25,17,0.24709715218748496,0.14484126984126983,0.24709715218748496,25.0,5
model,explainer=coef,25,18,0.13496268549200402,0.07439613526570048,0.13496268549200402,25.0,5
model,explainer=coef,25,19,0.23908754742352198,0.14254497809315084,0.23908754742352206,25.0,5
model,explainer=perm,25,0,0.07359087404228752,0.04271385178660014,0.0688834461893099,24.6,5
model,explainer=perm,25,1,0.10559413469080656,0.06376865755086979,0.10559413469080665,25.0,5
model,explainer=perm,25,2,0.09624959579951645,0.05544460030716143,0.09624959579951656,25.0,5
model,explainer=perm,25,3,0.07900560014324395,0.0448851093163069,0.08557012278089933,24.95,5
model,explainer=perm,25,4,0.09939565194286615,0.05731014675812298,0.08779501299311127,24.9,5
model,explainer=perm,25,5,0.09792163833460932,0.055885149652341023,0.10893147000912454,24.85,5
model,explainer=perm,25,6,0.11338953073471258,0.06662356964915893,0.10726280234996559,24.8,5
model,explainer=perm,25,7,0.07767098468249596,0.04495953546702457,0.0688834461893099,24.55,5
model,explainer=perm,25,8,0.09545402829255775,0.05715574587662392,0.09057612575837616,24.6,5
model,explainer=perm,25,9,0.07807013315869357,0.04492174964676114,0.08223278746258143,24.8,5
model,explainer=perm,25,10,0.08156532039891776,0.04800706615313952,0.08156532039891787,25.0,5
model,explainer=perm,25,11,0.09278808710403548,0.05428699947230895,0.09391346107669404,24.85,5
model,explainer=perm,25,12,0.0693080501657279,0.03982082737956904,0.05553410491603836,24.3,5
model,explainer=perm,25,13,0.10667124969096353,0.062463032905143136,0.08779501299311127,24.6,5
model,explainer=perm,25,14,0.08690505690822634,0.051199237438369405,0.08690505690822647,25.0,5
model,explainer=perm,25,15,0.07827429108971824,0.045791440376780915,0.0805641198034225,24.75,5
model,explainer=perm,25,16,0.08320447818248411,0.04860799376706009,0.08890745809921721,24.5,5
model,explainer=perm,25,17,0.07858092800387646,0.044726576863335296,0.0805641198034225,24.65,5
model,explainer=perm,25,18,0.11132925112331546,0.06425734499643296,0.12116836617629008,24.9,5
model,explainer=perm,25,19,0.07791906704610099,0.045283255599213715,0.07555811682594567,24.9,5
model,explainer=shap,25,0,0.11819250366848118,0.06724017761840999,0.10893147000912451,24.6,5
model,explainer=shap,25,1,0.14430722438329407,0.08443745617732455,0.1443072243832941,25.0,5
model,explainer=shap,25,2,0.134962685492004,0.07742370685784264,0.13496268549200402,25.0,5
model,explainer=shap,25,3,0.07901906813749308,0.043991094648566195,0.08390145512174037,24.95,5
model,explainer=shap,25,4,0.12880460672681113,0.0749612839189815,0.1300679270251378,24.9,5
model,explainer=shap,25,5,0.13304229620258495,0.07545381498953169,0.13563015255566763,24.85,5
model,explainer=shap,25,6,0.13330243168725397,0.07782916203576236,0.1356301525556676,24.8,5
model,explainer=shap,25,7,0.1104778572370454,0.06253508127701053,0.08890745809921721,24.55,5
model,explainer=shap,25,8,0.12116560233751714,0.07136364115594776,0.11727480830491924,24.6,5
model,explainer=shap,25,9,0.10465770474787069,0.0589173079133003,0.11894347596407817,24.8,5
model,explainer=shap,25,10,0.11360373945476947,0.06515428858647271,0.11360373945476956,25.0,5
model,explainer=shap,25,11,0.12936739026657912,0.07499134259760358,0.11727480830491924,24.85,5
model,explainer=shap,25,12,0.10189563474431296,0.05739056290010327,0.0922447934175351,24.3,5
model,explainer=shap,25,13,0.11487872252666942,0.06651756905257597,0.13006792702513778,24.6,5
model,explainer=shap,25,14,0.11493867358209664,0.06596036421612154,0.11493867358209671,25.0,5
model,explainer=shap,25,15,0.11494909061011405,0.06497608222355519,0.11060013766828346,24.75,5
model,explainer=shap,25,16,0.13077883238668453,0.0757499251187802,0.13563015255566763,24.5,5
model,explainer=shap,25,17,0.12467119635191837,0.06981896108884571,0.12561814660071396,24.65,5
model,explainer=shap,25,18,0.11821940966793817,0.06630232956337641,0.09669457384195895,24.9,5
model,explainer=shap,25,19,0.10053131467291306,0.05763286428067982,0.10893147000912452,24.9,5
explainer,model=logreg,25,0,0.18302031407578137,0.11002330957216225,0.18302031407578156,25.0,5
explainer,model=logreg,25,1,0.18035044582112708,0.1105372397867721,0.18035044582112728,25.0,5
explainer,model=logreg,25,2,0.18569018233043572,0.11373158729777019,0.1856901823304359,25.0,5
explainer,model=logreg,25,3,0.24175741567817627,0.15996481388096778,0.24175741567817638,25.0,5
explainer,model=logreg,25,4,0.1376325537466582,0.08237406836622266,0.13763255374665836,25.0,5
explainer,model=logreg,25,5,0.18302031407578137,0.11009361434314666,0.1830203140757816,25.0,5
explainer,model=logreg,25,6,0.24175741567817619,0.14461044521711863,0.2417574156781764,25.0,5
explainer,model=logreg,25,7,0.1723408410571642,0.10701151612348996,0.17234084105716435,25.0,5
explainer,model=logreg,25,8,0.24442728393283053,0.1591190413849887,0.24442728393283067,25.0,5
explainer,model=logreg,25,9,0.17234084105716413,0.10308254487007111,0.17234084105716435,25.0,5
explainer,model=logreg,25,10,0.15365176327458402,0.09228417904577543,0.1536517632745842,25.0,5
explainer,model=logreg,25,11,0.16433123629320123,0.09607139125798339,0.1643312362932014,25.0,5
explainer,model=logreg,25,12,0.16166136803854692,0.09514648197827938,0.1616613680385471,25.0,5
explainer,model=logreg,25,13,0.16700110454785552,0.09932466038367144,0.16700110454785572,25.0,5
explainer,model=logreg,25,14,0.19102991883974438,0.11529497769690038,0.1910299188397445,25.0,5
explainer,model=logreg,25,15,0.1296229489826952,0.07626326808083603,0.1296229489826954,25.0,5
explainer,model=logreg,25,16,0.20170939185836154,0.12014603494135818,0.20170939185836176,25.0,5
explainer,model=logreg,25,17,0.1509818950199296,0.08853772657759369,0.15098189501992987,25.0,5
explainer,model=logreg,25,18,0.20437926011301588,0.12796962039122317,0.20437926011301605,25.0,5
explainer,model=logreg,25,19,0.18035044582112708,0.11492827365422427,0.18035044582112728,25.0,5
explainer,model=rf,25,0,0.7597118570811123,0.6182964236356894,0.7597118570811122,25.0,5
explainer,model=rf,25,1,0.7116542284973347,0.5560922316140532,0.7116542284973347,25.0,5
explainer,model=rf,25,2,0.7276734380252605,0.5767089093701997,0.7276734380252605,25.0,5
explainer,model=rf,25,3,0.7517022523171493,0.6118526758126313,0.7517022523171493,25.0,5
explainer,model=rf,25,4,0.7677214618450752,0.6256109481915932,0.7677214618450752,25.0,5
explainer,model=rf,25,5,0.7356830427892234,0.58678955453149,0.7356830427892234,25.0,5
explainer,model=rf,25,6,0.7036446237333718,0.5460115864527629,0.7036446237333717,25.0,5
explainer,model=rf,25,7,0.7276734380252605,0.5750316255534471,0.7276734380252605,25.0,5
explainer,model=rf,25,8,0.7436926475531863,0.5978895147906467,0.7436926475531863,25.0,5
explainer,model=rf,25,9,0.783740671373001,0.6465748980348536,0.783740671373001,25.0,5
explainer,model=rf,25,10,0.7997598809009269,0.6689708141321045,0.7997598809009269,25.0,5
explainer,model=rf,25,11,0.7116542284973347,0.5541982922201139,0.7116542284973347,25.0,5
explainer,model=rf,25,12,0.7517022523171493,0.6055191795597802,0.7517022523171493,25.0,5
explainer,model=rf,25,13,0.8157790904288527,0.6959272060078512,0.8157790904288527,25.0,5
explainer,model=rf,25,14,0.7517022523171493,0.6059456040480707,0.7517022523171493,25.0,5
explainer,model=rf,25,15,0.7356830427892234,0.5859688374287929,0.7356830427892234,25.0,5
explainer,model=rf,25,16,0.7677214618450752,0.6274509803921569,0.7677214618450752,25.0,5
explainer,model=rf,25,17,0.7436926475531863,0.594024926686217,0.7436926475531863,25.0,5
explainer,model=rf,25,18,0.7276734380252605,0.5743595825426945,0.7276734380252605,25.0,5
explainer,model=rf,25,19,0.7356830427892234,0.5859688374287929,0.7356830427892234,25.0,5
explainer,model=svm,25,0,0.4500071395412123,0.3017802810593595,0.45000713954121246,25.0,5
explainer,model=svm,25,1,0.44466740303190366,0.2978930352000587,0.4446674030319038,25.0,5
explainer,model=svm,25,2,0.4393276665225951,0.2961810590329562,0.43932766652259525,25.0,5
explainer,model=svm,25,3,0.44733727128655804,0.30492826030937253,0.4473372712865581,25.0,5
explainer,model=svm,25,4,0.45534687605052093,0.30895305366385123,0.45534687605052104,25.0,5
explainer,model=svm,25,5,0.4313180617586322,0.2859287676360847,0.43131806175863224,25.0,5
explainer,model=svm,25,6,0.44466740303190366,0.2974303544895687,0.4446674030319039,25.0,5
explainer,model=svm,25,7,0.4553468760505209,0.31250187115857264,0.45534687605052104,25.0,5
explainer,model=svm,25,8,0.44199753477724946,0.29367056414441256,0.4419975347772495,25.0,5
explainer,model=svm,25,9,0.4473372712865579,0.304417614154307,0.4473372712865581,25.0,5
explainer,model=svm,25,10,0.4633564808144838,0.31209456030741606,0.463356480814484,25.0,5
explainer,model=svm,25,11,0.43932766652259503,0.29268192035939894,0.4393276665225952,25.0,5
explainer,model=svm,25,12,0.420638588740015,0.2789348367932838,0.4206385887400151,25.0,5
explainer,model=svm,25,13,0.4473372712865579,0.3014959452826175,0.4473372712865581,25.0,5
explainer,model=svm,25,14,0.44733727128655804,0.30125155715242263,0.4473372712865581,25.0,5
explainer,model=svm,25,15,0.482045558597064,0.32948763771408457,0.48204555859706416,25.0,5
explainer,model=svm,25,16,0.43665779826794077,0.2919179900524883,0.43665779826794093,25.0,5
explainer,model=svm,25,17,0.45534687605052093,0.3061581060554488,0.45534687605052104,25.0,5
explainer,model=svm,25,18,0.4286481935039778,0.289778689436402,0.4286481935039779,25.0,5
explainer,model=svm,25,19,0.4339879300132864,0.28884203930211905,0.4339879300132866,25.0,5
explainer,model=xgb,25,0,1.0,1.0,1.0,23.4,5
explainer,model=xgb,25,1,0.9919903952360372,0.9846153846153847,0.9919903952360372,25.0,5
explainer,model=xgb,25,2,0.9919903952360372,0.9846153846153847,0.9919903952360372,25.0,5
explainer,model=xgb,25,3,0.9759711857081111,0.9549857549857551,0.9759711857081111,24.8,5
explainer,model=xgb,25,4,0.9839807904720741,0.9703703703703704,0.9839807904720741,24.6,5
explainer,model=xgb,25,5,0.9679615809441483,0.9384615384615385,0.9679615809441483,24.4,5
explainer,model=xgb,25,6,0.9759711857081111,0.9538461538461538,0.9759711857081111,24.2,5
explainer,model=xgb,25,7,0.9919903952360372,0.9846153846153847,0.9919903952360372,23.2,5
explainer,model=xgb,25,8,1.0,1.0,1.0,23.4,5
explainer,model=xgb,25,9,0.9679615809441483,0.9384615384615385,0.9679615809441483,24.2,5
explainer,model=xgb,25,10,0.9679615809441483,0.9384615384615385,0.9679615809441483,25.0,5
explainer,model=xgb,25,11,0.9839807904720741,0.9692307692307693,0.9839807904720741,24.4,5
explainer,model=xgb,25,12,1.0,1.0,1.0,22.2,5
explainer,model=xgb,25,13,0.9759711857081111,0.953846153846154,0.9759711857081111,23.4,5
explainer,model=xgb,25,14,0.9599519761801855,0.9242165242165242,0.9599519761801855,25.0,5
explainer,model=xgb,25,15,0.9919903952360372,0.9846153846153847,0.9919903952360372,24.0,5
explainer,model=xgb,25,16,0.9759711857081111,0.9549857549857551,0.9759711857081111,23.0,5
explainer,model=xgb,25,17,0.9759711857081111,0.9549857549857551,0.9759711857081111,23.6,5
explainer,model=xgb,25,18,0.9919903952360372,0.9846153846153847,0.9919903952360372,24.6,5
explainer,model=xgb,25,19,0.9599519761801855,0.9253561253561255,0.9599519761801855,24.6,5
combined,all_primary,25,0,0.1716028851163965,0.11564810906371412,0.1687810167176253,24.68,5
combined,all_primary,25,1,0.1869361208492744,0.12437955430322523,0.18693612084927458,25.0,5
combined,all_primary,25,2,0.18124040190601193,0.12003305241297164,0.18124040190601207,25.0,5
combined,all_primary,25,3,0.1515419509430737,0.10378611792201373,0.158101543699008,24.96,5
combined,all_primary,25,4,0.167604233326287,0.11249501322500002,0.15513502341605878,24.919999999999998,5
combined,all_primary,25,5,0.1804355062816769,0.11857173655873701,0.18457773722432996,24.880000000000003,5
combined,all_primary,25,6,0.18922660519713888,0.12469237501561037,0.18235284701211804,24.84,5
combined,all_primary,25,7,0.15858094237975767,0.10758084401640704,0.1514268730623723,24.64,5
combined,all_primary,25,8,0.17276434501410085,0.11762449931773333,0.17345328616327033,24.68,5
combined,all_primary,25,9,0.15909236886579653,0.10741651173378353,0.1676685716115193,24.84,5
combined,all_primary,25,10,0.16344128020831655,0.1105886607363008,0.16344128020831666,25.0,5
combined,all_primary,25,11,0.1802762448824518,0.11916720876797182,0.17412075322693388,24.880000000000003,5
combined,all_primary,25,12,0.15226594633957113,0.10340326026230469,0.15899149978389282,24.44,5
combined,all_primary,25,13,0.16803518464955244,0.11379123724046392,0.17352744917034404,24.68,5
combined,all_primary,25,14,0.16806905184971732,0.11186266564580483,0.16806905184971743,25.0,5
combined,all_primary,25,15,0.15998587206909884,0.10863590307182783,0.15832403272022924,24.8,5
combined,all_primary,25,16,0.16855662165741123,0.11328476670897354,0.1754556873542611,24.6,5
combined,all_primary,25,17,0.1722736098307444,0.11408158526515784,0.17367577518449157,24.72,5
combined,all_primary,25,18,0.17009037560513934,0.11325254325503113,0.1604747599253674,24.919999999999998,5
combined,all_primary,25,19,0.15677642584339674,0.10544663069052577,0.16099390097488353,24.919999999999998,5
baseline,logreg|coef_vs_ttest,25,0,-0.001200595495365775,0.0,-0.0012005954953657014,25.0,5
baseline,logreg|coef_vs_ttest,25,1,0.01481861403256004,0.008163265306122448,0.014818614032560152,25.0,5
baseline,logreg|coef_vs_ttest,25,2,0.006809009268597133,0.004081632653061224,0.006809009268597226,25.0,5
baseline,logreg|coef_vs_ttest,25,3,0.01481861403256004,0.008163265306122448,0.014818614032560152,25.0,5
baseline,logreg|coef_vs_ttest,25,4,0.006809009268597133,0.004081632653061224,0.006809009268597224,25.0,5
baseline,logreg|coef_vs_ttest,25,5,-0.001200595495365775,0.0,-0.0012005954953657014,25.0,5
baseline,logreg|coef_vs_ttest,25,6,-0.001200595495365775,0.0,-0.0012005954953657014,25.0,5
baseline,logreg|coef_vs_ttest,25,7,-0.001200595495365775,0.0,-0.0012005954953657014,25.0,5
baseline,logreg|coef_vs_ttest,25,8,-0.001200595495365775,0.0,-0.0012005954953657014,25.0,5
baseline,logreg|coef_vs_ttest,25,9,-0.001200595495365775,0.0,-0.0012005954953657014,25.0,5
baseline,logreg|coef_vs_ttest,25,10,-0.001200595495365775,0.0,-0.0012005954953657014,25.0,5
baseline,logreg|coef_vs_ttest,25,11,0.006809009268597133,0.004081632653061224,0.006809009268597226,25.0,5
baseline,logreg|coef_vs_ttest,25,12,0.006809009268597133,0.004081632653061224,0.006809009268597224,25.0,5
baseline,logreg|coef_vs_ttest,25,13,-0.001200595495365775,0.0,-0.0012005954953657014,25.0,5
baseline,logreg|coef_vs_ttest,25,14,-0.001200595495365775,0.0,-0.0012005954953657014,25.0,5
baseline,logreg|coef_vs_ttest,25,15,-0.001200595495365775,0.0,-0.0012005954953657014,25.0,5
baseline,logreg|coef_vs_ttest,25,16,-0.001200595495365775,0.0,-0.0012005954953657014,25.0,5
baseline,logreg|coef_vs_ttest,25,17,-0.001200595495365775,0.0,-0.0012005954953657014,25.0,5
baseline,logreg|coef_vs_ttest,25,18,-0.001200595495365775,0.0,-0.0012005954953657014,25.0,5
baseline,logreg|coef_vs_ttest,25,19,0.014818614032560084,0.008333333333333333,0.014818614032560148,25.0,5
baseline,logreg|shap_vs_ttest,25,0,0.046857033088411756,0.024829931972789116,0.046857033088411854,25.0,5
baseline,logreg|shap_vs_ttest,25,1,0.08690505690822634,0.047233077628214395,0.08690505690822649,25.0,5
baseline,logreg|shap_vs_ttest,25,2,0.038847428324448804,0.020929222752930958,0.03884742832444893,25.0,5
baseline,logreg|shap_vs_ttest,25,3,0.06287624261633758,0.033344188739325514,0.0628762426163377,25.0,5
baseline,logreg|shap_vs_ttest,25,4,0.046857033088411756,0.02553191489361702,0.046857033088411854,25.0,5
baseline,logreg|shap_vs_ttest,25,5,0.006809009268597133,0.004081632653061224,0.006809009268597224,25.0,5
baseline,logreg|shap_vs_ttest,25,6,0.0308378235604859,0.016847590099869733,0.030837823560485998,25.0,5
baseline,logreg|shap_vs_ttest,25,7,0.07889545214426348,0.042572227781029155,0.07889545214426356,25.0,5
baseline,logreg|shap_vs_ttest,25,8,0.06287624261633762,0.033887902987281865,0.0628762426163377,25.0,5
baseline,logreg|shap_vs_ttest,25,9,0.07088584738030057,0.03813960366755397,0.07088584738030064,25.0,5
baseline,logreg|shap_vs_ttest,25,10,0.02282821879652295,0.012244897959183673,0.022828218796523077,25.0,5
baseline,logreg|shap_vs_ttest,25,11,0.06287624261633762,0.033514256766536396,0.0628762426163377,25.0,5
baseline,logreg|shap_vs_ttest,25,12,0.06287624261633766,0.03405797101449275,0.0628762426163377,25.0,5
baseline,logreg|shap_vs_ttest,25,13,0.05486663785237467,0.02926255608626429,0.05486663785237478,25.0,5
baseline,logreg|shap_vs_ttest,25,14,0.05486663785237467,0.02926255608626429,0.05486663785237478,25.0,5
baseline,logreg|shap_vs_ttest,25,15,0.07088584738030049,0.03777681285280069,0.07088584738030063,25.0,5
baseline,logreg|shap_vs_ttest,25,16,0.03884742832444876,0.02040816326530612,0.03884742832444893,25.0,5
baseline,logreg|shap_vs_ttest,25,17,0.046857033088411756,0.024829931972789113,0.04685703308841185,25.0,5
baseline,logreg|shap_vs_ttest,25,18,0.046857033088411756,0.025180923433203068,0.04685703308841185,25.0,5
baseline,logreg|shap_vs_ttest,25,19,0.05486663785237471,0.029432624113475175,0.05486663785237478,25.0,5
baseline,logreg|perm_vs_ttest,25,0,-0.001200595495365775,0.0,-0.0012005954953657014,25.0,5
baseline,logreg|perm_vs_ttest,25,1,-0.001200595495365775,0.0,-0.0012005954953657014,25.0,5
baseline,logreg|perm_vs_ttest,25,2,-0.001200595495365775,0.0,-0.0012005954953657014,25.0,5
baseline,logreg|perm_vs_ttest,25,3,-0.001200595495365775,0.0,-0.0012005954953657014,25.0,5
baseline,logreg|perm_vs_ttest,25,4,-0.001200595495365775,0.0,-0.0012005954953657014,25.0,5
baseline,logreg|perm_vs_ttest,25,5,-0.001200595495365775,0.0,-0.0012005954953657014,25.0,5
baseline,logreg|perm_vs_ttest,25,6,-0.001200595495365775,0.0,-0.0012005954953657014,25.0,5
baseline,logreg|perm_vs_ttest,25,7,-0.001200595495365775,0.0,-0.0012005954953657014,25.0,5
baseline,logreg|perm_vs_ttest,25,8,-0.001200595495365775,0.0,-0.0012005954953657014,25.0,5
baseline,logreg|perm_vs_ttest,25,9,-0.001200595495365775,0.0,-0.0012005954953657014,25.0,5
baseline,logreg|perm_vs_ttest,25,10,-0.001200595495365775,0.0,-0.0012005954953657014,25.0,5
baseline,logreg|perm_vs_ttest,25,11,-0.001200595495365775,0.0,-0.0012005954953657014,25.0,5
baseline,logreg|perm_vs_ttest,25,12,-0.001200595495365775,0.0,-0.0012005954953657014,25.0,5
baseline,logreg|perm_vs_ttest,25,13,-0.001200595495365775,0.0,-0.0012005954953657014,25.0,5
baseline,logreg|perm_vs_ttest,25,14,-0.001200595495365775,0.0,-0.0012005954953657014,25.0,5
baseline,logreg|perm_vs_ttest,25,15,-0.001200595495365775,0.0,-0.0012005954953657014,25.0,5
baseline,logreg|perm_vs_ttest,25,16,-0.001200595495365775,0.0,-0.0012005954953657014,25.0,5
baseline,logreg|perm_vs_ttest,25,17,-0.001200595495365775,0.0,-0.0012005954953657014,25.0,5
baseline,logreg|perm_vs_ttest,25,18,-0.001200595495365775,0.0,-0.0012005954953657014,25.0,5
baseline,logreg|perm_vs_ttest,25,19,-0.001200595495365775,0.0,-0.0012005954953657014,25.0,5
baseline,svm|coef_vs_ttest,25,0,-0.001200595495365775,0.0,-0.0012005954953657014,25.0,5
baseline,svm|coef_vs_ttest,25,1,0.006809009268597133,0.004081632653061224,0.006809009268597226,25.0,5
baseline,svm|coef_vs_ttest,25,2,-0.001200595495365775,0.0,-0.0012005954953657014,25.0,5
baseline,svm|coef_vs_ttest,25,3,-0.001200595495365775,0.0,-0.0012005954953657014,25.0,5
baseline,svm|coef_vs_ttest,25,4,-0.001200595495365775,0.0,-0.0012005954953657014,25.0,5
baseline,svm|coef_vs_ttest,25,5,-0.001200595495365775,0.0,-0.0012005954953657014,25.0,5
baseline,svm|coef_vs_ttest,25,6,-0.001200595495365775,0.0,-0.0012005954953657014,25.0,5
baseline,svm|coef_vs_ttest,25,7,0.006809009268597133,0.004081632653061224,0.006809009268597227,25.0,5
baseline,svm|coef_vs_ttest,25,8,-0.001200595495365775,0.0,-0.0012005954953657014,25.0,5
baseline,svm|coef_vs_ttest,25,9,-0.001200595495365775,0.0,-0.0012005954953657014,25.0,5
baseline,svm|coef_vs_ttest,25,10,-0.001200595495365775,0.0,-0.0012005954953657014,25.0,5
baseline,svm|coef_vs_ttest,25,11,0.006809009268597133,0.004081632653061224,0.006809009268597226,25.0,5
baseline,svm|coef_vs_ttest,25,12,-0.001200595495365775,0.0,-0.0012005954953657014,25.0,5
baseline,svm|coef_vs_ttest,25,13,-0.001200595495365775,0.0,-0.0012005954953657014,25.0,5
baseline,svm|coef_vs_ttest,25,14,-0.001200595495365775,0.0,-0.0012005954953657014,25.0,5
baseline,svm|coef_vs_ttest,25,15,-0.001200595495365775,0.0,-0.0012005954953657014,25.0,5
baseline,svm|coef_vs_ttest,25,16,-0.001200595495365775,0.0,-0.0012005954953657014,25.0,5
baseline,svm|coef_vs_ttest,25,17,-0.001200595495365775,0.0,-0.0012005954953657014,25.0,5
baseline,svm|coef_vs_ttest,25,18,-0.001200595495365775,0.0,-0.0012005954953657014,25.0,5
baseline,svm|coef_vs_ttest,25,19,-0.001200595495365775,0.0,-0.0012005954953657014,25.0,5
baseline,svm|shap_vs_ttest,25,0,0.006809009268597133,0.004081632653061224,0.006809009268597226,25.0,5
baseline,svm|shap_vs_ttest,25,1,0.006809009268597133,0.004081632653061224,0.006809009268597226,25.0,5
baseline,svm|shap_vs_ttest,25,2,0.014818614032560084,0.008333333333333333,0.014818614032560148,25.0,5
baseline,svm|shap_vs_ttest,25,3,-0.001200595495365775,0.0,-0.0012005954953657014,25.0,5
baseline,svm|shap_vs_ttest,25,4,-0.001200595495365775,0.0,-0.0012005954953657014,25.0,5
baseline,svm|shap_vs_ttest,25,5,-0.001200595495365775,0.0,-0.0012005954953657014,25.0,5
baseline,svm|shap_vs_ttest,25,6,-0.001200595495365775,0.0,-0.0012005954953657014,25.0,5
baseline,svm|shap_vs_ttest,25,7,0.006809009268597133,0.004081632653061224,0.006809009268597227,25.0,5
baseline,svm|shap_vs_ttest,25,8,-0.001200595495365775,0.0,-0.0012005954953657014,25.0,5
baseline,svm|shap_vs_ttest,25,9,-0.001200595495365775,0.0,-0.0012005954953657014,25.0,5
baseline,svm|shap_vs_ttest,25,10,-0.001200595495365775,0.0,-0.0012005954953657014,25.0,5
baseline,svm|shap_vs_ttest,25,11,0.006809009268597133,0.004081632653061224,0.006809009268597226,25.0,5
baseline,svm|shap_vs_ttest,25,12,-0.001200595495365775,0.0,-0.0012005954953657014,25.0,5
baseline,svm|shap_vs_ttest,25,13,0.014818614032560084,0.008333333333333333,0.014818614032560146,25.0,5
baseline,svm|shap_vs_ttest,25,14,-0.001200595495365775,0.0,-0.0012005954953657014,25.0,5
baseline,svm|shap_vs_ttest,25,15,-0.001200595495365775,0.0,-0.0012005954953657014,25.0,5
baseline,svm|shap_vs_ttest,25,16,-0.001200595495365775,0.0,-0.0012005954953657014,25.0,5
baseline,svm|shap_vs_ttest,25,17,-0.001200595495365775,0.0,-0.0012005954953657014,25.0,5
baseline,svm|shap_vs_ttest,25,18,-0.001200595495365775,0.0,-0.0012005954953657014,25.0,5
baseline,svm|shap_vs_ttest,25,19,-0.001200595495365775,0.0,-0.0012005954953657014,25.0,5
baseline,svm|perm_vs_ttest,25,0,-0.001200595495365775,0.0,-0.0012005954953657014,25.0,5
baseline,svm|perm_vs_ttest,25,1,0.01481861403256004,0.008163265306122448,0.014818614032560152,25.0,5
baseline,svm|perm_vs_ttest,25,2,-0.001200595495365775,0.0,-0.0012005954953657014,25.0,5
baseline,svm|perm_vs_ttest,25,3,-0.001200595495365775,0.0,-0.0012005954953657014,25.0,5
baseline,svm|perm_vs_ttest,25,4,-0.001200595495365775,0.0,-0.0012005954953657014,25.0,5
baseline,svm|perm_vs_ttest,25,5,-0.001200595495365775,0.0,-0.0012005954953657014,25.0,5
baseline,svm|perm_vs_ttest,25,6,-0.001200595495365775,0.0,-0.0012005954953657014,25.0,5
baseline,svm|perm_vs_ttest,25,7,0.01481861403256004,0.008163265306122448,0.014818614032560152,25.0,5
baseline,svm|perm_vs_ttest,25,8,-0.001200595495365775,0.0,-0.0012005954953657014,25.0,5
baseline,svm|perm_vs_ttest,25,9,-0.001200595495365775,0.0,-0.0012005954953657014,25.0,5
baseline,svm|perm_vs_ttest,25,10,0.006809009268597133,0.004081632653061224,0.006809009268597224,25.0,5
baseline,svm|perm_vs_ttest,25,11,0.006809009268597133,0.004081632653061224,0.006809009268597226,25.0,5
baseline,svm|perm_vs_ttest,25,12,0.006809009268597133,0.004081632653061224,0.006809009268597224,25.0,5
baseline,svm|perm_vs_ttest,25,13,-0.001200595495365775,0.0,-0.0012005954953657014,25.0,5
baseline,svm|perm_vs_ttest,25,14,-0.001200595495365775,0.0,-0.0012005954953657014,25.0,5
baseline,svm|perm_vs_ttest,25,15,-0.001200595495365775,0.0,-0.0012005954953657014,25.0,5
baseline,svm|perm_vs_ttest,25,16,-0.001200595495365775,0.0,-0.0012005954953657014,25.0,5
baseline,svm|perm_vs_ttest,25,17,-0.001200595495365775,0.0,-0.0012005954953657014,25.0,5
baseline,svm|perm_vs_ttest,25,18,-0.001200595495365775,0.0,-0.0012005954953657014,25.0,5
baseline,svm|perm_vs_ttest,25,19,-0.001200595495365775,0.0,-0.0012005954953657014,25.0,5
baseline,rf|shap_vs_ttest,25,0,0.23908754742352203,0.13753963147289738,0.23908754742352206,25.0,5
baseline,rf|shap_vs_ttest,25,1,0.23908754742352203,0.13753963147289738,0.23908754742352206,25.0,5
baseline,rf|shap_vs_ttest,25,2,0.2070491283676703,0.11638120333772509,0.20704912836767037,25.0,5
baseline,rf|shap_vs_ttest,25,3,0.21505873313163323,0.12143170838823011,0.2150587331316333,25.0,5
baseline,rf|shap_vs_ttest,25,4,0.2310779426595591,0.13248912642239236,0.23107794265955914,25.0,5
baseline,rf|shap_vs_ttest,25,5,0.16700110454785566,0.09319010871805902,0.16700110454785574,25.0,5
baseline,rf|shap_vs_ttest,25,6,0.22306833789559616,0.12762887230972336,0.2230683378955962,25.0,5
baseline,rf|shap_vs_ttest,25,7,0.19102991883974446,0.10692493856231136,0.1910299188397445,25.0,5
baseline,rf|shap_vs_ttest,25,8,0.19102991883974443,0.10758500392345023,0.1910299188397445,25.0,5
baseline,rf|shap_vs_ttest,25,9,0.1830203140757815,0.10324067955890341,0.1830203140757816,25.0,5
baseline,rf|shap_vs_ttest,25,10,0.24709715218748496,0.14259013652340244,0.24709715218748496,25.0,5
baseline,rf|shap_vs_ttest,25,11,0.2310779426595591,0.13405797101449274,0.2310779426595592,25.0,5
baseline,rf|shap_vs_ttest,25,12,0.18302031407578154,0.10232892789956663,0.18302031407578162,25.0,5
baseline,rf|shap_vs_ttest,25,13,0.2070491283676703,0.11789405684754524,0.20704912836767037,25.0,5
baseline,rf|shap_vs_ttest,25,14,0.19903952360370739,0.11409838553856062,0.1990395236037074,25.0,5
baseline,rf|shap_vs_ttest,25,15,0.2070491283676703,0.11869286121777818,0.20704912836767037,25.0,5
baseline,rf|shap_vs_ttest,25,16,0.1990395236037074,0.11266484521222812,0.19903952360370747,25.0,5
baseline,rf|shap_vs_ttest,25,17,0.18302031407578156,0.10471134864461455,0.1830203140757816,25.0,5
baseline,rf|shap_vs_ttest,25,18,0.17501070931181864,0.0966183574879227,0.17501070931181867,25.0,5
baseline,rf|shap_vs_ttest,25,19,0.21505873313163323,0.1239798084634618,0.2150587331316333,25.0,5
baseline,rf|perm_vs_ttest,25,0,0.29515478077126256,0.17490847212911875,0.29515478077126256,25.0,5
baseline,rf|perm_vs_ttest,25,1,0.2631163617154108,0.15469113189155606,0.26311636171541086,25.0,5
baseline,rf|perm_vs_ttest,25,2,0.2310779426595591,0.13154803852478272,0.23107794265955914,25.0,5
baseline,rf|perm_vs_ttest,25,3,0.21505873313163323,0.12121212121212119,0.2150587331316333,25.0,5
baseline,rf|perm_vs_ttest,25,4,0.24709715218748496,0.14259013652340244,0.24709715218748501,25.0,5
baseline,rf|perm_vs_ttest,25,5,0.19102991883974446,0.10715984577396276,0.19102991883974452,25.0,5
baseline,rf|perm_vs_ttest,25,6,0.2631163617154108,0.15514562627931636,0.26311636171541086,25.0,5
baseline,rf|perm_vs_ttest,25,7,0.19102991883974446,0.10628019323671496,0.19102991883974452,25.0,5
baseline,rf|perm_vs_ttest,25,8,0.19102991883974446,0.10692493856231136,0.1910299188397445,25.0,5
baseline,rf|perm_vs_ttest,25,9,0.19102991883974446,0.10715984577396276,0.19102991883974454,25.0,5
baseline,rf|perm_vs_ttest,25,10,0.27913557124333666,0.16450526053722186,0.27913557124333666,25.0,5
baseline,rf|perm_vs_ttest,25,11,0.2310779426595591,0.13301091508938806,0.23107794265955914,25.0,5
baseline,rf|perm_vs_ttest,25,12,0.19903952360370736,0.11312210248380458,0.1990395236037074,25.0,5
baseline,rf|perm_vs_ttest,25,13,0.23908754742352203,0.13796478962238487,0.23908754742352206,25.0,5
baseline,rf|perm_vs_ttest,25,14,0.2070491283676703,0.11977078836468288,0.2070491283676704,25.0,5
baseline,rf|perm_vs_ttest,25,15,0.21505873313163323,0.12520624283288853,0.2150587331316333,25.0,5
baseline,rf|perm_vs_ttest,25,16,0.2310779426595591,0.13367098045052692,0.23107794265955914,25.0,5
baseline,rf|perm_vs_ttest,25,17,0.19102991883974446,0.10906312459107488,0.1910299188397445,25.0,5
baseline,rf|perm_vs_ttest,25,18,0.19102991883974446,0.1073232323232323,0.19102991883974452,25.0,5
baseline,rf|perm_vs_ttest,25,19,0.2310779426595591,0.13447325340651933,0.2310779426595591,25.0,5
baseline,xgb|shap_vs_ttest,25,0,0.19810025813997104,0.11313058627480684,0.1990395236037074,24.2,5
baseline,xgb|shap_vs_ttest,25,1,0.22306833789559616,0.12848166045840465,0.2230683378955962,25.0,5
baseline,xgb|shap_vs_ttest,25,2,0.2070491283676703,0.11726085587497286,0.20704912836767037,25.0,5
baseline,xgb|shap_vs_ttest,25,3,0.2645905554271538,0.15478031069032078,0.23908754742352206,24.9,5
baseline,xgb|shap_vs_ttest,25,4,0.2080383348851651,0.11916401592799415,0.2657862299700651,24.8,5
baseline,xgb|shap_vs_ttest,25,5,0.25665309317365437,0.1499278090032486,0.2891475771982904,24.7,5
baseline,xgb|shap_vs_ttest,25,6,0.2526815929431098,0.14708675509590843,0.2290755414685684,24.6,5
baseline,xgb|shap_vs_ttest,25,7,0.24891682683711816,0.1448715899935412,0.2791355712433367,24.1,5
baseline,xgb|shap_vs_ttest,25,8,0.18419201318065936,0.10392757360842467,0.15899149978389282,24.2,5
baseline,xgb|shap_vs_ttest,25,9,0.21054661536883498,0.11991547106503897,0.20905152955866108,24.6,5
baseline,xgb|shap_vs_ttest,25,10,0.24709715218748496,0.1418839558374442,0.24709715218748501,25.0,5
baseline,xgb|shap_vs_ttest,25,11,0.32226184410346576,0.19494895348553884,0.33920760697305863,24.7,5
baseline,xgb|shap_vs_ttest,25,12,0.24284091363326077,0.1410514011733524,0.2791355712433367,23.6,5
baseline,xgb|shap_vs_ttest,25,13,0.25743862967972725,0.15092125560210667,0.21238886487697897,24.2,5
baseline,xgb|shap_vs_ttest,25,14,0.27913557124333666,0.16329407027081447,0.2791355712433367,25.0,5
baseline,xgb|shap_vs_ttest,25,15,0.30228992051085646,0.18002128211997753,0.2891475771982904,24.5,5
baseline,xgb|shap_vs_ttest,25,16,0.2475352436477929,0.1433006018371872,0.299159583153244,24.0,5
baseline,xgb|shap_vs_ttest,25,17,0.24563281863751038,0.14193540021524614,0.24909955337847572,24.3,5
baseline,xgb|shap_vs_ttest,25,18,0.21751732532862142,0.1250808897876643,0.15899149978389282,24.8,5
baseline,xgb|shap_vs_ttest,25,19,0.23375422146995356,0.13439388832715427,0.2090515295586611,24.8,5
baseline,xgb|perm_vs_ttest,25,0,0.19810025813997104,0.11313058627480684,0.1990395236037074,24.2,5
baseline,xgb|perm_vs_ttest,25,1,0.22306833789559616,0.12848166045840465,0.2230683378955962,25.0,5
baseline,xgb|perm_vs_ttest,25,2,0.19903952360370739,0.11221035082446781,0.19903952360370747,25.0,5
baseline,xgb|perm_vs_ttest,25,3,0.27260016019111666,0.15961122856471693,0.24909955337847572,24.9,5
baseline,xgb|perm_vs_ttest,25,4,0.21604793964912802,0.1247011144883485,0.2791355712433367,24.8,5
baseline,xgb|perm_vs_ttest,25,5,0.25665309317365437,0.1499278090032486,0.2891475771982904,24.7,5
baseline,xgb|perm_vs_ttest,25,6,0.2606911977070728,0.15289395602506053,0.23908754742352206,24.6,5
baseline,xgb|perm_vs_ttest,25,7,0.24891682683711816,0.1448715899935412,0.2791355712433367,24.1,5
baseline,xgb|perm_vs_ttest,25,8,0.18419201318065936,0.10392757360842467,0.15899149978389282,24.2,5
baseline,xgb|perm_vs_ttest,25,9,0.21054661536883498,0.11991547106503897,0.20905152955866108,24.6,5
baseline,xgb|perm_vs_ttest,25,10,0.2551067569514479,0.14716936809960068,0.2551067569514479,25.0,5
baseline,xgb|perm_vs_ttest,25,11,0.32226184410346576,0.19494895348553884,0.33920760697305863,24.7,5
baseline,xgb|perm_vs_ttest,25,12,0.24284091363326077,0.1410514011733524,0.2791355712433367,23.6,5
baseline,xgb|perm_vs_ttest,25,13,0.2654482344436902,0.15554660250312424,0.22573820615025053,24.2,5
baseline,xgb|perm_vs_ttest,25,14,0.2871451760072996,0.1685794825329709,0.28714517600729966,25.0,5
baseline,xgb|perm_vs_ttest,25,15,0.2942803157468935,0.17473586985782105,0.2791355712433367,24.5,5
baseline,xgb|perm_vs_ttest,25,16,0.2555448484117558,0.14939816281279694,0.3191835950631513,24.0,5
baseline,xgb|perm_vs_ttest,25,17,0.24563281863751038,0.14193540021524614,0.24909955337847572,24.3,5
baseline,xgb|perm_vs_ttest,25,18,0.20950772056465844,0.12045554288664673,0.14564215851062126,24.8,5
baseline,xgb|perm_vs_ttest,25,19,0.23375422146995356,0.13461347550326316,0.2090515295586611,24.8,5
sensitivity,logreg_coef_across_C,25,0,0.28981504426195376,0.18062509348085853,0.2898150442619539,25.0,5
sensitivity,logreg_coef_across_C,25,1,0.3298630680817684,0.20986836753523344,0.3298630680817686,25.0,5
sensitivity,logreg_coef_across_C,25,2,0.3325329363364228,0.21513230197853384,0.33253293633642284,25.0,5
sensitivity,logreg_coef_across_C,25,3,0.16433123629320123,0.09564988970361961,0.16433123629320143,25.0,5
sensitivity,logreg_coef_across_C,25,4,0.32986306808176835,0.22302360375236327,0.3298630680817686,25.0,5
sensitivity,logreg_coef_across_C,25,5,0.308504122044534,0.19977915512115152,0.3085041220445341,25.0,5
sensitivity,logreg_coef_across_C,25,6,0.2764657029886822,0.17176853722124544,0.2764657029886824,25.0,5
sensitivity,logreg_coef_across_C,25,7,0.25777662520610206,0.16125503282616957,0.25777662520610223,25.0,5
sensitivity,logreg_coef_across_C,25,8,0.31918359506315114,0.20755931485530382,0.3191835950631513,25.0,5
sensitivity,logreg_coef_across_C,25,9,0.2844753077526452,0.1804326990133557,0.2844753077526453,25.0,5
sensitivity,logreg_coef_across_C,25,10,0.2764657029886822,0.17614501149804246,0.2764657029886824,25.0,5
sensitivity,logreg_coef_across_C,25,11,0.3485521458643485,0.2256111202376581,0.3485521458643487,25.0,5
sensitivity,logreg_coef_across_C,25,12,0.30316438553522534,0.19349333465466184,0.30316438553522546,25.0,5
sensitivity,logreg_coef_across_C,25,13,0.23908754742352195,0.14956284456578323,0.23908754742352206,25.0,5
sensitivity,logreg_coef_across_C,25,14,0.23908754742352195,0.1440683741113626,0.23908754742352203,25.0,5
sensitivity,logreg_coef_across_C,25,15,0.3271931998271141,0.2207592814090734,0.3271931998271142,25.0,5
sensitivity,logreg_coef_across_C,25,16,0.3031643855352254,0.18468882926751867,0.3031643855352255,25.0,5
sensitivity,logreg_coef_across_C,25,17,0.3538918823736573,0.23514602809642363,0.3538918823736573,25.0,5
sensitivity,logreg_coef_across_C,25,18,0.23374781091421326,0.149973183591196,0.23374781091421343,25.0,5
sensitivity,logreg_coef_across_C,25,19,0.2764657029886822,0.17420337451057913,0.27646570298868245,25.0,5
resampling,logreg_C0.1|coef,50,0,0.44867775747668037,0.29897400296572385,0.44867775747668037,50.0,5
resampling,logreg_C0.1|coef,50,1,0.4326392922396384,0.2836480049929858,0.43263929223963843,50.0,5
resampling,logreg_C0.1|coef,50,2,0.4246200596211174,0.27673351552661896,0.4246200596211174,50.0,5
resampling,logreg_C0.1|coef,50,3,0.4607066064044619,0.31616013924690156,0.4607066064044619,50.0,5
resampling,logreg_C0.1|coef,50,4,0.4045719780748148,0.2604072995520653,0.4045719780748149,50.0,5
resampling,logreg_C0.1|coef,50,5,0.3885335128377728,0.25043767260604144,0.3885335128377729,50.0,5
resampling,logreg_C0.1|coef,50,6,0.4426633330127896,0.29142243513462046,0.4426633330127897,50.0,5
resampling,logreg_C0.1|coef,50,7,0.4105864025387055,0.2656287480848884,0.41058640253870565,50.0,5
resampling,logreg_C0.1|coef,50,8,0.41459601884796604,0.2778232156539158,0.4145960188479661,50.0,5
resampling,logreg_C0.1|coef,50,9,0.43865371670352915,0.29253573695252855,0.4386537167035291,50.0,5
resampling,logreg_C0.1|coef,50,10,0.43865371670352915,0.2923533284992114,0.4386537167035292,50.0,5
resampling,logreg_C0.1|coef,50,11,0.42261525146648715,0.2788726590978217,0.42261525146648715,50.0,5
resampling,logreg_C0.1|coef,50,12,0.4186056351572266,0.26724668478159935,0.4186056351572266,50.0,5
resampling,logreg_C0.1|coef,50,13,0.4506825656313106,0.2997147836201993,0.4506825656313107,50.0,5
resampling,logreg_C0.1|coef,50,14,0.46271141455909215,0.31462776445819884,0.4627114145590922,50.0,5
resampling,logreg_C0.1|coef,50,15,0.4526873737859408,0.29772968919033116,0.45268737378594104,50.0,5
resampling,logreg_C0.1|coef,50,16,0.4166008270025964,0.26568736426988104,0.4166008270025964,50.0,5
resampling,logreg_C0.1|coef,50,17,0.4346441003942686,0.28601447027477434,0.43464410039426865,50.0,5
resampling,logreg_C0.1|coef,50,18,0.4105864025387055,0.26945687741190805,0.41058640253870565,50.0,5
resampling,logreg_C0.1|coef,50,19,0.44867775747668037,0.3010693013163953,0.44867775747668037,50.0,5
resampling,logreg_C100|coef,50,0,0.48877392056928537,0.3450569305800265,0.4887739205692855,50.0,5
resampling,logreg_C100|coef,50,1,0.4426633330127896,0.2895920447008546,0.4426633330127897,50.0,5
resampling,logreg_C100|coef,50,2,0.45469218194057115,0.313362405173681,0.45469218194057115,50.0,5
resampling,logreg_C100|coef,50,3,0.4346441003942686,0.29084498705060446,0.43464410039426865,50.0,5
resampling,logreg_C100|coef,50,4,0.4326392922396384,0.2870666736743071,0.43263929223963843,50.0,5
resampling,logreg_C100|coef,50,5,0.4426633330127896,0.3058465644855387,0.44266333301278965,50.0,5
resampling,logreg_C100|coef,50,6,0.4186056351572266,0.27309504967710097,0.4186056351572267,50.0,5
resampling,logreg_C100|coef,50,7,0.4667210308683526,0.3146571680358179,0.46672103086835276,50.0,5
resampling,logreg_C100|coef,50,8,0.3865287046831425,0.2609391880526,0.3865287046831426,50.0,5
resampling,logreg_C100|coef,50,9,0.4346441003942686,0.2969232828305896,0.43464410039426876,50.0,5
resampling,logreg_C100|coef,50,10,0.4366489085488988,0.2892806352355109,0.436648908548899,50.0,5
resampling,logreg_C100|coef,50,11,0.4587017982498317,0.31207563832893825,0.4587017982498317,50.0,5
resampling,logreg_C100|coef,50,12,0.4506825656313106,0.31538917143722445,0.4506825656313106,50.0,5
resampling,logreg_C100|coef,50,13,0.44867775747668037,0.3065959833318778,0.4486777574766805,50.0,5
resampling,logreg_C100|coef,50,14,0.4346441003942686,0.290205911897366,0.43464410039426876,50.0,5
resampling,logreg_C100|coef,50,15,0.46271141455909215,0.3132091880705504,0.4627114145590923,50.0,5
resampling,logreg_C100|coef,50,16,0.3965527454562938,0.2600204540803292,0.39655274545629393,50.0,5
resampling,logreg_C100|coef,50,17,0.4045719780748147,0.2570665301418442,0.4045719780748149,50.0,5
resampling,logreg_C100|coef,50,18,0.4266248677757476,0.28662592168233325,0.4266248677757477,50.0,5
resampling,logreg_C100|coef,50,19,0.4687258390229829,0.3180325109520301,0.468725839022983,50.0,5
resampling,logreg|coef,50,0,0.3223748437349744,0.19726713360351444,0.32237484373497455,50.0,5
resampling,logreg|coef,50,1,0.2762642561784786,0.1653787963624906,0.27626425617847866,50.0,5
resampling,logreg|coef,50,2,0.29631233772478105,0.1784508159796979,0.29631233772478127,50.0,5
resampling,logreg|coef,50,3,0.14194210981825162,0.07924971111476278,0.14194210981825175,50.0,5
resampling,logreg|coef,50,4,0.26423540725069705,0.15665265043068968,0.26423540725069716,50.0,5
resampling,logreg|coef,50,5,0.24819694201365505,0.1452725275261936,0.2481969420136551,50.0,5
resampling,logreg|coef,50,6,0.20609597076641972,0.11728888719398847,0.20609597076641983,50.0,5
resampling,logreg|coef,50,7,0.21612001153957094,0.12351358266041586,0.21612001153957108,50.0,5
resampling,logreg|coef,50,8,0.25621617463217605,0.15258753057113092,0.25621617463217616,50.0,5
resampling,logreg|coef,50,9,0.1720142321377054,0.10036293302453374,0.17201423213770556,50.0,5
resampling,logreg|coef,50,10,0.22213443600346172,0.12952494166381442,0.22213443600346183,50.0,5
resampling,logreg|coef,50,11,0.3223748437349744,0.19885735347896735,0.3223748437349745,50.0,5
resampling,logreg|coef,50,12,0.21411520338494072,0.12254600028601322,0.21411520338494086,50.0,5
resampling,logreg|coef,50,13,0.20609597076641972,0.12461671598833979,0.2060959707664199,50.0,5
resampling,logreg|coef,50,14,0.1559757669006634,0.08877350352059751,0.15597576690066353,50.0,5
resampling,logreg|coef,50,15,0.2522065583229155,0.14915136268040002,0.25220655832291566,50.0,5
resampling,logreg|coef,50,16,0.24619213385902483,0.14328692144794009,0.24619213385902494,50.0,5
resampling,logreg|coef,50,17,0.2441873257043945,0.14466830208152073,0.24418732570439464,50.0,5
resampling,logreg|coef,50,18,0.16800461582844495,0.09923693858806155,0.16800461582844503,50.0,5
resampling,logreg|coef,50,19,0.20609597076641972,0.11926407468429072,0.2060959707664199,50.0,5
resampling,logreg|perm,50,0,0.17000942398307528,0.10188260755935812,0.17000942398307534,50.0,5
resampling,logreg|perm,50,1,0.1820382729108566,0.11265547688311914,0.1820382729108568,50.0,5
resampling,logreg|perm,50,2,0.17602384844696595,0.10488605344003654,0.17602384844696606,50.0,5
resampling,logreg|perm,50,3,0.09783633041638606,0.05537906869710516,0.09783633041638617,50.0,5
resampling,logreg|perm,50,4,0.23215847677661294,0.1453899555669531,0.2321584767766131,50.0,5
resampling,logreg|perm,50,5,0.15798057505529373,0.09549631380296167,0.15798057505529378,50.0,5
resampling,logreg|perm,50,6,0.16599980767381473,0.0981348915778969,0.16599980767381478,50.0,5
resampling,logreg|perm,50,7,0.12189402827194895,0.07179073493345464,0.12189402827194924,50.0,5
resampling,logreg|perm,50,8,0.12790845273583984,0.07309471673115328,0.12790845273584,50.0,5
resampling,logreg|perm,50,9,0.1559757669006634,0.09383682294181372,0.15597576690066353,50.0,5
resampling,logreg|perm,50,10,0.22213443600346172,0.13827950378668283,0.22213443600346192,50.0,5
resampling,logreg|perm,50,11,0.17602384844696595,0.10556110375724356,0.17602384844696606,50.0,5
resampling,logreg|perm,50,12,0.08580748148860451,0.047678669207752294,0.08580748148860468,50.0,5
resampling,logreg|perm,50,13,0.10786037118953729,0.060939159887854887,0.10786037118953744,50.0,5
resampling,logreg|perm,50,14,0.06375459178767184,0.03466801304192772,0.0637545917876719,50.0,5
resampling,logreg|perm,50,15,0.07778824887008362,0.04437799524051273,0.07778824887008366,50.0,5
resampling,logreg|perm,50,16,0.12389883642657928,0.07118866532411083,0.12389883642657948,50.0,5
resampling,logreg|perm,50,17,0.15998538320992395,0.09309044565224628,0.15998538320992403,50.0,5
resampling,logreg|perm,50,18,0.1319180690451004,0.07406777287411291,0.1319180690451005,50.0,5
resampling,logreg|perm,50,19,0.16199019136455406,0.09832180928000905,0.16199019136455428,50.0,5
resampling,logreg|shap,50,0,0.20609597076641972,0.11743720954457411,0.20609597076641983,50.0,5
resampling,logreg|shap,50,1,0.2361680930858735,0.13773000443964917,0.2361680930858736,50.0,5
resampling,logreg|shap,50,2,0.23215847677661294,0.1335697405712352,0.2321584767766131,50.0,5
resampling,logreg|shap,50,3,0.12991326089047006,0.07254318194622492,0.12991326089047023,50.0,5
resampling,logreg|shap,50,4,0.22213443600346172,0.1288071747805598,0.2221344360034619,50.0,5
resampling,logreg|shap,50,5,0.19005750552937772,0.10777967972884368,0.19005750552937783,50.0,5
resampling,logreg|shap,50,6,0.18604788922011717,0.10556323211714577,0.1860478892201173,50.0,5
resampling,logreg|shap,50,7,0.19807673814789872,0.11430951356795763,0.19807673814789883,50.0,5
resampling,logreg|shap,50,8,0.21411520338494072,0.1228450950846903,0.2141152033849408,50.0,5
resampling,logreg|shap,50,9,0.16599980767381473,0.09657916235296819,0.1659998076738148,50.0,5
resampling,logreg|shap,50,10,0.1800334647562265,0.10258239882698947,0.18003346475622656,50.0,5
resampling,logreg|shap,50,11,0.2943075295701508,0.17523673659278582,0.29430752957015094,50.0,5
resampling,logreg|shap,50,12,0.17401904029233561,0.09719973531716056,0.1740190402923358,50.0,5
resampling,logreg|shap,50,13,0.14394691797288195,0.08304256517011774,0.143946917972882,50.0,5
resampling,logreg|shap,50,14,0.0998411385710164,0.055409893586239864,0.09984113857101644,50.0,5
resampling,logreg|shap,50,15,0.19807673814789872,0.11318657976207788,0.19807673814789886,50.0,5
resampling,logreg|shap,50,16,0.18404308106548684,0.10329870919511167,0.18404308106548706,50.0,5
resampling,logreg|shap,50,17,0.1960719299932685,0.11257382198546884,0.19607192999326858,50.0,5
resampling,logreg|shap,50,18,0.14996134243677273,0.0859220290162083,0.14996134243677278,50.0,5
resampling,logreg|shap,50,19,0.17401904029233561,0.09842006326573911,0.1740190402923358,50.0,5
resampling,rf|perm,50,0,0.20208635445715917,0.11540786495221397,0.20208635445715933,50.0,5
resampling,rf|perm,50,1,0.1820382729108566,0.1024800726494813,0.1820382729108568,50.0,5
resampling,rf|perm,50,2,0.19005750552937772,0.10757866536248853,0.19005750552937783,50.0,5
resampling,rf|perm,50,3,0.21812481969420128,0.1248602650210652,0.2181248196942014,50.0,5
resampling,rf|perm,50,4,0.21812481969420128,0.1247256788951779,0.2181248196942014,50.0,5
resampling,rf|perm,50,5,0.18604788922011717,0.10605781531301044,0.18604788922011734,50.0,5
resampling,rf|perm,50,6,0.19807673814789872,0.11217118750167779,0.19807673814789886,50.0,5
resampling,rf|perm,50,7,0.2040911626117894,0.11742489738352109,0.2040911626117896,50.0,5
resampling,rf|perm,50,8,0.1820382729108566,0.1027070434215254,0.18203827291085684,50.0,5
resampling,rf|perm,50,9,0.18604788922011717,0.10659734199340014,0.1860478892201173,50.0,5
resampling,rf|perm,50,10,0.24218251754976416,0.14134451747775925,0.24218251754976436,50.0,5
resampling,rf|perm,50,11,0.2361680930858735,0.1355791359305411,0.23616809308587366,50.0,5
resampling,rf|perm,50,12,0.1880526973747474,0.10604118555067674,0.18805269737474758,50.0,5
resampling,rf|perm,50,13,0.19406712183863817,0.10968216059635957,0.19406712183863833,50.0,5
resampling,rf|perm,50,14,0.16599980767381473,0.09312887356946105,0.16599980767381478,50.0,5
resampling,rf|perm,50,15,0.22614405231272217,0.1299511395476432,0.22614405231272236,50.0,5
resampling,rf|perm,50,16,0.19005750552937772,0.10747592467257824,0.19005750552937783,50.0,5
resampling,rf|perm,50,17,0.19807673814789872,0.11228947228024282,0.19807673814789886,50.0,5
resampling,rf|perm,50,18,0.17602384844696595,0.10085322068853968,0.1760238484469661,50.0,5
resampling,rf|perm,50,19,0.18404308106548684,0.10361613342417794,0.18404308106548709,50.0,5
resampling,rf|shap,50,0,0.17401904029233561,0.09712256613919337,0.17401904029233578,50.0,5
resampling,rf|shap,50,1,0.14394691797288195,0.08028296574480516,0.14394691797288203,50.0,5
resampling,rf|shap,50,2,0.19005750552937772,0.10672617136461357,0.1900575055293778,50.0,5
resampling,rf|shap,50,3,0.18604788922011717,0.10422085987932098,0.1860478892201173,50.0,5
resampling,rf|shap,50,4,0.21411520338494072,0.12200306602022601,0.21411520338494086,50.0,5
resampling,rf|shap,50,5,0.16599980767381473,0.09330824885719827,0.16599980767381478,50.0,5
resampling,rf|shap,50,6,0.20008154630252906,0.11285559432050703,0.20008154630252908,50.0,5
resampling,rf|shap,50,7,0.16599980767381473,0.0927425971303008,0.16599980767381478,50.0,5
resampling,rf|shap,50,8,0.18404308106548684,0.1038281546366419,0.18404308106548703,50.0,5
resampling,rf|shap,50,9,0.15998538320992395,0.08975282335168093,0.15998538320992403,50.0,5
resampling,rf|shap,50,10,0.20810077892105006,0.11852025476854877,0.2081007789210501,50.0,5
resampling,rf|shap,50,11,0.22213443600346172,0.12725229707590868,0.22213443600346183,50.0,5
resampling,rf|shap,50,12,0.1559757669006634,0.08702794456056942,0.15597576690066353,50.0,5
resampling,rf|shap,50,13,0.14595172612751217,0.0801710563053657,0.14595172612751225,50.0,5
resampling,rf|shap,50,14,0.13993730166362128,0.07775123834490895,0.1399373016636215,50.0,5
resampling,rf|shap,50,15,0.1720142321377054,0.09631079105415985,0.17201423213770556,50.0,5
resampling,rf|shap,50,16,0.1639949995191844,0.09093317747938619,0.16399499951918456,50.0,5
resampling,rf|shap,50,17,0.17000942398307528,0.0950151529456292,0.1700094239830753,50.0,5
resampling,rf|shap,50,18,0.16199019136455406,0.09189626667288132,0.16199019136455428,50.0,5
resampling,rf|shap,50,19,0.1639949995191844,0.09134521213525218,0.16399499951918453,50.0,5
resampling,svm|coef,50,0,0.5388941244350418,0.39097390009657407,0.5388941244350419,50.0,5
resampling,svm|coef,50,1,0.4747402634868737,0.323161561404559,0.4747402634868737,50.0,5
resampling,svm|coef,50,2,0.5308748918165207,0.381443602851623,0.5308748918165208,50.0,5
resampling,svm|coef,50,3,0.47073064717761315,0.32327305370274817,0.4707306471776132,50.0,5
resampling,svm|coef,50,4,0.4927835368785459,0.33990632428781165,0.4927835368785461,50.0,5
resampling,svm|coef,50,5,0.4987979613424367,0.34979273911479,0.49879796134243665,50.0,5
resampling,svm|coef,50,6,0.47073064717761315,0.3208448230699815,0.47073064717761326,50.0,5
resampling,svm|coef,50,7,0.48877392056928537,0.3440365876579156,0.4887739205692855,50.0,5
resampling,svm|coef,50,8,0.44867775747668037,0.30409502550304557,0.44867775747668037,50.0,5
resampling,svm|coef,50,9,0.4967931531878065,0.34277372516336085,0.49679315318780654,50.0,5
resampling,svm|coef,50,10,0.5028075776516971,0.3497090967133202,0.5028075776516973,50.0,5
resampling,svm|coef,50,11,0.5108268102702183,0.3594193413733819,0.5108268102702183,50.0,5
resampling,svm|coef,50,12,0.5208508510433696,0.3753476708435157,0.5208508510433696,50.0,5
resampling,svm|coef,50,13,0.4987979613424367,0.35760144249692993,0.4987979613424368,50.0,5
resampling,svm|coef,50,14,0.44867775747668037,0.30518938427960257,0.4486777574766805,50.0,5
resampling,svm|coef,50,15,0.4847643042600249,0.3358180192798171,0.48476430426002504,50.0,5
resampling,svm|coef,50,16,0.4847643042600249,0.33328832520628826,0.4847643042600249,50.0,5
resampling,svm|coef,50,17,0.48676911241465515,0.3288716413482998,0.48676911241465526,50.0,5
resampling,svm|coef,50,18,0.52486046735263,0.3730549855105923,0.52486046735263,50.0,5
resampling,svm|coef,50,19,0.508822002115588,0.3553651533311423,0.5088220021155879,50.0,5
resampling,svm|perm,50,0,0.6190864506202519,0.4610106623343532,0.6190864506202519,50.0,5
resampling,svm|perm,50,1,0.564956630445235,0.4013587822949427,0.564956630445235,50.0,5
resampling,svm|perm,50,2,0.6190864506202519,0.45842641567924736,0.619086450620252,50.0,5
resampling,svm|perm,50,3,0.5950287527646889,0.4330809130537605,0.595028752764689,50.0,5
resampling,svm|perm,50,4,0.5870095201461678,0.4206468037247686,0.5870095201461678,50.0,5
resampling,svm|perm,50,5,0.5609470141359746,0.4041406890304001,0.5609470141359747,50.0,5
resampling,svm|perm,50,6,0.5749806712183864,0.41065413612356316,0.5749806712183863,50.0,5
resampling,svm|perm,50,7,0.5769854793730166,0.4119341460134299,0.5769854793730167,50.0,5
resampling,svm|perm,50,8,0.5368893162804116,0.3808879237097256,0.5368893162804117,50.0,5
resampling,svm|perm,50,9,0.6130720261563611,0.4521178499019925,0.6130720261563611,50.0,5
resampling,svm|perm,50,10,0.5789902875276469,0.41507198679335156,0.5789902875276469,50.0,5
resampling,svm|perm,50,11,0.5990383690739494,0.4343663892213157,0.5990383690739494,50.0,5
resampling,svm|perm,50,12,0.6030479853832098,0.4408667431768836,0.6030479853832099,50.0,5
resampling,svm|perm,50,13,0.6190864506202519,0.46509837584866187,0.6190864506202519,50.0,5
resampling,svm|perm,50,14,0.556937397826714,0.39602710644377315,0.556937397826714,50.0,5
resampling,svm|perm,50,15,0.5709710549091258,0.4064268861732244,0.5709710549091258,50.0,5
resampling,svm|perm,50,16,0.6030479853832098,0.44205408017363385,0.6030479853832099,50.0,5
resampling,svm|perm,50,17,0.6050527935378401,0.4410696019262774,0.6050527935378402,50.0,5
resampling,svm|perm,50,18,0.572975863063756,0.41323382767123273,0.5729758630637563,50.0,5
resampling,svm|perm,50,19,0.6050527935378401,0.4441427372861006,0.6050527935378401,50.0,5
resampling,svm|shap,50,0,0.40657678622944504,0.2759958182850929,0.4065767862294452,50.0,5
resampling,svm|shap,50,1,0.3564565823636887,0.2248260291546528,0.3564565823636888,50.0,5
resampling,svm|shap,50,2,0.40056236176555426,0.263614499266145,0.4005623617655544,50.0,5
resampling,svm|shap,50,3,0.34442773343590716,0.224527288144066,0.34442773343590727,50.0,5
resampling,svm|shap,50,4,0.3785094720646215,0.2462607473256518,0.3785094720646216,50.0,5
resampling,svm|shap,50,5,0.4406585248581594,0.3038626689947818,0.44065852485815943,50.0,5
resampling,svm|shap,50,6,0.35244696605442816,0.2238803961561254,0.3524469660544283,50.0,5
resampling,svm|shap,50,7,0.3965527454562938,0.2677720219341485,0.3965527454562939,50.0,5
resampling,svm|shap,50,8,0.3163604192710836,0.20766131615599442,0.3163604192710837,50.0,5
resampling,svm|shap,50,9,0.4045719780748148,0.2681453075469508,0.4045719780748149,50.0,5
resampling,svm|shap,50,10,0.4105864025387055,0.2787444312319183,0.41058640253870565,50.0,5
resampling,svm|shap,50,11,0.40858159438407526,0.26564690304783445,0.40858159438407543,50.0,5
resampling,svm|shap,50,12,0.4587017982498317,0.3196987846939339,0.4587017982498317,50.0,5
resampling,svm|shap,50,13,0.3805142802192517,0.249954205428338,0.3805142802192519,50.0,5
resampling,svm|shap,50,14,0.3484373497451677,0.2235860573858695,0.34843734974516777,50.0,5
resampling,svm|shap,50,15,0.3965527454562938,0.2615108946115065,0.3965527454562939,50.0,5
resampling,svm|shap,50,16,0.3704902394461005,0.23877995634878726,0.3704902394461006,50.0,5
resampling,svm|shap,50,17,0.37449985575536104,0.2391258219184748,0.3744998557553611,50.0,5
resampling,svm|shap,50,18,0.4246200596211174,0.2893154584211232,0.4246200596211174,50.0,5
resampling,svm|shap,50,19,0.40657678622944504,0.27396173534775436,0.4065767862294451,50.0,5
resampling,ttest|ttest,50,0,0.38452389652851227,0.24811345399893323,0.3845238965285124,50.0,5
resampling,ttest|ttest,50,1,0.34242292528127694,0.22618226258893787,0.34242292528127705,50.0,5
resampling,ttest|ttest,50,2,0.3785094720646215,0.25936217979983917,0.37850947206462154,50.0,5
resampling,ttest|ttest,50,3,0.40858159438407526,0.2680632565935779,0.4085815943840753,50.0,5
resampling,ttest|ttest,50,4,0.4667210308683526,0.31372081845225785,0.46672103086835265,50.0,5
resampling,ttest|ttest,50,5,0.3564565823636887,0.24094119012237503,0.3564565823636888,50.0,5
resampling,ttest|ttest,50,6,0.4105864025387055,0.26812441304201445,0.41058640253870565,50.0,5
resampling,ttest|ttest,50,7,0.3865287046831425,0.2666926628841934,0.3865287046831426,50.0,5
resampling,ttest|ttest,50,8,0.4025671699201845,0.2754982492660819,0.4025671699201846,50.0,5
resampling,ttest|ttest,50,9,0.38251908837388204,0.25264981689068955,0.38251908837388215,50.0,5
resampling,ttest|ttest,50,10,0.40657678622944504,0.2614773115688368,0.4065767862294451,50.0,5
resampling,ttest|ttest,50,11,0.3865287046831425,0.24778401645466142,0.3865287046831426,50.0,5
resampling,ttest|ttest,50,12,0.41459601884796604,0.2760189577588156,0.4145960188479661,50.0,5
resampling,ttest|ttest,50,13,0.4025671699201845,0.26237001622598505,0.4025671699201846,50.0,5
resampling,ttest|ttest,50,14,0.3724950476007307,0.2405636659656704,0.3724950476007309,50.0,5
resampling,ttest|ttest,50,15,0.40657678622944504,0.27045854588556767,0.4065767862294451,50.0,5
resampling,ttest|ttest,50,16,0.4166008270025964,0.27104388721671,0.4166008270025964,50.0,5
resampling,ttest|ttest,50,17,0.4105864025387055,0.2820743366314977,0.41058640253870565,50.0,5
resampling,ttest|ttest,50,18,0.3785094720646215,0.26041371130566765,0.37850947206462165,50.0,5
resampling,ttest|ttest,50,19,0.4647162227137225,0.31979721844289505,0.4647162227137224,50.0,5
resampling,xgb|perm,50,0,0.2860496555138101,0.16783943552580186,,24.4,5
resampling,xgb|perm,50,1,0.26714573972739675,0.1629788713104099,,27.6,5
resampling,xgb|perm,50,2,0.2420084451958875,0.1392136346185326,,28.8,5
resampling,xgb|perm,50,3,0.32674681752420676,0.19880021929471817,,29.6,5
resampling,xgb|perm,50,4,0.3080719293301909,0.18611388100356174,,28.8,5
resampling,xgb|perm,50,5,0.25745626082275586,0.15528159708962072,,29.4,5
resampling,xgb|perm,50,6,0.30843033664249286,0.1840062178808643,,27.8,5
resampling,xgb|perm,50,7,0.27864870627016336,0.1684649626072264,,25.4,5
resampling,xgb|perm,50,8,0.2803663362532657,0.16491521702551146,,25.6,5
resampling,xgb|perm,50,9,0.2962981811308293,0.17408452377385752,,29.6,5
resampling,xgb|perm,50,10,0.282232124677152,0.1665041162237635,,28.6,5
resampling,xgb|perm,50,11,0.22723783446502732,0.12735729429345227,,27.6,5
resampling,xgb|perm,50,12,0.2812445438666351,0.16479582103399162,,23.4,5
resampling,xgb|perm,50,13,0.24903463777303902,0.14365521067509296,,26.8,5
resampling,xgb|perm,50,14,0.26086242476393595,0.15162782908469893,,29.4,5
resampling,xgb|perm,50,15,0.3300082270670507,0.19675600043484154,,27.2,5
resampling,xgb|perm,50,16,0.2881884412939911,0.17449320071285732,,25.6,5
resampling,xgb|perm,50,17,0.287209776445674,0.17279383202112428,,28.8,5
resampling,xgb|perm,50,18,0.25829869060261446,0.15562101744956955,,27.0,5
resampling,xgb|perm,50,19,0.31876721176399625,0.19251381224802916,,29.4,5
resampling,xgb|shap,50,0,0.2860496555138101,0.16783943552580186,,24.4,5
resampling,xgb|shap,50,1,0.26714573972739675,0.1629788713104099,,27.6,5
resampling,xgb|shap,50,2,0.2420084451958875,0.1392136346185326,,28.8,5
resampling,xgb|shap,50,3,0.32674681752420676,0.19880021929471817,,29.6,5
resampling,xgb|shap,50,4,0.3080719293301909,0.18611388100356174,,28.8,5
resampling,xgb|shap,50,5,0.25745626082275586,0.15528159708962072,,29.4,5
resampling,xgb|shap,50,6,0.30843033664249286,0.1840062178808643,,27.8,5
resampling,xgb|shap,50,7,0.27864870627016336,0.1684649626072264,,25.4,5
resampling,xgb|shap,50,8,0.2803663362532657,0.16491521702551146,,25.6,5
resampling,xgb|shap,50,9,0.2962981811308293,0.17408452377385752,,29.6,5
resampling,xgb|shap,50,10,0.282232124677152,0.1665041162237635,,28.6,5
resampling,xgb|shap,50,11,0.22723783446502732,0.12735729429345227,,27.6,5
resampling,xgb|shap,50,12,0.2812445438666351,0.16479582103399162,,23.4,5
resampling,xgb|shap,50,13,0.24903463777303902,0.14365521067509296,,26.8,5
resampling,xgb|shap,50,14,0.26086242476393595,0.15162782908469893,,29.4,5
resampling,xgb|shap,50,15,0.3300082270670507,0.19675600043484154,,27.2,5
resampling,xgb|shap,50,16,0.2881884412939911,0.17449320071285732,,25.6,5
resampling,xgb|shap,50,17,0.287209776445674,0.17279383202112428,,28.8,5
resampling,xgb|shap,50,18,0.25829869060261446,0.15562101744956955,,27.0,5
resampling,xgb|shap,50,19,0.31876721176399625,0.19251381224802916,,29.4,5
model,explainer=coef,50,0,0.31034599480719294,0.1880152959821753,0.310345994807193,50.0,5
model,explainer=coef,50,1,0.27425944802384833,0.1616536525159782,0.2742594480238484,50.0,5
model,explainer=coef,50,2,0.27826906433310883,0.16579477676222223,0.27826906433310894,50.0,5
model,explainer=coef,50,3,0.17401904029233572,0.09757554217301986,0.1740190402923358,50.0,5
model,explainer=coef,50,4,0.1740190402923357,0.10231794340584358,0.17401904029233578,50.0,5
model,explainer=coef,50,5,0.2943075295701509,0.17690149734038976,0.29430752957015105,50.0,5
model,explainer=coef,50,6,0.2822786806423694,0.17354626107081988,0.2822786806423695,50.0,5
model,explainer=coef,50,7,0.25421136647754583,0.14913581985963584,0.25421136647754594,50.0,5
model,explainer=coef,50,8,0.21812481969420125,0.12659374840452092,0.2181248196942014,50.0,5
model,explainer=coef,50,9,0.2181248196942013,0.12641159508854694,0.21812481969420133,50.0,5
model,explainer=coef,50,10,0.25421136647754583,0.15799861058481748,0.25421136647754594,50.0,5
model,explainer=coef,50,11,0.2943075295701509,0.1764969980234436,0.29430752957015094,50.0,5
model,explainer=coef,50,12,0.2502017501682853,0.14777738404598786,0.2502017501682854,50.0,5
model,explainer=coef,50,13,0.19005750552937772,0.10893412852697178,0.1900575055293778,50.0,5
model,explainer=coef,50,14,0.25421136647754583,0.14716936809960068,0.25421136647754594,50.0,5
model,explainer=coef,50,15,0.24218251754976433,0.14584986991148177,0.24218251754976441,50.0,5
model,explainer=coef,50,16,0.26624021540532733,0.15694251790996336,0.26624021540532744,50.0,5
model,explainer=coef,50,17,0.2822786806423693,0.1720120270439427,0.28227868064236944,50.0,5
model,explainer=coef,50,18,0.15397095874603323,0.08624253777473952,0.15397095874603325,50.0,5
model,explainer=coef,50,19,0.26624021540532733,0.16355943136091783,0.26624021540532744,50.0,5
model,explainer=perm,50,0,0.07457292751788205,0.04590878722909325,,43.6,5
model,explainer=perm,50,1,0.08743113906536837,0.05566966696648797,,44.4,5
model,explainer=perm,50,2,0.09391449643984617,0.05697610490017729,,44.7,5
model,explainer=perm,50,3,0.094274083324102,0.05717394252405779,,44.9,5
model,explainer=perm,50,4,0.09519601677007508,0.05797212439685724,,44.7,5
model,explainer=perm,50,5,0.10199723387366325,0.061150988265815075,,44.85,5
model,explainer=perm,50,6,0.11317999340309674,0.0697726408507769,,44.45,5
model,explainer=perm,50,7,0.08391615013598608,0.05203499823253662,,43.85,5
model,explainer=perm,50,8,0.0945978673769718,0.05729314764092321,,43.9,5
model,explainer=perm,50,9,0.08709808055675676,0.05371833717488791,,44.9,5
model,explainer=perm,50,10,0.08160215979460195,0.04927650643133462,,44.65,5
model,explainer=perm,50,11,0.09106030414394153,0.057805206674390895,,44.4,5
model,explainer=perm,50,12,0.08607007351021065,0.052050491474055216,,43.35,5
model,explainer=perm,50,13,0.10156730207982696,0.059653720596525475,,44.2,5
model,explainer=perm,50,14,0.09638001290287652,0.058137992345245346,,44.85,5
model,explainer=perm,50,15,0.07595429381357177,0.046909231318105114,,44.3,5
model,explainer=perm,50,16,0.08533216587753827,0.0522172482867874,,43.9,5
model,explainer=perm,50,17,0.07171246223706759,0.044085162822230115,,44.7,5
model,explainer=perm,50,18,0.11630651918668607,0.06886973294979783,,44.25,5
model,explainer=perm,50,19,0.07883456963756923,0.04867215270434484,,44.85,5
model,explainer=shap,50,0,0.1258615526891689,0.07221019187106646,,43.6,5
model,explainer=shap,50,1,0.14847311609854136,0.08754241404502314,,44.4,5
model,explainer=shap,50,2,0.1434673145050434,0.08205812970378362,,44.7,5
model,explainer=shap,50,3,0.10161746659050526,0.05988022392106351,,44.9,5
model,explainer=shap,50,4,0.14525327990520268,0.08396109234497474,,44.7,5
model,explainer=shap,50,5,0.14650459490625142,0.0835676713899147,,44.85,5
model,explainer=shap,50,6,0.1526071544294297,0.09056822819518551,,44.45,5
model,explainer=shap,50,7,0.1180976629232818,0.06774653822244978,,43.85,5
model,explainer=shap,50,8,0.13793107215374253,0.08097117791229022,,43.9,5
model,explainer=shap,50,9,0.11660304387085571,0.06850504958632625,,44.9,5
model,explainer=shap,50,10,0.12320461809995124,0.07083223664840435,,44.65,5
model,explainer=shap,50,11,0.15228874804714226,0.08919637184738015,,44.4,5
model,explainer=shap,50,12,0.12836873778525054,0.07299990389527464,,43.35,5
model,explainer=shap,50,13,0.11353823482504569,0.06529008189248077,,44.2,5
model,explainer=shap,50,14,0.14758214736665604,0.0854955123904498,,44.85,5
model,explainer=shap,50,15,0.12826714084278343,0.07305910958866355,,44.3,5
model,explainer=shap,50,16,0.13059084991335396,0.0749223352928704,,43.9,5
model,explainer=shap,50,17,0.1407599445252284,0.08002275430905531,,44.7,5
model,explainer=shap,50,18,0.12646097337862938,0.07213307608223621,,44.25,5
model,explainer=shap,50,19,0.12313955560910461,0.07016086187890558,,44.85,5
explainer,model=logreg,50,0,0.2248075135429687,0.13505792756266538,0.22480751354296888,50.0,5
explainer,model=logreg,50,1,0.1780286566015961,0.10845292384567765,0.17802865660159634,50.0,5
explainer,model=logreg,50,2,0.23282674616148968,0.14439586592074075,0.23282674616148985,50.0,5
explainer,model=logreg,50,3,0.25287482770779224,0.1660406635219375,0.25287482770779246,50.0,5
explainer,model=logreg,50,4,0.1967401993781451,0.12256279527498264,0.19674019937814533,50.0,5
explainer,model=logreg,50,5,0.22347097477321518,0.14112327395675178,0.2234709747732154,50.0,5
explainer,model=logreg,50,6,0.2582209827868063,0.1594599622950576,0.2582209827868064,50.0,5
explainer,model=logreg,50,7,0.22347097477321518,0.14009233043338112,0.22347097477321537,50.0,5
explainer,model=logreg,50,8,0.25688444401705274,0.163149730030551,0.2568844440170529,50.0,5
explainer,model=logreg,50,9,0.2060959707664197,0.12580397107128857,0.20609597076641983,50.0,5
explainer,model=logreg,50,10,0.1940671218386381,0.11584508592036244,0.19406712183863833,50.0,5
explainer,model=logreg,50,11,0.22347097477321515,0.14236059318546568,0.2234709747732154,50.0,5
explainer,model=logreg,50,12,0.21411520338494067,0.13334239336533354,0.21411520338494086,50.0,5
explainer,model=logreg,50,13,0.20876904830592666,0.12776603638470124,0.20876904830592685,50.0,5
explainer,model=logreg,50,14,0.23416328493124317,0.14540359324802252,0.2341632849312434,50.0,5
explainer,model=logreg,50,15,0.17268250152258213,0.10610351532510069,0.1726825015225823,50.0,5
explainer,model=logreg,50,16,0.23950944001025717,0.14592536394300082,0.2395094400102574,50.0,5
explainer,model=logreg,50,17,0.20342289322691265,0.12644519637739043,0.20342289322691282,50.0,5
explainer,model=logreg,50,18,0.2568844440170527,0.16050571694389137,0.2568844440170529,50.0,5
explainer,model=logreg,50,19,0.17802865660159614,0.11078878654066623,0.1780286566015963,50.0,5
explainer,model=rf,50,0,0.7634326377536301,0.6221717361576473,0.7634326377536301,50.0,5
explainer,model=rf,50,1,0.7153172420425041,0.5601689879389739,0.7153172420425041,50.0,5
explainer,model=rf,50,2,0.7473941725165881,0.5988089705699436,0.7473941725165881,50.0,5
explainer,model=rf,50,3,0.715317242042504,0.5623331320706513,0.715317242042504,50.0,5
explainer,model=rf,50,4,0.7714518703721511,0.633815727380946,0.7714518703721511,50.0,5
explainer,model=rf,50,5,0.7634326377536302,0.619520264681555,0.7634326377536302,50.0,5
explainer,model=rf,50,6,0.7554134051351091,0.6094396195202647,0.7554134051351091,50.0,5
explainer,model=rf,50,7,0.7433845562073276,0.5927498048399689,0.7433845562073276,50.0,5
explainer,model=rf,50,8,0.7874903356091931,0.6513589419185801,0.7874903356091931,50.0,5
explainer,model=rf,50,9,0.747394172516588,0.602864456319633,0.7473941725165881,50.0,5
explainer,model=rf,50,10,0.7754614866814116,0.6356459362862197,0.7754614866814117,50.0,5
explainer,model=rf,50,11,0.8155576497740167,0.690601808531434,0.8155576497740167,50.0,5
explainer,model=rf,50,12,0.7714518703721512,0.6335474561281013,0.7714518703721512,50.0,5
explainer,model=rf,50,13,0.7273460909702856,0.5828081232492996,0.7273460909702856,50.0,5
explainer,model=rf,50,14,0.7754614866814117,0.635561160151324,0.7754614866814117,50.0,5
explainer,model=rf,50,15,0.7353653235888066,0.590722778980249,0.7353653235888066,50.0,5
explainer,model=rf,50,16,0.7514037888258487,0.6081900266176998,0.7514037888258487,50.0,5
explainer,model=rf,50,17,0.7514037888258486,0.6085091782466975,0.7514037888258486,50.0,5
explainer,model=rf,50,18,0.7714518703721511,0.633815727380946,0.7714518703721511,50.0,5
explainer,model=rf,50,19,0.7554134051351091,0.609969009333416,0.7554134051351091,50.0,5
explainer,model=svm,50,0,0.5215191204282462,0.3627861796822928,0.5215191204282463,50.0,5
explainer,model=svm,50,1,0.5255287367375067,0.3704009964710824,0.5255287367375068,50.0,5
explainer,model=svm,50,2,0.4774133410263806,0.325448143893893,0.47741334102638067,50.0,5
explainer,model=svm,50,3,0.5094902715004647,0.3559636554194068,0.5094902715004648,50.0,5
explainer,model=svm,50,4,0.5241921979677532,0.36749997689235664,0.5241921979677533,50.0,5
explainer,model=svm,50,5,0.5121633490399716,0.3544559979270366,0.5121633490399717,50.0,5
explainer,model=svm,50,6,0.5415672019745488,0.39047830295972324,0.5415672019745489,50.0,5
explainer,model=svm,50,7,0.5148364265794786,0.3582444167333706,0.5148364265794788,50.0,5
explainer,model=svm,50,8,0.5522595121325767,0.39279197684935024,0.5522595121325768,50.0,5
explainer,model=svm,50,9,0.5175095041189857,0.3601048757879294,0.5175095041189858,50.0,5
explainer,model=svm,50,10,0.5041441164214507,0.35258841745479935,0.5041441164214507,50.0,5
explainer,model=svm,50,11,0.5134998878097251,0.3571471180931738,0.5134998878097253,50.0,5
explainer,model=svm,50,12,0.5308748918165207,0.3757979505547441,0.5308748918165208,50.0,5
explainer,model=svm,50,13,0.4961248838029297,0.341826127645804,0.4961248838029298,50.0,5
explainer,model=svm,50,14,0.5522595121325768,0.3947476544995446,0.5522595121325768,50.0,5
explainer,model=svm,50,15,0.5348845081257811,0.3795994583572083,0.5348845081257813,50.0,5
explainer,model=svm,50,16,0.5255287367375067,0.36776382039850325,0.5255287367375068,50.0,5
explainer,model=svm,50,17,0.5282018142770137,0.3723494127259287,0.5282018142770138,50.0,5
explainer,model=svm,50,18,0.4814229573356411,0.32685362318670674,0.4814229573356412,50.0,5
explainer,model=svm,50,19,0.5255287367375067,0.36628917917650783,0.5255287367375068,50.0,5
explainer,model=xgb,50,0,1.0,1.0,1.0,24.4,5
explainer,model=xgb,50,1,1.0,1.0,1.0,27.6,5
explainer,model=xgb,50,2,1.0,1.0,1.0,28.8,5
explainer,model=xgb,50,3,1.0,1.0,1.0,29.6,5
explainer,model=xgb,50,4,1.0,1.0,1.0,28.8,5
explainer,model=xgb,50,5,1.0,1.0,1.0,29.4,5
explainer,model=xgb,50,6,1.0,1.0,1.0,27.8,5
explainer,model=xgb,50,7,1.0,1.0,1.0,25.4,5
explainer,model=xgb,50,8,1.0,1.0,1.0,25.6,5
explainer,model=xgb,50,9,1.0,1.0,1.0,29.6,5
explainer,model=xgb,50,10,1.0,1.0,1.0,28.6,5
explainer,model=xgb,50,11,1.0,1.0,1.0,27.6,5
explainer,model=xgb,50,12,1.0,1.0,1.0,23.4,5
explainer,model=xgb,50,13,1.0,1.0,1.0,26.8,5
explainer,model=xgb,50,14,1.0,1.0,1.0,29.4,5
explainer,model=xgb,50,15,1.0,1.0,1.0,27.2,5
explainer,model=xgb,50,16,1.0,1.0,1.0,25.6,5
explainer,model=xgb,50,17,1.0,1.0,1.0,28.8,5
explainer,model=xgb,50,18,1.0,1.0,1.0,27.0,5
explainer,model=xgb,50,19,1.0,1.0,1.0,29.4,5
combined,all_primary,50,0,0.18244991713255812,0.12471586124421818,,44.879999999999995,5
combined,all_primary,50,1,0.18732843454343273,0.12833675506200282,,45.519999999999996,5
combined,all_primary,50,2,0.18929846819115098,0.12747359128595118,,45.760000000000005,5
combined,all_primary,50,3,0.17072298467606228,0.11854401103912793,,45.92,5
combined,all_primary,50,4,0.18530416814883588,0.12687462355419804,,45.75999999999999,5
combined,all_primary,50,5,0.19928220302043528,0.13431108580001955,,45.88,5
combined,all_primary,50,6,0.20284728719093134,0.13894763655285888,,45.56,5
combined,all_primary,50,7,0.17528948343708842,0.12060557939901015,,45.08,5
combined,all_primary,50,8,0.18991106283474565,0.13093561095387543,,45.12,5
combined,all_primary,50,9,0.17422525740128875,0.11995607852549466,,45.92,5
combined,all_primary,50,10,0.1763943623815149,0.12134199183797648,,45.720000000000006,5
combined,all_primary,50,11,0.19502316282784357,0.13407735635071033,,45.519999999999996,5
combined,all_primary,50,12,0.18179986085003727,0.12491395626636732,,44.67999999999999,5
combined,all_primary,50,13,0.17266370868761954,0.1180657363523451,,45.36,5
combined,all_primary,50,14,0.19226406673541221,0.13105006385504533,,45.879999999999995,5
combined,all_primary,50,15,0.1692025945972989,0.1174188010861267,,45.44,5
combined,all_primary,50,16,0.18334076876729227,0.12532078092713833,,45.11999999999999,5
combined,all_primary,50,17,0.18424729276594848,0.12596624901511871,,45.76,5
combined,all_primary,50,18,0.18499773545808035,0.12540856330623712,,45.4,5
combined,all_primary,50,19,0.17522207647931448,0.1203885433901261,,45.88,5
baseline,logreg|coef_vs_ttest,50,0,0.013634387921915425,0.008122036693465265,0.01363438792191557,50.0,5
baseline,logreg|coef_vs_ttest,50,1,0.029672853158957468,0.01653910236384463,0.02967285315895759,50.0,5
baseline,logreg|coef_vs_ttest,50,2,0.021653620540436423,0.012287401683572523,0.02165362054043658,50.0,5
baseline,logreg|coef_vs_ttest,50,3,0.025663236849696937,0.014307603703774544,0.025663236849697086,50.0,5
baseline,logreg|coef_vs_ttest,50,4,0.0016055389941339148,0.00202020202020202,0.0016055389941340517,50.0,5
baseline,logreg|coef_vs_ttest,50,5,0.013634387921915448,0.008333333333333333,0.013634387921915566,50.0,5
baseline,logreg|coef_vs_ttest,50,6,0.017644004231175937,0.01022597105071332,0.017644004231176076,50.0,5
baseline,logreg|coef_vs_ttest,50,7,0.029672853158957447,0.016327805723976564,0.02967285315895759,50.0,5
baseline,logreg|coef_vs_ttest,50,8,0.013634387921915425,0.008122036693465265,0.01363438792191557,50.0,5
baseline,logreg|coef_vs_ttest,50,9,0.017644004231175937,0.01022597105071332,0.017644004231176076,50.0,5
baseline,logreg|coef_vs_ttest,50,10,0.005615155303394426,0.00404040404040404,0.005615155303394558,50.0,5
baseline,logreg|coef_vs_ttest,50,11,0.021653620540436423,0.01220366934652649,0.02165362054043658,50.0,5
baseline,logreg|coef_vs_ttest,50,12,0.021653620540436423,0.012287401683572523,0.02165362054043658,50.0,5
baseline,logreg|coef_vs_ttest,50,13,0.009624771612654936,0.006060606060606061,0.009624771612655063,50.0,5
baseline,logreg|coef_vs_ttest,50,14,0.017644004231175958,0.010353535353535354,0.017644004231176076,50.0,5
baseline,logreg|coef_vs_ttest,50,15,0.009624771612654914,0.006101834673263244,0.009624771612655063,50.0,5
baseline,logreg|coef_vs_ttest,50,16,0.005615155303394426,0.00404040404040404,0.005615155303394558,50.0,5
baseline,logreg|coef_vs_ttest,50,17,0.017644004231175937,0.01022597105071332,0.017644004231176076,50.0,5
baseline,logreg|coef_vs_ttest,50,18,0.017644004231175913,0.010183467326324469,0.017644004231176076,50.0,5
baseline,logreg|coef_vs_ttest,50,19,0.013634387921915425,0.008122036693465265,0.01363438792191557,50.0,5
baseline,logreg|shap_vs_ttest,50,0,0.06575939994230204,0.03539875148665165,0.06575939994230215,50.0,5
baseline,logreg|shap_vs_ttest,50,1,0.10184594672564658,0.05557612414849635,0.1018459467256467,50.0,5
baseline,logreg|shap_vs_ttest,50,2,0.07778824887008354,0.042024358056267176,0.07778824887008365,50.0,5
baseline,logreg|shap_vs_ttest,50,3,0.08179786517934406,0.04418061222703774,0.08179786517934416,50.0,5
baseline,logreg|shap_vs_ttest,50,4,0.07778824887008355,0.04207667786978968,0.07778824887008366,50.0,5
baseline,logreg|shap_vs_ttest,50,5,0.04170170208673898,0.02294128177586824,0.04170170208673911,50.0,5
baseline,logreg|shap_vs_ttest,50,6,0.07377863256082307,0.039883695413649334,0.07377863256082315,50.0,5
baseline,logreg|shap_vs_ttest,50,7,0.09382671410712558,0.0514058263498353,0.09382671410712569,50.0,5
baseline,logreg|shap_vs_ttest,50,8,0.07778824887008358,0.04211918159417853,0.07778824887008366,50.0,5
baseline,logreg|shap_vs_ttest,50,9,0.06174978363304151,0.033250985163627594,0.061749783633041636,50.0,5
baseline,logreg|shap_vs_ttest,50,10,0.065759399942302,0.03544812309657357,0.06575939994230215,50.0,5
baseline,logreg|shap_vs_ttest,50,11,0.07377863256082304,0.03969982377684568,0.07377863256082315,50.0,5
baseline,logreg|shap_vs_ttest,50,12,0.06976901625156254,0.03807843270329272,0.06976901625156265,50.0,5
baseline,logreg|shap_vs_ttest,50,13,0.04170170208673898,0.02290819616047579,0.04170170208673911,50.0,5
baseline,logreg|shap_vs_ttest,50,14,0.06976901625156255,0.03799504521672846,0.06976901625156266,50.0,5
baseline,logreg|shap_vs_ttest,50,15,0.057740167323781,0.03114705080637954,0.057740167323781136,50.0,5
baseline,logreg|shap_vs_ttest,50,16,0.041701702086738936,0.022554601346943027,0.04170170208673911,50.0,5
baseline,logreg|shap_vs_ttest,50,17,0.06174978363304151,0.03311943334034645,0.06174978363304164,50.0,5
baseline,logreg|shap_vs_ttest,50,18,0.06976901625156254,0.03746018211951085,0.06976901625156265,50.0,5
baseline,logreg|shap_vs_ttest,50,19,0.057740167323780976,0.031236098905271837,0.057740167323781136,50.0,5
baseline,logreg|perm_vs_ttest,50,0,-0.002404077315126596,0.0,-0.0024040773151264546,50.0,5
baseline,logreg|perm_vs_ttest,50,1,-0.002404077315126596,0.0,-0.0024040773151264546,50.0,5
baseline,logreg|perm_vs_ttest,50,2,-0.002404077315126596,0.0,-0.0024040773151264546,50.0,5
baseline,logreg|perm_vs_ttest,50,3,-0.002404077315126596,0.0,-0.0024040773151264546,50.0,5
baseline,logreg|perm_vs_ttest,50,4,-0.002404077315126596,0.0,-0.0024040773151264546,50.0,5
baseline,logreg|perm_vs_ttest,50,5,0.0016055389941339148,0.00202020202020202,0.0016055389941340517,50.0,5
baseline,logreg|perm_vs_ttest,50,6,0.0016055389941339148,0.00202020202020202,0.0016055389941340517,50.0,5
baseline,logreg|perm_vs_ttest,50,7,0.005615155303394426,0.00404040404040404,0.005615155303394558,50.0,5
baseline,logreg|perm_vs_ttest,50,8,-0.002404077315126596,0.0,-0.0024040773151264546,50.0,5
baseline,logreg|perm_vs_ttest,50,9,-0.002404077315126596,0.0,-0.0024040773151264546,50.0,5
baseline,logreg|perm_vs_ttest,50,10,-0.002404077315126596,0.0,-0.0024040773151264546,50.0,5
baseline,logreg|perm_vs_ttest,50,11,-0.002404077315126596,0.0,-0.0024040773151264546,50.0,5
baseline,logreg|perm_vs_ttest,50,12,-0.002404077315126596,0.0,-0.0024040773151264546,50.0,5
baseline,logreg|perm_vs_ttest,50,13,0.0016055389941339148,0.00202020202020202,0.0016055389941340517,50.0,5
baseline,logreg|perm_vs_ttest,50,14,0.0016055389941339148,0.00202020202020202,0.0016055389941340517,50.0,5
baseline,logreg|perm_vs_ttest,50,15,-0.002404077315126596,0.0,-0.0024040773151264546,50.0,5
baseline,logreg|perm_vs_ttest,50,16,-0.002404077315126596,0.0,-0.0024040773151264546,50.0,5
baseline,logreg|perm_vs_ttest,50,17,0.0016055389941339148,0.00202020202020202,0.0016055389941340523,50.0,5
baseline,logreg|perm_vs_ttest,50,18,0.0016055389941339148,0.00202020202020202,0.0016055389941340523,50.0,5
baseline,logreg|perm_vs_ttest,50,19,-0.002404077315126596,0.0,-0.0024040773151264546,50.0,5
baseline,svm|coef_vs_ttest,50,0,-0.002404077315126596,0.0,-0.0024040773151264546,50.0,5
baseline,svm|coef_vs_ttest,50,1,0.0016055389941339148,0.00202020202020202,0.0016055389941340517,50.0,5
baseline,svm|coef_vs_ttest,50,2,-0.002404077315126596,0.0,-0.0024040773151264546,50.0,5
baseline,svm|coef_vs_ttest,50,3,-0.002404077315126596,0.0,-0.0024040773151264546,50.0,5
baseline,svm|coef_vs_ttest,50,4,-0.002404077315126596,0.0,-0.0024040773151264546,50.0,5
baseline,svm|coef_vs_ttest,50,5,0.0056151553033944035,0.004081632653061224,0.005615155303394558,50.0,5
baseline,svm|coef_vs_ttest,50,6,-0.002404077315126596,0.0,-0.0024040773151264546,50.0,5
baseline,svm|coef_vs_ttest,50,7,0.0056151553033944035,0.004081632653061224,0.005615155303394556,50.0,5
baseline,svm|coef_vs_ttest,50,8,-0.002404077315126596,0.0,-0.0024040773151264546,50.0,5
baseline,svm|coef_vs_ttest,50,9,-0.002404077315126596,0.0,-0.0024040773151264546,50.0,5
baseline,svm|coef_vs_ttest,50,10,-0.002404077315126596,0.0,-0.0024040773151264546,50.0,5
baseline,svm|coef_vs_ttest,50,11,0.0016055389941339148,0.00202020202020202,0.0016055389941340517,50.0,5
baseline,svm|coef_vs_ttest,50,12,-0.002404077315126596,0.0,-0.0024040773151264546,50.0,5
baseline,svm|coef_vs_ttest,50,13,-0.002404077315126596,0.0,-0.0024040773151264546,50.0,5
baseline,svm|coef_vs_ttest,50,14,-0.002404077315126596,0.0,-0.0024040773151264546,50.0,5
baseline,svm|coef_vs_ttest,50,15,-0.002404077315126596,0.0,-0.0024040773151264546,50.0,5
baseline,svm|coef_vs_ttest,50,16,0.0016055389941339148,0.00202020202020202,0.0016055389941340523,50.0,5
baseline,svm|coef_vs_ttest,50,17,-0.002404077315126596,0.0,-0.0024040773151264546,50.0,5
baseline,svm|coef_vs_ttest,50,18,-0.002404077315126596,0.0,-0.0024040773151264546,50.0,5
baseline,svm|coef_vs_ttest,50,19,-0.002404077315126596,0.0,-0.0024040773151264546,50.0,5
baseline,svm|shap_vs_ttest,50,0,0.0016055389941339148,0.00202020202020202,0.0016055389941340517,50.0,5
baseline,svm|shap_vs_ttest,50,1,0.005615155303394426,0.00404040404040404,0.005615155303394558,50.0,5
baseline,svm|shap_vs_ttest,50,2,0.009624771612654914,0.006101834673263244,0.009624771612655065,50.0,5
baseline,svm|shap_vs_ttest,50,3,-0.002404077315126596,0.0,-0.0024040773151264546,50.0,5
baseline,svm|shap_vs_ttest,50,4,0.0016055389941339148,0.00202020202020202,0.0016055389941340517,50.0,5
baseline,svm|shap_vs_ttest,50,5,0.0056151553033944035,0.004081632653061224,0.005615155303394558,50.0,5
baseline,svm|shap_vs_ttest,50,6,0.0016055389941339148,0.00202020202020202,0.0016055389941340517,50.0,5
baseline,svm|shap_vs_ttest,50,7,0.013634387921915425,0.0082057690305113,0.01363438792191557,50.0,5
baseline,svm|shap_vs_ttest,50,8,0.0016055389941339148,0.00202020202020202,0.0016055389941340517,50.0,5
baseline,svm|shap_vs_ttest,50,9,-0.002404077315126596,0.0,-0.0024040773151264546,50.0,5
baseline,svm|shap_vs_ttest,50,10,0.0016055389941339148,0.00202020202020202,0.0016055389941340523,50.0,5
baseline,svm|shap_vs_ttest,50,11,0.0016055389941339148,0.00202020202020202,0.0016055389941340517,50.0,5
baseline,svm|shap_vs_ttest,50,12,-0.002404077315126596,0.0,-0.0024040773151264546,50.0,5
baseline,svm|shap_vs_ttest,50,13,0.0056151553033944035,0.004081632653061224,0.005615155303394556,50.0,5
baseline,svm|shap_vs_ttest,50,14,0.0016055389941339148,0.00202020202020202,0.0016055389941340517,50.0,5
baseline,svm|shap_vs_ttest,50,15,-0.002404077315126596,0.0,-0.0024040773151264546,50.0,5
baseline,svm|shap_vs_ttest,50,16,0.0016055389941339148,0.00202020202020202,0.0016055389941340523,50.0,5
baseline,svm|shap_vs_ttest,50,17,-0.002404077315126596,0.0,-0.0024040773151264546,50.0,5
baseline,svm|shap_vs_ttest,50,18,0.0016055389941339148,0.00202020202020202,0.0016055389941340517,50.0,5
baseline,svm|shap_vs_ttest,50,19,0.0016055389941339148,0.00202020202020202,0.0016055389941340517,50.0,5
baseline,svm|perm_vs_ttest,50,0,-0.002404077315126596,0.0,-0.0024040773151264546,50.0,5
baseline,svm|perm_vs_ttest,50,1,0.009624771612654914,0.006101834673263244,0.009624771612655063,50.0,5
baseline,svm|perm_vs_ttest,50,2,0.009624771612654914,0.006101834673263244,0.009624771612655065,50.0,5
baseline,svm|perm_vs_ttest,50,3,-0.002404077315126596,0.0,-0.0024040773151264546,50.0,5
baseline,svm|perm_vs_ttest,50,4,0.0016055389941339148,0.00202020202020202,0.0016055389941340523,50.0,5
baseline,svm|perm_vs_ttest,50,5,0.009624771612654914,0.006101834673263244,0.009624771612655061,50.0,5
baseline,svm|perm_vs_ttest,50,6,0.0016055389941339148,0.00202020202020202,0.0016055389941340517,50.0,5
baseline,svm|perm_vs_ttest,50,7,0.013634387921915403,0.008163265306122448,0.013634387921915566,50.0,5
baseline,svm|perm_vs_ttest,50,8,0.013634387921915425,0.008122036693465265,0.01363438792191557,50.0,5
baseline,svm|perm_vs_ttest,50,9,0.0016055389941339148,0.00202020202020202,0.0016055389941340517,50.0,5
baseline,svm|perm_vs_ttest,50,10,0.0016055389941339148,0.00202020202020202,0.0016055389941340517,50.0,5
baseline,svm|perm_vs_ttest,50,11,0.0016055389941339148,0.00202020202020202,0.0016055389941340517,50.0,5
baseline,svm|perm_vs_ttest,50,12,0.0016055389941339148,0.00202020202020202,0.0016055389941340517,50.0,5
baseline,svm|perm_vs_ttest,50,13,0.0016055389941339148,0.00202020202020202,0.0016055389941340517,50.0,5
baseline,svm|perm_vs_ttest,50,14,-0.002404077315126596,0.0,-0.0024040773151264546,50.0,5
baseline,svm|perm_vs_ttest,50,15,-0.002404077315126596,0.0,-0.0024040773151264546,50.0,5
baseline,svm|perm_vs_ttest,50,16,0.0016055389941339148,0.00202020202020202,0.0016055389941340523,50.0,5
baseline,svm|perm_vs_ttest,50,17,0.0016055389941339148,0.00202020202020202,0.0016055389941340517,50.0,5
baseline,svm|perm_vs_ttest,50,18,0.009624771612654914,0.006101834673263244,0.009624771612655061,50.0,5
baseline,svm|perm_vs_ttest,50,19,0.005615155303394426,0.00404040404040404,0.005615155303394558,50.0,5
baseline,rf|shap_vs_ttest,50,0,0.2862882969516299,0.16826265389876882,0.28628829695163,50.0,5
baseline,rf|shap_vs_ttest,50,1,0.26223059909606683,0.15228276919866146,0.26223059909606694,50.0,5
baseline,rf|shap_vs_ttest,50,2,0.23817290124050378,0.13670811946674016,0.23817290124050391,50.0,5
baseline,rf|shap_vs_ttest,50,3,0.21812481969420125,0.12376770416289981,0.2181248196942014,50.0,5
baseline,rf|shap_vs_ttest,50,4,0.24218251754976433,0.1399401574531564,0.24218251754976441,50.0,5
baseline,rf|shap_vs_ttest,50,5,0.22213443600346175,0.12637620677140243,0.2221344360034619,50.0,5
baseline,rf|shap_vs_ttest,50,6,0.23817290124050383,0.13745147516825731,0.2381729012405039,50.0,5
baseline,rf|shap_vs_ttest,50,7,0.25421136647754583,0.14742105439779857,0.2542113664775459,50.0,5
baseline,rf|shap_vs_ttest,50,8,0.21010558707568022,0.11951858882805175,0.21010558707568036,50.0,5
baseline,rf|shap_vs_ttest,50,9,0.2301536686219828,0.13173039048782603,0.2301536686219829,50.0,5
baseline,rf|shap_vs_ttest,50,10,0.2742594480238484,0.16093597938451198,0.27425944802384844,50.0,5
baseline,rf|shap_vs_ttest,50,11,0.2341632849312433,0.1345315109360053,0.2341632849312434,50.0,5
baseline,rf|shap_vs_ttest,50,12,0.22614405231272228,0.1291647401321856,0.22614405231272236,50.0,5
baseline,rf|shap_vs_ttest,50,13,0.1820382729108567,0.10267413465087885,0.18203827291085678,50.0,5
baseline,rf|shap_vs_ttest,50,14,0.22614405231272228,0.13119113843751523,0.22614405231272236,50.0,5
baseline,rf|shap_vs_ttest,50,15,0.19406712183863822,0.11120934832029769,0.19406712183863833,50.0,5
baseline,rf|shap_vs_ttest,50,16,0.24218251754976433,0.13978901607522318,0.24218251754976441,50.0,5
baseline,rf|shap_vs_ttest,50,17,0.2341632849312433,0.13422726938919932,0.23416328493124344,50.0,5
baseline,rf|shap_vs_ttest,50,18,0.2301536686219828,0.13143454402926574,0.2301536686219829,50.0,5
baseline,rf|shap_vs_ttest,50,19,0.22614405231272228,0.12893766512789245,0.22614405231272236,50.0,5
baseline,rf|perm_vs_ttest,50,0,0.33440369266275594,0.20284659001257946,0.33440369266275605,50.0,5
baseline,rf|perm_vs_ttest,50,1,0.3063363784979324,0.1829747513119694,0.3063363784979325,50.0,5
baseline,rf|perm_vs_ttest,50,2,0.2702498317145879,0.1575052854122622,0.27024983171458794,50.0,5
baseline,rf|perm_vs_ttest,50,3,0.2902979132608904,0.17112667039550386,0.29029791326089044,50.0,5
baseline,rf|perm_vs_ttest,50,4,0.28227868064236933,0.1661998132586368,0.2822786806423695,50.0,5
baseline,rf|perm_vs_ttest,50,5,0.2502017501682853,0.14553314234391485,0.2502017501682854,50.0,5
baseline,rf|perm_vs_ttest,50,6,0.27425944802384833,0.16143403772024484,0.27425944802384844,50.0,5
baseline,rf|perm_vs_ttest,50,7,0.28227868064236933,0.16671677798538181,0.28227868064236944,50.0,5
baseline,rf|perm_vs_ttest,50,8,0.22614405231272228,0.12945871580235827,0.22614405231272236,50.0,5
baseline,rf|perm_vs_ttest,50,9,0.2702498317145879,0.15857656363766295,0.27024983171458794,50.0,5
baseline,rf|perm_vs_ttest,50,10,0.3303940763534955,0.20001076532488854,0.3303940763534955,50.0,5
baseline,rf|perm_vs_ttest,50,11,0.2702498317145878,0.15769621984537782,0.27024983171458794,50.0,5
baseline,rf|perm_vs_ttest,50,12,0.27425944802384833,0.1611888938362,0.2742594480238485,50.0,5
baseline,rf|perm_vs_ttest,50,13,0.2582209827868064,0.1504045268090212,0.2582209827868064,50.0,5
baseline,rf|perm_vs_ttest,50,14,0.2902979132608904,0.1722740638137591,0.2902979132608905,50.0,5
baseline,rf|perm_vs_ttest,50,15,0.24619213385902478,0.14333863420095988,0.2461921338590249,50.0,5
baseline,rf|perm_vs_ttest,50,16,0.28628829695162983,0.17053809001374542,0.28628829695162994,50.0,5
baseline,rf|perm_vs_ttest,50,17,0.26223059909606683,0.15288881862299836,0.2622305990960669,50.0,5
baseline,rf|perm_vs_ttest,50,18,0.26624021540532733,0.15514259369624606,0.2662402154053275,50.0,5
baseline,rf|perm_vs_ttest,50,19,0.28227868064236933,0.1655895718351495,0.2822786806423695,50.0,5
baseline,xgb|shap_vs_ttest,50,0,0.1863458073454124,0.10477821639984837,,37.2,5
baseline,xgb|shap_vs_ttest,50,1,0.2498766768822145,0.1453762020021287,,38.8,5
baseline,xgb|shap_vs_ttest,50,2,0.21589284861188193,0.12268420609538047,,39.4,5
baseline,xgb|shap_vs_ttest,50,3,0.24167421031891845,0.13903705903705904,,39.8,5
baseline,xgb|shap_vs_ttest,50,4,0.22996852590634828,0.13170560725132746,,39.4,5
baseline,xgb|shap_vs_ttest,50,5,0.25036706975207557,0.14591018205765516,,39.7,5
baseline,xgb|shap_vs_ttest,50,6,0.26690856148982334,0.15643347338935573,,38.9,5
baseline,xgb|shap_vs_ttest,50,7,0.2663909504608887,0.15599859717854855,,37.7,5
baseline,xgb|shap_vs_ttest,50,8,0.21280350301859693,0.12066765660232084,,37.8,5
baseline,xgb|shap_vs_ttest,50,9,0.19140521112172548,0.10885068801678391,,39.8,5
baseline,xgb|shap_vs_ttest,50,10,0.2524713879150141,0.14613876319758673,,39.3,5
baseline,xgb|shap_vs_ttest,50,11,0.3032098939292389,0.18045693515934316,,38.8,5
baseline,xgb|shap_vs_ttest,50,12,0.21519407409191346,0.12254898684014362,,36.7,5
baseline,xgb|shap_vs_ttest,50,13,0.2352949974479306,0.13580748608224943,,38.4,5
baseline,xgb|shap_vs_ttest,50,14,0.2953810321572844,0.17449197860962568,,39.7,5
baseline,xgb|shap_vs_ttest,50,15,0.24685845491490524,0.14266809854765183,,38.6,5
baseline,xgb|shap_vs_ttest,50,16,0.24489510588752564,0.14137128176067695,,37.8,5
baseline,xgb|shap_vs_ttest,50,17,0.2110918184470687,0.11971610924981421,,39.4,5
baseline,xgb|shap_vs_ttest,50,18,0.2544672205867859,0.1474368109823093,,38.5,5
baseline,xgb|shap_vs_ttest,50,19,0.22528310174689675,0.1280810580160037,,39.7,5
baseline,xgb|perm_vs_ttest,50,0,0.1863458073454124,0.10477821639984837,,37.2,5
baseline,xgb|perm_vs_ttest,50,1,0.2498766768822145,0.1453762020021287,,38.8,5
baseline,xgb|perm_vs_ttest,50,2,0.21589284861188193,0.12268420609538047,,39.4,5
baseline,xgb|perm_vs_ttest,50,3,0.24167421031891845,0.13903705903705904,,39.8,5
baseline,xgb|perm_vs_ttest,50,4,0.22996852590634828,0.13170560725132746,,39.4,5
baseline,xgb|perm_vs_ttest,50,5,0.25036706975207557,0.14591018205765516,,39.7,5
baseline,xgb|perm_vs_ttest,50,6,0.26690856148982334,0.15643347338935573,,38.9,5
baseline,xgb|perm_vs_ttest,50,7,0.2663909504608887,0.15599859717854855,,37.7,5
baseline,xgb|perm_vs_ttest,50,8,0.21280350301859693,0.12066765660232084,,37.8,5
baseline,xgb|perm_vs_ttest,50,9,0.19140521112172548,0.10885068801678391,,39.8,5
baseline,xgb|perm_vs_ttest,50,10,0.2524713879150141,0.14613876319758673,,39.3,5
baseline,xgb|perm_vs_ttest,50,11,0.3032098939292389,0.18045693515934316,,38.8,5
baseline,xgb|perm_vs_ttest,50,12,0.21519407409191346,0.12254898684014362,,36.7,5
baseline,xgb|perm_vs_ttest,50,13,0.2352949974479306,0.13580748608224943,,38.4,5
baseline,xgb|perm_vs_ttest,50,14,0.2953810321572844,0.17449197860962568,,39.7,5
baseline,xgb|perm_vs_ttest,50,15,0.24685845491490524,0.14266809854765183,,38.6,5
baseline,xgb|perm_vs_ttest,50,16,0.24489510588752564,0.14137128176067695,,37.8,5
baseline,xgb|perm_vs_ttest,50,17,0.2110918184470687,0.11971610924981421,,39.4,5
baseline,xgb|perm_vs_ttest,50,18,0.2544672205867859,0.1474368109823093,,38.5,5
baseline,xgb|perm_vs_ttest,50,19,0.22528310174689675,0.1280810580160037,,39.7,5
sensitivity,logreg_coef_across_C,50,0,0.33974984774176986,0.21370270679443207,0.3397498477417701,50.0,5
sensitivity,logreg_coef_across_C,50,1,0.37316331698560745,0.24349772230221153,0.37316331698560756,50.0,5
sensitivity,logreg_coef_across_C,50,2,0.33974984774176986,0.2156720892557961,0.33974984774177003,50.0,5
sensitivity,logreg_coef_across_C,50,3,0.21678828092444763,0.12730928168861105,0.21678828092444785,50.0,5
sensitivity,logreg_coef_across_C,50,4,0.3557883129788119,0.24631799268604276,0.3557883129788121,50.0,5
sensitivity,logreg_coef_across_C,50,5,0.3517786966695514,0.22945602882659863,0.3517786966695515,50.0,5
sensitivity,logreg_coef_across_C,50,6,0.3143556111164534,0.19907791524218205,0.31435561111645355,50.0,5
sensitivity,logreg_coef_across_C,50,7,0.31569214988620686,0.19574824033061686,0.315692149886207,50.0,5
sensitivity,logreg_coef_across_C,50,8,0.33974984774176986,0.22266154934815846,0.3397498477417701,50.0,5
sensitivity,logreg_coef_across_C,50,9,0.3090094560374393,0.19450836088663218,0.3090094560374395,50.0,5
sensitivity,logreg_coef_across_C,50,10,0.31970176619546736,0.20486052200517255,0.3197017661954676,50.0,5
sensitivity,logreg_coef_across_C,50,11,0.35846139051831893,0.2336824688005918,0.35846139051831905,50.0,5
sensitivity,logreg_coef_across_C,50,12,0.3250479212744814,0.20920360106114363,0.32504792127448157,50.0,5
sensitivity,logreg_coef_across_C,50,13,0.2969806071096578,0.18914736230598753,0.296980607109658,50.0,5
sensitivity,logreg_coef_across_C,50,14,0.29163445203064386,0.17927993663058941,0.291634452030644,50.0,5
sensitivity,logreg_coef_across_C,50,15,0.34108638651152334,0.2294654444047282,0.34108638651152356,50.0,5
sensitivity,logreg_coef_across_C,50,16,0.3183652274257138,0.19604195774517338,0.318365227425714,50.0,5
sensitivity,logreg_coef_across_C,50,17,0.35044215789979793,0.22769314504504146,0.35044215789979805,50.0,5
sensitivity,logreg_coef_across_C,50,18,0.2662402154053273,0.16943753808321113,0.26624021540532744,50.0,5
sensitivity,logreg_coef_across_C,50,19,0.3063363784979324,0.1942544014103746,0.30633637849793255,50.0,5
