gene,mean_selection_frequency,n_pipelines_ge50,n_models_ge50,n_explainers_ge50,median_rank,best_rank,mean_rank,frac_signed_positive,ttest_frequency,freq:logreg|coef,freq:logreg|shap,freq:logreg|perm,freq:svm|coef,freq:svm|shap,freq:svm|perm,freq:rf|shap,freq:rf|perm,freq:xgb|shap,freq:xgb|perm,freq:logreg_C0.1|coef,freq:logreg_C100|coef,freq:ttest|ttest,consensus,k
DKFZp779M0652,0.41,5,2,3,7.0,1.0,9.195121951219512,0.17391304347826086,0.0,0.75,0.8,0.45,0.75,0.65,0.7,0.0,0.0,0.0,0.0,0.9,0.75,0.0,True,25
LINC00310,0.41,3,2,2,6.0,1.0,9.268292682926829,0.125,0.0,1.0,0.4,0.35,1.0,0.35,0.9,0.0,0.0,0.05,0.05,1.0,1.0,0.0,False,25
FHL5,0.31,1,1,1,3.0,1.0,6.338709677419355,0.25,0.0,0.5,0.25,0.2,0.45,0.25,0.45,0.2,0.2,0.3,0.3,0.5,0.35,0.0,False,25
NAALAD2,0.31,3,2,2,9.0,1.0,10.774193548387096,0.0,0.0,0.8,0.0,0.3,1.0,0.0,1.0,0.0,0.0,0.0,0.0,0.95,0.9,0.0,False,25
CDR1,0.3,3,2,2,7.0,1.0,9.883333333333333,0.08823529411764706,0.0,0.75,0.25,0.2,0.65,0.25,0.6,0.0,0.0,0.15,0.15,0.75,0.6,0.0,False,25
NIPSNAP3B,0.28500000000000003,3,2,2,12.0,2.0,12.0,0.0,0.0,1.0,0.0,0.1,0.75,0.0,1.0,0.0,0.0,0.0,0.0,1.0,0.6,0.0,False,25
DMGDH,0.25999999999999995,2,1,2,8.0,1.0,9.884615384615385,0.05660377358490566,0.0,0.25,0.0,0.1,1.0,0.05,1.0,0.05,0.05,0.05,0.05,0.25,1.0,0.0,False,25
FLVCR1,0.25,4,2,2,3.0,1.0,6.12,1.0,0.0,0.0,0.0,0.0,0.0,0.0,0.0,0.5,0.5,0.75,0.75,0.0,0.0,0.0,False,25
CREB5,0.24500000000000002,3,2,2,14.0,2.0,13.693877551020408,0.05084745762711865,0.0,0.55,0.1,0.15,0.75,0.15,0.75,0.0,0.0,0.0,0.0,0.7,0.7,0.0,False,25
LYVE1,0.24000000000000005,3,2,2,15.0,4.0,15.145833333333334,0.0,0.0,0.8,0.0,0.25,0.65,0.0,0.7,0.0,0.0,0.0,0.0,0.85,0.55,0.0,False,25
ARRDC1,0.23500000000000001,2,1,2,3.0,1.0,6.25531914893617,1.0,0.15,0.0,0.0,0.0,0.0,0.0,0.0,0.35,0.3,0.85,0.85,0.0,0.0,0.15,False,25
NLGN1,0.22999999999999998,1,1,1,11.0,1.0,11.826086956521738,0.17647058823529413,0.0,0.35,0.3,0.15,0.45,0.45,0.5,0.05,0.05,0.0,0.0,0.5,0.45,0.0,False,25
CNKSR2,0.215,3,1,3,16.0,2.0,14.55813953488372,0.15,0.0,0.15,0.05,0.1,0.6,0.5,0.55,0.0,0.0,0.1,0.1,0.15,0.45,0.0,False,25
MMP28,0.20999999999999996,1,1,1,10.0,1.0,11.5,0.42857142857142855,0.0,0.05,0.45,0.0,0.15,0.7,0.25,0.2,0.2,0.05,0.05,0.05,0.1,0.0,False,25
LOC102723493,0.20500000000000002,3,2,2,16.0,1.0,14.878048780487806,0.0425531914893617,0.0,0.55,0.05,0.15,0.55,0.1,0.65,0.0,0.0,0.0,0.0,0.7,0.4,0.0,False,25
RGS17,0.19000000000000003,1,1,1,13.5,1.0,12.289473684210526,0.0425531914893617,0.0,0.65,0.2,0.2,0.4,0.05,0.4,0.0,0.0,0.0,0.0,0.85,0.2,0.0,False,25
EPB42,0.19,2,1,2,16.0,8.0,16.44736842105263,0.023255813953488372,0.0,0.2,0.0,0.15,0.85,0.0,0.65,0.05,0.0,0.0,0.0,0.25,0.8,0.0,False,25
CEP112,0.185,2,2,1,12.0,4.0,12.783783783783784,0.275,0.0,0.1,0.5,0.0,0.1,0.55,0.4,0.0,0.0,0.1,0.1,0.5,0.15,0.0,False,25
C6,0.18000000000000002,1,1,1,13.5,3.0,14.666666666666666,0.125,0.0,0.5,0.25,0.2,0.2,0.1,0.25,0.05,0.05,0.1,0.1,0.55,0.25,0.0,False,25
ABCD2,0.17500000000000002,2,1,2,9.0,1.0,8.485714285714286,0.5714285714285714,0.0,0.0,0.0,0.0,0.25,0.0,0.3,0.05,0.05,0.55,0.55,0.0,0.2,0.0,False,25
TSLP,0.17,1,1,1,16.5,5.0,15.764705882352942,0.07407407407407407,0.0,0.1,0.0,0.05,0.45,0.2,0.9,0.0,0.0,0.0,0.0,0.15,0.45,0.0,False,25
HHIP,0.16999999999999998,1,1,1,10.5,1.0,10.941176470588236,0.38461538461538464,0.0,0.0,0.0,0.0,0.4,0.3,0.55,0.1,0.05,0.15,0.15,0.0,0.35,0.0,False,25
STX11,0.16,1,1,1,10.5,1.0,11.84375,0.0967741935483871,0.0,0.25,0.1,0.1,0.25,0.25,0.65,0.0,0.0,0.0,0.0,0.45,0.25,0.0,False,25
TMEM246,0.15000000000000002,1,1,1,14.5,2.0,14.366666666666667,0.08333333333333333,0.0,0.25,0.15,0.05,0.45,0.05,0.5,0.05,0.0,0.0,0.0,0.45,0.4,0.0,False,25
SLC7A10,0.15,1,1,1,11.5,5.0,12.2,0.0,0.0,0.6,0.0,0.15,0.35,0.0,0.4,0.0,0.0,0.0,0.0,0.85,0.3,0.0,False,25
CANT1,0.13999999999999999,0,0,0,6.0,1.0,7.892857142857143,1.0,0.1,0.0,0.0,0.0,0.0,0.0,0.0,0.3,0.3,0.4,0.4,0.0,0.0,0.1,False,25
DCAF12L2,0.13999999999999999,2,2,2,6.0,1.0,8.035714285714286,1.0,0.0,0.25,0.0,0.5,0.65,0.0,0.0,0.0,0.0,0.0,0.0,0.0,0.7,0.0,False,25
SLC35A2,0.13999999999999999,0,0,0,7.0,1.0,8.535714285714286,1.0,0.5,0.0,0.0,0.0,0.0,0.0,0.0,0.45,0.45,0.25,0.25,0.0,0.0,0.5,False,25
ADAMTS8,0.135,1,1,1,4.0,1.0,6.703703703703703,0.8857142857142857,0.0,0.0,0.05,0.3,0.45,0.55,0.0,0.0,0.0,0.0,0.0,0.0,0.7,0.0,False,25
ANKRD19P,0.135,0,0,0,10.0,1.0,10.11111111111111,0.15384615384615385,0.0,0.1,0.1,0.0,0.35,0.35,0.3,0.05,0.0,0.05,0.05,0.0,0.3,0.0,False,25
NPR1,0.13499999999999998,0,0,0,13.0,1.0,12.777777777777779,0.6,0.05,0.0,0.35,0.0,0.0,0.25,0.05,0.2,0.2,0.15,0.15,0.0,0.0,0.05,False,25
APOB,0.12500000000000003,1,1,1,12.0,4.0,12.64,0.04,0.0,0.2,0.0,0.05,0.4,0.0,0.55,0.05,0.0,0.0,0.0,0.2,0.4,0.0,False,25
HDGF,0.125,0,0,0,5.0,2.0,9.92,1.0,0.0,0.0,0.0,0.0,0.0,0.0,0.0,0.35,0.4,0.25,0.25,0.0,0.0,0.0,False,25
CORO2B,0.125,1,1,1,8.0,1.0,11.2,0.0,0.0,0.2,0.0,0.05,0.4,0.1,0.5,0.0,0.0,0.0,0.0,0.15,0.4,0.0,False,25
C8orf34,0.12000000000000002,1,1,1,19.5,11.0,18.666666666666668,0.0,0.0,0.15,0.0,0.05,0.35,0.1,0.55,0.0,0.0,0.0,0.0,0.3,0.15,0.0,False,25
DNMT1,0.11500000000000002,0,0,0,9.0,1.0,9.521739130434783,1.0,0.0,0.0,0.0,0.0,0.0,0.0,0.0,0.3,0.25,0.3,0.3,0.0,0.0,0.0,False,25
CNNM4,0.11499999999999999,0,0,0,7.0,3.0,9.130434782608695,1.0,0.1,0.0,0.0,0.0,0.0,0.0,0.0,0.25,0.4,0.25,0.25,0.0,0.0,0.1,False,25
FTCDNL1,0.11499999999999999,1,1,1,9.0,1.0,11.869565217391305,0.12,0.0,0.5,0.4,0.25,0.0,0.0,0.0,0.0,0.0,0.0,0.0,0.35,0.0,0.0,False,25
ST6GALNAC3,0.11499999999999999,0,0,0,19.0,3.0,16.52173913043478,0.08,0.0,0.15,0.1,0.05,0.3,0.2,0.35,0.0,0.0,0.0,0.0,0.25,0.25,0.0,False,25
PRG4,0.11000000000000001,1,1,1,7.0,1.0,9.454545454545455,0.11764705882352941,0.0,0.6,0.25,0.25,0.0,0.0,0.0,0.0,0.0,0.0,0.0,0.75,0.1,0.0,False,25
CBX4,0.10500000000000001,0,0,0,7.0,1.0,8.047619047619047,0.8823529411764706,0.25,0.0,0.0,0.0,0.0,0.15,0.0,0.15,0.15,0.3,0.3,0.0,0.0,0.25,False,25
ACSM5,0.10500000000000001,0,0,0,9.0,1.0,9.238095238095237,0.6666666666666666,0.0,0.05,0.1,0.0,0.0,0.05,0.05,0.1,0.1,0.3,0.3,0.0,0.0,0.0,False,25
ADH1A,0.1,0,0,0,13.0,6.0,13.7,0.5555555555555556,0.0,0.0,0.3,0.0,0.05,0.35,0.05,0.1,0.05,0.05,0.05,0.0,0.05,0.0,False,25
CPEB1,0.095,1,1,1,8.0,1.0,10.947368421052632,0.30434782608695654,0.0,0.0,0.05,0.0,0.25,0.65,0.0,0.0,0.0,0.0,0.0,0.0,0.2,0.0,False,25
RAE1,0.095,0,0,0,12.0,1.0,11.0,1.0,0.0,0.0,0.0,0.0,0.0,0.0,0.0,0.3,0.25,0.2,0.2,0.0,0.0,0.0,False,25
U2AF2,0.095,1,1,1,8.0,2.0,11.736842105263158,1.0,0.15,0.0,0.0,0.0,0.0,0.0,0.0,0.45,0.5,0.0,0.0,0.0,0.0,0.15,False,25
ANXA2P3,0.095,1,1,1,17.0,1.0,12.631578947368421,0.3125,0.0,0.05,0.5,0.15,0.0,0.25,0.0,0.0,0.0,0.0,0.0,0.0,0.0,0.0,False,25
CHPF2,0.09,0,0,0,12.5,3.0,13.444444444444445,1.0,0.0,0.0,0.05,0.0,0.0,0.0,0.0,0.2,0.15,0.25,0.25,0.0,0.0,0.0,False,25
LOC100653086,0.085,0,0,0,4.0,1.0,9.705882352941176,0.05555555555555555,0.0,0.25,0.0,0.0,0.25,0.0,0.25,0.05,0.05,0.0,0.0,0.1,0.25,0.0,False,25
STIL,0.085,0,0,0,12.0,5.0,13.470588235294118,1.0,0.0,0.0,0.0,0.0,0.0,0.0,0.0,0.4,0.45,0.0,0.0,0.0,0.0,0.0,False,25
LOC101927420,0.08499999999999999,0,0,0,12.0,1.0,12.411764705882353,0.29411764705882354,0.0,0.1,0.15,0.1,0.1,0.35,0.0,0.0,0.0,0.0,0.05,0.0,0.15,0.0,False,25
CCDC178,0.08000000000000003,0,0,0,19.0,3.0,16.4375,0.5714285714285714,0.0,0.05,0.2,0.0,0.0,0.3,0.05,0.05,0.05,0.05,0.05,0.05,0.0,0.0,False,25
CLSTN1,0.08,0,0,0,8.0,3.0,7.75,1.0,0.0,0.0,0.0,0.0,0.0,0.0,0.0,0.2,0.2,0.2,0.2,0.0,0.0,0.0,False,25
CELSR1,0.08,0,0,0,7.0,2.0,8.4375,1.0,0.0,0.0,0.0,0.0,0.0,0.0,0.0,0.15,0.15,0.25,0.25,0.0,0.0,0.0,False,25
CCDC85C,0.08,0,0,0,8.0,2.0,8.75,1.0,0.0,0.0,0.0,0.0,0.0,0.0,0.0,0.2,0.3,0.15,0.15,0.0,0.0,0.0,False,25
ZNRF2P1,0.08,0,0,0,9.5,2.0,9.625,0.9565217391304348,0.0,0.0,0.0,0.3,0.45,0.05,0.0,0.0,0.0,0.0,0.0,0.0,0.65,0.0,False,25
MOCS1,0.08,0,0,0,12.5,1.0,12.0625,0.4,0.0,0.05,0.45,0.05,0.0,0.25,0.0,0.0,0.0,0.0,0.0,0.0,0.0,0.0,False,25
CCDC141,0.08,0,0,0,13.5,4.0,13.375,0.05263157894736842,0.0,0.35,0.2,0.1,0.05,0.0,0.1,0.0,0.0,0.0,0.0,0.3,0.05,0.0,False,25
IFNLR1,0.08,0,0,0,15.5,5.0,13.625,0.6,0.0,0.0,0.1,0.3,0.0,0.4,0.0,0.0,0.0,0.0,0.0,0.0,0.0,0.0,False,25
AP1G2,0.07999999999999999,0,0,0,8.0,1.0,10.3125,1.0,0.0,0.0,0.0,0.0,0.0,0.0,0.0,0.05,0.05,0.35,0.35,0.0,0.0,0.0,False,25
DSP,0.07999999999999999,0,0,0,12.5,3.0,13.75,0.75,0.05,0.0,0.0,0.0,0.05,0.2,0.1,0.15,0.1,0.1,0.1,0.0,0.05,0.05,False,25
ADGRL4,0.075,0,0,0,6.0,2.0,8.6,1.0,0.0,0.0,0.0,0.0,0.0,0.0,0.0,0.1,0.15,0.25,0.25,0.0,0.0,0.0,False,25
FRMD1,0.075,1,1,1,9.0,2.0,10.0,0.0,0.0,0.6,0.0,0.1,0.0,0.0,0.05,0.0,0.0,0.0,0.0,0.75,0.0,0.0,False,25
CACNB3,0.075,0,0,0,16.0,3.0,14.4,1.0,0.0,0.0,0.0,0.0,0.0,0.0,0.0,0.15,0.2,0.2,0.2,0.0,0.0,0.0,False,25
ST6GALNAC6,0.075,1,1,1,15.0,7.0,15.2,0.6428571428571429,0.0,0.0,0.1,0.0,0.0,0.6,0.05,0.0,0.0,0.0,0.0,0.0,0.0,0.0,False,25
ADRA1A,0.075,0,0,0,14.0,7.0,15.533333333333333,0.0,0.0,0.1,0.0,0.0,0.25,0.0,0.4,0.0,0.0,0.0,0.0,0.0,0.25,0.0,False,25
CIDEA,0.07000000000000002,0,0,0,15.5,10.0,15.642857142857142,0.06666666666666667,0.0,0.2,0.0,0.0,0.0,0.0,0.35,0.0,0.05,0.05,0.05,0.5,0.0,0.0,False,25
KIAA1107,0.07,1,1,1,5.5,1.0,6.642857142857143,0.6153846153846154,0.0,0.0,0.5,0.05,0.0,0.15,0.0,0.0,0.0,0.0,0.0,0.0,0.0,0.0,False,25
LOC284825,0.07,0,0,0,9.0,2.0,10.428571428571429,0.0625,0.0,0.1,0.0,0.0,0.25,0.0,0.25,0.0,0.05,0.05,0.0,0.15,0.25,0.0,False,25
TET3,0.06999999999999999,0,0,0,6.5,2.0,8.642857142857142,1.0,0.7,0.0,0.0,0.0,0.0,0.0,0.0,0.35,0.35,0.0,0.0,0.0,0.0,0.7,False,25
C22orf39,0.06999999999999999,0,0,0,10.5,1.0,10.428571428571429,0.6666666666666666,0.0,0.05,0.1,0.0,0.0,0.05,0.0,0.05,0.05,0.2,0.2,0.0,0.0,0.0,False,25
ATP2A2,0.06999999999999999,0,0,0,10.5,1.0,11.285714285714286,1.0,0.0,0.0,0.0,0.0,0.0,0.0,0.0,0.15,0.1,0.25,0.2,0.0,0.0,0.0,False,25
KCNA2,0.06500000000000002,0,0,0,15.0,2.0,14.615384615384615,0.45454545454545453,0.0,0.05,0.15,0.0,0.1,0.15,0.15,0.0,0.05,0.0,0.0,0.0,0.1,0.0,False,25
PAFAH1B3,0.065,0,0,0,9.0,3.0,10.76923076923077,0.9,0.15,0.0,0.05,0.0,0.0,0.0,0.0,0.2,0.2,0.1,0.1,0.0,0.0,0.15,False,25
MYO5B,0.065,0,0,0,12.0,1.0,12.076923076923077,1.0,0.2,0.0,0.1,0.0,0.05,0.2,0.0,0.15,0.15,0.0,0.0,0.0,0.05,0.2,False,25
ADAM22,0.065,0,0,0,14.0,3.0,13.153846153846153,0.0,0.0,0.1,0.0,0.05,0.35,0.0,0.15,0.0,0.0,0.0,0.0,0.15,0.35,0.0,False,25
MLXIPL,0.065,0,0,0,16.0,6.0,15.846153846153847,0.0,0.0,0.1,0.0,0.05,0.15,0.0,0.35,0.0,0.0,0.0,0.0,0.1,0.1,0.0,False,25
TELO2,0.065,0,0,0,18.0,5.0,17.23076923076923,1.0,0.2,0.0,0.0,0.0,0.0,0.0,0.0,0.1,0.05,0.25,0.25,0.0,0.0,0.2,False,25
ADGRD1,0.065,0,0,0,19.0,6.0,18.76923076923077,0.047619047619047616,0.0,0.4,0.1,0.1,0.0,0.0,0.05,0.0,0.0,0.0,0.0,0.55,0.0,0.0,False,25
PALM,0.06499999999999999,0,0,0,16.0,4.0,15.461538461538462,0.4,0.0,0.05,0.15,0.15,0.0,0.3,0.0,0.0,0.0,0.0,0.0,0.0,0.0,0.0,False,25
RTKN,0.06000000000000001,0,0,0,8.0,1.0,8.75,1.0,0.1,0.0,0.0,0.0,0.0,0.0,0.0,0.25,0.25,0.05,0.05,0.0,0.0,0.1,False,25
CDC7,0.06000000000000001,0,0,0,11.0,3.0,9.583333333333334,1.0,0.1,0.0,0.0,0.0,0.0,0.0,0.0,0.1,0.1,0.2,0.2,0.0,0.0,0.1,False,25
LINC01088,0.06000000000000001,1,1,1,14.0,1.0,11.166666666666666,0.0,0.0,0.55,0.0,0.05,0.0,0.0,0.0,0.0,0.0,0.0,0.0,0.5,0.0,0.0,False,25
ENTPD7,0.06000000000000001,0,0,0,11.5,1.0,12.25,0.5,0.0,0.05,0.05,0.05,0.05,0.3,0.0,0.05,0.05,0.0,0.0,0.0,0.0,0.0,False,25
SCN9A,0.06000000000000001,0,0,0,13.0,4.0,12.833333333333334,0.0,0.0,0.2,0.0,0.1,0.15,0.0,0.15,0.0,0.0,0.0,0.0,0.2,0.1,0.0,False,25
LHCGR,0.06000000000000001,0,0,0,20.5,6.0,18.583333333333332,0.0,0.0,0.15,0.0,0.0,0.25,0.0,0.2,0.0,0.0,0.0,0.0,0.05,0.25,0.0,False,25
TLDC1,0.06,0,0,0,2.5,1.0,4.0,1.0,0.05,0.0,0.0,0.0,0.0,0.0,0.0,0.2,0.2,0.1,0.1,0.0,0.0,0.05,False,25
DNMT3A,0.06,0,0,0,7.0,2.0,9.083333333333334,1.0,0.0,0.0,0.0,0.0,0.0,0.0,0.0,0.05,0.05,0.25,0.25,0.0,0.0,0.0,False,25
ADAR,0.06,0,0,0,8.5,6.0,9.583333333333334,1.0,0.0,0.0,0.0,0.0,0.0,0.0,0.0,0.05,0.05,0.25,0.25,0.0,0.0,0.0,False,25
ANLN,0.06,0,0,0,6.5,4.0,10.333333333333334,1.0,0.0,0.0,0.0,0.0,0.0,0.0,0.0,0.0,0.0,0.3,0.3,0.0,0.0,0.0,False,25
BAIAP2L1,0.06,0,0,0,9.5,7.0,11.0,1.0,0.05,0.0,0.0,0.0,0.0,0.0,0.0,0.05,0.05,0.25,0.25,0.0,0.0,0.05,False,25
ATP13A4-AS1,0.06,0,0,0,10.0,1.0,11.166666666666666,0.11764705882352941,0.0,0.25,0.2,0.15,0.0,0.0,0.0,0.0,0.0,0.0,0.0,0.4,0.0,0.0,False,25
HSPB6,0.06,0,0,0,14.5,1.0,13.083333333333334,0.3076923076923077,0.0,0.1,0.15,0.0,0.05,0.15,0.05,0.05,0.05,0.0,0.0,0.1,0.05,0.0,False,25
CNTFR-AS1,0.06,0,0,0,14.0,6.0,13.916666666666666,0.7142857142857143,0.0,0.0,0.05,0.0,0.0,0.15,0.1,0.05,0.05,0.1,0.1,0.0,0.0,0.0,False,25
FLJ27354,0.05500000000000001,0,0,0,6.0,2.0,8.0,0.0,0.0,0.4,0.0,0.15,0.0,0.0,0.0,0.0,0.0,0.0,0.0,0.55,0.0,0.0,False,25
ALPI,0.05500000000000001,0,0,0,9.0,1.0,9.0,0.8421052631578947,0.0,0.05,0.0,0.1,0.2,0.2,0.0,0.0,0.0,0.0,0.0,0.0,0.5,0.0,False,25
LOC100288798,0.05500000000000001,0,0,0,9.0,4.0,9.454545454545455,0.1,0.0,0.0,0.0,0.0,0.25,0.0,0.25,0.05,0.0,0.0,0.0,0.0,0.2,0.0,False,25
CTTNBP2,0.05500000000000001,0,0,0,12.0,2.0,12.363636363636363,0.4,0.0,0.1,0.25,0.05,0.0,0.1,0.0,0.0,0.05,0.0,0.0,0.0,0.05,0.0,False,25
WDR34,0.05500000000000001,0,0,0,14.0,2.0,12.363636363636363,0.8,0.0,0.0,0.05,0.0,0.0,0.0,0.0,0.2,0.3,0.0,0.0,0.0,0.0,0.0,False,25
DMRT3,0.05500000000000001,0,0,0,11.0,5.0,12.909090909090908,0.0,0.0,0.1,0.05,0.05,0.15,0.0,0.2,0.0,0.0,0.0,0.0,0.1,0.15,0.0,False,25
LRRC15,0.05500000000000001,0,0,0,12.0,10.0,13.0,0.9090909090909091,0.25,0.0,0.1,0.0,0.0,0.0,0.0,0.05,0.1,0.15,0.15,0.0,0.0,0.25,False,25
TDRKH,0.05500000000000001,0,0,0,14.0,3.0,13.0,1.0,0.0,0.0,0.0,0.0,0.0,0.0,0.0,0.05,0.0,0.25,0.25,0.0,0.0,0.0,False,25
NKAPL,0.05500000000000001,0,0,0,18.0,3.0,15.727272727272727,0.3333333333333333,0.0,0.0,0.0,0.0,0.15,0.25,0.1,0.05,0.0,0.0,0.0,0.0,0.15,0.0,False,25
CKAP4,0.05500000000000001,0,0,0,16.0,5.0,16.0,0.8333333333333334,0.0,0.0,0.05,0.0,0.0,0.0,0.0,0.05,0.05,0.2,0.2,0.0,0.0,0.0,False,25
MYOC,0.05500000000000001,0,0,0,19.0,13.0,18.454545454545453,0.0,0.0,0.0,0.0,0.0,0.3,0.0,0.25,0.0,0.0,0.0,0.0,0.0,0.25,0.0,False,25
LOC101928751,0.05499999999999999,0,0,0,6.0,1.0,8.636363636363637,0.21739130434782608,0.0,0.35,0.0,0.1,0.1,0.0,0.0,0.0,0.0,0.0,0.0,0.6,0.1,0.0,False,25
MMP11,0.05499999999999999,0,0,0,6.0,1.0,10.272727272727273,1.0,0.15,0.0,0.0,0.0,0.0,0.0,0.0,0.15,0.2,0.1,0.1,0.0,0.0,0.15,False,25
ALDH1L1-AS2,0.05499999999999999,0,0,0,13.0,3.0,10.727272727272727,0.3,0.0,0.0,0.0,0.0,0.05,0.35,0.05,0.0,0.0,0.05,0.05,0.0,0.05,0.0,False,25
LRFN5,0.05499999999999999,0,0,0,11.0,1.0,11.181818181818182,0.6,0.0,0.1,0.25,0.05,0.0,0.15,0.0,0.0,0.0,0.0,0.0,0.0,0.0,0.0,False,25
SLC44A1,0.05499999999999999,0,0,0,17.0,5.0,14.272727272727273,0.625,0.0,0.0,0.05,0.05,0.0,0.25,0.0,0.1,0.1,0.0,0.0,0.0,0.0,0.0,False,25
IGSF10,0.05499999999999999,0,0,0,14.0,7.0,14.363636363636363,0.3333333333333333,0.0,0.0,0.05,0.0,0.05,0.25,0.1,0.0,0.0,0.05,0.05,0.0,0.05,0.0,False,25
SPP1,0.05,0,0,0,3.0,1.0,5.3,0.5555555555555556,0.0,0.0,0.05,0.05,0.0,0.4,0.0,0.0,0.0,0.0,0.0,0.0,0.0,0.0,False,25
RCC2,0.05,0,0,0,6.5,1.0,8.0,1.0,0.0,0.0,0.0,0.0,0.0,0.0,0.0,0.2,0.2,0.05,0.05,0.0,0.0,0.0,False,25
PNMA2,0.05,0,0,0,8.0,3.0,8.3,0.8333333333333334,0.0,0.05,0.05,0.25,0.05,0.1,0.0,0.0,0.0,0.0,0.0,0.0,0.05,0.0,False,25
ABCA9,0.05,0,0,0,10.0,2.0,9.4,1.0,0.0,0.0,0.05,0.0,0.0,0.05,0.0,0.0,0.0,0.2,0.2,0.0,0.0,0.0,False,25
TAPBP,0.05,0,0,0,8.5,3.0,9.7,1.0,0.0,0.0,0.0,0.0,0.0,0.0,0.0,0.25,0.25,0.0,0.0,0.0,0.0,0.0,False,25
EPS8L2,0.05,0,0,0,11.5,3.0,12.2,1.0,0.0,0.0,0.0,0.0,0.0,0.0,0.0,0.1,0.1,0.15,0.15,0.0,0.0,0.0,False,25
CCNF,0.05,0,0,0,15.5,5.0,12.7,1.0,0.0,0.0,0.0,0.0,0.0,0.0,0.0,0.0,0.0,0.25,0.25,0.0,0.0,0.0,False,25
UNC13C,0.05,0,0,0,11.5,7.0,12.7,0.0,0.0,0.0,0.0,0.0,0.25,0.0,0.25,0.0,0.0,0.0,0.0,0.0,0.15,0.0,False,25
CLEC4GP1,0.05,0,0,0,11.5,2.0,12.8,0.0,0.0,0.35,0.05,0.1,0.0,0.0,0.0,0.0,0.0,0.0,0.0,0.55,0.0,0.0,False,25
CHMP4C,0.05,0,0,0,11.5,3.0,13.0,1.0,0.0,0.0,0.0,0.0,0.0,0.1,0.0,0.1,0.1,0.1,0.1,0.0,0.0,0.0,False,25
LOC100132735,0.05,0,0,0,13.0,4.0,13.6,0.1,0.0,0.1,0.05,0.1,0.05,0.0,0.1,0.05,0.05,0.0,0.0,0.25,0.0,0.0,False,25
LIMK2,0.05,0,0,0,14.5,2.0,13.7,1.0,0.1,0.0,0.0,0.0,0.0,0.0,0.0,0.15,0.15,0.1,0.1,0.0,0.0,0.1,False,25
SDC1,0.05,0,0,0,19.0,1.0,14.2,0.7272727272727273,0.2,0.0,0.15,0.0,0.0,0.05,0.0,0.15,0.15,0.0,0.0,0.0,0.0,0.2,False,25
STK35,0.05,0,0,0,20.0,2.0,14.7,1.0,0.0,0.0,0.0,0.0,0.0,0.0,0.0,0.2,0.2,0.05,0.05,0.0,0.0,0.0,False,25
ACSM3,0.05,1,1,1,15.5,8.0,15.1,0.0,0.0,0.5,0.0,0.0,0.0,0.0,0.0,0.0,0.0,0.0,0.0,0.5,0.0,0.0,False,25
MID1,0.05,0,0,0,16.0,7.0,16.0,1.0,0.0,0.0,0.0,0.0,0.0,0.0,0.0,0.15,0.15,0.1,0.1,0.0,0.0,0.0,False,25
LVRN,0.05,0,0,0,17.0,10.0,16.9,0.09090909090909091,0.0,0.1,0.0,0.0,0.1,0.0,0.2,0.05,0.05,0.0,0.0,0.2,0.1,0.0,False,25
FREM1,0.05,0,0,0,18.0,10.0,17.0,0.5714285714285714,0.0,0.05,0.05,0.05,0.05,0.05,0.05,0.0,0.0,0.1,0.1,0.0,0.05,0.0,False,25
ATOH8,0.05,0,0,0,20.0,9.0,18.0,0.7142857142857143,0.0,0.0,0.25,0.0,0.0,0.05,0.05,0.05,0.1,0.0,0.0,0.0,0.0,0.0,False,25
THSD7B,0.05,0,0,0,19.5,6.0,18.4,0.4444444444444444,0.0,0.0,0.05,0.0,0.0,0.4,0.05,0.0,0.0,0.0,0.0,0.0,0.0,0.0,False,25
EZH2,0.045000000000000005,0,0,0,12.0,4.0,10.222222222222221,0.9,0.25,0.0,0.05,0.0,0.0,0.0,0.0,0.05,0.05,0.15,0.15,0.0,0.0,0.25,False,25
TBCD,0.045,0,0,0,10.0,4.0,9.555555555555555,1.0,0.0,0.0,0.0,0.0,0.0,0.0,0.0,0.2,0.25,0.0,0.0,0.0,0.0,0.0,False,25
ADCY6,0.045,0,0,0,10.0,2.0,10.555555555555555,0.7777777777777778,0.0,0.0,0.0,0.0,0.0,0.45,0.0,0.0,0.0,0.0,0.0,0.0,0.0,0.0,False,25
NIPSNAP1,0.045,0,0,0,16.0,3.0,12.222222222222221,1.0,0.0,0.0,0.0,0.0,0.0,0.0,0.0,0.15,0.2,0.05,0.05,0.0,0.0,0.0,False,25
RGS7BP,0.045,0,0,0,10.0,5.0,12.555555555555555,0.0,0.0,0.05,0.0,0.0,0.2,0.0,0.2,0.0,0.0,0.0,0.0,0.1,0.2,0.0,False,25
STK11IP,0.045,0,0,0,14.0,3.0,12.555555555555555,0.4444444444444444,0.0,0.0,0.4,0.0,0.0,0.05,0.0,0.0,0.0,0.0,0.0,0.0,0.0,0.0,False,25
LOC100506476,0.045,0,0,0,13.0,6.0,14.11111111111111,0.375,0.0,0.0,0.05,0.05,0.0,0.35,0.0,0.0,0.0,0.0,0.0,0.0,0.0,0.0,False,25
CCNE2,0.04,0,0,0,5.5,1.0,6.375,1.0,0.05,0.0,0.0,0.0,0.0,0.0,0.0,0.1,0.1,0.1,0.1,0.0,0.0,0.05,False,25
AGRN,0.04,0,0,0,6.5,3.0,7.25,1.0,0.1,0.0,0.0,0.0,0.0,0.0,0.0,0.0,0.0,0.2,0.2,0.0,0.0,0.1,False,25
LINC00471,0.04,0,0,0,8.0,6.0,9.875,1.0,0.0,0.05,0.0,0.25,0.1,0.0,0.0,0.0,0.0,0.0,0.0,0.0,0.3,0.0,False,25
PTBP1,0.04,0,0,0,11.0,5.0,10.5,1.0,0.2,0.0,0.0,0.0,0.0,0.0,0.0,0.2,0.2,0.0,0.0,0.0,0.0,0.2,False,25
ARF1,0.04,0,0,0,11.5,2.0,11.0,1.0,0.05,0.0,0.0,0.0,0.0,0.0,0.0,0.1,0.1,0.1,0.1,0.0,0.0,0.05,False,25
FAM134A,0.04,0,0,0,6.5,5.0,11.125,1.0,0.0,0.0,0.0,0.0,0.0,0.0,0.0,0.05,0.15,0.1,0.1,0.0,0.0,0.0,False,25
SLC52A2,0.04,0,0,0,10.0,3.0,11.25,1.0,0.0,0.0,0.0,0.0,0.0,0.0,0.0,0.2,0.2,0.0,0.0,0.0,0.0,0.0,False,25
VN1R3,0.04,0,0,0,9.0,2.0,11.5,1.0,0.0,0.05,0.0,0.2,0.15,0.0,0.0,0.0,0.0,0.0,0.0,0.0,0.4,0.0,False,25
MED14OS,0.04,0,0,0,10.5,4.0,13.0,0.42857142857142855,0.0,0.05,0.0,0.0,0.1,0.15,0.1,0.0,0.0,0.0,0.0,0.0,0.05,0.0,False,25
C15orf48,0.04,0,0,0,12.5,5.0,13.125,0.5714285714285714,0.0,0.0,0.1,0.0,0.0,0.2,0.0,0.0,0.0,0.05,0.05,0.0,0.0,0.0,False,25
DLG3,0.04,0,0,0,17.0,1.0,13.875,1.0,0.1,0.0,0.0,0.0,0.0,0.0,0.0,0.05,0.05,0.15,0.15,0.0,0.0,0.1,False,25
FAM83H,0.04,0,0,0,15.0,4.0,14.25,1.0,0.0,0.0,0.0,0.0,0.0,0.0,0.0,0.2,0.2,0.0,0.0,0.0,0.0,0.0,False,25
NAT9,0.04,0,0,0,13.0,8.0,14.375,1.0,0.15,0.0,0.0,0.0,0.0,0.0,0.0,0.05,0.05,0.15,0.15,0.0,0.0,0.15,False,25
TRIM11,0.04,0,0,0,16.5,9.0,16.75,1.0,0.6,0.0,0.0,0.0,0.0,0.0,0.0,0.2,0.2,0.0,0.0,0.0,0.0,0.6,False,25
GPBAR1,0.04,0,0,0,22.0,15.0,21.0,0.75,0.0,0.0,0.0,0.0,0.05,0.0,0.1,0.0,0.0,0.15,0.1,0.0,0.0,0.0,False,25
ANKRD10-IT1,0.039999999999999994,0,0,0,5.5,1.0,8.75,0.7142857142857143,0.0,0.0,0.0,0.05,0.0,0.35,0.0,0.0,0.0,0.0,0.0,0.0,0.0,0.0,False,25
SLC46A2,0.039999999999999994,0,0,0,7.5,2.0,9.125,1.0,0.0,0.0,0.0,0.35,0.05,0.0,0.0,0.0,0.0,0.0,0.0,0.0,0.15,0.0,False,25
IDH1-AS1,0.039999999999999994,0,0,0,7.5,2.0,10.75,0.25,0.0,0.1,0.25,0.05,0.0,0.0,0.0,0.0,0.0,0.0,0.0,0.05,0.0,0.0,False,25
FAM169B,0.039999999999999994,0,0,0,11.5,1.0,11.625,1.0,0.0,0.0,0.0,0.35,0.05,0.0,0.0,0.0,0.0,0.0,0.0,0.0,0.25,0.0,False,25
PRKCZ,0.039999999999999994,0,0,0,15.5,4.0,14.25,0.875,0.05,0.0,0.0,0.0,0.05,0.2,0.05,0.05,0.05,0.0,0.0,0.0,0.05,0.05,False,25
SETD1B,0.039999999999999994,0,0,0,16.5,10.0,16.5,1.0,0.1,0.0,0.0,0.0,0.0,0.0,0.0,0.15,0.15,0.05,0.05,0.0,0.0,0.1,False,25
SOX4,0.039999999999999994,0,0,0,19.5,12.0,18.875,0.8571428571428571,0.0,0.0,0.0,0.0,0.1,0.15,0.05,0.05,0.05,0.0,0.0,0.0,0.05,0.0,False,25
ZNF90,0.035,0,0,0,13.0,6.0,13.0,0.5,0.0,0.05,0.05,0.0,0.05,0.2,0.0,0.0,0.0,0.0,0.0,0.0,0.05,0.0,False,25
PDE8B,0.034999999999999996,0,0,0,4.0,2.0,7.571428571428571,0.2857142857142857,0.0,0.0,0.1,0.0,0.0,0.25,0.0,0.0,0.0,0.0,0.0,0.0,0.0,0.0,False,25
ATAD3A,0.034999999999999996,0,0,0,7.0,6.0,9.714285714285714,1.0,0.0,0.0,0.0,0.0,0.0,0.0,0.0,0.0,0.0,0.15,0.2,0.0,0.0,0.0,False,25
HPD,0.034999999999999996,0,0,0,9.0,2.0,10.285714285714286,0.0,0.0,0.25,0.0,0.1,0.0,0.0,0.0,0.0,0.0,0.0,0.0,0.2,0.0,0.0,False,25
NAT14,0.034999999999999996,0,0,0,6.0,3.0,10.285714285714286,1.0,0.05,0.0,0.0,0.0,0.0,0.0,0.0,0.2,0.15,0.0,0.0,0.0,0.0,0.05,False,25
PAQR4,0.034999999999999996,0,0,0,6.0,2.0,10.714285714285714,1.0,0.5,0.0,0.0,0.0,0.0,0.0,0.0,0.15,0.15,0.0,0.05,0.0,0.0,0.5,False,25
STAP2,0.034999999999999996,0,0,0,14.0,1.0,12.0,1.0,0.15,0.0,0.0,0.0,0.0,0.0,0.0,0.2,0.15,0.0,0.0,0.0,0.0,0.15,False,25
PIK3R2,0.034999999999999996,0,0,0,11.0,9.0,12.142857142857142,1.0,0.0,0.0,0.0,0.0,0.0,0.0,0.0,0.2,0.15,0.0,0.0,0.0,0.0,0.0,False,25
TREM2,0.034999999999999996,0,0,0,11.0,3.0,12.285714285714286,0.0,0.0,0.0,0.0,0.3,0.0,0.05,0.0,0.0,0.0,0.0,0.0,0.0,0.0,0.0,False,25
TRA2A,0.034999999999999996,0,0,0,12.0,3.0,12.428571428571429,0.6666666666666666,0.0,0.0,0.05,0.05,0.0,0.0,0.0,0.1,0.15,0.0,0.0,0.0,0.0,0.0,False,25
SGK494,0.034999999999999996,0,0,0,15.0,5.0,13.142857142857142,1.0,0.05,0.0,0.0,0.0,0.0,0.0,0.0,0.1,0.05,0.1,0.1,0.0,0.0,0.05,False,25
CTNNA3,0.034999999999999996,0,0,0,12.0,6.0,13.428571428571429,0.0,0.0,0.0,0.0,0.05,0.15,0.0,0.15,0.0,0.0,0.0,0.0,0.0,0.15,0.0,False,25
PDE2A,0.034999999999999996,0,0,0,15.0,3.0,13.714285714285714,0.625,0.0,0.0,0.35,0.0,0.0,0.0,0.0,0.0,0.0,0.0,0.0,0.05,0.0,0.0,False,25
ESRP1,0.034999999999999996,0,0,0,15.0,11.0,14.714285714285714,1.0,0.05,0.0,0.0,0.0,0.0,0.0,0.1,0.15,0.1,0.0,0.0,0.0,0.0,0.05,False,25
LRRC1,0.034999999999999996,0,0,0,13.0,6.0,15.142857142857142,1.0,0.0,0.0,0.0,0.0,0.0,0.0,0.0,0.15,0.2,0.0,0.0,0.0,0.0,0.0,False,25
CYB561,0.034999999999999996,0,0,0,15.0,12.0,15.285714285714286,1.0,0.0,0.0,0.0,0.0,0.0,0.0,0.0,0.05,0.1,0.1,0.1,0.0,0.0,0.0,False,25
SUCLG1,0.034999999999999996,0,0,0,15.0,8.0,15.571428571428571,0.8,0.0,0.0,0.15,0.1,0.0,0.1,0.0,0.0,0.0,0.0,0.0,0.0,0.0,0.0,False,25
KLF15,0.034999999999999996,0,0,0,15.0,10.0,15.857142857142858,0.7142857142857143,0.0,0.0,0.25,0.0,0.0,0.1,0.0,0.0,0.0,0.0,0.0,0.0,0.0,0.0,False,25
ODF3L1,0.034999999999999996,0,0,0,18.0,9.0,17.142857142857142,0.0,0.0,0.05,0.0,0.0,0.15,0.0,0.15,0.0,0.0,0.0,0.0,0.0,0.1,0.0,False,25
HSPB7,0.034999999999999996,0,0,0,17.0,12.0,17.714285714285715,0.0,0.0,0.0,0.0,0.0,0.2,0.0,0.15,0.0,0.0,0.0,0.0,0.0,0.2,0.0,False,25
LOC101927884,0.034999999999999996,0,0,0,21.0,15.0,19.285714285714285,0.0,0.0,0.0,0.0,0.0,0.15,0.0,0.2,0.0,0.0,0.0,0.0,0.0,0.15,0.0,False,25
COMP,0.034999999999999996,0,0,0,21.0,12.0,19.857142857142858,1.0,0.25,0.0,0.05,0.0,0.0,0.0,0.0,0.1,0.1,0.05,0.05,0.0,0.0,0.25,False,25
ADH5,0.030000000000000006,0,0,0,10.0,5.0,9.166666666666666,1.0,0.0,0.0,0.0,0.0,0.0,0.0,0.0,0.05,0.05,0.1,0.1,0.0,0.0,0.0,False,25
KIF26B,0.030000000000000006,0,0,0,8.5,5.0,9.5,0.5,0.0,0.0,0.2,0.0,0.0,0.1,0.0,0.0,0.0,0.0,0.0,0.0,0.0,0.0,False,25
FAM76A,0.030000000000000006,0,0,0,9.5,8.0,10.0,0.75,0.05,0.0,0.0,0.0,0.0,0.0,0.0,0.05,0.05,0.1,0.1,0.0,0.0,0.05,False,25
A2M-AS1,0.030000000000000006,0,0,0,10.5,5.0,10.333333333333334,1.0,0.0,0.0,0.0,0.0,0.0,0.1,0.0,0.0,0.0,0.1,0.1,0.0,0.0,0.0,False,25
LINC00667,0.030000000000000006,0,0,0,10.5,1.0,10.333333333333334,0.3333333333333333,0.0,0.05,0.1,0.0,0.0,0.15,0.0,0.0,0.0,0.0,0.0,0.0,0.0,0.0,False,25
APH1A,0.030000000000000006,0,0,0,8.0,2.0,11.166666666666666,1.0,0.0,0.0,0.0,0.0,0.0,0.0,0.0,0.05,0.05,0.1,0.1,0.0,0.0,0.0,False,25
MCM2,0.030000000000000006,0,0,0,11.5,5.0,11.333333333333334,1.0,0.25,0.0,0.0,0.0,0.0,0.0,0.0,0.05,0.05,0.1,0.1,0.0,0.0,0.25,False,25
CHD4,0.030000000000000006,0,0,0,15.0,4.0,13.666666666666666,1.0,0.0,0.0,0.05,0.0,0.0,0.05,0.0,0.0,0.0,0.1,0.1,0.0,0.0,0.0,False,25
HSPA12A,0.030000000000000006,0,0,0,16.5,7.0,14.333333333333334,0.16666666666666666,0.0,0.05,0.1,0.0,0.0,0.15,0.0,0.0,0.0,0.0,0.0,0.0,0.0,0.0,False,25
SLC38A1,0.030000000000000006,0,0,0,16.0,10.0,15.666666666666666,0.2,0.0,0.0,0.05,0.05,0.0,0.2,0.0,0.0,0.0,0.0,0.0,0.0,0.0,0.0,False,25
DIS3L,0.030000000000000006,0,0,0,19.0,1.0,16.166666666666668,0.2,0.0,0.0,0.1,0.05,0.0,0.15,0.0,0.0,0.0,0.0,0.0,0.0,0.0,0.0,False,25
DMRT2,0.030000000000000006,0,0,0,17.0,7.0,16.166666666666668,0.0,0.0,0.1,0.0,0.05,0.05,0.0,0.1,0.0,0.0,0.0,0.0,0.1,0.05,0.0,False,25
TMF1,0.030000000000000006,0,0,0,18.5,9.0,18.0,1.0,0.0,0.0,0.0,0.0,0.0,0.0,0.0,0.05,0.05,0.1,0.1,0.0,0.0,0.0,False,25
GLYAT,0.030000000000000006,0,0,0,21.5,19.0,21.666666666666668,0.0,0.0,0.0,0.0,0.0,0.1,0.0,0.2,0.0,0.0,0.0,0.0,0.05,0.0,0.0,False,25
DPY19L2P3,0.03,0,0,0,1.5,1.0,5.333333333333333,1.0,0.0,0.0,0.0,0.15,0.15,0.0,0.0,0.0,0.0,0.0,0.0,0.0,0.15,0.0,False,25
EFNA1,0.03,0,0,0,3.5,2.0,7.333333333333333,1.0,0.0,0.0,0.0,0.0,0.0,0.0,0.0,0.1,0.1,0.05,0.05,0.0,0.0,0.0,False,25
C3orf52,0.03,0,0,0,8.0,2.0,7.5,1.0,0.4,0.0,0.0,0.0,0.0,0.0,0.0,0.1,0.1,0.05,0.05,0.0,0.0,0.4,False,25
CD24,0.03,0,0,0,9.5,4.0,11.166666666666666,0.5,0.0,0.0,0.05,0.0,0.0,0.25,0.0,0.0,0.0,0.0,0.0,0.0,0.0,0.0,False,25
BCL2L1,0.03,0,0,0,12.0,7.0,11.5,1.0,0.0,0.0,0.0,0.0,0.0,0.0,0.0,0.1,0.1,0.05,0.05,0.0,0.0,0.0,False,25
PDP2,0.03,0,0,0,11.0,9.0,13.0,0.5,0.0,0.0,0.15,0.0,0.0,0.15,0.0,0.0,0.0,0.0,0.0,0.0,0.0,0.0,False,25
B3GALNT1,0.03,0,0,0,16.5,4.0,13.666666666666666,1.0,0.0,0.0,0.0,0.0,0.0,0.0,0.0,0.1,0.1,0.05,0.05,0.0,0.0,0.0,False,25
MICAL2,0.03,0,0,0,14.0,6.0,13.666666666666666,1.0,0.0,0.0,0.0,0.0,0.0,0.0,0.0,0.1,0.1,0.05,0.05,0.0,0.0,0.0,False,25
LRP1B,0.03,0,0,0,13.5,5.0,14.0,0.8333333333333334,0.0,0.0,0.05,0.0,0.0,0.25,0.0,0.0,0.0,0.0,0.0,0.0,0.0,0.0,False,25
UBQLN4,0.03,0,0,0,14.5,6.0,14.0,1.0,0.0,0.0,0.0,0.0,0.0,0.0,0.0,0.1,0.1,0.05,0.05,0.0,0.0,0.0,False,25
CD276,0.03,0,0,0,19.0,4.0,15.166666666666666,1.0,0.05,0.0,0.0,0.0,0.0,0.0,0.0,0.1,0.1,0.05,0.05,0.0,0.0,0.05,False,25
TRIM59,0.03,0,0,0,16.5,5.0,15.333333333333334,1.0,0.05,0.0,0.0,0.0,0.0,0.0,0.0,0.15,0.15,0.0,0.0,0.0,0.0,0.05,False,25
TRHDE,0.03,0,0,0,14.0,10.0,15.833333333333334,0.0,0.0,0.15,0.0,0.05,0.05,0.0,0.05,0.0,0.0,0.0,0.0,0.15,0.05,0.0,False,25
ADAMTS9-AS1,0.03,0,0,0,19.0,5.0,16.0,0.0,0.0,0.25,0.0,0.05,0.0,0.0,0.0,0.0,0.0,0.0,0.0,0.25,0.0,0.0,False,25
INHBA,0.03,0,0,0,16.5,3.0,16.0,0.6,0.0,0.0,0.15,0.0,0.0,0.05,0.0,0.05,0.05,0.0,0.0,0.0,0.0,0.0,False,25
HIGD1B,0.03,0,0,0,17.0,12.0,16.833333333333332,0.25,0.0,0.0,0.05,0.05,0.0,0.1,0.0,0.0,0.0,0.05,0.05,0.0,0.0,0.0,False,25
GTF3C4,0.03,0,0,0,21.5,5.0,17.0,1.0,0.0,0.0,0.0,0.0,0.0,0.0,0.0,0.1,0.1,0.05,0.05,0.0,0.0,0.0,False,25
RNPS1,0.03,0,0,0,20.0,11.0,18.333333333333332,1.0,0.0,0.0,0.0,0.0,0.0,0.0,0.0,0.05,0.15,0.05,0.05,0.0,0.0,0.0,False,25
FAM185A,0.03,0,0,0,22.5,21.0,22.666666666666668,1.0,0.0,0.0,0.0,0.0,0.0,0.0,0.0,0.0,0.0,0.15,0.15,0.0,0.0,0.0,False,25
LOC101927870,0.025,0,0,0,5.0,4.0,7.4,1.0,0.0,0.0,0.0,0.25,0.0,0.0,0.0,0.0,0.0,0.0,0.0,0.0,0.05,0.0,False,25
NTS,0.025,0,0,0,7.0,3.0,8.2,0.0,0.0,0.2,0.0,0.05,0.0,0.0,0.0,0.0,0.0,0.0,0.0,0.1,0.0,0.0,False,25
NNMT,0.025,0,0,0,11.0,4.0,9.0,0.8,0.0,0.0,0.25,0.0,0.0,0.0,0.0,0.0,0.0,0.0,0.0,0.0,0.0,0.0,False,25
FCN2,0.025,0,0,0,5.0,5.0,9.2,0.5,0.0,0.05,0.15,0.05,0.0,0.0,0.0,0.0,0.0,0.0,0.0,0.0,0.0,0.0,False,25
GRP,0.025,0,0,0,9.0,6.0,10.0,0.8,0.0,0.0,0.1,0.0,0.0,0.15,0.0,0.0,0.0,0.0,0.0,0.0,0.0,0.0,False,25
SLC12A7,0.025,0,0,0,9.0,3.0,10.0,1.0,0.0,0.0,0.0,0.0,0.0,0.0,0.0,0.1,0.15,0.0,0.0,0.0,0.0,0.0,False,25
ST14,0.025,0,0,0,8.0,1.0,10.2,0.75,0.0,0.0,0.0,0.0,0.0,0.15,0.0,0.05,0.05,0.0,0.0,0.0,0.0,0.0,False,25
GTDC1,0.025,0,0,0,9.0,4.0,10.4,0.6666666666666666,0.0,0.0,0.05,0.0,0.0,0.0,0.0,0.1,0.1,0.0,0.0,0.0,0.0,0.0,False,25
ADAMTSL3,0.025,0,0,0,12.0,3.0,10.8,0.0,0.0,0.1,0.05,0.1,0.0,0.0,0.0,0.0,0.0,0.0,0.0,0.05,0.0,0.0,False,25
OPN5,0.025,0,0,0,10.0,3.0,11.0,0.4,0.0,0.1,0.1,0.05,0.0,0.0,0.0,0.0,0.0,0.0,0.0,0.05,0.0,0.0,False,25
LIPJ,0.025,0,0,0,11.0,1.0,11.4,0.6,0.0,0.0,0.25,0.0,0.0,0.0,0.0,0.0,0.0,0.0,0.0,0.0,0.0,0.0,False,25
C7orf57,0.025,0,0,0,12.0,6.0,11.6,0.25,0.0,0.05,0.0,0.0,0.05,0.0,0.05,0.0,0.0,0.05,0.05,0.0,0.05,0.0,False,25
HMG20B,0.025,0,0,0,12.0,6.0,12.0,1.0,0.0,0.0,0.0,0.0,0.0,0.0,0.0,0.1,0.05,0.05,0.05,0.0,0.0,0.0,False,25
SEPT8,0.025,0,0,0,13.0,5.0,12.2,1.0,0.0,0.0,0.05,0.0,0.0,0.0,0.0,0.05,0.05,0.05,0.05,0.0,0.0,0.0,False,25
SIGLEC16,0.025,0,0,0,11.0,3.0,12.8,1.0,0.0,0.0,0.0,0.25,0.0,0.0,0.0,0.0,0.0,0.0,0.0,0.0,0.05,0.0,False,25
LRRC2,0.025,0,0,0,15.0,3.0,13.2,0.0,0.0,0.1,0.0,0.05,0.05,0.0,0.05,0.0,0.0,0.0,0.0,0.05,0.15,0.0,False,25
TMEM97,0.025,0,0,0,9.0,8.0,13.2,1.0,0.0,0.0,0.0,0.0,0.0,0.0,0.0,0.1,0.15,0.0,0.0,0.0,0.0,0.0,False,25
DACT2,0.025,0,0,0,16.0,6.0,14.2,0.0,0.0,0.1,0.0,0.15,0.0,0.0,0.0,0.0,0.0,0.0,0.0,0.1,0.0,0.0,False,25
PARK2,0.025,0,0,0,13.0,8.0,14.2,0.0,0.0,0.15,0.0,0.1,0.0,0.0,0.0,0.0,0.0,0.0,0.0,0.15,0.0,0.0,False,25
PKM,0.025,0,0,0,10.0,8.0,14.2,1.0,0.0,0.0,0.0,0.0,0.0,0.0,0.0,0.15,0.1,0.0,0.0,0.0,0.0,0.0,False,25
ZNF512B,0.025,0,0,0,14.0,12.0,14.6,1.0,0.0,0.0,0.0,0.0,0.0,0.0,0.0,0.05,0.1,0.05,0.05,0.0,0.0,0.0,False,25
FGF2,0.025,0,0,0,14.0,9.0,15.2,0.4,0.0,0.0,0.2,0.0,0.0,0.05,0.0,0.0,0.0,0.0,0.0,0.0,0.0,0.0,False,25
KIAA0319L,0.025,0,0,0,15.0,13.0,16.0,1.0,0.25,0.0,0.0,0.0,0.0,0.0,0.0,0.05,0.0,0.1,0.1,0.0,0.0,0.25,False,25
GTF3C2,0.025,0,0,0,16.0,14.0,16.4,1.0,0.0,0.0,0.0,0.0,0.0,0.0,0.0,0.05,0.0,0.1,0.1,0.0,0.0,0.0,False,25
GRAMD1A,0.025,0,0,0,16.0,15.0,16.6,1.0,0.0,0.0,0.0,0.0,0.0,0.0,0.0,0.1,0.05,0.05,0.05,0.0,0.0,0.0,False,25
SLC6A6,0.025,0,0,0,17.0,9.0,16.8,0.6666666666666666,0.0,0.0,0.05,0.1,0.0,0.1,0.0,0.0,0.0,0.0,0.0,0.0,0.0,0.0,False,25
CPS1,0.025,0,0,0,21.0,2.0,17.2,0.5,0.0,0.0,0.1,0.0,0.0,0.05,0.0,0.0,0.0,0.05,0.05,0.0,0.0,0.0,False,25
WNT2B,0.025,0,0,0,17.0,12.0,17.6,0.2,0.0,0.0,0.0,0.0,0.1,0.05,0.1,0.0,0.0,0.0,0.0,0.0,0.1,0.0,False,25
SPINT2,0.025,0,0,0,22.0,11.0,18.0,0.75,0.05,0.0,0.05,0.0,0.0,0.0,0.0,0.1,0.1,0.0,0.0,0.0,0.0,0.05,False,25
SEC14L2,0.025,0,0,0,21.0,7.0,18.2,0.75,0.0,0.0,0.0,0.05,0.0,0.2,0.0,0.0,0.0,0.0,0.0,0.0,0.0,0.0,False,25
UNC5B,0.025,0,0,0,21.0,9.0,19.4,1.0,0.0,0.0,0.05,0.0,0.0,0.0,0.0,0.0,0.0,0.1,0.1,0.0,0.0,0.0,False,25
ZBTB42,0.025,0,0,0,21.0,18.0,21.0,1.0,0.25,0.0,0.0,0.0,0.0,0.0,0.0,0.15,0.1,0.0,0.0,0.0,0.0,0.25,False,25
GDF10,0.025,0,0,0,22.0,18.0,21.8,0.0,0.0,0.05,0.0,0.0,0.2,0.0,0.0,0.0,0.0,0.0,0.0,0.0,0.15,0.0,False,25
POLR2H,0.02,0,0,0,2.5,2.0,2.5,1.0,0.0,0.0,0.0,0.0,0.0,0.0,0.0,0.1,0.1,0.0,0.0,0.0,0.0,0.0,False,25
OR9A1P,0.02,0,0,0,5.0,4.0,6.25,1.0,0.0,0.0,0.0,0.1,0.1,0.0,0.0,0.0,0.0,0.0,0.0,0.0,0.1,0.0,False,25
VPS37B,0.02,0,0,0,6.5,5.0,6.75,1.0,0.0,0.0,0.0,0.0,0.0,0.0,0.0,0.1,0.1,0.0,0.0,0.0,0.0,0.0,False,25
MARCKSL1,0.02,0,0,0,7.0,6.0,7.5,1.0,0.0,0.0,0.0,0.0,0.0,0.0,0.0,0.05,0.05,0.05,0.05,0.0,0.0,0.0,False,25
GLA,0.02,0,0,0,7.5,2.0,7.75,0.5,0.0,0.05,0.05,0.1,0.0,0.0,0.0,0.0,0.0,0.0,0.0,0.0,0.0,0.0,False,25
KRT8,0.02,0,0,0,7.0,1.0,8.0,1.0,0.2,0.0,0.0,0.0,0.0,0.0,0.0,0.1,0.1,0.0,0.0,0.0,0.0,0.2,False,25
AP1M2,0.02,0,0,0,8.0,6.0,8.25,1.0,0.6,0.0,0.0,0.0,0.0,0.0,0.0,0.0,0.0,0.1,0.1,0.0,0.0,0.6,False,25
SIGLEC9,0.02,0,0,0,9.0,5.0,8.5,1.0,0.0,0.0,0.0,0.2,0.0,0.0,0.0,0.0,0.0,0.0,0.0,0.0,0.05,0.0,False,25
ABCC10,0.02,0,0,0,9.5,9.0,9.5,1.0,0.0,0.0,0.0,0.0,0.0,0.0,0.0,0.0,0.0,0.1,0.1,0.0,0.0,0.0,False,25
F12,0.02,0,0,0,6.5,5.0,9.5,1.0,0.3,0.0,0.0,0.0,0.0,0.0,0.0,0.1,0.1,0.0,0.0,0.0,0.0,0.3,False,25
TOMM34,0.02,0,0,0,9.0,5.0,9.5,1.0,0.1,0.0,0.0,0.0,0.0,0.0,0.0,0.1,0.1,0.0,0.0,0.0,0.0,0.1,False,25
DDR2,0.02,0,0,0,10.0,8.0,9.75,1.0,0.0,0.0,0.0,0.0,0.0,0.0,0.0,0.05,0.05,0.05,0.05,0.0,0.0,0.0,False,25
CTHRC1,0.02,0,0,0,10.5,5.0,10.0,0.5,0.0,0.0,0.1,0.0,0.0,0.1,0.0,0.0,0.0,0.0,0.0,0.0,0.0,0.0,False,25
ABI3BP,0.02,0,0,0,10.0,9.0,10.25,1.0,0.0,0.0,0.0,0.0,0.0,0.0,0.0,0.0,0.0,0.1,0.1,0.0,0.0,0.0,False,25
CRYBB1,0.02,0,0,0,12.0,2.0,10.25,1.0,0.0,0.0,0.0,0.2,0.0,0.0,0.0,0.0,0.0,0.0,0.0,0.0,0.05,0.0,False,25
DENND2A,0.02,0,0,0,11.5,3.0,10.25,0.25,0.0,0.05,0.1,0.0,0.0,0.05,0.0,0.0,0.0,0.0,0.0,0.0,0.0,0.0,False,25
CATSPER1,0.02,0,0,0,9.0,4.0,10.5,1.0,0.0,0.0,0.0,0.2,0.0,0.0,0.0,0.0,0.0,0.0,0.0,0.0,0.05,0.0,False,25
WDR90,0.02,0,0,0,10.0,7.0,10.5,1.0,0.25,0.0,0.0,0.0,0.0,0.0,0.0,0.1,0.1,0.0,0.0,0.0,0.0,0.25,False,25
DIRC3,0.02,0,0,0,9.0,6.0,10.75,0.14285714285714285,0.0,0.15,0.05,0.0,0.0,0.0,0.0,0.0,0.0,0.0,0.0,0.15,0.0,0.0,False,25
GTF3C1,0.02,0,0,0,12.0,7.0,11.25,1.0,0.0,0.0,0.0,0.0,0.0,0.0,0.0,0.05,0.05,0.05,0.05,0.0,0.0,0.0,False,25
ZMYND19,0.02,0,0,0,8.5,5.0,11.25,1.0,0.1,0.0,0.0,0.0,0.0,0.0,0.0,0.1,0.1,0.0,0.0,0.0,0.0,0.1,False,25
ZNF764,0.02,0,0,0,11.5,3.0,11.25,1.0,0.0,0.0,0.0,0.0,0.0,0.0,0.0,0.05,0.05,0.05,0.05,0.0,0.0,0.0,False,25
FAM83D,0.02,0,0,0,9.5,4.0,11.75,1.0,0.0,0.0,0.0,0.0,0.0,0.0,0.0,0.1,0.1,0.0,0.0,0.0,0.0,0.0,False,25
UCP3,0.02,0,0,0,9.5,7.0,11.75,0.5,0.0,0.0,0.2,0.0,0.0,0.0,0.0,0.0,0.0,0.0,0.0,0.0,0.0,0.0,False,25
CHERP,0.02,0,0,0,12.0,8.0,12.0,1.0,0.0,0.0,0.0,0.0,0.0,0.0,0.0,0.0,0.0,0.1,0.1,0.0,0.0,0.0,False,25
KIAA0930,0.02,0,0,0,12.0,3.0,12.0,1.0,0.0,0.0,0.0,0.0,0.0,0.0,0.0,0.0,0.0,0.1,0.1,0.0,0.0,0.0,False,25
ZSCAN2,0.02,0,0,0,13.5,7.0,12.0,1.0,0.0,0.0,0.15,0.0,0.0,0.0,0.0,0.0,0.05,0.0,0.0,0.0,0.0,0.0,False,25
BANK1,0.02,0,0,0,9.5,6.0,12.25,0.5,0.0,0.0,0.1,0.0,0.0,0.1,0.0,0.0,0.0,0.0,0.0,0.0,0.0,0.0,False,25
CDC20,0.02,0,0,0,13.0,8.0,12.25,1.0,0.2,0.0,0.0,0.0,0.0,0.0,0.0,0.0,0.0,0.1,0.1,0.0,0.0,0.2,False,25
FN1,0.02,0,0,0,12.5,7.0,12.25,1.0,0.0,0.0,0.0,0.0,0.0,0.0,0.0,0.05,0.05,0.05,0.05,0.0,0.0,0.0,False,25
CWC22,0.02,0,0,0,12.5,3.0,12.5,0.6666666666666666,0.05,0.0,0.0,0.0,0.0,0.0,0.0,0.05,0.05,0.05,0.05,0.0,0.0,0.05,False,25
GALE,0.02,0,0,0,12.0,5.0,12.75,1.0,0.1,0.0,0.0,0.0,0.0,0.0,0.0,0.05,0.05,0.05,0.05,0.0,0.0,0.1,False,25
SLC25A25,0.02,0,0,0,12.5,4.0,12.75,0.6666666666666666,0.0,0.0,0.1,0.05,0.0,0.05,0.0,0.0,0.0,0.0,0.0,0.0,0.0,0.0,False,25
SNTA1,0.02,0,0,0,9.5,8.0,13.0,0.5,0.0,0.0,0.1,0.1,0.0,0.0,0.0,0.0,0.0,0.0,0.0,0.0,0.0,0.0,False,25
TEF,0.02,0,0,0,11.5,6.0,13.0,0.25,0.0,0.0,0.05,0.0,0.0,0.15,0.0,0.0,0.0,0.0,0.0,0.0,0.0,0.0,False,25
ABCA8,0.02,0,0,0,13.5,12.0,13.5,1.0,0.0,0.0,0.0,0.0,0.0,0.0,0.0,0.0,0.0,0.1,0.1,0.0,0.0,0.0,False,25
AJUBA,0.02,0,0,0,13.0,12.0,13.5,1.0,0.0,0.0,0.0,0.0,0.0,0.0,0.0,0.0,0.0,0.1,0.1,0.0,0.0,0.0,False,25
LOC101928433,0.02,0,0,0,11.0,10.0,13.5,0.3333333333333333,0.0,0.0,0.05,0.05,0.0,0.1,0.0,0.0,0.0,0.0,0.0,0.0,0.0,0.0,False,25
CLGN,0.02,0,0,0,15.5,6.0,13.75,0.5,0.0,0.0,0.0,0.0,0.0,0.2,0.0,0.0,0.0,0.0,0.0,0.0,0.0,0.0,False,25
LYRM1,0.02,0,0,0,14.0,9.0,14.0,0.3333333333333333,0.0,0.0,0.0,0.05,0.0,0.15,0.0,0.0,0.0,0.0,0.0,0.0,0.0,0.0,False,25
SYCN,0.02,0,0,0,14.0,11.0,14.0,0.0,0.0,0.0,0.0,0.0,0.1,0.0,0.1,0.0,0.0,0.0,0.0,0.0,0.05,0.0,False,25
AHCY,0.02,0,0,0,14.5,13.0,14.25,1.0,0.0,0.0,0.0,0.0,0.0,0.0,0.0,0.0,0.0,0.1,0.1,0.0,0.0,0.0,False,25
HAS1,0.02,0,0,0,14.5,8.0,14.25,0.0,0.0,0.15,0.0,0.05,0.0,0.0,0.0,0.0,0.0,0.0,0.0,0.2,0.0,0.0,False,25
EID2B,0.02,0,0,0,16.0,3.0,14.5,0.75,0.0,0.0,0.2,0.0,0.0,0.0,0.0,0.0,0.0,0.0,0.0,0.0,0.0,0.0,False,25
HPGD,0.02,0,0,0,14.5,9.0,14.75,0.4,0.0,0.05,0.15,0.0,0.0,0.0,0.0,0.0,0.0,0.0,0.0,0.05,0.0,0.0,False,25
CCNA2,0.02,0,0,0,15.0,11.0,15.0,1.0,0.0,0.0,0.0,0.0,0.0,0.0,0.0,0.0,0.0,0.1,0.1,0.0,0.0,0.0,False,25
IPO4,0.02,0,0,0,16.5,5.0,15.0,1.0,0.1,0.0,0.0,0.0,0.0,0.0,0.0,0.1,0.1,0.0,0.0,0.0,0.0,0.1,False,25
SPHK1,0.02,0,0,0,15.5,11.0,15.0,1.0,0.0,0.0,0.0,0.0,0.0,0.0,0.0,0.05,0.05,0.05,0.05,0.0,0.0,0.0,False,25
HN1L,0.02,0,0,0,14.5,10.0,15.25,1.0,1.0,0.0,0.0,0.0,0.0,0.0,0.0,0.1,0.1,0.0,0.0,0.0,0.0,1.0,False,25
LOC101929034,0.02,0,0,0,16.0,9.0,15.25,0.0,0.0,0.0,0.0,0.0,0.1,0.0,0.1,0.0,0.0,0.0,0.0,0.0,0.1,0.0,False,25
APEX2,0.02,0,0,0,15.5,10.0,15.5,1.0,0.0,0.0,0.0,0.0,0.0,0.0,0.0,0.05,0.05,0.05,0.05,0.0,0.0,0.0,False,25
RAB25,0.02,0,0,0,14.5,8.0,15.5,1.0,0.25,0.0,0.0,0.0,0.0,0.0,0.0,0.1,0.1,0.0,0.0,0.0,0.0,0.25,False,25
DDX31,0.02,0,0,0,16.0,7.0,15.75,0.6666666666666666,0.0,0.0,0.0,0.0,0.0,0.1,0.0,0.0,0.0,0.05,0.05,0.0,0.0,0.0,False,25
SCRIB,0.02,0,0,0,15.5,12.0,16.0,1.0,0.0,0.0,0.0,0.0,0.0,0.0,0.0,0.1,0.1,0.0,0.0,0.0,0.0,0.0,False,25
PRPF19,0.02,0,0,0,16.0,13.0,16.25,1.0,0.15,0.0,0.0,0.0,0.0,0.0,0.0,0.1,0.1,0.0,0.0,0.0,0.0,0.15,False,25
RUNX2,0.02,0,0,0,16.0,15.0,16.25,1.0,0.0,0.0,0.1,0.0,0.0,0.0,0.0,0.0,0.0,0.05,0.05,0.0,0.0,0.0,False,25
HCN2,0.02,0,0,0,16.5,14.0,16.5,1.0,0.0,0.0,0.0,0.15,0.0,0.05,0.0,0.0,0.0,0.0,0.0,0.0,0.0,0.0,False,25
TMEM132C,0.02,0,0,0,18.0,10.0,17.0,1.0,0.0,0.0,0.1,0.0,0.0,0.0,0.0,0.05,0.05,0.0,0.0,0.0,0.0,0.0,False,25
LOC101927650,0.02,0,0,0,20.5,5.0,17.25,,0.0,0.0,0.0,0.2,0.0,0.0,0.0,0.0,0.0,0.0,0.0,0.0,0.0,0.0,False,25
HUWE1,0.02,0,0,0,18.0,17.0,17.75,1.0,0.0,0.0,0.0,0.0,0.0,0.0,0.0,0.0,0.0,0.1,0.1,0.0,0.0,0.0,False,25
LOC100506142,0.02,0,0,0,18.5,10.0,18.0,0.0,0.0,0.0,0.0,0.0,0.1,0.0,0.1,0.0,0.0,0.0,0.0,0.0,0.1,0.0,False,25
FAM228A,0.02,0,0,0,18.5,12.0,18.5,0.0,0.0,0.0,0.0,0.05,0.05,0.0,0.1,0.0,0.0,0.0,0.0,0.0,0.05,0.0,False,25
PIP4K2C,0.02,0,0,0,18.5,17.0,18.5,1.0,0.0,0.0,0.0,0.0,0.0,0.0,0.0,0.1,0.1,0.0,0.0,0.0,0.0,0.0,False,25
SAC3D1,0.02,0,0,0,17.5,16.0,18.5,1.0,0.0,0.0,0.0,0.0,0.0,0.0,0.0,0.1,0.1,0.0,0.0,0.0,0.0,0.0,False,25
ACTN4,0.02,0,0,0,18.5,16.0,18.75,1.0,0.0,0.0,0.0,0.0,0.0,0.0,0.0,0.0,0.0,0.1,0.1,0.0,0.0,0.0,False,25
PFKFB1,0.02,0,0,0,18.5,15.0,19.0,0.0,0.0,0.05,0.0,0.0,0.05,0.05,0.05,0.0,0.0,0.0,0.0,0.0,0.05,0.0,False,25
CSNK1G2,0.02,0,0,0,20.5,16.0,19.75,1.0,0.05,0.0,0.0,0.0,0.0,0.0,0.0,0.05,0.05,0.05,0.05,0.0,0.0,0.05,False,25
PQLC2L,0.02,0,0,0,20.5,14.0,20.0,,0.0,0.0,0.0,0.1,0.0,0.0,0.1,0.0,0.0,0.0,0.0,0.0,0.0,0.0,False,25
RAB15,0.02,0,0,0,20.5,14.0,20.0,1.0,0.0,0.0,0.05,0.0,0.0,0.0,0.0,0.05,0.1,0.0,0.0,0.0,0.0,0.0,False,25
SDC4,0.02,0,0,0,20.5,15.0,20.0,1.0,0.0,0.0,0.0,0.0,0.0,0.0,0.0,0.1,0.1,0.0,0.0,0.0,0.0,0.0,False,25
SNAP47,0.02,0,0,0,20.5,17.0,20.0,1.0,0.0,0.0,0.0,0.0,0.0,0.0,0.0,0.0,0.0,0.1,0.1,0.0,0.0,0.0,False,25
SOX9,0.02,0,0,0,21.5,13.0,20.0,1.0,0.0,0.0,0.0,0.0,0.0,0.0,0.0,0.05,0.05,0.05,0.05,0.0,0.0,0.0,False,25
ZNF682,0.02,0,0,0,20.0,18.0,20.25,1.0,0.0,0.0,0.0,0.0,0.0,0.0,0.0,0.0,0.0,0.1,0.1,0.0,0.0,0.0,False,25
MYO16,0.02,0,0,0,22.5,18.0,22.0,0.0,0.0,0.0,0.0,0.0,0.1,0.0,0.1,0.0,0.0,0.0,0.0,0.0,0.1,0.0,False,25
LINC00968,0.02,0,0,0,22.5,20.0,22.5,0.0,0.0,0.1,0.0,0.0,0.05,0.0,0.05,0.0,0.0,0.0,0.0,0.0,0.05,0.0,False,25
MORC2,0.02,0,0,0,23.0,21.0,23.0,1.0,0.05,0.0,0.0,0.0,0.0,0.0,0.0,0.05,0.15,0.0,0.0,0.0,0.0,0.05,False,25
RANBP17,0.02,0,0,0,24.0,21.0,23.5,1.0,0.0,0.0,0.0,0.0,0.0,0.0,0.0,0.0,0.0,0.1,0.1,0.0,0.0,0.0,False,25
PTGFR,0.015000000000000003,0,0,0,3.0,2.0,4.333333333333333,0.0,0.0,0.0,0.0,0.0,0.05,0.05,0.05,0.0,0.0,0.0,0.0,0.0,0.05,0.0,False,25
PKNOX2,0.015000000000000003,0,0,0,4.0,4.0,5.666666666666667,0.3333333333333333,0.0,0.0,0.0,0.0,0.05,0.05,0.05,0.0,0.0,0.0,0.0,0.0,0.05,0.0,False,25
MDS2,0.015000000000000003,0,0,0,3.0,3.0,6.0,0.0,0.0,0.0,0.0,0.0,0.05,0.05,0.05,0.0,0.0,0.0,0.0,0.05,0.05,0.0,False,25
NRG1-IT1,0.015000000000000003,0,0,0,4.0,2.0,6.0,1.0,0.0,0.05,0.0,0.05,0.05,0.0,0.0,0.0,0.0,0.0,0.0,0.0,0.1,0.0,False,25
C11orf80,0.015000000000000003,0,0,0,5.0,4.0,7.333333333333333,1.0,0.05,0.0,0.0,0.05,0.0,0.0,0.0,0.05,0.05,0.0,0.0,0.0,0.0,0.05,False,25
MYO1C,0.015000000000000003,0,0,0,7.0,4.0,7.333333333333333,1.0,0.0,0.0,0.05,0.1,0.0,0.0,0.0,0.0,0.0,0.0,0.0,0.0,0.0,0.0,False,25
SFN,0.015000000000000003,0,0,0,8.0,7.0,8.333333333333334,0.6666666666666666,0.05,0.0,0.0,0.0,0.0,0.05,0.0,0.05,0.05,0.0,0.0,0.0,0.0,0.05,False,25
PLA2G7,0.015000000000000003,0,0,0,2.0,2.0,8.666666666666666,0.0,0.0,0.0,0.0,0.1,0.0,0.05,0.0,0.0,0.0,0.0,0.0,0.0,0.0,0.0,False,25
ODF2,0.015000000000000003,0,0,0,6.0,6.0,9.0,1.0,0.05,0.0,0.0,0.0,0.0,0.0,0.0,0.05,0.1,0.0,0.0,0.0,0.0,0.05,False,25
TRIM14,0.015000000000000003,0,0,0,9.0,7.0,9.0,0.3333333333333333,0.0,0.0,0.05,0.0,0.0,0.1,0.0,0.0,0.0,0.0,0.0,0.0,0.0,0.0,False,25
ALCAM,0.015000000000000003,0,0,0,7.0,2.0,9.333333333333334,0.5,0.0,0.0,0.0,0.05,0.0,0.1,0.0,0.0,0.0,0.0,0.0,0.0,0.0,0.0,False,25
PGAP2,0.015000000000000003,0,0,0,2.0,1.0,9.333333333333334,1.0,0.0,0.0,0.0,0.0,0.0,0.0,0.0,0.1,0.05,0.0,0.0,0.0,0.0,0.0,False,25
PHACTR4,0.015000000000000003,0,0,0,9.0,2.0,9.333333333333334,0.3333333333333333,0.0,0.0,0.1,0.0,0.0,0.05,0.0,0.0,0.0,0.0,0.0,0.0,0.0,0.0,False,25
ZNF541,0.015000000000000003,0,0,0,5.0,1.0,9.666666666666666,0.5,0.0,0.0,0.0,0.0,0.05,0.1,0.0,0.0,0.0,0.0,0.0,0.0,0.05,0.0,False,25
LSR,0.015000000000000003,0,0,0,10.0,5.0,10.0,1.0,0.0,0.0,0.0,0.0,0.0,0.0,0.0,0.1,0.05,0.0,0.0,0.0,0.0,0.0,False,25
KDM5B,0.015000000000000003,0,0,0,7.0,2.0,10.333333333333334,1.0,0.0,0.0,0.0,0.0,0.0,0.0,0.0,0.05,0.1,0.0,0.0,0.0,0.0,0.0,False,25
CLDN3,0.015000000000000003,0,0,0,5.0,4.0,10.666666666666666,1.0,0.0,0.0,0.0,0.0,0.0,0.0,0.0,0.1,0.05,0.0,0.0,0.0,0.0,0.0,False,25
BSPRY,0.015000000000000003,0,0,0,11.0,10.0,11.0,1.0,0.0,0.0,0.0,0.0,0.0,0.05,0.0,0.0,0.0,0.05,0.05,0.0,0.0,0.0,False,25
DIRAS3,0.015000000000000003,0,0,0,12.0,2.0,11.0,0.5,0.0,0.05,0.05,0.05,0.0,0.0,0.0,0.0,0.0,0.0,0.0,0.0,0.0,0.0,False,25
LINC00665,0.015000000000000003,0,0,0,11.0,11.0,11.333333333333334,1.0,0.0,0.0,0.0,0.0,0.0,0.0,0.0,0.05,0.0,0.05,0.05,0.0,0.0,0.0,False,25
GDPGP1,0.015000000000000003,0,0,0,17.0,2.0,12.333333333333334,1.0,0.0,0.05,0.05,0.05,0.0,0.0,0.0,0.0,0.0,0.0,0.0,0.0,0.0,0.0,False,25
HGC6.3,0.015000000000000003,0,0,0,13.0,2.0,12.333333333333334,0.25,0.0,0.05,0.0,0.0,0.05,0.05,0.0,0.0,0.0,0.0,0.0,0.0,0.05,0.0,False,25
WDFY3-AS2,0.015000000000000003,0,0,0,12.0,3.0,12.333333333333334,0.3333333333333333,0.0,0.0,0.1,0.0,0.0,0.05,0.0,0.0,0.0,0.0,0.0,0.0,0.0,0.0,False,25
MYH1,0.015000000000000003,0,0,0,10.0,7.0,12.666666666666666,0.0,0.0,0.05,0.0,0.0,0.05,0.0,0.05,0.0,0.0,0.0,0.0,0.05,0.0,0.0,False,25
LOC102723845,0.015000000000000003,0,0,0,15.0,8.0,13.333333333333334,0.0,0.0,0.1,0.0,0.05,0.0,0.0,0.0,0.0,0.0,0.0,0.0,0.1,0.0,0.0,False,25
IER3,0.015000000000000003,0,0,0,9.0,8.0,14.0,1.0,0.0,0.0,0.05,0.0,0.0,0.0,0.0,0.0,0.0,0.05,0.05,0.0,0.0,0.0,False,25
KIAA0319,0.015000000000000003,0,0,0,11.0,6.0,14.0,0.0,0.0,0.0,0.0,0.0,0.05,0.05,0.05,0.0,0.0,0.0,0.0,0.0,0.05,0.0,False,25
SUCO,0.015000000000000003,0,0,0,10.0,7.0,14.0,1.0,0.0,0.0,0.0,0.0,0.0,0.0,0.0,0.05,0.1,0.0,0.0,0.0,0.0,0.0,False,25
TNFSF11,0.015000000000000003,0,0,0,14.0,4.0,14.0,1.0,0.0,0.0,0.0,0.1,0.05,0.0,0.0,0.0,0.0,0.0,0.0,0.0,0.05,0.0,False,25
ABHD5,0.015000000000000003,0,0,0,15.0,12.0,14.333333333333334,1.0,0.0,0.0,0.0,0.05,0.0,0.0,0.0,0.0,0.0,0.05,0.05,0.0,0.0,0.0,False,25
TOP2A,0.015000000000000003,0,0,0,15.0,10.0,14.333333333333334,1.0,0.0,0.0,0.0,0.0,0.0,0.0,0.0,0.1,0.05,0.0,0.0,0.0,0.0,0.0,False,25
LOC283588,0.015000000000000003,0,0,0,10.0,9.0,14.666666666666666,1.0,0.0,0.0,0.1,0.05,0.0,0.0,0.0,0.0,0.0,0.0,0.0,0.0,0.0,0.0,False,25
ADH1C,0.015000000000000003,0,0,0,17.0,8.0,15.0,0.0,0.0,0.05,0.05,0.0,0.0,0.0,0.05,0.0,0.0,0.0,0.0,0.05,0.05,0.0,False,25
ISG20L2,0.015000000000000003,0,0,0,14.0,13.0,15.0,1.0,0.0,0.0,0.0,0.0,0.0,0.0,0.0,0.05,0.0,0.05,0.05,0.0,0.0,0.0,False,25
ACADL,0.015000000000000003,0,0,0,18.0,4.0,15.333333333333334,0.0,0.0,0.1,0.0,0.0,0.05,0.0,0.0,0.0,0.0,0.0,0.0,0.0,0.05,0.0,False,25
TLCD2,0.015000000000000003,0,0,0,15.0,13.0,15.333333333333334,0.3333333333333333,0.0,0.0,0.1,0.0,0.0,0.05,0.0,0.0,0.0,0.0,0.0,0.0,0.0,0.0,False,25
UBE2T,0.015000000000000003,0,0,0,13.0,12.0,15.333333333333334,1.0,0.15,0.0,0.0,0.0,0.0,0.0,0.0,0.05,0.0,0.05,0.05,0.0,0.0,0.15,False,25
LEF1,0.015000000000000003,0,0,0,16.0,7.0,15.666666666666666,1.0,0.0,0.0,0.1,0.0,0.0,0.05,0.0,0.0,0.0,0.0,0.0,0.0,0.0,0.0,False,25
NECTIN2,0.015000000000000003,0,0,0,16.0,14.0,15.666666666666666,1.0,0.0,0.0,0.0,0.0,0.0,0.0,0.0,0.1,0.05,0.0,0.0,0.0,0.0,0.0,False,25
TSTA3,0.015000000000000003,0,0,0,13.0,12.0,15.666666666666666,1.0,0.05,0.0,0.0,0.0,0.0,0.0,0.0,0.1,0.05,0.0,0.0,0.0,0.0,0.05,False,25
FAM149A,0.015000000000000003,0,0,0,19.0,7.0,16.0,0.3333333333333333,0.0,0.0,0.05,0.0,0.0,0.1,0.0,0.0,0.0,0.0,0.0,0.0,0.0,0.0,False,25
TRAF4,0.015000000000000003,0,0,0,14.0,9.0,16.0,1.0,0.0,0.0,0.0,0.0,0.0,0.0,0.0,0.1,0.05,0.0,0.0,0.0,0.0,0.0,False,25
BARD1,0.015000000000000003,0,0,0,13.0,12.0,16.333333333333332,1.0,0.0,0.0,0.0,0.0,0.0,0.0,0.0,0.05,0.0,0.05,0.05,0.0,0.0,0.0,False,25
C1orf106,0.015000000000000003,0,0,0,14.0,13.0,16.333333333333332,1.0,0.0,0.0,0.0,0.0,0.0,0.0,0.0,0.05,0.0,0.05,0.05,0.0,0.0,0.0,False,25
SMARCC1,0.015000000000000003,0,0,0,19.0,10.0,16.333333333333332,1.0,0.05,0.0,0.05,0.0,0.0,0.0,0.0,0.0,0.0,0.05,0.05,0.0,0.0,0.05,False,25
COL4A5,0.015000000000000003,0,0,0,18.0,11.0,16.666666666666668,1.0,0.0,0.0,0.0,0.05,0.0,0.0,0.0,0.05,0.05,0.0,0.0,0.0,0.0,0.0,False,25
FGF14-AS2,0.015000000000000003,0,0,0,17.0,8.0,16.666666666666668,0.0,0.0,0.05,0.05,0.0,0.0,0.05,0.0,0.0,0.0,0.0,0.0,0.05,0.0,0.0,False,25
PDK4,0.015000000000000003,0,0,0,16.0,11.0,16.666666666666668,0.3333333333333333,0.1,0.0,0.0,0.0,0.0,0.0,0.0,0.05,0.1,0.0,0.0,0.0,0.0,0.1,False,25
ZNF518A,0.015000000000000003,0,0,0,22.0,5.0,16.666666666666668,1.0,0.0,0.0,0.0,0.05,0.0,0.0,0.0,0.0,0.0,0.05,0.05,0.0,0.0,0.0,False,25
B4GALT3,0.015000000000000003,0,0,0,16.0,16.0,17.0,1.0,0.0,0.0,0.0,0.0,0.0,0.0,0.0,0.0,0.05,0.05,0.05,0.0,0.0,0.0,False,25
MYH9,0.015000000000000003,0,0,0,21.0,8.0,17.0,0.5,0.0,0.0,0.0,0.0,0.0,0.05,0.0,0.0,0.0,0.05,0.05,0.0,0.0,0.0,False,25
ZNF300P1,0.015000000000000003,0,0,0,19.0,14.0,17.666666666666668,1.0,0.0,0.0,0.05,0.0,0.0,0.0,0.0,0.0,0.0,0.05,0.05,0.0,0.0,0.0,False,25
TRIT1,0.015000000000000003,0,0,0,21.0,11.0,18.0,0.5,0.0,0.0,0.0,0.0,0.0,0.05,0.0,0.0,0.0,0.05,0.05,0.0,0.0,0.0,False,25
ZNF718,0.015000000000000003,0,0,0,22.0,8.0,18.333333333333332,0.0,0.0,0.0,0.05,0.1,0.0,0.0,0.0,0.0,0.0,0.0,0.0,0.0,0.0,0.0,False,25
CHSY1,0.015000000000000003,0,0,0,20.0,15.0,18.666666666666668,0.5,0.0,0.0,0.05,0.0,0.0,0.0,0.0,0.0,0.0,0.05,0.05,0.0,0.0,0.0,False,25
LARP7,0.015000000000000003,0,0,0,16.0,15.0,18.666666666666668,1.0,0.0,0.0,0.0,0.0,0.0,0.0,0.0,0.05,0.1,0.0,0.0,0.0,0.0,0.0,False,25
LOC643733,0.015000000000000003,0,0,0,16.0,15.0,18.666666666666668,1.0,0.0,0.0,0.0,0.0,0.0,0.0,0.0,0.05,0.1,0.0,0.0,0.0,0.0,0.0,False,25
RHOXF1,0.015000000000000003,0,0,0,22.0,12.0,19.0,0.0,0.0,0.05,0.0,0.0,0.05,0.05,0.0,0.0,0.0,0.0,0.0,0.0,0.05,0.0,False,25
SIGLEC11,0.015000000000000003,0,0,0,18.0,18.0,19.0,1.0,0.0,0.0,0.05,0.0,0.0,0.0,0.0,0.0,0.0,0.05,0.05,0.0,0.0,0.0,False,25
AP1S3,0.015000000000000003,0,0,0,18.0,17.0,19.666666666666668,1.0,0.0,0.0,0.0,0.0,0.0,0.0,0.0,0.05,0.0,0.05,0.05,0.0,0.0,0.0,False,25
BTNL2,0.015000000000000003,0,0,0,20.0,16.0,19.666666666666668,0.3333333333333333,0.0,0.0,0.0,0.0,0.05,0.0,0.0,0.0,0.0,0.05,0.05,0.0,0.05,0.0,False,25
EFCAB13,0.015000000000000003,0,0,0,23.0,11.0,19.666666666666668,0.0,0.0,0.0,0.0,0.0,0.05,0.05,0.05,0.0,0.0,0.0,0.0,0.0,0.0,0.0,False,25
ILF3,0.015000000000000003,0,0,0,21.0,17.0,19.666666666666668,1.0,0.0,0.0,0.0,0.0,0.0,0.0,0.0,0.0,0.05,0.05,0.05,0.0,0.0,0.0,False,25
LOC100506368,0.015000000000000003,0,0,0,20.0,18.0,19.666666666666668,1.0,0.0,0.0,0.05,0.0,0.0,0.0,0.0,0.05,0.05,0.0,0.0,0.0,0.0,0.0,False,25
PEBP4,0.015000000000000003,0,0,0,20.0,15.0,19.666666666666668,1.0,0.0,0.05,0.0,0.1,0.0,0.0,0.0,0.0,0.0,0.0,0.0,0.0,0.0,0.0,False,25
TRAF7,0.015000000000000003,0,0,0,20.0,16.0,19.666666666666668,1.0,0.0,0.0,0.0,0.0,0.0,0.0,0.0,0.1,0.05,0.0,0.0,0.0,0.0,0.0,False,25
CLDN4,0.015000000000000003,0,0,0,21.0,15.0,20.0,1.0,0.0,0.0,0.0,0.0,0.0,0.0,0.0,0.05,0.1,0.0,0.0,0.0,0.0,0.0,False,25
SLC29A4,0.015000000000000003,0,0,0,20.0,17.0,20.0,0.3333333333333333,0.0,0.0,0.0,0.0,0.05,0.05,0.05,0.0,0.0,0.0,0.0,0.0,0.05,0.0,False,25
TMOD1,0.015000000000000003,0,0,0,24.0,11.0,20.0,0.6666666666666666,0.0,0.0,0.05,0.0,0.0,0.1,0.0,0.0,0.0,0.0,0.0,0.0,0.0,0.0,False,25
ZCCHC8,0.015000000000000003,0,0,0,18.0,17.0,20.0,1.0,0.0,0.0,0.0,0.0,0.0,0.0,0.0,0.0,0.0,0.1,0.05,0.0,0.0,0.0,False,25
EMX2,0.015000000000000003,0,0,0,24.0,13.0,20.333333333333332,0.0,0.0,0.05,0.05,0.0,0.05,0.0,0.0,0.0,0.0,0.0,0.0,0.05,0.0,0.0,False,25
SPATA22,0.015000000000000003,0,0,0,24.0,13.0,20.333333333333332,0.0,0.0,0.0,0.0,0.0,0.05,0.0,0.1,0.0,0.0,0.0,0.0,0.0,0.0,0.0,False,25
CEP170B,0.015000000000000003,0,0,0,22.0,15.0,20.666666666666668,0.5,0.0,0.0,0.0,0.0,0.0,0.05,0.0,0.0,0.0,0.05,0.05,0.0,0.0,0.0,False,25
HMGB3,0.015000000000000003,0,0,0,20.0,17.0,20.666666666666668,1.0,0.0,0.0,0.0,0.0,0.0,0.0,0.0,0.1,0.05,0.0,0.0,0.0,0.0,0.0,False,25
USP43,0.015000000000000003,0,0,0,20.0,19.0,20.666666666666668,0.3333333333333333,0.0,0.0,0.1,0.0,0.0,0.05,0.0,0.0,0.0,0.0,0.0,0.0,0.0,0.0,False,25
SPATS2,0.015000000000000003,0,0,0,22.0,16.0,21.0,1.0,0.0,0.0,0.0,0.0,0.0,0.0,0.0,0.05,0.1,0.0,0.0,0.0,0.0,0.0,False,25
PTENP1,0.015000000000000003,0,0,0,22.0,18.0,21.666666666666668,0.0,0.0,0.1,0.0,0.05,0.0,0.0,0.0,0.0,0.0,0.0,0.0,0.05,0.0,0.0,False,25
PLCXD3,0.015000000000000003,0,0,0,22.0,22.0,22.333333333333332,0.0,0.0,0.05,0.0,0.0,0.05,0.0,0.05,0.0,0.0,0.0,0.0,0.0,0.0,0.0,False,25
C1QTNF7,0.015000000000000003,0,0,0,22.0,21.0,22.666666666666668,0.3333333333333333,0.0,0.0,0.0,0.0,0.05,0.0,0.05,0.05,0.0,0.0,0.0,0.05,0.0,0.0,False,25
COL18A1,0.015000000000000003,0,0,0,22.0,22.0,22.666666666666668,1.0,0.0,0.0,0.0,0.0,0.0,0.0,0.0,0.0,0.0,0.05,0.1,0.0,0.0,0.0,False,25
LDHD,0.015000000000000003,0,0,0,23.0,23.0,23.666666666666668,0.25,0.0,0.05,0.1,0.0,0.0,0.0,0.0,0.0,0.0,0.0,0.0,0.05,0.0,0.0,False,25
LOC100506691,0.015,0,0,0,4.0,1.0,4.666666666666667,1.0,0.0,0.0,0.0,0.15,0.0,0.0,0.0,0.0,0.0,0.0,0.0,0.0,0.05,0.0,False,25
MOP-1,0.015,0,0,0,7.0,6.0,7.666666666666667,1.0,0.0,0.0,0.0,0.15,0.0,0.0,0.0,0.0,0.0,0.0,0.0,0.0,0.05,0.0,False,25
TMEM44-AS1,0.015,0,0,0,8.0,6.0,13.0,1.0,0.0,0.0,0.15,0.0,0.0,0.0,0.0,0.0,0.0,0.0,0.0,0.0,0.0,0.0,False,25
THCAT158,0.015,0,0,0,14.0,8.0,14.0,1.0,0.0,0.0,0.0,0.15,0.0,0.0,0.0,0.0,0.0,0.0,0.0,0.0,0.05,0.0,False,25
MILR1,0.015,0,0,0,18.0,10.0,17.0,,0.0,0.0,0.0,0.15,0.0,0.0,0.0,0.0,0.0,0.0,0.0,0.0,0.0,0.0,False,25
PGC,0.015,0,0,0,18.0,13.0,17.333333333333332,0.0,0.0,0.15,0.0,0.0,0.0,0.0,0.0,0.0,0.0,0.0,0.0,0.05,0.0,0.0,False,25
IDI1,0.01,0,0,0,1.5,1.0,1.5,0.5,0.0,0.0,0.1,0.0,0.0,0.0,0.0,0.0,0.0,0.0,0.0,0.0,0.0,0.0,False,25
OR2H4P,0.01,0,0,0,1.5,1.0,1.5,1.0,0.0,0.0,0.0,0.05,0.05,0.0,0.0,0.0,0.0,0.0,0.0,0.0,0.05,0.0,False,25
TK1,0.01,0,0,0,1.5,1.0,1.5,1.0,0.0,0.0,0.0,0.0,0.0,0.0,0.0,0.05,0.05,0.0,0.0,0.0,0.0,0.0,False,25
VSTM4,0.01,0,0,0,1.5,1.0,1.5,1.0,0.0,0.0,0.0,0.0,0.0,0.0,0.0,0.05,0.05,0.0,0.0,0.0,0.0,0.0,False,25
C2orf15,0.01,0,0,0,2.0,1.0,2.0,0.5,0.0,0.05,0.05,0.0,0.0,0.0,0.0,0.0,0.0,0.0,0.0,0.0,0.0,0.0,False,25
POMP,0.01,0,0,0,2.0,2.0,2.0,0.5,0.05,0.0,0.0,0.0,0.0,0.0,0.0,0.05,0.05,0.0,0.0,0.0,0.0,0.05,False,25
CDS1,0.01,0,0,0,2.5,1.0,2.5,1.0,0.0,0.0,0.0,0.0,0.0,0.0,0.0,0.05,0.05,0.0,0.0,0.0,0.0,0.0,False,25
PRSS8,0.01,0,0,0,2.5,2.0,2.5,1.0,1.0,0.0,0.0,0.0,0.0,0.0,0.0,0.05,0.05,0.0,0.0,0.0,0.0,1.0,False,25
GFPT2,0.01,0,0,0,3.0,3.0,3.0,1.0,0.0,0.0,0.05,0.0,0.0,0.05,0.0,0.0,0.0,0.0,0.0,0.0,0.0,0.0,False,25
RABEP2,0.01,0,0,0,3.0,3.0,3.0,1.0,0.05,0.0,0.0,0.0,0.0,0.0,0.0,0.05,0.05,0.0,0.0,0.0,0.0,0.05,False,25
RELN,0.01,0,0,0,3.0,3.0,3.0,1.0,0.0,0.05,0.05,0.0,0.0,0.0,0.0,0.0,0.0,0.0,0.0,0.0,0.0,0.0,False,25
GNRH2,0.01,0,0,0,3.5,3.0,3.5,0.0,0.0,0.0,0.0,0.0,0.05,0.0,0.05,0.0,0.0,0.0,0.0,0.0,0.05,0.0,False,25
ZNF48,0.01,0,0,0,3.5,3.0,3.5,1.0,0.0,0.0,0.0,0.0,0.0,0.0,0.0,0.05,0.05,0.0,0.0,0.0,0.0,0.0,False,25
AADAC,0.01,0,0,0,4.0,4.0,4.0,1.0,0.0,0.0,0.0,0.0,0.0,0.0,0.0,0.0,0.0,0.05,0.05,0.0,0.0,0.0,False,25
NSUN5P1,0.01,0,0,0,4.0,3.0,4.0,1.0,0.0,0.0,0.0,0.0,0.0,0.0,0.0,0.05,0.05,0.0,0.0,0.0,0.0,0.0,False,25
ZNF792,0.01,0,0,0,4.0,3.0,4.0,0.5,0.0,0.0,0.1,0.0,0.0,0.0,0.0,0.0,0.0,0.0,0.0,0.0,0.0,0.0,False,25
LOC101926960,0.01,0,0,0,4.5,4.0,4.5,1.0,0.0,0.0,0.0,0.0,0.0,0.0,0.0,0.05,0.05,0.0,0.0,0.0,0.0,0.0,False,25
PPP2R3C,0.01,0,0,0,4.5,3.0,4.5,1.0,0.0,0.0,0.0,0.0,0.0,0.0,0.0,0.05,0.05,0.0,0.0,0.0,0.0,0.0,False,25
RUSC1-AS1,0.01,0,0,0,5.0,5.0,5.0,1.0,0.0,0.0,0.0,0.0,0.0,0.0,0.0,0.05,0.05,0.0,0.0,0.0,0.0,0.0,False,25
BICDL2,0.01,0,0,0,5.5,5.0,5.5,1.0,0.15,0.0,0.0,0.0,0.0,0.0,0.0,0.0,0.0,0.05,0.05,0.0,0.0,0.15,False,25
C19orf66,0.01,0,0,0,5.5,5.0,5.5,1.0,0.0,0.0,0.0,0.0,0.0,0.0,0.0,0.05,0.05,0.0,0.0,0.0,0.0,0.0,False,25
TXNDC11,0.01,0,0,0,5.5,4.0,5.5,1.0,0.0,0.0,0.0,0.0,0.0,0.0,0.0,0.05,0.05,0.0,0.0,0.0,0.0,0.0,False,25
C6orf132,0.01,0,0,0,6.0,6.0,6.0,1.0,0.0,0.0,0.0,0.0,0.0,0.0,0.0,0.0,0.0,0.05,0.05,0.0,0.0,0.0,False,25
CMA1,0.01,0,0,0,6.0,5.0,6.0,1.0,0.0,0.0,0.0,0.0,0.0,0.0,0.0,0.0,0.0,0.05,0.05,0.0,0.0,0.0,False,25
LINC00543,0.01,0,0,0,6.5,3.0,6.5,0.0,0.0,0.1,0.0,0.0,0.0,0.0,0.0,0.0,0.0,0.0,0.0,0.05,0.0,0.0,False,25
LLGL2,0.01,0,0,0,6.5,6.0,6.5,1.0,0.05,0.0,0.0,0.0,0.0,0.0,0.0,0.05,0.05,0.0,0.0,0.0,0.0,0.05,False,25
SOGA1,0.01,0,0,0,6.5,3.0,6.5,1.0,0.0,0.0,0.0,0.0,0.0,0.0,0.0,0.05,0.05,0.0,0.0,0.0,0.0,0.0,False,25
ABHD11,0.01,0,0,0,7.0,7.0,7.0,1.0,0.0,0.0,0.0,0.0,0.0,0.0,0.0,0.0,0.0,0.05,0.05,0.0,0.0,0.0,False,25
CYP4B1,0.01,0,0,0,7.0,4.0,7.0,0.5,0.0,0.0,0.1,0.0,0.0,0.0,0.0,0.0,0.0,0.0,0.0,0.0,0.0,0.0,False,25
FAM184A,0.01,0,0,0,7.0,6.0,7.0,0.5,0.0,0.0,0.1,0.0,0.0,0.0,0.0,0.0,0.0,0.0,0.0,0.0,0.0,0.0,False,25
LINC01180,0.01,0,0,0,7.0,7.0,7.0,0.0,0.0,0.0,0.0,0.0,0.05,0.0,0.05,0.0,0.0,0.0,0.0,0.0,0.05,0.0,False,25
PHYHIP,0.01,0,0,0,7.0,6.0,7.0,1.0,0.0,0.0,0.0,0.1,0.0,0.0,0.0,0.0,0.0,0.0,0.0,0.0,0.05,0.0,False,25
VGLL4,0.01,0,0,0,7.0,5.0,7.0,1.0,0.0,0.0,0.1,0.0,0.0,0.0,0.0,0.0,0.0,0.0,0.0,0.0,0.0,0.0,False,25
ADGRG4,0.01,0,0,0,7.5,7.0,7.5,1.0,0.0,0.0,0.0,0.0,0.0,0.0,0.0,0.0,0.0,0.05,0.05,0.0,0.0,0.0,False,25
CAMK1,0.01,0,0,0,7.5,2.0,7.5,1.0,0.0,0.0,0.0,0.05,0.0,0.05,0.0,0.0,0.0,0.0,0.0,0.0,0.0,0.0,False,25
CDK20,0.01,0,0,0,7.5,6.0,7.5,1.0,0.0,0.0,0.0,0.0,0.0,0.0,0.0,0.0,0.0,0.05,0.05,0.0,0.0,0.0,False,25
FANCD2,0.01,0,0,0,7.5,7.0,7.5,1.0,0.0,0.0,0.0,0.0,0.0,0.0,0.0,0.0,0.0,0.05,0.05,0.0,0.0,0.0,False,25
LINC01140,0.01,0,0,0,7.5,7.0,7.5,1.0,0.0,0.0,0.0,0.0,0.0,0.0,0.0,0.05,0.05,0.0,0.0,0.0,0.0,0.0,False,25
TRBV16,0.01,0,0,0,7.5,7.0,7.5,0.0,0.0,0.0,0.0,0.0,0.05,0.0,0.05,0.0,0.0,0.0,0.0,0.0,0.05,0.0,False,25
ZNF124,0.01,0,0,0,7.5,5.0,7.5,0.0,0.0,0.0,0.05,0.05,0.0,0.0,0.0,0.0,0.0,0.0,0.0,0.0,0.0,0.0,False,25
ZXDC,0.01,0,0,0,7.5,6.0,7.5,1.0,0.0,0.0,0.0,0.0,0.0,0.0,0.0,0.05,0.05,0.0,0.0,0.0,0.0,0.0,False,25
CLDN7,0.01,0,0,0,8.0,6.0,8.0,1.0,0.1,0.0,0.0,0.0,0.0,0.0,0.0,0.0,0.0,0.05,0.05,0.0,0.0,0.1,False,25
CSTL1,0.01,0,0,0,8.0,8.0,8.0,1.0,0.0,0.0,0.0,0.1,0.0,0.0,0.0,0.0,0.0,0.0,0.0,0.0,0.1,0.0,False,25
LOC101927151,0.01,0,0,0,8.0,2.0,8.0,0.5,0.0,0.0,0.05,0.0,0.0,0.05,0.0,0.0,0.0,0.0,0.0,0.0,0.0,0.0,False,25
TMIE,0.01,0,0,0,8.0,2.0,8.0,1.0,0.0,0.0,0.05,0.0,0.0,0.05,0.0,0.0,0.0,0.0,0.0,0.0,0.0,0.0,False,25
ULK3,0.01,0,0,0,8.0,8.0,8.0,1.0,0.0,0.0,0.0,0.0,0.0,0.0,0.0,0.05,0.05,0.0,0.0,0.0,0.0,0.0,False,25
ABCC5,0.01,0,0,0,8.5,7.0,8.5,1.0,0.0,0.0,0.0,0.0,0.0,0.0,0.0,0.0,0.0,0.05,0.05,0.0,0.0,0.0,False,25
ACVR1C,0.01,0,0,0,8.5,8.0,8.5,1.0,0.0,0.0,0.0,0.0,0.0,0.0,0.0,0.0,0.0,0.05,0.05,0.0,0.0,0.0,False,25
BVES-AS1,0.01,0,0,0,8.5,7.0,8.5,0.0,0.0,0.0,0.0,0.0,0.05,0.0,0.05,0.0,0.0,0.0,0.0,0.0,0.05,0.0,False,25
FAM60A,0.01,0,0,0,8.5,8.0,8.5,1.0,0.0,0.0,0.0,0.0,0.0,0.0,0.0,0.0,0.0,0.05,0.05,0.0,0.0,0.0,False,25
LINC01004,0.01,0,0,0,8.5,4.0,8.5,0.5,0.0,0.0,0.1,0.0,0.0,0.0,0.0,0.0,0.0,0.0,0.0,0.0,0.0,0.0,False,25
PILRA,0.01,0,0,0,8.5,1.0,8.5,,0.0,0.0,0.0,0.1,0.0,0.0,0.0,0.0,0.0,0.0,0.0,0.0,0.0,0.0,False,25
PRSS36,0.01,0,0,0,8.5,5.0,8.5,,0.0,0.0,0.0,0.1,0.0,0.0,0.0,0.0,0.0,0.0,0.0,0.0,0.0,0.0,False,25
TFAP2A,0.01,0,0,0,8.5,8.0,8.5,1.0,0.0,0.0,0.0,0.0,0.0,0.0,0.0,0.05,0.05,0.0,0.0,0.0,0.0,0.0,False,25
WNT9B,0.01,0,0,0,8.5,1.0,8.5,0.0,0.0,0.05,0.0,0.05,0.0,0.0,0.0,0.0,0.0,0.0,0.0,0.1,0.0,0.0,False,25
DXO,0.01,0,0,0,9.0,8.0,9.0,1.0,0.0,0.0,0.0,0.0,0.0,0.0,0.0,0.0,0.0,0.05,0.05,0.0,0.0,0.0,False,25
LRRC8E,0.01,0,0,0,9.0,7.0,9.0,1.0,1.0,0.0,0.0,0.0,0.0,0.0,0.0,0.05,0.05,0.0,0.0,0.0,0.0,1.0,False,25
MCM7,0.01,0,0,0,9.0,6.0,9.0,1.0,0.15,0.0,0.0,0.0,0.0,0.0,0.0,0.05,0.05,0.0,0.0,0.0,0.0,0.15,False,25
PEX11B,0.01,0,0,0,9.0,8.0,9.0,1.0,0.0,0.0,0.0,0.0,0.0,0.0,0.0,0.05,0.05,0.0,0.0,0.0,0.0,0.0,False,25
ADGRG7,0.01,0,0,0,9.5,1.0,9.5,,0.0,0.0,0.0,0.1,0.0,0.0,0.0,0.0,0.0,0.0,0.0,0.0,0.0,0.0,False,25
LOC101927066,0.01,0,0,0,9.5,8.0,9.5,0.0,0.0,0.1,0.0,0.0,0.0,0.0,0.0,0.0,0.0,0.0,0.0,0.05,0.0,0.0,False,25
PAK4,0.01,0,0,0,9.5,7.0,9.5,1.0,0.0,0.0,0.0,0.0,0.0,0.0,0.0,0.05,0.05,0.0,0.0,0.0,0.0,0.0,False,25
COL10A1,0.01,0,0,0,10.0,7.0,10.0,0.5,0.0,0.0,0.1,0.0,0.0,0.0,0.0,0.0,0.0,0.0,0.0,0.0,0.0,0.0,False,25
LOC101927159,0.01,0,0,0,10.0,3.0,10.0,0.0,0.0,0.05,0.0,0.05,0.0,0.0,0.0,0.0,0.0,0.0,0.0,0.05,0.0,0.0,False,25
LYRM7,0.01,0,0,0,10.0,10.0,10.0,1.0,0.0,0.0,0.0,0.0,0.0,0.0,0.0,0.05,0.05,0.0,0.0,0.0,0.0,0.0,False,25
CFAP44,0.01,0,0,0,10.5,9.0,10.5,1.0,0.15,0.0,0.0,0.0,0.0,0.0,0.0,0.0,0.0,0.05,0.05,0.0,0.0,0.15,False,25
HADH,0.01,0,0,0,10.5,5.0,10.5,,0.0,0.0,0.0,0.1,0.0,0.0,0.0,0.0,0.0,0.0,0.0,0.0,0.0,0.0,False,25
MORF4L2-AS1,0.01,0,0,0,10.5,10.0,10.5,0.5,0.0,0.05,0.05,0.0,0.0,0.0,0.0,0.0,0.0,0.0,0.0,0.0,0.0,0.0,False,25
NADSYN1,0.01,0,0,0,10.5,10.0,10.5,0.5,0.0,0.0,0.05,0.0,0.0,0.05,0.0,0.0,0.0,0.0,0.0,0.0,0.0,0.0,False,25
RASSF6,0.01,0,0,0,10.5,2.0,10.5,1.0,0.0,0.0,0.0,0.05,0.0,0.05,0.0,0.0,0.0,0.0,0.0,0.0,0.0,0.0,False,25
NUSAP1,0.01,0,0,0,11.0,10.0,11.0,1.0,0.0,0.0,0.0,0.0,0.0,0.0,0.0,0.05,0.05,0.0,0.0,0.0,0.0,0.0,False,25
PTPA,0.01,0,0,0,11.0,9.0,11.0,1.0,0.0,0.0,0.0,0.0,0.0,0.0,0.0,0.05,0.05,0.0,0.0,0.0,0.0,0.0,False,25
WDR5,0.01,0,0,0,11.0,10.0,11.0,1.0,0.0,0.0,0.0,0.0,0.0,0.0,0.0,0.05,0.05,0.0,0.0,0.0,0.0,0.0,False,25
ADH1B,0.01,0,0,0,11.5,11.0,11.5,1.0,0.0,0.0,0.0,0.0,0.0,0.0,0.0,0.0,0.0,0.05,0.05,0.0,0.0,0.0,False,25
C20orf173,0.01,0,0,0,11.5,2.0,11.5,,0.0,0.0,0.0,0.1,0.0,0.0,0.0,0.0,0.0,0.0,0.0,0.0,0.0,0.0,False,25
CBFA2T2,0.01,0,0,0,11.5,8.0,11.5,1.0,0.0,0.0,0.0,0.0,0.0,0.0,0.0,0.05,0.05,0.0,0.0,0.0,0.0,0.0,False,25
ELAVL1,0.01,0,0,0,11.5,11.0,11.5,1.0,0.0,0.0,0.0,0.0,0.0,0.0,0.0,0.0,0.0,0.05,0.05,0.0,0.0,0.0,False,25
TYRO3,0.01,0,0,0,11.5,8.0,11.5,1.0,0.0,0.0,0.05,0.05,0.0,0.0,0.0,0.0,0.0,0.0,0.0,0.0,0.0,0.0,False,25
ZEB2,0.01,0,0,0,11.5,10.0,11.5,1.0,0.0,0.0,0.0,0.0,0.0,0.0,0.0,0.05,0.05,0.0,0.0,0.0,0.0,0.0,False,25
C2CD3,0.01,0,0,0,12.0,8.0,12.0,1.0,0.05,0.0,0.0,0.0,0.0,0.0,0.0,0.05,0.05,0.0,0.0,0.0,0.0,0.05,False,25
SERINC2,0.01,0,0,0,12.0,9.0,12.0,1.0,0.1,0.0,0.0,0.0,0.0,0.0,0.0,0.05,0.05,0.0,0.0,0.0,0.0,0.1,False,25
DSG4,0.01,0,0,0,12.5,2.0,12.5,0.0,0.0,0.05,0.0,0.05,0.0,0.0,0.0,0.0,0.0,0.0,0.0,0.05,0.0,0.0,False,25
LOC101927526,0.01,0,0,0,12.5,12.0,12.5,0.0,0.0,0.0,0.0,0.0,0.05,0.0,0.05,0.0,0.0,0.0,0.0,0.0,0.05,0.0,False,25
PPP2R2B,0.01,0,0,0,12.5,12.0,12.5,1.0,0.0,0.05,0.05,0.0,0.0,0.0,0.0,0.0,0.0,0.0,0.0,0.0,0.0,0.0,False,25
ROGDI,0.01,0,0,0,12.5,12.0,12.5,1.0,0.0,0.0,0.0,0.0,0.0,0.0,0.0,0.05,0.05,0.0,0.0,0.0,0.0,0.0,False,25
ADGRF3,0.01,0,0,0,13.0,12.0,13.0,1.0,0.0,0.0,0.0,0.0,0.0,0.0,0.0,0.0,0.0,0.05,0.05,0.0,0.0,0.0,False,25
FOXO6,0.01,0,0,0,13.0,13.0,13.0,1.0,0.0,0.0,0.0,0.0,0.0,0.0,0.0,0.0,0.0,0.05,0.05,0.0,0.0,0.0,False,25
HS3ST2,0.01,0,0,0,13.0,3.0,13.0,,0.0,0.0,0.0,0.1,0.0,0.0,0.0,0.0,0.0,0.0,0.0,0.0,0.0,0.0,False,25
LOC101928731,0.01,0,0,0,13.0,1.0,13.0,1.0,0.0,0.05,0.0,0.0,0.05,0.0,0.0,0.0,0.0,0.0,0.0,0.0,0.05,0.0,False,25
PARD6B,0.01,0,0,0,13.0,12.0,13.0,1.0,0.0,0.0,0.0,0.0,0.0,0.0,0.0,0.05,0.05,0.0,0.0,0.0,0.0,0.0,False,25
RFTN2,0.01,0,0,0,13.0,7.0,13.0,0.0,0.0,0.05,0.0,0.0,0.0,0.0,0.05,0.0,0.0,0.0,0.0,0.0,0.0,0.0,False,25
UBE2L3,0.01,0,0,0,13.0,12.0,13.0,0.0,0.0,0.0,0.05,0.05,0.0,0.0,0.0,0.0,0.0,0.0,0.0,0.0,0.0,0.0,False,25
CDH1,0.01,0,0,0,13.5,13.0,13.5,1.0,0.0,0.0,0.0,0.0,0.0,0.0,0.0,0.0,0.0,0.05,0.05,0.0,0.0,0.0,False,25
HEPACAM2,0.01,0,0,0,13.5,12.0,13.5,,0.0,0.0,0.0,0.1,0.0,0.0,0.0,0.0,0.0,0.0,0.0,0.0,0.0,0.0,False,25
KCNE1,0.01,0,0,0,13.5,2.0,13.5,1.0,0.0,0.05,0.0,0.05,0.0,0.0,0.0,0.0,0.0,0.0,0.0,0.0,0.0,0.0,False,25
MARK2,0.01,0,0,0,13.5,4.0,13.5,1.0,0.0,0.0,0.0,0.0,0.0,0.0,0.0,0.05,0.05,0.0,0.0,0.0,0.0,0.0,False,25
RDH13,0.01,0,0,0,13.5,10.0,13.5,1.0,0.2,0.0,0.0,0.0,0.0,0.0,0.0,0.05,0.05,0.0,0.0,0.0,0.0,0.2,False,25
TMEM134,0.01,0,0,0,13.5,13.0,13.5,1.0,0.0,0.0,0.0,0.0,0.0,0.0,0.0,0.0,0.0,0.05,0.05,0.0,0.0,0.0,False,25
CAD,0.01,0,0,0,14.0,13.0,14.0,1.0,0.0,0.0,0.0,0.0,0.0,0.0,0.0,0.0,0.0,0.05,0.05,0.0,0.0,0.0,False,25
CLDN5,0.01,0,0,0,14.0,14.0,14.0,0.5,0.05,0.0,0.0,0.0,0.0,0.0,0.0,0.0,0.0,0.05,0.05,0.0,0.0,0.05,False,25
HS3ST1,0.01,0,0,0,14.0,5.0,14.0,1.0,0.0,0.0,0.0,0.05,0.0,0.05,0.0,0.0,0.0,0.0,0.0,0.0,0.0,0.0,False,25
LMNB2,0.01,0,0,0,14.0,14.0,14.0,1.0,0.0,0.0,0.0,0.0,0.0,0.0,0.0,0.0,0.0,0.05,0.05,0.0,0.0,0.0,False,25
LOC101060553,0.01,0,0,0,14.0,11.0,14.0,0.0,0.0,0.05,0.0,0.05,0.0,0.0,0.0,0.0,0.0,0.0,0.0,0.1,0.0,0.0,False,25
NAT10,0.01,0,0,0,14.0,9.0,14.0,1.0,0.0,0.0,0.0,0.0,0.0,0.0,0.0,0.05,0.05,0.0,0.0,0.0,0.0,0.0,False,25
RAPSN,0.01,0,0,0,14.0,13.0,14.0,,0.0,0.0,0.0,0.1,0.0,0.0,0.0,0.0,0.0,0.0,0.0,0.0,0.0,0.0,False,25
RPS6KB2,0.01,0,0,0,14.0,8.0,14.0,1.0,0.0,0.0,0.0,0.0,0.0,0.0,0.0,0.05,0.05,0.0,0.0,0.0,0.0,0.0,False,25
SPINT1,0.01,0,0,0,14.0,7.0,14.0,1.0,0.0,0.0,0.0,0.0,0.0,0.0,0.0,0.05,0.05,0.0,0.0,0.0,0.0,0.0,False,25
ARHGEF15,0.01,0,0,0,14.5,14.0,14.5,1.0,0.0,0.0,0.0,0.0,0.0,0.0,0.0,0.0,0.0,0.05,0.05,0.0,0.0,0.0,False,25
BUB1B,0.01,0,0,0,14.5,14.0,14.5,1.0,0.0,0.0,0.0,0.0,0.0,0.0,0.0,0.0,0.0,0.05,0.05,0.0,0.0,0.0,False,25
CHML,0.01,0,0,0,14.5,14.0,14.5,1.0,0.0,0.0,0.0,0.0,0.0,0.0,0.0,0.0,0.0,0.05,0.05,0.0,0.0,0.0,False,25
IL5,0.01,0,0,0,14.5,4.0,14.5,,0.0,0.0,0.0,0.1,0.0,0.0,0.0,0.0,0.0,0.0,0.0,0.0,0.0,0.0,False,25
LOC285627,0.01,0,0,0,14.5,11.0,14.5,,0.0,0.0,0.0,0.1,0.0,0.0,0.0,0.0,0.0,0.0,0.0,0.0,0.0,0.0,False,25
MARVELD2,0.01,0,0,0,14.5,13.0,14.5,1.0,0.0,0.0,0.0,0.0,0.0,0.1,0.0,0.0,0.0,0.0,0.0,0.0,0.0,0.0,False,25
MCM4,0.01,0,0,0,14.5,6.0,14.5,1.0,0.0,0.0,0.05,0.0,0.0,0.0,0.0,0.05,0.0,0.0,0.0,0.0,0.0,0.0,False,25
SFRP5,0.01,0,0,0,14.5,14.0,14.5,0.0,0.0,0.0,0.05,0.0,0.0,0.05,0.0,0.0,0.0,0.0,0.0,0.0,0.0,0.0,False,25
SLC25A39,0.01,0,0,0,14.5,8.0,14.5,1.0,0.0,0.0,0.0,0.0,0.0,0.0,0.0,0.05,0.05,0.0,0.0,0.0,0.0,0.0,False,25
UPK3B,0.01,0,0,0,14.5,9.0,14.5,0.0,0.0,0.0,0.0,0.1,0.0,0.0,0.0,0.0,0.0,0.0,0.0,0.0,0.05,0.0,False,25
CLEC4D,0.01,0,0,0,15.0,13.0,15.0,,0.0,0.0,0.0,0.1,0.0,0.0,0.0,0.0,0.0,0.0,0.0,0.0,0.0,0.0,False,25
MAOA,0.01,0,0,0,15.0,9.0,15.0,1.0,0.0,0.0,0.1,0.0,0.0,0.0,0.0,0.0,0.0,0.0,0.0,0.0,0.0,0.0,False,25
MIR205,0.01,0,0,0,15.0,14.0,15.0,0.5,0.0,0.05,0.05,0.0,0.0,0.0,0.0,0.0,0.0,0.0,0.0,0.0,0.0,0.0,False,25
SMARCA4,0.01,0,0,0,15.0,11.0,15.0,1.0,0.05,0.0,0.0,0.0,0.0,0.0,0.0,0.05,0.05,0.0,0.0,0.0,0.0,0.05,False,25
TCF3,0.01,0,0,0,15.0,15.0,15.0,1.0,0.0,0.0,0.0,0.0,0.0,0.0,0.0,0.0,0.0,0.05,0.05,0.0,0.0,0.0,False,25
C21orf62,0.01,0,0,0,15.5,9.0,15.5,0.0,0.0,0.05,0.05,0.0,0.0,0.0,0.0,0.0,0.0,0.0,0.0,0.0,0.0,0.0,False,25
PDE11A,0.01,0,0,0,15.5,6.0,15.5,0.0,0.0,0.05,0.0,0.0,0.0,0.0,0.05,0.0,0.0,0.0,0.0,0.0,0.0,0.0,False,25
PLCL2,0.01,0,0,0,15.5,10.0,15.5,1.0,0.0,0.0,0.0,0.0,0.0,0.0,0.0,0.05,0.05,0.0,0.0,0.0,0.0,0.0,False,25
SEC16A,0.01,0,0,0,15.5,15.0,15.5,1.0,0.05,0.0,0.0,0.0,0.0,0.0,0.0,0.05,0.05,0.0,0.0,0.0,0.0,0.05,False,25
SPAG4,0.01,0,0,0,15.5,14.0,15.5,1.0,0.0,0.0,0.0,0.0,0.0,0.0,0.0,0.0,0.0,0.05,0.05,0.0,0.0,0.0,False,25
TAGLN2,0.01,0,0,0,15.5,11.0,15.5,1.0,0.25,0.0,0.0,0.0,0.0,0.0,0.0,0.05,0.05,0.0,0.0,0.0,0.0,0.25,False,25
AKR1D1,0.01,0,0,0,16.0,16.0,16.0,0.0,0.0,0.05,0.0,0.05,0.0,0.0,0.0,0.0,0.0,0.0,0.0,0.0,0.0,0.0,False,25
FRAT2,0.01,0,0,0,16.0,16.0,16.0,1.0,0.0,0.0,0.0,0.0,0.0,0.0,0.0,0.0,0.0,0.05,0.05,0.0,0.0,0.0,False,25
LINC01000,0.01,0,0,0,16.0,16.0,16.0,1.0,0.0,0.0,0.0,0.0,0.0,0.0,0.0,0.0,0.0,0.05,0.05,0.0,0.0,0.0,False,25
LMLN,0.01,0,0,0,16.0,16.0,16.0,1.0,0.0,0.0,0.0,0.0,0.0,0.0,0.0,0.0,0.0,0.05,0.05,0.0,0.0,0.0,False,25
LOC100506929,0.01,0,0,0,16.0,9.0,16.0,0.0,0.0,0.0,0.0,0.0,0.05,0.0,0.05,0.0,0.0,0.0,0.0,0.0,0.05,0.0,False,25
LPAR6,0.01,0,0,0,16.0,16.0,16.0,1.0,0.0,0.0,0.0,0.0,0.0,0.0,0.0,0.0,0.0,0.05,0.05,0.0,0.0,0.0,False,25
ACADM,0.01,0,0,0,16.5,16.0,16.5,1.0,0.0,0.0,0.0,0.0,0.0,0.0,0.0,0.0,0.0,0.05,0.05,0.0,0.0,0.0,False,25
CCDC18-AS1,0.01,0,0,0,16.5,16.0,16.5,1.0,0.0,0.0,0.0,0.0,0.0,0.0,0.0,0.0,0.0,0.05,0.05,0.0,0.0,0.0,False,25
CPM,0.01,0,0,0,16.5,16.0,16.5,0.5,0.0,0.0,0.0,0.0,0.0,0.05,0.0,0.05,0.0,0.0,0.0,0.0,0.0,0.0,False,25
FAM193A,0.01,0,0,0,16.5,16.0,16.5,1.0,0.0,0.0,0.0,0.0,0.0,0.0,0.0,0.0,0.0,0.05,0.05,0.0,0.0,0.0,False,25
MAP3K1,0.01,0,0,0,16.5,10.0,16.5,,0.0,0.0,0.0,0.1,0.0,0.0,0.0,0.0,0.0,0.0,0.0,0.0,0.0,0.0,False,25
RAI1,0.01,0,0,0,16.5,16.0,16.5,1.0,0.0,0.0,0.0,0.0,0.0,0.0,0.0,0.05,0.05,0.0,0.0,0.0,0.0,0.0,False,25
SERTM1,0.01,0,0,0,16.5,14.0,16.5,0.0,0.0,0.1,0.0,0.0,0.0,0.0,0.0,0.0,0.0,0.0,0.0,0.05,0.0,0.0,False,25
SLC26A11,0.01,0,0,0,16.5,16.0,16.5,1.0,0.0,0.0,0.0,0.0,0.0,0.0,0.0,0.0,0.0,0.05,0.05,0.0,0.0,0.0,False,25
TDG,0.01,0,0,0,16.5,15.0,16.5,1.0,0.0,0.0,0.0,0.0,0.0,0.0,0.0,0.05,0.05,0.0,0.0,0.0,0.0,0.0,False,25
ADGRL3,0.01,0,0,0,17.0,15.0,17.0,0.5,0.0,0.0,0.1,0.0,0.0,0.0,0.0,0.0,0.0,0.0,0.0,0.0,0.0,0.0,False,25
ARFGAP1,0.01,0,0,0,17.0,17.0,17.0,1.0,0.0,0.0,0.0,0.0,0.0,0.0,0.0,0.0,0.0,0.05,0.05,0.0,0.0,0.0,False,25
ARHGAP39,0.01,0,0,0,17.0,17.0,17.0,1.0,0.0,0.0,0.0,0.0,0.0,0.0,0.0,0.05,0.05,0.0,0.0,0.0,0.0,0.0,False,25
CEMIP,0.01,0,0,0,17.0,17.0,17.0,1.0,0.0,0.0,0.0,0.0,0.0,0.0,0.0,0.0,0.0,0.05,0.05,0.0,0.0,0.0,False,25
CLDND2,0.01,0,0,0,17.0,15.0,17.0,0.0,0.0,0.05,0.0,0.05,0.0,0.0,0.0,0.0,0.0,0.0,0.0,0.0,0.0,0.0,False,25
MUC17,0.01,0,0,0,17.0,17.0,17.0,,0.0,0.0,0.0,0.1,0.0,0.0,0.0,0.0,0.0,0.0,0.0,0.0,0.0,0.0,False,25
PROM2,0.01,0,0,0,17.0,17.0,17.0,1.0,0.0,0.0,0.0,0.0,0.0,0.0,0.0,0.05,0.05,0.0,0.0,0.0,0.0,0.0,False,25
AFAP1L1,0.01,0,0,0,17.5,17.0,17.5,1.0,0.0,0.0,0.0,0.0,0.0,0.0,0.0,0.0,0.0,0.05,0.05,0.0,0.0,0.0,False,25
GNAL,0.01,0,0,0,17.5,17.0,17.5,1.0,0.0,0.0,0.0,0.0,0.0,0.0,0.0,0.0,0.0,0.05,0.05,0.0,0.0,0.0,False,25
GRAMD1C,0.01,0,0,0,17.5,11.0,17.5,0.0,0.0,0.0,0.0,0.05,0.0,0.05,0.0,0.0,0.0,0.0,0.0,0.0,0.0,0.0,False,25
LOC105379426,0.01,0,0,0,17.5,16.0,17.5,1.0,0.0,0.0,0.0,0.0,0.0,0.0,0.0,0.0,0.0,0.05,0.05,0.0,0.0,0.0,False,25
MGARP,0.01,0,0,0,17.5,10.0,17.5,1.0,0.0,0.0,0.0,0.1,0.0,0.0,0.0,0.0,0.0,0.0,0.0,0.0,0.05,0.0,False,25
MIF,0.01,0,0,0,17.5,17.0,17.5,1.0,0.0,0.0,0.0,0.0,0.0,0.0,0.0,0.0,0.0,0.05,0.05,0.0,0.0,0.0,False,25
MYOT,0.01,0,0,0,17.5,17.0,17.5,1.0,0.0,0.0,0.0,0.0,0.0,0.0,0.0,0.0,0.0,0.05,0.05,0.0,0.0,0.0,False,25
PSRC1,0.01,0,0,0,17.5,14.0,17.5,1.0,0.05,0.0,0.0,0.0,0.0,0.0,0.0,0.05,0.05,0.0,0.0,0.0,0.0,0.05,False,25
SIGLEC17P,0.01,0,0,0,17.5,13.0,17.5,,0.0,0.0,0.0,0.1,0.0,0.0,0.0,0.0,0.0,0.0,0.0,0.0,0.0,0.0,False,25
TRMT44,0.01,0,0,0,17.5,16.0,17.5,1.0,0.0,0.0,0.0,0.05,0.0,0.05,0.0,0.0,0.0,0.0,0.0,0.0,0.05,0.0,False,25
ZNF385B,0.01,0,0,0,17.5,17.0,17.5,,0.0,0.0,0.0,0.1,0.0,0.0,0.0,0.0,0.0,0.0,0.0,0.0,0.0,0.0,False,25
AOC4P,0.01,0,0,0,18.0,14.0,18.0,0.0,0.0,0.0,0.0,0.05,0.0,0.05,0.0,0.0,0.0,0.0,0.0,0.0,0.0,0.0,False,25
ARNT2,0.01,0,0,0,18.0,18.0,18.0,1.0,0.0,0.0,0.0,0.0,0.0,0.0,0.0,0.0,0.0,0.05,0.05,0.0,0.0,0.0,False,25
AZIN2,0.01,0,0,0,18.0,16.0,18.0,1.0,0.0,0.0,0.0,0.0,0.0,0.0,0.0,0.0,0.0,0.05,0.05,0.0,0.0,0.0,False,25
C8orf88,0.01,0,0,0,18.0,18.0,18.0,1.0,0.0,0.0,0.0,0.0,0.0,0.0,0.0,0.0,0.0,0.05,0.05,0.0,0.0,0.0,False,25
CHURC1,0.01,0,0,0,18.0,17.0,18.0,1.0,0.0,0.0,0.0,0.0,0.0,0.0,0.0,0.0,0.0,0.05,0.05,0.0,0.0,0.0,False,25
DCAF11,0.01,0,0,0,18.0,17.0,18.0,1.0,0.0,0.0,0.0,0.0,0.0,0.0,0.0,0.0,0.0,0.05,0.05,0.0,0.0,0.0,False,25
FAM228B,0.01,0,0,0,18.0,13.0,18.0,1.0,0.0,0.0,0.0,0.0,0.0,0.0,0.0,0.05,0.05,0.0,0.0,0.0,0.0,0.0,False,25
GRHL2,0.01,0,0,0,18.0,18.0,18.0,1.0,0.0,0.0,0.0,0.0,0.0,0.0,0.0,0.05,0.05,0.0,0.0,0.0,0.0,0.0,False,25
JUP,0.01,0,0,0,18.0,13.0,18.0,1.0,0.0,0.0,0.0,0.0,0.0,0.0,0.0,0.05,0.05,0.0,0.0,0.0,0.0,0.0,False,25
LCOR,0.01,0,0,0,18.0,18.0,18.0,0.5,0.0,0.0,0.0,0.0,0.0,0.1,0.0,0.0,0.0,0.0,0.0,0.0,0.0,0.0,False,25
RGS12,0.01,0,0,0,18.0,18.0,18.0,1.0,0.0,0.0,0.0,0.0,0.0,0.0,0.0,0.0,0.0,0.05,0.05,0.0,0.0,0.0,False,25
SIGLEC15,0.01,0,0,0,18.0,12.0,18.0,0.0,0.0,0.0,0.1,0.0,0.0,0.0,0.0,0.0,0.0,0.0,0.0,0.0,0.0,0.0,False,25
ANGPTL4,0.01,0,0,0,18.5,18.0,18.5,0.16666666666666666,0.25,0.0,0.0,0.0,0.0,0.0,0.0,0.0,0.0,0.05,0.05,0.0,0.0,0.25,False,25
ATP1B1,0.01,0,0,0,18.5,17.0,18.5,1.0,0.0,0.0,0.0,0.0,0.0,0.0,0.0,0.0,0.0,0.05,0.05,0.0,0.0,0.0,False,25
COBLL1,0.01,0,0,0,18.5,18.0,18.5,0.5,0.0,0.0,0.1,0.0,0.0,0.0,0.0,0.0,0.0,0.0,0.0,0.0,0.0,0.0,False,25
SMYD3,0.01,0,0,0,18.5,16.0,18.5,0.5,0.0,0.0,0.1,0.0,0.0,0.0,0.0,0.0,0.0,0.0,0.0,0.0,0.0,0.0,False,25
SOX5,0.01,0,0,0,18.5,16.0,18.5,0.5,0.0,0.0,0.0,0.0,0.0,0.1,0.0,0.0,0.0,0.0,0.0,0.0,0.0,0.0,False,25
SRRT,0.01,0,0,0,18.5,12.0,18.5,1.0,0.0,0.0,0.0,0.0,0.0,0.0,0.0,0.05,0.05,0.0,0.0,0.0,0.0,0.0,False,25
ADORA3,0.01,0,0,0,19.0,15.0,19.0,,0.0,0.0,0.0,0.1,0.0,0.0,0.0,0.0,0.0,0.0,0.0,0.0,0.0,0.0,False,25
CLK2,0.01,0,0,0,19.0,16.0,19.0,1.0,0.0,0.0,0.0,0.0,0.0,0.0,0.0,0.05,0.05,0.0,0.0,0.0,0.0,0.0,False,25
CRABP2,0.01,0,0,0,19.0,19.0,19.0,1.0,0.0,0.0,0.0,0.0,0.0,0.0,0.0,0.0,0.0,0.05,0.05,0.0,0.0,0.0,False,25
KIF6,0.01,0,0,0,19.0,13.0,19.0,0.5,0.0,0.0,0.1,0.0,0.0,0.0,0.0,0.0,0.0,0.0,0.0,0.0,0.0,0.0,False,25
MAPKAPK2,0.01,0,0,0,19.0,19.0,19.0,1.0,0.0,0.0,0.0,0.0,0.0,0.0,0.0,0.0,0.0,0.05,0.05,0.0,0.0,0.0,False,25
NECTIN3,0.01,0,0,0,19.0,18.0,19.0,1.0,0.0,0.0,0.0,0.0,0.0,0.0,0.0,0.0,0.0,0.05,0.05,0.0,0.0,0.0,False,25
NUP210P1,0.01,0,0,0,19.0,15.0,19.0,0.5,0.0,0.05,0.05,0.0,0.0,0.0,0.0,0.0,0.0,0.0,0.0,0.0,0.0,0.0,False,25
POLR3A,0.01,0,0,0,19.0,16.0,19.0,1.0,0.0,0.0,0.0,0.0,0.0,0.0,0.0,0.05,0.05,0.0,0.0,0.0,0.0,0.0,False,25
TSPAN17,0.01,0,0,0,19.0,14.0,19.0,1.0,0.6,0.0,0.0,0.0,0.0,0.0,0.0,0.0,0.1,0.0,0.0,0.0,0.0,0.6,False,25
AURKA,0.01,0,0,0,19.5,18.0,19.5,1.0,0.0,0.0,0.0,0.0,0.0,0.0,0.0,0.05,0.05,0.0,0.0,0.0,0.0,0.0,False,25
CDON,0.01,0,0,0,19.5,18.0,19.5,0.5,0.0,0.0,0.0,0.0,0.0,0.1,0.0,0.0,0.0,0.0,0.0,0.0,0.0,0.0,False,25
CISH,0.01,0,0,0,19.5,19.0,19.5,1.0,0.0,0.0,0.0,0.0,0.0,0.0,0.0,0.0,0.0,0.05,0.05,0.0,0.0,0.0,False,25
CNPY3,0.01,0,0,0,19.5,17.0,19.5,1.0,0.0,0.0,0.0,0.0,0.0,0.0,0.0,0.05,0.05,0.0,0.0,0.0,0.0,0.0,False,25
CTPS1,0.01,0,0,0,19.5,19.0,19.5,1.0,0.0,0.0,0.0,0.0,0.0,0.0,0.0,0.0,0.0,0.05,0.05,0.0,0.0,0.0,False,25
FBXO40,0.01,0,0,0,19.5,18.0,19.5,0.0,0.0,0.0,0.0,0.0,0.05,0.0,0.05,0.0,0.0,0.0,0.0,0.0,0.0,0.0,False,25
RBPMS2,0.01,0,0,0,19.5,14.0,19.5,0.5,0.0,0.0,0.0,0.0,0.0,0.1,0.0,0.0,0.0,0.0,0.0,0.0,0.0,0.0,False,25
STARD10,0.01,0,0,0,19.5,14.0,19.5,1.0,0.0,0.0,0.0,0.0,0.0,0.0,0.0,0.05,0.05,0.0,0.0,0.0,0.0,0.0,False,25
ATG101,0.01,0,0,0,20.0,20.0,20.0,1.0,0.0,0.0,0.0,0.0,0.0,0.0,0.0,0.0,0.0,0.05,0.05,0.0,0.0,0.0,False,25
BHMT2,0.01,0,0,0,20.0,19.0,20.0,0.0,0.0,0.0,0.0,0.0,0.05,0.0,0.05,0.0,0.0,0.0,0.0,0.0,0.0,0.0,False,25
F2RL2,0.01,0,0,0,20.0,17.0,20.0,0.5,0.0,0.0,0.05,0.0,0.0,0.05,0.0,0.0,0.0,0.0,0.0,0.0,0.0,0.0,False,25
FAM99B,0.01,0,0,0,20.0,20.0,20.0,0.0,0.0,0.0,0.0,0.0,0.0,0.05,0.05,0.0,0.0,0.0,0.0,0.0,0.0,0.0,False,25
FGF13-AS1,0.01,0,0,0,20.0,19.0,20.0,0.0,0.0,0.0,0.0,0.0,0.05,0.0,0.05,0.0,0.0,0.0,0.0,0.0,0.0,0.0,False,25
FOXP2,0.01,0,0,0,20.0,18.0,20.0,0.0,0.0,0.0,0.05,0.05,0.0,0.0,0.0,0.0,0.0,0.0,0.0,0.0,0.0,0.0,False,25
GKN2,0.01,0,0,0,20.0,18.0,20.0,0.0,0.0,0.0,0.0,0.0,0.05,0.0,0.05,0.0,0.0,0.0,0.0,0.0,0.0,0.0,False,25
KIAA0895L,0.01,0,0,0,20.0,19.0,20.0,1.0,0.0,0.0,0.0,0.0,0.0,0.0,0.0,0.0,0.0,0.05,0.05,0.0,0.0,0.0,False,25
LOC107985971,0.01,0,0,0,20.0,20.0,20.0,1.0,0.0,0.0,0.0,0.0,0.0,0.0,0.0,0.0,0.0,0.05,0.05,0.0,0.0,0.0,False,25
LOC646268,0.01,0,0,0,20.0,19.0,20.0,1.0,0.0,0.0,0.0,0.0,0.0,0.0,0.0,0.0,0.0,0.05,0.05,0.0,0.0,0.0,False,25
MTA1,0.01,0,0,0,20.0,20.0,20.0,1.0,0.0,0.0,0.0,0.0,0.0,0.0,0.0,0.0,0.0,0.05,0.05,0.0,0.0,0.0,False,25
NEUROG2,0.01,0,0,0,20.0,19.0,20.0,0.0,0.0,0.1,0.0,0.0,0.0,0.0,0.0,0.0,0.0,0.0,0.0,0.05,0.0,0.0,False,25
SPATA13,0.01,0,0,0,20.0,20.0,20.0,1.0,0.0,0.0,0.0,0.0,0.0,0.0,0.0,0.0,0.0,0.05,0.05,0.0,0.0,0.0,False,25
TMEM154,0.01,0,0,0,20.0,19.0,20.0,1.0,0.0,0.0,0.0,0.0,0.0,0.0,0.0,0.0,0.0,0.05,0.05,0.0,0.0,0.0,False,25
ZNF776,0.01,0,0,0,20.0,20.0,20.0,1.0,0.0,0.0,0.0,0.0,0.0,0.0,0.0,0.0,0.0,0.05,0.05,0.0,0.0,0.0,False,25
ALS2,0.01,0,0,0,20.5,20.0,20.5,1.0,0.0,0.0,0.0,0.0,0.0,0.0,0.0,0.0,0.0,0.05,0.05,0.0,0.0,0.0,False,25
ARHGAP42,0.01,0,0,0,20.5,18.0,20.5,1.0,0.0,0.0,0.0,0.0,0.0,0.1,0.0,0.0,0.0,0.0,0.0,0.0,0.0,0.0,False,25
CDH26,0.01,0,0,0,20.5,18.0,20.5,1.0,0.0,0.0,0.0,0.0,0.0,0.1,0.0,0.0,0.0,0.0,0.0,0.0,0.0,0.0,False,25
CHD6,0.01,0,0,0,20.5,20.0,20.5,1.0,0.0,0.0,0.0,0.0,0.0,0.0,0.0,0.0,0.0,0.05,0.05,0.0,0.0,0.0,False,25
KIF2C,0.01,0,0,0,20.5,17.0,20.5,1.0,0.2,0.0,0.0,0.0,0.0,0.0,0.0,0.05,0.05,0.0,0.0,0.0,0.0,0.2,False,25
MOGS,0.01,0,0,0,20.5,19.0,20.5,1.0,0.0,0.0,0.0,0.0,0.0,0.0,0.0,0.0,0.0,0.05,0.05,0.0,0.0,0.0,False,25
SGK2,0.01,0,0,0,20.5,20.0,20.5,0.0,0.0,0.0,0.0,0.0,0.05,0.0,0.05,0.0,0.0,0.0,0.0,0.0,0.05,0.0,False,25
SPNS1,0.01,0,0,0,20.5,20.0,20.5,1.0,0.0,0.0,0.0,0.0,0.0,0.0,0.0,0.0,0.0,0.05,0.05,0.0,0.0,0.0,False,25
SSR2,0.01,0,0,0,20.5,19.0,20.5,1.0,0.0,0.0,0.0,0.0,0.0,0.0,0.0,0.05,0.05,0.0,0.0,0.0,0.0,0.0,False,25
WNT11,0.01,0,0,0,20.5,20.0,20.5,0.5,0.0,0.0,0.1,0.0,0.0,0.0,0.0,0.0,0.0,0.0,0.0,0.0,0.0,0.0,False,25
ZNF544,0.01,0,0,0,20.5,17.0,20.5,1.0,0.0,0.0,0.0,0.0,0.0,0.0,0.0,0.05,0.05,0.0,0.0,0.0,0.0,0.0,False,25
ARHGEF40,0.01,0,0,0,21.0,21.0,21.0,1.0,0.0,0.0,0.0,0.0,0.0,0.0,0.0,0.0,0.0,0.05,0.05,0.0,0.0,0.0,False,25
COL11A1,0.01,0,0,0,21.0,17.0,21.0,0.6666666666666666,0.05,0.0,0.1,0.0,0.0,0.0,0.0,0.0,0.0,0.0,0.0,0.0,0.0,0.05,False,25
DTX1,0.01,0,0,0,21.0,21.0,21.0,1.0,0.0,0.0,0.0,0.0,0.0,0.0,0.0,0.0,0.0,0.05,0.05,0.0,0.0,0.0,False,25
LOC102724938,0.01,0,0,0,21.0,17.0,21.0,0.0,0.0,0.05,0.0,0.05,0.0,0.0,0.0,0.0,0.0,0.0,0.0,0.15,0.0,0.0,False,25
PIK3R3,0.01,0,0,0,21.0,17.0,21.0,1.0,0.0,0.0,0.0,0.0,0.0,0.0,0.0,0.05,0.05,0.0,0.0,0.0,0.0,0.0,False,25
SLC12A9,0.01,0,0,0,21.0,20.0,21.0,1.0,0.0,0.0,0.0,0.0,0.0,0.0,0.0,0.0,0.0,0.05,0.05,0.0,0.0,0.0,False,25
SLC9A1,0.01,0,0,0,21.0,20.0,21.0,1.0,0.0,0.0,0.0,0.0,0.0,0.0,0.0,0.0,0.0,0.05,0.05,0.0,0.0,0.0,False,25
ADGRE2,0.01,0,0,0,21.5,19.0,21.5,,0.0,0.0,0.0,0.1,0.0,0.0,0.0,0.0,0.0,0.0,0.0,0.0,0.0,0.0,False,25
CHAF1A,0.01,0,0,0,21.5,21.0,21.5,1.0,0.0,0.0,0.0,0.0,0.0,0.0,0.0,0.0,0.0,0.05,0.05,0.0,0.0,0.0,False,25
FAXC,0.01,0,0,0,21.5,21.0,21.5,1.0,0.0,0.0,0.0,0.0,0.0,0.0,0.0,0.0,0.0,0.05,0.05,0.0,0.0,0.0,False,25
HOXC10,0.01,0,0,0,21.5,20.0,21.5,1.0,0.0,0.0,0.0,0.0,0.0,0.0,0.0,0.0,0.0,0.05,0.05,0.0,0.0,0.0,False,25
LOC90768,0.01,0,0,0,21.5,21.0,21.5,0.0,0.0,0.05,0.0,0.0,0.05,0.0,0.0,0.0,0.0,0.0,0.0,0.0,0.05,0.0,False,25
RAD9A,0.01,0,0,0,21.5,19.0,21.5,1.0,0.05,0.0,0.0,0.0,0.0,0.0,0.0,0.05,0.05,0.0,0.0,0.0,0.0,0.05,False,25
STX8,0.01,0,0,0,21.5,19.0,21.5,1.0,0.0,0.0,0.0,0.0,0.0,0.0,0.0,0.05,0.05,0.0,0.0,0.0,0.0,0.0,False,25
TRPM4,0.01,0,0,0,21.5,21.0,21.5,1.0,0.0,0.0,0.0,0.0,0.0,0.0,0.0,0.0,0.0,0.05,0.05,0.0,0.0,0.0,False,25
CCNB1,0.01,0,0,0,22.0,21.0,22.0,1.0,0.0,0.0,0.0,0.0,0.0,0.0,0.0,0.05,0.05,0.0,0.0,0.0,0.0,0.0,False,25
FZD2,0.01,0,0,0,22.0,20.0,22.0,0.0,0.0,0.0,0.05,0.0,0.0,0.05,0.0,0.0,0.0,0.0,0.0,0.0,0.0,0.0,False,25
KNTC1,0.01,0,0,0,22.0,21.0,22.0,1.0,0.0,0.0,0.0,0.0,0.0,0.0,0.0,0.0,0.0,0.05,0.05,0.0,0.0,0.0,False,25
LOC100129917,0.01,0,0,0,22.0,22.0,22.0,1.0,0.0,0.0,0.0,0.0,0.0,0.0,0.0,0.0,0.0,0.05,0.05,0.0,0.0,0.0,False,25
MTG1,0.01,0,0,0,22.0,22.0,22.0,1.0,0.0,0.0,0.0,0.0,0.0,0.0,0.0,0.0,0.0,0.05,0.05,0.0,0.0,0.0,False,25
RDH5,0.01,0,0,0,22.0,20.0,22.0,0.0,0.0,0.0,0.05,0.0,0.0,0.05,0.0,0.0,0.0,0.0,0.0,0.0,0.0,0.0,False,25
SLC35C2,0.01,0,0,0,22.0,20.0,22.0,1.0,0.0,0.0,0.0,0.0,0.0,0.0,0.0,0.05,0.05,0.0,0.0,0.0,0.0,0.0,False,25
TRRAP,0.01,0,0,0,22.0,22.0,22.0,1.0,0.0,0.0,0.0,0.0,0.0,0.0,0.0,0.0,0.0,0.05,0.05,0.0,0.0,0.0,False,25
ATP1B2,0.01,0,0,0,22.5,22.0,22.5,1.0,0.0,0.0,0.0,0.0,0.0,0.0,0.0,0.0,0.0,0.05,0.05,0.0,0.0,0.0,False,25
LINC01138,0.01,0,0,0,22.5,22.0,22.5,1.0,0.0,0.0,0.0,0.0,0.0,0.0,0.0,0.0,0.0,0.05,0.05,0.0,0.0,0.0,False,25
LOC105378828,0.01,0,0,0,22.5,20.0,22.5,,0.0,0.0,0.0,0.0,0.0,0.0,0.1,0.0,0.0,0.0,0.0,0.0,0.0,0.0,False,25
PPP1R14B,0.01,0,0,0,22.5,21.0,22.5,,0.0,0.0,0.0,0.0,0.0,0.0,0.0,0.0,0.1,0.0,0.0,0.0,0.0,0.0,False,25
SLC14A2-AS1,0.01,0,0,0,22.5,22.0,22.5,1.0,0.0,0.0,0.0,0.0,0.0,0.0,0.0,0.0,0.0,0.05,0.05,0.0,0.0,0.0,False,25
TNMD,0.01,0,0,0,22.5,22.0,22.5,0.0,0.0,0.0,0.0,0.0,0.05,0.0,0.05,0.0,0.0,0.0,0.0,0.0,0.0,0.0,False,25
BLM,0.01,0,0,0,23.0,23.0,23.0,1.0,0.0,0.0,0.0,0.0,0.0,0.0,0.0,0.0,0.0,0.05,0.05,0.0,0.0,0.0,False,25
BRMS1,0.01,0,0,0,23.0,23.0,23.0,1.0,0.2,0.0,0.0,0.0,0.0,0.0,0.0,0.05,0.05,0.0,0.0,0.0,0.0,0.2,False,25
FGFBP2,0.01,0,0,0,23.0,21.0,23.0,0.25,0.0,0.05,0.05,0.0,0.0,0.0,0.0,0.0,0.0,0.0,0.0,0.1,0.0,0.0,False,25
UGP2,0.01,0,0,0,23.0,21.0,23.0,,0.0,0.0,0.0,0.1,0.0,0.0,0.0,0.0,0.0,0.0,0.0,0.0,0.0,0.0,False,25
ADAMTSL1,0.01,0,0,0,23.5,23.0,23.5,1.0,0.0,0.0,0.0,0.0,0.0,0.0,0.0,0.0,0.0,0.05,0.05,0.0,0.0,0.0,False,25
BCHE,0.01,0,0,0,23.5,22.0,23.5,1.0,0.0,0.0,0.0,0.0,0.0,0.0,0.0,0.0,0.0,0.05,0.05,0.0,0.0,0.0,False,25
ENTPD6,0.01,0,0,0,23.5,23.0,23.5,1.0,0.0,0.0,0.0,0.0,0.0,0.0,0.0,0.0,0.0,0.05,0.05,0.0,0.0,0.0,False,25
EPS15,0.01,0,0,0,23.5,23.0,23.5,1.0,0.0,0.0,0.0,0.0,0.0,0.0,0.0,0.0,0.0,0.05,0.05,0.0,0.0,0.0,False,25
MICB,0.01,0,0,0,23.5,22.0,23.5,1.0,0.0,0.0,0.0,0.0,0.0,0.0,0.0,0.0,0.0,0.05,0.05,0.0,0.0,0.0,False,25
POPDC3,0.01,0,0,0,23.5,23.0,23.5,1.0,0.0,0.0,0.0,0.0,0.0,0.0,0.0,0.0,0.0,0.05,0.05,0.0,0.0,0.0,False,25
PRR14,0.01,0,0,0,23.5,22.0,23.5,1.0,0.0,0.0,0.0,0.0,0.0,0.0,0.0,0.0,0.0,0.05,0.05,0.0,0.0,0.0,False,25
PYGM,0.01,0,0,0,23.5,23.0,23.5,1.0,0.0,0.0,0.0,0.0,0.0,0.0,0.0,0.0,0.0,0.05,0.05,0.0,0.0,0.0,False,25
SYCP3,0.01,0,0,0,23.5,23.0,23.5,1.0,0.0,0.05,0.05,0.0,0.0,0.0,0.0,0.0,0.0,0.0,0.0,0.0,0.0,0.0,False,25
SYNGR2,0.01,0,0,0,23.5,23.0,23.5,1.0,0.0,0.0,0.0,0.0,0.0,0.0,0.0,0.0,0.0,0.05,0.05,0.0,0.0,0.0,False,25
TAF1B,0.01,0,0,0,23.5,22.0,23.5,0.0,0.0,0.0,0.0,0.05,0.0,0.05,0.0,0.0,0.0,0.0,0.0,0.0,0.0,0.0,False,25
TAT,0.01,0,0,0,23.5,23.0,23.5,1.0,0.0,0.0,0.0,0.05,0.0,0.05,0.0,0.0,0.0,0.0,0.0,0.0,0.0,0.0,False,25
TRIM25,0.01,0,0,0,23.5,22.0,23.5,1.0,0.0,0.0,0.0,0.0,0.0,0.0,0.0,0.05,0.05,0.0,0.0,0.0,0.0,0.0,False,25
WHSC1,0.01,0,0,0,23.5,23.0,23.5,1.0,0.0,0.0,0.0,0.0,0.0,0.0,0.0,0.05,0.05,0.0,0.0,0.0,0.0,0.0,False,25
ZDHHC12,0.01,0,0,0,23.5,23.0,23.5,1.0,0.0,0.0,0.0,0.0,0.0,0.0,0.0,0.0,0.0,0.05,0.05,0.0,0.0,0.0,False,25
AUP1,0.01,0,0,0,24.0,24.0,24.0,1.0,0.0,0.0,0.0,0.0,0.0,0.0,0.0,0.0,0.0,0.05,0.05,0.0,0.0,0.0,False,25
CAPN11,0.01,0,0,0,24.0,24.0,24.0,1.0,0.0,0.0,0.0,0.0,0.0,0.0,0.0,0.0,0.0,0.05,0.05,0.0,0.0,0.0,False,25
CDCA7,0.01,0,0,0,24.0,24.0,24.0,1.0,0.0,0.0,0.0,0.0,0.0,0.0,0.0,0.0,0.0,0.05,0.05,0.0,0.0,0.0,False,25
CEP126,0.01,0,0,0,24.0,23.0,24.0,1.0,0.0,0.0,0.0,0.0,0.0,0.0,0.0,0.0,0.0,0.05,0.05,0.0,0.0,0.0,False,25
IPO9,0.01,0,0,0,24.0,24.0,24.0,1.0,0.0,0.0,0.0,0.0,0.0,0.0,0.0,0.0,0.0,0.05,0.05,0.0,0.0,0.0,False,25
NME3,0.01,0,0,0,24.0,23.0,24.0,1.0,0.0,0.0,0.0,0.0,0.0,0.0,0.0,0.0,0.0,0.05,0.05,0.0,0.0,0.0,False,25
PUF60,0.01,0,0,0,24.0,23.0,24.0,1.0,0.0,0.0,0.0,0.0,0.0,0.0,0.0,0.0,0.0,0.05,0.05,0.0,0.0,0.0,False,25
SCARF2,0.01,0,0,0,24.0,24.0,24.0,,0.0,0.0,0.0,0.1,0.0,0.0,0.0,0.0,0.0,0.0,0.0,0.0,0.0,0.0,False,25
SLC44A2,0.01,0,0,0,24.0,24.0,24.0,1.0,0.0,0.0,0.0,0.0,0.0,0.0,0.0,0.0,0.0,0.05,0.05,0.0,0.0,0.0,False,25
SPAG5,0.01,0,0,0,24.0,23.0,24.0,1.0,0.0,0.0,0.0,0.0,0.0,0.0,0.0,0.0,0.0,0.05,0.05,0.0,0.0,0.0,False,25
ZNF296,0.01,0,0,0,24.0,23.0,24.0,1.0,0.0,0.0,0.0,0.0,0.0,0.0,0.0,0.0,0.0,0.05,0.05,0.0,0.0,0.0,False,25
CCL23,0.01,0,0,0,24.5,24.0,24.5,0.3333333333333333,0.0,0.0,0.0,0.0,0.0,0.0,0.0,0.0,0.0,0.05,0.05,0.1,0.0,0.0,False,25
CHIT1,0.01,0,0,0,24.5,24.0,24.5,,0.0,0.0,0.0,0.1,0.0,0.0,0.0,0.0,0.0,0.0,0.0,0.0,0.0,0.0,False,25
HIBCH,0.01,0,0,0,24.5,24.0,24.5,1.0,0.0,0.0,0.0,0.0,0.0,0.0,0.0,0.0,0.0,0.05,0.05,0.0,0.0,0.0,False,25
MDM4,0.01,0,0,0,24.5,24.0,24.5,1.0,0.0,0.0,0.0,0.0,0.0,0.0,0.0,0.0,0.0,0.05,0.05,0.0,0.0,0.0,False,25
RAB40C,0.01,0,0,0,24.5,24.0,24.5,1.0,0.0,0.0,0.0,0.0,0.0,0.0,0.0,0.0,0.0,0.05,0.05,0.0,0.0,0.0,False,25
ZNF562,0.01,0,0,0,24.5,24.0,24.5,0.5,0.0,0.0,0.0,0.0,0.0,0.1,0.0,0.0,0.0,0.0,0.0,0.0,0.0,0.0,False,25
CCDC124,0.01,0,0,0,25.0,25.0,25.0,1.0,0.0,0.0,0.0,0.0,0.0,0.0,0.0,0.0,0.0,0.05,0.05,0.0,0.0,0.0,False,25
CUTA,0.01,0,0,0,25.0,25.0,25.0,1.0,0.0,0.0,0.0,0.0,0.0,0.0,0.0,0.0,0.0,0.05,0.05,0.0,0.0,0.0,False,25
KIAA1522,0.01,0,0,0,25.0,25.0,25.0,1.0,0.0,0.0,0.0,0.0,0.0,0.0,0.0,0.0,0.0,0.05,0.05,0.0,0.0,0.0,False,25
ZBED3-AS1,0.01,0,0,0,25.0,25.0,25.0,1.0,0.0,0.0,0.0,0.0,0.0,0.0,0.0,0.0,0.0,0.05,0.05,0.0,0.0,0.0,False,25
C1orf234,0.005,0,0,0,1.0,1.0,1.0,1.0,0.0,0.05,0.0,0.0,0.0,0.0,0.0,0.0,0.0,0.0,0.0,0.0,0.0,0.0,False,25
LOC100127955,0.005,0,0,0,1.0,1.0,1.0,,0.0,0.0,0.0,0.05,0.0,0.0,0.0,0.0,0.0,0.0,0.0,0.0,0.0,0.0,False,25
MAGEL2,0.005,0,0,0,1.0,1.0,1.0,1.0,0.0,0.05,0.0,0.0,0.0,0.0,0.0,0.0,0.0,0.0,0.0,0.0,0.0,0.0,False,25
PRAP1,0.005,0,0,0,1.0,1.0,1.0,,0.0,0.0,0.0,0.05,0.0,0.0,0.0,0.0,0.0,0.0,0.0,0.0,0.0,0.0,False,25
THAP3,0.005,0,0,0,1.0,1.0,1.0,,0.0,0.0,0.0,0.05,0.0,0.0,0.0,0.0,0.0,0.0,0.0,0.0,0.0,0.0,False,25
AAGAB,0.005,0,0,0,2.0,2.0,2.0,1.0,0.0,0.0,0.05,0.0,0.0,0.0,0.0,0.0,0.0,0.0,0.0,0.0,0.0,0.0,False,25
C19orf12,0.005,0,0,0,2.0,2.0,2.0,,0.0,0.0,0.0,0.05,0.0,0.0,0.0,0.0,0.0,0.0,0.0,0.0,0.0,0.0,False,25
LOC101929964,0.005,0,0,0,2.0,2.0,2.0,,0.0,0.0,0.0,0.05,0.0,0.0,0.0,0.0,0.0,0.0,0.0,0.0,0.0,0.0,False,25
LOC102723526,0.005,0,0,0,2.0,2.0,2.0,,0.0,0.0,0.0,0.05,0.0,0.0,0.0,0.0,0.0,0.0,0.0,0.0,0.0,0.0,False,25
STOX1,0.005,0,0,0,2.0,2.0,2.0,0.0,0.0,0.0,0.05,0.0,0.0,0.0,0.0,0.0,0.0,0.0,0.0,0.0,0.0,0.0,False,25
C1orf123,0.005,0,0,0,3.0,3.0,3.0,,0.0,0.0,0.0,0.05,0.0,0.0,0.0,0.0,0.0,0.0,0.0,0.0,0.0,0.0,False,25
IL1RN,0.005,0,0,0,3.0,3.0,3.0,,0.0,0.0,0.0,0.05,0.0,0.0,0.0,0.0,0.0,0.0,0.0,0.0,0.0,0.0,False,25
LOC101928161,0.005,0,0,0,3.0,3.0,3.0,,0.0,0.0,0.0,0.05,0.0,0.0,0.0,0.0,0.0,0.0,0.0,0.0,0.0,0.0,False,25
MAPK10,0.005,0,0,0,3.0,3.0,3.0,1.0,0.0,0.0,0.05,0.0,0.0,0.0,0.0,0.0,0.0,0.0,0.0,0.0,0.0,0.0,False,25
MGC16275,0.005,0,0,0,3.0,3.0,3.0,,0.0,0.0,0.0,0.05,0.0,0.0,0.0,0.0,0.0,0.0,0.0,0.0,0.0,0.0,False,25
PFKFB4,0.005,0,0,0,3.0,3.0,3.0,1.0,0.05,0.0,0.05,0.0,0.0,0.0,0.0,0.0,0.0,0.0,0.0,0.0,0.0,0.05,False,25
A1CF,0.005,0,0,0,4.0,4.0,4.0,,0.0,0.0,0.0,0.05,0.0,0.0,0.0,0.0,0.0,0.0,0.0,0.0,0.0,0.0,False,25
FAM109B,0.005,0,0,0,4.0,4.0,4.0,0.0,0.0,0.0,0.05,0.0,0.0,0.0,0.0,0.0,0.0,0.0,0.0,0.0,0.0,0.0,False,25
LILRA6,0.005,0,0,0,4.0,4.0,4.0,,0.0,0.0,0.0,0.05,0.0,0.0,0.0,0.0,0.0,0.0,0.0,0.0,0.0,0.0,False,25
LMO7DN,0.005,0,0,0,4.0,4.0,4.0,,0.0,0.0,0.0,0.05,0.0,0.0,0.0,0.0,0.0,0.0,0.0,0.0,0.0,0.0,False,25
MEGF10,0.005,0,0,0,4.0,4.0,4.0,0.0,0.0,0.0,0.05,0.0,0.0,0.0,0.0,0.0,0.0,0.0,0.0,0.0,0.0,0.0,False,25
OR51B6,0.005,0,0,0,4.0,4.0,4.0,,0.0,0.0,0.0,0.05,0.0,0.0,0.0,0.0,0.0,0.0,0.0,0.0,0.0,0.0,False,25
PIR,0.005,0,0,0,4.0,4.0,4.0,1.0,0.0,0.0,0.05,0.0,0.0,0.0,0.0,0.0,0.0,0.0,0.0,0.0,0.0,0.0,False,25
SLC1A5,0.005,0,0,0,4.0,4.0,4.0,,0.0,0.0,0.0,0.05,0.0,0.0,0.0,0.0,0.0,0.0,0.0,0.0,0.0,0.0,False,25
TDRD9,0.005,0,0,0,4.0,4.0,4.0,0.0,0.0,0.0,0.0,0.0,0.0,0.05,0.0,0.0,0.0,0.0,0.0,0.0,0.0,0.0,False,25
AGPAT5,0.005,0,0,0,5.0,5.0,5.0,1.0,0.0,0.0,0.05,0.0,0.0,0.0,0.0,0.0,0.0,0.0,0.0,0.0,0.0,0.0,False,25
ANKRD60,0.005,0,0,0,5.0,5.0,5.0,,0.0,0.0,0.0,0.05,0.0,0.0,0.0,0.0,0.0,0.0,0.0,0.0,0.0,0.0,False,25
GPC3,0.005,0,0,0,5.0,5.0,5.0,1.0,0.0,0.0,0.05,0.0,0.0,0.0,0.0,0.0,0.0,0.0,0.0,0.0,0.0,0.0,False,25
LRRN1,0.005,0,0,0,5.0,5.0,5.0,1.0,0.0,0.0,0.05,0.0,0.0,0.0,0.0,0.0,0.0,0.0,0.0,0.0,0.0,0.0,False,25
MED7,0.005,0,0,0,5.0,5.0,5.0,,0.0,0.0,0.0,0.05,0.0,0.0,0.0,0.0,0.0,0.0,0.0,0.0,0.0,0.0,False,25
AK6,0.005,0,0,0,6.0,6.0,6.0,,0.0,0.0,0.0,0.05,0.0,0.0,0.0,0.0,0.0,0.0,0.0,0.0,0.0,0.0,False,25
CCDC38,0.005,0,0,0,6.0,6.0,6.0,,0.0,0.0,0.0,0.05,0.0,0.0,0.0,0.0,0.0,0.0,0.0,0.0,0.0,0.0,False,25
DPY19L1P1,0.005,0,0,0,6.0,6.0,6.0,,0.0,0.0,0.0,0.05,0.0,0.0,0.0,0.0,0.0,0.0,0.0,0.0,0.0,0.0,False,25
LOC101929621,0.005,0,0,0,6.0,6.0,6.0,0.0,0.0,0.05,0.0,0.0,0.0,0.0,0.0,0.0,0.0,0.0,0.0,0.05,0.0,0.0,False,25
SEPT9,0.005,0,0,0,6.0,6.0,6.0,0.0,0.0,0.0,0.0,0.0,0.0,0.05,0.0,0.0,0.0,0.0,0.0,0.0,0.0,0.0,False,25
TCEAL7,0.005,0,0,0,6.0,6.0,6.0,1.0,0.0,0.0,0.0,0.0,0.0,0.05,0.0,0.0,0.0,0.0,0.0,0.0,0.0,0.0,False,25
TESK1,0.005,0,0,0,6.0,6.0,6.0,,0.0,0.0,0.0,0.05,0.0,0.0,0.0,0.0,0.0,0.0,0.0,0.0,0.0,0.0,False,25
TMEM108,0.005,0,0,0,6.0,6.0,6.0,,0.0,0.0,0.0,0.05,0.0,0.0,0.0,0.0,0.0,0.0,0.0,0.0,0.0,0.0,False,25
TNFAIP8L1,0.005,0,0,0,6.0,6.0,6.0,0.0,0.0,0.0,0.05,0.0,0.0,0.0,0.0,0.0,0.0,0.0,0.0,0.0,0.0,0.0,False,25
ACAT1,0.005,0,0,0,7.0,7.0,7.0,1.0,0.0,0.0,0.05,0.0,0.0,0.0,0.0,0.0,0.0,0.0,0.0,0.0,0.0,0.0,False,25
ATP5O,0.005,0,0,0,7.0,7.0,7.0,,0.0,0.0,0.0,0.05,0.0,0.0,0.0,0.0,0.0,0.0,0.0,0.0,0.0,0.0,False,25
ATP6V0E2-AS1,0.005,0,0,0,7.0,7.0,7.0,1.0,0.0,0.0,0.0,0.0,0.0,0.05,0.0,0.0,0.0,0.0,0.0,0.0,0.0,0.0,False,25
ATP6V1E1,0.005,0,0,0,7.0,7.0,7.0,,0.0,0.0,0.0,0.05,0.0,0.0,0.0,0.0,0.0,0.0,0.0,0.0,0.0,0.0,False,25
IQCH,0.005,0,0,0,7.0,7.0,7.0,,0.0,0.0,0.0,0.05,0.0,0.0,0.0,0.0,0.0,0.0,0.0,0.0,0.0,0.0,False,25
MPC1,0.005,0,0,0,7.0,7.0,7.0,0.0,0.0,0.0,0.0,0.0,0.0,0.05,0.0,0.0,0.0,0.0,0.0,0.0,0.0,0.0,False,25
PLA2G2A,0.005,0,0,0,7.0,7.0,7.0,,0.0,0.0,0.0,0.05,0.0,0.0,0.0,0.0,0.0,0.0,0.0,0.0,0.0,0.0,False,25
PTPN11,0.005,0,0,0,7.0,7.0,7.0,,0.0,0.0,0.0,0.05,0.0,0.0,0.0,0.0,0.0,0.0,0.0,0.0,0.0,0.0,False,25
RIN3,0.005,0,0,0,7.0,7.0,7.0,,0.0,0.0,0.0,0.05,0.0,0.0,0.0,0.0,0.0,0.0,0.0,0.0,0.0,0.0,False,25
VSTM1,0.005,0,0,0,7.0,7.0,7.0,,0.0,0.0,0.0,0.05,0.0,0.0,0.0,0.0,0.0,0.0,0.0,0.0,0.0,0.0,False,25
ZMYND15,0.005,0,0,0,7.0,7.0,7.0,,0.0,0.0,0.0,0.05,0.0,0.0,0.0,0.0,0.0,0.0,0.0,0.0,0.0,0.0,False,25
ZNF2,0.005,0,0,0,7.0,7.0,7.0,1.0,0.0,0.0,0.0,0.0,0.0,0.05,0.0,0.0,0.0,0.0,0.0,0.0,0.0,0.0,False,25
ALDH2,0.005,0,0,0,8.0,8.0,8.0,1.0,0.0,0.0,0.0,0.0,0.0,0.0,0.0,0.05,0.0,0.0,0.0,0.0,0.0,0.0,False,25
BDKRB2,0.005,0,0,0,8.0,8.0,8.0,0.0,0.0,0.0,0.05,0.0,0.0,0.0,0.0,0.0,0.0,0.0,0.0,0.0,0.0,0.0,False,25
DDX53,0.005,0,0,0,8.0,8.0,8.0,,0.0,0.0,0.0,0.05,0.0,0.0,0.0,0.0,0.0,0.0,0.0,0.0,0.0,0.0,False,25
IFIT2,0.005,0,0,0,8.0,8.0,8.0,1.0,0.0,0.0,0.05,0.0,0.0,0.0,0.0,0.0,0.0,0.0,0.0,0.0,0.0,0.0,False,25
IL10,0.005,0,0,0,8.0,8.0,8.0,,0.0,0.0,0.0,0.05,0.0,0.0,0.0,0.0,0.0,0.0,0.0,0.0,0.0,0.0,False,25
KRT75,0.005,0,0,0,8.0,8.0,8.0,1.0,0.0,0.05,0.0,0.0,0.0,0.0,0.0,0.0,0.0,0.0,0.0,0.0,0.0,0.0,False,25
LDHAL6A,0.005,0,0,0,8.0,8.0,8.0,,0.0,0.0,0.0,0.05,0.0,0.0,0.0,0.0,0.0,0.0,0.0,0.0,0.0,0.0,False,25
NKAIN4,0.005,0,0,0,8.0,8.0,8.0,1.0,0.0,0.0,0.05,0.0,0.0,0.0,0.0,0.0,0.0,0.0,0.0,0.0,0.0,0.0,False,25
PARK7,0.005,0,0,0,8.0,8.0,8.0,,0.0,0.0,0.0,0.05,0.0,0.0,0.0,0.0,0.0,0.0,0.0,0.0,0.0,0.0,False,25
ST6GAL2,0.005,0,0,0,8.0,8.0,8.0,1.0,0.0,0.0,0.05,0.0,0.0,0.0,0.0,0.0,0.0,0.0,0.0,0.0,0.0,0.0,False,25
AP4S1,0.005,0,0,0,9.0,9.0,9.0,,0.0,0.0,0.0,0.05,0.0,0.0,0.0,0.0,0.0,0.0,0.0,0.0,0.0,0.0,False,25
CHRNE,0.005,0,0,0,9.0,9.0,9.0,,0.0,0.0,0.0,0.05,0.0,0.0,0.0,0.0,0.0,0.0,0.0,0.0,0.0,0.0,False,25
CYP27A1,0.005,0,0,0,9.0,9.0,9.0,,0.0,0.0,0.0,0.05,0.0,0.0,0.0,0.0,0.0,0.0,0.0,0.0,0.0,0.0,False,25
FOXE1,0.005,0,0,0,9.0,9.0,9.0,,0.0,0.0,0.0,0.05,0.0,0.0,0.0,0.0,0.0,0.0,0.0,0.0,0.0,0.0,False,25
KIF11,0.005,0,0,0,9.0,9.0,9.0,1.0,0.0,0.0,0.0,0.0,0.0,0.0,0.0,0.05,0.0,0.0,0.0,0.0,0.0,0.0,False,25
MMP10,0.005,0,0,0,9.0,9.0,9.0,0.0,0.0,0.0,0.05,0.0,0.0,0.0,0.0,0.0,0.0,0.0,0.0,0.0,0.0,0.0,False,25
MRPL1,0.005,0,0,0,9.0,9.0,9.0,1.0,0.0,0.0,0.0,0.0,0.0,0.05,0.0,0.0,0.0,0.0,0.0,0.0,0.0,0.0,False,25
PTH1R,0.005,0,0,0,9.0,9.0,9.0,0.0,0.0,0.05,0.0,0.0,0.0,0.0,0.0,0.0,0.0,0.0,0.0,0.05,0.0,0.0,False,25
RIMBP2,0.005,0,0,0,9.0,9.0,9.0,0.0,0.0,0.05,0.0,0.0,0.0,0.0,0.0,0.0,0.0,0.0,0.0,0.0,0.0,0.0,False,25
SCFD1,0.005,0,0,0,9.0,9.0,9.0,,0.0,0.0,0.0,0.05,0.0,0.0,0.0,0.0,0.0,0.0,0.0,0.0,0.0,0.0,False,25
LINC00320,0.005,0,0,0,10.0,10.0,10.0,,0.0,0.0,0.0,0.05,0.0,0.0,0.0,0.0,0.0,0.0,0.0,0.0,0.0,0.0,False,25
LOC101929459,0.005,0,0,0,10.0,10.0,10.0,,0.0,0.0,0.0,0.05,0.0,0.0,0.0,0.0,0.0,0.0,0.0,0.0,0.0,0.0,False,25
LOC728114,0.005,0,0,0,10.0,10.0,10.0,,0.0,0.0,0.0,0.05,0.0,0.0,0.0,0.0,0.0,0.0,0.0,0.0,0.0,0.0,False,25
PHTF2,0.005,0,0,0,10.0,10.0,10.0,,0.0,0.0,0.0,0.05,0.0,0.0,0.0,0.0,0.0,0.0,0.0,0.0,0.0,0.0,False,25
PHYKPL,0.005,0,0,0,10.0,10.0,10.0,0.0,0.0,0.0,0.0,0.0,0.0,0.05,0.0,0.0,0.0,0.0,0.0,0.0,0.0,0.0,False,25
POLR2E,0.005,0,0,0,10.0,10.0,10.0,,0.0,0.0,0.0,0.05,0.0,0.0,0.0,0.0,0.0,0.0,0.0,0.0,0.0,0.0,False,25
PTPRD-AS1,0.005,0,0,0,10.0,10.0,10.0,,0.0,0.0,0.0,0.05,0.0,0.0,0.0,0.0,0.0,0.0,0.0,0.0,0.0,0.0,False,25
SERPINB9P1,0.005,0,0,0,10.0,10.0,10.0,1.0,0.0,0.0,0.05,0.0,0.0,0.0,0.0,0.0,0.0,0.0,0.0,0.0,0.0,0.0,False,25
TCERG1L,0.005,0,0,0,10.0,10.0,10.0,,0.0,0.0,0.0,0.05,0.0,0.0,0.0,0.0,0.0,0.0,0.0,0.0,0.0,0.0,False,25
ARX,0.005,0,0,0,11.0,11.0,11.0,0.0,0.0,0.0,0.05,0.0,0.0,0.0,0.0,0.0,0.0,0.0,0.0,0.0,0.0,0.0,False,25
C17orf77,0.005,0,0,0,11.0,11.0,11.0,,0.0,0.0,0.0,0.05,0.0,0.0,0.0,0.0,0.0,0.0,0.0,0.0,0.0,0.0,False,25
CLECL1,0.005,0,0,0,11.0,11.0,11.0,,0.0,0.0,0.0,0.05,0.0,0.0,0.0,0.0,0.0,0.0,0.0,0.0,0.0,0.0,False,25
COX4I2,0.005,0,0,0,11.0,11.0,11.0,0.0,0.0,0.0,0.0,0.0,0.0,0.05,0.0,0.0,0.0,0.0,0.0,0.0,0.0,0.0,False,25
EXOC6B,0.005,0,0,0,11.0,11.0,11.0,0.0,0.0,0.0,0.05,0.0,0.0,0.0,0.0,0.0,0.0,0.0,0.0,0.0,0.0,0.0,False,25
LINC01102,0.005,0,0,0,11.0,11.0,11.0,,0.0,0.0,0.0,0.05,0.0,0.0,0.0,0.0,0.0,0.0,0.0,0.0,0.0,0.0,False,25
RNASET2,0.005,0,0,0,11.0,11.0,11.0,1.0,0.0,0.0,0.05,0.0,0.0,0.0,0.0,0.0,0.0,0.0,0.0,0.0,0.0,0.0,False,25
USP46-AS1,0.005,0,0,0,11.0,11.0,11.0,0.0,0.0,0.05,0.0,0.0,0.0,0.0,0.0,0.0,0.0,0.0,0.0,0.0,0.0,0.0,False,25
ZSCAN12,0.005,0,0,0,11.0,11.0,11.0,0.0,0.0,0.0,0.0,0.0,0.0,0.05,0.0,0.0,0.0,0.0,0.0,0.0,0.0,0.0,False,25
ALDH1L1,0.005,0,0,0,12.0,12.0,12.0,0.0,0.0,0.05,0.0,0.0,0.0,0.0,0.0,0.0,0.0,0.0,0.0,0.15,0.0,0.0,False,25
CYP4Z2P,0.005,0,0,0,12.0,12.0,12.0,0.0,0.0,0.0,0.05,0.0,0.0,0.0,0.0,0.0,0.0,0.0,0.0,0.0,0.0,0.0,False,25
DNAJB7,0.005,0,0,0,12.0,12.0,12.0,,0.0,0.0,0.0,0.05,0.0,0.0,0.0,0.0,0.0,0.0,0.0,0.0,0.0,0.0,False,25
EPHX1,0.005,0,0,0,12.0,12.0,12.0,1.0,0.0,0.0,0.05,0.0,0.0,0.0,0.0,0.0,0.0,0.0,0.0,0.0,0.0,0.0,False,25
IFI6,0.005,0,0,0,12.0,12.0,12.0,1.0,0.0,0.0,0.0,0.0,0.0,0.05,0.0,0.0,0.0,0.0,0.0,0.0,0.0,0.0,False,25
LOC100134445,0.005,0,0,0,12.0,12.0,12.0,,0.0,0.0,0.0,0.05,0.0,0.0,0.0,0.0,0.0,0.0,0.0,0.0,0.0,0.0,False,25
LOC645321,0.005,0,0,0,12.0,12.0,12.0,1.0,0.0,0.0,0.0,0.05,0.0,0.0,0.0,0.0,0.0,0.0,0.0,0.0,0.05,0.0,False,25
OR7C1,0.005,0,0,0,12.0,12.0,12.0,,0.0,0.0,0.0,0.05,0.0,0.0,0.0,0.0,0.0,0.0,0.0,0.0,0.0,0.0,False,25
SYTL3,0.005,0,0,0,12.0,12.0,12.0,1.0,0.0,0.0,0.0,0.0,0.0,0.05,0.0,0.0,0.0,0.0,0.0,0.0,0.0,0.0,False,25
TINAGL1,0.005,0,0,0,12.0,12.0,12.0,0.0,0.0,0.0,0.05,0.0,0.0,0.0,0.0,0.0,0.0,0.0,0.0,0.0,0.0,0.0,False,25
TREML1,0.005,0,0,0,12.0,12.0,12.0,,0.0,0.0,0.0,0.05,0.0,0.0,0.0,0.0,0.0,0.0,0.0,0.0,0.0,0.0,False,25
ZNF469,0.005,0,0,0,12.0,12.0,12.0,1.0,0.0,0.0,0.05,0.0,0.0,0.0,0.0,0.0,0.0,0.0,0.0,0.0,0.0,0.0,False,25
ZNF492,0.005,0,0,0,12.0,12.0,12.0,0.0,0.0,0.0,0.05,0.0,0.0,0.0,0.0,0.0,0.0,0.0,0.0,0.0,0.0,0.0,False,25
ZNF546,0.005,0,0,0,12.0,12.0,12.0,,0.0,0.0,0.0,0.05,0.0,0.0,0.0,0.0,0.0,0.0,0.0,0.0,0.0,0.0,False,25
DGCR7,0.005,0,0,0,13.0,13.0,13.0,0.0,0.0,0.0,0.0,0.0,0.05,0.0,0.0,0.0,0.0,0.0,0.0,0.0,0.05,0.0,False,25
E2F3,0.005,0,0,0,13.0,13.0,13.0,1.0,0.0,0.0,0.0,0.0,0.0,0.0,0.0,0.05,0.0,0.0,0.0,0.0,0.0,0.0,False,25
GCNT1,0.005,0,0,0,13.0,13.0,13.0,0.0,0.0,0.0,0.05,0.0,0.0,0.0,0.0,0.0,0.0,0.0,0.0,0.0,0.0,0.0,False,25
LINC01272,0.005,0,0,0,13.0,13.0,13.0,,0.0,0.0,0.0,0.05,0.0,0.0,0.0,0.0,0.0,0.0,0.0,0.0,0.0,0.0,False,25
LOC101928409,0.005,0,0,0,13.0,13.0,13.0,,0.0,0.0,0.0,0.05,0.0,0.0,0.0,0.0,0.0,0.0,0.0,0.0,0.0,0.0,False,25
LRRC56,0.005,0,0,0,13.0,13.0,13.0,0.0,0.0,0.0,0.0,0.0,0.0,0.05,0.0,0.0,0.0,0.0,0.0,0.0,0.0,0.0,False,25
MAP3K9,0.005,0,0,0,13.0,13.0,13.0,1.0,0.0,0.0,0.05,0.0,0.0,0.0,0.0,0.0,0.0,0.0,0.0,0.0,0.0,0.0,False,25
NECTIN4,0.005,0,0,0,13.0,13.0,13.0,1.0,0.85,0.0,0.0,0.0,0.0,0.0,0.0,0.0,0.05,0.0,0.0,0.0,0.0,0.85,False,25
OR51E1,0.005,0,0,0,13.0,13.0,13.0,0.0,0.0,0.05,0.0,0.0,0.0,0.0,0.0,0.0,0.0,0.0,0.0,0.0,0.0,0.0,False,25
PGM2L1,0.005,0,0,0,13.0,13.0,13.0,,0.0,0.0,0.0,0.05,0.0,0.0,0.0,0.0,0.0,0.0,0.0,0.0,0.0,0.0,False,25
PTP4A3,0.005,0,0,0,13.0,13.0,13.0,1.0,0.15,0.0,0.0,0.0,0.0,0.0,0.0,0.0,0.05,0.0,0.0,0.0,0.0,0.15,False,25
SUSD6,0.005,0,0,0,13.0,13.0,13.0,0.0,0.0,0.0,0.05,0.0,0.0,0.0,0.0,0.0,0.0,0.0,0.0,0.0,0.0,0.0,False,25
TLX1NB,0.005,0,0,0,13.0,13.0,13.0,,0.0,0.0,0.0,0.05,0.0,0.0,0.0,0.0,0.0,0.0,0.0,0.0,0.0,0.0,False,25
TRH,0.005,0,0,0,13.0,13.0,13.0,1.0,0.0,0.05,0.0,0.0,0.0,0.0,0.0,0.0,0.0,0.0,0.0,0.0,0.0,0.0,False,25
GPIHBP1,0.005,0,0,0,14.0,14.0,14.0,,0.0,0.0,0.0,0.0,0.0,0.0,0.05,0.0,0.0,0.0,0.0,0.0,0.0,0.0,False,25
HTRA4,0.005,0,0,0,14.0,14.0,14.0,,0.0,0.0,0.0,0.05,0.0,0.0,0.0,0.0,0.0,0.0,0.0,0.0,0.0,0.0,False,25
LINC00354,0.005,0,0,0,14.0,14.0,14.0,,0.0,0.0,0.0,0.05,0.0,0.0,0.0,0.0,0.0,0.0,0.0,0.0,0.0,0.0,False,25
PROK1,0.005,0,0,0,14.0,14.0,14.0,0.0,0.0,0.05,0.0,0.0,0.0,0.0,0.0,0.0,0.0,0.0,0.0,0.05,0.0,0.0,False,25
RHOBTB3,0.005,0,0,0,14.0,14.0,14.0,0.0,0.0,0.0,0.05,0.0,0.0,0.0,0.0,0.0,0.0,0.0,0.0,0.0,0.0,0.0,False,25
RORB,0.005,0,0,0,14.0,14.0,14.0,0.0,0.0,0.0,0.05,0.0,0.0,0.0,0.0,0.0,0.0,0.0,0.0,0.0,0.0,0.0,False,25
RSPH4A,0.005,0,0,0,14.0,14.0,14.0,,0.0,0.0,0.0,0.05,0.0,0.0,0.0,0.0,0.0,0.0,0.0,0.0,0.0,0.0,False,25
SLC16A10,0.005,0,0,0,14.0,14.0,14.0,,0.0,0.0,0.0,0.05,0.0,0.0,0.0,0.0,0.0,0.0,0.0,0.0,0.0,0.0,False,25
SSB,0.005,0,0,0,14.0,14.0,14.0,0.0,0.0,0.0,0.05,0.0,0.0,0.0,0.0,0.0,0.0,0.0,0.0,0.0,0.0,0.0,False,25
TTC23,0.005,0,0,0,14.0,14.0,14.0,,0.0,0.0,0.0,0.05,0.0,0.0,0.0,0.0,0.0,0.0,0.0,0.0,0.0,0.0,False,25
AGBL4,0.005,0,0,0,15.0,15.0,15.0,0.0,0.0,0.0,0.0,0.0,0.0,0.05,0.0,0.0,0.0,0.0,0.0,0.0,0.0,0.0,False,25
CUTC,0.005,0,0,0,15.0,15.0,15.0,,0.0,0.0,0.0,0.05,0.0,0.0,0.0,0.0,0.0,0.0,0.0,0.0,0.0,0.0,False,25
DISC1FP1,0.005,0,0,0,15.0,15.0,15.0,,0.0,0.0,0.0,0.05,0.0,0.0,0.0,0.0,0.0,0.0,0.0,0.0,0.0,0.0,False,25
FOXF1,0.005,0,0,0,15.0,15.0,15.0,,0.0,0.0,0.0,0.05,0.0,0.0,0.0,0.0,0.0,0.0,0.0,0.0,0.0,0.0,False,25
HCAR3,0.005,0,0,0,15.0,15.0,15.0,1.0,0.0,0.0,0.0,0.0,0.0,0.05,0.0,0.0,0.0,0.0,0.0,0.0,0.0,0.0,False,25
LOC100505549,0.005,0,0,0,15.0,15.0,15.0,,0.0,0.0,0.0,0.05,0.0,0.0,0.0,0.0,0.0,0.0,0.0,0.0,0.0,0.0,False,25
LOC100507600,0.005,0,0,0,15.0,15.0,15.0,,0.0,0.0,0.0,0.05,0.0,0.0,0.0,0.0,0.0,0.0,0.0,0.0,0.0,0.0,False,25
MUC1,0.005,0,0,0,15.0,15.0,15.0,0.0,0.0,0.0,0.05,0.0,0.0,0.0,0.0,0.0,0.0,0.0,0.0,0.0,0.0,0.0,False,25
MYEF2,0.005,0,0,0,15.0,15.0,15.0,,0.0,0.0,0.0,0.0,0.0,0.0,0.0,0.0,0.05,0.0,0.0,0.0,0.0,0.0,False,25
RMI1,0.005,0,0,0,15.0,15.0,15.0,1.0,0.0,0.0,0.05,0.0,0.0,0.0,0.0,0.0,0.0,0.0,0.0,0.0,0.0,0.0,False,25
RNASE1,0.005,0,0,0,15.0,15.0,15.0,1.0,0.0,0.0,0.05,0.0,0.0,0.0,0.0,0.0,0.0,0.0,0.0,0.0,0.0,0.0,False,25
SLC35G1,0.005,0,0,0,15.0,15.0,15.0,0.0,0.0,0.0,0.0,0.0,0.0,0.05,0.0,0.0,0.0,0.0,0.0,0.0,0.0,0.0,False,25
SNRNP27,0.005,0,0,0,15.0,15.0,15.0,,0.0,0.0,0.0,0.05,0.0,0.0,0.0,0.0,0.0,0.0,0.0,0.0,0.0,0.0,False,25
TRIM28,0.005,0,0,0,15.0,15.0,15.0,1.0,0.0,0.0,0.0,0.0,0.0,0.0,0.0,0.05,0.0,0.0,0.0,0.0,0.0,0.0,False,25
CHRNA1,0.005,0,0,0,16.0,16.0,16.0,,0.0,0.0,0.0,0.05,0.0,0.0,0.0,0.0,0.0,0.0,0.0,0.0,0.0,0.0,False,25
CRY2,0.005,0,0,0,16.0,16.0,16.0,0.0,0.0,0.0,0.05,0.0,0.0,0.0,0.0,0.0,0.0,0.0,0.0,0.0,0.0,0.0,False,25
EPYC,0.005,0,0,0,16.0,16.0,16.0,,0.0,0.0,0.0,0.05,0.0,0.0,0.0,0.0,0.0,0.0,0.0,0.0,0.0,0.0,False,25
FAM162B,0.005,0,0,0,16.0,16.0,16.0,1.0,0.0,0.0,0.05,0.0,0.0,0.0,0.0,0.0,0.0,0.0,0.0,0.0,0.0,0.0,False,25
GLIPR1,0.005,0,0,0,16.0,16.0,16.0,,0.0,0.0,0.0,0.05,0.0,0.0,0.0,0.0,0.0,0.0,0.0,0.0,0.0,0.0,False,25
LINC00636,0.005,0,0,0,16.0,16.0,16.0,,0.0,0.0,0.0,0.05,0.0,0.0,0.0,0.0,0.0,0.0,0.0,0.0,0.0,0.0,False,25
LOC101928132,0.005,0,0,0,16.0,16.0,16.0,1.0,0.0,0.0,0.0,0.05,0.0,0.0,0.0,0.0,0.0,0.0,0.0,0.0,0.05,0.0,False,25
LOC105375531,0.005,0,0,0,16.0,16.0,16.0,,0.0,0.0,0.0,0.05,0.0,0.0,0.0,0.0,0.0,0.0,0.0,0.0,0.0,0.0,False,25
MAP10,0.005,0,0,0,16.0,16.0,16.0,,0.0,0.0,0.0,0.05,0.0,0.0,0.0,0.0,0.0,0.0,0.0,0.0,0.0,0.0,False,25
PDIA4,0.005,0,0,0,16.0,16.0,16.0,0.5,0.05,0.0,0.05,0.0,0.0,0.0,0.0,0.0,0.0,0.0,0.0,0.0,0.0,0.05,False,25
TCF20,0.005,0,0,0,16.0,16.0,16.0,1.0,0.0,0.0,0.05,0.0,0.0,0.0,0.0,0.0,0.0,0.0,0.0,0.0,0.0,0.0,False,25
VDR,0.005,0,0,0,16.0,16.0,16.0,1.0,0.0,0.0,0.05,0.0,0.0,0.0,0.0,0.0,0.0,0.0,0.0,0.0,0.0,0.0,False,25
ATP6V1D,0.005,0,0,0,17.0,17.0,17.0,,0.0,0.0,0.0,0.05,0.0,0.0,0.0,0.0,0.0,0.0,0.0,0.0,0.0,0.0,False,25
C10orf113,0.005,0,0,0,17.0,17.0,17.0,,0.0,0.0,0.0,0.05,0.0,0.0,0.0,0.0,0.0,0.0,0.0,0.0,0.0,0.0,False,25
FAM174B,0.005,0,0,0,17.0,17.0,17.0,0.0,0.0,0.0,0.05,0.0,0.0,0.0,0.0,0.0,0.0,0.0,0.0,0.0,0.0,0.0,False,25
FAM47E,0.005,0,0,0,17.0,17.0,17.0,,0.0,0.0,0.0,0.05,0.0,0.0,0.0,0.0,0.0,0.0,0.0,0.0,0.0,0.0,False,25
KIF18B,0.005,0,0,0,17.0,17.0,17.0,1.0,0.0,0.0,0.0,0.0,0.0,0.0,0.0,0.05,0.0,0.0,0.0,0.0,0.0,0.0,False,25
LINC00537,0.005,0,0,0,17.0,17.0,17.0,1.0,0.0,0.0,0.05,0.0,0.0,0.0,0.0,0.0,0.0,0.0,0.0,0.0,0.0,0.0,False,25
LMOD1,0.005,0,0,0,17.0,17.0,17.0,1.0,0.0,0.0,0.05,0.0,0.0,0.0,0.0,0.0,0.0,0.0,0.0,0.0,0.0,0.0,False,25
LOC100129455,0.005,0,0,0,17.0,17.0,17.0,1.0,0.0,0.05,0.0,0.0,0.0,0.0,0.0,0.0,0.0,0.0,0.0,0.0,0.0,0.0,False,25
MCTP1,0.005,0,0,0,17.0,17.0,17.0,1.0,0.0,0.0,0.05,0.0,0.0,0.0,0.0,0.0,0.0,0.0,0.0,0.0,0.0,0.0,False,25
P2RX4,0.005,0,0,0,17.0,17.0,17.0,1.0,0.0,0.0,0.05,0.0,0.0,0.0,0.0,0.0,0.0,0.0,0.0,0.0,0.0,0.0,False,25
PCDHGA9,0.005,0,0,0,17.0,17.0,17.0,0.0,0.0,0.05,0.0,0.0,0.0,0.0,0.0,0.0,0.0,0.0,0.0,0.05,0.0,0.0,False,25
RASL10A,0.005,0,0,0,17.0,17.0,17.0,1.0,0.0,0.0,0.05,0.0,0.0,0.0,0.0,0.0,0.0,0.0,0.0,0.0,0.0,0.0,False,25
SHMT1,0.005,0,0,0,17.0,17.0,17.0,0.0,0.0,0.05,0.0,0.0,0.0,0.0,0.0,0.0,0.0,0.0,0.0,0.0,0.0,0.0,False,25
SNCG,0.005,0,0,0,17.0,17.0,17.0,,0.0,0.0,0.0,0.05,0.0,0.0,0.0,0.0,0.0,0.0,0.0,0.0,0.0,0.0,False,25
STS,0.005,0,0,0,17.0,17.0,17.0,0.0,0.0,0.0,0.0,0.0,0.0,0.05,0.0,0.0,0.0,0.0,0.0,0.0,0.0,0.0,False,25
TG,0.005,0,0,0,17.0,17.0,17.0,0.0,0.0,0.0,0.0,0.0,0.05,0.0,0.0,0.0,0.0,0.0,0.0,0.0,0.05,0.0,False,25
TMEM125,0.005,0,0,0,17.0,17.0,17.0,1.0,0.1,0.0,0.0,0.0,0.0,0.0,0.0,0.0,0.05,0.0,0.0,0.0,0.0,0.1,False,25
TMEM130,0.005,0,0,0,17.0,17.0,17.0,1.0,0.0,0.05,0.0,0.0,0.0,0.0,0.0,0.0,0.0,0.0,0.0,0.0,0.0,0.0,False,25
VARS,0.005,0,0,0,17.0,17.0,17.0,1.0,0.0,0.0,0.0,0.0,0.0,0.0,0.0,0.05,0.0,0.0,0.0,0.0,0.0,0.0,False,25
VAV3,0.005,0,0,0,17.0,17.0,17.0,0.5,0.05,0.0,0.0,0.0,0.0,0.05,0.0,0.0,0.0,0.0,0.0,0.0,0.0,0.05,False,25
BANF1,0.005,0,0,0,18.0,18.0,18.0,,0.0,0.0,0.0,0.0,0.0,0.0,0.0,0.0,0.05,0.0,0.0,0.0,0.0,0.0,False,25
C22orf46,0.005,0,0,0,18.0,18.0,18.0,,0.0,0.0,0.0,0.05,0.0,0.0,0.0,0.0,0.0,0.0,0.0,0.0,0.0,0.0,False,25
C3orf79,0.005,0,0,0,18.0,18.0,18.0,0.0,0.0,0.05,0.0,0.0,0.0,0.0,0.0,0.0,0.0,0.0,0.0,0.0,0.0,0.0,False,25
CDKL3,0.005,0,0,0,18.0,18.0,18.0,,0.0,0.0,0.0,0.05,0.0,0.0,0.0,0.0,0.0,0.0,0.0,0.0,0.0,0.0,False,25
CSDE1,0.005,0,0,0,18.0,18.0,18.0,,0.0,0.0,0.0,0.05,0.0,0.0,0.0,0.0,0.0,0.0,0.0,0.0,0.0,0.0,False,25
CYMP,0.005,0,0,0,18.0,18.0,18.0,,0.0,0.0,0.0,0.05,0.0,0.0,0.0,0.0,0.0,0.0,0.0,0.0,0.0,0.0,False,25
DSG3,0.005,0,0,0,18.0,18.0,18.0,0.0,0.0,0.0,0.05,0.0,0.0,0.0,0.0,0.0,0.0,0.0,0.0,0.0,0.0,0.0,False,25
EMP1,0.005,0,0,0,18.0,18.0,18.0,1.0,0.0,0.0,0.0,0.0,0.0,0.0,0.0,0.05,0.0,0.0,0.0,0.0,0.0,0.0,False,25
FAM19A2,0.005,0,0,0,18.0,18.0,18.0,1.0,0.0,0.0,0.05,0.0,0.0,0.0,0.0,0.0,0.0,0.0,0.0,0.0,0.0,0.0,False,25
FARP1,0.005,0,0,0,18.0,18.0,18.0,1.0,0.0,0.0,0.05,0.0,0.0,0.0,0.0,0.0,0.0,0.0,0.0,0.0,0.0,0.0,False,25
HCG11,0.005,0,0,0,18.0,18.0,18.0,0.0,0.0,0.0,0.0,0.0,0.05,0.0,0.0,0.0,0.0,0.0,0.0,0.0,0.0,0.0,False,25
KL,0.005,0,0,0,18.0,18.0,18.0,0.0,0.0,0.0,0.0,0.0,0.05,0.0,0.0,0.0,0.0,0.0,0.0,0.0,0.05,0.0,False,25
LINC00969,0.005,0,0,0,18.0,18.0,18.0,,0.0,0.0,0.0,0.0,0.0,0.0,0.0,0.0,0.05,0.0,0.0,0.0,0.0,0.0,False,25
PPP1R1C,0.005,0,0,0,18.0,18.0,18.0,1.0,0.0,0.0,0.05,0.0,0.0,0.0,0.0,0.0,0.0,0.0,0.0,0.0,0.0,0.0,False,25
SBF2,0.005,0,0,0,18.0,18.0,18.0,1.0,0.0,0.0,0.0,0.0,0.0,0.0,0.0,0.05,0.0,0.0,0.0,0.0,0.0,0.0,False,25
SLC26A6,0.005,0,0,0,18.0,18.0,18.0,1.0,0.0,0.0,0.0,0.0,0.0,0.0,0.0,0.05,0.0,0.0,0.0,0.0,0.0,0.0,False,25
SNX15,0.005,0,0,0,18.0,18.0,18.0,,0.0,0.0,0.0,0.05,0.0,0.0,0.0,0.0,0.0,0.0,0.0,0.0,0.0,0.0,False,25
ALDOC,0.005,0,0,0,19.0,19.0,19.0,0.0,0.0,0.0,0.05,0.0,0.0,0.0,0.0,0.0,0.0,0.0,0.0,0.0,0.0,0.0,False,25
ANTXR2,0.005,0,0,0,19.0,19.0,19.0,1.0,0.0,0.0,0.0,0.0,0.0,0.0,0.0,0.05,0.0,0.0,0.0,0.0,0.0,0.0,False,25
AOX1,0.005,0,0,0,19.0,19.0,19.0,1.0,0.0,0.0,0.0,0.0,0.0,0.0,0.0,0.05,0.0,0.0,0.0,0.0,0.0,0.0,False,25
D21S2090E,0.005,0,0,0,19.0,19.0,19.0,,0.0,0.0,0.0,0.05,0.0,0.0,0.0,0.0,0.0,0.0,0.0,0.0,0.0,0.0,False,25
DCUN1D3,0.005,0,0,0,19.0,19.0,19.0,,0.0,0.0,0.0,0.05,0.0,0.0,0.0,0.0,0.0,0.0,0.0,0.0,0.0,0.0,False,25
ESYT1,0.005,0,0,0,19.0,19.0,19.0,,0.0,0.0,0.0,0.05,0.0,0.0,0.0,0.0,0.0,0.0,0.0,0.0,0.0,0.0,False,25
EZR,0.005,0,0,0,19.0,19.0,19.0,1.0,0.0,0.0,0.05,0.0,0.0,0.0,0.0,0.0,0.0,0.0,0.0,0.0,0.0,0.0,False,25
GPATCH11,0.005,0,0,0,19.0,19.0,19.0,1.0,0.0,0.0,0.0,0.0,0.0,0.05,0.0,0.0,0.0,0.0,0.0,0.0,0.0,0.0,False,25
HEATR6,0.005,0,0,0,19.0,19.0,19.0,1.0,0.0,0.0,0.05,0.0,0.0,0.0,0.0,0.0,0.0,0.0,0.0,0.0,0.0,0.0,False,25
HTR1D,0.005,0,0,0,19.0,19.0,19.0,,0.0,0.0,0.0,0.05,0.0,0.0,0.0,0.0,0.0,0.0,0.0,0.0,0.0,0.0,False,25
IRF9,0.005,0,0,0,19.0,19.0,19.0,0.0,0.0,0.0,0.05,0.0,0.0,0.0,0.0,0.0,0.0,0.0,0.0,0.0,0.0,0.0,False,25
KLHL31,0.005,0,0,0,19.0,19.0,19.0,0.0,0.0,0.05,0.0,0.0,0.0,0.0,0.0,0.0,0.0,0.0,0.0,0.0,0.0,0.0,False,25
LOC101927929,0.005,0,0,0,19.0,19.0,19.0,,0.0,0.0,0.0,0.05,0.0,0.0,0.0,0.0,0.0,0.0,0.0,0.0,0.0,0.0,False,25
LOC101928716,0.005,0,0,0,19.0,19.0,19.0,,0.0,0.0,0.0,0.05,0.0,0.0,0.0,0.0,0.0,0.0,0.0,0.0,0.0,0.0,False,25
MARK1,0.005,0,0,0,19.0,19.0,19.0,0.0,0.0,0.0,0.05,0.0,0.0,0.0,0.0,0.0,0.0,0.0,0.0,0.0,0.0,0.0,False,25
OR5P3,0.005,0,0,0,19.0,19.0,19.0,0.0,0.0,0.0,0.0,0.0,0.05,0.0,0.0,0.0,0.0,0.0,0.0,0.0,0.05,0.0,False,25
SAGE1,0.005,0,0,0,19.0,19.0,19.0,,0.0,0.0,0.0,0.05,0.0,0.0,0.0,0.0,0.0,0.0,0.0,0.0,0.0,0.0,False,25
SLC9A3R1,0.005,0,0,0,19.0,19.0,19.0,,0.0,0.0,0.0,0.0,0.0,0.0,0.0,0.0,0.05,0.0,0.0,0.0,0.0,0.0,False,25
SYCP1,0.005,0,0,0,19.0,19.0,19.0,0.0,0.0,0.05,0.0,0.0,0.0,0.0,0.0,0.0,0.0,0.0,0.0,0.0,0.0,0.0,False,25
ZNF788,0.005,0,0,0,19.0,19.0,19.0,,0.0,0.0,0.0,0.05,0.0,0.0,0.0,0.0,0.0,0.0,0.0,0.0,0.0,0.0,False,25
ABCC8,0.005,0,0,0,20.0,20.0,20.0,,0.0,0.0,0.0,0.05,0.0,0.0,0.0,0.0,0.0,0.0,0.0,0.0,0.0,0.0,False,25
ADAMTS5,0.005,0,0,0,20.0,20.0,20.0,1.0,0.0,0.0,0.0,0.0,0.0,0.0,0.0,0.05,0.0,0.0,0.0,0.0,0.0,0.0,False,25
CCDC160,0.005,0,0,0,20.0,20.0,20.0,0.0,0.0,0.0,0.05,0.0,0.0,0.0,0.0,0.0,0.0,0.0,0.0,0.0,0.0,0.0,False,25
CLMP,0.005,0,0,0,20.0,20.0,20.0,1.0,0.0,0.0,0.0,0.0,0.0,0.0,0.0,0.05,0.0,0.0,0.0,0.0,0.0,0.0,False,25
ETFA,0.005,0,0,0,20.0,20.0,20.0,1.0,0.0,0.0,0.05,0.0,0.0,0.0,0.0,0.0,0.0,0.0,0.0,0.0,0.0,0.0,False,25
HCG27,0.005,0,0,0,20.0,20.0,20.0,,0.0,0.0,0.0,0.05,0.0,0.0,0.0,0.0,0.0,0.0,0.0,0.0,0.0,0.0,False,25
KCTD19,0.005,0,0,0,20.0,20.0,20.0,,0.0,0.0,0.0,0.05,0.0,0.0,0.0,0.0,0.0,0.0,0.0,0.0,0.0,0.0,False,25
LCMT1,0.005,0,0,0,20.0,20.0,20.0,1.0,0.2,0.0,0.0,0.0,0.0,0.0,0.0,0.0,0.05,0.0,0.0,0.0,0.0,0.2,False,25
LILRB1,0.005,0,0,0,20.0,20.0,20.0,,0.0,0.0,0.0,0.05,0.0,0.0,0.0,0.0,0.0,0.0,0.0,0.0,0.0,0.0,False,25
LINC01010,0.005,0,0,0,20.0,20.0,20.0,,0.0,0.0,0.0,0.05,0.0,0.0,0.0,0.0,0.0,0.0,0.0,0.0,0.0,0.0,False,25
NXPH1,0.005,0,0,0,20.0,20.0,20.0,0.0,0.0,0.0,0.05,0.0,0.0,0.0,0.0,0.0,0.0,0.0,0.0,0.0,0.0,0.0,False,25
PDRG1,0.005,0,0,0,20.0,20.0,20.0,,0.0,0.0,0.0,0.0,0.0,0.0,0.0,0.0,0.05,0.0,0.0,0.0,0.0,0.0,False,25
PRPF38B,0.005,0,0,0,20.0,20.0,20.0,,0.0,0.0,0.0,0.05,0.0,0.0,0.0,0.0,0.0,0.0,0.0,0.0,0.0,0.0,False,25
PRR26,0.005,0,0,0,20.0,20.0,20.0,0.0,0.0,0.05,0.0,0.0,0.0,0.0,0.0,0.0,0.0,0.0,0.0,0.0,0.0,0.0,False,25
PTHLH,0.005,0,0,0,20.0,20.0,20.0,,0.0,0.0,0.0,0.05,0.0,0.0,0.0,0.0,0.0,0.0,0.0,0.0,0.0,0.0,False,25
SEMA4C,0.005,0,0,0,20.0,20.0,20.0,,0.0,0.0,0.0,0.0,0.0,0.0,0.0,0.0,0.05,0.0,0.0,0.0,0.0,0.0,False,25
SLC26A4,0.005,0,0,0,20.0,20.0,20.0,,0.0,0.0,0.0,0.05,0.0,0.0,0.0,0.0,0.0,0.0,0.0,0.0,0.0,0.0,False,25
ZAK,0.005,0,0,0,20.0,20.0,20.0,0.0,0.0,0.0,0.05,0.0,0.0,0.0,0.0,0.0,0.0,0.0,0.0,0.0,0.0,0.0,False,25
ALPL,0.005,0,0,0,21.0,21.0,21.0,,0.0,0.0,0.0,0.05,0.0,0.0,0.0,0.0,0.0,0.0,0.0,0.0,0.0,0.0,False,25
AQP9,0.005,0,0,0,21.0,21.0,21.0,,0.0,0.0,0.0,0.05,0.0,0.0,0.0,0.0,0.0,0.0,0.0,0.0,0.0,0.0,False,25
CAV1,0.005,0,0,0,21.0,21.0,21.0,1.0,0.0,0.0,0.0,0.0,0.0,0.0,0.0,0.05,0.0,0.0,0.0,0.0,0.0,0.0,False,25
CYP4F62P,0.005,0,0,0,21.0,21.0,21.0,,0.0,0.0,0.0,0.05,0.0,0.0,0.0,0.0,0.0,0.0,0.0,0.0,0.0,0.0,False,25
DGCR2,0.005,0,0,0,21.0,21.0,21.0,,0.0,0.0,0.0,0.0,0.0,0.0,0.0,0.0,0.05,0.0,0.0,0.0,0.0,0.0,False,25
FTX,0.005,0,0,0,21.0,21.0,21.0,0.0,0.0,0.0,0.0,0.0,0.0,0.05,0.0,0.0,0.0,0.0,0.0,0.0,0.0,0.0,False,25
GAL3ST4,0.005,0,0,0,21.0,21.0,21.0,0.0,0.0,0.0,0.05,0.0,0.0,0.0,0.0,0.0,0.0,0.0,0.0,0.0,0.0,0.0,False,25
GLRA3,0.005,0,0,0,21.0,21.0,21.0,1.0,0.0,0.0,0.0,0.0,0.0,0.05,0.0,0.0,0.0,0.0,0.0,0.0,0.0,0.0,False,25
ITGA8,0.005,0,0,0,21.0,21.0,21.0,,0.0,0.0,0.0,0.05,0.0,0.0,0.0,0.0,0.0,0.0,0.0,0.0,0.0,0.0,False,25
KLK5,0.005,0,0,0,21.0,21.0,21.0,,0.0,0.0,0.0,0.05,0.0,0.0,0.0,0.0,0.0,0.0,0.0,0.0,0.0,0.0,False,25
LOC100506098,0.005,0,0,0,21.0,21.0,21.0,,0.0,0.0,0.0,0.05,0.0,0.0,0.0,0.0,0.0,0.0,0.0,0.0,0.0,0.0,False,25
LOC101929552,0.005,0,0,0,21.0,21.0,21.0,0.0,0.0,0.0,0.0,0.0,0.05,0.0,0.0,0.0,0.0,0.0,0.0,0.0,0.05,0.0,False,25
LYPD6,0.005,0,0,0,21.0,21.0,21.0,,0.0,0.0,0.0,0.05,0.0,0.0,0.0,0.0,0.0,0.0,0.0,0.0,0.0,0.0,False,25
OLR1,0.005,0,0,0,21.0,21.0,21.0,,0.0,0.0,0.0,0.05,0.0,0.0,0.0,0.0,0.0,0.0,0.0,0.0,0.0,0.0,False,25
PIEZO2,0.005,0,0,0,21.0,21.0,21.0,1.0,0.0,0.0,0.05,0.0,0.0,0.0,0.0,0.0,0.0,0.0,0.0,0.0,0.0,0.0,False,25
PRKACA,0.005,0,0,0,21.0,21.0,21.0,,0.0,0.0,0.0,0.05,0.0,0.0,0.0,0.0,0.0,0.0,0.0,0.0,0.0,0.0,False,25
SLC37A1,0.005,0,0,0,21.0,21.0,21.0,,0.0,0.0,0.0,0.0,0.0,0.0,0.0,0.0,0.05,0.0,0.0,0.0,0.0,0.0,False,25
TBX18,0.005,0,0,0,21.0,21.0,21.0,0.0,0.0,0.05,0.0,0.0,0.0,0.0,0.0,0.0,0.0,0.0,0.0,0.05,0.0,0.0,False,25
TENM2,0.005,0,0,0,21.0,21.0,21.0,0.0,0.0,0.0,0.05,0.0,0.0,0.0,0.0,0.0,0.0,0.0,0.0,0.0,0.0,0.0,False,25
ZNF436-AS1,0.005,0,0,0,21.0,21.0,21.0,,0.0,0.0,0.0,0.05,0.0,0.0,0.0,0.0,0.0,0.0,0.0,0.0,0.0,0.0,False,25
EYS,0.005,0,0,0,22.0,22.0,22.0,0.0,0.0,0.05,0.0,0.0,0.0,0.0,0.0,0.0,0.0,0.0,0.0,0.05,0.0,0.0,False,25
FGF23,0.005,0,0,0,22.0,22.0,22.0,0.0,0.0,0.0,0.0,0.0,0.05,0.0,0.0,0.0,0.0,0.0,0.0,0.0,0.05,0.0,False,25
GYG2,0.005,0,0,0,22.0,22.0,22.0,1.0,0.0,0.0,0.0,0.0,0.0,0.0,0.0,0.05,0.0,0.0,0.0,0.0,0.0,0.0,False,25
KIF5B,0.005,0,0,0,22.0,22.0,22.0,1.0,0.0,0.0,0.05,0.0,0.0,0.0,0.0,0.0,0.0,0.0,0.0,0.0,0.0,0.0,False,25
LIMK1,0.005,0,0,0,22.0,22.0,22.0,,0.0,0.0,0.0,0.05,0.0,0.0,0.0,0.0,0.0,0.0,0.0,0.0,0.0,0.0,False,25
LIMS1,0.005,0,0,0,22.0,22.0,22.0,,0.0,0.0,0.0,0.05,0.0,0.0,0.0,0.0,0.0,0.0,0.0,0.0,0.0,0.0,False,25
LINC01012,0.005,0,0,0,22.0,22.0,22.0,,0.0,0.0,0.0,0.05,0.0,0.0,0.0,0.0,0.0,0.0,0.0,0.0,0.0,0.0,False,25
LRP3,0.005,0,0,0,22.0,22.0,22.0,,0.0,0.0,0.0,0.05,0.0,0.0,0.0,0.0,0.0,0.0,0.0,0.0,0.0,0.0,False,25
MAN1B1,0.005,0,0,0,22.0,22.0,22.0,,0.0,0.0,0.0,0.0,0.0,0.0,0.0,0.0,0.05,0.0,0.0,0.0,0.0,0.0,False,25
MMP13,0.005,0,0,0,22.0,22.0,22.0,1.0,0.0,0.0,0.05,0.0,0.0,0.0,0.0,0.0,0.0,0.0,0.0,0.0,0.0,0.0,False,25
N4BP2L2,0.005,0,0,0,22.0,22.0,22.0,,0.0,0.0,0.0,0.05,0.0,0.0,0.0,0.0,0.0,0.0,0.0,0.0,0.0,0.0,False,25
NDUFB3,0.005,0,0,0,22.0,22.0,22.0,,0.0,0.0,0.0,0.05,0.0,0.0,0.0,0.0,0.0,0.0,0.0,0.0,0.0,0.0,False,25
PCDH9,0.005,0,0,0,22.0,22.0,22.0,0.0,0.0,0.0,0.05,0.0,0.0,0.0,0.0,0.0,0.0,0.0,0.0,0.0,0.0,0.0,False,25
SH2B1,0.005,0,0,0,22.0,22.0,22.0,1.0,0.0,0.0,0.05,0.0,0.0,0.0,0.0,0.0,0.0,0.0,0.0,0.0,0.0,0.0,False,25
TRDN,0.005,0,0,0,22.0,22.0,22.0,0.0,0.0,0.05,0.0,0.0,0.0,0.0,0.0,0.0,0.0,0.0,0.0,0.05,0.0,0.0,False,25
WNT10B,0.005,0,0,0,22.0,22.0,22.0,,0.0,0.0,0.0,0.05,0.0,0.0,0.0,0.0,0.0,0.0,0.0,0.0,0.0,0.0,False,25
ANKRD13D,0.005,0,0,0,23.0,23.0,23.0,,0.0,0.0,0.0,0.05,0.0,0.0,0.0,0.0,0.0,0.0,0.0,0.0,0.0,0.0,False,25
APOC1,0.005,0,0,0,23.0,23.0,23.0,1.0,0.0,0.0,0.0,0.0,0.0,0.05,0.0,0.0,0.0,0.0,0.0,0.0,0.0,0.0,False,25
ATG16L1,0.005,0,0,0,23.0,23.0,23.0,,0.0,0.0,0.0,0.0,0.0,0.0,0.0,0.0,0.0,0.0,0.05,0.0,0.0,0.0,False,25
C2CD2,0.005,0,0,0,23.0,23.0,23.0,1.0,0.0,0.0,0.0,0.0,0.0,0.0,0.0,0.05,0.0,0.0,0.0,0.0,0.0,0.0,False,25
CFL1,0.005,0,0,0,23.0,23.0,23.0,,0.0,0.0,0.0,0.0,0.0,0.0,0.0,0.0,0.0,0.0,0.05,0.0,0.0,0.0,False,25
ELSPBP1,0.005,0,0,0,23.0,23.0,23.0,,0.0,0.0,0.0,0.05,0.0,0.0,0.0,0.0,0.0,0.0,0.0,0.0,0.0,0.0,False,25
GALNT6,0.005,0,0,0,23.0,23.0,23.0,1.0,0.1,0.0,0.0,0.0,0.0,0.0,0.0,0.0,0.05,0.0,0.0,0.0,0.0,0.1,False,25
GPR34,0.005,0,0,0,23.0,23.0,23.0,1.0,0.0,0.0,0.0,0.0,0.0,0.0,0.0,0.05,0.0,0.0,0.0,0.0,0.0,0.0,False,25
HN1,0.005,0,0,0,23.0,23.0,23.0,,0.0,0.0,0.0,0.0,0.0,0.0,0.0,0.0,0.05,0.0,0.0,0.0,0.0,0.0,False,25
LOC153577,0.005,0,0,0,23.0,23.0,23.0,,0.0,0.0,0.0,0.05,0.0,0.0,0.0,0.0,0.0,0.0,0.0,0.0,0.0,0.0,False,25
MARCH2,0.005,0,0,0,23.0,23.0,23.0,0.0,0.0,0.0,0.05,0.0,0.0,0.0,0.0,0.0,0.0,0.0,0.0,0.0,0.0,0.0,False,25
MXRA5,0.005,0,0,0,23.0,23.0,23.0,,0.0,0.0,0.0,0.05,0.0,0.0,0.0,0.0,0.0,0.0,0.0,0.0,0.0,0.0,False,25
NBEAL1,0.005,0,0,0,23.0,23.0,23.0,0.0,0.0,0.0,0.05,0.0,0.0,0.0,0.0,0.0,0.0,0.0,0.0,0.0,0.0,0.0,False,25
PCNX4,0.005,0,0,0,23.0,23.0,23.0,,0.0,0.0,0.0,0.05,0.0,0.0,0.0,0.0,0.0,0.0,0.0,0.0,0.0,0.0,False,25
PI15,0.005,0,0,0,23.0,23.0,23.0,0.0,0.0,0.0,0.05,0.0,0.0,0.0,0.0,0.0,0.0,0.0,0.0,0.0,0.0,0.0,False,25
PTGFRN,0.005,0,0,0,23.0,23.0,23.0,1.0,0.0,0.0,0.05,0.0,0.0,0.0,0.0,0.0,0.0,0.0,0.0,0.0,0.0,0.0,False,25
PTOV1,0.005,0,0,0,23.0,23.0,23.0,,0.0,0.0,0.0,0.0,0.0,0.0,0.0,0.0,0.05,0.0,0.0,0.0,0.0,0.0,False,25
SARM1,0.005,0,0,0,23.0,23.0,23.0,,0.0,0.0,0.0,0.05,0.0,0.0,0.0,0.0,0.0,0.0,0.0,0.0,0.0,0.0,False,25
SEMA3A,0.005,0,0,0,23.0,23.0,23.0,,0.0,0.0,0.0,0.0,0.0,0.0,0.05,0.0,0.0,0.0,0.0,0.0,0.0,0.0,False,25
SPATA31E1,0.005,0,0,0,23.0,23.0,23.0,0.0,0.0,0.05,0.0,0.0,0.0,0.0,0.0,0.0,0.0,0.0,0.0,0.05,0.0,0.0,False,25
TAL2,0.005,0,0,0,23.0,23.0,23.0,0.0,0.0,0.0,0.0,0.0,0.0,0.05,0.0,0.0,0.0,0.0,0.0,0.0,0.0,0.0,False,25
TMEM56,0.005,0,0,0,23.0,23.0,23.0,0.0,0.0,0.0,0.05,0.0,0.0,0.0,0.0,0.0,0.0,0.0,0.0,0.0,0.0,0.0,False,25
WISP1,0.005,0,0,0,23.0,23.0,23.0,0.0,0.0,0.0,0.05,0.0,0.0,0.0,0.0,0.0,0.0,0.0,0.0,0.0,0.0,0.0,False,25
ZNF385D,0.005,0,0,0,23.0,23.0,23.0,1.0,0.0,0.0,0.05,0.0,0.0,0.0,0.0,0.0,0.0,0.0,0.0,0.0,0.0,0.0,False,25
ABCB7,0.005,0,0,0,24.0,24.0,24.0,1.0,0.0,0.0,0.05,0.0,0.0,0.0,0.0,0.0,0.0,0.0,0.0,0.0,0.0,0.0,False,25
ADCY5,0.005,0,0,0,24.0,24.0,24.0,1.0,0.0,0.0,0.05,0.0,0.0,0.0,0.0,0.0,0.0,0.0,0.0,0.0,0.0,0.0,False,25
ARC,0.005,0,0,0,24.0,24.0,24.0,,0.0,0.0,0.0,0.05,0.0,0.0,0.0,0.0,0.0,0.0,0.0,0.0,0.0,0.0,False,25
ARHGEF3,0.005,0,0,0,24.0,24.0,24.0,,0.0,0.0,0.0,0.05,0.0,0.0,0.0,0.0,0.0,0.0,0.0,0.0,0.0,0.0,False,25
CDC14B,0.005,0,0,0,24.0,24.0,24.0,1.0,0.0,0.0,0.0,0.0,0.0,0.0,0.0,0.05,0.0,0.0,0.0,0.0,0.0,0.0,False,25
CDH2,0.005,0,0,0,24.0,24.0,24.0,1.0,0.0,0.0,0.0,0.0,0.0,0.05,0.0,0.0,0.0,0.0,0.0,0.0,0.0,0.0,False,25
COL13A1,0.005,0,0,0,24.0,24.0,24.0,1.0,0.0,0.0,0.0,0.0,0.0,0.0,0.0,0.0,0.0,0.05,0.0,0.0,0.0,0.0,False,25
DHX33,0.005,0,0,0,24.0,24.0,24.0,1.0,0.0,0.0,0.05,0.0,0.0,0.0,0.0,0.0,0.0,0.0,0.0,0.0,0.0,0.0,False,25
ELMOD3,0.005,0,0,0,24.0,24.0,24.0,,0.0,0.0,0.0,0.0,0.0,0.0,0.05,0.0,0.0,0.0,0.0,0.0,0.0,0.0,False,25
FLG-AS1,0.005,0,0,0,24.0,24.0,24.0,,0.0,0.0,0.0,0.05,0.0,0.0,0.0,0.0,0.0,0.0,0.0,0.0,0.0,0.0,False,25
KCNIP2,0.005,0,0,0,24.0,24.0,24.0,1.0,0.0,0.0,0.0,0.0,0.0,0.0,0.0,0.05,0.0,0.0,0.0,0.0,0.0,0.0,False,25
KCTD15,0.005,0,0,0,24.0,24.0,24.0,0.0,0.0,0.0,0.05,0.0,0.0,0.0,0.0,0.0,0.0,0.0,0.0,0.0,0.0,0.0,False,25
LINC01242,0.005,0,0,0,24.0,24.0,24.0,1.0,0.0,0.0,0.0,0.0,0.0,0.0,0.0,0.0,0.0,0.05,0.0,0.0,0.0,0.0,False,25
LOC101060609,0.005,0,0,0,24.0,24.0,24.0,,0.0,0.0,0.0,0.05,0.0,0.0,0.0,0.0,0.0,0.0,0.0,0.0,0.0,0.0,False,25
LOC101928370,0.005,0,0,0,24.0,24.0,24.0,0.0,0.0,0.05,0.0,0.0,0.0,0.0,0.0,0.0,0.0,0.0,0.0,0.0,0.0,0.0,False,25
LOC102724612,0.005,0,0,0,24.0,24.0,24.0,,0.0,0.0,0.0,0.05,0.0,0.0,0.0,0.0,0.0,0.0,0.0,0.0,0.0,0.0,False,25
LOC401052,0.005,0,0,0,24.0,24.0,24.0,1.0,0.0,0.0,0.0,0.0,0.0,0.05,0.0,0.0,0.0,0.0,0.0,0.0,0.0,0.0,False,25
OR52A1,0.005,0,0,0,24.0,24.0,24.0,0.0,0.0,0.0,0.0,0.0,0.05,0.0,0.0,0.0,0.0,0.0,0.0,0.0,0.05,0.0,False,25
PCDH19,0.005,0,0,0,24.0,24.0,24.0,0.0,0.0,0.0,0.05,0.0,0.0,0.0,0.0,0.0,0.0,0.0,0.0,0.0,0.0,0.0,False,25
PHKB,0.005,0,0,0,24.0,24.0,24.0,1.0,0.0,0.0,0.05,0.0,0.0,0.0,0.0,0.0,0.0,0.0,0.0,0.0,0.0,0.0,False,25
PNLIPRP3,0.005,0,0,0,24.0,24.0,24.0,0.0,0.0,0.05,0.0,0.0,0.0,0.0,0.0,0.0,0.0,0.0,0.0,0.0,0.0,0.0,False,25
RALGPS1,0.005,0,0,0,24.0,24.0,24.0,1.0,0.1,0.0,0.0,0.0,0.0,0.0,0.0,0.0,0.05,0.0,0.0,0.0,0.0,0.1,False,25
RGS3,0.005,0,0,0,24.0,24.0,24.0,1.0,0.0,0.0,0.05,0.0,0.0,0.0,0.0,0.0,0.0,0.0,0.0,0.0,0.0,0.0,False,25
SLC25A3P1,0.005,0,0,0,24.0,24.0,24.0,,0.0,0.0,0.0,0.05,0.0,0.0,0.0,0.0,0.0,0.0,0.0,0.0,0.0,0.0,False,25
SOD1,0.005,0,0,0,24.0,24.0,24.0,,0.0,0.0,0.0,0.05,0.0,0.0,0.0,0.0,0.0,0.0,0.0,0.0,0.0,0.0,False,25
TMEM67,0.005,0,0,0,24.0,24.0,24.0,,0.0,0.0,0.0,0.0,0.0,0.0,0.0,0.0,0.0,0.0,0.05,0.0,0.0,0.0,False,25
TSEN54,0.005,0,0,0,24.0,24.0,24.0,,0.0,0.0,0.0,0.0,0.0,0.0,0.0,0.0,0.05,0.0,0.0,0.0,0.0,0.0,False,25
VIT,0.005,0,0,0,24.0,24.0,24.0,0.0,0.0,0.0,0.05,0.0,0.0,0.0,0.0,0.0,0.0,0.0,0.0,0.0,0.0,0.0,False,25
ABI2,0.005,0,0,0,25.0,25.0,25.0,0.0,0.0,0.0,0.05,0.0,0.0,0.0,0.0,0.0,0.0,0.0,0.0,0.0,0.0,0.0,False,25
ADHFE1,0.005,0,0,0,25.0,25.0,25.0,1.0,0.0,0.0,0.05,0.0,0.0,0.0,0.0,0.0,0.0,0.0,0.0,0.0,0.0,0.0,False,25
APOBEC3B,0.005,0,0,0,25.0,25.0,25.0,1.0,0.0,0.0,0.0,0.0,0.0,0.0,0.0,0.05,0.0,0.0,0.0,0.0,0.0,0.0,False,25
CAT,0.005,0,0,0,25.0,25.0,25.0,1.0,0.0,0.0,0.0,0.0,0.0,0.0,0.0,0.05,0.0,0.0,0.0,0.0,0.0,0.0,False,25
DPYSL5,0.005,0,0,0,25.0,25.0,25.0,1.0,0.0,0.0,0.0,0.0,0.0,0.05,0.0,0.0,0.0,0.0,0.0,0.0,0.0,0.0,False,25
EPAS1,0.005,0,0,0,25.0,25.0,25.0,1.0,0.0,0.0,0.0,0.0,0.0,0.0,0.0,0.05,0.0,0.0,0.0,0.0,0.0,0.0,False,25
FAM110A,0.005,0,0,0,25.0,25.0,25.0,1.0,0.0,0.0,0.0,0.0,0.0,0.0,0.0,0.05,0.0,0.0,0.0,0.0,0.0,0.0,False,25
FUS,0.005,0,0,0,25.0,25.0,25.0,,0.0,0.0,0.0,0.0,0.0,0.0,0.0,0.0,0.05,0.0,0.0,0.0,0.0,0.0,False,25
GMEB1,0.005,0,0,0,25.0,25.0,25.0,1.0,0.0,0.0,0.0,0.0,0.0,0.0,0.0,0.0,0.0,0.05,0.0,0.0,0.0,0.0,False,25
IRF6,0.005,0,0,0,25.0,25.0,25.0,1.0,0.0,0.0,0.0,0.0,0.0,0.0,0.0,0.05,0.0,0.0,0.0,0.0,0.0,0.0,False,25
KDM2A,0.005,0,0,0,25.0,25.0,25.0,1.0,0.0,0.0,0.0,0.0,0.0,0.0,0.0,0.0,0.0,0.05,0.0,0.0,0.0,0.0,False,25
KIAA0907,0.005,0,0,0,25.0,25.0,25.0,,0.0,0.0,0.0,0.0,0.0,0.0,0.0,0.0,0.05,0.0,0.0,0.0,0.0,0.0,False,25
LINC00587,0.005,0,0,0,25.0,25.0,25.0,,0.0,0.0,0.0,0.05,0.0,0.0,0.0,0.0,0.0,0.0,0.0,0.0,0.0,0.0,False,25
MAK,0.005,0,0,0,25.0,25.0,25.0,,0.0,0.0,0.0,0.05,0.0,0.0,0.0,0.0,0.0,0.0,0.0,0.0,0.0,0.0,False,25
MBOAT7,0.005,0,0,0,25.0,25.0,25.0,1.0,0.0,0.0,0.0,0.0,0.0,0.0,0.0,0.05,0.0,0.0,0.0,0.0,0.0,0.0,False,25
MUC7,0.005,0,0,0,25.0,25.0,25.0,,0.0,0.0,0.0,0.05,0.0,0.0,0.0,0.0,0.0,0.0,0.0,0.0,0.0,0.0,False,25
PDXDC1,0.005,0,0,0,25.0,25.0,25.0,,0.0,0.0,0.0,0.0,0.0,0.0,0.0,0.0,0.0,0.0,0.05,0.0,0.0,0.0,False,25
PGBD5,0.005,0,0,0,25.0,25.0,25.0,1.0,0.0,0.0,0.0,0.0,0.0,0.05,0.0,0.0,0.0,0.0,0.0,0.0,0.0,0.0,False,25
SLAMF9,0.005,0,0,0,25.0,25.0,25.0,,0.0,0.0,0.0,0.05,0.0,0.0,0.0,0.0,0.0,0.0,0.0,0.0,0.0,0.0,False,25
SLC16A6,0.005,0,0,0,25.0,25.0,25.0,0.0,0.0,0.0,0.05,0.0,0.0,0.0,0.0,0.0,0.0,0.0,0.0,0.0,0.0,0.0,False,25
SLC52A3,0.005,0,0,0,25.0,25.0,25.0,1.0,0.0,0.0,0.0,0.0,0.0,0.0,0.0,0.05,0.0,0.0,0.0,0.0,0.0,0.0,False,25
SMCO1,0.005,0,0,0,25.0,25.0,25.0,0.0,0.0,0.0,0.0,0.0,0.05,0.0,0.0,0.0,0.0,0.0,0.0,0.0,0.0,0.0,False,25
SPIN4,0.005,0,0,0,25.0,25.0,25.0,,0.0,0.0,0.0,0.0,0.0,0.0,0.0,0.0,0.05,0.0,0.0,0.0,0.0,0.0,False,25
TNAP,0.005,0,0,0,25.0,25.0,25.0,,0.0,0.0,0.0,0.05,0.0,0.0,0.0,0.0,0.0,0.0,0.0,0.0,0.0,0.0,False,25
TPPP3,0.005,0,0,0,25.0,25.0,25.0,0.0,0.0,0.0,0.05,0.0,0.0,0.0,0.0,0.0,0.0,0.0,0.0,0.0,0.0,0.0,False,25
TSPAN13,0.005,0,0,0,25.0,25.0,25.0,,0.0,0.0,0.0,0.0,0.0,0.0,0.0,0.0,0.05,0.0,0.0,0.0,0.0,0.0,False,25
ZBTB7C,0.005,0,0,0,25.0,25.0,25.0,,0.0,0.0,0.0,0.05,0.0,0.0,0.0,0.0,0.0,0.0,0.0,0.0,0.0,0.0,False,25
ADAMTS18,0.0,0,0,0,,,,0.0,0.05,0.0,0.0,0.0,0.0,0.0,0.0,0.0,0.0,0.0,0.0,0.0,0.0,0.05,False,25
ADCYAP1,0.0,0,0,0,,,,1.0,0.0,0.0,0.0,0.0,0.0,0.0,0.0,0.0,0.0,0.0,0.0,0.0,0.05,0.0,False,25
BICDL1,0.0,0,0,0,,,,1.0,0.1,0.0,0.0,0.0,0.0,0.0,0.0,0.0,0.0,0.0,0.0,0.0,0.0,0.1,False,25
C10orf2,0.0,0,0,0,,,,1.0,0.1,0.0,0.0,0.0,0.0,0.0,0.0,0.0,0.0,0.0,0.0,0.0,0.0,0.1,False,25
C9orf135,0.0,0,0,0,,,,1.0,0.0,0.0,0.0,0.0,0.0,0.0,0.0,0.0,0.0,0.0,0.0,0.0,0.05,0.0,False,25
CA4,0.0,0,0,0,,,,0.0,0.0,0.0,0.0,0.0,0.0,0.0,0.0,0.0,0.0,0.0,0.0,0.05,0.0,0.0,False,25
CD36,0.0,0,0,0,,,,0.0,0.05,0.0,0.0,0.0,0.0,0.0,0.0,0.0,0.0,0.0,0.0,0.0,0.0,0.05,False,25
CGN,0.0,0,0,0,,,,1.0,0.25,0.0,0.0,0.0,0.0,0.0,0.0,0.0,0.0,0.0,0.0,0.0,0.0,0.25,False,25
CNRIP1,0.0,0,0,0,,,,0.0,0.05,0.0,0.0,0.0,0.0,0.0,0.0,0.0,0.0,0.0,0.0,0.0,0.0,0.05,False,25
CREB3L4,0.0,0,0,0,,,,1.0,0.05,0.0,0.0,0.0,0.0,0.0,0.0,0.0,0.0,0.0,0.0,0.0,0.0,0.05,False,25
DLGAP5,0.0,0,0,0,,,,1.0,0.1,0.0,0.0,0.0,0.0,0.0,0.0,0.0,0.0,0.0,0.0,0.0,0.0,0.1,False,25
DPP3,0.0,0,0,0,,,,1.0,0.25,0.0,0.0,0.0,0.0,0.0,0.0,0.0,0.0,0.0,0.0,0.0,0.0,0.25,False,25
EDARADD,0.0,0,0,0,,,,1.0,0.0,0.0,0.0,0.0,0.0,0.0,0.0,0.0,0.0,0.0,0.0,0.0,0.05,0.0,False,25
EXOSC4,0.0,0,0,0,,,,1.0,0.05,0.0,0.0,0.0,0.0,0.0,0.0,0.0,0.0,0.0,0.0,0.0,0.0,0.05,False,25
FABP4,0.0,0,0,0,,,,0.0,0.25,0.0,0.0,0.0,0.0,0.0,0.0,0.0,0.0,0.0,0.0,0.0,0.0,0.25,False,25
FAM213B,0.0,0,0,0,,,,1.0,0.1,0.0,0.0,0.0,0.0,0.0,0.0,0.0,0.0,0.0,0.0,0.0,0.0,0.1,False,25
FGFR3,0.0,0,0,0,,,,1.0,0.05,0.0,0.0,0.0,0.0,0.0,0.0,0.0,0.0,0.0,0.0,0.0,0.0,0.05,False,25
FOXA1,0.0,0,0,0,,,,1.0,0.05,0.0,0.0,0.0,0.0,0.0,0.0,0.0,0.0,0.0,0.0,0.0,0.0,0.05,False,25
FXYD1,0.0,0,0,0,,,,0.0,0.0,0.0,0.0,0.0,0.0,0.0,0.0,0.0,0.0,0.0,0.0,0.05,0.0,0.0,False,25
GJB2,0.0,0,0,0,,,,1.0,0.05,0.0,0.0,0.0,0.0,0.0,0.0,0.0,0.0,0.0,0.0,0.0,0.0,0.05,False,25
GPRC5A,0.0,0,0,0,,,,1.0,0.1,0.0,0.0,0.0,0.0,0.0,0.0,0.0,0.0,0.0,0.0,0.0,0.0,0.1,False,25
HS6ST1,0.0,0,0,0,,,,1.0,0.05,0.0,0.0,0.0,0.0,0.0,0.0,0.0,0.0,0.0,0.0,0.0,0.0,0.05,False,25
IGSF9,0.0,0,0,0,,,,1.0,0.2,0.0,0.0,0.0,0.0,0.0,0.0,0.0,0.0,0.0,0.0,0.0,0.0,0.2,False,25
LINC00165,0.0,0,0,0,,,,1.0,0.0,0.0,0.0,0.0,0.0,0.0,0.0,0.0,0.0,0.0,0.0,0.0,0.05,0.0,False,25
MITF,0.0,0,0,0,,,,0.0,0.05,0.0,0.0,0.0,0.0,0.0,0.0,0.0,0.0,0.0,0.0,0.0,0.0,0.05,False,25
NDC80,0.0,0,0,0,,,,1.0,0.1,0.0,0.0,0.0,0.0,0.0,0.0,0.0,0.0,0.0,0.0,0.0,0.0,0.1,False,25
NMRAL1,0.0,0,0,0,,,,1.0,0.15,0.0,0.0,0.0,0.0,0.0,0.0,0.0,0.0,0.0,0.0,0.0,0.0,0.15,False,25
NPNT,0.0,0,0,0,,,,1.0,0.2,0.0,0.0,0.0,0.0,0.0,0.0,0.0,0.0,0.0,0.0,0.0,0.0,0.2,False,25
OVOL1,0.0,0,0,0,,,,1.0,0.05,0.0,0.0,0.0,0.0,0.0,0.0,0.0,0.0,0.0,0.0,0.0,0.0,0.05,False,25
PBK,0.0,0,0,0,,,,1.0,0.05,0.0,0.0,0.0,0.0,0.0,0.0,0.0,0.0,0.0,0.0,0.0,0.0,0.05,False,25
PHKG2,0.0,0,0,0,,,,1.0,0.1,0.0,0.0,0.0,0.0,0.0,0.0,0.0,0.0,0.0,0.0,0.0,0.0,0.1,False,25
PLPP2,0.0,0,0,0,,,,1.0,0.85,0.0,0.0,0.0,0.0,0.0,0.0,0.0,0.0,0.0,0.0,0.0,0.0,0.85,False,25
POMC,0.0,0,0,0,,,,0.0,0.0,0.0,0.0,0.0,0.0,0.0,0.0,0.0,0.0,0.0,0.0,0.05,0.0,0.0,False,25
PRC1,0.0,0,0,0,,,,1.0,0.2,0.0,0.0,0.0,0.0,0.0,0.0,0.0,0.0,0.0,0.0,0.0,0.0,0.2,False,25
RAP1GAP,0.0,0,0,0,,,,1.0,0.25,0.0,0.0,0.0,0.0,0.0,0.0,0.0,0.0,0.0,0.0,0.0,0.0,0.25,False,25
RBP7,0.0,0,0,0,,,,0.0,0.05,0.0,0.0,0.0,0.0,0.0,0.0,0.0,0.0,0.0,0.0,0.0,0.0,0.05,False,25
RSPH1,0.0,0,0,0,,,,1.0,0.15,0.0,0.0,0.0,0.0,0.0,0.0,0.0,0.0,0.0,0.0,0.0,0.0,0.15,False,25
S100A14,0.0,0,0,0,,,,1.0,0.25,0.0,0.0,0.0,0.0,0.0,0.0,0.0,0.0,0.0,0.0,0.0,0.0,0.25,False,25
SAFB,0.0,0,0,0,,,,1.0,0.05,0.0,0.0,0.0,0.0,0.0,0.0,0.0,0.0,0.0,0.0,0.0,0.0,0.05,False,25
SETD4,0.0,0,0,0,,,,1.0,0.15,0.0,0.0,0.0,0.0,0.0,0.0,0.0,0.0,0.0,0.0,0.0,0.0,0.15,False,25
SETDB1,0.0,0,0,0,,,,1.0,0.55,0.0,0.0,0.0,0.0,0.0,0.0,0.0,0.0,0.0,0.0,0.0,0.0,0.55,False,25
SH3KBP1,0.0,0,0,0,,,,0.0,0.1,0.0,0.0,0.0,0.0,0.0,0.0,0.0,0.0,0.0,0.0,0.0,0.0,0.1,False,25
SHANK2,0.0,0,0,0,,,,1.0,0.2,0.0,0.0,0.0,0.0,0.0,0.0,0.0,0.0,0.0,0.0,0.0,0.0,0.2,False,25
SLC26A3,0.0,0,0,0,,,,1.0,0.0,0.0,0.0,0.0,0.0,0.0,0.0,0.0,0.0,0.0,0.0,0.0,0.05,0.0,False,25
SMIM22,0.0,0,0,0,,,,1.0,0.05,0.0,0.0,0.0,0.0,0.0,0.0,0.0,0.0,0.0,0.0,0.0,0.0,0.05,False,25
SPX,0.0,0,0,0,,,,0.0,0.0,0.0,0.0,0.0,0.0,0.0,0.0,0.0,0.0,0.0,0.0,0.05,0.0,0.0,False,25
SSX2IP,0.0,0,0,0,,,,1.0,0.05,0.0,0.0,0.0,0.0,0.0,0.0,0.0,0.0,0.0,0.0,0.0,0.0,0.05,False,25
STX7,0.0,0,0,0,,,,0.0,0.1,0.0,0.0,0.0,0.0,0.0,0.0,0.0,0.0,0.0,0.0,0.0,0.0,0.1,False,25
SYNE4,0.0,0,0,0,,,,1.0,0.1,0.0,0.0,0.0,0.0,0.0,0.0,0.0,0.0,0.0,0.0,0.0,0.0,0.1,False,25
TESMIN,0.0,0,0,0,,,,1.0,0.15,0.0,0.0,0.0,0.0,0.0,0.0,0.0,0.0,0.0,0.0,0.0,0.0,0.15,False,25
TMEM221,0.0,0,0,0,,,,0.0,0.0,0.0,0.0,0.0,0.0,0.0,0.0,0.0,0.0,0.0,0.0,0.0,0.05,0.0,False,25
USP54,0.0,0,0,0,,,,1.0,0.05,0.0,0.0,0.0,0.0,0.0,0.0,0.0,0.0,0.0,0.0,0.0,0.0,0.05,False,25
WDR54,0.0,0,0,0,,,,1.0,0.05,0.0,0.0,0.0,0.0,0.0,0.0,0.0,0.0,0.0,0.0,0.0,0.0,0.05,False,25
XPO5,0.0,0,0,0,,,,1.0,0.6,0.0,0.0,0.0,0.0,0.0,0.0,0.0,0.0,0.0,0.0,0.0,0.0,0.6,False,25
ZG16B,0.0,0,0,0,,,,1.0,0.05,0.0,0.0,0.0,0.0,0.0,0.0,0.0,0.0,0.0,0.0,0.0,0.0,0.05,False,25
ZNF692,0.0,0,0,0,,,,1.0,0.25,0.0,0.0,0.0,0.0,0.0,0.0,0.0,0.0,0.0,0.0,0.0,0.0,0.25,False,25
