gene,mean_selection_frequency,n_pipelines_ge50,n_models_ge50,n_explainers_ge50,median_rank,best_rank,mean_rank,frac_signed_positive,ttest_frequency,freq:logreg|coef,freq:logreg|shap,freq:logreg|perm,freq:svm|coef,freq:svm|shap,freq:svm|perm,freq:rf|shap,freq:rf|perm,freq:xgb|shap,freq:xgb|perm,freq:logreg_C0.1|coef,freq:logreg_C100|coef,freq:ttest|ttest,consensus,k
DKFZp779M0652,0.505,6,2,3,10.0,1.0,14.504950495049505,0.18691588785046728,0.0,1.0,0.8,0.65,0.85,0.9,0.85,0.0,0.0,0.0,0.0,1.0,0.8,0.0,True,50
LINC00310,0.495,6,2,3,9.0,1.0,13.656565656565656,0.16981132075471697,0.0,1.0,0.6,0.6,1.0,0.6,1.0,0.05,0.0,0.05,0.05,1.0,1.0,0.0,True,50
FHL5,0.41500000000000004,3,2,2,7.0,1.0,13.63855421686747,0.21518987341772153,0.0,0.55,0.25,0.4,0.8,0.25,0.7,0.35,0.25,0.3,0.3,0.75,0.7,0.0,False,50
CREB5,0.41,4,2,3,23.0,2.0,22.573170731707318,0.09473684210526316,0.0,0.9,0.35,0.3,1.0,0.5,1.0,0.05,0.0,0.0,0.0,1.0,0.95,0.0,False,50
CDR1,0.385,3,2,2,13.0,1.0,16.207792207792206,0.09523809523809523,0.0,0.9,0.35,0.35,0.8,0.25,0.8,0.1,0.0,0.15,0.15,0.85,0.8,0.0,False,50
NLGN1,0.36999999999999994,4,2,3,19.0,1.0,21.0,0.13580246913580246,0.0,0.85,0.45,0.35,0.65,0.55,0.75,0.05,0.05,0.0,0.0,0.85,0.65,0.0,False,50
TSLP,0.36500000000000005,4,2,3,27.0,5.0,26.78082191780822,0.08536585365853659,0.0,0.65,0.1,0.2,0.9,0.8,1.0,0.0,0.0,0.0,0.0,0.85,0.8,0.0,False,50
NAALAD2,0.36,3,2,2,11.5,1.0,13.416666666666666,0.024691358024691357,0.0,1.0,0.0,0.45,1.0,0.05,1.0,0.05,0.05,0.0,0.0,1.0,0.95,0.0,False,50
NIPSNAP3B,0.36,3,2,2,14.0,2.0,16.63888888888889,0.012048192771084338,0.0,1.0,0.1,0.35,1.0,0.05,1.0,0.05,0.05,0.0,0.0,1.0,0.95,0.0,False,50
DMGDH,0.3549999999999999,3,2,2,13.0,1.0,17.43661971830986,0.10126582278481013,0.0,0.8,0.0,0.1,1.0,0.2,1.0,0.3,0.05,0.05,0.05,0.6,1.0,0.0,False,50
CEP112,0.33,3,2,2,20.0,4.0,23.151515151515152,0.18055555555555555,0.05,0.4,0.7,0.1,0.4,0.75,0.75,0.0,0.0,0.1,0.1,0.85,0.35,0.05,False,50
LYVE1,0.32999999999999996,3,2,2,17.5,4.0,20.833333333333332,0.0,0.0,1.0,0.0,0.3,1.0,0.0,1.0,0.0,0.0,0.0,0.0,1.0,0.9,0.0,False,50
LOC102723493,0.32999999999999996,3,2,2,21.5,1.0,23.28787878787879,0.07317073170731707,0.0,0.95,0.25,0.15,0.8,0.35,0.8,0.0,0.0,0.0,0.0,0.95,0.8,0.0,False,50
FLVCR1,0.315,4,2,2,6.0,1.0,12.253968253968255,1.0,0.0,0.0,0.0,0.0,0.0,0.05,0.0,0.85,0.75,0.75,0.75,0.0,0.0,0.0,False,50
MMP28,0.31499999999999995,2,2,1,19.0,1.0,19.174603174603174,0.41509433962264153,0.0,0.15,0.7,0.1,0.25,0.9,0.4,0.25,0.3,0.05,0.05,0.15,0.2,0.0,False,50
ABCD2,0.30999999999999994,4,2,3,15.5,1.0,21.016129032258064,0.24528301886792453,0.0,0.25,0.0,0.05,0.9,0.0,0.65,0.1,0.05,0.55,0.55,0.05,0.8,0.0,False,50
CNKSR2,0.305,3,1,3,19.0,2.0,20.491803278688526,0.15517241379310345,0.0,0.25,0.15,0.15,0.8,0.7,0.8,0.0,0.0,0.1,0.1,0.15,0.75,0.0,False,50
RGS17,0.305,3,2,2,19.0,1.0,21.0327868852459,0.0684931506849315,0.0,0.85,0.35,0.4,0.7,0.1,0.65,0.0,0.0,0.0,0.0,0.95,0.7,0.0,False,50
STX11,0.3,2,2,2,23.0,1.0,25.133333333333333,0.14754098360655737,0.0,0.65,0.45,0.2,0.35,0.35,1.0,0.0,0.0,0.0,0.0,1.0,0.25,0.0,False,50
C8orf34,0.29500000000000004,3,2,2,28.0,11.0,29.8135593220339,0.05714285714285714,0.0,0.6,0.25,0.25,0.7,0.4,0.75,0.0,0.0,0.0,0.0,0.95,0.6,0.0,False,50
ARRDC1,0.28500000000000003,4,2,2,5.0,1.0,11.385964912280702,1.0,0.2,0.0,0.0,0.0,0.0,0.0,0.0,0.55,0.6,0.85,0.85,0.0,0.0,0.2,False,50
EPB42,0.27999999999999997,3,2,2,20.0,8.0,22.642857142857142,0.016666666666666666,0.0,0.5,0.0,0.25,1.0,0.0,1.0,0.05,0.0,0.0,0.0,0.45,1.0,0.0,False,50
TMEM246,0.26999999999999996,3,2,2,22.0,2.0,24.85185185185185,0.13559322033898305,0.0,0.55,0.25,0.15,0.55,0.2,0.85,0.1,0.05,0.0,0.0,0.7,0.6,0.0,False,50
APOB,0.25999999999999995,3,2,2,26.0,4.0,25.423076923076923,0.017543859649122806,0.0,0.55,0.0,0.25,0.85,0.0,0.9,0.05,0.0,0.0,0.0,0.6,0.8,0.0,False,50
SLC7A10,0.25000000000000006,3,2,2,18.5,5.0,21.28,0.015384615384615385,0.0,0.9,0.05,0.25,0.6,0.05,0.65,0.0,0.0,0.0,0.0,1.0,0.65,0.0,False,50
CORO2B,0.24500000000000002,3,2,2,25.0,1.0,23.163265306122447,0.038461538461538464,0.0,0.5,0.05,0.15,0.6,0.3,0.8,0.05,0.0,0.0,0.0,0.55,0.55,0.0,False,50
PRG4,0.24500000000000002,2,1,2,29.0,1.0,26.387755102040817,0.1206896551724138,0.0,0.8,0.55,0.35,0.4,0.0,0.35,0.0,0.0,0.0,0.0,0.8,0.35,0.0,False,50
C6,0.24499999999999997,1,1,1,20.0,3.0,21.081632653061224,0.13333333333333333,0.0,0.55,0.4,0.2,0.35,0.2,0.45,0.05,0.05,0.1,0.1,0.9,0.45,0.0,False,50
HHIP,0.225,2,1,2,14.0,1.0,16.644444444444446,0.28205128205128205,0.0,0.05,0.0,0.0,0.6,0.4,0.7,0.1,0.1,0.15,0.15,0.05,0.6,0.0,False,50
CCDC178,0.22499999999999995,3,2,2,35.0,3.0,32.333333333333336,0.375,0.0,0.05,0.65,0.0,0.05,0.55,0.65,0.05,0.15,0.05,0.05,0.55,0.05,0.0,False,50
CIDEA,0.21499999999999994,2,2,2,33.0,10.0,31.069767441860463,0.0625,0.0,0.65,0.1,0.05,0.3,0.0,0.8,0.1,0.05,0.05,0.05,1.0,0.2,0.0,False,50
ST6GALNAC3,0.21000000000000002,2,1,2,24.0,3.0,25.428571428571427,0.06666666666666667,0.0,0.35,0.15,0.1,0.55,0.3,0.65,0.0,0.0,0.0,0.0,0.35,0.55,0.0,False,50
ADH1A,0.20500000000000002,2,2,1,30.0,6.0,27.682926829268293,0.3111111111111111,0.0,0.2,0.65,0.05,0.25,0.5,0.1,0.1,0.1,0.05,0.05,0.15,0.35,0.0,False,50
ADAMTS8,0.205,2,1,2,11.0,1.0,17.121951219512194,0.8913043478260869,0.0,0.25,0.2,0.45,0.6,0.55,0.0,0.0,0.0,0.0,0.0,0.0,0.7,0.0,False,50
ANKRD19P,0.205,0,0,0,13.0,1.0,18.536585365853657,0.15217391304347827,0.0,0.3,0.25,0.1,0.45,0.4,0.35,0.05,0.05,0.05,0.05,0.3,0.5,0.0,False,50
MLXIPL,0.19,1,1,1,29.0,6.0,29.026315789473685,0.07142857142857142,0.0,0.4,0.2,0.15,0.45,0.15,0.55,0.0,0.0,0.0,0.0,0.5,0.4,0.0,False,50
SCN9A,0.19,2,2,1,33.5,4.0,31.105263157894736,0.045454545454545456,0.0,0.7,0.1,0.15,0.55,0.0,0.4,0.0,0.0,0.0,0.0,0.5,0.35,0.0,False,50
ADRA1A,0.185,3,2,2,32.0,7.0,30.027027027027028,0.0,0.0,0.55,0.0,0.05,0.5,0.0,0.75,0.0,0.0,0.0,0.0,0.4,0.4,0.0,False,50
LHCGR,0.185,3,2,2,32.0,6.0,31.10810810810811,0.0,0.0,0.55,0.0,0.15,0.6,0.0,0.55,0.0,0.0,0.0,0.0,0.3,0.5,0.0,False,50
PALM,0.18,1,1,1,31.0,4.0,30.5,0.22580645161290322,0.0,0.1,0.35,0.25,0.3,0.7,0.1,0.0,0.0,0.0,0.0,0.0,0.1,0.0,False,50
NPR1,0.175,0,0,0,17.0,1.0,18.62857142857143,0.5,0.35,0.0,0.35,0.05,0.0,0.45,0.1,0.2,0.3,0.15,0.15,0.0,0.0,0.35,False,50
MOCS1,0.175,2,2,1,27.0,1.0,25.65714285714286,0.36363636363636365,0.0,0.1,0.7,0.1,0.05,0.6,0.15,0.05,0.0,0.0,0.0,0.15,0.0,0.0,False,50
ST6GALNAC6,0.175,1,1,1,33.0,7.0,29.085714285714285,0.45454545454545453,0.0,0.1,0.35,0.0,0.15,0.8,0.3,0.05,0.0,0.0,0.0,0.1,0.1,0.0,False,50
CANT1,0.17,0,0,0,8.0,1.0,14.205882352941176,1.0,0.15,0.0,0.0,0.0,0.0,0.0,0.0,0.45,0.45,0.4,0.4,0.0,0.0,0.15,False,50
ACSM5,0.16999999999999998,0,0,0,13.5,1.0,18.852941176470587,0.5217391304347826,0.05,0.1,0.1,0.0,0.05,0.1,0.35,0.25,0.15,0.3,0.3,0.15,0.05,0.05,False,50
DCAF12L2,0.165,2,2,2,7.0,1.0,12.909090909090908,0.9736842105263158,0.0,0.4,0.0,0.5,0.7,0.05,0.0,0.0,0.0,0.0,0.0,0.0,0.75,0.0,False,50
FTCDNL1,0.165,2,1,2,17.0,1.0,19.606060606060606,0.17073170731707318,0.0,0.7,0.55,0.35,0.0,0.05,0.0,0.0,0.0,0.0,0.0,0.7,0.05,0.0,False,50
SLC35A2,0.155,2,1,2,10.0,1.0,11.451612903225806,1.0,0.7,0.0,0.0,0.0,0.0,0.0,0.0,0.55,0.5,0.25,0.25,0.0,0.0,0.7,False,50
CNNM4,0.155,2,1,2,10.0,3.0,15.03225806451613,1.0,0.45,0.0,0.0,0.0,0.0,0.0,0.0,0.5,0.55,0.25,0.25,0.0,0.0,0.45,False,50
ADGRD1,0.15499999999999997,1,1,1,30.0,6.0,28.838709677419356,0.024390243902439025,0.0,0.7,0.2,0.1,0.2,0.0,0.35,0.0,0.0,0.0,0.0,0.75,0.2,0.0,False,50
HDGF,0.15,1,1,1,10.0,2.0,14.466666666666667,1.0,0.2,0.0,0.0,0.0,0.0,0.0,0.0,0.45,0.55,0.25,0.25,0.0,0.0,0.2,False,50
LOC100132735,0.15,1,1,1,32.5,4.0,29.833333333333332,0.06060606060606061,0.0,0.55,0.2,0.1,0.15,0.0,0.3,0.05,0.15,0.0,0.0,0.6,0.1,0.0,False,50
ANXA2P3,0.14500000000000002,1,1,1,19.0,1.0,21.75862068965517,0.2,0.0,0.35,0.5,0.15,0.05,0.3,0.1,0.0,0.0,0.0,0.0,0.25,0.05,0.0,False,50
ALDH1L1-AS2,0.14500000000000002,0,0,0,32.0,3.0,29.586206896551722,0.16,0.0,0.05,0.15,0.1,0.25,0.45,0.35,0.0,0.0,0.05,0.05,0.05,0.25,0.0,False,50
LOC100653086,0.14,1,1,1,19.5,1.0,21.035714285714285,0.07692307692307693,0.0,0.3,0.0,0.15,0.25,0.0,0.5,0.1,0.1,0.0,0.0,0.4,0.25,0.0,False,50
CCDC141,0.14,1,1,1,21.0,4.0,22.535714285714285,0.1388888888888889,0.0,0.5,0.35,0.3,0.1,0.05,0.1,0.0,0.0,0.0,0.0,0.7,0.1,0.0,False,50
CPEB1,0.13999999999999999,1,1,1,21.0,1.0,19.607142857142858,0.25,0.0,0.0,0.05,0.0,0.35,0.85,0.15,0.0,0.0,0.0,0.0,0.0,0.35,0.0,False,50
CHPF2,0.135,0,0,0,19.0,3.0,20.88888888888889,1.0,0.15,0.0,0.05,0.0,0.0,0.0,0.0,0.4,0.4,0.25,0.25,0.0,0.0,0.15,False,50
MYOC,0.135,2,1,2,29.0,13.0,28.703703703703702,0.0,0.0,0.05,0.0,0.05,0.75,0.0,0.5,0.0,0.0,0.0,0.0,0.0,0.75,0.0,False,50
KCNA2,0.13000000000000003,0,0,0,26.5,2.0,26.153846153846153,0.2916666666666667,0.0,0.1,0.15,0.0,0.25,0.2,0.4,0.1,0.1,0.0,0.0,0.2,0.2,0.0,False,50
CTTNBP2,0.12500000000000003,0,0,0,27.0,2.0,26.12,0.4,0.0,0.2,0.35,0.05,0.1,0.4,0.05,0.05,0.05,0.0,0.0,0.05,0.1,0.0,False,50
CBX4,0.125,0,0,0,8.0,1.0,12.68,0.7894736842105263,0.25,0.0,0.05,0.0,0.0,0.2,0.0,0.15,0.25,0.3,0.3,0.0,0.0,0.25,False,50
KIAA1107,0.125,1,1,1,14.0,1.0,20.6,0.5,0.0,0.05,0.7,0.15,0.0,0.35,0.0,0.0,0.0,0.0,0.0,0.0,0.0,0.0,False,50
LOC101927420,0.12000000000000002,0,0,0,19.0,1.0,17.375,0.2916666666666667,0.0,0.1,0.15,0.15,0.2,0.45,0.05,0.0,0.0,0.05,0.05,0.0,0.25,0.0,False,50
FRMD1,0.12000000000000002,1,1,1,14.0,2.0,19.166666666666668,0.0,0.0,0.7,0.1,0.2,0.1,0.0,0.1,0.0,0.0,0.0,0.0,0.75,0.1,0.0,False,50
LOC284825,0.12000000000000002,0,0,0,21.0,2.0,21.0,0.10714285714285714,0.0,0.2,0.0,0.05,0.25,0.05,0.45,0.05,0.05,0.05,0.05,0.55,0.25,0.0,False,50
DSP,0.12000000000000002,0,0,0,19.0,3.0,22.0,0.8333333333333334,0.05,0.0,0.05,0.0,0.1,0.25,0.25,0.2,0.15,0.1,0.1,0.0,0.15,0.05,False,50
DNMT1,0.12,0,0,0,9.5,1.0,11.083333333333334,1.0,0.0,0.0,0.0,0.0,0.0,0.0,0.0,0.3,0.3,0.3,0.3,0.0,0.0,0.0,False,50
CCDC85C,0.12,1,1,1,11.0,2.0,19.666666666666668,1.0,0.0,0.0,0.0,0.0,0.0,0.0,0.0,0.4,0.5,0.15,0.15,0.0,0.0,0.0,False,50
CNTFR-AS1,0.12,0,0,0,24.0,6.0,23.958333333333332,0.30434782608695654,0.0,0.15,0.15,0.0,0.15,0.2,0.15,0.1,0.1,0.1,0.1,0.15,0.15,0.0,False,50
MYO5B,0.12,0,0,0,24.0,1.0,24.041666666666668,0.9545454545454546,0.25,0.0,0.15,0.1,0.1,0.2,0.1,0.3,0.25,0.0,0.0,0.0,0.1,0.25,False,50
DMRT3,0.12,0,0,0,26.5,5.0,25.041666666666668,0.12,0.0,0.2,0.05,0.1,0.35,0.1,0.35,0.05,0.0,0.0,0.0,0.2,0.3,0.0,False,50
HSPB7,0.12,1,1,1,33.5,12.0,33.125,0.0,0.0,0.35,0.0,0.05,0.2,0.0,0.6,0.0,0.0,0.0,0.0,0.7,0.2,0.0,False,50
TET3,0.11500000000000002,2,1,2,14.0,2.0,19.608695652173914,1.0,0.8,0.0,0.05,0.0,0.0,0.0,0.0,0.55,0.55,0.0,0.0,0.0,0.0,0.8,False,50
PAFAH1B3,0.11500000000000002,0,0,0,17.0,3.0,22.304347826086957,0.9545454545454546,0.5,0.0,0.1,0.0,0.0,0.0,0.0,0.4,0.45,0.1,0.1,0.0,0.0,0.5,False,50
SOX4,0.11500000000000002,0,0,0,30.0,12.0,30.130434782608695,0.8333333333333334,0.0,0.05,0.05,0.05,0.15,0.35,0.3,0.1,0.1,0.0,0.0,0.05,0.15,0.0,False,50
RAE1,0.11499999999999999,0,0,0,12.0,1.0,15.521739130434783,1.0,0.05,0.0,0.0,0.0,0.0,0.0,0.0,0.35,0.4,0.2,0.2,0.0,0.0,0.05,False,50
ZNRF2P1,0.11499999999999999,1,1,1,12.0,2.0,16.91304347826087,0.9333333333333333,0.0,0.0,0.0,0.35,0.65,0.15,0.0,0.0,0.0,0.0,0.0,0.0,0.7,0.0,False,50
IFNLR1,0.11499999999999999,1,1,1,17.0,5.0,20.304347826086957,0.5294117647058824,0.0,0.05,0.25,0.3,0.0,0.55,0.0,0.0,0.0,0.0,0.0,0.0,0.0,0.0,False,50
FAM228A,0.11499999999999999,1,1,1,39.0,12.0,35.130434782608695,0.0,0.0,0.5,0.0,0.1,0.2,0.0,0.35,0.0,0.0,0.0,0.0,0.3,0.2,0.0,False,50
STIL,0.11000000000000001,2,1,2,14.0,5.0,19.636363636363637,0.9230769230769231,0.05,0.0,0.0,0.0,0.0,0.1,0.0,0.5,0.5,0.0,0.0,0.0,0.0,0.05,False,50
FLJ27354,0.11000000000000001,1,1,1,21.0,2.0,21.454545454545453,0.03333333333333333,0.0,0.6,0.2,0.3,0.0,0.0,0.0,0.0,0.0,0.0,0.0,0.7,0.0,0.0,False,50
ADAM22,0.11000000000000001,0,0,0,23.0,3.0,21.772727272727273,0.037037037037037035,0.0,0.1,0.0,0.1,0.45,0.1,0.35,0.0,0.0,0.0,0.0,0.2,0.5,0.0,False,50
ATOH8,0.11000000000000001,0,0,0,26.5,9.0,29.59090909090909,0.3333333333333333,0.0,0.15,0.45,0.0,0.0,0.05,0.1,0.1,0.25,0.0,0.0,0.3,0.0,0.0,False,50
U2AF2,0.10500000000000001,2,1,2,13.0,2.0,14.095238095238095,1.0,0.2,0.0,0.0,0.0,0.0,0.0,0.0,0.5,0.55,0.0,0.0,0.0,0.0,0.2,False,50
HSPB6,0.10500000000000001,0,0,0,23.0,1.0,25.38095238095238,0.2,0.0,0.15,0.25,0.05,0.05,0.25,0.2,0.05,0.05,0.0,0.0,0.2,0.05,0.0,False,50
IGSF10,0.10500000000000001,0,0,0,23.0,7.0,25.476190476190474,0.3333333333333333,0.0,0.05,0.1,0.0,0.1,0.3,0.25,0.05,0.1,0.05,0.05,0.15,0.1,0.0,False,50
THSD7B,0.10500000000000001,1,1,1,26.0,6.0,28.38095238095238,0.2857142857142857,0.0,0.0,0.1,0.0,0.1,0.65,0.2,0.0,0.0,0.0,0.0,0.1,0.1,0.0,False,50
LOC100506476,0.10500000000000001,1,1,1,30.0,6.0,29.857142857142858,0.2631578947368421,0.0,0.0,0.15,0.15,0.15,0.5,0.1,0.0,0.0,0.0,0.0,0.0,0.15,0.0,False,50
GPBAR1,0.10500000000000001,0,0,0,33.0,15.0,32.23809523809524,0.15,0.0,0.0,0.0,0.0,0.45,0.0,0.3,0.0,0.0,0.15,0.15,0.0,0.4,0.0,False,50
SPATA22,0.10500000000000001,1,1,1,36.0,13.0,34.857142857142854,0.058823529411764705,0.0,0.1,0.0,0.05,0.3,0.0,0.5,0.05,0.05,0.0,0.0,0.2,0.2,0.0,False,50
C22orf39,0.10499999999999998,0,0,0,14.0,1.0,19.952380952380953,0.6153846153846154,0.0,0.05,0.2,0.05,0.0,0.15,0.0,0.05,0.15,0.2,0.2,0.0,0.0,0.0,False,50
TLDC1,0.1,0,0,0,8.0,1.0,16.65,1.0,0.1,0.0,0.0,0.0,0.0,0.0,0.0,0.35,0.45,0.1,0.1,0.0,0.0,0.1,False,50
SDC1,0.1,0,0,0,26.5,1.0,25.4,0.65,0.2,0.05,0.35,0.0,0.0,0.1,0.0,0.3,0.2,0.0,0.0,0.0,0.0,0.2,False,50
FREM1,0.1,0,0,0,25.5,10.0,26.35,0.6153846153846154,0.0,0.1,0.05,0.05,0.05,0.15,0.2,0.1,0.1,0.1,0.1,0.05,0.05,0.0,False,50
SLC44A1,0.1,0,0,0,22.5,5.0,27.0,0.6,0.0,0.0,0.15,0.05,0.0,0.45,0.0,0.15,0.2,0.0,0.0,0.0,0.0,0.0,False,50
GDF10,0.1,1,1,1,34.0,18.0,33.5,0.0,0.0,0.05,0.0,0.05,0.6,0.0,0.3,0.0,0.0,0.0,0.0,0.1,0.6,0.0,False,50
CELSR1,0.095,0,0,0,8.0,2.0,13.210526315789474,0.9230769230769231,0.15,0.0,0.05,0.0,0.0,0.0,0.0,0.2,0.2,0.25,0.25,0.0,0.0,0.15,False,50
NKAPL,0.095,0,0,0,22.0,3.0,23.789473684210527,0.2631578947368421,0.0,0.0,0.0,0.05,0.3,0.3,0.2,0.05,0.05,0.0,0.0,0.0,0.3,0.0,False,50
TELO2,0.095,0,0,0,20.0,5.0,24.94736842105263,0.9375,0.35,0.0,0.05,0.0,0.0,0.0,0.0,0.15,0.25,0.25,0.25,0.0,0.0,0.35,False,50
ACADL,0.095,0,0,0,39.0,4.0,35.63157894736842,0.09523809523809523,0.0,0.2,0.1,0.0,0.2,0.05,0.4,0.0,0.0,0.0,0.0,0.3,0.2,0.0,False,50
LINC01088,0.09000000000000001,1,1,1,16.0,1.0,20.944444444444443,0.0,0.0,0.65,0.05,0.2,0.0,0.0,0.0,0.0,0.0,0.0,0.0,0.7,0.0,0.0,False,50
C15orf48,0.09000000000000001,1,1,1,26.5,5.0,25.666666666666668,0.6470588235294118,0.0,0.0,0.2,0.0,0.0,0.6,0.0,0.0,0.0,0.05,0.05,0.0,0.0,0.0,False,50
PQLC2L,0.09000000000000001,0,0,0,31.0,14.0,32.833333333333336,0.0625,0.0,0.1,0.0,0.1,0.35,0.05,0.3,0.0,0.0,0.0,0.0,0.05,0.25,0.0,False,50
CLSTN1,0.09,0,0,0,9.0,3.0,11.055555555555555,1.0,0.0,0.0,0.0,0.0,0.0,0.0,0.0,0.25,0.25,0.2,0.2,0.0,0.0,0.0,False,50
AP1G2,0.09,0,0,0,8.5,1.0,13.0,1.0,0.0,0.0,0.0,0.0,0.0,0.0,0.0,0.15,0.05,0.35,0.35,0.0,0.0,0.0,False,50
ADGRL4,0.09,0,0,0,10.0,2.0,13.833333333333334,1.0,0.0,0.0,0.05,0.0,0.0,0.0,0.0,0.2,0.15,0.25,0.25,0.0,0.0,0.0,False,50
CACNB3,0.09,0,0,0,18.5,3.0,16.833333333333332,1.0,0.05,0.0,0.0,0.0,0.0,0.0,0.0,0.25,0.25,0.2,0.2,0.0,0.0,0.05,False,50
DNMT3A,0.09,0,0,0,16.5,2.0,19.5,1.0,0.0,0.0,0.05,0.0,0.0,0.0,0.0,0.2,0.15,0.25,0.25,0.0,0.0,0.0,False,50
ENTPD7,0.09,0,0,0,22.0,1.0,24.27777777777778,0.5294117647058824,0.0,0.05,0.15,0.1,0.1,0.35,0.0,0.1,0.05,0.0,0.0,0.0,0.1,0.0,False,50
FAM83H,0.09,1,1,1,26.0,4.0,26.944444444444443,1.0,0.0,0.0,0.0,0.0,0.0,0.0,0.0,0.4,0.5,0.0,0.0,0.0,0.0,0.0,False,50
LRRC2,0.09,0,0,0,32.0,3.0,29.666666666666668,0.0,0.0,0.25,0.05,0.1,0.25,0.0,0.25,0.0,0.0,0.0,0.0,0.1,0.25,0.0,False,50
PDE2A,0.08500000000000002,0,0,0,27.0,3.0,26.470588235294116,0.45,0.0,0.2,0.35,0.0,0.05,0.05,0.05,0.15,0.0,0.0,0.0,0.15,0.05,0.0,False,50
TBCD,0.085,0,0,0,17.0,4.0,23.88235294117647,1.0,0.0,0.0,0.0,0.0,0.0,0.0,0.0,0.4,0.45,0.0,0.0,0.0,0.0,0.0,False,50
LVRN,0.085,0,0,0,22.0,10.0,24.11764705882353,0.043478260869565216,0.0,0.25,0.0,0.0,0.25,0.0,0.25,0.05,0.05,0.0,0.0,0.35,0.25,0.0,False,50
DLG3,0.085,0,0,0,31.0,1.0,27.235294117647058,1.0,0.4,0.0,0.0,0.0,0.0,0.0,0.0,0.25,0.3,0.15,0.15,0.0,0.0,0.4,False,50
ATP13A4-AS1,0.08499999999999999,1,1,1,21.0,1.0,17.647058823529413,0.08,0.0,0.5,0.2,0.15,0.0,0.0,0.0,0.0,0.0,0.0,0.0,0.55,0.0,0.0,False,50
ALPI,0.08499999999999999,0,0,0,16.0,1.0,18.294117647058822,0.8695652173913043,0.0,0.05,0.0,0.25,0.35,0.2,0.0,0.0,0.0,0.0,0.0,0.0,0.55,0.0,False,50
PRKCZ,0.08499999999999999,0,0,0,26.0,4.0,27.11764705882353,0.8571428571428571,0.05,0.0,0.05,0.05,0.15,0.2,0.2,0.1,0.1,0.0,0.0,0.0,0.15,0.05,False,50
ATP2A2,0.08,0,0,0,11.0,1.0,13.3125,1.0,0.0,0.0,0.0,0.0,0.0,0.0,0.0,0.15,0.15,0.25,0.25,0.0,0.0,0.0,False,50
LOC100288798,0.08,0,0,0,11.0,4.0,19.5625,0.06666666666666667,0.0,0.0,0.0,0.0,0.35,0.0,0.35,0.05,0.05,0.0,0.0,0.0,0.35,0.0,False,50
TDRKH,0.08,0,0,0,18.5,3.0,19.875,1.0,0.0,0.0,0.0,0.0,0.0,0.0,0.0,0.15,0.15,0.25,0.25,0.0,0.0,0.0,False,50
EZH2,0.08,0,0,0,14.0,4.0,21.375,0.9375,0.25,0.0,0.1,0.0,0.0,0.05,0.0,0.25,0.1,0.15,0.15,0.0,0.0,0.25,False,50
SLC52A2,0.08,0,0,0,26.0,3.0,23.3125,1.0,0.0,0.0,0.0,0.0,0.0,0.0,0.0,0.4,0.4,0.0,0.0,0.0,0.0,0.0,False,50
RGS7BP,0.08,0,0,0,23.0,5.0,23.8125,0.16666666666666666,0.0,0.15,0.05,0.05,0.2,0.1,0.2,0.05,0.0,0.0,0.0,0.15,0.2,0.0,False,50
ESRP1,0.08,0,0,0,26.0,11.0,27.3125,1.0,0.05,0.0,0.0,0.0,0.05,0.1,0.1,0.3,0.25,0.0,0.0,0.0,0.0,0.05,False,50
GLYAT,0.08,0,0,0,28.0,19.0,28.6875,0.05,0.0,0.2,0.0,0.0,0.25,0.0,0.25,0.0,0.0,0.05,0.05,0.25,0.25,0.0,False,50
IDH1-AS1,0.07999999999999999,0,0,0,24.5,2.0,23.625,0.25,0.0,0.25,0.45,0.1,0.0,0.0,0.0,0.0,0.0,0.0,0.0,0.1,0.0,0.0,False,50
FAM134A,0.07999999999999999,0,0,0,25.5,5.0,25.0,1.0,0.0,0.0,0.0,0.0,0.0,0.0,0.0,0.3,0.3,0.1,0.1,0.0,0.0,0.0,False,50
CLEC4GP1,0.07500000000000001,1,1,1,20.0,2.0,21.0,0.0,0.0,0.55,0.05,0.15,0.0,0.0,0.0,0.0,0.0,0.0,0.0,0.65,0.0,0.0,False,50
STK11IP,0.07500000000000001,0,0,0,17.0,3.0,23.066666666666666,0.5294117647058824,0.2,0.0,0.4,0.0,0.0,0.2,0.0,0.05,0.1,0.0,0.0,0.0,0.0,0.2,False,50
LINC00968,0.07500000000000001,0,0,0,34.0,20.0,33.666666666666664,0.045454545454545456,0.0,0.3,0.0,0.05,0.2,0.0,0.15,0.05,0.0,0.0,0.0,0.35,0.2,0.0,False,50
LOC101928751,0.075,1,1,1,16.0,1.0,15.333333333333334,0.18518518518518517,0.0,0.5,0.0,0.15,0.1,0.0,0.0,0.0,0.0,0.0,0.0,0.65,0.1,0.0,False,50
ANLN,0.075,0,0,0,13.0,4.0,15.466666666666667,1.0,0.0,0.0,0.0,0.0,0.0,0.0,0.0,0.15,0.0,0.3,0.3,0.0,0.0,0.0,False,50
WDR34,0.075,0,0,0,19.0,2.0,16.733333333333334,0.75,0.0,0.0,0.05,0.0,0.0,0.05,0.0,0.3,0.35,0.0,0.0,0.0,0.0,0.0,False,50
SPP1,0.075,1,1,1,6.0,1.0,18.6,0.7647058823529411,0.0,0.05,0.1,0.05,0.05,0.5,0.0,0.0,0.0,0.0,0.0,0.0,0.15,0.0,False,50
ADCY6,0.075,1,1,1,20.0,2.0,20.866666666666667,0.5625,0.0,0.0,0.0,0.05,0.05,0.65,0.0,0.0,0.0,0.0,0.0,0.0,0.1,0.0,False,50
MID1,0.075,0,0,0,20.0,7.0,22.8,1.0,0.0,0.0,0.0,0.0,0.0,0.0,0.0,0.2,0.35,0.1,0.1,0.0,0.0,0.0,False,50
ANKRD10-IT1,0.075,0,0,0,23.0,1.0,23.666666666666668,0.6666666666666666,0.0,0.0,0.25,0.05,0.05,0.4,0.0,0.0,0.0,0.0,0.0,0.0,0.05,0.0,False,50
ZNF90,0.075,0,0,0,29.0,6.0,26.533333333333335,0.3333333333333333,0.0,0.1,0.1,0.0,0.15,0.35,0.05,0.0,0.0,0.0,0.0,0.0,0.2,0.0,False,50
DMRT2,0.075,0,0,0,29.0,7.0,27.333333333333332,0.05555555555555555,0.0,0.2,0.05,0.05,0.2,0.05,0.2,0.0,0.0,0.0,0.0,0.2,0.2,0.0,False,50
KLF15,0.075,1,1,1,29.0,10.0,27.466666666666665,0.7333333333333333,0.0,0.0,0.5,0.0,0.0,0.25,0.0,0.0,0.0,0.0,0.0,0.0,0.0,0.0,False,50
NNMT,0.075,0,0,0,27.0,4.0,28.4,0.6,0.0,0.0,0.4,0.0,0.0,0.35,0.0,0.0,0.0,0.0,0.0,0.0,0.0,0.0,False,50
ADH1C,0.075,0,0,0,28.0,8.0,29.866666666666667,0.17647058823529413,0.0,0.15,0.15,0.0,0.15,0.1,0.15,0.05,0.0,0.0,0.0,0.1,0.15,0.0,False,50
LDHD,0.075,0,0,0,30.0,23.0,34.06666666666667,0.15384615384615385,0.0,0.15,0.2,0.15,0.05,0.1,0.1,0.0,0.0,0.0,0.0,0.1,0.05,0.0,False,50
RTKN,0.07,0,0,0,11.5,1.0,12.214285714285714,1.0,0.25,0.0,0.0,0.0,0.0,0.0,0.0,0.3,0.3,0.05,0.05,0.0,0.0,0.25,False,50
LRRC15,0.07,0,0,0,13.5,10.0,17.5,0.9230769230769231,0.25,0.0,0.1,0.0,0.0,0.0,0.0,0.15,0.15,0.15,0.15,0.0,0.0,0.25,False,50
NIPSNAP1,0.07,0,0,0,19.5,3.0,20.785714285714285,1.0,0.1,0.0,0.0,0.0,0.0,0.0,0.0,0.25,0.35,0.05,0.05,0.0,0.0,0.1,False,50
ACSM3,0.07,1,1,1,18.0,8.0,21.357142857142858,0.0,0.0,0.6,0.05,0.05,0.0,0.0,0.0,0.0,0.0,0.0,0.0,0.7,0.0,0.0,False,50
RNPS1,0.07,0,0,0,32.0,11.0,31.5,1.0,0.1,0.0,0.0,0.0,0.0,0.0,0.0,0.25,0.35,0.05,0.05,0.0,0.0,0.1,False,50
RHOXF1,0.07,0,0,0,31.0,12.0,32.142857142857146,0.07142857142857142,0.0,0.15,0.05,0.05,0.15,0.15,0.15,0.0,0.0,0.0,0.0,0.05,0.15,0.0,False,50
BAIAP2L1,0.06999999999999999,0,0,0,10.5,7.0,13.714285714285714,1.0,0.25,0.0,0.0,0.0,0.0,0.0,0.0,0.15,0.05,0.25,0.25,0.0,0.0,0.25,False,50
ADAR,0.06999999999999999,0,0,0,10.5,6.0,14.642857142857142,1.0,0.0,0.0,0.0,0.0,0.0,0.0,0.0,0.05,0.15,0.25,0.25,0.0,0.0,0.0,False,50
MMP11,0.06999999999999999,0,0,0,13.0,1.0,16.5,1.0,0.25,0.0,0.0,0.0,0.0,0.0,0.0,0.25,0.25,0.1,0.1,0.0,0.0,0.25,False,50
LRFN5,0.06999999999999999,0,0,0,12.5,1.0,17.428571428571427,0.5,0.0,0.15,0.3,0.05,0.0,0.15,0.05,0.0,0.0,0.0,0.0,0.05,0.05,0.0,False,50
AGRN,0.06999999999999999,0,0,0,12.5,3.0,19.0,1.0,0.25,0.0,0.0,0.0,0.0,0.0,0.0,0.15,0.15,0.2,0.2,0.0,0.0,0.25,False,50
PTBP1,0.06999999999999999,0,0,0,16.5,5.0,23.357142857142858,1.0,0.5,0.0,0.0,0.0,0.0,0.0,0.0,0.25,0.45,0.0,0.0,0.0,0.0,0.5,False,50
TRA2A,0.06999999999999999,0,0,0,23.5,3.0,26.071428571428573,0.5714285714285714,0.0,0.0,0.1,0.05,0.0,0.05,0.0,0.2,0.3,0.0,0.0,0.0,0.0,0.0,False,50
LOC101927884,0.06999999999999999,0,0,0,25.5,15.0,26.428571428571427,0.14285714285714285,0.0,0.0,0.0,0.0,0.3,0.0,0.3,0.1,0.0,0.0,0.0,0.0,0.3,0.0,False,50
INHBA,0.06999999999999999,0,0,0,29.5,3.0,27.785714285714285,0.7,0.0,0.0,0.2,0.0,0.0,0.15,0.0,0.15,0.2,0.0,0.0,0.0,0.0,0.0,False,50
ADAMTS9-AS1,0.06999999999999999,0,0,0,32.0,5.0,28.714285714285715,0.0,0.0,0.35,0.0,0.15,0.1,0.0,0.1,0.0,0.0,0.0,0.0,0.55,0.1,0.0,False,50
DACT2,0.06999999999999999,0,0,0,31.5,6.0,29.928571428571427,0.13333333333333333,0.0,0.3,0.15,0.25,0.0,0.0,0.0,0.0,0.0,0.0,0.0,0.3,0.0,0.0,False,50
TMOD1,0.06999999999999999,0,0,0,39.5,11.0,37.642857142857146,0.42857142857142855,0.0,0.0,0.15,0.05,0.15,0.3,0.05,0.0,0.0,0.0,0.0,0.0,0.1,0.0,False,50
ELMOD3,0.06999999999999999,0,0,0,38.5,24.0,38.07142857142857,0.0,0.0,0.25,0.0,0.05,0.15,0.0,0.25,0.0,0.0,0.0,0.0,0.05,0.05,0.0,False,50
WNT2B,0.06500000000000002,0,0,0,30.0,12.0,29.23076923076923,0.2727272727272727,0.0,0.0,0.0,0.0,0.25,0.1,0.2,0.05,0.05,0.0,0.0,0.0,0.15,0.0,False,50
CDC7,0.065,0,0,0,11.0,3.0,11.538461538461538,1.0,0.25,0.0,0.0,0.0,0.0,0.0,0.0,0.15,0.1,0.2,0.2,0.0,0.0,0.25,False,50
FAM169B,0.065,0,0,0,18.0,1.0,19.846153846153847,1.0,0.0,0.0,0.0,0.45,0.2,0.0,0.0,0.0,0.0,0.0,0.0,0.0,0.45,0.0,False,50
DIS3L,0.065,0,0,0,27.0,1.0,27.46153846153846,0.08333333333333333,0.0,0.05,0.1,0.05,0.0,0.45,0.0,0.0,0.0,0.0,0.0,0.0,0.0,0.0,False,50
MYO16,0.065,0,0,0,31.0,18.0,32.61538461538461,0.05555555555555555,0.0,0.0,0.0,0.0,0.4,0.05,0.2,0.0,0.0,0.0,0.0,0.0,0.45,0.0,False,50
RFTN2,0.065,0,0,0,37.0,7.0,34.84615384615385,0.0,0.0,0.15,0.0,0.05,0.25,0.0,0.2,0.0,0.0,0.0,0.0,0.15,0.15,0.0,False,50
PNMA2,0.06499999999999999,0,0,0,9.0,3.0,16.307692307692307,0.75,0.0,0.05,0.05,0.35,0.05,0.15,0.0,0.0,0.0,0.0,0.0,0.0,0.1,0.0,False,50
SUCLG1,0.06499999999999999,0,0,0,23.0,8.0,26.923076923076923,0.6666666666666666,0.0,0.0,0.15,0.2,0.0,0.3,0.0,0.0,0.0,0.0,0.0,0.0,0.0,0.0,False,50
CHD4,0.06499999999999999,0,0,0,32.0,4.0,28.76923076923077,0.7777777777777778,0.0,0.0,0.05,0.0,0.0,0.25,0.0,0.05,0.1,0.1,0.1,0.0,0.0,0.0,False,50
PFKFB1,0.06499999999999999,0,0,0,31.0,15.0,31.153846153846153,0.0,0.0,0.05,0.05,0.05,0.1,0.05,0.35,0.0,0.0,0.0,0.0,0.25,0.1,0.0,False,50
LOC105378828,0.06499999999999999,0,0,0,40.0,20.0,37.38461538461539,0.0,0.0,0.0,0.0,0.0,0.35,0.0,0.3,0.0,0.0,0.0,0.0,0.0,0.25,0.0,False,50
ABCA9,0.06000000000000001,0,0,0,13.0,2.0,14.416666666666666,1.0,0.0,0.0,0.1,0.0,0.0,0.05,0.0,0.0,0.05,0.2,0.2,0.0,0.0,0.0,False,50
CKAP4,0.06000000000000001,0,0,0,18.5,5.0,17.333333333333332,0.8333333333333334,0.0,0.0,0.05,0.0,0.0,0.0,0.0,0.05,0.1,0.2,0.2,0.0,0.0,0.0,False,50
STK35,0.06000000000000001,0,0,0,20.0,2.0,19.0,1.0,0.05,0.0,0.0,0.0,0.0,0.0,0.0,0.2,0.3,0.05,0.05,0.0,0.0,0.05,False,50
CTNNA3,0.06000000000000001,0,0,0,23.5,6.0,25.25,0.18181818181818182,0.0,0.05,0.0,0.05,0.2,0.1,0.2,0.0,0.0,0.0,0.0,0.0,0.2,0.0,False,50
SLC38A1,0.06000000000000001,0,0,0,24.5,10.0,27.75,0.36363636363636365,0.0,0.0,0.15,0.05,0.0,0.4,0.0,0.0,0.0,0.0,0.0,0.0,0.0,0.0,False,50
TAPBP,0.06,0,0,0,11.0,3.0,15.166666666666666,1.0,0.05,0.0,0.0,0.0,0.0,0.0,0.0,0.25,0.35,0.0,0.0,0.0,0.0,0.05,False,50
CCNF,0.06,0,0,0,16.0,5.0,16.25,1.0,0.0,0.0,0.0,0.0,0.0,0.0,0.0,0.1,0.0,0.25,0.25,0.0,0.0,0.0,False,50
CCNE2,0.06,0,0,0,10.0,1.0,18.416666666666668,0.8888888888888888,0.05,0.0,0.1,0.0,0.0,0.05,0.0,0.15,0.1,0.1,0.1,0.0,0.0,0.05,False,50
SLC46A2,0.06,0,0,0,15.0,2.0,19.916666666666668,1.0,0.0,0.05,0.0,0.45,0.1,0.0,0.0,0.0,0.0,0.0,0.0,0.0,0.3,0.0,False,50
VN1R3,0.06,0,0,0,19.0,2.0,20.916666666666668,1.0,0.0,0.1,0.0,0.25,0.25,0.0,0.0,0.0,0.0,0.0,0.0,0.0,0.45,0.0,False,50
SGK494,0.06,0,0,0,19.0,5.0,21.75,1.0,0.2,0.0,0.0,0.0,0.0,0.0,0.0,0.2,0.2,0.1,0.1,0.0,0.0,0.2,False,50
TRHDE,0.06,0,0,0,26.0,10.0,28.416666666666668,0.0,0.0,0.25,0.0,0.05,0.15,0.0,0.15,0.0,0.0,0.0,0.0,0.55,0.1,0.0,False,50
WDFY3-AS2,0.06,0,0,0,35.5,3.0,31.083333333333332,0.3333333333333333,0.0,0.1,0.35,0.0,0.0,0.1,0.05,0.0,0.0,0.0,0.0,0.05,0.0,0.0,False,50
UNC13C,0.05500000000000001,0,0,0,12.0,7.0,15.727272727272727,0.0,0.0,0.0,0.0,0.0,0.25,0.0,0.3,0.0,0.0,0.0,0.0,0.0,0.25,0.0,False,50
MED14OS,0.05500000000000001,0,0,0,18.0,4.0,19.363636363636363,0.25,0.0,0.05,0.0,0.0,0.15,0.15,0.2,0.0,0.0,0.0,0.0,0.15,0.1,0.0,False,50
PAQR4,0.05500000000000001,0,0,0,20.0,2.0,20.545454545454547,1.0,0.75,0.0,0.05,0.0,0.0,0.0,0.0,0.15,0.25,0.05,0.05,0.0,0.0,0.75,False,50
PIK3R2,0.05500000000000001,0,0,0,15.0,9.0,20.545454545454547,1.0,0.0,0.0,0.0,0.0,0.0,0.0,0.0,0.35,0.2,0.0,0.0,0.0,0.0,0.0,False,50
ATAD3A,0.05500000000000001,0,0,0,9.0,6.0,20.727272727272727,1.0,0.0,0.0,0.05,0.0,0.0,0.0,0.0,0.05,0.05,0.2,0.2,0.0,0.0,0.0,False,50
LRRC1,0.05500000000000001,0,0,0,21.0,6.0,23.0,0.8333333333333334,0.0,0.0,0.0,0.0,0.0,0.05,0.0,0.25,0.25,0.0,0.0,0.0,0.0,0.0,False,50
TMEM132C,0.05500000000000001,0,0,0,28.0,10.0,29.818181818181817,0.5333333333333333,0.0,0.05,0.3,0.0,0.0,0.0,0.0,0.15,0.05,0.0,0.0,0.25,0.0,0.0,False,50
SPINT2,0.05500000000000001,0,0,0,32.0,11.0,32.18181818181818,0.75,0.05,0.0,0.05,0.0,0.0,0.1,0.05,0.2,0.15,0.0,0.0,0.0,0.0,0.05,False,50
SLC29A4,0.05500000000000001,0,0,0,38.0,17.0,35.27272727272727,0.18181818181818182,0.0,0.0,0.0,0.05,0.2,0.15,0.15,0.0,0.0,0.0,0.0,0.0,0.2,0.0,False,50
SPATA9,0.05500000000000001,0,0,0,41.0,33.0,41.63636363636363,0.1,0.0,0.0,0.0,0.0,0.2,0.0,0.3,0.05,0.0,0.0,0.0,0.05,0.2,0.0,False,50
CHMP4C,0.05499999999999999,0,0,0,14.0,3.0,15.363636363636363,1.0,0.0,0.0,0.0,0.0,0.0,0.1,0.0,0.1,0.15,0.1,0.1,0.0,0.0,0.0,False,50
CYB561,0.05499999999999999,0,0,0,17.0,12.0,20.90909090909091,1.0,0.0,0.0,0.0,0.0,0.0,0.0,0.0,0.2,0.15,0.1,0.1,0.0,0.0,0.0,False,50
RCC2,0.05,0,0,0,6.5,1.0,8.0,1.0,0.2,0.0,0.0,0.0,0.0,0.0,0.0,0.2,0.2,0.05,0.05,0.0,0.0,0.2,False,50
EPS8L2,0.05,0,0,0,11.5,3.0,12.2,1.0,0.05,0.0,0.0,0.0,0.0,0.0,0.0,0.1,0.1,0.15,0.15,0.0,0.0,0.05,False,50
LIMK2,0.05,0,0,0,14.5,2.0,13.7,1.0,0.25,0.0,0.0,0.0,0.0,0.0,0.0,0.15,0.15,0.1,0.1,0.0,0.0,0.25,False,50
CD24,0.05,0,0,0,19.0,4.0,22.1,0.6363636363636364,0.0,0.05,0.15,0.0,0.05,0.25,0.0,0.0,0.0,0.0,0.0,0.0,0.05,0.0,False,50
ADAMTSL3,0.05,0,0,0,23.0,3.0,22.4,0.1,0.0,0.2,0.1,0.2,0.0,0.0,0.0,0.0,0.0,0.0,0.0,0.2,0.0,0.0,False,50
B3GALNT1,0.05,0,0,0,20.0,4.0,23.5,1.0,0.1,0.0,0.0,0.0,0.0,0.0,0.0,0.15,0.25,0.05,0.05,0.0,0.0,0.1,False,50
HSPA12A,0.05,0,0,0,19.0,7.0,24.7,0.3,0.0,0.1,0.15,0.0,0.0,0.25,0.0,0.0,0.0,0.0,0.0,0.0,0.0,0.0,False,50
LRP1B,0.05,0,0,0,21.0,5.0,25.1,0.6363636363636364,0.0,0.0,0.2,0.0,0.05,0.25,0.0,0.0,0.0,0.0,0.0,0.0,0.05,0.0,False,50
C7orf57,0.05,0,0,0,24.5,6.0,25.3,0.1111111111111111,0.0,0.05,0.0,0.0,0.2,0.0,0.15,0.0,0.0,0.05,0.05,0.0,0.15,0.0,False,50
BANK1,0.05,0,0,0,26.5,6.0,26.1,0.4,0.0,0.0,0.2,0.0,0.0,0.3,0.0,0.0,0.0,0.0,0.0,0.0,0.0,0.0,False,50
LSR,0.05,0,0,0,28.5,5.0,26.3,1.0,0.0,0.0,0.0,0.0,0.0,0.05,0.0,0.25,0.2,0.0,0.0,0.0,0.0,0.0,False,50
ZMYND19,0.05,0,0,0,29.5,5.0,27.4,1.0,0.15,0.0,0.0,0.0,0.0,0.0,0.0,0.3,0.2,0.0,0.0,0.0,0.0,0.15,False,50
RAB25,0.05,0,0,0,29.0,8.0,28.6,0.9,0.25,0.0,0.0,0.0,0.0,0.05,0.05,0.2,0.2,0.0,0.0,0.0,0.0,0.25,False,50
SLC6A6,0.05,0,0,0,24.5,9.0,30.1,0.625,0.0,0.0,0.1,0.1,0.0,0.3,0.0,0.0,0.0,0.0,0.0,0.0,0.0,0.0,False,50
TSTA3,0.05,0,0,0,39.5,12.0,32.6,1.0,0.2,0.0,0.0,0.0,0.0,0.0,0.0,0.25,0.25,0.0,0.0,0.0,0.0,0.2,False,50
FGF14-AS2,0.05,0,0,0,32.5,8.0,32.7,0.0,0.0,0.15,0.1,0.0,0.05,0.1,0.1,0.0,0.0,0.0,0.0,0.2,0.05,0.0,False,50
FANCD2,0.05,0,0,0,36.5,7.0,34.3,1.0,0.2,0.0,0.0,0.0,0.0,0.0,0.0,0.3,0.1,0.05,0.05,0.0,0.0,0.2,False,50
LIPJ,0.049999999999999996,0,0,0,24.5,1.0,23.8,0.6,0.0,0.1,0.35,0.0,0.0,0.05,0.0,0.0,0.0,0.0,0.0,0.0,0.0,0.0,False,50
DDX31,0.049999999999999996,0,0,0,30.5,7.0,29.1,0.7777777777777778,0.0,0.0,0.05,0.0,0.0,0.35,0.0,0.0,0.0,0.05,0.05,0.0,0.0,0.0,False,50
FOXP2,0.049999999999999996,0,0,0,39.0,18.0,37.8,0.18181818181818182,0.0,0.15,0.05,0.05,0.05,0.15,0.05,0.0,0.0,0.0,0.0,0.15,0.0,0.0,False,50
SLC25A25,0.045000000000000005,0,0,0,26.0,4.0,22.88888888888889,0.7142857142857143,0.0,0.0,0.2,0.1,0.0,0.15,0.0,0.0,0.0,0.0,0.0,0.0,0.0,0.0,False,50
LINC00471,0.045,0,0,0,8.0,6.0,14.0,1.0,0.0,0.05,0.0,0.25,0.15,0.0,0.0,0.0,0.0,0.0,0.0,0.0,0.5,0.0,False,50
HPD,0.045,0,0,0,10.0,2.0,16.11111111111111,0.0,0.0,0.35,0.0,0.1,0.0,0.0,0.0,0.0,0.0,0.0,0.0,0.3,0.0,0.0,False,50
TREM2,0.045,0,0,0,15.0,3.0,16.444444444444443,0.6666666666666666,0.0,0.0,0.0,0.35,0.05,0.05,0.0,0.0,0.0,0.0,0.0,0.0,0.05,0.0,False,50
NAT14,0.045,0,0,0,14.0,3.0,16.88888888888889,1.0,0.2,0.0,0.0,0.0,0.0,0.0,0.0,0.2,0.25,0.0,0.0,0.0,0.0,0.2,False,50
TRIM11,0.045,0,0,0,18.0,9.0,18.444444444444443,1.0,0.75,0.0,0.0,0.0,0.0,0.0,0.0,0.2,0.25,0.0,0.0,0.0,0.0,0.75,False,50
SETD1B,0.045,0,0,0,17.0,10.0,19.77777777777778,1.0,0.15,0.0,0.0,0.0,0.0,0.0,0.0,0.15,0.2,0.05,0.05,0.0,0.0,0.15,False,50
EFNA1,0.045,0,0,0,15.0,2.0,19.88888888888889,1.0,0.0,0.0,0.0,0.0,0.0,0.0,0.0,0.2,0.15,0.05,0.05,0.0,0.0,0.0,False,50
GRP,0.045,0,0,0,14.0,6.0,22.444444444444443,0.75,0.0,0.0,0.15,0.05,0.0,0.25,0.0,0.0,0.0,0.0,0.0,0.0,0.0,0.0,False,50
MICAL2,0.045,0,0,0,19.0,6.0,23.666666666666668,0.8,0.0,0.0,0.0,0.0,0.0,0.05,0.0,0.15,0.15,0.05,0.05,0.0,0.0,0.0,False,50
WDR90,0.045,0,0,0,29.0,7.0,24.77777777777778,1.0,0.25,0.0,0.0,0.0,0.0,0.0,0.0,0.25,0.2,0.0,0.0,0.0,0.0,0.25,False,50
DENND2A,0.045,0,0,0,27.0,3.0,26.88888888888889,0.125,0.0,0.1,0.15,0.0,0.0,0.1,0.1,0.0,0.0,0.0,0.0,0.05,0.0,0.0,False,50
LOC101929034,0.045,0,0,0,27.0,9.0,27.77777777777778,0.0,0.0,0.05,0.0,0.0,0.3,0.0,0.1,0.0,0.0,0.0,0.0,0.05,0.35,0.0,False,50
EMX2,0.045,0,0,0,27.0,13.0,28.555555555555557,0.0,0.0,0.05,0.05,0.1,0.15,0.0,0.1,0.0,0.0,0.0,0.0,0.05,0.15,0.0,False,50
SEC14L2,0.045,0,0,0,25.0,7.0,29.22222222222222,0.7142857142857143,0.0,0.0,0.05,0.1,0.0,0.3,0.0,0.0,0.0,0.0,0.0,0.0,0.0,0.0,False,50
HAS1,0.045,0,0,0,35.0,8.0,29.666666666666668,0.0,0.0,0.2,0.0,0.05,0.15,0.0,0.05,0.0,0.0,0.0,0.0,0.25,0.1,0.0,False,50
ZNF124,0.045,0,0,0,34.0,5.0,31.0,0.2857142857142857,0.0,0.0,0.25,0.1,0.0,0.1,0.0,0.0,0.0,0.0,0.0,0.0,0.0,0.0,False,50
FGFBP2,0.045,0,0,0,36.0,21.0,32.888888888888886,0.07692307692307693,0.0,0.2,0.2,0.0,0.0,0.0,0.05,0.0,0.0,0.0,0.0,0.25,0.0,0.0,False,50
TSPAN17,0.045,0,0,0,34.0,14.0,33.0,1.0,0.9,0.0,0.0,0.0,0.0,0.0,0.0,0.15,0.3,0.0,0.0,0.0,0.0,0.9,False,50
RBPMS2,0.045,0,0,0,38.0,14.0,33.666666666666664,0.1111111111111111,0.0,0.05,0.05,0.0,0.1,0.15,0.1,0.0,0.0,0.0,0.0,0.0,0.1,0.0,False,50
FGF13-AS1,0.045,0,0,0,36.0,19.0,34.888888888888886,0.0,0.0,0.0,0.0,0.0,0.25,0.0,0.2,0.0,0.0,0.0,0.0,0.0,0.2,0.0,False,50
PDE11A,0.045,0,0,0,42.0,6.0,36.22222222222222,0.0,0.0,0.05,0.0,0.0,0.2,0.0,0.2,0.0,0.0,0.0,0.0,0.05,0.1,0.0,False,50
ARF1,0.04,0,0,0,11.5,2.0,11.0,1.0,0.05,0.0,0.0,0.0,0.0,0.0,0.0,0.1,0.1,0.1,0.1,0.0,0.0,0.05,False,50
PDE8B,0.04,0,0,0,6.0,2.0,11.5,0.25,0.0,0.05,0.1,0.0,0.0,0.25,0.0,0.0,0.0,0.0,0.0,0.0,0.0,0.0,False,50
STAP2,0.04,0,0,0,15.5,1.0,14.25,1.0,0.25,0.0,0.0,0.0,0.0,0.0,0.0,0.2,0.2,0.0,0.0,0.0,0.0,0.25,False,50
NAT9,0.04,0,0,0,13.0,8.0,14.375,1.0,0.2,0.0,0.0,0.0,0.0,0.0,0.0,0.05,0.05,0.15,0.15,0.0,0.0,0.2,False,50
LINC00667,0.04,0,0,0,13.5,1.0,16.25,0.2222222222222222,0.0,0.1,0.15,0.0,0.0,0.15,0.0,0.0,0.0,0.0,0.0,0.05,0.0,0.0,False,50
FAM76A,0.04,0,0,0,11.0,8.0,17.0,0.8,0.05,0.0,0.0,0.0,0.0,0.0,0.0,0.1,0.1,0.1,0.1,0.0,0.0,0.05,False,50
PDP2,0.04,0,0,0,13.0,9.0,19.0,0.5,0.0,0.0,0.2,0.0,0.0,0.2,0.0,0.0,0.0,0.0,0.0,0.0,0.0,0.0,False,50
SLC12A7,0.04,0,0,0,17.0,3.0,19.375,1.0,0.0,0.0,0.0,0.0,0.0,0.0,0.0,0.2,0.2,0.0,0.0,0.0,0.0,0.0,False,50
A2M-AS1,0.04,0,0,0,11.5,5.0,19.5,0.7142857142857143,0.0,0.0,0.05,0.0,0.0,0.15,0.0,0.0,0.0,0.1,0.1,0.0,0.05,0.0,False,50
NTS,0.04,0,0,0,13.0,3.0,20.0,0.0,0.0,0.3,0.0,0.1,0.0,0.0,0.0,0.0,0.0,0.0,0.0,0.2,0.0,0.0,False,50
HIGD1B,0.04,0,0,0,19.0,12.0,20.125,0.3333333333333333,0.0,0.0,0.05,0.05,0.0,0.2,0.0,0.0,0.0,0.05,0.05,0.0,0.0,0.0,False,50
UBQLN4,0.04,0,0,0,15.5,6.0,20.25,1.0,0.0,0.0,0.0,0.0,0.0,0.0,0.0,0.2,0.1,0.05,0.05,0.0,0.0,0.0,False,50
OR9A1P,0.04,0,0,0,18.5,4.0,20.375,0.8571428571428571,0.0,0.0,0.0,0.2,0.1,0.1,0.0,0.0,0.0,0.0,0.0,0.0,0.15,0.0,False,50
ODF3L1,0.04,0,0,0,19.0,9.0,20.875,0.0,0.0,0.05,0.0,0.0,0.15,0.0,0.2,0.0,0.0,0.0,0.0,0.1,0.2,0.0,False,50
KRT8,0.04,0,0,0,22.5,1.0,21.0,1.0,0.2,0.0,0.0,0.0,0.0,0.0,0.0,0.15,0.25,0.0,0.0,0.0,0.0,0.2,False,50
ST14,0.04,0,0,0,20.0,1.0,21.25,0.7142857142857143,0.0,0.0,0.1,0.0,0.0,0.2,0.0,0.05,0.05,0.0,0.0,0.0,0.0,0.0,False,50
OPN5,0.04,0,0,0,17.0,3.0,22.0,0.2222222222222222,0.0,0.2,0.1,0.1,0.0,0.0,0.0,0.0,0.0,0.0,0.0,0.15,0.0,0.0,False,50
GTDC1,0.04,0,0,0,17.5,4.0,22.375,0.6666666666666666,0.0,0.0,0.05,0.0,0.0,0.05,0.0,0.2,0.1,0.0,0.0,0.0,0.0,0.0,False,50
GTF3C4,0.04,0,0,0,23.0,5.0,22.375,1.0,0.0,0.0,0.0,0.0,0.0,0.0,0.0,0.1,0.2,0.05,0.05,0.0,0.0,0.0,False,50
TMF1,0.04,0,0,0,20.0,9.0,23.375,1.0,0.0,0.0,0.0,0.0,0.0,0.0,0.0,0.05,0.15,0.1,0.1,0.0,0.0,0.0,False,50
MARCKSL1,0.04,0,0,0,18.0,6.0,24.0,1.0,0.0,0.0,0.0,0.0,0.0,0.0,0.0,0.2,0.1,0.05,0.05,0.0,0.0,0.0,False,50
CTHRC1,0.04,0,0,0,20.0,5.0,24.25,0.2857142857142857,0.0,0.0,0.15,0.05,0.0,0.2,0.0,0.0,0.0,0.0,0.0,0.0,0.0,0.0,False,50
AP1M2,0.04,0,0,0,22.5,6.0,25.625,1.0,0.9,0.0,0.0,0.0,0.0,0.0,0.0,0.05,0.15,0.1,0.1,0.0,0.0,0.9,False,50
PARK2,0.04,0,0,0,19.5,8.0,25.75,0.0,0.0,0.2,0.0,0.1,0.05,0.0,0.05,0.0,0.0,0.0,0.0,0.2,0.0,0.0,False,50
ZNF764,0.04,0,0,0,29.0,3.0,27.125,1.0,0.0,0.0,0.0,0.0,0.0,0.0,0.0,0.1,0.2,0.05,0.05,0.0,0.0,0.0,False,50
HCN2,0.04,0,0,0,24.5,14.0,27.625,0.5,0.0,0.0,0.0,0.2,0.0,0.2,0.0,0.0,0.0,0.0,0.0,0.0,0.0,0.0,False,50
CLGN,0.04,0,0,0,22.5,6.0,27.875,0.42857142857142855,0.0,0.0,0.1,0.05,0.0,0.25,0.0,0.0,0.0,0.0,0.0,0.0,0.0,0.0,False,50
SMARCA4,0.04,0,0,0,27.0,11.0,27.875,1.0,0.05,0.0,0.0,0.0,0.0,0.0,0.0,0.2,0.2,0.0,0.0,0.0,0.0,0.05,False,50
ZBTB42,0.04,0,0,0,23.0,18.0,28.375,1.0,0.4,0.0,0.0,0.0,0.0,0.0,0.0,0.2,0.2,0.0,0.0,0.0,0.0,0.4,False,50
LOC100506142,0.04,0,0,0,25.5,10.0,29.25,0.0,0.0,0.0,0.0,0.0,0.2,0.0,0.2,0.0,0.0,0.0,0.0,0.0,0.2,0.0,False,50
TRAF4,0.04,0,0,0,31.0,9.0,29.875,1.0,0.0,0.0,0.0,0.0,0.0,0.0,0.0,0.3,0.1,0.0,0.0,0.0,0.0,0.0,False,50
MORC2,0.04,0,0,0,29.5,21.0,33.0,1.0,0.25,0.0,0.0,0.0,0.0,0.0,0.0,0.2,0.2,0.0,0.0,0.0,0.0,0.25,False,50
SGK2,0.04,0,0,0,33.0,20.0,33.5,0.0,0.0,0.0,0.0,0.0,0.15,0.0,0.25,0.0,0.0,0.0,0.0,0.0,0.15,0.0,False,50
LINC00537,0.04,0,0,0,37.5,17.0,35.125,0.625,0.0,0.0,0.1,0.0,0.0,0.3,0.0,0.0,0.0,0.0,0.0,0.0,0.0,0.0,False,50
PPP1R14B,0.04,0,0,0,41.0,21.0,36.625,1.0,0.0,0.0,0.0,0.0,0.0,0.0,0.0,0.2,0.2,0.0,0.0,0.0,0.0,0.0,False,50
LOC101929645,0.04,0,0,0,37.0,28.0,36.875,0.0,0.0,0.0,0.0,0.0,0.25,0.0,0.15,0.0,0.0,0.0,0.0,0.0,0.25,0.0,False,50
HCG11,0.04,0,0,0,41.5,18.0,37.5,0.0,0.0,0.0,0.0,0.0,0.25,0.0,0.15,0.0,0.0,0.0,0.0,0.0,0.25,0.0,False,50
LOC101928068,0.04,0,0,0,42.0,27.0,39.0,0.4444444444444444,0.0,0.05,0.0,0.0,0.05,0.2,0.1,0.0,0.0,0.0,0.0,0.1,0.05,0.0,False,50
GTF3C1,0.039999999999999994,0,0,0,21.0,7.0,20.75,1.0,0.0,0.0,0.0,0.0,0.0,0.0,0.0,0.15,0.15,0.05,0.05,0.0,0.0,0.0,False,50
SEPT8,0.039999999999999994,0,0,0,17.5,5.0,21.375,0.6666666666666666,0.0,0.0,0.15,0.0,0.0,0.05,0.0,0.05,0.05,0.05,0.05,0.0,0.0,0.0,False,50
DIRC3,0.039999999999999994,0,0,0,27.5,6.0,26.75,0.2222222222222222,0.0,0.15,0.15,0.05,0.0,0.0,0.05,0.0,0.0,0.0,0.0,0.15,0.0,0.0,False,50
ISG20L2,0.039999999999999994,0,0,0,33.0,13.0,29.5,1.0,0.0,0.0,0.0,0.0,0.0,0.0,0.0,0.15,0.15,0.05,0.05,0.0,0.0,0.0,False,50
SEPT9,0.039999999999999994,0,0,0,35.0,6.0,33.375,0.25,0.0,0.0,0.05,0.0,0.0,0.35,0.0,0.0,0.0,0.0,0.0,0.0,0.0,0.0,False,50
NECTIN3,0.039999999999999994,0,0,0,37.5,18.0,34.375,0.21428571428571427,0.0,0.15,0.15,0.0,0.0,0.0,0.0,0.0,0.0,0.05,0.05,0.35,0.0,0.0,False,50
HGC6.3,0.035,0,0,0,26.0,2.0,24.142857142857142,0.25,0.0,0.05,0.05,0.0,0.1,0.1,0.05,0.0,0.0,0.0,0.0,0.0,0.1,0.0,False,50
LRRC8E,0.035,0,0,0,34.0,7.0,28.428571428571427,0.9565217391304348,1.0,0.0,0.05,0.0,0.0,0.0,0.0,0.1,0.2,0.0,0.0,0.0,0.0,1.0,False,50
TYRO3,0.035,0,0,0,30.0,8.0,30.857142857142858,0.6,0.0,0.05,0.05,0.1,0.0,0.1,0.0,0.05,0.0,0.0,0.0,0.0,0.0,0.0,False,50
RAB15,0.035,0,0,0,25.0,14.0,31.571428571428573,1.0,0.0,0.0,0.05,0.0,0.0,0.0,0.0,0.1,0.2,0.0,0.0,0.0,0.0,0.0,False,50
COL4A5,0.035,0,0,0,33.0,11.0,32.142857142857146,0.9,0.25,0.0,0.05,0.05,0.0,0.1,0.0,0.1,0.05,0.0,0.0,0.0,0.0,0.25,False,50
ARHGAP42,0.035,0,0,0,38.0,18.0,34.142857142857146,0.42857142857142855,0.0,0.0,0.05,0.05,0.05,0.2,0.0,0.0,0.0,0.0,0.0,0.0,0.05,0.0,False,50
ABCB7,0.035,0,0,0,39.0,24.0,35.714285714285715,0.16666666666666666,0.0,0.0,0.1,0.05,0.0,0.2,0.0,0.0,0.0,0.0,0.0,0.0,0.0,0.0,False,50
GPIHBP1,0.035,0,0,0,39.0,14.0,35.714285714285715,0.1,0.0,0.1,0.0,0.0,0.05,0.0,0.15,0.05,0.0,0.0,0.0,0.3,0.0,0.0,False,50
ADH5,0.034999999999999996,0,0,0,10.0,5.0,12.142857142857142,1.0,0.0,0.0,0.05,0.0,0.0,0.0,0.0,0.05,0.05,0.1,0.1,0.0,0.0,0.0,False,50
C3orf52,0.034999999999999996,0,0,0,8.0,2.0,12.857142857142858,1.0,0.65,0.0,0.0,0.0,0.0,0.0,0.0,0.1,0.15,0.05,0.05,0.0,0.0,0.65,False,50
KIF26B,0.034999999999999996,0,0,0,9.0,5.0,14.714285714285714,0.5714285714285714,0.0,0.0,0.2,0.0,0.0,0.15,0.0,0.0,0.0,0.0,0.0,0.0,0.0,0.0,False,50
MCM2,0.034999999999999996,0,0,0,12.0,5.0,14.857142857142858,1.0,0.25,0.0,0.0,0.0,0.0,0.0,0.0,0.1,0.05,0.1,0.1,0.0,0.0,0.25,False,50
BCL2L1,0.034999999999999996,0,0,0,13.0,7.0,15.0,1.0,0.05,0.0,0.0,0.0,0.0,0.0,0.0,0.1,0.15,0.05,0.05,0.0,0.0,0.05,False,50
LOC101927870,0.034999999999999996,0,0,0,10.0,4.0,16.142857142857142,1.0,0.0,0.0,0.0,0.3,0.05,0.0,0.0,0.0,0.0,0.0,0.0,0.0,0.05,0.0,False,50
FCN2,0.034999999999999996,0,0,0,8.0,5.0,16.571428571428573,0.2857142857142857,0.0,0.15,0.15,0.05,0.0,0.0,0.0,0.0,0.0,0.0,0.0,0.05,0.0,0.0,False,50
HMG20B,0.034999999999999996,0,0,0,14.0,6.0,17.0,1.0,0.0,0.0,0.0,0.0,0.0,0.0,0.0,0.1,0.15,0.05,0.05,0.0,0.0,0.0,False,50
CD276,0.034999999999999996,0,0,0,20.0,4.0,17.142857142857142,1.0,0.1,0.0,0.0,0.0,0.0,0.0,0.0,0.15,0.1,0.05,0.05,0.0,0.0,0.1,False,50
ABCC10,0.034999999999999996,0,0,0,10.0,9.0,19.571428571428573,1.0,0.0,0.0,0.0,0.0,0.0,0.0,0.0,0.0,0.05,0.15,0.15,0.0,0.0,0.0,False,50
COMP,0.034999999999999996,0,0,0,21.0,12.0,19.857142857142858,1.0,0.25,0.0,0.05,0.0,0.0,0.0,0.0,0.1,0.1,0.05,0.05,0.0,0.0,0.25,False,50
TRIM59,0.034999999999999996,0,0,0,19.0,5.0,20.0,1.0,0.15,0.0,0.0,0.0,0.0,0.0,0.0,0.15,0.2,0.0,0.0,0.0,0.0,0.15,False,50
FGF2,0.034999999999999996,0,0,0,19.0,9.0,20.857142857142858,0.5,0.0,0.0,0.3,0.0,0.0,0.05,0.0,0.0,0.0,0.0,0.0,0.05,0.0,0.0,False,50
GTF3C2,0.034999999999999996,0,0,0,17.0,14.0,22.142857142857142,1.0,0.0,0.0,0.0,0.0,0.0,0.0,0.0,0.1,0.05,0.1,0.1,0.0,0.0,0.0,False,50
CPS1,0.034999999999999996,0,0,0,22.0,2.0,22.714285714285715,0.3333333333333333,0.0,0.05,0.15,0.0,0.0,0.05,0.0,0.0,0.0,0.05,0.05,0.0,0.0,0.0,False,50
GRAMD1A,0.034999999999999996,0,0,0,18.0,15.0,22.857142857142858,1.0,0.0,0.0,0.0,0.0,0.0,0.0,0.0,0.1,0.15,0.05,0.05,0.0,0.0,0.0,False,50
CDC20,0.034999999999999996,0,0,0,15.0,8.0,24.428571428571427,1.0,0.25,0.0,0.0,0.0,0.0,0.0,0.0,0.15,0.0,0.1,0.1,0.0,0.0,0.25,False,50
IPO4,0.034999999999999996,0,0,0,22.0,5.0,24.428571428571427,1.0,0.15,0.0,0.0,0.0,0.0,0.0,0.0,0.1,0.25,0.0,0.0,0.0,0.0,0.15,False,50
PLA2G7,0.034999999999999996,0,0,0,30.0,2.0,24.428571428571427,0.5,0.0,0.0,0.0,0.25,0.0,0.1,0.0,0.0,0.0,0.0,0.0,0.0,0.0,0.0,False,50
BSPRY,0.034999999999999996,0,0,0,27.0,10.0,24.857142857142858,0.5,0.05,0.0,0.05,0.05,0.0,0.15,0.0,0.0,0.0,0.05,0.05,0.0,0.0,0.05,False,50
USP43,0.034999999999999996,0,0,0,26.0,19.0,27.857142857142858,0.5714285714285714,0.0,0.0,0.1,0.0,0.0,0.25,0.0,0.0,0.0,0.0,0.0,0.0,0.0,0.0,False,50
PGC,0.034999999999999996,0,0,0,32.0,13.0,28.571428571428573,0.0,0.0,0.35,0.0,0.0,0.0,0.0,0.0,0.0,0.0,0.0,0.0,0.3,0.0,0.0,False,50
PLCXD3,0.034999999999999996,0,0,0,26.0,22.0,29.285714285714285,0.14285714285714285,0.0,0.05,0.05,0.05,0.1,0.0,0.1,0.0,0.0,0.0,0.0,0.05,0.1,0.0,False,50
LOC100506368,0.034999999999999996,0,0,0,32.0,18.0,30.142857142857142,0.3333333333333333,0.0,0.05,0.05,0.0,0.0,0.1,0.05,0.05,0.05,0.0,0.0,0.05,0.0,0.0,False,50
SDC4,0.034999999999999996,0,0,0,24.0,15.0,30.428571428571427,1.0,0.0,0.0,0.0,0.0,0.0,0.0,0.0,0.1,0.25,0.0,0.0,0.0,0.0,0.0,False,50
RABEP2,0.034999999999999996,0,0,0,41.0,3.0,32.42857142857143,0.8333333333333334,0.05,0.0,0.0,0.0,0.0,0.1,0.0,0.15,0.1,0.0,0.0,0.0,0.0,0.05,False,50
MYH9,0.034999999999999996,0,0,0,38.0,8.0,32.57142857142857,0.3333333333333333,0.0,0.0,0.0,0.0,0.0,0.1,0.0,0.0,0.15,0.05,0.05,0.0,0.0,0.0,False,50
TNMD,0.034999999999999996,0,0,0,38.0,22.0,35.714285714285715,0.0,0.0,0.05,0.0,0.0,0.15,0.0,0.15,0.0,0.0,0.0,0.0,0.0,0.1,0.0,False,50
LOC90768,0.034999999999999996,0,0,0,45.0,21.0,39.142857142857146,0.0,0.0,0.05,0.05,0.0,0.1,0.0,0.15,0.0,0.0,0.0,0.0,0.0,0.05,0.0,False,50
ALDH1L1,0.034999999999999996,0,0,0,48.0,12.0,40.857142857142854,0.0,0.0,0.2,0.0,0.0,0.0,0.0,0.15,0.0,0.0,0.0,0.0,0.5,0.0,0.0,False,50
APH1A,0.030000000000000006,0,0,0,8.0,2.0,11.166666666666666,1.0,0.0,0.0,0.0,0.0,0.0,0.0,0.0,0.05,0.05,0.1,0.1,0.0,0.0,0.0,False,50
KIAA0319L,0.030000000000000006,0,0,0,17.0,13.0,19.5,1.0,0.3,0.0,0.0,0.0,0.0,0.0,0.0,0.05,0.05,0.1,0.1,0.0,0.0,0.3,False,50
TRIM14,0.030000000000000006,0,0,0,21.5,7.0,24.333333333333332,0.6,0.0,0.05,0.1,0.05,0.0,0.1,0.0,0.0,0.0,0.0,0.0,0.0,0.0,0.0,False,50
FAM184A,0.030000000000000006,0,0,0,28.0,6.0,24.5,0.2,0.0,0.05,0.1,0.05,0.0,0.1,0.0,0.0,0.0,0.0,0.0,0.0,0.0,0.0,False,50
HN1L,0.030000000000000006,0,0,0,19.5,10.0,25.333333333333332,1.0,1.0,0.0,0.0,0.0,0.0,0.0,0.0,0.1,0.2,0.0,0.0,0.0,0.0,1.0,False,50
RANBP17,0.030000000000000006,0,0,0,24.5,21.0,28.166666666666668,0.75,0.0,0.0,0.05,0.0,0.0,0.05,0.0,0.0,0.0,0.1,0.1,0.0,0.0,0.0,False,50
BCHE,0.030000000000000006,0,0,0,29.5,22.0,28.666666666666668,0.6666666666666666,0.0,0.0,0.0,0.05,0.0,0.05,0.0,0.0,0.0,0.1,0.1,0.0,0.0,0.0,False,50
HEPACAM2,0.030000000000000006,0,0,0,35.0,12.0,31.833333333333332,0.5,0.0,0.0,0.0,0.2,0.0,0.1,0.0,0.0,0.0,0.0,0.0,0.0,0.0,0.0,False,50
SPNS1,0.030000000000000006,0,0,0,27.5,20.0,32.333333333333336,1.0,0.0,0.0,0.0,0.0,0.0,0.0,0.0,0.05,0.05,0.1,0.1,0.0,0.0,0.0,False,50
THAP3,0.030000000000000006,0,0,0,38.0,1.0,33.166666666666664,0.4,0.0,0.05,0.05,0.05,0.0,0.15,0.0,0.0,0.0,0.0,0.0,0.0,0.0,0.0,False,50
SNCG,0.030000000000000006,0,0,0,38.0,17.0,34.0,0.3333333333333333,0.0,0.0,0.0,0.1,0.1,0.1,0.0,0.0,0.0,0.0,0.0,0.0,0.1,0.0,False,50
F2RL2,0.030000000000000006,0,0,0,38.5,17.0,34.5,0.8,0.25,0.0,0.15,0.05,0.0,0.1,0.0,0.0,0.0,0.0,0.0,0.0,0.0,0.25,False,50
SUSD6,0.030000000000000006,0,0,0,39.0,13.0,34.833333333333336,0.8,0.1,0.0,0.05,0.0,0.0,0.0,0.0,0.1,0.15,0.0,0.0,0.0,0.0,0.1,False,50
FCGBP,0.030000000000000006,0,0,0,38.0,30.0,38.166666666666664,0.5,0.0,0.0,0.05,0.1,0.0,0.15,0.0,0.0,0.0,0.0,0.0,0.0,0.0,0.0,False,50
RPL23AP53,0.030000000000000006,0,0,0,39.5,27.0,38.666666666666664,0.0,0.0,0.0,0.0,0.05,0.15,0.0,0.1,0.0,0.0,0.0,0.0,0.0,0.15,0.0,False,50
VPS37C,0.030000000000000006,0,0,0,38.0,30.0,38.666666666666664,1.0,0.0,0.0,0.0,0.0,0.0,0.0,0.0,0.1,0.2,0.0,0.0,0.0,0.0,0.0,False,50
LIPE-AS1,0.030000000000000006,0,0,0,47.0,28.0,44.166666666666664,0.0,0.0,0.15,0.0,0.0,0.05,0.0,0.1,0.0,0.0,0.0,0.0,0.1,0.0,0.0,False,50
DPY19L2P3,0.03,0,0,0,1.5,1.0,5.333333333333333,1.0,0.0,0.0,0.0,0.15,0.15,0.0,0.0,0.0,0.0,0.0,0.0,0.0,0.15,0.0,False,50
TMEM97,0.03,0,0,0,12.5,8.0,17.666666666666668,1.0,0.0,0.0,0.0,0.0,0.0,0.0,0.0,0.15,0.15,0.0,0.0,0.0,0.0,0.0,False,50
ZNF512B,0.03,0,0,0,15.5,12.0,18.0,1.0,0.0,0.0,0.0,0.0,0.0,0.0,0.0,0.05,0.15,0.05,0.05,0.0,0.0,0.0,False,50
DDR2,0.03,0,0,0,11.0,8.0,18.333333333333332,1.0,0.0,0.0,0.0,0.0,0.0,0.0,0.0,0.1,0.1,0.05,0.05,0.0,0.0,0.0,False,50
PKM,0.03,0,0,0,16.0,8.0,19.333333333333332,1.0,0.0,0.0,0.0,0.0,0.0,0.0,0.0,0.15,0.15,0.0,0.0,0.0,0.0,0.0,False,50
FAM83D,0.03,0,0,0,17.5,4.0,20.166666666666668,1.0,0.05,0.0,0.0,0.0,0.0,0.0,0.0,0.15,0.15,0.0,0.0,0.0,0.0,0.05,False,50
CWC22,0.03,0,0,0,21.5,3.0,20.833333333333332,0.5,0.15,0.0,0.0,0.0,0.0,0.0,0.0,0.1,0.1,0.05,0.05,0.0,0.0,0.15,False,50
HPGD,0.03,0,0,0,18.5,9.0,21.0,0.25,0.0,0.15,0.15,0.0,0.0,0.0,0.0,0.0,0.0,0.0,0.0,0.1,0.0,0.0,False,50
ACTN4,0.03,0,0,0,20.5,16.0,21.666666666666668,1.0,0.0,0.0,0.0,0.0,0.0,0.0,0.0,0.0,0.0,0.15,0.15,0.0,0.0,0.0,False,50
FAM185A,0.03,0,0,0,22.5,21.0,22.666666666666668,1.0,0.0,0.0,0.0,0.0,0.0,0.0,0.0,0.0,0.0,0.15,0.15,0.0,0.0,0.0,False,50
NSUN5P1,0.03,0,0,0,26.0,3.0,23.5,1.0,0.05,0.0,0.0,0.0,0.0,0.05,0.0,0.1,0.05,0.05,0.05,0.0,0.0,0.05,False,50
IER3,0.03,0,0,0,26.0,8.0,23.666666666666668,1.0,0.0,0.0,0.05,0.0,0.0,0.0,0.0,0.1,0.05,0.05,0.05,0.0,0.0,0.0,False,50
MYO1C,0.03,0,0,0,22.0,4.0,23.666666666666668,0.5,0.0,0.0,0.15,0.1,0.0,0.05,0.0,0.0,0.0,0.0,0.0,0.0,0.0,0.0,False,50
LOC102723845,0.03,0,0,0,22.5,8.0,24.166666666666668,0.1111111111111111,0.0,0.2,0.05,0.05,0.0,0.0,0.0,0.0,0.0,0.0,0.0,0.2,0.0,0.0,False,50
SPHK1,0.03,0,0,0,17.0,11.0,24.333333333333332,1.0,0.0,0.0,0.0,0.0,0.0,0.0,0.0,0.15,0.05,0.05,0.05,0.0,0.0,0.0,False,50
RUNX2,0.03,0,0,0,17.5,15.0,25.0,0.6666666666666666,0.05,0.0,0.2,0.0,0.0,0.0,0.0,0.0,0.0,0.05,0.05,0.0,0.0,0.05,False,50
SCRIB,0.03,0,0,0,18.5,12.0,25.166666666666668,1.0,0.0,0.0,0.0,0.0,0.0,0.0,0.0,0.15,0.15,0.0,0.0,0.0,0.0,0.0,False,50
SRRT,0.03,0,0,0,27.5,12.0,28.166666666666668,1.0,0.0,0.0,0.0,0.0,0.0,0.0,0.0,0.05,0.15,0.05,0.05,0.0,0.0,0.0,False,50
PRSS8,0.03,0,0,0,37.5,2.0,28.5,1.0,1.0,0.0,0.0,0.0,0.0,0.0,0.0,0.05,0.25,0.0,0.0,0.0,0.0,1.0,False,50
TLCD2,0.03,0,0,0,25.0,13.0,28.666666666666668,0.3333333333333333,0.0,0.0,0.15,0.0,0.0,0.1,0.0,0.05,0.0,0.0,0.0,0.0,0.0,0.0,False,50
AURKA,0.03,0,0,0,28.5,18.0,29.166666666666668,1.0,0.0,0.0,0.0,0.0,0.0,0.0,0.0,0.15,0.15,0.0,0.0,0.0,0.0,0.0,False,50
BTNL2,0.03,0,0,0,32.5,16.0,31.5,0.14285714285714285,0.0,0.0,0.0,0.0,0.1,0.05,0.05,0.0,0.0,0.05,0.05,0.05,0.1,0.0,False,50
PAK4,0.03,0,0,0,37.0,7.0,31.5,1.0,0.0,0.0,0.0,0.0,0.0,0.0,0.0,0.15,0.15,0.0,0.0,0.0,0.0,0.0,False,50
OR51E1,0.03,0,0,0,36.0,13.0,35.5,0.0,0.0,0.1,0.05,0.05,0.05,0.0,0.05,0.0,0.0,0.0,0.0,0.05,0.05,0.0,False,50
LOC101927450,0.03,0,0,0,35.0,30.0,36.166666666666664,0.0,0.0,0.0,0.0,0.0,0.15,0.0,0.15,0.0,0.0,0.0,0.0,0.0,0.05,0.0,False,50
RBAKDN,0.03,0,0,0,42.0,27.0,40.0,0.0,0.0,0.0,0.0,0.0,0.15,0.0,0.15,0.0,0.0,0.0,0.0,0.0,0.1,0.0,False,50
LOC101926944,0.03,0,0,0,41.0,32.0,40.833333333333336,0.0,0.0,0.0,0.0,0.0,0.25,0.0,0.05,0.0,0.0,0.0,0.0,0.0,0.2,0.0,False,50
PKD1L2,0.03,0,0,0,41.0,38.0,42.5,0.0,0.0,0.05,0.0,0.1,0.05,0.05,0.0,0.0,0.05,0.0,0.0,0.1,0.05,0.0,False,50
POLR2H,0.025,0,0,0,3.0,2.0,9.2,1.0,0.0,0.0,0.0,0.0,0.0,0.0,0.0,0.1,0.15,0.0,0.0,0.0,0.0,0.0,False,50
SIGLEC16,0.025,0,0,0,11.0,3.0,12.8,1.0,0.0,0.0,0.0,0.25,0.0,0.0,0.0,0.0,0.0,0.0,0.0,0.0,0.15,0.0,False,50
UCP3,0.025,0,0,0,10.0,7.0,14.8,0.6,0.0,0.0,0.25,0.0,0.0,0.0,0.0,0.0,0.0,0.0,0.0,0.0,0.0,0.0,False,50
GALE,0.025,0,0,0,16.0,5.0,16.4,1.0,0.1,0.0,0.0,0.0,0.0,0.0,0.0,0.05,0.1,0.05,0.05,0.0,0.0,0.1,False,50
LOC100506691,0.025,0,0,0,9.0,1.0,16.6,1.0,0.0,0.0,0.0,0.25,0.0,0.0,0.0,0.0,0.0,0.0,0.0,0.0,0.05,0.0,False,50
CHERP,0.025,0,0,0,13.0,8.0,17.8,1.0,0.0,0.0,0.0,0.0,0.0,0.0,0.0,0.0,0.05,0.1,0.1,0.0,0.0,0.0,False,50
LYRM1,0.025,0,0,0,17.0,9.0,18.6,0.25,0.0,0.0,0.0,0.05,0.0,0.2,0.0,0.0,0.0,0.0,0.0,0.0,0.0,0.0,False,50
LINC00665,0.025,0,0,0,12.0,11.0,18.8,1.0,0.0,0.0,0.0,0.0,0.0,0.0,0.0,0.1,0.05,0.05,0.05,0.0,0.0,0.0,False,50
ZSCAN2,0.025,0,0,0,14.0,7.0,18.8,1.0,0.0,0.0,0.15,0.0,0.0,0.0,0.0,0.05,0.05,0.0,0.0,0.0,0.0,0.0,False,50
LOC101928433,0.025,0,0,0,12.0,10.0,19.4,0.25,0.0,0.0,0.05,0.05,0.0,0.15,0.0,0.0,0.0,0.0,0.0,0.0,0.0,0.0,False,50
TEF,0.025,0,0,0,17.0,6.0,19.4,0.2,0.0,0.0,0.05,0.0,0.0,0.2,0.0,0.0,0.0,0.0,0.0,0.0,0.0,0.0,False,50
UNC5B,0.025,0,0,0,21.0,9.0,19.4,1.0,0.0,0.0,0.05,0.0,0.0,0.0,0.0,0.0,0.0,0.1,0.1,0.0,0.0,0.0,False,50
KIAA0930,0.025,0,0,0,21.0,3.0,19.6,1.0,0.0,0.0,0.0,0.0,0.0,0.0,0.0,0.0,0.05,0.1,0.1,0.0,0.0,0.0,False,50
PHACTR4,0.025,0,0,0,17.0,2.0,19.8,0.5,0.0,0.0,0.1,0.05,0.0,0.05,0.0,0.05,0.0,0.0,0.0,0.0,0.0,0.0,False,50
ZNF541,0.025,0,0,0,23.0,1.0,19.8,0.2857142857142857,0.0,0.0,0.0,0.0,0.05,0.2,0.0,0.0,0.0,0.0,0.0,0.0,0.1,0.0,False,50
SMARCC1,0.025,0,0,0,20.0,10.0,20.2,1.0,0.2,0.0,0.05,0.0,0.0,0.0,0.0,0.05,0.05,0.05,0.05,0.0,0.0,0.2,False,50
TMEM44-AS1,0.025,0,0,0,25.0,6.0,20.6,0.8,0.0,0.0,0.25,0.0,0.0,0.0,0.0,0.0,0.0,0.0,0.0,0.0,0.0,0.0,False,50
PRPF19,0.025,0,0,0,18.0,13.0,21.0,1.0,0.5,0.0,0.0,0.0,0.0,0.0,0.0,0.1,0.15,0.0,0.0,0.0,0.0,0.5,False,50
HUWE1,0.025,0,0,0,18.0,17.0,21.2,1.0,0.0,0.0,0.0,0.0,0.0,0.0,0.0,0.05,0.0,0.1,0.1,0.0,0.0,0.0,False,50
SFN,0.025,0,0,0,10.0,7.0,21.6,0.8571428571428571,0.15,0.0,0.0,0.0,0.0,0.05,0.0,0.15,0.05,0.0,0.0,0.0,0.0,0.15,False,50
TRIT1,0.025,0,0,0,22.0,11.0,22.4,0.6666666666666666,0.0,0.0,0.0,0.0,0.0,0.05,0.0,0.0,0.0,0.1,0.1,0.0,0.0,0.0,False,50
ULK3,0.025,0,0,0,28.0,8.0,22.6,1.0,0.15,0.0,0.0,0.0,0.0,0.0,0.0,0.15,0.1,0.0,0.0,0.0,0.0,0.15,False,50
AP1S3,0.025,0,0,0,24.0,17.0,23.0,1.0,0.0,0.0,0.0,0.0,0.0,0.0,0.0,0.05,0.0,0.1,0.1,0.0,0.0,0.0,False,50
GNRH2,0.025,0,0,0,26.0,3.0,23.2,0.2,0.0,0.0,0.0,0.0,0.1,0.05,0.1,0.0,0.0,0.0,0.0,0.0,0.1,0.0,False,50
GDPGP1,0.025,0,0,0,18.0,2.0,23.8,1.0,0.0,0.05,0.1,0.1,0.0,0.0,0.0,0.0,0.0,0.0,0.0,0.0,0.0,0.0,False,50
HS3ST2,0.025,0,0,0,26.0,3.0,23.8,,0.0,0.0,0.0,0.25,0.0,0.0,0.0,0.0,0.0,0.0,0.0,0.0,0.0,0.0,False,50
SUCO,0.025,0,0,0,25.0,7.0,24.2,1.0,0.0,0.0,0.0,0.0,0.0,0.0,0.0,0.1,0.15,0.0,0.0,0.0,0.0,0.0,False,50
CSNK1G2,0.025,0,0,0,22.0,16.0,24.4,1.0,0.1,0.0,0.0,0.0,0.0,0.0,0.0,0.05,0.1,0.05,0.05,0.0,0.0,0.1,False,50
SNAP47,0.025,0,0,0,22.0,17.0,24.6,1.0,0.0,0.0,0.0,0.0,0.0,0.0,0.0,0.0,0.05,0.1,0.1,0.0,0.0,0.0,False,50
TMIE,0.025,0,0,0,29.0,2.0,24.6,0.4,0.0,0.05,0.05,0.0,0.05,0.05,0.05,0.0,0.0,0.0,0.0,0.0,0.05,0.0,False,50
RASSF6,0.025,0,0,0,28.0,2.0,24.8,0.6666666666666666,0.0,0.0,0.1,0.1,0.0,0.05,0.0,0.0,0.0,0.0,0.0,0.0,0.0,0.0,False,50
CLDN4,0.025,0,0,0,24.0,15.0,25.4,1.0,0.0,0.0,0.0,0.0,0.0,0.0,0.0,0.1,0.15,0.0,0.0,0.0,0.0,0.0,False,50
CRABP2,0.025,0,0,0,29.0,19.0,26.0,1.0,0.0,0.0,0.0,0.0,0.0,0.0,0.0,0.05,0.1,0.05,0.05,0.0,0.0,0.0,False,50
LEF1,0.025,0,0,0,24.0,7.0,26.2,1.0,0.0,0.0,0.1,0.05,0.0,0.1,0.0,0.0,0.0,0.0,0.0,0.0,0.0,0.0,False,50
SPATS2,0.025,0,0,0,25.0,16.0,26.2,1.0,0.05,0.0,0.0,0.0,0.0,0.0,0.0,0.1,0.15,0.0,0.0,0.0,0.0,0.05,False,50
ZNF792,0.025,0,0,0,37.0,3.0,26.2,0.8,0.0,0.05,0.2,0.0,0.0,0.0,0.0,0.0,0.0,0.0,0.0,0.0,0.0,0.0,False,50
CDON,0.025,0,0,0,29.0,18.0,26.6,0.8,0.0,0.0,0.1,0.0,0.0,0.15,0.0,0.0,0.0,0.0,0.0,0.0,0.0,0.0,False,50
NUSAP1,0.025,0,0,0,30.0,10.0,26.6,1.0,0.0,0.0,0.05,0.0,0.0,0.0,0.0,0.1,0.1,0.0,0.0,0.0,0.0,0.0,False,50
CHSY1,0.025,0,0,0,21.0,15.0,26.8,0.5,0.0,0.0,0.05,0.0,0.0,0.1,0.0,0.0,0.0,0.05,0.05,0.0,0.0,0.0,False,50
ILF3,0.025,0,0,0,21.0,17.0,26.8,1.0,0.05,0.0,0.0,0.0,0.0,0.0,0.0,0.1,0.05,0.05,0.05,0.0,0.0,0.05,False,50
FAM149A,0.025,0,0,0,22.0,7.0,27.0,0.4,0.0,0.05,0.05,0.0,0.0,0.15,0.0,0.0,0.0,0.0,0.0,0.0,0.0,0.0,False,50
PILRA,0.025,0,0,0,36.0,1.0,27.0,,0.0,0.0,0.0,0.25,0.0,0.0,0.0,0.0,0.0,0.0,0.0,0.0,0.0,0.0,False,50
SMYD3,0.025,0,0,0,27.0,16.0,27.2,0.5,0.0,0.0,0.1,0.0,0.0,0.05,0.0,0.0,0.0,0.05,0.05,0.0,0.0,0.0,False,50
PTPA,0.025,0,0,0,30.0,9.0,27.4,1.0,0.0,0.0,0.0,0.0,0.0,0.0,0.0,0.15,0.1,0.0,0.0,0.0,0.0,0.0,False,50
RAI1,0.025,0,0,0,33.0,16.0,29.2,1.0,0.0,0.0,0.0,0.0,0.0,0.0,0.0,0.05,0.2,0.0,0.0,0.0,0.0,0.0,False,50
UPK3B,0.025,0,0,0,27.0,9.0,29.2,0.0,0.0,0.0,0.0,0.25,0.0,0.0,0.0,0.0,0.0,0.0,0.0,0.0,0.05,0.0,False,50
CAMK1,0.025,0,0,0,40.0,2.0,29.8,0.2,0.0,0.0,0.1,0.05,0.05,0.05,0.0,0.0,0.0,0.0,0.0,0.0,0.05,0.0,False,50
PYGM,0.025,0,0,0,32.0,23.0,30.4,0.3333333333333333,0.0,0.0,0.0,0.0,0.05,0.0,0.05,0.05,0.0,0.05,0.05,0.1,0.05,0.0,False,50
VAV3,0.025,0,0,0,31.0,17.0,30.4,0.5,0.1,0.0,0.1,0.0,0.0,0.1,0.0,0.0,0.05,0.0,0.0,0.0,0.0,0.1,False,50
CPM,0.025,0,0,0,31.0,16.0,31.2,0.6666666666666666,0.0,0.0,0.0,0.05,0.0,0.05,0.0,0.1,0.05,0.0,0.0,0.0,0.0,0.0,False,50
SIGLEC17P,0.025,0,0,0,35.0,13.0,31.4,1.0,0.0,0.0,0.0,0.25,0.0,0.0,0.0,0.0,0.0,0.0,0.0,0.0,0.05,0.0,False,50
TMEM134,0.025,0,0,0,41.0,13.0,31.4,1.0,0.0,0.0,0.0,0.0,0.0,0.0,0.0,0.1,0.05,0.05,0.05,0.0,0.0,0.0,False,50
HS3ST1,0.025,0,0,0,36.0,5.0,31.8,0.6666666666666666,0.0,0.0,0.0,0.1,0.0,0.15,0.0,0.0,0.0,0.0,0.0,0.0,0.0,0.0,False,50
TDG,0.025,0,0,0,37.0,15.0,32.0,1.0,0.0,0.0,0.0,0.0,0.0,0.0,0.0,0.15,0.1,0.0,0.0,0.0,0.0,0.0,False,50
CLK2,0.025,0,0,0,36.0,16.0,32.2,1.0,0.1,0.0,0.0,0.0,0.0,0.0,0.0,0.1,0.15,0.0,0.0,0.0,0.0,0.1,False,50
LMNB2,0.025,0,0,0,39.0,14.0,32.2,1.0,0.0,0.0,0.0,0.0,0.0,0.0,0.0,0.1,0.05,0.05,0.05,0.0,0.0,0.0,False,50
GRHL2,0.025,0,0,0,29.0,18.0,32.8,1.0,0.0,0.0,0.0,0.0,0.0,0.0,0.0,0.1,0.15,0.0,0.0,0.0,0.0,0.0,False,50
ATP6V0E2-AS1,0.025,0,0,0,38.0,7.0,33.2,0.25,0.0,0.0,0.05,0.1,0.05,0.05,0.0,0.0,0.0,0.0,0.0,0.0,0.05,0.0,False,50
ZNF562,0.025,0,0,0,35.0,24.0,34.0,0.2,0.0,0.0,0.05,0.0,0.0,0.2,0.0,0.0,0.0,0.0,0.0,0.0,0.0,0.0,False,50
JUP,0.025,0,0,0,43.0,13.0,34.6,1.0,0.0,0.0,0.0,0.0,0.0,0.0,0.0,0.1,0.15,0.0,0.0,0.0,0.0,0.0,False,50
TRDN,0.025,0,0,0,37.0,22.0,36.8,0.0,0.0,0.15,0.0,0.0,0.05,0.0,0.05,0.0,0.0,0.0,0.0,0.05,0.05,0.0,False,50
MBOAT7,0.025,0,0,0,39.0,25.0,37.6,1.0,0.0,0.0,0.0,0.0,0.0,0.0,0.0,0.15,0.1,0.0,0.0,0.0,0.0,0.0,False,50
LOC101926962,0.025,0,0,0,38.0,36.0,38.6,0.0,0.0,0.0,0.0,0.0,0.15,0.0,0.1,0.0,0.0,0.0,0.0,0.0,0.15,0.0,False,50
POLR1C,0.025,0,0,0,44.0,28.0,39.6,1.0,0.0,0.0,0.0,0.0,0.0,0.0,0.0,0.1,0.15,0.0,0.0,0.0,0.0,0.0,False,50
CDC42EP2,0.025,0,0,0,44.0,32.0,41.4,0.25,0.0,0.0,0.0,0.05,0.05,0.05,0.05,0.05,0.0,0.0,0.0,0.0,0.05,0.0,False,50
LOC440149,0.025,0,0,0,46.0,41.0,45.6,0.0,0.0,0.05,0.1,0.1,0.0,0.0,0.0,0.0,0.0,0.0,0.0,0.0,0.0,0.0,False,50
VPS37B,0.02,0,0,0,6.5,5.0,6.75,1.0,0.0,0.0,0.0,0.0,0.0,0.0,0.0,0.1,0.1,0.0,0.0,0.0,0.0,0.0,False,50
GLA,0.02,0,0,0,7.5,2.0,7.75,0.5,0.0,0.05,0.05,0.1,0.0,0.0,0.0,0.0,0.0,0.0,0.0,0.0,0.0,0.0,False,50
SIGLEC9,0.02,0,0,0,9.0,5.0,8.5,1.0,0.0,0.0,0.0,0.2,0.0,0.0,0.0,0.0,0.0,0.0,0.0,0.0,0.05,0.0,False,50
F12,0.02,0,0,0,6.5,5.0,9.5,1.0,0.75,0.0,0.0,0.0,0.0,0.0,0.0,0.1,0.1,0.0,0.0,0.0,0.0,0.75,False,50
TOMM34,0.02,0,0,0,9.0,5.0,9.5,1.0,0.1,0.0,0.0,0.0,0.0,0.0,0.0,0.1,0.1,0.0,0.0,0.0,0.0,0.1,False,50
ABI3BP,0.02,0,0,0,10.0,9.0,10.25,1.0,0.0,0.0,0.0,0.0,0.0,0.0,0.0,0.0,0.0,0.1,0.1,0.0,0.0,0.0,False,50
CRYBB1,0.02,0,0,0,12.0,2.0,10.25,1.0,0.0,0.0,0.0,0.2,0.0,0.0,0.0,0.0,0.0,0.0,0.0,0.0,0.05,0.0,False,50
CATSPER1,0.02,0,0,0,9.0,4.0,10.5,1.0,0.0,0.0,0.0,0.2,0.0,0.0,0.0,0.0,0.0,0.0,0.0,0.0,0.1,0.0,False,50
FN1,0.02,0,0,0,12.5,7.0,12.25,1.0,0.0,0.0,0.0,0.0,0.0,0.0,0.0,0.05,0.05,0.05,0.05,0.0,0.0,0.0,False,50
MDS2,0.02,0,0,0,7.5,3.0,12.5,0.0,0.0,0.0,0.05,0.0,0.05,0.05,0.05,0.0,0.0,0.0,0.0,0.05,0.05,0.0,False,50
SNTA1,0.02,0,0,0,9.5,8.0,13.0,0.5,0.0,0.0,0.1,0.1,0.0,0.0,0.0,0.0,0.0,0.0,0.0,0.0,0.0,0.0,False,50
ABCA8,0.02,0,0,0,13.5,12.0,13.5,1.0,0.0,0.0,0.0,0.0,0.0,0.0,0.0,0.0,0.0,0.1,0.1,0.0,0.0,0.0,False,50
AJUBA,0.02,0,0,0,13.0,12.0,13.5,1.0,0.0,0.0,0.0,0.0,0.0,0.0,0.0,0.0,0.0,0.1,0.1,0.0,0.0,0.0,False,50
SYCN,0.02,0,0,0,14.0,11.0,14.0,0.0,0.0,0.0,0.0,0.0,0.1,0.0,0.1,0.0,0.0,0.0,0.0,0.0,0.1,0.0,False,50
AHCY,0.02,0,0,0,14.5,13.0,14.25,1.0,0.0,0.0,0.0,0.0,0.0,0.0,0.0,0.0,0.0,0.1,0.1,0.0,0.0,0.0,False,50
EID2B,0.02,0,0,0,16.0,3.0,14.5,0.75,0.0,0.0,0.2,0.0,0.0,0.0,0.0,0.0,0.0,0.0,0.0,0.0,0.0,0.0,False,50
PGAP2,0.02,0,0,0,13.5,1.0,14.75,1.0,0.0,0.0,0.0,0.0,0.0,0.0,0.0,0.1,0.1,0.0,0.0,0.0,0.0,0.0,False,50
CCNA2,0.02,0,0,0,15.0,11.0,15.0,1.0,0.05,0.0,0.0,0.0,0.0,0.0,0.0,0.0,0.0,0.1,0.1,0.0,0.0,0.05,False,50
MOP-1,0.02,0,0,0,8.5,6.0,15.0,1.0,0.0,0.0,0.0,0.2,0.0,0.0,0.0,0.0,0.0,0.0,0.0,0.0,0.05,0.0,False,50
APEX2,0.02,0,0,0,15.5,10.0,15.5,1.0,0.0,0.0,0.0,0.0,0.0,0.0,0.0,0.05,0.05,0.05,0.05,0.0,0.0,0.0,False,50
PTGFR,0.02,0,0,0,5.5,2.0,15.5,0.0,0.0,0.05,0.0,0.0,0.05,0.05,0.05,0.0,0.0,0.0,0.0,0.0,0.05,0.0,False,50
CLDN3,0.02,0,0,0,14.0,4.0,17.25,1.0,0.0,0.0,0.0,0.0,0.0,0.0,0.0,0.1,0.1,0.0,0.0,0.0,0.0,0.0,False,50
LOC101927650,0.02,0,0,0,20.5,5.0,17.25,1.0,0.0,0.0,0.0,0.2,0.0,0.0,0.0,0.0,0.0,0.0,0.0,0.0,0.05,0.0,False,50
GFPT2,0.02,0,0,0,16.0,3.0,17.5,1.0,0.0,0.0,0.05,0.0,0.0,0.15,0.0,0.0,0.0,0.0,0.0,0.0,0.0,0.0,False,50
PRSS36,0.02,0,0,0,19.0,5.0,17.5,,0.0,0.0,0.0,0.2,0.0,0.0,0.0,0.0,0.0,0.0,0.0,0.0,0.0,0.0,False,50
THCAT158,0.02,0,0,0,17.0,8.0,17.75,1.0,0.0,0.0,0.0,0.2,0.0,0.0,0.0,0.0,0.0,0.0,0.0,0.0,0.05,0.0,False,50
KDM5B,0.02,0,0,0,14.5,2.0,18.0,1.0,0.0,0.0,0.0,0.0,0.0,0.0,0.0,0.1,0.1,0.0,0.0,0.0,0.0,0.0,False,50
LINC01180,0.02,0,0,0,17.5,7.0,18.0,0.3333333333333333,0.0,0.0,0.0,0.0,0.05,0.0,0.05,0.0,0.0,0.05,0.05,0.0,0.05,0.0,False,50
UBE2T,0.02,0,0,0,17.0,12.0,18.0,1.0,0.55,0.0,0.0,0.0,0.0,0.0,0.0,0.05,0.05,0.05,0.05,0.0,0.0,0.55,False,50
NECTIN2,0.02,0,0,0,16.5,14.0,18.25,1.0,0.0,0.0,0.0,0.0,0.0,0.0,0.0,0.1,0.1,0.0,0.0,0.0,0.0,0.0,False,50
TOP2A,0.02,0,0,0,16.5,10.0,18.25,1.0,0.0,0.0,0.0,0.0,0.0,0.0,0.0,0.1,0.1,0.0,0.0,0.0,0.0,0.0,False,50
PIP4K2C,0.02,0,0,0,18.5,17.0,18.5,1.0,0.0,0.0,0.0,0.0,0.0,0.0,0.0,0.1,0.1,0.0,0.0,0.0,0.0,0.0,False,50
SAC3D1,0.02,0,0,0,17.5,16.0,18.5,1.0,0.0,0.0,0.0,0.0,0.0,0.0,0.0,0.1,0.1,0.0,0.0,0.0,0.0,0.0,False,50
BARD1,0.02,0,0,0,18.5,12.0,19.0,1.0,0.15,0.0,0.0,0.0,0.0,0.0,0.0,0.05,0.05,0.05,0.05,0.0,0.0,0.15,False,50
LOC283588,0.02,0,0,0,17.5,9.0,19.0,1.0,0.0,0.0,0.1,0.1,0.0,0.0,0.0,0.0,0.0,0.0,0.0,0.0,0.0,0.0,False,50
B4GALT3,0.02,0,0,0,17.5,16.0,19.25,1.0,0.0,0.0,0.0,0.0,0.0,0.0,0.0,0.05,0.05,0.05,0.05,0.0,0.0,0.0,False,50
ZNF518A,0.02,0,0,0,22.5,5.0,19.5,1.0,0.0,0.0,0.0,0.1,0.0,0.0,0.0,0.0,0.0,0.05,0.05,0.0,0.0,0.0,False,50
PDK4,0.02,0,0,0,19.5,11.0,19.75,0.5,0.1,0.0,0.0,0.0,0.0,0.0,0.0,0.1,0.1,0.0,0.0,0.0,0.0,0.1,False,50
SOX9,0.02,0,0,0,21.5,13.0,20.0,1.0,0.0,0.0,0.0,0.0,0.0,0.0,0.0,0.05,0.05,0.05,0.05,0.0,0.0,0.0,False,50
LOC101927526,0.02,0,0,0,19.5,12.0,20.25,0.0,0.0,0.0,0.0,0.0,0.1,0.0,0.1,0.0,0.0,0.0,0.0,0.0,0.05,0.0,False,50
ZNF682,0.02,0,0,0,20.0,18.0,20.25,1.0,0.0,0.0,0.0,0.0,0.0,0.0,0.0,0.0,0.0,0.1,0.1,0.0,0.0,0.0,False,50
ACVR1C,0.02,0,0,0,19.0,8.0,20.5,0.5,0.0,0.0,0.05,0.0,0.0,0.05,0.0,0.0,0.0,0.05,0.05,0.05,0.0,0.0,False,50
CDS1,0.02,0,0,0,16.0,1.0,20.5,1.0,0.0,0.0,0.0,0.0,0.0,0.0,0.0,0.05,0.15,0.0,0.0,0.0,0.0,0.0,False,50
PPP2R3C,0.02,0,0,0,21.5,3.0,21.25,1.0,0.0,0.0,0.0,0.0,0.0,0.0,0.0,0.1,0.1,0.0,0.0,0.0,0.0,0.0,False,50
TRAF7,0.02,0,0,0,21.5,16.0,21.75,1.0,0.0,0.0,0.0,0.0,0.0,0.0,0.0,0.1,0.1,0.0,0.0,0.0,0.0,0.0,False,50
ZCCHC8,0.02,0,0,0,21.5,17.0,21.75,1.0,0.0,0.0,0.0,0.0,0.0,0.0,0.0,0.0,0.0,0.1,0.1,0.0,0.0,0.0,False,50
ABHD5,0.02,0,0,0,15.5,12.0,22.0,0.5,0.0,0.0,0.05,0.05,0.0,0.0,0.0,0.0,0.0,0.05,0.05,0.0,0.0,0.0,False,50
HMGB3,0.02,0,0,0,22.5,17.0,22.0,1.0,0.0,0.0,0.0,0.0,0.0,0.0,0.0,0.1,0.1,0.0,0.0,0.0,0.0,0.0,False,50
MCM4,0.02,0,0,0,24.5,6.0,22.0,1.0,0.0,0.0,0.1,0.0,0.0,0.0,0.0,0.05,0.05,0.0,0.0,0.0,0.0,0.0,False,50
LARP7,0.02,0,0,0,20.5,15.0,22.25,0.6666666666666666,0.05,0.0,0.0,0.0,0.0,0.0,0.0,0.1,0.1,0.0,0.0,0.0,0.0,0.05,False,50
KCNE1,0.02,0,0,0,28.0,2.0,22.75,1.0,0.0,0.05,0.0,0.15,0.0,0.0,0.0,0.0,0.0,0.0,0.0,0.0,0.05,0.0,False,50
LINC01140,0.02,0,0,0,20.0,7.0,23.0,1.0,0.0,0.0,0.0,0.0,0.0,0.0,0.0,0.15,0.05,0.0,0.0,0.0,0.0,0.0,False,50
COL18A1,0.02,0,0,0,23.0,22.0,23.5,1.0,0.0,0.0,0.0,0.0,0.0,0.0,0.0,0.0,0.0,0.1,0.1,0.0,0.0,0.0,False,50
ZNF718,0.02,0,0,0,23.5,8.0,23.75,0.0,0.0,0.0,0.05,0.1,0.0,0.05,0.0,0.0,0.0,0.0,0.0,0.0,0.0,0.0,False,50
LLGL2,0.02,0,0,0,21.5,6.0,24.5,1.0,0.15,0.0,0.0,0.0,0.0,0.0,0.0,0.1,0.1,0.0,0.0,0.0,0.0,0.15,False,50
GKN2,0.02,0,0,0,25.0,18.0,25.25,0.0,0.0,0.0,0.0,0.0,0.1,0.0,0.1,0.0,0.0,0.0,0.0,0.0,0.05,0.0,False,50
SIGLEC11,0.02,0,0,0,19.5,18.0,25.25,0.6666666666666666,0.0,0.05,0.05,0.0,0.0,0.0,0.0,0.0,0.0,0.05,0.05,0.0,0.0,0.0,False,50
BRMS1,0.02,0,0,0,25.0,23.0,25.5,1.0,0.25,0.0,0.0,0.0,0.0,0.0,0.0,0.1,0.1,0.0,0.0,0.0,0.0,0.25,False,50
LOC102724938,0.02,0,0,0,26.5,17.0,25.5,0.0,0.0,0.15,0.0,0.05,0.0,0.0,0.0,0.0,0.0,0.0,0.0,0.15,0.0,0.0,False,50
TG,0.02,0,0,0,27.5,17.0,25.75,0.0,0.0,0.0,0.0,0.0,0.1,0.0,0.1,0.0,0.0,0.0,0.0,0.0,0.1,0.0,False,50
TRMT44,0.02,0,0,0,24.5,16.0,26.0,0.8,0.0,0.0,0.0,0.05,0.05,0.1,0.0,0.0,0.0,0.0,0.0,0.0,0.1,0.0,False,50
LOC643733,0.02,0,0,0,20.5,15.0,26.5,1.0,0.0,0.0,0.0,0.0,0.0,0.0,0.0,0.1,0.1,0.0,0.0,0.0,0.0,0.0,False,50
SERTM1,0.02,0,0,0,24.0,14.0,26.5,0.0,0.0,0.1,0.05,0.05,0.0,0.0,0.0,0.0,0.0,0.0,0.0,0.15,0.0,0.0,False,50
NECTIN4,0.02,0,0,0,30.5,13.0,27.5,1.0,0.95,0.0,0.0,0.0,0.0,0.0,0.0,0.1,0.1,0.0,0.0,0.0,0.0,0.95,False,50
CHIT1,0.02,0,0,0,26.0,24.0,27.75,,0.0,0.0,0.0,0.2,0.0,0.0,0.0,0.0,0.0,0.0,0.0,0.0,0.0,0.0,False,50
PDXDC1,0.02,0,0,0,28.0,25.0,27.75,1.0,0.0,0.0,0.0,0.0,0.0,0.0,0.0,0.0,0.0,0.1,0.1,0.0,0.0,0.0,False,50
LOC101060553,0.02,0,0,0,28.5,11.0,28.0,0.0,0.0,0.15,0.0,0.05,0.0,0.0,0.0,0.0,0.0,0.0,0.0,0.15,0.0,0.0,False,50
C1QTNF7,0.02,0,0,0,23.5,21.0,28.5,0.4,0.0,0.0,0.0,0.0,0.05,0.0,0.05,0.1,0.0,0.0,0.0,0.05,0.05,0.0,False,50
SSR2,0.02,0,0,0,29.5,19.0,29.25,1.0,0.0,0.0,0.0,0.0,0.0,0.0,0.0,0.05,0.15,0.0,0.0,0.0,0.0,0.0,False,50
DRC1,0.02,0,0,0,30.0,27.0,29.5,0.0,0.0,0.05,0.0,0.0,0.1,0.0,0.05,0.0,0.0,0.0,0.0,0.1,0.1,0.0,False,50
NEUROG2,0.02,0,0,0,30.0,19.0,29.75,0.0,0.0,0.15,0.05,0.0,0.0,0.0,0.0,0.0,0.0,0.0,0.0,0.2,0.0,0.0,False,50
AKR1D1,0.02,0,0,0,27.0,16.0,30.0,0.0,0.0,0.15,0.0,0.05,0.0,0.0,0.0,0.0,0.0,0.0,0.0,0.25,0.0,0.0,False,50
DDX56,0.02,0,0,0,29.5,27.0,30.25,0.6666666666666666,0.0,0.0,0.0,0.0,0.0,0.05,0.0,0.05,0.0,0.05,0.05,0.0,0.0,0.0,False,50
STARD10,0.02,0,0,0,29.5,14.0,30.75,1.0,0.0,0.0,0.0,0.0,0.0,0.0,0.0,0.05,0.15,0.0,0.0,0.0,0.0,0.0,False,50
PF4,0.02,0,0,0,32.0,26.0,31.0,0.0,0.0,0.0,0.0,0.0,0.1,0.0,0.1,0.0,0.0,0.0,0.0,0.0,0.1,0.0,False,50
TNFAIP8L1,0.02,0,0,0,34.5,6.0,31.0,0.6666666666666666,0.0,0.05,0.1,0.0,0.0,0.0,0.0,0.0,0.05,0.0,0.0,0.0,0.0,0.0,False,50
ADHFE1,0.02,0,0,0,33.0,25.0,31.5,0.25,0.0,0.0,0.15,0.0,0.0,0.05,0.0,0.0,0.0,0.0,0.0,0.0,0.0,0.0,False,50
SLC35C2,0.02,0,0,0,29.0,20.0,31.5,1.0,0.0,0.0,0.0,0.0,0.0,0.0,0.0,0.1,0.1,0.0,0.0,0.0,0.0,0.0,False,50
TRIM28,0.02,0,0,0,33.5,15.0,31.5,1.0,0.05,0.0,0.0,0.0,0.0,0.0,0.0,0.1,0.1,0.0,0.0,0.0,0.0,0.05,False,50
FGF7P3,0.02,0,0,0,32.5,26.0,31.75,0.25,0.0,0.0,0.1,0.0,0.0,0.05,0.0,0.05,0.0,0.0,0.0,0.0,0.0,0.0,False,50
MAP3K1,0.02,0,0,0,34.5,10.0,32.25,0.0,0.0,0.0,0.05,0.15,0.0,0.0,0.0,0.0,0.0,0.0,0.0,0.0,0.0,0.0,False,50
TMEM221,0.02,0,0,0,31.5,26.0,32.25,0.2,0.0,0.05,0.0,0.0,0.05,0.05,0.05,0.0,0.0,0.0,0.0,0.05,0.05,0.0,False,50
COL11A1,0.02,0,0,0,33.0,17.0,32.5,0.6666666666666666,0.1,0.0,0.2,0.0,0.0,0.0,0.0,0.0,0.0,0.0,0.0,0.0,0.0,0.1,False,50
KCNIP2,0.02,0,0,0,30.0,24.0,33.5,1.0,0.0,0.0,0.0,0.0,0.0,0.0,0.1,0.05,0.05,0.0,0.0,0.0,0.0,0.0,False,50
TINAGL1,0.02,0,0,0,40.5,12.0,34.0,0.25,0.0,0.05,0.1,0.0,0.0,0.05,0.0,0.0,0.0,0.0,0.0,0.0,0.0,0.0,False,50
ATP23,0.02,0,0,0,30.5,27.0,34.25,0.5,0.0,0.0,0.1,0.0,0.0,0.1,0.0,0.0,0.0,0.0,0.0,0.0,0.0,0.0,False,50
TBX18,0.02,0,0,0,36.0,21.0,34.5,0.0,0.0,0.1,0.0,0.0,0.05,0.0,0.05,0.0,0.0,0.0,0.0,0.1,0.05,0.0,False,50
WISP1,0.02,0,0,0,34.0,23.0,34.75,0.5714285714285714,0.15,0.0,0.2,0.0,0.0,0.0,0.0,0.0,0.0,0.0,0.0,0.0,0.0,0.15,False,50
IRF6,0.02,0,0,0,34.5,25.0,35.0,1.0,0.0,0.0,0.0,0.0,0.0,0.0,0.0,0.05,0.15,0.0,0.0,0.0,0.0,0.0,False,50
C3orf79,0.02,0,0,0,38.0,18.0,35.5,0.0,0.0,0.15,0.0,0.05,0.0,0.0,0.0,0.0,0.0,0.0,0.0,0.0,0.0,0.0,False,50
TPPP3,0.02,0,0,0,34.5,25.0,35.5,0.0,0.0,0.0,0.1,0.0,0.0,0.1,0.0,0.0,0.0,0.0,0.0,0.0,0.0,0.0,False,50
LOC101928370,0.02,0,0,0,34.5,24.0,35.75,0.0,0.0,0.2,0.0,0.0,0.0,0.0,0.0,0.0,0.0,0.0,0.0,0.1,0.0,0.0,False,50
CD109,0.02,0,0,0,38.0,28.0,36.25,1.0,0.0,0.0,0.05,0.1,0.0,0.05,0.0,0.0,0.0,0.0,0.0,0.0,0.0,0.0,False,50
OCLN,0.02,0,0,0,35.0,29.0,36.25,1.0,0.0,0.0,0.05,0.0,0.0,0.05,0.0,0.1,0.0,0.0,0.0,0.0,0.0,0.0,False,50
LINC00348,0.02,0,0,0,37.0,27.0,36.75,0.0,0.0,0.0,0.0,0.0,0.1,0.0,0.1,0.0,0.0,0.0,0.0,0.0,0.1,0.0,False,50
FTX,0.02,0,0,0,39.5,21.0,37.0,0.75,0.0,0.0,0.0,0.0,0.0,0.15,0.0,0.05,0.0,0.0,0.0,0.0,0.0,0.0,False,50
SNRNP27,0.02,0,0,0,41.5,15.0,37.0,,0.0,0.0,0.0,0.2,0.0,0.0,0.0,0.0,0.0,0.0,0.0,0.0,0.0,0.0,False,50
PCDH9,0.02,0,0,0,39.0,22.0,37.25,0.0,0.0,0.05,0.15,0.0,0.0,0.0,0.0,0.0,0.0,0.0,0.0,0.05,0.0,0.0,False,50
ADAM12,0.02,0,0,0,39.0,31.0,38.25,1.0,0.0,0.0,0.05,0.15,0.0,0.0,0.0,0.0,0.0,0.0,0.0,0.0,0.0,0.0,False,50
SEMA3A,0.02,0,0,0,41.0,23.0,38.25,0.0,0.0,0.0,0.0,0.0,0.1,0.0,0.1,0.0,0.0,0.0,0.0,0.0,0.1,0.0,False,50
SYNE3,0.02,0,0,0,38.0,33.0,38.75,0.25,0.0,0.05,0.0,0.05,0.05,0.05,0.0,0.0,0.0,0.0,0.0,0.0,0.05,0.0,False,50
AIFM2,0.02,0,0,0,39.5,29.0,39.25,0.3333333333333333,0.0,0.0,0.1,0.05,0.0,0.05,0.0,0.0,0.0,0.0,0.0,0.0,0.0,0.0,False,50
KLHL31,0.02,0,0,0,44.5,19.0,39.25,0.0,0.0,0.05,0.05,0.0,0.0,0.05,0.05,0.0,0.0,0.0,0.0,0.0,0.0,0.0,False,50
TMED3,0.02,0,0,0,37.5,32.0,39.25,0.5,0.0,0.0,0.05,0.0,0.0,0.1,0.0,0.05,0.0,0.0,0.0,0.0,0.0,0.0,False,50
FABP4,0.02,0,0,0,40.5,30.0,39.75,0.2857142857142857,0.25,0.0,0.0,0.0,0.0,0.0,0.0,0.1,0.1,0.0,0.0,0.0,0.0,0.25,False,50
PATE1,0.02,0,0,0,37.5,35.0,39.75,0.5,0.0,0.0,0.0,0.0,0.0,0.1,0.1,0.0,0.0,0.0,0.0,0.0,0.0,0.0,False,50
CASQ2,0.02,0,0,0,41.5,31.0,41.0,0.0,0.0,0.0,0.0,0.0,0.05,0.0,0.15,0.0,0.0,0.0,0.0,0.05,0.05,0.0,False,50
RBPMS-AS1,0.02,0,0,0,43.0,29.0,41.0,0.0,0.0,0.1,0.0,0.0,0.0,0.0,0.1,0.0,0.0,0.0,0.0,0.15,0.0,0.0,False,50
LOC100129112,0.02,0,0,0,40.5,37.0,41.75,0.0,0.0,0.0,0.0,0.0,0.15,0.0,0.05,0.0,0.0,0.0,0.0,0.0,0.05,0.0,False,50
PLPP2,0.02,0,0,0,42.5,39.0,41.75,1.0,1.0,0.0,0.0,0.0,0.0,0.0,0.0,0.05,0.15,0.0,0.0,0.0,0.0,1.0,False,50
CRTC2,0.02,0,0,0,42.5,37.0,42.0,1.0,0.0,0.0,0.0,0.0,0.0,0.0,0.0,0.1,0.1,0.0,0.0,0.0,0.0,0.0,False,50
PKNOX2,0.015000000000000003,0,0,0,4.0,4.0,5.666666666666667,0.3333333333333333,0.0,0.0,0.0,0.0,0.05,0.05,0.05,0.0,0.0,0.0,0.0,0.0,0.05,0.0,False,50
NRG1-IT1,0.015000000000000003,0,0,0,4.0,2.0,6.0,1.0,0.0,0.05,0.0,0.05,0.05,0.0,0.0,0.0,0.0,0.0,0.0,0.0,0.1,0.0,False,50
C11orf80,0.015000000000000003,0,0,0,5.0,4.0,7.333333333333333,1.0,0.05,0.0,0.0,0.05,0.0,0.0,0.0,0.05,0.05,0.0,0.0,0.0,0.0,0.05,False,50
ODF2,0.015000000000000003,0,0,0,6.0,6.0,9.0,1.0,0.15,0.0,0.0,0.0,0.0,0.0,0.0,0.05,0.1,0.0,0.0,0.0,0.0,0.15,False,50
ALCAM,0.015000000000000003,0,0,0,7.0,2.0,9.333333333333334,0.5,0.0,0.0,0.0,0.05,0.0,0.1,0.0,0.0,0.0,0.0,0.0,0.0,0.0,0.0,False,50
DIRAS3,0.015000000000000003,0,0,0,12.0,2.0,11.0,0.5,0.0,0.05,0.05,0.05,0.0,0.0,0.0,0.0,0.0,0.0,0.0,0.0,0.0,0.0,False,50
MYH1,0.015000000000000003,0,0,0,10.0,7.0,12.666666666666666,0.0,0.0,0.05,0.0,0.0,0.05,0.0,0.05,0.0,0.0,0.0,0.0,0.05,0.05,0.0,False,50
KIAA0319,0.015000000000000003,0,0,0,11.0,6.0,14.0,0.0,0.0,0.0,0.0,0.0,0.05,0.05,0.05,0.0,0.0,0.0,0.0,0.0,0.05,0.0,False,50
TNFSF11,0.015000000000000003,0,0,0,14.0,4.0,14.0,1.0,0.0,0.0,0.0,0.1,0.05,0.0,0.0,0.0,0.0,0.0,0.0,0.0,0.05,0.0,False,50
LOC101927151,0.015000000000000003,0,0,0,14.0,2.0,15.0,0.3333333333333333,0.0,0.0,0.05,0.0,0.0,0.1,0.0,0.0,0.0,0.0,0.0,0.0,0.0,0.0,False,50
TXNDC11,0.015000000000000003,0,0,0,7.0,4.0,15.333333333333334,1.0,0.0,0.0,0.0,0.0,0.0,0.0,0.0,0.05,0.1,0.0,0.0,0.0,0.0,0.0,False,50
CLDN7,0.015000000000000003,0,0,0,10.0,6.0,15.666666666666666,1.0,0.3,0.0,0.0,0.0,0.0,0.0,0.0,0.0,0.05,0.05,0.05,0.0,0.0,0.3,False,50
C1orf106,0.015000000000000003,0,0,0,14.0,13.0,16.333333333333332,1.0,0.0,0.0,0.0,0.0,0.0,0.0,0.0,0.05,0.0,0.05,0.05,0.0,0.0,0.0,False,50
OR2H4P,0.015000000000000003,0,0,0,2.0,1.0,16.666666666666668,1.0,0.0,0.05,0.0,0.05,0.05,0.0,0.0,0.0,0.0,0.0,0.0,0.0,0.05,0.0,False,50
ZNF300P1,0.015000000000000003,0,0,0,19.0,14.0,17.666666666666668,1.0,0.0,0.0,0.05,0.0,0.0,0.0,0.0,0.0,0.0,0.05,0.05,0.0,0.0,0.0,False,50
RUSC1-AS1,0.015000000000000003,0,0,0,5.0,5.0,18.0,1.0,0.0,0.0,0.0,0.0,0.0,0.0,0.0,0.1,0.05,0.0,0.0,0.0,0.0,0.0,False,50
CFAP44,0.015000000000000003,0,0,0,12.0,9.0,18.333333333333332,1.0,0.4,0.0,0.0,0.0,0.0,0.0,0.0,0.0,0.05,0.05,0.05,0.0,0.0,0.4,False,50
MCM7,0.015000000000000003,0,0,0,12.0,6.0,18.333333333333332,1.0,0.2,0.0,0.0,0.0,0.0,0.0,0.0,0.05,0.1,0.0,0.0,0.0,0.0,0.2,False,50
PHYHIP,0.015000000000000003,0,0,0,8.0,6.0,18.333333333333332,1.0,0.0,0.0,0.0,0.1,0.05,0.0,0.0,0.0,0.0,0.0,0.0,0.0,0.05,0.0,False,50
C2CD3,0.015000000000000003,0,0,0,16.0,8.0,19.0,1.0,0.2,0.0,0.0,0.0,0.0,0.0,0.0,0.05,0.1,0.0,0.0,0.0,0.0,0.2,False,50
CMA1,0.015000000000000003,0,0,0,7.0,5.0,19.333333333333332,1.0,0.0,0.0,0.0,0.0,0.0,0.0,0.0,0.0,0.05,0.05,0.05,0.0,0.0,0.0,False,50
LINC00543,0.015000000000000003,0,0,0,10.0,3.0,19.333333333333332,0.0,0.0,0.1,0.0,0.05,0.0,0.0,0.0,0.0,0.0,0.0,0.0,0.05,0.0,0.0,False,50
EFCAB13,0.015000000000000003,0,0,0,23.0,11.0,19.666666666666668,0.0,0.0,0.0,0.0,0.0,0.05,0.05,0.05,0.0,0.0,0.0,0.0,0.0,0.05,0.0,False,50
PEBP4,0.015000000000000003,0,0,0,20.0,15.0,19.666666666666668,1.0,0.0,0.05,0.0,0.1,0.0,0.0,0.0,0.0,0.0,0.0,0.0,0.0,0.0,0.0,False,50
BICDL2,0.015000000000000003,0,0,0,6.0,5.0,20.0,1.0,0.35,0.0,0.0,0.0,0.0,0.0,0.0,0.05,0.0,0.05,0.05,0.0,0.0,0.35,False,50
BUB1B,0.015000000000000003,0,0,0,15.0,14.0,20.0,1.0,0.0,0.0,0.0,0.0,0.0,0.0,0.0,0.05,0.0,0.05,0.05,0.0,0.0,0.0,False,50
NADSYN1,0.015000000000000003,0,0,0,11.0,10.0,20.0,0.5,0.0,0.0,0.05,0.0,0.0,0.05,0.0,0.0,0.05,0.0,0.0,0.0,0.0,0.0,False,50
CEP170B,0.015000000000000003,0,0,0,22.0,15.0,20.666666666666668,0.5,0.0,0.0,0.0,0.0,0.0,0.05,0.0,0.0,0.0,0.05,0.05,0.0,0.0,0.0,False,50
COL10A1,0.015000000000000003,0,0,0,13.0,7.0,20.666666666666668,0.8,0.1,0.0,0.1,0.0,0.0,0.0,0.0,0.05,0.0,0.0,0.0,0.0,0.0,0.1,False,50
FAM228B,0.015000000000000003,0,0,0,23.0,13.0,21.0,1.0,0.0,0.0,0.0,0.0,0.0,0.0,0.0,0.05,0.1,0.0,0.0,0.0,0.0,0.0,False,50
TFAP2A,0.015000000000000003,0,0,0,9.0,8.0,21.0,1.0,0.0,0.0,0.0,0.0,0.0,0.0,0.0,0.1,0.05,0.0,0.0,0.0,0.0,0.0,False,50
DXO,0.015000000000000003,0,0,0,10.0,8.0,21.333333333333332,1.0,0.0,0.0,0.0,0.0,0.0,0.0,0.0,0.0,0.05,0.05,0.05,0.0,0.0,0.0,False,50
LOC101927066,0.015000000000000003,0,0,0,11.0,8.0,21.333333333333332,0.0,0.0,0.1,0.0,0.05,0.0,0.0,0.0,0.0,0.0,0.0,0.0,0.1,0.0,0.0,False,50
MARK2,0.015000000000000003,0,0,0,23.0,4.0,21.333333333333332,1.0,0.0,0.0,0.0,0.0,0.0,0.0,0.0,0.1,0.05,0.0,0.0,0.0,0.0,0.0,False,50
ZXDC,0.015000000000000003,0,0,0,9.0,6.0,21.333333333333332,1.0,0.0,0.0,0.0,0.0,0.0,0.0,0.0,0.05,0.1,0.0,0.0,0.0,0.0,0.0,False,50
PTENP1,0.015000000000000003,0,0,0,22.0,18.0,21.666666666666668,0.0,0.0,0.1,0.0,0.05,0.0,0.0,0.0,0.0,0.0,0.0,0.0,0.1,0.0,0.0,False,50
TRBV16,0.015000000000000003,0,0,0,8.0,7.0,21.666666666666668,0.0,0.0,0.0,0.0,0.0,0.1,0.0,0.05,0.0,0.0,0.0,0.0,0.0,0.05,0.0,False,50
FAM193A,0.015000000000000003,0,0,0,17.0,16.0,22.0,1.0,0.0,0.0,0.0,0.0,0.0,0.0,0.0,0.0,0.05,0.05,0.05,0.0,0.0,0.0,False,50
RPS6KB2,0.015000000000000003,0,0,0,20.0,8.0,22.0,1.0,0.0,0.0,0.0,0.0,0.0,0.0,0.0,0.05,0.1,0.0,0.0,0.0,0.0,0.0,False,50
AOC4P,0.015000000000000003,0,0,0,22.0,14.0,22.333333333333332,0.0,0.0,0.0,0.0,0.1,0.0,0.05,0.0,0.0,0.0,0.0,0.0,0.0,0.05,0.0,False,50
WDR5,0.015000000000000003,0,0,0,12.0,10.0,22.333333333333332,1.0,0.0,0.0,0.0,0.0,0.0,0.0,0.0,0.05,0.1,0.0,0.0,0.0,0.0,0.0,False,50
ROGDI,0.015000000000000003,0,0,0,13.0,12.0,22.666666666666668,1.0,0.0,0.0,0.0,0.0,0.0,0.0,0.0,0.05,0.1,0.0,0.0,0.0,0.0,0.0,False,50
ARHGEF40,0.015000000000000003,0,0,0,21.0,21.0,23.333333333333332,1.0,0.0,0.0,0.0,0.0,0.0,0.0,0.0,0.05,0.0,0.05,0.05,0.0,0.0,0.0,False,50
SFRP5,0.015000000000000003,0,0,0,15.0,14.0,23.333333333333332,0.0,0.0,0.05,0.05,0.0,0.0,0.05,0.0,0.0,0.0,0.0,0.0,0.0,0.0,0.0,False,50
KIF11,0.015000000000000003,0,0,0,29.0,9.0,23.666666666666668,1.0,0.05,0.0,0.0,0.0,0.0,0.0,0.0,0.1,0.05,0.0,0.0,0.0,0.0,0.05,False,50
LRRC56,0.015000000000000003,0,0,0,26.0,13.0,23.666666666666668,0.3333333333333333,0.0,0.0,0.05,0.0,0.0,0.1,0.0,0.0,0.0,0.0,0.0,0.0,0.0,0.0,False,50
C8orf88,0.015000000000000003,0,0,0,18.0,18.0,24.0,1.0,0.0,0.0,0.0,0.0,0.0,0.0,0.0,0.05,0.0,0.05,0.05,0.0,0.0,0.0,False,50
SLC26A11,0.015000000000000003,0,0,0,17.0,16.0,24.666666666666668,1.0,0.0,0.0,0.0,0.0,0.0,0.0,0.0,0.0,0.05,0.05,0.05,0.0,0.0,0.0,False,50
CLDND2,0.015000000000000003,0,0,0,19.0,15.0,25.333333333333332,0.0,0.0,0.1,0.0,0.05,0.0,0.0,0.0,0.0,0.0,0.0,0.0,0.1,0.0,0.0,False,50
SPATA13,0.015000000000000003,0,0,0,20.0,20.0,25.333333333333332,0.5,0.0,0.0,0.0,0.0,0.0,0.05,0.0,0.0,0.0,0.05,0.05,0.0,0.0,0.0,False,50
AGPAT5,0.015000000000000003,0,0,0,34.0,5.0,25.666666666666668,0.6666666666666666,0.0,0.0,0.1,0.0,0.0,0.05,0.0,0.0,0.0,0.0,0.0,0.0,0.0,0.0,False,50
CDH1,0.015000000000000003,0,0,0,14.0,13.0,25.666666666666668,1.0,0.0,0.0,0.0,0.0,0.0,0.0,0.0,0.0,0.05,0.05,0.05,0.0,0.0,0.0,False,50
SLC9A1,0.015000000000000003,0,0,0,22.0,20.0,25.666666666666668,1.0,0.0,0.0,0.0,0.0,0.0,0.0,0.0,0.0,0.05,0.05,0.05,0.0,0.0,0.0,False,50
TMEM67,0.015000000000000003,0,0,0,26.0,24.0,25.666666666666668,0.5,0.0,0.0,0.0,0.0,0.0,0.05,0.0,0.0,0.0,0.05,0.05,0.0,0.0,0.0,False,50
CCDC18-AS1,0.015000000000000003,0,0,0,17.0,16.0,26.666666666666668,1.0,0.0,0.0,0.0,0.0,0.0,0.0,0.0,0.05,0.0,0.05,0.05,0.0,0.0,0.0,False,50
FAM99B,0.015000000000000003,0,0,0,20.0,20.0,26.666666666666668,0.0,0.0,0.0,0.0,0.0,0.05,0.05,0.05,0.0,0.0,0.0,0.0,0.0,0.05,0.0,False,50
FRK,0.015000000000000003,0,0,0,26.0,26.0,26.666666666666668,0.5,0.0,0.0,0.05,0.0,0.0,0.0,0.0,0.0,0.0,0.05,0.05,0.0,0.0,0.0,False,50
FZD2,0.015000000000000003,0,0,0,24.0,20.0,26.666666666666668,0.3333333333333333,0.0,0.0,0.05,0.0,0.0,0.1,0.0,0.0,0.0,0.0,0.0,0.0,0.0,0.0,False,50
PROM2,0.015000000000000003,0,0,0,17.0,17.0,26.666666666666668,1.0,0.0,0.0,0.0,0.0,0.0,0.0,0.0,0.1,0.05,0.0,0.0,0.0,0.0,0.0,False,50
CFL1,0.015000000000000003,0,0,0,26.0,23.0,27.0,1.0,0.0,0.0,0.0,0.0,0.0,0.0,0.0,0.05,0.0,0.05,0.05,0.0,0.0,0.0,False,50
IQCH,0.015000000000000003,0,0,0,35.0,7.0,27.0,1.0,0.0,0.0,0.05,0.1,0.0,0.0,0.0,0.0,0.0,0.0,0.0,0.0,0.05,0.0,False,50
CUTA,0.015000000000000003,0,0,0,25.0,25.0,27.333333333333332,1.0,0.0,0.0,0.0,0.0,0.0,0.0,0.0,0.05,0.0,0.05,0.05,0.0,0.0,0.0,False,50
ADGRL3,0.015000000000000003,0,0,0,19.0,15.0,27.666666666666668,0.3333333333333333,0.0,0.05,0.1,0.0,0.0,0.0,0.0,0.0,0.0,0.0,0.0,0.0,0.0,0.0,False,50
CHURC1,0.015000000000000003,0,0,0,19.0,17.0,27.666666666666668,1.0,0.0,0.0,0.05,0.0,0.0,0.0,0.0,0.0,0.0,0.05,0.05,0.0,0.0,0.0,False,50
ABI2,0.015000000000000003,0,0,0,28.0,25.0,28.0,0.3333333333333333,0.0,0.0,0.05,0.0,0.0,0.1,0.0,0.0,0.0,0.0,0.0,0.0,0.0,0.0,False,50
ANGPTL4,0.015000000000000003,0,0,0,19.0,18.0,28.333333333333332,0.16666666666666666,0.25,0.0,0.0,0.0,0.0,0.0,0.0,0.0,0.05,0.05,0.05,0.0,0.0,0.25,False,50
CCNB1,0.015000000000000003,0,0,0,23.0,21.0,28.333333333333332,1.0,0.1,0.0,0.0,0.0,0.0,0.0,0.0,0.05,0.1,0.0,0.0,0.0,0.0,0.1,False,50
GNG11,0.015000000000000003,0,0,0,29.0,29.0,29.333333333333332,1.0,0.0,0.0,0.0,0.0,0.0,0.0,0.0,0.1,0.05,0.0,0.0,0.0,0.0,0.0,False,50
KL,0.015000000000000003,0,0,0,26.0,18.0,29.333333333333332,0.0,0.0,0.0,0.0,0.0,0.05,0.05,0.05,0.0,0.0,0.0,0.0,0.0,0.05,0.0,False,50
TRRAP,0.015000000000000003,0,0,0,22.0,22.0,29.333333333333332,1.0,0.0,0.0,0.0,0.0,0.0,0.0,0.0,0.05,0.0,0.05,0.05,0.0,0.0,0.0,False,50
GCNT1,0.015000000000000003,0,0,0,36.0,13.0,29.666666666666668,0.3333333333333333,0.0,0.0,0.1,0.0,0.0,0.05,0.0,0.0,0.0,0.0,0.0,0.0,0.0,0.0,False,50
GPC3,0.015000000000000003,0,0,0,35.0,5.0,29.666666666666668,0.6666666666666666,0.0,0.05,0.05,0.0,0.0,0.05,0.0,0.0,0.0,0.0,0.0,0.0,0.0,0.0,False,50
PIK3R3,0.015000000000000003,0,0,0,25.0,17.0,29.666666666666668,1.0,0.0,0.0,0.0,0.0,0.0,0.0,0.0,0.05,0.1,0.0,0.0,0.0,0.0,0.0,False,50
RAD9A,0.015000000000000003,0,0,0,24.0,19.0,29.666666666666668,1.0,0.25,0.0,0.0,0.0,0.0,0.0,0.0,0.05,0.1,0.0,0.0,0.0,0.0,0.25,False,50
RDH5,0.015000000000000003,0,0,0,24.0,20.0,29.666666666666668,0.0,0.0,0.0,0.1,0.0,0.0,0.05,0.0,0.0,0.0,0.0,0.0,0.0,0.0,0.0,False,50
TRIM25,0.015000000000000003,0,0,0,25.0,22.0,29.666666666666668,1.0,0.0,0.0,0.0,0.0,0.0,0.0,0.0,0.05,0.1,0.0,0.0,0.0,0.0,0.0,False,50
VARS,0.015000000000000003,0,0,0,26.0,17.0,29.666666666666668,1.0,0.0,0.0,0.0,0.0,0.0,0.0,0.0,0.05,0.1,0.0,0.0,0.0,0.0,0.0,False,50
SLC26A6,0.015000000000000003,0,0,0,28.0,18.0,30.0,1.0,0.0,0.0,0.0,0.0,0.0,0.0,0.0,0.05,0.1,0.0,0.0,0.0,0.0,0.0,False,50
PDRG1,0.015000000000000003,0,0,0,29.0,20.0,30.333333333333332,1.0,0.0,0.0,0.0,0.0,0.0,0.0,0.0,0.1,0.05,0.0,0.0,0.0,0.0,0.0,False,50
MARK1,0.015000000000000003,0,0,0,31.0,19.0,30.666666666666668,0.0,0.0,0.0,0.1,0.0,0.0,0.05,0.0,0.0,0.0,0.0,0.0,0.0,0.0,0.0,False,50
HCAR3,0.015000000000000003,0,0,0,33.0,15.0,31.0,0.6666666666666666,0.0,0.0,0.05,0.0,0.0,0.1,0.0,0.0,0.0,0.0,0.0,0.0,0.0,0.0,False,50
IPO9,0.015000000000000003,0,0,0,24.0,24.0,31.0,1.0,0.0,0.0,0.0,0.0,0.0,0.0,0.0,0.0,0.05,0.05,0.05,0.0,0.0,0.0,False,50
LINC01242,0.015000000000000003,0,0,0,26.0,24.0,31.0,1.0,0.0,0.0,0.0,0.0,0.0,0.0,0.0,0.05,0.0,0.05,0.05,0.0,0.0,0.0,False,50
SYNGR2,0.015000000000000003,0,0,0,24.0,23.0,31.0,1.0,0.0,0.0,0.0,0.0,0.0,0.0,0.0,0.0,0.05,0.05,0.05,0.0,0.0,0.0,False,50
ZBTB7C,0.015000000000000003,0,0,0,27.0,25.0,31.0,1.0,0.0,0.0,0.05,0.1,0.0,0.0,0.0,0.0,0.0,0.0,0.0,0.0,0.0,0.0,False,50
LCMT1,0.015000000000000003,0,0,0,32.0,20.0,31.666666666666668,1.0,0.2,0.0,0.0,0.0,0.0,0.0,0.0,0.05,0.1,0.0,0.0,0.0,0.0,0.2,False,50
ATG16L1,0.015000000000000003,0,0,0,28.0,23.0,32.333333333333336,1.0,0.0,0.0,0.0,0.0,0.0,0.0,0.0,0.0,0.05,0.05,0.05,0.0,0.0,0.0,False,50
CCDC85A,0.015000000000000003,0,0,0,30.0,28.0,32.333333333333336,0.0,0.0,0.0,0.0,0.0,0.1,0.0,0.05,0.0,0.0,0.0,0.0,0.0,0.05,0.0,False,50
LOC100272216,0.015000000000000003,0,0,0,30.0,30.0,32.333333333333336,0.75,0.05,0.0,0.05,0.0,0.0,0.0,0.0,0.1,0.0,0.0,0.0,0.0,0.0,0.05,False,50
CD9,0.015000000000000003,0,0,0,26.0,26.0,33.333333333333336,1.0,0.0,0.0,0.0,0.0,0.0,0.0,0.0,0.0,0.05,0.05,0.05,0.0,0.0,0.0,False,50
PTGFRN,0.015000000000000003,0,0,0,30.0,23.0,33.333333333333336,0.5,0.0,0.0,0.05,0.0,0.0,0.05,0.0,0.0,0.05,0.0,0.0,0.0,0.0,0.0,False,50
PGBD5,0.015000000000000003,0,0,0,35.0,25.0,33.666666666666664,1.0,0.0,0.0,0.0,0.1,0.0,0.05,0.0,0.0,0.0,0.0,0.0,0.0,0.05,0.0,False,50
VTI1B,0.015000000000000003,0,0,0,39.0,27.0,35.666666666666664,1.0,0.0,0.0,0.05,0.05,0.0,0.0,0.0,0.05,0.0,0.0,0.0,0.0,0.0,0.0,False,50
PRR26,0.015000000000000003,0,0,0,39.0,20.0,36.333333333333336,0.0,0.0,0.1,0.0,0.05,0.0,0.0,0.0,0.0,0.0,0.0,0.0,0.05,0.0,0.0,False,50
ALDOC,0.015000000000000003,0,0,0,45.0,19.0,36.666666666666664,0.0,0.0,0.0,0.1,0.0,0.0,0.05,0.0,0.0,0.0,0.0,0.0,0.0,0.0,0.0,False,50
FAM110A,0.015000000000000003,0,0,0,36.0,25.0,36.666666666666664,1.0,0.0,0.0,0.0,0.0,0.0,0.0,0.0,0.1,0.05,0.0,0.0,0.0,0.0,0.0,False,50
ITGA8,0.015000000000000003,0,0,0,42.0,21.0,36.666666666666664,0.0,0.0,0.0,0.05,0.1,0.0,0.0,0.0,0.0,0.0,0.0,0.0,0.0,0.0,0.0,False,50
MAN1B1,0.015000000000000003,0,0,0,42.0,22.0,37.0,1.0,0.0,0.0,0.0,0.0,0.0,0.0,0.0,0.05,0.1,0.0,0.0,0.0,0.0,0.0,False,50
RALGPS1,0.015000000000000003,0,0,0,41.0,24.0,37.0,1.0,0.25,0.0,0.0,0.0,0.0,0.0,0.0,0.05,0.1,0.0,0.0,0.0,0.0,0.25,False,50
SUCNR1,0.015000000000000003,0,0,0,40.0,26.0,37.0,1.0,0.0,0.0,0.0,0.0,0.0,0.0,0.0,0.05,0.1,0.0,0.0,0.0,0.0,0.0,False,50
ALPK3,0.015000000000000003,0,0,0,37.0,28.0,37.333333333333336,0.0,0.0,0.05,0.0,0.1,0.0,0.0,0.0,0.0,0.0,0.0,0.0,0.0,0.0,0.0,False,50
OVOL1,0.015000000000000003,0,0,0,40.0,36.0,40.0,1.0,0.35,0.0,0.0,0.0,0.0,0.0,0.0,0.05,0.1,0.0,0.0,0.0,0.0,0.35,False,50
LINC01082,0.015000000000000003,0,0,0,40.0,40.0,40.333333333333336,0.0,0.0,0.0,0.0,0.0,0.05,0.0,0.1,0.0,0.0,0.0,0.0,0.0,0.05,0.0,False,50
ANGPT1,0.015000000000000003,0,0,0,41.0,37.0,41.0,0.0,0.0,0.05,0.0,0.0,0.0,0.0,0.1,0.0,0.0,0.0,0.0,0.1,0.0,0.0,False,50
SYN2,0.015000000000000003,0,0,0,45.0,32.0,41.0,0.5,0.0,0.0,0.0,0.0,0.05,0.05,0.05,0.0,0.0,0.0,0.0,0.0,0.0,0.0,False,50
TMEM30B,0.015000000000000003,0,0,0,43.0,35.0,42.0,1.0,0.0,0.0,0.0,0.0,0.0,0.0,0.0,0.05,0.1,0.0,0.0,0.0,0.0,0.0,False,50
ACER2,0.015000000000000003,0,0,0,48.0,31.0,42.333333333333336,0.6666666666666666,0.0,0.0,0.1,0.0,0.0,0.05,0.0,0.0,0.0,0.0,0.0,0.0,0.0,0.0,False,50
RBMS3-AS3,0.015000000000000003,0,0,0,43.0,37.0,42.666666666666664,0.2,0.0,0.05,0.0,0.0,0.05,0.0,0.0,0.05,0.0,0.0,0.0,0.05,0.05,0.0,False,50
TPD52,0.015000000000000003,0,0,0,45.0,40.0,44.0,1.0,0.0,0.0,0.0,0.0,0.0,0.05,0.0,0.05,0.05,0.0,0.0,0.0,0.0,0.0,False,50
KDM4B,0.015000000000000003,0,0,0,43.0,42.0,45.0,1.0,0.0,0.0,0.05,0.0,0.0,0.1,0.0,0.0,0.0,0.0,0.0,0.0,0.0,0.0,False,50
IDI1,0.015,0,0,0,2.0,1.0,14.666666666666666,0.6666666666666666,0.0,0.0,0.15,0.0,0.0,0.0,0.0,0.0,0.0,0.0,0.0,0.0,0.0,0.0,False,50
LINC01004,0.015,0,0,0,13.0,4.0,15.333333333333334,0.3333333333333333,0.0,0.0,0.15,0.0,0.0,0.0,0.0,0.0,0.0,0.0,0.0,0.0,0.0,0.0,False,50
MILR1,0.015,0,0,0,18.0,10.0,17.0,,0.0,0.0,0.0,0.15,0.0,0.0,0.0,0.0,0.0,0.0,0.0,0.0,0.0,0.0,False,50
MARVELD2,0.015,0,0,0,16.0,13.0,20.0,1.0,0.0,0.0,0.0,0.0,0.0,0.15,0.0,0.0,0.0,0.0,0.0,0.0,0.0,0.0,False,50
SOX5,0.015,0,0,0,21.0,16.0,22.666666666666668,0.3333333333333333,0.0,0.0,0.0,0.0,0.0,0.15,0.0,0.0,0.0,0.0,0.0,0.0,0.0,0.0,False,50
MGARP,0.015,0,0,0,25.0,10.0,24.333333333333332,1.0,0.0,0.0,0.0,0.15,0.0,0.0,0.0,0.0,0.0,0.0,0.0,0.0,0.05,0.0,False,50
TREML1,0.015,0,0,0,30.0,12.0,24.666666666666668,,0.0,0.0,0.0,0.15,0.0,0.0,0.0,0.0,0.0,0.0,0.0,0.0,0.0,0.0,False,50
ADGRE2,0.015,0,0,0,24.0,19.0,25.333333333333332,,0.0,0.0,0.0,0.15,0.0,0.0,0.0,0.0,0.0,0.0,0.0,0.0,0.0,0.0,False,50
RIN3,0.015,0,0,0,28.0,7.0,26.333333333333332,,0.0,0.0,0.0,0.15,0.0,0.0,0.0,0.0,0.0,0.0,0.0,0.0,0.0,0.0,False,50
LYPD6,0.015,0,0,0,30.0,21.0,28.666666666666668,,0.0,0.0,0.0,0.15,0.0,0.0,0.0,0.0,0.0,0.0,0.0,0.0,0.0,0.0,False,50
PLCB2,0.015,0,0,0,28.0,27.0,29.0,,0.0,0.0,0.0,0.15,0.0,0.0,0.0,0.0,0.0,0.0,0.0,0.0,0.0,0.0,False,50
MGC16275,0.015,0,0,0,40.0,3.0,31.0,,0.0,0.0,0.0,0.15,0.0,0.0,0.0,0.0,0.0,0.0,0.0,0.0,0.0,0.0,False,50
TNAP,0.015,0,0,0,26.0,25.0,31.333333333333332,,0.0,0.0,0.0,0.15,0.0,0.0,0.0,0.0,0.0,0.0,0.0,0.0,0.0,0.0,False,50
LOC101928716,0.015,0,0,0,39.0,19.0,33.0,,0.0,0.0,0.0,0.15,0.0,0.0,0.0,0.0,0.0,0.0,0.0,0.0,0.0,0.0,False,50
LOC101927929,0.015,0,0,0,40.0,19.0,33.333333333333336,,0.0,0.0,0.0,0.15,0.0,0.0,0.0,0.0,0.0,0.0,0.0,0.0,0.0,0.0,False,50
CHTOP,0.015,0,0,0,36.0,34.0,35.666666666666664,,0.0,0.0,0.0,0.0,0.0,0.0,0.0,0.0,0.15,0.0,0.0,0.0,0.0,0.0,False,50
XRCC4,0.015,0,0,0,38.0,27.0,35.666666666666664,0.2,0.0,0.0,0.0,0.0,0.0,0.15,0.0,0.0,0.0,0.0,0.0,0.0,0.1,0.0,False,50
RWDD1,0.015,0,0,0,35.0,26.0,37.0,,0.0,0.0,0.0,0.0,0.0,0.0,0.0,0.0,0.15,0.0,0.0,0.0,0.0,0.0,False,50
IDH3A,0.015,0,0,0,41.0,29.0,37.666666666666664,,0.0,0.0,0.0,0.15,0.0,0.0,0.0,0.0,0.0,0.0,0.0,0.0,0.0,0.0,False,50
XPNPEP2,0.015,0,0,0,38.0,36.0,38.666666666666664,1.0,0.0,0.0,0.0,0.15,0.0,0.0,0.0,0.0,0.0,0.0,0.0,0.0,0.05,0.0,False,50
PLEKHA4,0.015,0,0,0,45.0,26.0,39.666666666666664,,0.0,0.0,0.0,0.15,0.0,0.0,0.0,0.0,0.0,0.0,0.0,0.0,0.0,0.0,False,50
TK1,0.01,0,0,0,1.5,1.0,1.5,1.0,0.0,0.0,0.0,0.0,0.0,0.0,0.0,0.05,0.05,0.0,0.0,0.0,0.0,0.0,False,50
VSTM4,0.01,0,0,0,1.5,1.0,1.5,1.0,0.0,0.0,0.0,0.0,0.0,0.0,0.0,0.05,0.05,0.0,0.0,0.0,0.0,0.0,False,50
C2orf15,0.01,0,0,0,2.0,1.0,2.0,0.5,0.0,0.05,0.05,0.0,0.0,0.0,0.0,0.0,0.0,0.0,0.0,0.0,0.0,0.0,False,50
POMP,0.01,0,0,0,2.0,2.0,2.0,0.5,0.05,0.0,0.0,0.0,0.0,0.0,0.0,0.05,0.05,0.0,0.0,0.0,0.0,0.05,False,50
RELN,0.01,0,0,0,3.0,3.0,3.0,1.0,0.0,0.05,0.05,0.0,0.0,0.0,0.0,0.0,0.0,0.0,0.0,0.0,0.0,0.0,False,50
ZNF48,0.01,0,0,0,3.5,3.0,3.5,1.0,0.05,0.0,0.0,0.0,0.0,0.0,0.0,0.05,0.05,0.0,0.0,0.0,0.0,0.05,False,50
AADAC,0.01,0,0,0,4.0,4.0,4.0,1.0,0.0,0.0,0.0,0.0,0.0,0.0,0.0,0.0,0.0,0.05,0.05,0.0,0.0,0.0,False,50
LOC101926960,0.01,0,0,0,4.5,4.0,4.5,1.0,0.0,0.0,0.0,0.0,0.0,0.0,0.0,0.05,0.05,0.0,0.0,0.0,0.0,0.0,False,50
C19orf66,0.01,0,0,0,5.5,5.0,5.5,1.0,0.05,0.0,0.0,0.0,0.0,0.0,0.0,0.05,0.05,0.0,0.0,0.0,0.0,0.05,False,50
C6orf132,0.01,0,0,0,6.0,6.0,6.0,1.0,0.0,0.0,0.0,0.0,0.0,0.0,0.0,0.0,0.0,0.05,0.05,0.0,0.0,0.0,False,50
SOGA1,0.01,0,0,0,6.5,3.0,6.5,1.0,0.0,0.0,0.0,0.0,0.0,0.0,0.0,0.05,0.05,0.0,0.0,0.0,0.0,0.0,False,50
ABHD11,0.01,0,0,0,7.0,7.0,7.0,1.0,0.0,0.0,0.0,0.0,0.0,0.0,0.0,0.0,0.0,0.05,0.05,0.0,0.0,0.0,False,50
CYP4B1,0.01,0,0,0,7.0,4.0,7.0,0.5,0.0,0.0,0.1,0.0,0.0,0.0,0.0,0.0,0.0,0.0,0.0,0.0,0.0,0.0,False,50
VGLL4,0.01,0,0,0,7.0,5.0,7.0,1.0,0.0,0.0,0.1,0.0,0.0,0.0,0.0,0.0,0.0,0.0,0.0,0.0,0.0,0.0,False,50
ADGRG4,0.01,0,0,0,7.5,7.0,7.5,1.0,0.0,0.0,0.0,0.0,0.0,0.0,0.0,0.0,0.0,0.05,0.05,0.0,0.0,0.0,False,50
CDK20,0.01,0,0,0,7.5,6.0,7.5,1.0,0.0,0.0,0.0,0.0,0.0,0.0,0.0,0.0,0.0,0.05,0.05,0.0,0.0,0.0,False,50
CSTL1,0.01,0,0,0,8.0,8.0,8.0,1.0,0.0,0.0,0.0,0.1,0.0,0.0,0.0,0.0,0.0,0.0,0.0,0.0,0.15,0.0,False,50
ABCC5,0.01,0,0,0,8.5,7.0,8.5,1.0,0.05,0.0,0.0,0.0,0.0,0.0,0.0,0.0,0.0,0.05,0.05,0.0,0.0,0.05,False,50
BVES-AS1,0.01,0,0,0,8.5,7.0,8.5,0.0,0.0,0.0,0.0,0.0,0.05,0.0,0.05,0.0,0.0,0.0,0.0,0.0,0.05,0.0,False,50
FAM60A,0.01,0,0,0,8.5,8.0,8.5,1.0,0.1,0.0,0.0,0.0,0.0,0.0,0.0,0.0,0.0,0.05,0.05,0.0,0.0,0.1,False,50
WNT9B,0.01,0,0,0,8.5,1.0,8.5,0.0,0.0,0.05,0.0,0.05,0.0,0.0,0.0,0.0,0.0,0.0,0.0,0.1,0.0,0.0,False,50
PEX11B,0.01,0,0,0,9.0,8.0,9.0,1.0,0.0,0.0,0.0,0.0,0.0,0.0,0.0,0.05,0.05,0.0,0.0,0.0,0.0,0.0,False,50
ADGRG7,0.01,0,0,0,9.5,1.0,9.5,,0.0,0.0,0.0,0.1,0.0,0.0,0.0,0.0,0.0,0.0,0.0,0.0,0.0,0.0,False,50
LOC101927159,0.01,0,0,0,10.0,3.0,10.0,0.0,0.0,0.05,0.0,0.05,0.0,0.0,0.0,0.0,0.0,0.0,0.0,0.05,0.0,0.0,False,50
LYRM7,0.01,0,0,0,10.0,10.0,10.0,1.0,0.0,0.0,0.0,0.0,0.0,0.0,0.0,0.05,0.05,0.0,0.0,0.0,0.0,0.0,False,50
HADH,0.01,0,0,0,10.5,5.0,10.5,,0.0,0.0,0.0,0.1,0.0,0.0,0.0,0.0,0.0,0.0,0.0,0.0,0.0,0.0,False,50
MORF4L2-AS1,0.01,0,0,0,10.5,10.0,10.5,0.5,0.0,0.05,0.05,0.0,0.0,0.0,0.0,0.0,0.0,0.0,0.0,0.0,0.0,0.0,False,50
ADH1B,0.01,0,0,0,11.5,11.0,11.5,1.0,0.0,0.0,0.0,0.0,0.0,0.0,0.0,0.0,0.0,0.05,0.05,0.0,0.0,0.0,False,50
C20orf173,0.01,0,0,0,11.5,2.0,11.5,,0.0,0.0,0.0,0.1,0.0,0.0,0.0,0.0,0.0,0.0,0.0,0.0,0.0,0.0,False,50
CBFA2T2,0.01,0,0,0,11.5,8.0,11.5,1.0,0.0,0.0,0.0,0.0,0.0,0.0,0.0,0.05,0.05,0.0,0.0,0.0,0.0,0.0,False,50
ELAVL1,0.01,0,0,0,11.5,11.0,11.5,1.0,0.0,0.0,0.0,0.0,0.0,0.0,0.0,0.0,0.0,0.05,0.05,0.0,0.0,0.0,False,50
ZEB2,0.01,0,0,0,11.5,10.0,11.5,1.0,0.0,0.0,0.0,0.0,0.0,0.0,0.0,0.05,0.05,0.0,0.0,0.0,0.0,0.0,False,50
SERINC2,0.01,0,0,0,12.0,9.0,12.0,1.0,0.25,0.0,0.0,0.0,0.0,0.0,0.0,0.05,0.05,0.0,0.0,0.0,0.0,0.25,False,50
DSG4,0.01,0,0,0,12.5,2.0,12.5,0.0,0.0,0.05,0.0,0.05,0.0,0.0,0.0,0.0,0.0,0.0,0.0,0.05,0.0,0.0,False,50
PPP2R2B,0.01,0,0,0,12.5,12.0,12.5,1.0,0.0,0.05,0.05,0.0,0.0,0.0,0.0,0.0,0.0,0.0,0.0,0.0,0.0,0.0,False,50
ADGRF3,0.01,0,0,0,13.0,12.0,13.0,1.0,0.0,0.0,0.0,0.0,0.0,0.0,0.0,0.0,0.0,0.05,0.05,0.0,0.0,0.0,False,50
FOXO6,0.01,0,0,0,13.0,13.0,13.0,1.0,0.0,0.0,0.0,0.0,0.0,0.0,0.0,0.0,0.0,0.05,0.05,0.0,0.0,0.0,False,50
LOC101928731,0.01,0,0,0,13.0,1.0,13.0,1.0,0.0,0.05,0.0,0.0,0.05,0.0,0.0,0.0,0.0,0.0,0.0,0.0,0.05,0.0,False,50
PARD6B,0.01,0,0,0,13.0,12.0,13.0,1.0,0.05,0.0,0.0,0.0,0.0,0.0,0.0,0.05,0.05,0.0,0.0,0.0,0.0,0.05,False,50
UBE2L3,0.01,0,0,0,13.0,12.0,13.0,0.0,0.0,0.0,0.05,0.05,0.0,0.0,0.0,0.0,0.0,0.0,0.0,0.0,0.0,0.0,False,50
RDH13,0.01,0,0,0,13.5,10.0,13.5,1.0,0.4,0.0,0.0,0.0,0.0,0.0,0.0,0.05,0.05,0.0,0.0,0.0,0.0,0.4,False,50
CAD,0.01,0,0,0,14.0,13.0,14.0,1.0,0.0,0.0,0.0,0.0,0.0,0.0,0.0,0.0,0.0,0.05,0.05,0.0,0.0,0.0,False,50
CLDN5,0.01,0,0,0,14.0,14.0,14.0,0.3333333333333333,0.1,0.0,0.0,0.0,0.0,0.0,0.0,0.0,0.0,0.05,0.05,0.0,0.0,0.1,False,50
NAT10,0.01,0,0,0,14.0,9.0,14.0,1.0,0.0,0.0,0.0,0.0,0.0,0.0,0.0,0.05,0.05,0.0,0.0,0.0,0.0,0.0,False,50
RAPSN,0.01,0,0,0,14.0,13.0,14.0,1.0,0.0,0.0,0.0,0.1,0.0,0.0,0.0,0.0,0.0,0.0,0.0,0.0,0.05,0.0,False,50
SPINT1,0.01,0,0,0,14.0,7.0,14.0,1.0,0.05,0.0,0.0,0.0,0.0,0.0,0.0,0.05,0.05,0.0,0.0,0.0,0.0,0.05,False,50
ARHGEF15,0.01,0,0,0,14.5,14.0,14.5,1.0,0.0,0.0,0.0,0.0,0.0,0.0,0.0,0.0,0.0,0.05,0.05,0.0,0.0,0.0,False,50
CHML,0.01,0,0,0,14.5,14.0,14.5,1.0,0.0,0.0,0.0,0.0,0.0,0.0,0.0,0.0,0.0,0.05,0.05,0.0,0.0,0.0,False,50
IL5,0.01,0,0,0,14.5,4.0,14.5,,0.0,0.0,0.0,0.1,0.0,0.0,0.0,0.0,0.0,0.0,0.0,0.0,0.0,0.0,False,50
LOC285627,0.01,0,0,0,14.5,11.0,14.5,,0.0,0.0,0.0,0.1,0.0,0.0,0.0,0.0,0.0,0.0,0.0,0.0,0.0,0.0,False,50
SLC25A39,0.01,0,0,0,14.5,8.0,14.5,1.0,0.0,0.0,0.0,0.0,0.0,0.0,0.0,0.05,0.05,0.0,0.0,0.0,0.0,0.0,False,50
CLEC4D,0.01,0,0,0,15.0,13.0,15.0,,0.0,0.0,0.0,0.1,0.0,0.0,0.0,0.0,0.0,0.0,0.0,0.0,0.0,0.0,False,50
MAOA,0.01,0,0,0,15.0,9.0,15.0,1.0,0.0,0.0,0.1,0.0,0.0,0.0,0.0,0.0,0.0,0.0,0.0,0.0,0.0,0.0,False,50
MAPK10,0.01,0,0,0,15.0,3.0,15.0,0.5,0.0,0.05,0.05,0.0,0.0,0.0,0.0,0.0,0.0,0.0,0.0,0.0,0.0,0.0,False,50
MIR205,0.01,0,0,0,15.0,14.0,15.0,0.5,0.0,0.05,0.05,0.0,0.0,0.0,0.0,0.0,0.0,0.0,0.0,0.0,0.0,0.0,False,50
TCF3,0.01,0,0,0,15.0,15.0,15.0,1.0,0.0,0.0,0.0,0.0,0.0,0.0,0.0,0.0,0.0,0.05,0.05,0.0,0.0,0.0,False,50
C21orf62,0.01,0,0,0,15.5,9.0,15.5,0.0,0.0,0.05,0.05,0.0,0.0,0.0,0.0,0.0,0.0,0.0,0.0,0.0,0.0,0.0,False,50
LMO7DN,0.01,0,0,0,15.5,4.0,15.5,,0.0,0.0,0.0,0.1,0.0,0.0,0.0,0.0,0.0,0.0,0.0,0.0,0.0,0.0,False,50
PLCL2,0.01,0,0,0,15.5,10.0,15.5,0.3333333333333333,0.1,0.0,0.0,0.0,0.0,0.0,0.0,0.05,0.05,0.0,0.0,0.0,0.0,0.1,False,50
SEC16A,0.01,0,0,0,15.5,15.0,15.5,1.0,0.05,0.0,0.0,0.0,0.0,0.0,0.0,0.05,0.05,0.0,0.0,0.0,0.0,0.05,False,50
SPAG4,0.01,0,0,0,15.5,14.0,15.5,1.0,0.0,0.0,0.0,0.0,0.0,0.0,0.0,0.0,0.0,0.05,0.05,0.0,0.0,0.0,False,50
TAGLN2,0.01,0,0,0,15.5,11.0,15.5,1.0,0.55,0.0,0.0,0.0,0.0,0.0,0.0,0.05,0.05,0.0,0.0,0.0,0.0,0.55,False,50
FRAT2,0.01,0,0,0,16.0,16.0,16.0,1.0,0.0,0.0,0.0,0.0,0.0,0.0,0.0,0.0,0.0,0.05,0.05,0.0,0.0,0.0,False,50
LINC01000,0.01,0,0,0,16.0,16.0,16.0,1.0,0.0,0.0,0.0,0.0,0.0,0.0,0.0,0.0,0.0,0.05,0.05,0.0,0.0,0.0,False,50
LMLN,0.01,0,0,0,16.0,16.0,16.0,1.0,0.0,0.0,0.0,0.0,0.0,0.0,0.0,0.0,0.0,0.05,0.05,0.0,0.0,0.0,False,50
LOC100506929,0.01,0,0,0,16.0,9.0,16.0,0.0,0.0,0.0,0.0,0.0,0.05,0.0,0.05,0.0,0.0,0.0,0.0,0.0,0.05,0.0,False,50
LPAR6,0.01,0,0,0,16.0,16.0,16.0,1.0,0.0,0.0,0.0,0.0,0.0,0.0,0.0,0.0,0.0,0.05,0.05,0.0,0.0,0.0,False,50
ACADM,0.01,0,0,0,16.5,16.0,16.5,1.0,0.0,0.0,0.0,0.0,0.0,0.0,0.0,0.0,0.0,0.05,0.05,0.0,0.0,0.0,False,50
ARFGAP1,0.01,0,0,0,17.0,17.0,17.0,1.0,0.0,0.0,0.0,0.0,0.0,0.0,0.0,0.0,0.0,0.05,0.05,0.0,0.0,0.0,False,50
ARHGAP39,0.01,0,0,0,17.0,17.0,17.0,1.0,0.0,0.0,0.0,0.0,0.0,0.0,0.0,0.05,0.05,0.0,0.0,0.0,0.0,0.0,False,50
CEMIP,0.01,0,0,0,17.0,17.0,17.0,1.0,0.0,0.0,0.0,0.0,0.0,0.0,0.0,0.0,0.0,0.05,0.05,0.0,0.0,0.0,False,50
MUC17,0.01,0,0,0,17.0,17.0,17.0,,0.0,0.0,0.0,0.1,0.0,0.0,0.0,0.0,0.0,0.0,0.0,0.0,0.0,0.0,False,50
AFAP1L1,0.01,0,0,0,17.5,17.0,17.5,1.0,0.0,0.0,0.0,0.0,0.0,0.0,0.0,0.0,0.0,0.05,0.05,0.0,0.0,0.0,False,50
DDX53,0.01,0,0,0,17.5,8.0,17.5,,0.0,0.0,0.0,0.1,0.0,0.0,0.0,0.0,0.0,0.0,0.0,0.0,0.0,0.0,False,50
GNAL,0.01,0,0,0,17.5,17.0,17.5,1.0,0.0,0.0,0.0,0.0,0.0,0.0,0.0,0.0,0.0,0.05,0.05,0.0,0.0,0.0,False,50
GRAMD1C,0.01,0,0,0,17.5,11.0,17.5,0.0,0.0,0.0,0.0,0.05,0.0,0.05,0.0,0.0,0.0,0.0,0.0,0.0,0.0,0.0,False,50
LILRA6,0.01,0,0,0,17.5,4.0,17.5,,0.0,0.0,0.0,0.1,0.0,0.0,0.0,0.0,0.0,0.0,0.0,0.0,0.0,0.0,False,50
LOC105379426,0.01,0,0,0,17.5,16.0,17.5,1.0,0.0,0.0,0.0,0.0,0.0,0.0,0.0,0.0,0.0,0.05,0.05,0.0,0.0,0.0,False,50
MIF,0.01,0,0,0,17.5,17.0,17.5,1.0,0.0,0.0,0.0,0.0,0.0,0.0,0.0,0.0,0.0,0.05,0.05,0.0,0.0,0.0,False,50
MYOT,0.01,0,0,0,17.5,17.0,17.5,1.0,0.0,0.0,0.0,0.0,0.0,0.0,0.0,0.0,0.0,0.05,0.05,0.0,0.0,0.0,False,50
PSRC1,0.01,0,0,0,17.5,14.0,17.5,1.0,0.2,0.0,0.0,0.0,0.0,0.0,0.0,0.05,0.05,0.0,0.0,0.0,0.0,0.2,False,50
ZNF385B,0.01,0,0,0,17.5,17.0,17.5,,0.0,0.0,0.0,0.1,0.0,0.0,0.0,0.0,0.0,0.0,0.0,0.0,0.0,0.0,False,50
ARNT2,0.01,0,0,0,18.0,18.0,18.0,1.0,0.0,0.0,0.0,0.0,0.0,0.0,0.0,0.0,0.0,0.05,0.05,0.0,0.0,0.0,False,50
AZIN2,0.01,0,0,0,18.0,16.0,18.0,1.0,0.0,0.0,0.0,0.0,0.0,0.0,0.0,0.0,0.0,0.05,0.05,0.0,0.0,0.0,False,50
DCAF11,0.01,0,0,0,18.0,17.0,18.0,1.0,0.0,0.0,0.0,0.0,0.0,0.0,0.0,0.0,0.0,0.05,0.05,0.0,0.0,0.0,False,50
LCOR,0.01,0,0,0,18.0,18.0,18.0,0.5,0.0,0.0,0.0,0.0,0.0,0.1,0.0,0.0,0.0,0.0,0.0,0.0,0.0,0.0,False,50
MMP10,0.01,0,0,0,18.0,9.0,18.0,0.5,0.0,0.05,0.05,0.0,0.0,0.0,0.0,0.0,0.0,0.0,0.0,0.0,0.0,0.0,False,50
PFKFB4,0.01,0,0,0,18.0,3.0,18.0,1.0,0.1,0.0,0.05,0.0,0.0,0.0,0.0,0.05,0.0,0.0,0.0,0.0,0.0,0.1,False,50
RGS12,0.01,0,0,0,18.0,18.0,18.0,1.0,0.0,0.0,0.0,0.0,0.0,0.0,0.0,0.0,0.0,0.05,0.05,0.0,0.0,0.0,False,50
SIGLEC15,0.01,0,0,0,18.0,12.0,18.0,0.0,0.0,0.0,0.1,0.0,0.0,0.0,0.0,0.0,0.0,0.0,0.0,0.0,0.0,0.0,False,50
ATP1B1,0.01,0,0,0,18.5,17.0,18.5,1.0,0.0,0.0,0.0,0.0,0.0,0.0,0.0,0.0,0.0,0.05,0.05,0.0,0.0,0.0,False,50
COBLL1,0.01,0,0,0,18.5,18.0,18.5,0.5,0.0,0.0,0.1,0.0,0.0,0.0,0.0,0.0,0.0,0.0,0.0,0.0,0.0,0.0,False,50
STOX1,0.01,0,0,0,18.5,2.0,18.5,0.0,0.0,0.0,0.1,0.0,0.0,0.0,0.0,0.0,0.0,0.0,0.0,0.0,0.0,0.0,False,50
ADORA3,0.01,0,0,0,19.0,15.0,19.0,,0.0,0.0,0.0,0.1,0.0,0.0,0.0,0.0,0.0,0.0,0.0,0.0,0.0,0.0,False,50
EPHX1,0.01,0,0,0,19.0,12.0,19.0,0.5,0.0,0.0,0.1,0.0,0.0,0.0,0.0,0.0,0.0,0.0,0.0,0.0,0.0,0.0,False,50
KIF6,0.01,0,0,0,19.0,13.0,19.0,0.5,0.0,0.0,0.1,0.0,0.0,0.0,0.0,0.0,0.0,0.0,0.0,0.0,0.0,0.0,False,50
MAPKAPK2,0.01,0,0,0,19.0,19.0,19.0,1.0,0.0,0.0,0.0,0.0,0.0,0.0,0.0,0.0,0.0,0.05,0.05,0.0,0.0,0.0,False,50
NUP210P1,0.01,0,0,0,19.0,15.0,19.0,0.5,0.0,0.05,0.05,0.0,0.0,0.0,0.0,0.0,0.0,0.0,0.0,0.0,0.0,0.0,False,50
POLR3A,0.01,0,0,0,19.0,16.0,19.0,1.0,0.0,0.0,0.0,0.0,0.0,0.0,0.0,0.05,0.05,0.0,0.0,0.0,0.0,0.0,False,50
CISH,0.01,0,0,0,19.5,19.0,19.5,1.0,0.05,0.0,0.0,0.0,0.0,0.0,0.0,0.0,0.0,0.05,0.05,0.0,0.0,0.05,False,50
CNPY3,0.01,0,0,0,19.5,17.0,19.5,1.0,0.0,0.0,0.0,0.0,0.0,0.0,0.0,0.05,0.05,0.0,0.0,0.0,0.0,0.0,False,50
CTPS1,0.01,0,0,0,19.5,19.0,19.5,1.0,0.0,0.0,0.0,0.0,0.0,0.0,0.0,0.0,0.0,0.05,0.05,0.0,0.0,0.0,False,50
FBXO40,0.01,0,0,0,19.5,18.0,19.5,0.0,0.0,0.0,0.0,0.0,0.05,0.0,0.05,0.0,0.0,0.0,0.0,0.0,0.05,0.0,False,50
A1CF,0.01,0,0,0,20.0,4.0,20.0,,0.0,0.0,0.0,0.1,0.0,0.0,0.0,0.0,0.0,0.0,0.0,0.0,0.0,0.0,False,50
ATG101,0.01,0,0,0,20.0,20.0,20.0,1.0,0.0,0.0,0.0,0.0,0.0,0.0,0.0,0.0,0.0,0.05,0.05,0.0,0.0,0.0,False,50
BHMT2,0.01,0,0,0,20.0,19.0,20.0,0.0,0.0,0.0,0.0,0.0,0.05,0.0,0.05,0.0,0.0,0.0,0.0,0.0,0.05,0.0,False,50
KIAA0895L,0.01,0,0,0,20.0,19.0,20.0,1.0,0.0,0.0,0.0,0.0,0.0,0.0,0.0,0.0,0.0,0.05,0.05,0.0,0.0,0.0,False,50
LOC107985971,0.01,0,0,0,20.0,20.0,20.0,1.0,0.0,0.0,0.0,0.0,0.0,0.0,0.0,0.0,0.0,0.05,0.05,0.0,0.0,0.0,False,50
LOC646268,0.01,0,0,0,20.0,19.0,20.0,1.0,0.0,0.0,0.0,0.0,0.0,0.0,0.0,0.0,0.0,0.05,0.05,0.0,0.0,0.0,False,50
MTA1,0.01,0,0,0,20.0,20.0,20.0,1.0,0.0,0.0,0.0,0.0,0.0,0.0,0.0,0.0,0.0,0.05,0.05,0.0,0.0,0.0,False,50
TMEM154,0.01,0,0,0,20.0,19.0,20.0,1.0,0.0,0.0,0.0,0.0,0.0,0.0,0.0,0.0,0.0,0.05,0.05,0.0,0.0,0.0,False,50
ZNF776,0.01,0,0,0,20.0,20.0,20.0,1.0,0.05,0.0,0.0,0.0,0.0,0.0,0.0,0.0,0.0,0.05,0.05,0.0,0.0,0.05,False,50
ALS2,0.01,0,0,0,20.5,20.0,20.5,1.0,0.0,0.0,0.0,0.0,0.0,0.0,0.0,0.0,0.0,0.05,0.05,0.0,0.0,0.0,False,50
CDH26,0.01,0,0,0,20.5,18.0,20.5,1.0,0.0,0.0,0.0,0.0,0.0,0.1,0.0,0.0,0.0,0.0,0.0,0.0,0.0,0.0,False,50
CHD6,0.01,0,0,0,20.5,20.0,20.5,1.0,0.05,0.0,0.0,0.0,0.0,0.0,0.0,0.0,0.0,0.05,0.05,0.0,0.0,0.05,False,50
KIF2C,0.01,0,0,0,20.5,17.0,20.5,1.0,0.25,0.0,0.0,0.0,0.0,0.0,0.0,0.05,0.05,0.0,0.0,0.0,0.0,0.25,False,50
MOGS,0.01,0,0,0,20.5,19.0,20.5,1.0,0.0,0.0,0.0,0.0,0.0,0.0,0.0,0.0,0.0,0.05,0.05,0.0,0.0,0.0,False,50
WNT11,0.01,0,0,0,20.5,20.0,20.5,0.5,0.0,0.0,0.1,0.0,0.0,0.0,0.0,0.0,0.0,0.0,0.0,0.0,0.0,0.0,False,50
ZNF544,0.01,0,0,0,20.5,17.0,20.5,1.0,0.3,0.0,0.0,0.0,0.0,0.0,0.0,0.05,0.05,0.0,0.0,0.0,0.0,0.3,False,50
DTX1,0.01,0,0,0,21.0,21.0,21.0,1.0,0.0,0.0,0.0,0.0,0.0,0.0,0.0,0.0,0.0,0.05,0.05,0.0,0.0,0.0,False,50
SLC12A9,0.01,0,0,0,21.0,20.0,21.0,1.0,0.0,0.0,0.0,0.0,0.0,0.0,0.0,0.0,0.0,0.05,0.05,0.0,0.0,0.0,False,50
CHAF1A,0.01,0,0,0,21.5,21.0,21.5,1.0,0.0,0.0,0.0,0.0,0.0,0.0,0.0,0.0,0.0,0.05,0.05,0.0,0.0,0.0,False,50
FAXC,0.01,0,0,0,21.5,21.0,21.5,1.0,0.0,0.0,0.0,0.0,0.0,0.0,0.0,0.0,0.0,0.05,0.05,0.0,0.0,0.0,False,50
HOXC10,0.01,0,0,0,21.5,20.0,21.5,1.0,0.0,0.0,0.0,0.0,0.0,0.0,0.0,0.0,0.0,0.05,0.05,0.0,0.0,0.0,False,50
PHYKPL,0.01,0,0,0,21.5,10.0,21.5,0.0,0.0,0.0,0.0,0.0,0.0,0.1,0.0,0.0,0.0,0.0,0.0,0.0,0.0,0.0,False,50
PTH1R,0.01,0,0,0,21.5,9.0,21.5,0.0,0.0,0.1,0.0,0.0,0.0,0.0,0.0,0.0,0.0,0.0,0.0,0.05,0.0,0.0,False,50
PTP4A3,0.01,0,0,0,21.5,13.0,21.5,1.0,0.25,0.0,0.0,0.0,0.0,0.0,0.0,0.05,0.05,0.0,0.0,0.0,0.0,0.25,False,50
RORB,0.01,0,0,0,21.5,14.0,21.5,0.0,0.0,0.05,0.05,0.0,0.0,0.0,0.0,0.0,0.0,0.0,0.0,0.05,0.0,0.0,False,50
STX8,0.01,0,0,0,21.5,19.0,21.5,1.0,0.0,0.0,0.0,0.0,0.0,0.0,0.0,0.05,0.05,0.0,0.0,0.0,0.0,0.0,False,50
TMEM125,0.01,0,0,0,21.5,17.0,21.5,1.0,0.2,0.0,0.0,0.0,0.0,0.0,0.0,0.05,0.05,0.0,0.0,0.0,0.0,0.2,False,50
TRPM4,0.01,0,0,0,21.5,21.0,21.5,1.0,0.0,0.0,0.0,0.0,0.0,0.0,0.0,0.0,0.0,0.05,0.05,0.0,0.0,0.0,False,50
ZMYND15,0.01,0,0,0,21.5,7.0,21.5,,0.0,0.0,0.0,0.1,0.0,0.0,0.0,0.0,0.0,0.0,0.0,0.0,0.0,0.0,False,50
C1orf123,0.01,0,0,0,22.0,3.0,22.0,,0.0,0.0,0.0,0.1,0.0,0.0,0.0,0.0,0.0,0.0,0.0,0.0,0.0,0.0,False,50
KNTC1,0.01,0,0,0,22.0,21.0,22.0,1.0,0.0,0.0,0.0,0.0,0.0,0.0,0.0,0.0,0.0,0.05,0.05,0.0,0.0,0.0,False,50
LOC100129917,0.01,0,0,0,22.0,22.0,22.0,1.0,0.0,0.0,0.0,0.0,0.0,0.0,0.0,0.0,0.0,0.05,0.05,0.0,0.0,0.0,False,50
MTG1,0.01,0,0,0,22.0,22.0,22.0,1.0,0.0,0.0,0.0,0.0,0.0,0.0,0.0,0.0,0.0,0.05,0.05,0.0,0.0,0.0,False,50
P2RX4,0.01,0,0,0,22.0,17.0,22.0,1.0,0.0,0.0,0.05,0.05,0.0,0.0,0.0,0.0,0.0,0.0,0.0,0.0,0.0,0.0,False,50
ALDH2,0.01,0,0,0,22.5,8.0,22.5,1.0,0.0,0.0,0.0,0.0,0.0,0.0,0.0,0.05,0.05,0.0,0.0,0.0,0.0,0.0,False,50
ATP1B2,0.01,0,0,0,22.5,22.0,22.5,1.0,0.0,0.0,0.0,0.0,0.0,0.0,0.0,0.0,0.0,0.05,0.05,0.0,0.0,0.0,False,50
BANF1,0.01,0,0,0,22.5,18.0,22.5,1.0,0.0,0.0,0.0,0.0,0.0,0.0,0.0,0.05,0.05,0.0,0.0,0.0,0.0,0.0,False,50
LINC01138,0.01,0,0,0,22.5,22.0,22.5,1.0,0.0,0.0,0.0,0.0,0.0,0.0,0.0,0.0,0.0,0.05,0.05,0.0,0.0,0.0,False,50
PTPN11,0.01,0,0,0,22.5,7.0,22.5,,0.0,0.0,0.0,0.1,0.0,0.0,0.0,0.0,0.0,0.0,0.0,0.0,0.0,0.0,False,50
SLC14A2-AS1,0.01,0,0,0,22.5,22.0,22.5,1.0,0.0,0.0,0.0,0.0,0.0,0.0,0.0,0.0,0.0,0.05,0.05,0.0,0.0,0.0,False,50
SYTL3,0.01,0,0,0,22.5,12.0,22.5,0.5,0.0,0.0,0.0,0.0,0.0,0.1,0.0,0.0,0.0,0.0,0.0,0.0,0.0,0.0,False,50
ABCC8,0.01,0,0,0,23.0,20.0,23.0,1.0,0.0,0.0,0.05,0.05,0.0,0.0,0.0,0.0,0.0,0.0,0.0,0.0,0.0,0.0,False,50
AOX1,0.01,0,0,0,23.0,19.0,23.0,1.0,0.0,0.0,0.0,0.0,0.0,0.0,0.0,0.05,0.05,0.0,0.0,0.0,0.0,0.0,False,50
BLM,0.01,0,0,0,23.0,23.0,23.0,1.0,0.0,0.0,0.0,0.0,0.0,0.0,0.0,0.0,0.0,0.05,0.05,0.0,0.0,0.0,False,50
CRY2,0.01,0,0,0,23.0,16.0,23.0,0.5,0.0,0.0,0.05,0.0,0.0,0.05,0.0,0.0,0.0,0.0,0.0,0.0,0.0,0.0,False,50
LOC100134445,0.01,0,0,0,23.0,12.0,23.0,1.0,0.0,0.0,0.0,0.05,0.0,0.05,0.0,0.0,0.0,0.0,0.0,0.0,0.0,0.0,False,50
UGP2,0.01,0,0,0,23.0,21.0,23.0,,0.0,0.0,0.0,0.1,0.0,0.0,0.0,0.0,0.0,0.0,0.0,0.0,0.0,0.0,False,50
ADAMTSL1,0.01,0,0,0,23.5,23.0,23.5,1.0,0.0,0.0,0.0,0.0,0.0,0.0,0.0,0.0,0.0,0.05,0.05,0.0,0.0,0.0,False,50
E2F3,0.01,0,0,0,23.5,13.0,23.5,1.0,0.0,0.0,0.0,0.0,0.0,0.0,0.0,0.05,0.05,0.0,0.0,0.0,0.0,0.0,False,50
ENTPD6,0.01,0,0,0,23.5,23.0,23.5,1.0,0.0,0.0,0.0,0.0,0.0,0.0,0.0,0.0,0.0,0.05,0.05,0.0,0.0,0.0,False,50
EPS15,0.01,0,0,0,23.5,23.0,23.5,1.0,0.0,0.0,0.0,0.0,0.0,0.0,0.0,0.0,0.0,0.05,0.05,0.0,0.0,0.0,False,50
FARP1,0.01,0,0,0,23.5,18.0,23.5,1.0,0.0,0.0,0.1,0.0,0.0,0.0,0.0,0.0,0.0,0.0,0.0,0.0,0.0,0.0,False,50
GLIPR1,0.01,0,0,0,23.5,16.0,23.5,,0.0,0.0,0.0,0.1,0.0,0.0,0.0,0.0,0.0,0.0,0.0,0.0,0.0,0.0,False,50
GLRA3,0.01,0,0,0,23.5,21.0,23.5,0.3333333333333333,0.0,0.0,0.0,0.0,0.05,0.05,0.0,0.0,0.0,0.0,0.0,0.0,0.05,0.0,False,50
LOC101929621,0.01,0,0,0,23.5,6.0,23.5,0.0,0.0,0.1,0.0,0.0,0.0,0.0,0.0,0.0,0.0,0.0,0.0,0.1,0.0,0.0,False,50
MICB,0.01,0,0,0,23.5,22.0,23.5,1.0,0.0,0.0,0.0,0.0,0.0,0.0,0.0,0.0,0.0,0.05,0.05,0.0,0.0,0.0,False,50
POPDC3,0.01,0,0,0,23.5,23.0,23.5,1.0,0.0,0.0,0.0,0.0,0.0,0.0,0.0,0.0,0.0,0.05,0.05,0.0,0.0,0.0,False,50
PRR14,0.01,0,0,0,23.5,22.0,23.5,1.0,0.0,0.0,0.0,0.0,0.0,0.0,0.0,0.0,0.0,0.05,0.05,0.0,0.0,0.0,False,50
SSB,0.01,0,0,0,23.5,14.0,23.5,0.0,0.0,0.0,0.05,0.0,0.0,0.0,0.0,0.0,0.05,0.0,0.0,0.0,0.0,0.0,False,50
SYCP3,0.01,0,0,0,23.5,23.0,23.5,1.0,0.0,0.05,0.05,0.0,0.0,0.0,0.0,0.0,0.0,0.0,0.0,0.0,0.0,0.0,False,50
TAF1B,0.01,0,0,0,23.5,22.0,23.5,0.0,0.0,0.0,0.0,0.05,0.0,0.05,0.0,0.0,0.0,0.0,0.0,0.0,0.0,0.0,False,50
TAT,0.01,0,0,0,23.5,23.0,23.5,1.0,0.0,0.0,0.0,0.05,0.0,0.05,0.0,0.0,0.0,0.0,0.0,0.0,0.0,0.0,False,50
WHSC1,0.01,0,0,0,23.5,23.0,23.5,1.0,0.0,0.0,0.0,0.0,0.0,0.0,0.0,0.05,0.05,0.0,0.0,0.0,0.0,0.0,False,50
ZDHHC12,0.01,0,0,0,23.5,23.0,23.5,1.0,0.0,0.0,0.0,0.0,0.0,0.0,0.0,0.0,0.0,0.05,0.05,0.0,0.0,0.0,False,50
AAGAB,0.01,0,0,0,24.0,2.0,24.0,1.0,0.0,0.05,0.05,0.0,0.0,0.0,0.0,0.0,0.0,0.0,0.0,0.0,0.0,0.0,False,50
AUP1,0.01,0,0,0,24.0,24.0,24.0,1.0,0.0,0.0,0.0,0.0,0.0,0.0,0.0,0.0,0.0,0.05,0.05,0.0,0.0,0.0,False,50
CAPN11,0.01,0,0,0,24.0,24.0,24.0,1.0,0.0,0.0,0.0,0.0,0.0,0.0,0.0,0.0,0.0,0.05,0.05,0.0,0.0,0.0,False,50
CDCA7,0.01,0,0,0,24.0,24.0,24.0,1.0,0.0,0.0,0.0,0.0,0.0,0.0,0.0,0.0,0.0,0.05,0.05,0.0,0.0,0.0,False,50
CEP126,0.01,0,0,0,24.0,23.0,24.0,1.0,0.0,0.0,0.0,0.0,0.0,0.0,0.0,0.0,0.0,0.05,0.05,0.0,0.0,0.0,False,50
MYEF2,0.01,0,0,0,24.0,15.0,24.0,1.0,0.0,0.0,0.0,0.0,0.0,0.0,0.0,0.05,0.05,0.0,0.0,0.0,0.0,0.0,False,50
NME3,0.01,0,0,0,24.0,23.0,24.0,1.0,0.0,0.0,0.0,0.0,0.0,0.0,0.0,0.0,0.0,0.05,0.05,0.0,0.0,0.0,False,50
PUF60,0.01,0,0,0,24.0,23.0,24.0,1.0,0.0,0.0,0.0,0.0,0.0,0.0,0.0,0.0,0.0,0.05,0.05,0.0,0.0,0.0,False,50
SCARF2,0.01,0,0,0,24.0,24.0,24.0,,0.0,0.0,0.0,0.1,0.0,0.0,0.0,0.0,0.0,0.0,0.0,0.0,0.0,0.0,False,50
SLC44A2,0.01,0,0,0,24.0,24.0,24.0,1.0,0.0,0.0,0.0,0.0,0.0,0.0,0.0,0.0,0.0,0.05,0.05,0.0,0.0,0.0,False,50
SPAG5,0.01,0,0,0,24.0,23.0,24.0,1.0,0.0,0.0,0.0,0.0,0.0,0.0,0.0,0.0,0.0,0.05,0.05,0.0,0.0,0.0,False,50
ZNF296,0.01,0,0,0,24.0,23.0,24.0,1.0,0.0,0.0,0.0,0.0,0.0,0.0,0.0,0.0,0.0,0.05,0.05,0.0,0.0,0.0,False,50
C10orf113,0.01,0,0,0,24.5,17.0,24.5,,0.0,0.0,0.0,0.1,0.0,0.0,0.0,0.0,0.0,0.0,0.0,0.0,0.0,0.0,False,50
CCL23,0.01,0,0,0,24.5,24.0,24.5,0.3333333333333333,0.0,0.0,0.0,0.0,0.0,0.0,0.0,0.0,0.0,0.05,0.05,0.1,0.0,0.0,False,50
HIBCH,0.01,0,0,0,24.5,24.0,24.5,1.0,0.0,0.0,0.0,0.0,0.0,0.0,0.0,0.0,0.0,0.05,0.05,0.0,0.0,0.0,False,50
LOC101928409,0.01,0,0,0,24.5,13.0,24.5,0.0,0.0,0.05,0.0,0.05,0.0,0.0,0.0,0.0,0.0,0.0,0.0,0.05,0.0,0.0,False,50
MDM4,0.01,0,0,0,24.5,24.0,24.5,1.0,0.0,0.0,0.0,0.0,0.0,0.0,0.0,0.0,0.0,0.05,0.05,0.0,0.0,0.0,False,50
PGM2L1,0.01,0,0,0,24.5,13.0,24.5,,0.0,0.0,0.0,0.1,0.0,0.0,0.0,0.0,0.0,0.0,0.0,0.0,0.0,0.0,False,50
RAB40C,0.01,0,0,0,24.5,24.0,24.5,1.0,0.0,0.0,0.0,0.0,0.0,0.0,0.0,0.0,0.0,0.05,0.05,0.0,0.0,0.0,False,50
CCDC124,0.01,0,0,0,25.0,25.0,25.0,1.0,0.0,0.0,0.0,0.0,0.0,0.0,0.0,0.0,0.0,0.05,0.05,0.0,0.0,0.0,False,50
COL13A1,0.01,0,0,0,25.0,24.0,25.0,1.0,0.0,0.0,0.0,0.0,0.0,0.0,0.0,0.0,0.0,0.05,0.05,0.0,0.0,0.0,False,50
EZR,0.01,0,0,0,25.0,19.0,25.0,0.5,0.0,0.0,0.1,0.0,0.0,0.0,0.0,0.0,0.0,0.0,0.0,0.0,0.0,0.0,False,50
KIAA1522,0.01,0,0,0,25.0,25.0,25.0,1.0,0.0,0.0,0.0,0.0,0.0,0.0,0.0,0.0,0.0,0.05,0.05,0.0,0.0,0.0,False,50
ZBED3-AS1,0.01,0,0,0,25.0,25.0,25.0,1.0,0.0,0.0,0.0,0.0,0.0,0.0,0.0,0.0,0.0,0.05,0.05,0.0,0.0,0.0,False,50
GMEB1,0.01,0,0,0,25.5,25.0,25.5,1.0,0.0,0.0,0.0,0.0,0.0,0.0,0.0,0.0,0.0,0.05,0.05,0.0,0.0,0.0,False,50
IFI6,0.01,0,0,0,25.5,12.0,25.5,0.5,0.0,0.0,0.05,0.0,0.0,0.05,0.0,0.0,0.0,0.0,0.0,0.0,0.0,0.0,False,50
KIF18B,0.01,0,0,0,25.5,17.0,25.5,1.0,0.0,0.0,0.0,0.0,0.0,0.0,0.0,0.05,0.05,0.0,0.0,0.0,0.0,0.0,False,50
OR7C1,0.01,0,0,0,25.5,12.0,25.5,,0.0,0.0,0.0,0.1,0.0,0.0,0.0,0.0,0.0,0.0,0.0,0.0,0.0,0.0,False,50
ADAL,0.01,0,0,0,26.0,26.0,26.0,1.0,0.0,0.0,0.0,0.0,0.0,0.0,0.0,0.0,0.0,0.05,0.05,0.0,0.0,0.0,False,50
GMNN,0.01,0,0,0,26.0,26.0,26.0,1.0,0.0,0.0,0.0,0.0,0.0,0.0,0.0,0.0,0.0,0.05,0.05,0.0,0.0,0.0,False,50
KDM2A,0.01,0,0,0,26.0,25.0,26.0,1.0,0.0,0.0,0.0,0.0,0.0,0.0,0.0,0.0,0.0,0.05,0.05,0.0,0.0,0.0,False,50
MMP13,0.01,0,0,0,26.0,22.0,26.0,1.0,0.0,0.0,0.05,0.05,0.0,0.0,0.0,0.0,0.0,0.0,0.0,0.0,0.0,0.0,False,50
PROK1,0.01,0,0,0,26.0,14.0,26.0,0.0,0.0,0.05,0.0,0.0,0.05,0.0,0.0,0.0,0.0,0.0,0.0,0.05,0.05,0.0,False,50
SLC37A1,0.01,0,0,0,26.0,21.0,26.0,1.0,0.35,0.0,0.0,0.0,0.0,0.0,0.0,0.05,0.05,0.0,0.0,0.0,0.0,0.35,False,50
TGIF1,0.01,0,0,0,26.0,26.0,26.0,1.0,0.0,0.0,0.0,0.0,0.0,0.0,0.0,0.0,0.0,0.05,0.05,0.0,0.0,0.0,False,50
USP16,0.01,0,0,0,26.0,26.0,26.0,1.0,0.0,0.0,0.0,0.0,0.0,0.0,0.0,0.0,0.0,0.05,0.05,0.0,0.0,0.0,False,50
VDR,0.01,0,0,0,26.0,16.0,26.0,0.5,0.0,0.0,0.1,0.0,0.0,0.0,0.0,0.0,0.0,0.0,0.0,0.0,0.0,0.0,False,50
YY1AP1,0.01,0,0,0,26.0,26.0,26.0,1.0,0.0,0.0,0.0,0.0,0.0,0.0,0.0,0.0,0.0,0.05,0.05,0.0,0.0,0.0,False,50
MEGF10,0.01,0,0,0,26.5,4.0,26.5,0.5,0.0,0.05,0.05,0.0,0.0,0.0,0.0,0.0,0.0,0.0,0.0,0.0,0.0,0.0,False,50
OR5P3,0.01,0,0,0,26.5,19.0,26.5,0.0,0.0,0.0,0.0,0.0,0.05,0.0,0.05,0.0,0.0,0.0,0.0,0.0,0.05,0.0,False,50
AP4S1,0.01,0,0,0,27.0,9.0,27.0,1.0,0.0,0.0,0.05,0.05,0.0,0.0,0.0,0.0,0.0,0.0,0.0,0.0,0.0,0.0,False,50
LOC401052,0.01,0,0,0,27.0,24.0,27.0,1.0,0.0,0.0,0.05,0.0,0.0,0.05,0.0,0.0,0.0,0.0,0.0,0.0,0.0,0.0,False,50
SLC52A3,0.01,0,0,0,27.0,25.0,27.0,1.0,0.0,0.0,0.0,0.0,0.0,0.0,0.0,0.05,0.05,0.0,0.0,0.0,0.0,0.0,False,50
TCEAL7,0.01,0,0,0,27.0,6.0,27.0,1.0,0.0,0.0,0.0,0.0,0.0,0.05,0.0,0.05,0.0,0.0,0.0,0.0,0.0,0.0,False,50
TSEN54,0.01,0,0,0,27.0,24.0,27.0,1.0,0.0,0.0,0.0,0.0,0.0,0.0,0.0,0.05,0.05,0.0,0.0,0.0,0.0,0.0,False,50
TTC23,0.01,0,0,0,27.0,14.0,27.0,1.0,0.0,0.05,0.0,0.05,0.0,0.0,0.0,0.0,0.0,0.0,0.0,0.0,0.0,0.0,False,50
USP46-AS1,0.01,0,0,0,27.0,11.0,27.0,0.0,0.0,0.05,0.0,0.0,0.05,0.0,0.0,0.0,0.0,0.0,0.0,0.0,0.05,0.0,False,50
ADCY5,0.01,0,0,0,27.5,24.0,27.5,0.5,0.0,0.0,0.1,0.0,0.0,0.0,0.0,0.0,0.0,0.0,0.0,0.0,0.0,0.0,False,50
CFAP46,0.01,0,0,0,27.5,27.0,27.5,0.5,0.0,0.05,0.05,0.0,0.0,0.0,0.0,0.0,0.0,0.0,0.0,0.0,0.0,0.0,False,50
HEATR6,0.01,0,0,0,27.5,19.0,27.5,1.0,0.0,0.05,0.05,0.0,0.0,0.0,0.0,0.0,0.0,0.0,0.0,0.0,0.0,0.0,False,50
MAK,0.01,0,0,0,27.5,25.0,27.5,,0.0,0.0,0.0,0.1,0.0,0.0,0.0,0.0,0.0,0.0,0.0,0.0,0.0,0.0,False,50
PLA2G2A,0.01,0,0,0,27.5,7.0,27.5,0.0,0.0,0.0,0.0,0.05,0.0,0.05,0.0,0.0,0.0,0.0,0.0,0.0,0.0,0.0,False,50
SAFB,0.01,0,0,0,27.5,26.0,27.5,1.0,0.15,0.0,0.0,0.0,0.0,0.0,0.0,0.0,0.0,0.05,0.05,0.0,0.0,0.15,False,50
ATP5O,0.01,0,0,0,28.0,7.0,28.0,,0.0,0.0,0.0,0.1,0.0,0.0,0.0,0.0,0.0,0.0,0.0,0.0,0.0,0.0,False,50
LOC101928230,0.01,0,0,0,28.0,27.0,28.0,1.0,0.0,0.0,0.0,0.0,0.0,0.0,0.0,0.0,0.0,0.05,0.05,0.0,0.0,0.0,False,50
OR52A1,0.01,0,0,0,28.0,24.0,28.0,0.0,0.0,0.0,0.0,0.0,0.05,0.0,0.05,0.0,0.0,0.0,0.0,0.0,0.05,0.0,False,50
PALM2,0.01,0,0,0,28.0,28.0,28.0,1.0,0.0,0.0,0.0,0.0,0.0,0.0,0.0,0.0,0.0,0.05,0.05,0.0,0.0,0.0,False,50
PPP1R1C,0.01,0,0,0,28.0,18.0,28.0,0.3333333333333333,0.0,0.05,0.05,0.0,0.0,0.0,0.0,0.0,0.0,0.0,0.0,0.05,0.0,0.0,False,50
ZNF652,0.01,0,0,0,28.0,27.0,28.0,1.0,0.0,0.0,0.0,0.0,0.0,0.0,0.0,0.0,0.0,0.05,0.05,0.0,0.0,0.0,False,50
C9orf24,0.01,0,0,0,28.5,28.0,28.5,0.0,0.0,0.0,0.0,0.0,0.05,0.0,0.05,0.0,0.0,0.0,0.0,0.0,0.05,0.0,False,50
HOOK1,0.01,0,0,0,28.5,26.0,28.5,1.0,0.0,0.0,0.0,0.0,0.0,0.1,0.0,0.0,0.0,0.0,0.0,0.0,0.0,0.0,False,50
TESMIN,0.01,0,0,0,28.5,28.0,28.5,1.0,0.15,0.0,0.0,0.0,0.0,0.0,0.0,0.0,0.0,0.05,0.05,0.0,0.0,0.15,False,50
YTHDF1,0.01,0,0,0,28.5,28.0,28.5,1.0,0.0,0.0,0.0,0.0,0.0,0.0,0.0,0.0,0.0,0.05,0.05,0.0,0.0,0.0,False,50
ZDHHC21,0.01,0,0,0,28.5,28.0,28.5,1.0,0.0,0.0,0.0,0.0,0.0,0.0,0.0,0.0,0.0,0.05,0.05,0.0,0.0,0.0,False,50
ADPGK,0.01,0,0,0,29.0,29.0,29.0,1.0,0.0,0.0,0.0,0.0,0.0,0.0,0.0,0.0,0.0,0.05,0.05,0.0,0.0,0.0,False,50
DNAJB7,0.01,0,0,0,29.0,12.0,29.0,,0.0,0.0,0.0,0.1,0.0,0.0,0.0,0.0,0.0,0.0,0.0,0.0,0.0,0.0,False,50
FGF23,0.01,0,0,0,29.0,22.0,29.0,0.0,0.0,0.0,0.0,0.0,0.05,0.0,0.05,0.0,0.0,0.0,0.0,0.0,0.05,0.0,False,50
ZSCAN12,0.01,0,0,0,29.0,11.0,29.0,0.0,0.0,0.0,0.0,0.05,0.0,0.05,0.0,0.0,0.0,0.0,0.0,0.0,0.0,0.0,False,50
ARHGEF3,0.01,0,0,0,29.5,24.0,29.5,,0.0,0.0,0.0,0.1,0.0,0.0,0.0,0.0,0.0,0.0,0.0,0.0,0.0,0.0,False,50
FOXF1,0.01,0,0,0,29.5,15.0,29.5,,0.0,0.0,0.0,0.1,0.0,0.0,0.0,0.0,0.0,0.0,0.0,0.0,0.0,0.0,False,50
LOC105369974,0.01,0,0,0,29.5,29.0,29.5,1.0,0.0,0.0,0.0,0.0,0.0,0.0,0.0,0.0,0.0,0.05,0.05,0.0,0.0,0.0,False,50
N4BP2L2,0.01,0,0,0,29.5,22.0,29.5,0.0,0.0,0.0,0.05,0.05,0.0,0.0,0.0,0.0,0.0,0.0,0.0,0.0,0.0,0.0,False,50
SHMT1,0.01,0,0,0,29.5,17.0,29.5,0.0,0.0,0.1,0.0,0.0,0.0,0.0,0.0,0.0,0.0,0.0,0.0,0.0,0.0,0.0,False,50
CA4,0.01,0,0,0,30.0,28.0,30.0,0.0,0.0,0.05,0.0,0.0,0.0,0.0,0.05,0.0,0.0,0.0,0.0,0.15,0.0,0.0,False,50
ETV6,0.01,0,0,0,30.0,29.0,30.0,1.0,0.05,0.0,0.05,0.0,0.0,0.0,0.0,0.0,0.05,0.0,0.0,0.0,0.0,0.05,False,50
TUBBP5,0.01,0,0,0,30.0,29.0,30.0,0.5,0.0,0.0,0.1,0.0,0.0,0.0,0.0,0.0,0.0,0.0,0.0,0.0,0.0,0.0,False,50
TUBGCP6,0.01,0,0,0,30.0,30.0,30.0,1.0,0.0,0.0,0.0,0.0,0.0,0.0,0.0,0.0,0.0,0.05,0.05,0.0,0.0,0.0,False,50
COL6A6,0.01,0,0,0,30.5,26.0,30.5,0.0,0.0,0.05,0.05,0.0,0.0,0.0,0.0,0.0,0.0,0.0,0.0,0.0,0.0,0.0,False,50
ELMO2,0.01,0,0,0,30.5,30.0,30.5,1.0,0.0,0.0,0.0,0.0,0.0,0.0,0.0,0.0,0.0,0.05,0.05,0.0,0.0,0.0,False,50
FEZ2,0.01,0,0,0,30.5,30.0,30.5,1.0,0.0,0.0,0.0,0.0,0.0,0.0,0.0,0.05,0.05,0.0,0.0,0.0,0.0,0.0,False,50
PPP1R35,0.01,0,0,0,30.5,27.0,30.5,1.0,0.0,0.0,0.0,0.0,0.0,0.05,0.0,0.05,0.0,0.0,0.0,0.0,0.0,0.0,False,50
SULF1,0.01,0,0,0,30.5,30.0,30.5,1.0,0.0,0.0,0.0,0.0,0.0,0.0,0.0,0.0,0.0,0.05,0.05,0.0,0.0,0.0,False,50
CELSR3,0.01,0,0,0,31.0,30.0,31.0,1.0,0.0,0.0,0.0,0.0,0.0,0.0,0.0,0.0,0.0,0.05,0.05,0.0,0.0,0.0,False,50
NPY5R,0.01,0,0,0,31.0,30.0,31.0,1.0,0.0,0.0,0.0,0.0,0.0,0.0,0.0,0.0,0.0,0.05,0.05,0.0,0.0,0.0,False,50
SUGP2,0.01,0,0,0,31.0,31.0,31.0,1.0,0.0,0.0,0.0,0.0,0.0,0.0,0.0,0.0,0.0,0.05,0.05,0.0,0.0,0.0,False,50
DAXX,0.01,0,0,0,31.5,31.0,31.5,1.0,0.05,0.0,0.0,0.0,0.0,0.0,0.0,0.0,0.0,0.05,0.05,0.0,0.0,0.05,False,50
FAM174B,0.01,0,0,0,31.5,17.0,31.5,0.0,0.0,0.0,0.1,0.0,0.0,0.0,0.0,0.0,0.0,0.0,0.0,0.0,0.0,0.0,False,50
KCTD15,0.01,0,0,0,31.5,24.0,31.5,0.3333333333333333,0.05,0.0,0.1,0.0,0.0,0.0,0.0,0.0,0.0,0.0,0.0,0.0,0.0,0.05,False,50
KIAA0907,0.01,0,0,0,31.5,25.0,31.5,0.0,0.0,0.0,0.05,0.0,0.0,0.0,0.0,0.0,0.05,0.0,0.0,0.0,0.0,0.0,False,50
PTOV1,0.01,0,0,0,31.5,23.0,31.5,1.0,0.0,0.0,0.0,0.0,0.0,0.0,0.0,0.05,0.05,0.0,0.0,0.0,0.0,0.0,False,50
ACSS2,0.01,0,0,0,32.0,31.0,32.0,,0.0,0.0,0.0,0.1,0.0,0.0,0.0,0.0,0.0,0.0,0.0,0.0,0.0,0.0,False,50
CPEB1-AS1,0.01,0,0,0,32.0,27.0,32.0,0.0,0.0,0.0,0.0,0.0,0.05,0.0,0.05,0.0,0.0,0.0,0.0,0.0,0.05,0.0,False,50
MACROD2,0.01,0,0,0,32.0,32.0,32.0,1.0,0.0,0.0,0.0,0.0,0.0,0.0,0.0,0.0,0.0,0.05,0.05,0.0,0.0,0.0,False,50
MXRA5,0.01,0,0,0,32.0,23.0,32.0,0.0,0.0,0.0,0.0,0.05,0.0,0.05,0.0,0.0,0.0,0.0,0.0,0.0,0.0,0.0,False,50
RASA3,0.01,0,0,0,32.0,30.0,32.0,0.5,0.0,0.0,0.0,0.0,0.0,0.1,0.0,0.0,0.0,0.0,0.0,0.0,0.0,0.0,False,50
TRMT13,0.01,0,0,0,32.0,29.0,32.0,0.0,0.0,0.0,0.0,0.05,0.0,0.05,0.0,0.0,0.0,0.0,0.0,0.0,0.0,0.0,False,50
ZNF788,0.01,0,0,0,32.0,19.0,32.0,,0.0,0.0,0.0,0.1,0.0,0.0,0.0,0.0,0.0,0.0,0.0,0.0,0.0,0.0,False,50
LOC153577,0.01,0,0,0,32.5,23.0,32.5,,0.0,0.0,0.0,0.1,0.0,0.0,0.0,0.0,0.0,0.0,0.0,0.0,0.0,0.0,False,50
CPA2,0.01,0,0,0,33.0,31.0,33.0,0.0,0.0,0.0,0.0,0.0,0.05,0.0,0.05,0.0,0.0,0.0,0.0,0.0,0.05,0.0,False,50
KIAA1804,0.01,0,0,0,33.0,33.0,33.0,1.0,0.0,0.0,0.0,0.0,0.0,0.0,0.0,0.0,0.0,0.05,0.05,0.0,0.0,0.0,False,50
SORD,0.01,0,0,0,33.0,28.0,33.0,0.5,0.0,0.0,0.0,0.0,0.0,0.05,0.0,0.05,0.0,0.0,0.0,0.0,0.0,0.0,False,50
ADGRG5,0.01,0,0,0,33.5,28.0,33.5,,0.0,0.0,0.0,0.1,0.0,0.0,0.0,0.0,0.0,0.0,0.0,0.0,0.0,0.0,False,50
CYP2R1,0.01,0,0,0,33.5,32.0,33.5,1.0,0.0,0.0,0.05,0.0,0.0,0.05,0.0,0.0,0.0,0.0,0.0,0.0,0.0,0.0,False,50
ESPN,0.01,0,0,0,33.5,31.0,33.5,0.0,0.0,0.0,0.0,0.0,0.05,0.0,0.05,0.0,0.0,0.0,0.0,0.0,0.05,0.0,False,50
GPATCH11,0.01,0,0,0,33.5,19.0,33.5,0.5,0.0,0.0,0.0,0.0,0.0,0.1,0.0,0.0,0.0,0.0,0.0,0.0,0.0,0.0,False,50
LINC00944,0.01,0,0,0,33.5,29.0,33.5,,0.0,0.0,0.0,0.1,0.0,0.0,0.0,0.0,0.0,0.0,0.0,0.0,0.0,0.0,False,50
SPTBN1,0.01,0,0,0,33.5,31.0,33.5,1.0,0.0,0.0,0.0,0.05,0.0,0.0,0.0,0.05,0.0,0.0,0.0,0.0,0.0,0.0,False,50
EYS,0.01,0,0,0,34.0,22.0,34.0,0.0,0.0,0.1,0.0,0.0,0.0,0.0,0.0,0.0,0.0,0.0,0.0,0.05,0.0,0.0,False,50
LINC01010,0.01,0,0,0,34.0,20.0,34.0,,0.0,0.0,0.0,0.1,0.0,0.0,0.0,0.0,0.0,0.0,0.0,0.0,0.0,0.0,False,50
LOC101929726,0.01,0,0,0,34.0,31.0,34.0,0.0,0.0,0.05,0.0,0.0,0.05,0.0,0.0,0.0,0.0,0.0,0.0,0.0,0.1,0.0,False,50
FAM204A,0.01,0,0,0,34.5,28.0,34.5,,0.0,0.0,0.0,0.0,0.0,0.0,0.0,0.0,0.1,0.0,0.0,0.0,0.0,0.0,False,50
PCK1,0.01,0,0,0,34.5,32.0,34.5,1.0,0.0,0.0,0.0,0.0,0.0,0.0,0.0,0.1,0.0,0.0,0.0,0.0,0.0,0.0,False,50
DGCR2,0.01,0,0,0,35.0,21.0,35.0,1.0,0.0,0.0,0.0,0.0,0.0,0.0,0.0,0.05,0.05,0.0,0.0,0.0,0.0,0.0,False,50
PIEZO2,0.01,0,0,0,35.0,21.0,35.0,1.0,0.0,0.05,0.05,0.0,0.0,0.0,0.0,0.0,0.0,0.0,0.0,0.0,0.0,0.0,False,50
SEMA4B,0.01,0,0,0,35.0,27.0,35.0,1.0,0.0,0.0,0.0,0.0,0.0,0.0,0.0,0.05,0.05,0.0,0.0,0.0,0.0,0.0,False,50
ALPL,0.01,0,0,0,35.5,21.0,35.5,,0.0,0.0,0.0,0.1,0.0,0.0,0.0,0.0,0.0,0.0,0.0,0.0,0.0,0.0,False,50
LINC01128,0.01,0,0,0,35.5,26.0,35.5,0.0,0.0,0.0,0.05,0.05,0.0,0.0,0.0,0.0,0.0,0.0,0.0,0.0,0.0,0.0,False,50
SPIN4,0.01,0,0,0,35.5,25.0,35.5,1.0,0.0,0.0,0.0,0.0,0.0,0.0,0.0,0.05,0.05,0.0,0.0,0.0,0.0,0.0,False,50
ATP5J,0.01,0,0,0,36.0,29.0,36.0,,0.0,0.0,0.0,0.1,0.0,0.0,0.0,0.0,0.0,0.0,0.0,0.0,0.0,0.0,False,50
FARSA,0.01,0,0,0,36.0,34.0,36.0,,0.0,0.0,0.0,0.0,0.0,0.0,0.0,0.0,0.1,0.0,0.0,0.0,0.0,0.0,False,50
GSC2,0.01,0,0,0,36.5,31.0,36.5,0.0,0.0,0.05,0.0,0.05,0.0,0.0,0.0,0.0,0.0,0.0,0.0,0.0,0.0,0.0,False,50
MID2,0.01,0,0,0,36.5,35.0,36.5,0.0,0.0,0.0,0.05,0.0,0.0,0.05,0.0,0.0,0.0,0.0,0.0,0.0,0.0,0.0,False,50
RAB3C,0.01,0,0,0,36.5,32.0,36.5,0.0,0.0,0.0,0.0,0.0,0.05,0.0,0.05,0.0,0.0,0.0,0.0,0.0,0.05,0.0,False,50
RGPD4-AS1,0.01,0,0,0,36.5,34.0,36.5,,0.0,0.0,0.0,0.1,0.0,0.0,0.0,0.0,0.0,0.0,0.0,0.0,0.0,0.0,False,50
ARC,0.01,0,0,0,37.0,24.0,37.0,,0.0,0.0,0.0,0.1,0.0,0.0,0.0,0.0,0.0,0.0,0.0,0.0,0.0,0.0,False,50
MBNL1,0.01,0,0,0,37.0,28.0,37.0,0.5,0.05,0.0,0.0,0.0,0.0,0.0,0.0,0.05,0.05,0.0,0.0,0.0,0.0,0.05,False,50
NOL6,0.01,0,0,0,37.0,28.0,37.0,1.0,0.0,0.0,0.0,0.0,0.0,0.0,0.0,0.05,0.05,0.0,0.0,0.0,0.0,0.0,False,50
NREP,0.01,0,0,0,37.5,28.0,37.5,1.0,0.0,0.0,0.1,0.0,0.0,0.0,0.0,0.0,0.0,0.0,0.0,0.0,0.0,0.0,False,50
PGM2,0.01,0,0,0,37.5,29.0,37.5,0.0,0.0,0.0,0.0,0.0,0.0,0.1,0.0,0.0,0.0,0.0,0.0,0.0,0.0,0.0,False,50
TNRC6C,0.01,0,0,0,37.5,37.0,37.5,1.0,0.0,0.0,0.0,0.05,0.0,0.05,0.0,0.0,0.0,0.0,0.0,0.0,0.0,0.0,False,50
TSPAN13,0.01,0,0,0,37.5,25.0,37.5,1.0,0.0,0.0,0.0,0.0,0.0,0.0,0.0,0.05,0.05,0.0,0.0,0.0,0.0,0.0,False,50
COBL,0.01,0,0,0,38.0,27.0,38.0,0.0,0.0,0.0,0.05,0.0,0.0,0.0,0.0,0.0,0.05,0.0,0.0,0.0,0.0,0.0,False,50
CSN1S1,0.01,0,0,0,38.0,26.0,38.0,1.0,0.0,0.0,0.0,0.0,0.0,0.0,0.0,0.05,0.05,0.0,0.0,0.0,0.0,0.0,False,50
DNASE2B,0.01,0,0,0,38.0,28.0,38.0,,0.0,0.0,0.0,0.1,0.0,0.0,0.0,0.0,0.0,0.0,0.0,0.0,0.0,0.0,False,50
METTL21A,0.01,0,0,0,38.0,33.0,38.0,0.0,0.0,0.0,0.1,0.0,0.0,0.0,0.0,0.0,0.0,0.0,0.0,0.0,0.0,0.0,False,50
ZNF692,0.01,0,0,0,38.0,37.0,38.0,1.0,0.25,0.0,0.0,0.0,0.0,0.0,0.0,0.05,0.05,0.0,0.0,0.0,0.0,0.25,False,50
ABCB5,0.01,0,0,0,38.5,31.0,38.5,,0.0,0.0,0.0,0.1,0.0,0.0,0.0,0.0,0.0,0.0,0.0,0.0,0.0,0.0,False,50
CDKL1,0.01,0,0,0,38.5,38.0,38.5,0.0,0.0,0.0,0.0,0.0,0.05,0.05,0.0,0.0,0.0,0.0,0.0,0.0,0.05,0.0,False,50
SERTAD4,0.01,0,0,0,38.5,36.0,38.5,0.0,0.0,0.0,0.05,0.05,0.0,0.0,0.0,0.0,0.0,0.0,0.0,0.0,0.0,0.0,False,50
ASGR1,0.01,0,0,0,39.0,30.0,39.0,,0.0,0.0,0.0,0.1,0.0,0.0,0.0,0.0,0.0,0.0,0.0,0.0,0.0,0.0,False,50
CYP4F2,0.01,0,0,0,39.0,34.0,39.0,,0.0,0.0,0.0,0.1,0.0,0.0,0.0,0.0,0.0,0.0,0.0,0.0,0.0,0.0,False,50
EGFL6,0.01,0,0,0,39.5,29.0,39.5,0.5,0.0,0.0,0.05,0.0,0.0,0.05,0.0,0.0,0.0,0.0,0.0,0.0,0.0,0.0,False,50
MGAT4B,0.01,0,0,0,39.5,38.0,39.5,,0.0,0.0,0.0,0.0,0.0,0.0,0.0,0.0,0.1,0.0,0.0,0.0,0.0,0.0,False,50
MMP8,0.01,0,0,0,39.5,37.0,39.5,,0.0,0.0,0.0,0.1,0.0,0.0,0.0,0.0,0.0,0.0,0.0,0.0,0.0,0.0,False,50
FOXD4,0.01,0,0,0,40.0,31.0,40.0,0.0,0.0,0.0,0.0,0.0,0.05,0.0,0.05,0.0,0.0,0.0,0.0,0.0,0.05,0.0,False,50
DYX1C1,0.01,0,0,0,40.5,32.0,40.5,1.0,0.0,0.0,0.0,0.0,0.0,0.1,0.0,0.0,0.0,0.0,0.0,0.0,0.0,0.0,False,50
ISCU,0.01,0,0,0,40.5,34.0,40.5,1.0,0.0,0.0,0.0,0.05,0.0,0.0,0.0,0.05,0.0,0.0,0.0,0.0,0.0,0.0,False,50
OSBPL11,0.01,0,0,0,40.5,37.0,40.5,1.0,0.0,0.0,0.0,0.05,0.0,0.05,0.0,0.0,0.0,0.0,0.0,0.0,0.0,0.0,False,50
HAS2,0.01,0,0,0,41.0,35.0,41.0,0.5,0.0,0.0,0.1,0.0,0.0,0.0,0.0,0.0,0.0,0.0,0.0,0.0,0.0,0.0,False,50
PRDX6,0.01,0,0,0,41.0,41.0,41.0,,0.0,0.0,0.0,0.1,0.0,0.0,0.0,0.0,0.0,0.0,0.0,0.0,0.0,0.0,False,50
DPP3,0.01,0,0,0,41.5,37.0,41.5,1.0,0.25,0.0,0.0,0.0,0.0,0.0,0.0,0.05,0.05,0.0,0.0,0.0,0.0,0.25,False,50
MICALL2,0.01,0,0,0,41.5,35.0,41.5,1.0,0.0,0.0,0.0,0.0,0.0,0.0,0.0,0.05,0.05,0.0,0.0,0.0,0.0,0.0,False,50
POSTN,0.01,0,0,0,41.5,39.0,41.5,0.0,0.0,0.0,0.0,0.0,0.0,0.1,0.0,0.0,0.0,0.0,0.0,0.0,0.0,0.0,False,50
RNASE2,0.01,0,0,0,41.5,35.0,41.5,,0.0,0.0,0.0,0.1,0.0,0.0,0.0,0.0,0.0,0.0,0.0,0.0,0.0,0.0,False,50
SETD5,0.01,0,0,0,41.5,35.0,41.5,,0.0,0.0,0.0,0.0,0.0,0.0,0.0,0.0,0.1,0.0,0.0,0.0,0.0,0.0,False,50
STRADB,0.01,0,0,0,41.5,40.0,41.5,0.5,0.0,0.0,0.0,0.0,0.0,0.1,0.0,0.0,0.0,0.0,0.0,0.0,0.0,0.0,False,50
CNIH3,0.01,0,0,0,42.0,37.0,42.0,,0.0,0.0,0.0,0.1,0.0,0.0,0.0,0.0,0.0,0.0,0.0,0.0,0.0,0.0,False,50
CREBL2,0.01,0,0,0,42.0,34.0,42.0,1.0,0.0,0.0,0.0,0.0,0.0,0.0,0.0,0.1,0.0,0.0,0.0,0.0,0.0,0.0,False,50
LOC646778,0.01,0,0,0,42.0,42.0,42.0,0.0,0.0,0.0,0.0,0.0,0.05,0.0,0.05,0.0,0.0,0.0,0.0,0.0,0.05,0.0,False,50
SMTNL2,0.01,0,0,0,42.0,40.0,42.0,0.0,0.0,0.0,0.0,0.0,0.05,0.0,0.05,0.0,0.0,0.0,0.0,0.0,0.05,0.0,False,50
TMEM132A,0.01,0,0,0,42.0,36.0,42.0,1.0,0.0,0.0,0.0,0.0,0.0,0.0,0.0,0.05,0.05,0.0,0.0,0.0,0.0,0.0,False,50
WWC1,0.01,0,0,0,42.0,34.0,42.0,0.5,0.0,0.0,0.05,0.0,0.0,0.0,0.0,0.05,0.0,0.0,0.0,0.0,0.0,0.0,False,50
ZNF496,0.01,0,0,0,42.0,38.0,42.0,1.0,0.0,0.0,0.1,0.0,0.0,0.0,0.0,0.0,0.0,0.0,0.0,0.0,0.0,0.0,False,50
ACKR4,0.01,0,0,0,42.5,42.0,42.5,0.5,0.0,0.0,0.0,0.0,0.0,0.1,0.0,0.0,0.0,0.0,0.0,0.0,0.0,0.0,False,50
GFRA2,0.01,0,0,0,42.5,38.0,42.5,0.5,0.0,0.05,0.05,0.0,0.0,0.0,0.0,0.0,0.0,0.0,0.0,0.0,0.0,0.0,False,50
PRRC2C,0.01,0,0,0,42.5,35.0,42.5,0.6666666666666666,0.1,0.0,0.05,0.0,0.0,0.0,0.0,0.0,0.05,0.0,0.0,0.0,0.0,0.1,False,50
SMKR1,0.01,0,0,0,42.5,40.0,42.5,1.0,0.0,0.0,0.0,0.0,0.0,0.0,0.0,0.05,0.05,0.0,0.0,0.0,0.0,0.0,False,50
TRIB3,0.01,0,0,0,42.5,35.0,42.5,1.0,0.0,0.0,0.0,0.0,0.0,0.0,0.0,0.05,0.05,0.0,0.0,0.0,0.0,0.0,False,50
LIG1,0.01,0,0,0,43.0,37.0,43.0,1.0,0.1,0.0,0.0,0.0,0.0,0.0,0.0,0.05,0.05,0.0,0.0,0.0,0.0,0.1,False,50
RHPN2,0.01,0,0,0,43.0,40.0,43.0,1.0,0.0,0.0,0.0,0.0,0.0,0.0,0.0,0.05,0.05,0.0,0.0,0.0,0.0,0.0,False,50
SULF2,0.01,0,0,0,43.0,43.0,43.0,0.0,0.0,0.0,0.05,0.0,0.0,0.0,0.0,0.0,0.05,0.0,0.0,0.0,0.0,0.0,False,50
CORO1B,0.01,0,0,0,43.5,39.0,43.5,1.0,0.0,0.0,0.0,0.0,0.0,0.0,0.0,0.05,0.05,0.0,0.0,0.0,0.0,0.0,False,50
LOC100130278,0.01,0,0,0,43.5,43.0,43.5,0.0,0.0,0.0,0.0,0.0,0.1,0.0,0.0,0.0,0.0,0.0,0.0,0.0,0.05,0.0,False,50
YPEL1,0.01,0,0,0,43.5,37.0,43.5,,0.0,0.0,0.0,0.1,0.0,0.0,0.0,0.0,0.0,0.0,0.0,0.0,0.0,0.0,False,50
IGF2BP2-AS1,0.01,0,0,0,44.0,42.0,44.0,0.0,0.0,0.0,0.0,0.0,0.05,0.0,0.05,0.0,0.0,0.0,0.0,0.0,0.0,0.0,False,50
SNRNP200,0.01,0,0,0,44.0,40.0,44.0,1.0,0.0,0.0,0.0,0.0,0.0,0.0,0.0,0.05,0.05,0.0,0.0,0.0,0.0,0.0,False,50
CHST15,0.01,0,0,0,44.5,44.0,44.5,1.0,0.0,0.0,0.1,0.0,0.0,0.0,0.0,0.0,0.0,0.0,0.0,0.0,0.0,0.0,False,50
CYLC2,0.01,0,0,0,44.5,39.0,44.5,0.0,0.0,0.0,0.0,0.0,0.05,0.0,0.05,0.0,0.0,0.0,0.0,0.0,0.05,0.0,False,50
LOC100506022,0.01,0,0,0,44.5,41.0,44.5,0.0,0.0,0.05,0.0,0.05,0.0,0.0,0.0,0.0,0.0,0.0,0.0,0.0,0.0,0.0,False,50
PARD3B,0.01,0,0,0,44.5,39.0,44.5,0.5,0.0,0.0,0.05,0.0,0.0,0.05,0.0,0.0,0.0,0.0,0.0,0.0,0.0,0.0,False,50
PDCD4,0.01,0,0,0,44.5,40.0,44.5,,0.0,0.0,0.0,0.1,0.0,0.0,0.0,0.0,0.0,0.0,0.0,0.0,0.0,0.0,False,50
PTTG1IP,0.01,0,0,0,45.0,42.0,45.0,1.0,0.0,0.0,0.0,0.0,0.0,0.0,0.0,0.05,0.05,0.0,0.0,0.0,0.0,0.0,False,50
RUVBL2,0.01,0,0,0,45.0,41.0,45.0,1.0,0.0,0.0,0.0,0.0,0.0,0.1,0.0,0.0,0.0,0.0,0.0,0.0,0.0,0.0,False,50
LOC105374042,0.01,0,0,0,45.5,45.0,45.5,0.3333333333333333,0.0,0.0,0.0,0.0,0.05,0.05,0.0,0.0,0.0,0.0,0.0,0.0,0.05,0.0,False,50
ERBB3,0.01,0,0,0,46.0,43.0,46.0,1.0,0.05,0.0,0.0,0.0,0.0,0.0,0.0,0.05,0.05,0.0,0.0,0.0,0.0,0.05,False,50
GINS1,0.01,0,0,0,46.0,43.0,46.0,1.0,0.1,0.0,0.0,0.0,0.0,0.0,0.0,0.1,0.0,0.0,0.0,0.0,0.0,0.1,False,50
URGCP,0.01,0,0,0,46.0,42.0,46.0,1.0,0.0,0.0,0.0,0.0,0.0,0.0,0.0,0.05,0.05,0.0,0.0,0.0,0.0,0.0,False,50
CNOT11,0.01,0,0,0,46.5,44.0,46.5,1.0,0.0,0.0,0.0,0.0,0.0,0.0,0.0,0.05,0.05,0.0,0.0,0.0,0.0,0.0,False,50
SPX,0.01,0,0,0,46.5,45.0,46.5,0.0,0.0,0.0,0.0,0.0,0.0,0.0,0.1,0.0,0.0,0.0,0.0,0.15,0.0,0.0,False,50
LOC101928851,0.01,0,0,0,47.5,46.0,47.5,0.0,0.0,0.0,0.0,0.0,0.05,0.0,0.05,0.0,0.0,0.0,0.0,0.0,0.0,0.0,False,50
MAP1LC3C,0.01,0,0,0,47.5,46.0,47.5,0.0,0.0,0.05,0.0,0.0,0.0,0.0,0.05,0.0,0.0,0.0,0.0,0.1,0.05,0.0,False,50
PHKG2,0.01,0,0,0,47.5,47.0,47.5,1.0,0.35,0.0,0.0,0.0,0.0,0.0,0.0,0.05,0.05,0.0,0.0,0.0,0.0,0.35,False,50
HYMAI,0.01,0,0,0,49.0,48.0,49.0,1.0,0.0,0.0,0.05,0.0,0.0,0.0,0.0,0.0,0.05,0.0,0.0,0.0,0.0,0.0,False,50
C2orf76,0.01,0,0,0,49.5,49.0,49.5,0.0,0.0,0.0,0.0,0.05,0.0,0.05,0.0,0.0,0.0,0.0,0.0,0.0,0.0,0.0,False,50
C1orf234,0.005,0,0,0,1.0,1.0,1.0,1.0,0.0,0.05,0.0,0.0,0.0,0.0,0.0,0.0,0.0,0.0,0.0,0.0,0.0,0.0,False,50
LOC100127955,0.005,0,0,0,1.0,1.0,1.0,,0.0,0.0,0.0,0.05,0.0,0.0,0.0,0.0,0.0,0.0,0.0,0.0,0.0,0.0,False,50
MAGEL2,0.005,0,0,0,1.0,1.0,1.0,1.0,0.0,0.05,0.0,0.0,0.0,0.0,0.0,0.0,0.0,0.0,0.0,0.0,0.0,0.0,False,50
PRAP1,0.005,0,0,0,1.0,1.0,1.0,,0.0,0.0,0.0,0.05,0.0,0.0,0.0,0.0,0.0,0.0,0.0,0.0,0.0,0.0,False,50
C19orf12,0.005,0,0,0,2.0,2.0,2.0,,0.0,0.0,0.0,0.05,0.0,0.0,0.0,0.0,0.0,0.0,0.0,0.0,0.0,0.0,False,50
LOC101929964,0.005,0,0,0,2.0,2.0,2.0,,0.0,0.0,0.0,0.05,0.0,0.0,0.0,0.0,0.0,0.0,0.0,0.0,0.0,0.0,False,50
LOC102723526,0.005,0,0,0,2.0,2.0,2.0,,0.0,0.0,0.0,0.05,0.0,0.0,0.0,0.0,0.0,0.0,0.0,0.0,0.0,0.0,False,50
IL1RN,0.005,0,0,0,3.0,3.0,3.0,,0.0,0.0,0.0,0.05,0.0,0.0,0.0,0.0,0.0,0.0,0.0,0.0,0.0,0.0,False,50
LOC101928161,0.005,0,0,0,3.0,3.0,3.0,,0.0,0.0,0.0,0.05,0.0,0.0,0.0,0.0,0.0,0.0,0.0,0.0,0.0,0.0,False,50
FAM109B,0.005,0,0,0,4.0,4.0,4.0,0.0,0.0,0.0,0.05,0.0,0.0,0.0,0.0,0.0,0.0,0.0,0.0,0.0,0.0,0.0,False,50
OR51B6,0.005,0,0,0,4.0,4.0,4.0,,0.0,0.0,0.0,0.05,0.0,0.0,0.0,0.0,0.0,0.0,0.0,0.0,0.0,0.0,False,50
PIR,0.005,0,0,0,4.0,4.0,4.0,1.0,0.0,0.0,0.05,0.0,0.0,0.0,0.0,0.0,0.0,0.0,0.0,0.0,0.0,0.0,False,50
SLC1A5,0.005,0,0,0,4.0,4.0,4.0,,0.0,0.0,0.0,0.05,0.0,0.0,0.0,0.0,0.0,0.0,0.0,0.0,0.0,0.0,False,50
TDRD9,0.005,0,0,0,4.0,4.0,4.0,0.5,0.0,0.0,0.0,0.0,0.0,0.05,0.0,0.0,0.0,0.0,0.0,0.0,0.05,0.0,False,50
ANKRD60,0.005,0,0,0,5.0,5.0,5.0,,0.0,0.0,0.0,0.05,0.0,0.0,0.0,0.0,0.0,0.0,0.0,0.0,0.0,0.0,False,50
LRRN1,0.005,0,0,0,5.0,5.0,5.0,1.0,0.0,0.0,0.05,0.0,0.0,0.0,0.0,0.0,0.0,0.0,0.0,0.0,0.0,0.0,False,50
MED7,0.005,0,0,0,5.0,5.0,5.0,,0.0,0.0,0.0,0.05,0.0,0.0,0.0,0.0,0.0,0.0,0.0,0.0,0.0,0.0,False,50
AK6,0.005,0,0,0,6.0,6.0,6.0,,0.0,0.0,0.0,0.05,0.0,0.0,0.0,0.0,0.0,0.0,0.0,0.0,0.0,0.0,False,50
CCDC38,0.005,0,0,0,6.0,6.0,6.0,,0.0,0.0,0.0,0.05,0.0,0.0,0.0,0.0,0.0,0.0,0.0,0.0,0.0,0.0,False,50
DPY19L1P1,0.005,0,0,0,6.0,6.0,6.0,,0.0,0.0,0.0,0.05,0.0,0.0,0.0,0.0,0.0,0.0,0.0,0.0,0.0,0.0,False,50
TESK1,0.005,0,0,0,6.0,6.0,6.0,,0.0,0.0,0.0,0.05,0.0,0.0,0.0,0.0,0.0,0.0,0.0,0.0,0.0,0.0,False,50
TMEM108,0.005,0,0,0,6.0,6.0,6.0,,0.0,0.0,0.0,0.05,0.0,0.0,0.0,0.0,0.0,0.0,0.0,0.0,0.0,0.0,False,50
ACAT1,0.005,0,0,0,7.0,7.0,7.0,1.0,0.0,0.0,0.05,0.0,0.0,0.0,0.0,0.0,0.0,0.0,0.0,0.0,0.0,0.0,False,50
ATP6V1E1,0.005,0,0,0,7.0,7.0,7.0,,0.0,0.0,0.0,0.05,0.0,0.0,0.0,0.0,0.0,0.0,0.0,0.0,0.0,0.0,False,50
MPC1,0.005,0,0,0,7.0,7.0,7.0,0.0,0.0,0.0,0.0,0.0,0.0,0.05,0.0,0.0,0.0,0.0,0.0,0.0,0.0,0.0,False,50
VSTM1,0.005,0,0,0,7.0,7.0,7.0,,0.0,0.0,0.0,0.05,0.0,0.0,0.0,0.0,0.0,0.0,0.0,0.0,0.0,0.0,False,50
ZNF2,0.005,0,0,0,7.0,7.0,7.0,1.0,0.0,0.0,0.0,0.0,0.0,0.05,0.0,0.0,0.0,0.0,0.0,0.0,0.0,0.0,False,50
BDKRB2,0.005,0,0,0,8.0,8.0,8.0,0.0,0.0,0.0,0.05,0.0,0.0,0.0,0.0,0.0,0.0,0.0,0.0,0.0,0.0,0.0,False,50
IFIT2,0.005,0,0,0,8.0,8.0,8.0,1.0,0.0,0.0,0.05,0.0,0.0,0.0,0.0,0.0,0.0,0.0,0.0,0.0,0.0,0.0,False,50
IL10,0.005,0,0,0,8.0,8.0,8.0,,0.0,0.0,0.0,0.05,0.0,0.0,0.0,0.0,0.0,0.0,0.0,0.0,0.0,0.0,False,50
KRT75,0.005,0,0,0,8.0,8.0,8.0,1.0,0.0,0.05,0.0,0.0,0.0,0.0,0.0,0.0,0.0,0.0,0.0,0.0,0.0,0.0,False,50
LDHAL6A,0.005,0,0,0,8.0,8.0,8.0,,0.0,0.0,0.0,0.05,0.0,0.0,0.0,0.0,0.0,0.0,0.0,0.0,0.0,0.0,False,50
NKAIN4,0.005,0,0,0,8.0,8.0,8.0,1.0,0.0,0.0,0.05,0.0,0.0,0.0,0.0,0.0,0.0,0.0,0.0,0.0,0.0,0.0,False,50
PARK7,0.005,0,0,0,8.0,8.0,8.0,,0.0,0.0,0.0,0.05,0.0,0.0,0.0,0.0,0.0,0.0,0.0,0.0,0.0,0.0,False,50
ST6GAL2,0.005,0,0,0,8.0,8.0,8.0,1.0,0.0,0.0,0.05,0.0,0.0,0.0,0.0,0.0,0.0,0.0,0.0,0.0,0.0,0.0,False,50
CHRNE,0.005,0,0,0,9.0,9.0,9.0,,0.0,0.0,0.0,0.05,0.0,0.0,0.0,0.0,0.0,0.0,0.0,0.0,0.0,0.0,False,50
CYP27A1,0.005,0,0,0,9.0,9.0,9.0,,0.0,0.0,0.0,0.05,0.0,0.0,0.0,0.0,0.0,0.0,0.0,0.0,0.0,0.0,False,50
FOXE1,0.005,0,0,0,9.0,9.0,9.0,,0.0,0.0,0.0,0.05,0.0,0.0,0.0,0.0,0.0,0.0,0.0,0.0,0.0,0.0,False,50
MRPL1,0.005,0,0,0,9.0,9.0,9.0,0.3333333333333333,0.1,0.0,0.0,0.0,0.0,0.05,0.0,0.0,0.0,0.0,0.0,0.0,0.0,0.1,False,50
RIMBP2,0.005,0,0,0,9.0,9.0,9.0,0.0,0.0,0.05,0.0,0.0,0.0,0.0,0.0,0.0,0.0,0.0,0.0,0.0,0.0,0.0,False,50
SCFD1,0.005,0,0,0,9.0,9.0,9.0,,0.0,0.0,0.0,0.05,0.0,0.0,0.0,0.0,0.0,0.0,0.0,0.0,0.0,0.0,False,50
LINC00320,0.005,0,0,0,10.0,10.0,10.0,,0.0,0.0,0.0,0.05,0.0,0.0,0.0,0.0,0.0,0.0,0.0,0.0,0.0,0.0,False,50
LOC101929459,0.005,0,0,0,10.0,10.0,10.0,,0.0,0.0,0.0,0.05,0.0,0.0,0.0,0.0,0.0,0.0,0.0,0.0,0.0,0.0,False,50
LOC728114,0.005,0,0,0,10.0,10.0,10.0,,0.0,0.0,0.0,0.05,0.0,0.0,0.0,0.0,0.0,0.0,0.0,0.0,0.0,0.0,False,50
PHTF2,0.005,0,0,0,10.0,10.0,10.0,,0.0,0.0,0.0,0.05,0.0,0.0,0.0,0.0,0.0,0.0,0.0,0.0,0.0,0.0,False,50
POLR2E,0.005,0,0,0,10.0,10.0,10.0,,0.0,0.0,0.0,0.05,0.0,0.0,0.0,0.0,0.0,0.0,0.0,0.0,0.0,0.0,False,50
PTPRD-AS1,0.005,0,0,0,10.0,10.0,10.0,,0.0,0.0,0.0,0.05,0.0,0.0,0.0,0.0,0.0,0.0,0.0,0.0,0.0,0.0,False,50
SERPINB9P1,0.005,0,0,0,10.0,10.0,10.0,1.0,0.0,0.0,0.05,0.0,0.0,0.0,0.0,0.0,0.0,0.0,0.0,0.0,0.0,0.0,False,50
TCERG1L,0.005,0,0,0,10.0,10.0,10.0,,0.0,0.0,0.0,0.05,0.0,0.0,0.0,0.0,0.0,0.0,0.0,0.0,0.0,0.0,False,50
ARX,0.005,0,0,0,11.0,11.0,11.0,0.0,0.0,0.0,0.05,0.0,0.0,0.0,0.0,0.0,0.0,0.0,0.0,0.0,0.0,0.0,False,50
C17orf77,0.005,0,0,0,11.0,11.0,11.0,,0.0,0.0,0.0,0.05,0.0,0.0,0.0,0.0,0.0,0.0,0.0,0.0,0.0,0.0,False,50
CLECL1,0.005,0,0,0,11.0,11.0,11.0,,0.0,0.0,0.0,0.05,0.0,0.0,0.0,0.0,0.0,0.0,0.0,0.0,0.0,0.0,False,50
COX4I2,0.005,0,0,0,11.0,11.0,11.0,0.0,0.0,0.0,0.0,0.0,0.0,0.05,0.0,0.0,0.0,0.0,0.0,0.0,0.0,0.0,False,50
EXOC6B,0.005,0,0,0,11.0,11.0,11.0,0.0,0.0,0.0,0.05,0.0,0.0,0.0,0.0,0.0,0.0,0.0,0.0,0.0,0.0,0.0,False,50
LINC01102,0.005,0,0,0,11.0,11.0,11.0,,0.0,0.0,0.0,0.05,0.0,0.0,0.0,0.0,0.0,0.0,0.0,0.0,0.0,0.0,False,50
RNASET2,0.005,0,0,0,11.0,11.0,11.0,1.0,0.0,0.0,0.05,0.0,0.0,0.0,0.0,0.0,0.0,0.0,0.0,0.0,0.0,0.0,False,50
CYP4Z2P,0.005,0,0,0,12.0,12.0,12.0,0.0,0.0,0.0,0.05,0.0,0.0,0.0,0.0,0.0,0.0,0.0,0.0,0.0,0.0,0.0,False,50
LOC645321,0.005,0,0,0,12.0,12.0,12.0,1.0,0.0,0.0,0.0,0.05,0.0,0.0,0.0,0.0,0.0,0.0,0.0,0.0,0.05,0.0,False,50
ZNF469,0.005,0,0,0,12.0,12.0,12.0,1.0,0.0,0.0,0.05,0.0,0.0,0.0,0.0,0.0,0.0,0.0,0.0,0.0,0.0,0.0,False,50
ZNF492,0.005,0,0,0,12.0,12.0,12.0,0.0,0.0,0.0,0.05,0.0,0.0,0.0,0.0,0.0,0.0,0.0,0.0,0.0,0.0,0.0,False,50
ZNF546,0.005,0,0,0,12.0,12.0,12.0,,0.0,0.0,0.0,0.05,0.0,0.0,0.0,0.0,0.0,0.0,0.0,0.0,0.0,0.0,False,50
DGCR7,0.005,0,0,0,13.0,13.0,13.0,0.0,0.0,0.0,0.0,0.0,0.05,0.0,0.0,0.0,0.0,0.0,0.0,0.0,0.05,0.0,False,50
LINC01272,0.005,0,0,0,13.0,13.0,13.0,,0.0,0.0,0.0,0.05,0.0,0.0,0.0,0.0,0.0,0.0,0.0,0.0,0.0,0.0,False,50
MAP3K9,0.005,0,0,0,13.0,13.0,13.0,1.0,0.0,0.0,0.05,0.0,0.0,0.0,0.0,0.0,0.0,0.0,0.0,0.0,0.0,0.0,False,50
TLX1NB,0.005,0,0,0,13.0,13.0,13.0,,0.0,0.0,0.0,0.05,0.0,0.0,0.0,0.0,0.0,0.0,0.0,0.0,0.0,0.0,False,50
TRH,0.005,0,0,0,13.0,13.0,13.0,1.0,0.0,0.05,0.0,0.0,0.0,0.0,0.0,0.0,0.0,0.0,0.0,0.0,0.0,0.0,False,50
HTRA4,0.005,0,0,0,14.0,14.0,14.0,,0.0,0.0,0.0,0.05,0.0,0.0,0.0,0.0,0.0,0.0,0.0,0.0,0.0,0.0,False,50
LINC00354,0.005,0,0,0,14.0,14.0,14.0,,0.0,0.0,0.0,0.05,0.0,0.0,0.0,0.0,0.0,0.0,0.0,0.0,0.0,0.0,False,50
RHOBTB3,0.005,0,0,0,14.0,14.0,14.0,0.0,0.0,0.0,0.05,0.0,0.0,0.0,0.0,0.0,0.0,0.0,0.0,0.0,0.0,0.0,False,50
RSPH4A,0.005,0,0,0,14.0,14.0,14.0,,0.0,0.0,0.0,0.05,0.0,0.0,0.0,0.0,0.0,0.0,0.0,0.0,0.0,0.0,False,50
SLC16A10,0.005,0,0,0,14.0,14.0,14.0,,0.0,0.0,0.0,0.05,0.0,0.0,0.0,0.0,0.0,0.0,0.0,0.0,0.0,0.0,False,50
AGBL4,0.005,0,0,0,15.0,15.0,15.0,0.0,0.0,0.0,0.0,0.0,0.0,0.05,0.0,0.0,0.0,0.0,0.0,0.0,0.0,0.0,False,50
CUTC,0.005,0,0,0,15.0,15.0,15.0,,0.0,0.0,0.0,0.05,0.0,0.0,0.0,0.0,0.0,0.0,0.0,0.0,0.0,0.0,False,50
DISC1FP1,0.005,0,0,0,15.0,15.0,15.0,,0.0,0.0,0.0,0.05,0.0,0.0,0.0,0.0,0.0,0.0,0.0,0.0,0.0,0.0,False,50
LOC100505549,0.005,0,0,0,15.0,15.0,15.0,,0.0,0.0,0.0,0.05,0.0,0.0,0.0,0.0,0.0,0.0,0.0,0.0,0.0,0.0,False,50
LOC100507600,0.005,0,0,0,15.0,15.0,15.0,,0.0,0.0,0.0,0.05,0.0,0.0,0.0,0.0,0.0,0.0,0.0,0.0,0.0,0.0,False,50
MUC1,0.005,0,0,0,15.0,15.0,15.0,0.0,0.0,0.0,0.05,0.0,0.0,0.0,0.0,0.0,0.0,0.0,0.0,0.0,0.0,0.0,False,50
RMI1,0.005,0,0,0,15.0,15.0,15.0,1.0,0.0,0.0,0.05,0.0,0.0,0.0,0.0,0.0,0.0,0.0,0.0,0.0,0.0,0.0,False,50
RNASE1,0.005,0,0,0,15.0,15.0,15.0,1.0,0.0,0.0,0.05,0.0,0.0,0.0,0.0,0.0,0.0,0.0,0.0,0.0,0.0,0.0,False,50
SLC35G1,0.005,0,0,0,15.0,15.0,15.0,0.0,0.0,0.0,0.0,0.0,0.0,0.05,0.0,0.0,0.0,0.0,0.0,0.0,0.0,0.0,False,50
CHRNA1,0.005,0,0,0,16.0,16.0,16.0,,0.0,0.0,0.0,0.05,0.0,0.0,0.0,0.0,0.0,0.0,0.0,0.0,0.0,0.0,False,50
EPYC,0.005,0,0,0,16.0,16.0,16.0,,0.0,0.0,0.0,0.05,0.0,0.0,0.0,0.0,0.0,0.0,0.0,0.0,0.0,0.0,False,50
FAM162B,0.005,0,0,0,16.0,16.0,16.0,1.0,0.0,0.0,0.05,0.0,0.0,0.0,0.0,0.0,0.0,0.0,0.0,0.0,0.0,0.0,False,50
LINC00636,0.005,0,0,0,16.0,16.0,16.0,,0.0,0.0,0.0,0.05,0.0,0.0,0.0,0.0,0.0,0.0,0.0,0.0,0.0,0.0,False,50
LOC101928132,0.005,0,0,0,16.0,16.0,16.0,1.0,0.0,0.0,0.0,0.05,0.0,0.0,0.0,0.0,0.0,0.0,0.0,0.0,0.05,0.0,False,50
LOC105375531,0.005,0,0,0,16.0,16.0,16.0,,0.0,0.0,0.0,0.05,0.0,0.0,0.0,0.0,0.0,0.0,0.0,0.0,0.0,0.0,False,50
MAP10,0.005,0,0,0,16.0,16.0,16.0,,0.0,0.0,0.0,0.05,0.0,0.0,0.0,0.0,0.0,0.0,0.0,0.0,0.0,0.0,False,50
PDIA4,0.005,0,0,0,16.0,16.0,16.0,0.5,0.05,0.0,0.05,0.0,0.0,0.0,0.0,0.0,0.0,0.0,0.0,0.0,0.0,0.05,False,50
TCF20,0.005,0,0,0,16.0,16.0,16.0,1.0,0.0,0.0,0.05,0.0,0.0,0.0,0.0,0.0,0.0,0.0,0.0,0.0,0.0,0.0,False,50
ATP6V1D,0.005,0,0,0,17.0,17.0,17.0,,0.0,0.0,0.0,0.05,0.0,0.0,0.0,0.0,0.0,0.0,0.0,0.0,0.0,0.0,False,50
FAM47E,0.005,0,0,0,17.0,17.0,17.0,,0.0,0.0,0.0,0.05,0.0,0.0,0.0,0.0,0.0,0.0,0.0,0.0,0.0,0.0,False,50
LMOD1,0.005,0,0,0,17.0,17.0,17.0,1.0,0.0,0.0,0.05,0.0,0.0,0.0,0.0,0.0,0.0,0.0,0.0,0.0,0.0,0.0,False,50
LOC100129455,0.005,0,0,0,17.0,17.0,17.0,1.0,0.0,0.05,0.0,0.0,0.0,0.0,0.0,0.0,0.0,0.0,0.0,0.0,0.0,0.0,False,50
MCTP1,0.005,0,0,0,17.0,17.0,17.0,1.0,0.0,0.0,0.05,0.0,0.0,0.0,0.0,0.0,0.0,0.0,0.0,0.0,0.0,0.0,False,50
PCDHGA9,0.005,0,0,0,17.0,17.0,17.0,0.0,0.0,0.05,0.0,0.0,0.0,0.0,0.0,0.0,0.0,0.0,0.0,0.05,0.0,0.0,False,50
RASL10A,0.005,0,0,0,17.0,17.0,17.0,1.0,0.0,0.0,0.05,0.0,0.0,0.0,0.0,0.0,0.0,0.0,0.0,0.0,0.0,0.0,False,50
STS,0.005,0,0,0,17.0,17.0,17.0,0.0,0.0,0.0,0.0,0.0,0.0,0.05,0.0,0.0,0.0,0.0,0.0,0.0,0.0,0.0,False,50
TMEM130,0.005,0,0,0,17.0,17.0,17.0,1.0,0.0,0.05,0.0,0.0,0.0,0.0,0.0,0.0,0.0,0.0,0.0,0.0,0.0,0.0,False,50
C22orf46,0.005,0,0,0,18.0,18.0,18.0,,0.0,0.0,0.0,0.05,0.0,0.0,0.0,0.0,0.0,0.0,0.0,0.0,0.0,0.0,False,50
CDKL3,0.005,0,0,0,18.0,18.0,18.0,,0.0,0.0,0.0,0.05,0.0,0.0,0.0,0.0,0.0,0.0,0.0,0.0,0.0,0.0,False,50
CSDE1,0.005,0,0,0,18.0,18.0,18.0,,0.0,0.0,0.0,0.05,0.0,0.0,0.0,0.0,0.0,0.0,0.0,0.0,0.0,0.0,False,50
CYMP,0.005,0,0,0,18.0,18.0,18.0,,0.0,0.0,0.0,0.05,0.0,0.0,0.0,0.0,0.0,0.0,0.0,0.0,0.0,0.0,False,50
DSG3,0.005,0,0,0,18.0,18.0,18.0,0.0,0.0,0.0,0.05,0.0,0.0,0.0,0.0,0.0,0.0,0.0,0.0,0.0,0.0,0.0,False,50
EMP1,0.005,0,0,0,18.0,18.0,18.0,1.0,0.0,0.0,0.0,0.0,0.0,0.0,0.0,0.05,0.0,0.0,0.0,0.0,0.0,0.0,False,50
FAM19A2,0.005,0,0,0,18.0,18.0,18.0,1.0,0.0,0.0,0.05,0.0,0.0,0.0,0.0,0.0,0.0,0.0,0.0,0.0,0.0,0.0,False,50
LINC00969,0.005,0,0,0,18.0,18.0,18.0,,0.0,0.0,0.0,0.0,0.0,0.0,0.0,0.0,0.05,0.0,0.0,0.0,0.0,0.0,False,50
SBF2,0.005,0,0,0,18.0,18.0,18.0,1.0,0.0,0.0,0.0,0.0,0.0,0.0,0.0,0.05,0.0,0.0,0.0,0.0,0.0,0.0,False,50
SNX15,0.005,0,0,0,18.0,18.0,18.0,,0.0,0.0,0.0,0.05,0.0,0.0,0.0,0.0,0.0,0.0,0.0,0.0,0.0,0.0,False,50
ANTXR2,0.005,0,0,0,19.0,19.0,19.0,1.0,0.0,0.0,0.0,0.0,0.0,0.0,0.0,0.05,0.0,0.0,0.0,0.0,0.0,0.0,False,50
D21S2090E,0.005,0,0,0,19.0,19.0,19.0,,0.0,0.0,0.0,0.05,0.0,0.0,0.0,0.0,0.0,0.0,0.0,0.0,0.0,0.0,False,50
DCUN1D3,0.005,0,0,0,19.0,19.0,19.0,,0.0,0.0,0.0,0.05,0.0,0.0,0.0,0.0,0.0,0.0,0.0,0.0,0.0,0.0,False,50
ESYT1,0.005,0,0,0,19.0,19.0,19.0,,0.0,0.0,0.0,0.05,0.0,0.0,0.0,0.0,0.0,0.0,0.0,0.0,0.0,0.0,False,50
HTR1D,0.005,0,0,0,19.0,19.0,19.0,,0.0,0.0,0.0,0.05,0.0,0.0,0.0,0.0,0.0,0.0,0.0,0.0,0.0,0.0,False,50
IRF9,0.005,0,0,0,19.0,19.0,19.0,0.0,0.0,0.0,0.05,0.0,0.0,0.0,0.0,0.0,0.0,0.0,0.0,0.0,0.0,0.0,False,50
SAGE1,0.005,0,0,0,19.0,19.0,19.0,,0.0,0.0,0.0,0.05,0.0,0.0,0.0,0.0,0.0,0.0,0.0,0.0,0.0,0.0,False,50
SLC9A3R1,0.005,0,0,0,19.0,19.0,19.0,,0.0,0.0,0.0,0.0,0.0,0.0,0.0,0.0,0.05,0.0,0.0,0.0,0.0,0.0,False,50
SYCP1,0.005,0,0,0,19.0,19.0,19.0,0.0,0.0,0.05,0.0,0.0,0.0,0.0,0.0,0.0,0.0,0.0,0.0,0.05,0.0,0.0,False,50
ADAMTS5,0.005,0,0,0,20.0,20.0,20.0,1.0,0.0,0.0,0.0,0.0,0.0,0.0,0.0,0.05,0.0,0.0,0.0,0.0,0.0,0.0,False,50
CCDC160,0.005,0,0,0,20.0,20.0,20.0,0.0,0.0,0.0,0.05,0.0,0.0,0.0,0.0,0.0,0.0,0.0,0.0,0.0,0.0,0.0,False,50
CLMP,0.005,0,0,0,20.0,20.0,20.0,1.0,0.0,0.0,0.0,0.0,0.0,0.0,0.0,0.05,0.0,0.0,0.0,0.0,0.0,0.0,False,50
ETFA,0.005,0,0,0,20.0,20.0,20.0,1.0,0.0,0.0,0.05,0.0,0.0,0.0,0.0,0.0,0.0,0.0,0.0,0.0,0.0,0.0,False,50
HCG27,0.005,0,0,0,20.0,20.0,20.0,,0.0,0.0,0.0,0.05,0.0,0.0,0.0,0.0,0.0,0.0,0.0,0.0,0.0,0.0,False,50
KCTD19,0.005,0,0,0,20.0,20.0,20.0,,0.0,0.0,0.0,0.05,0.0,0.0,0.0,0.0,0.0,0.0,0.0,0.0,0.0,0.0,False,50
LILRB1,0.005,0,0,0,20.0,20.0,20.0,,0.0,0.0,0.0,0.05,0.0,0.0,0.0,0.0,0.0,0.0,0.0,0.0,0.0,0.0,False,50
NXPH1,0.005,0,0,0,20.0,20.0,20.0,0.0,0.0,0.0,0.05,0.0,0.0,0.0,0.0,0.0,0.0,0.0,0.0,0.0,0.0,0.0,False,50
PRPF38B,0.005,0,0,0,20.0,20.0,20.0,,0.0,0.0,0.0,0.05,0.0,0.0,0.0,0.0,0.0,0.0,0.0,0.0,0.0,0.0,False,50
PTHLH,0.005,0,0,0,20.0,20.0,20.0,,0.0,0.0,0.0,0.05,0.0,0.0,0.0,0.0,0.0,0.0,0.0,0.0,0.0,0.0,False,50
SEMA4C,0.005,0,0,0,20.0,20.0,20.0,,0.0,0.0,0.0,0.0,0.0,0.0,0.0,0.0,0.05,0.0,0.0,0.0,0.0,0.0,False,50
SLC26A4,0.005,0,0,0,20.0,20.0,20.0,,0.0,0.0,0.0,0.05,0.0,0.0,0.0,0.0,0.0,0.0,0.0,0.0,0.0,0.0,False,50
ZAK,0.005,0,0,0,20.0,20.0,20.0,0.0,0.0,0.0,0.05,0.0,0.0,0.0,0.0,0.0,0.0,0.0,0.0,0.0,0.0,0.0,False,50
AQP9,0.005,0,0,0,21.0,21.0,21.0,,0.0,0.0,0.0,0.05,0.0,0.0,0.0,0.0,0.0,0.0,0.0,0.0,0.0,0.0,False,50
CAV1,0.005,0,0,0,21.0,21.0,21.0,1.0,0.0,0.0,0.0,0.0,0.0,0.0,0.0,0.05,0.0,0.0,0.0,0.0,0.0,0.0,False,50
CYP4F62P,0.005,0,0,0,21.0,21.0,21.0,,0.0,0.0,0.0,0.05,0.0,0.0,0.0,0.0,0.0,0.0,0.0,0.0,0.0,0.0,False,50
GAL3ST4,0.005,0,0,0,21.0,21.0,21.0,0.0,0.0,0.0,0.05,0.0,0.0,0.0,0.0,0.0,0.0,0.0,0.0,0.0,0.0,0.0,False,50
KLK5,0.005,0,0,0,21.0,21.0,21.0,,0.0,0.0,0.0,0.05,0.0,0.0,0.0,0.0,0.0,0.0,0.0,0.0,0.0,0.0,False,50
LOC100506098,0.005,0,0,0,21.0,21.0,21.0,,0.0,0.0,0.0,0.05,0.0,0.0,0.0,0.0,0.0,0.0,0.0,0.0,0.0,0.0,False,50
LOC101929552,0.005,0,0,0,21.0,21.0,21.0,0.0,0.0,0.0,0.0,0.0,0.05,0.0,0.0,0.0,0.0,0.0,0.0,0.0,0.05,0.0,False,50
OLR1,0.005,0,0,0,21.0,21.0,21.0,,0.0,0.0,0.0,0.05,0.0,0.0,0.0,0.0,0.0,0.0,0.0,0.0,0.0,0.0,False,50
PRKACA,0.005,0,0,0,21.0,21.0,21.0,,0.0,0.0,0.0,0.05,0.0,0.0,0.0,0.0,0.0,0.0,0.0,0.0,0.0,0.0,False,50
TENM2,0.005,0,0,0,21.0,21.0,21.0,0.0,0.0,0.0,0.05,0.0,0.0,0.0,0.0,0.0,0.0,0.0,0.0,0.0,0.0,0.0,False,50
ZNF436-AS1,0.005,0,0,0,21.0,21.0,21.0,,0.0,0.0,0.0,0.05,0.0,0.0,0.0,0.0,0.0,0.0,0.0,0.0,0.0,0.0,False,50
GYG2,0.005,0,0,0,22.0,22.0,22.0,1.0,0.0,0.0,0.0,0.0,0.0,0.0,0.0,0.05,0.0,0.0,0.0,0.0,0.0,0.0,False,50
KIF5B,0.005,0,0,0,22.0,22.0,22.0,1.0,0.0,0.0,0.05,0.0,0.0,0.0,0.0,0.0,0.0,0.0,0.0,0.0,0.0,0.0,False,50
LIMK1,0.005,0,0,0,22.0,22.0,22.0,,0.0,0.0,0.0,0.05,0.0,0.0,0.0,0.0,0.0,0.0,0.0,0.0,0.0,0.0,False,50
LIMS1,0.005,0,0,0,22.0,22.0,22.0,,0.0,0.0,0.0,0.05,0.0,0.0,0.0,0.0,0.0,0.0,0.0,0.0,0.0,0.0,False,50
LINC01012,0.005,0,0,0,22.0,22.0,22.0,,0.0,0.0,0.0,0.05,0.0,0.0,0.0,0.0,0.0,0.0,0.0,0.0,0.0,0.0,False,50
LRP3,0.005,0,0,0,22.0,22.0,22.0,,0.0,0.0,0.0,0.05,0.0,0.0,0.0,0.0,0.0,0.0,0.0,0.0,0.0,0.0,False,50
NDUFB3,0.005,0,0,0,22.0,22.0,22.0,,0.0,0.0,0.0,0.05,0.0,0.0,0.0,0.0,0.0,0.0,0.0,0.0,0.0,0.0,False,50
SH2B1,0.005,0,0,0,22.0,22.0,22.0,1.0,0.0,0.0,0.05,0.0,0.0,0.0,0.0,0.0,0.0,0.0,0.0,0.0,0.0,0.0,False,50
WNT10B,0.005,0,0,0,22.0,22.0,22.0,,0.0,0.0,0.0,0.05,0.0,0.0,0.0,0.0,0.0,0.0,0.0,0.0,0.0,0.0,False,50
ANKRD13D,0.005,0,0,0,23.0,23.0,23.0,,0.0,0.0,0.0,0.05,0.0,0.0,0.0,0.0,0.0,0.0,0.0,0.0,0.0,0.0,False,50
APOC1,0.005,0,0,0,23.0,23.0,23.0,1.0,0.0,0.0,0.0,0.0,0.0,0.05,0.0,0.0,0.0,0.0,0.0,0.0,0.0,0.0,False,50
C2CD2,0.005,0,0,0,23.0,23.0,23.0,1.0,0.0,0.0,0.0,0.0,0.0,0.0,0.0,0.05,0.0,0.0,0.0,0.0,0.0,0.0,False,50
ELSPBP1,0.005,0,0,0,23.0,23.0,23.0,,0.0,0.0,0.0,0.05,0.0,0.0,0.0,0.0,0.0,0.0,0.0,0.0,0.0,0.0,False,50
GALNT6,0.005,0,0,0,23.0,23.0,23.0,1.0,0.1,0.0,0.0,0.0,0.0,0.0,0.0,0.0,0.05,0.0,0.0,0.0,0.0,0.1,False,50
GPR34,0.005,0,0,0,23.0,23.0,23.0,1.0,0.0,0.0,0.0,0.0,0.0,0.0,0.0,0.05,0.0,0.0,0.0,0.0,0.0,0.0,False,50
HN1,0.005,0,0,0,23.0,23.0,23.0,,0.0,0.0,0.0,0.0,0.0,0.0,0.0,0.0,0.05,0.0,0.0,0.0,0.0,0.0,False,50
MARCH2,0.005,0,0,0,23.0,23.0,23.0,0.0,0.0,0.0,0.05,0.0,0.0,0.0,0.0,0.0,0.0,0.0,0.0,0.0,0.0,0.0,False,50
NBEAL1,0.005,0,0,0,23.0,23.0,23.0,0.0,0.0,0.0,0.05,0.0,0.0,0.0,0.0,0.0,0.0,0.0,0.0,0.0,0.0,0.0,False,50
PCNX4,0.005,0,0,0,23.0,23.0,23.0,,0.0,0.0,0.0,0.05,0.0,0.0,0.0,0.0,0.0,0.0,0.0,0.0,0.0,0.0,False,50
PI15,0.005,0,0,0,23.0,23.0,23.0,0.0,0.0,0.0,0.05,0.0,0.0,0.0,0.0,0.0,0.0,0.0,0.0,0.0,0.0,0.0,False,50
SARM1,0.005,0,0,0,23.0,23.0,23.0,,0.0,0.0,0.0,0.05,0.0,0.0,0.0,0.0,0.0,0.0,0.0,0.0,0.0,0.0,False,50
SPATA31E1,0.005,0,0,0,23.0,23.0,23.0,0.0,0.0,0.05,0.0,0.0,0.0,0.0,0.0,0.0,0.0,0.0,0.0,0.05,0.0,0.0,False,50
TAL2,0.005,0,0,0,23.0,23.0,23.0,0.0,0.0,0.0,0.0,0.0,0.0,0.05,0.0,0.0,0.0,0.0,0.0,0.0,0.0,0.0,False,50
TMEM56,0.005,0,0,0,23.0,23.0,23.0,0.0,0.0,0.0,0.05,0.0,0.0,0.0,0.0,0.0,0.0,0.0,0.0,0.0,0.0,0.0,False,50
ZNF385D,0.005,0,0,0,23.0,23.0,23.0,1.0,0.0,0.0,0.05,0.0,0.0,0.0,0.0,0.0,0.0,0.0,0.0,0.0,0.0,0.0,False,50
CDC14B,0.005,0,0,0,24.0,24.0,24.0,1.0,0.0,0.0,0.0,0.0,0.0,0.0,0.0,0.05,0.0,0.0,0.0,0.0,0.0,0.0,False,50
CDH2,0.005,0,0,0,24.0,24.0,24.0,1.0,0.0,0.0,0.0,0.0,0.0,0.05,0.0,0.0,0.0,0.0,0.0,0.0,0.0,0.0,False,50
DHX33,0.005,0,0,0,24.0,24.0,24.0,1.0,0.0,0.0,0.05,0.0,0.0,0.0,0.0,0.0,0.0,0.0,0.0,0.0,0.0,0.0,False,50
FLG-AS1,0.005,0,0,0,24.0,24.0,24.0,,0.0,0.0,0.0,0.05,0.0,0.0,0.0,0.0,0.0,0.0,0.0,0.0,0.0,0.0,False,50
LOC101060609,0.005,0,0,0,24.0,24.0,24.0,,0.0,0.0,0.0,0.05,0.0,0.0,0.0,0.0,0.0,0.0,0.0,0.0,0.0,0.0,False,50
LOC102724612,0.005,0,0,0,24.0,24.0,24.0,,0.0,0.0,0.0,0.05,0.0,0.0,0.0,0.0,0.0,0.0,0.0,0.0,0.0,0.0,False,50
PCDH19,0.005,0,0,0,24.0,24.0,24.0,0.0,0.0,0.0,0.05,0.0,0.0,0.0,0.0,0.0,0.0,0.0,0.0,0.0,0.0,0.0,False,50
PHKB,0.005,0,0,0,24.0,24.0,24.0,1.0,0.0,0.0,0.05,0.0,0.0,0.0,0.0,0.0,0.0,0.0,0.0,0.0,0.0,0.0,False,50
PNLIPRP3,0.005,0,0,0,24.0,24.0,24.0,0.0,0.0,0.05,0.0,0.0,0.0,0.0,0.0,0.0,0.0,0.0,0.0,0.0,0.0,0.0,False,50
RGS3,0.005,0,0,0,24.0,24.0,24.0,1.0,0.0,0.0,0.05,0.0,0.0,0.0,0.0,0.0,0.0,0.0,0.0,0.0,0.0,0.0,False,50
SLC25A3P1,0.005,0,0,0,24.0,24.0,24.0,,0.0,0.0,0.0,0.05,0.0,0.0,0.0,0.0,0.0,0.0,0.0,0.0,0.0,0.0,False,50
SOD1,0.005,0,0,0,24.0,24.0,24.0,,0.0,0.0,0.0,0.05,0.0,0.0,0.0,0.0,0.0,0.0,0.0,0.0,0.0,0.0,False,50
VIT,0.005,0,0,0,24.0,24.0,24.0,0.0,0.0,0.0,0.05,0.0,0.0,0.0,0.0,0.0,0.0,0.0,0.0,0.0,0.0,0.0,False,50
APOBEC3B,0.005,0,0,0,25.0,25.0,25.0,1.0,0.0,0.0,0.0,0.0,0.0,0.0,0.0,0.05,0.0,0.0,0.0,0.0,0.0,0.0,False,50
CAT,0.005,0,0,0,25.0,25.0,25.0,1.0,0.0,0.0,0.0,0.0,0.0,0.0,0.0,0.05,0.0,0.0,0.0,0.0,0.0,0.0,False,50
DPYSL5,0.005,0,0,0,25.0,25.0,25.0,1.0,0.0,0.0,0.0,0.0,0.0,0.05,0.0,0.0,0.0,0.0,0.0,0.0,0.0,0.0,False,50
EPAS1,0.005,0,0,0,25.0,25.0,25.0,1.0,0.0,0.0,0.0,0.0,0.0,0.0,0.0,0.05,0.0,0.0,0.0,0.0,0.0,0.0,False,50
FUS,0.005,0,0,0,25.0,25.0,25.0,,0.0,0.0,0.0,0.0,0.0,0.0,0.0,0.0,0.05,0.0,0.0,0.0,0.0,0.0,False,50
LINC00587,0.005,0,0,0,25.0,25.0,25.0,,0.0,0.0,0.0,0.05,0.0,0.0,0.0,0.0,0.0,0.0,0.0,0.0,0.0,0.0,False,50
MUC7,0.005,0,0,0,25.0,25.0,25.0,,0.0,0.0,0.0,0.05,0.0,0.0,0.0,0.0,0.0,0.0,0.0,0.0,0.0,0.0,False,50
SLAMF9,0.005,0,0,0,25.0,25.0,25.0,,0.0,0.0,0.0,0.05,0.0,0.0,0.0,0.0,0.0,0.0,0.0,0.0,0.0,0.0,False,50
SLC16A6,0.005,0,0,0,25.0,25.0,25.0,0.0,0.0,0.0,0.05,0.0,0.0,0.0,0.0,0.0,0.0,0.0,0.0,0.0,0.0,0.0,False,50
SMCO1,0.005,0,0,0,25.0,25.0,25.0,0.0,0.0,0.0,0.0,0.0,0.05,0.0,0.0,0.0,0.0,0.0,0.0,0.0,0.05,0.0,False,50
APOL6,0.005,0,0,0,26.0,26.0,26.0,1.0,0.0,0.0,0.05,0.0,0.0,0.0,0.0,0.0,0.0,0.0,0.0,0.0,0.0,0.0,False,50
CNRIP1,0.005,0,0,0,26.0,26.0,26.0,0.5,0.05,0.0,0.0,0.0,0.0,0.0,0.0,0.05,0.0,0.0,0.0,0.0,0.0,0.05,False,50
DCSTAMP,0.005,0,0,0,26.0,26.0,26.0,,0.0,0.0,0.0,0.05,0.0,0.0,0.0,0.0,0.0,0.0,0.0,0.0,0.0,0.0,False,50
Dbpht2,0.005,0,0,0,26.0,26.0,26.0,,0.0,0.0,0.0,0.05,0.0,0.0,0.0,0.0,0.0,0.0,0.0,0.0,0.0,0.0,False,50
HRASLS5,0.005,0,0,0,26.0,26.0,26.0,1.0,0.0,0.0,0.05,0.0,0.0,0.0,0.0,0.0,0.0,0.0,0.0,0.0,0.0,0.0,False,50
INSL3,0.005,0,0,0,26.0,26.0,26.0,,0.0,0.0,0.0,0.05,0.0,0.0,0.0,0.0,0.0,0.0,0.0,0.0,0.0,0.0,False,50
MBD2,0.005,0,0,0,26.0,26.0,26.0,0.0,0.0,0.0,0.0,0.0,0.0,0.05,0.0,0.0,0.0,0.0,0.0,0.0,0.0,0.0,False,50
MTR,0.005,0,0,0,26.0,26.0,26.0,0.0,0.0,0.0,0.0,0.0,0.0,0.05,0.0,0.0,0.0,0.0,0.0,0.0,0.0,0.0,False,50
MYBPC1,0.005,0,0,0,26.0,26.0,26.0,,0.0,0.0,0.0,0.05,0.0,0.0,0.0,0.0,0.0,0.0,0.0,0.0,0.0,0.0,False,50
PLN,0.005,0,0,0,26.0,26.0,26.0,0.0,0.0,0.0,0.05,0.0,0.0,0.0,0.0,0.0,0.0,0.0,0.0,0.0,0.0,0.0,False,50
RGS18,0.005,0,0,0,26.0,26.0,26.0,,0.0,0.0,0.0,0.05,0.0,0.0,0.0,0.0,0.0,0.0,0.0,0.0,0.0,0.0,False,50
SAMD4A,0.005,0,0,0,26.0,26.0,26.0,1.0,0.0,0.0,0.0,0.0,0.0,0.0,0.0,0.05,0.0,0.0,0.0,0.0,0.0,0.0,False,50
SLC16A11,0.005,0,0,0,26.0,26.0,26.0,,0.0,0.0,0.0,0.05,0.0,0.0,0.0,0.0,0.0,0.0,0.0,0.0,0.0,0.0,False,50
XCL1,0.005,0,0,0,26.0,26.0,26.0,0.0,0.0,0.0,0.05,0.0,0.0,0.0,0.0,0.0,0.0,0.0,0.0,0.0,0.0,0.0,False,50
C11orf70,0.005,0,0,0,27.0,27.0,27.0,0.0,0.0,0.05,0.0,0.0,0.0,0.0,0.0,0.0,0.0,0.0,0.0,0.0,0.0,0.0,False,50
CENPU,0.005,0,0,0,27.0,27.0,27.0,1.0,0.0,0.0,0.0,0.0,0.0,0.0,0.0,0.05,0.0,0.0,0.0,0.0,0.0,0.0,False,50
CHL1,0.005,0,0,0,27.0,27.0,27.0,0.0,0.0,0.0,0.05,0.0,0.0,0.0,0.0,0.0,0.0,0.0,0.0,0.0,0.0,0.0,False,50
CYSTM1,0.005,0,0,0,27.0,27.0,27.0,1.0,0.0,0.0,0.0,0.0,0.0,0.0,0.0,0.05,0.0,0.0,0.0,0.0,0.0,0.0,False,50
DIO2,0.005,0,0,0,27.0,27.0,27.0,0.0,0.0,0.0,0.05,0.0,0.0,0.0,0.0,0.0,0.0,0.0,0.0,0.0,0.0,0.0,False,50
FANCI,0.005,0,0,0,27.0,27.0,27.0,1.0,0.0,0.0,0.0,0.0,0.0,0.0,0.0,0.05,0.0,0.0,0.0,0.0,0.0,0.0,False,50
PALMD,0.005,0,0,0,27.0,27.0,27.0,1.0,0.0,0.0,0.05,0.0,0.0,0.0,0.0,0.0,0.0,0.0,0.0,0.0,0.0,0.0,False,50
PEX6,0.005,0,0,0,27.0,27.0,27.0,0.0,0.0,0.0,0.05,0.0,0.0,0.0,0.0,0.0,0.0,0.0,0.0,0.0,0.0,0.0,False,50
RNF212B,0.005,0,0,0,27.0,27.0,27.0,,0.0,0.0,0.0,0.05,0.0,0.0,0.0,0.0,0.0,0.0,0.0,0.0,0.0,0.0,False,50
TERF2IP,0.005,0,0,0,27.0,27.0,27.0,,0.0,0.0,0.0,0.05,0.0,0.0,0.0,0.0,0.0,0.0,0.0,0.0,0.0,0.0,False,50
TRAIP,0.005,0,0,0,27.0,27.0,27.0,,0.0,0.0,0.0,0.05,0.0,0.0,0.0,0.0,0.0,0.0,0.0,0.0,0.0,0.0,False,50
TUSC5,0.005,0,0,0,27.0,27.0,27.0,1.0,0.0,0.0,0.0,0.0,0.0,0.0,0.0,0.05,0.0,0.0,0.0,0.0,0.0,0.0,False,50
AVPI1,0.005,0,0,0,28.0,28.0,28.0,,0.0,0.0,0.0,0.05,0.0,0.0,0.0,0.0,0.0,0.0,0.0,0.0,0.0,0.0,False,50
CASP8,0.005,0,0,0,28.0,28.0,28.0,1.0,0.0,0.0,0.0,0.0,0.0,0.05,0.0,0.0,0.0,0.0,0.0,0.0,0.0,0.0,False,50
DYNC2H1,0.005,0,0,0,28.0,28.0,28.0,0.0,0.0,0.0,0.0,0.0,0.0,0.05,0.0,0.0,0.0,0.0,0.0,0.0,0.0,0.0,False,50
FAM69A,0.005,0,0,0,28.0,28.0,28.0,0.0,0.0,0.0,0.05,0.0,0.0,0.0,0.0,0.0,0.0,0.0,0.0,0.0,0.0,0.0,False,50
HSDL2,0.005,0,0,0,28.0,28.0,28.0,1.0,0.0,0.0,0.0,0.0,0.0,0.0,0.0,0.05,0.0,0.0,0.0,0.0,0.0,0.0,False,50
JARID2-AS1,0.005,0,0,0,28.0,28.0,28.0,,0.0,0.0,0.0,0.05,0.0,0.0,0.0,0.0,0.0,0.0,0.0,0.0,0.0,0.0,False,50
LINC01104,0.005,0,0,0,28.0,28.0,28.0,,0.0,0.0,0.0,0.05,0.0,0.0,0.0,0.0,0.0,0.0,0.0,0.0,0.0,0.0,False,50
PAMR1,0.005,0,0,0,28.0,28.0,28.0,0.0,0.0,0.0,0.05,0.0,0.0,0.0,0.0,0.0,0.0,0.0,0.0,0.0,0.0,0.0,False,50
TCF15,0.005,0,0,0,28.0,28.0,28.0,1.0,0.0,0.0,0.05,0.0,0.0,0.0,0.0,0.0,0.0,0.0,0.0,0.0,0.0,0.0,False,50
TRPM8,0.005,0,0,0,28.0,28.0,28.0,,0.0,0.0,0.0,0.05,0.0,0.0,0.0,0.0,0.0,0.0,0.0,0.0,0.0,0.0,False,50
ANGPTL1,0.005,0,0,0,29.0,29.0,29.0,1.0,0.0,0.0,0.0,0.0,0.0,0.0,0.0,0.05,0.0,0.0,0.0,0.0,0.0,0.0,False,50
CD300A,0.005,0,0,0,29.0,29.0,29.0,,0.0,0.0,0.0,0.05,0.0,0.0,0.0,0.0,0.0,0.0,0.0,0.0,0.0,0.0,False,50
LOC146795,0.005,0,0,0,29.0,29.0,29.0,,0.0,0.0,0.0,0.05,0.0,0.0,0.0,0.0,0.0,0.0,0.0,0.0,0.0,0.0,False,50
LOC389831,0.005,0,0,0,29.0,29.0,29.0,,0.0,0.0,0.0,0.05,0.0,0.0,0.0,0.0,0.0,0.0,0.0,0.0,0.0,0.0,False,50
MARC2,0.005,0,0,0,29.0,29.0,29.0,1.0,0.0,0.0,0.05,0.0,0.0,0.0,0.0,0.0,0.0,0.0,0.0,0.0,0.0,0.0,False,50
MROH2A,0.005,0,0,0,29.0,29.0,29.0,,0.0,0.0,0.0,0.05,0.0,0.0,0.0,0.0,0.0,0.0,0.0,0.0,0.0,0.0,False,50
RECQL4,0.005,0,0,0,29.0,29.0,29.0,1.0,0.05,0.0,0.0,0.0,0.0,0.0,0.0,0.0,0.05,0.0,0.0,0.0,0.0,0.05,False,50
SNTG2,0.005,0,0,0,29.0,29.0,29.0,0.0,0.0,0.05,0.0,0.0,0.0,0.0,0.0,0.0,0.0,0.0,0.0,0.0,0.0,0.0,False,50
TEX29,0.005,0,0,0,29.0,29.0,29.0,,0.0,0.0,0.0,0.05,0.0,0.0,0.0,0.0,0.0,0.0,0.0,0.0,0.0,0.0,False,50
C1orf167,0.005,0,0,0,30.0,30.0,30.0,,0.0,0.0,0.0,0.05,0.0,0.0,0.0,0.0,0.0,0.0,0.0,0.0,0.0,0.0,False,50
CD300LB,0.005,0,0,0,30.0,30.0,30.0,,0.0,0.0,0.0,0.05,0.0,0.0,0.0,0.0,0.0,0.0,0.0,0.0,0.0,0.0,False,50
ETNK2,0.005,0,0,0,30.0,30.0,30.0,0.0,0.0,0.0,0.0,0.0,0.0,0.05,0.0,0.0,0.0,0.0,0.0,0.0,0.0,0.0,False,50
FBXL13,0.005,0,0,0,30.0,30.0,30.0,,0.0,0.0,0.0,0.05,0.0,0.0,0.0,0.0,0.0,0.0,0.0,0.0,0.0,0.0,False,50
GHR,0.005,0,0,0,30.0,30.0,30.0,1.0,0.0,0.0,0.05,0.0,0.0,0.0,0.0,0.0,0.0,0.0,0.0,0.0,0.0,0.0,False,50
GPX4,0.005,0,0,0,30.0,30.0,30.0,1.0,0.0,0.0,0.0,0.0,0.0,0.0,0.0,0.05,0.0,0.0,0.0,0.0,0.0,0.0,False,50
LOC100130987,0.005,0,0,0,30.0,30.0,30.0,,0.0,0.0,0.0,0.05,0.0,0.0,0.0,0.0,0.0,0.0,0.0,0.0,0.0,0.0,False,50
NAA25,0.005,0,0,0,30.0,30.0,30.0,1.0,0.0,0.0,0.0,0.0,0.0,0.0,0.0,0.05,0.0,0.0,0.0,0.0,0.0,0.0,False,50
PDPN,0.005,0,0,0,30.0,30.0,30.0,1.0,0.0,0.0,0.05,0.0,0.0,0.0,0.0,0.0,0.0,0.0,0.0,0.0,0.0,0.0,False,50
PRSS35,0.005,0,0,0,30.0,30.0,30.0,,0.0,0.0,0.0,0.05,0.0,0.0,0.0,0.0,0.0,0.0,0.0,0.0,0.0,0.0,False,50
SPATA8,0.005,0,0,0,30.0,30.0,30.0,0.0,0.0,0.05,0.0,0.0,0.0,0.0,0.0,0.0,0.0,0.0,0.0,0.0,0.0,0.0,False,50
STX17-AS1,0.005,0,0,0,30.0,30.0,30.0,,0.0,0.0,0.0,0.05,0.0,0.0,0.0,0.0,0.0,0.0,0.0,0.0,0.0,0.0,False,50
VAMP3,0.005,0,0,0,30.0,30.0,30.0,,0.0,0.0,0.0,0.05,0.0,0.0,0.0,0.0,0.0,0.0,0.0,0.0,0.0,0.0,False,50
CDH13,0.005,0,0,0,31.0,31.0,31.0,0.3333333333333333,0.0,0.0,0.05,0.0,0.0,0.0,0.0,0.0,0.0,0.0,0.0,0.1,0.0,0.0,False,50
GTF2IRD1,0.005,0,0,0,31.0,31.0,31.0,1.0,0.0,0.0,0.0,0.0,0.0,0.0,0.0,0.05,0.0,0.0,0.0,0.0,0.0,0.0,False,50
HKR1,0.005,0,0,0,31.0,31.0,31.0,,0.0,0.0,0.0,0.0,0.0,0.0,0.0,0.0,0.05,0.0,0.0,0.0,0.0,0.0,False,50
HS3ST3A1,0.005,0,0,0,31.0,31.0,31.0,0.0,0.0,0.0,0.05,0.0,0.0,0.0,0.0,0.0,0.0,0.0,0.0,0.0,0.0,0.0,False,50
KCTD1,0.005,0,0,0,31.0,31.0,31.0,,0.0,0.0,0.0,0.05,0.0,0.0,0.0,0.0,0.0,0.0,0.0,0.0,0.0,0.0,False,50
LOC101927391,0.005,0,0,0,31.0,31.0,31.0,,0.0,0.0,0.0,0.05,0.0,0.0,0.0,0.0,0.0,0.0,0.0,0.0,0.0,0.0,False,50
LOC646522,0.005,0,0,0,31.0,31.0,31.0,1.0,0.0,0.05,0.0,0.0,0.0,0.0,0.0,0.0,0.0,0.0,0.0,0.0,0.0,0.0,False,50
LRRC8A,0.005,0,0,0,31.0,31.0,31.0,0.0,0.0,0.0,0.05,0.0,0.0,0.0,0.0,0.0,0.0,0.0,0.0,0.0,0.0,0.0,False,50
MAP7D3,0.005,0,0,0,31.0,31.0,31.0,0.5,0.0,0.0,0.0,0.0,0.0,0.0,0.0,0.05,0.0,0.0,0.0,0.05,0.0,0.0,False,50
NCR1,0.005,0,0,0,31.0,31.0,31.0,,0.0,0.0,0.0,0.05,0.0,0.0,0.0,0.0,0.0,0.0,0.0,0.0,0.0,0.0,False,50
PRRG4,0.005,0,0,0,31.0,31.0,31.0,1.0,0.0,0.0,0.0,0.0,0.0,0.0,0.0,0.05,0.0,0.0,0.0,0.0,0.0,0.0,False,50
RCAN2,0.005,0,0,0,31.0,31.0,31.0,1.0,0.0,0.0,0.0,0.0,0.0,0.0,0.0,0.05,0.0,0.0,0.0,0.0,0.0,0.0,False,50
RXRG,0.005,0,0,0,31.0,31.0,31.0,,0.0,0.0,0.0,0.05,0.0,0.0,0.0,0.0,0.0,0.0,0.0,0.0,0.0,0.0,False,50
WNT2,0.005,0,0,0,31.0,31.0,31.0,1.0,0.0,0.0,0.05,0.0,0.0,0.0,0.0,0.0,0.0,0.0,0.0,0.0,0.0,0.0,False,50
ZNF780B,0.005,0,0,0,31.0,31.0,31.0,,0.0,0.0,0.0,0.05,0.0,0.0,0.0,0.0,0.0,0.0,0.0,0.0,0.0,0.0,False,50
ALDH1A1,0.005,0,0,0,32.0,32.0,32.0,1.0,0.0,0.0,0.0,0.0,0.0,0.0,0.0,0.05,0.0,0.0,0.0,0.0,0.0,0.0,False,50
CADM4,0.005,0,0,0,32.0,32.0,32.0,0.0,0.0,0.0,0.05,0.0,0.0,0.0,0.0,0.0,0.0,0.0,0.0,0.0,0.0,0.0,False,50
ETFB,0.005,0,0,0,32.0,32.0,32.0,0.0,0.0,0.0,0.05,0.0,0.0,0.0,0.0,0.0,0.0,0.0,0.0,0.0,0.0,0.0,False,50
FERMT2,0.005,0,0,0,32.0,32.0,32.0,1.0,0.0,0.0,0.0,0.0,0.0,0.0,0.0,0.05,0.0,0.0,0.0,0.0,0.0,0.0,False,50
GORAB,0.005,0,0,0,32.0,32.0,32.0,1.0,0.0,0.0,0.05,0.0,0.0,0.0,0.0,0.0,0.0,0.0,0.0,0.0,0.0,0.0,False,50
KCNA3,0.005,0,0,0,32.0,32.0,32.0,,0.0,0.0,0.0,0.05,0.0,0.0,0.0,0.0,0.0,0.0,0.0,0.0,0.0,0.0,False,50
LOC101926997,0.005,0,0,0,32.0,32.0,32.0,,0.0,0.0,0.0,0.05,0.0,0.0,0.0,0.0,0.0,0.0,0.0,0.0,0.0,0.0,False,50
LOC102723886,0.005,0,0,0,32.0,32.0,32.0,0.0,0.0,0.0,0.0,0.0,0.05,0.0,0.0,0.0,0.0,0.0,0.0,0.0,0.05,0.0,False,50
LOC102724927,0.005,0,0,0,32.0,32.0,32.0,,0.0,0.0,0.0,0.05,0.0,0.0,0.0,0.0,0.0,0.0,0.0,0.0,0.0,0.0,False,50
MSH3,0.005,0,0,0,32.0,32.0,32.0,0.0,0.0,0.0,0.05,0.0,0.0,0.0,0.0,0.0,0.0,0.0,0.0,0.05,0.0,0.0,False,50
NPFF,0.005,0,0,0,32.0,32.0,32.0,,0.0,0.0,0.0,0.05,0.0,0.0,0.0,0.0,0.0,0.0,0.0,0.0,0.0,0.0,False,50
RAI14,0.005,0,0,0,32.0,32.0,32.0,1.0,0.0,0.0,0.05,0.0,0.0,0.0,0.0,0.0,0.0,0.0,0.0,0.0,0.0,0.0,False,50
RMND5A,0.005,0,0,0,32.0,32.0,32.0,,0.0,0.0,0.0,0.05,0.0,0.0,0.0,0.0,0.0,0.0,0.0,0.0,0.0,0.0,False,50
SGK223,0.005,0,0,0,32.0,32.0,32.0,1.0,0.0,0.0,0.05,0.0,0.0,0.0,0.0,0.0,0.0,0.0,0.0,0.0,0.0,0.0,False,50
SOWAHA,0.005,0,0,0,32.0,32.0,32.0,,0.0,0.0,0.0,0.05,0.0,0.0,0.0,0.0,0.0,0.0,0.0,0.0,0.0,0.0,False,50
STX12,0.005,0,0,0,32.0,32.0,32.0,1.0,0.0,0.0,0.0,0.0,0.0,0.0,0.0,0.05,0.0,0.0,0.0,0.0,0.0,0.0,False,50
STX1A,0.005,0,0,0,32.0,32.0,32.0,,0.0,0.0,0.0,0.0,0.0,0.0,0.0,0.0,0.05,0.0,0.0,0.0,0.0,0.0,False,50
TLCD1,0.005,0,0,0,32.0,32.0,32.0,1.0,0.0,0.0,0.0,0.0,0.0,0.0,0.0,0.05,0.0,0.0,0.0,0.0,0.0,0.0,False,50
VMP1,0.005,0,0,0,32.0,32.0,32.0,1.0,0.0,0.0,0.05,0.0,0.0,0.0,0.0,0.0,0.0,0.0,0.0,0.0,0.0,0.0,False,50
C1orf101,0.005,0,0,0,33.0,33.0,33.0,1.0,0.0,0.05,0.0,0.0,0.0,0.0,0.0,0.0,0.0,0.0,0.0,0.0,0.0,0.0,False,50
C3orf14,0.005,0,0,0,33.0,33.0,33.0,1.0,0.0,0.0,0.05,0.0,0.0,0.0,0.0,0.0,0.0,0.0,0.0,0.0,0.0,0.0,False,50
CCR8,0.005,0,0,0,33.0,33.0,33.0,,0.0,0.0,0.0,0.05,0.0,0.0,0.0,0.0,0.0,0.0,0.0,0.0,0.0,0.0,False,50
CYP4F22,0.005,0,0,0,33.0,33.0,33.0,,0.0,0.0,0.0,0.05,0.0,0.0,0.0,0.0,0.0,0.0,0.0,0.0,0.0,0.0,False,50
DTX3L,0.005,0,0,0,33.0,33.0,33.0,0.0,0.0,0.0,0.05,0.0,0.0,0.0,0.0,0.0,0.0,0.0,0.0,0.0,0.0,0.0,False,50
IL21R-AS1,0.005,0,0,0,33.0,33.0,33.0,0.0,0.0,0.05,0.0,0.0,0.0,0.0,0.0,0.0,0.0,0.0,0.0,0.0,0.0,0.0,False,50
LINC00301,0.005,0,0,0,33.0,33.0,33.0,,0.0,0.0,0.0,0.05,0.0,0.0,0.0,0.0,0.0,0.0,0.0,0.0,0.0,0.0,False,50
LINC00314,0.005,0,0,0,33.0,33.0,33.0,,0.0,0.0,0.0,0.05,0.0,0.0,0.0,0.0,0.0,0.0,0.0,0.0,0.0,0.0,False,50
MYO19,0.005,0,0,0,33.0,33.0,33.0,,0.0,0.0,0.0,0.0,0.0,0.0,0.0,0.0,0.05,0.0,0.0,0.0,0.0,0.0,False,50
NLK,0.005,0,0,0,33.0,33.0,33.0,,0.0,0.0,0.0,0.05,0.0,0.0,0.0,0.0,0.0,0.0,0.0,0.0,0.0,0.0,False,50
PTTG1,0.005,0,0,0,33.0,33.0,33.0,1.0,0.0,0.0,0.0,0.0,0.0,0.0,0.0,0.05,0.0,0.0,0.0,0.0,0.0,0.0,False,50
RAP1GAP2,0.005,0,0,0,33.0,33.0,33.0,1.0,0.05,0.0,0.0,0.0,0.0,0.0,0.0,0.05,0.0,0.0,0.0,0.0,0.0,0.05,False,50
RGL1,0.005,0,0,0,33.0,33.0,33.0,,0.0,0.0,0.0,0.0,0.0,0.0,0.0,0.0,0.05,0.0,0.0,0.0,0.0,0.0,False,50
RNASE4,0.005,0,0,0,33.0,33.0,33.0,1.0,0.0,0.0,0.0,0.0,0.0,0.0,0.0,0.05,0.0,0.0,0.0,0.0,0.0,0.0,False,50
SH3GLB1,0.005,0,0,0,33.0,33.0,33.0,1.0,0.0,0.0,0.0,0.0,0.0,0.0,0.0,0.05,0.0,0.0,0.0,0.0,0.0,0.0,False,50
TBC1D1,0.005,0,0,0,33.0,33.0,33.0,,0.0,0.0,0.0,0.05,0.0,0.0,0.0,0.0,0.0,0.0,0.0,0.0,0.0,0.0,False,50
TBC1D32,0.005,0,0,0,33.0,33.0,33.0,0.0,0.0,0.0,0.05,0.0,0.0,0.0,0.0,0.0,0.0,0.0,0.0,0.0,0.0,0.0,False,50
TMEM169,0.005,0,0,0,33.0,33.0,33.0,0.0,0.0,0.05,0.0,0.0,0.0,0.0,0.0,0.0,0.0,0.0,0.0,0.05,0.0,0.0,False,50
USP2,0.005,0,0,0,33.0,33.0,33.0,,0.0,0.0,0.0,0.05,0.0,0.0,0.0,0.0,0.0,0.0,0.0,0.0,0.0,0.0,False,50
VEGFB,0.005,0,0,0,33.0,33.0,33.0,1.0,0.0,0.0,0.0,0.0,0.0,0.0,0.0,0.05,0.0,0.0,0.0,0.0,0.0,0.0,False,50
ACSL1,0.005,0,0,0,34.0,34.0,34.0,1.0,0.0,0.0,0.0,0.0,0.0,0.0,0.0,0.05,0.0,0.0,0.0,0.0,0.0,0.0,False,50
AGPAT2,0.005,0,0,0,34.0,34.0,34.0,1.0,0.0,0.0,0.0,0.0,0.0,0.0,0.0,0.05,0.0,0.0,0.0,0.0,0.0,0.0,False,50
ATP1A1,0.005,0,0,0,34.0,34.0,34.0,1.0,0.0,0.0,0.0,0.0,0.0,0.05,0.0,0.0,0.0,0.0,0.0,0.0,0.0,0.0,False,50
B3GALT2,0.005,0,0,0,34.0,34.0,34.0,,0.0,0.0,0.0,0.05,0.0,0.0,0.0,0.0,0.0,0.0,0.0,0.0,0.0,0.0,False,50
CARNMT1,0.005,0,0,0,34.0,34.0,34.0,1.0,0.0,0.0,0.05,0.0,0.0,0.0,0.0,0.0,0.0,0.0,0.0,0.0,0.0,0.0,False,50
CYP4F11,0.005,0,0,0,34.0,34.0,34.0,,0.0,0.0,0.0,0.05,0.0,0.0,0.0,0.0,0.0,0.0,0.0,0.0,0.0,0.0,False,50
DIAPH2,0.005,0,0,0,34.0,34.0,34.0,1.0,0.0,0.0,0.05,0.0,0.0,0.0,0.0,0.0,0.0,0.0,0.0,0.0,0.0,0.0,False,50
DNM3OS,0.005,0,0,0,34.0,34.0,34.0,,0.0,0.0,0.0,0.05,0.0,0.0,0.0,0.0,0.0,0.0,0.0,0.0,0.0,0.0,False,50
EIF1AD,0.005,0,0,0,34.0,34.0,34.0,1.0,0.0,0.0,0.0,0.0,0.0,0.0,0.0,0.05,0.0,0.0,0.0,0.0,0.0,0.0,False,50
GALNT5,0.005,0,0,0,34.0,34.0,34.0,,0.0,0.0,0.0,0.05,0.0,0.0,0.0,0.0,0.0,0.0,0.0,0.0,0.0,0.0,False,50
ITGAX,0.005,0,0,0,34.0,34.0,34.0,,0.0,0.0,0.0,0.05,0.0,0.0,0.0,0.0,0.0,0.0,0.0,0.0,0.0,0.0,False,50
OTX2,0.005,0,0,0,34.0,34.0,34.0,,0.0,0.0,0.0,0.05,0.0,0.0,0.0,0.0,0.0,0.0,0.0,0.0,0.0,0.0,False,50
THRSP,0.005,0,0,0,34.0,34.0,34.0,1.0,0.0,0.0,0.0,0.0,0.0,0.0,0.0,0.05,0.0,0.0,0.0,0.0,0.0,0.0,False,50
ZDHHC20,0.005,0,0,0,34.0,34.0,34.0,1.0,0.0,0.0,0.0,0.0,0.0,0.0,0.0,0.05,0.0,0.0,0.0,0.0,0.0,0.0,False,50
ARSG,0.005,0,0,0,35.0,35.0,35.0,0.0,0.0,0.0,0.05,0.0,0.0,0.0,0.0,0.0,0.0,0.0,0.0,0.0,0.0,0.0,False,50
BEND3,0.005,0,0,0,35.0,35.0,35.0,1.0,0.0,0.0,0.05,0.0,0.0,0.0,0.0,0.0,0.0,0.0,0.0,0.0,0.0,0.0,False,50
BICDL1,0.005,0,0,0,35.0,35.0,35.0,1.0,0.2,0.0,0.0,0.0,0.0,0.0,0.0,0.0,0.05,0.0,0.0,0.0,0.0,0.2,False,50
CCDC7,0.005,0,0,0,35.0,35.0,35.0,0.0,0.0,0.0,0.0,0.0,0.0,0.05,0.0,0.0,0.0,0.0,0.0,0.0,0.0,0.0,False,50
CDH11,0.005,0,0,0,35.0,35.0,35.0,,0.0,0.0,0.0,0.05,0.0,0.0,0.0,0.0,0.0,0.0,0.0,0.0,0.0,0.0,False,50
CGN,0.005,0,0,0,35.0,35.0,35.0,1.0,0.25,0.0,0.0,0.0,0.0,0.0,0.0,0.0,0.05,0.0,0.0,0.0,0.0,0.25,False,50
DTX3,0.005,0,0,0,35.0,35.0,35.0,0.0,0.0,0.0,0.05,0.0,0.0,0.0,0.0,0.0,0.0,0.0,0.0,0.0,0.0,0.0,False,50
EDARADD,0.005,0,0,0,35.0,35.0,35.0,1.0,0.0,0.0,0.0,0.0,0.05,0.0,0.0,0.0,0.0,0.0,0.0,0.0,0.05,0.0,False,50
EEF1AKMT1,0.005,0,0,0,35.0,35.0,35.0,1.0,0.0,0.0,0.05,0.0,0.0,0.0,0.0,0.0,0.0,0.0,0.0,0.0,0.0,0.0,False,50
GAS2L2,0.005,0,0,0,35.0,35.0,35.0,,0.0,0.0,0.0,0.05,0.0,0.0,0.0,0.0,0.0,0.0,0.0,0.0,0.0,0.0,False,50
GEN1,0.005,0,0,0,35.0,35.0,35.0,,0.0,0.0,0.0,0.05,0.0,0.0,0.0,0.0,0.0,0.0,0.0,0.0,0.0,0.0,False,50
GTF2E2,0.005,0,0,0,35.0,35.0,35.0,0.0,0.0,0.0,0.0,0.0,0.0,0.05,0.0,0.0,0.0,0.0,0.0,0.0,0.0,0.0,False,50
KPNA2,0.005,0,0,0,35.0,35.0,35.0,1.0,0.0,0.0,0.0,0.0,0.0,0.0,0.0,0.05,0.0,0.0,0.0,0.0,0.0,0.0,False,50
LINC00312,0.005,0,0,0,35.0,35.0,35.0,1.0,0.0,0.0,0.05,0.0,0.0,0.0,0.0,0.0,0.0,0.0,0.0,0.0,0.0,0.0,False,50
LOC101928907,0.005,0,0,0,35.0,35.0,35.0,,0.0,0.0,0.0,0.05,0.0,0.0,0.0,0.0,0.0,0.0,0.0,0.0,0.0,0.0,False,50
MAT2A,0.005,0,0,0,35.0,35.0,35.0,1.0,0.0,0.0,0.0,0.0,0.0,0.0,0.0,0.05,0.0,0.0,0.0,0.0,0.0,0.0,False,50
MME,0.005,0,0,0,35.0,35.0,35.0,1.0,0.0,0.0,0.0,0.0,0.0,0.0,0.0,0.05,0.0,0.0,0.0,0.0,0.0,0.0,False,50
MT1M,0.005,0,0,0,35.0,35.0,35.0,1.0,0.0,0.0,0.05,0.0,0.0,0.0,0.0,0.0,0.0,0.0,0.0,0.0,0.0,0.0,False,50
NDUFAF1,0.005,0,0,0,35.0,35.0,35.0,,0.0,0.0,0.0,0.05,0.0,0.0,0.0,0.0,0.0,0.0,0.0,0.0,0.0,0.0,False,50
NVL,0.005,0,0,0,35.0,35.0,35.0,1.0,0.0,0.0,0.0,0.0,0.0,0.0,0.0,0.05,0.0,0.0,0.0,0.0,0.0,0.0,False,50
PLPP1,0.005,0,0,0,35.0,35.0,35.0,1.0,0.0,0.0,0.0,0.0,0.0,0.0,0.0,0.05,0.0,0.0,0.0,0.0,0.0,0.0,False,50
SLC7A1,0.005,0,0,0,35.0,35.0,35.0,0.0,0.0,0.0,0.0,0.0,0.0,0.05,0.0,0.0,0.0,0.0,0.0,0.0,0.0,0.0,False,50
TNFRSF10A,0.005,0,0,0,35.0,35.0,35.0,1.0,0.0,0.0,0.05,0.0,0.0,0.0,0.0,0.0,0.0,0.0,0.0,0.0,0.0,0.0,False,50
UBTD1,0.005,0,0,0,35.0,35.0,35.0,,0.0,0.0,0.0,0.05,0.0,0.0,0.0,0.0,0.0,0.0,0.0,0.0,0.0,0.0,False,50
WDR54,0.005,0,0,0,35.0,35.0,35.0,1.0,0.2,0.0,0.0,0.0,0.0,0.0,0.0,0.0,0.05,0.0,0.0,0.0,0.0,0.2,False,50
XPO5,0.005,0,0,0,35.0,35.0,35.0,1.0,0.7,0.0,0.0,0.0,0.0,0.0,0.0,0.0,0.05,0.0,0.0,0.0,0.0,0.7,False,50
ACTA2-AS1,0.005,0,0,0,36.0,36.0,36.0,,0.0,0.0,0.0,0.05,0.0,0.0,0.0,0.0,0.0,0.0,0.0,0.0,0.0,0.0,False,50
ANK2,0.005,0,0,0,36.0,36.0,36.0,0.0,0.0,0.0,0.05,0.0,0.0,0.0,0.0,0.0,0.0,0.0,0.0,0.0,0.0,0.0,False,50
ARMC9,0.005,0,0,0,36.0,36.0,36.0,,0.0,0.0,0.0,0.0,0.0,0.0,0.0,0.0,0.05,0.0,0.0,0.0,0.0,0.0,False,50
CSK,0.005,0,0,0,36.0,36.0,36.0,1.0,0.0,0.0,0.0,0.0,0.0,0.0,0.0,0.05,0.0,0.0,0.0,0.0,0.0,0.0,False,50
EXOSC4,0.005,0,0,0,36.0,36.0,36.0,1.0,0.1,0.0,0.0,0.0,0.0,0.0,0.0,0.0,0.05,0.0,0.0,0.0,0.0,0.1,False,50
FAM83C-AS1,0.005,0,0,0,36.0,36.0,36.0,,0.0,0.0,0.0,0.05,0.0,0.0,0.0,0.0,0.0,0.0,0.0,0.0,0.0,0.0,False,50
FSHB,0.005,0,0,0,36.0,36.0,36.0,1.0,0.0,0.0,0.0,0.0,0.0,0.0,0.0,0.05,0.0,0.0,0.0,0.0,0.0,0.0,False,50
GRK3,0.005,0,0,0,36.0,36.0,36.0,0.0,0.0,0.0,0.05,0.0,0.0,0.0,0.0,0.0,0.0,0.0,0.0,0.0,0.0,0.0,False,50
HOMER2,0.005,0,0,0,36.0,36.0,36.0,0.0,0.0,0.0,0.05,0.0,0.0,0.0,0.0,0.0,0.0,0.0,0.0,0.0,0.0,0.0,False,50
KDM4D,0.005,0,0,0,36.0,36.0,36.0,,0.0,0.0,0.0,0.0,0.0,0.0,0.05,0.0,0.0,0.0,0.0,0.0,0.0,0.0,False,50
LGR6,0.005,0,0,0,36.0,36.0,36.0,,0.0,0.0,0.0,0.05,0.0,0.0,0.0,0.0,0.0,0.0,0.0,0.0,0.0,0.0,False,50
LILRB4,0.005,0,0,0,36.0,36.0,36.0,,0.0,0.0,0.0,0.05,0.0,0.0,0.0,0.0,0.0,0.0,0.0,0.0,0.0,0.0,False,50
LIPE,0.005,0,0,0,36.0,36.0,36.0,1.0,0.0,0.0,0.0,0.0,0.0,0.0,0.0,0.05,0.0,0.0,0.0,0.0,0.0,0.0,False,50
LOC101927735,0.005,0,0,0,36.0,36.0,36.0,0.0,0.0,0.05,0.0,0.0,0.0,0.0,0.0,0.0,0.0,0.0,0.0,0.05,0.0,0.0,False,50
MC1R,0.005,0,0,0,36.0,36.0,36.0,,0.0,0.0,0.0,0.05,0.0,0.0,0.0,0.0,0.0,0.0,0.0,0.0,0.0,0.0,False,50
MCUR1,0.005,0,0,0,36.0,36.0,36.0,0.0,0.0,0.0,0.05,0.0,0.0,0.0,0.0,0.0,0.0,0.0,0.0,0.0,0.0,0.0,False,50
OMD,0.005,0,0,0,36.0,36.0,36.0,0.0,0.0,0.0,0.0,0.0,0.0,0.05,0.0,0.0,0.0,0.0,0.0,0.0,0.0,0.0,False,50
PGLYRP2,0.005,0,0,0,36.0,36.0,36.0,,0.0,0.0,0.0,0.05,0.0,0.0,0.0,0.0,0.0,0.0,0.0,0.0,0.0,0.0,False,50
SYNE4,0.005,0,0,0,36.0,36.0,36.0,1.0,0.1,0.0,0.0,0.0,0.0,0.0,0.0,0.05,0.0,0.0,0.0,0.0,0.0,0.1,False,50
TJP3,0.005,0,0,0,36.0,36.0,36.0,1.0,0.1,0.0,0.0,0.0,0.0,0.0,0.0,0.05,0.0,0.0,0.0,0.0,0.0,0.1,False,50
YDJC,0.005,0,0,0,36.0,36.0,36.0,1.0,0.0,0.0,0.0,0.0,0.0,0.0,0.0,0.05,0.0,0.0,0.0,0.0,0.0,0.0,False,50
C9orf135,0.005,0,0,0,37.0,37.0,37.0,1.0,0.0,0.0,0.0,0.0,0.05,0.0,0.0,0.0,0.0,0.0,0.0,0.0,0.05,0.0,False,50
EPCAM,0.005,0,0,0,37.0,37.0,37.0,,0.0,0.0,0.0,0.0,0.0,0.0,0.05,0.0,0.0,0.0,0.0,0.0,0.0,0.0,False,50
HAS3,0.005,0,0,0,37.0,37.0,37.0,,0.0,0.0,0.0,0.05,0.0,0.0,0.0,0.0,0.0,0.0,0.0,0.0,0.0,0.0,False,50
LOC100287896,0.005,0,0,0,37.0,37.0,37.0,0.0,0.0,0.0,0.0,0.0,0.0,0.05,0.0,0.0,0.0,0.0,0.0,0.0,0.0,0.0,False,50
LOC100422526,0.005,0,0,0,37.0,37.0,37.0,1.0,0.0,0.0,0.0,0.05,0.0,0.0,0.0,0.0,0.0,0.0,0.0,0.0,0.05,0.0,False,50
MAP3K7CL,0.005,0,0,0,37.0,37.0,37.0,,0.0,0.0,0.0,0.05,0.0,0.0,0.0,0.0,0.0,0.0,0.0,0.0,0.0,0.0,False,50
PINK1,0.005,0,0,0,37.0,37.0,37.0,,0.0,0.0,0.0,0.05,0.0,0.0,0.0,0.0,0.0,0.0,0.0,0.0,0.0,0.0,False,50
PLPP4,0.005,0,0,0,37.0,37.0,37.0,1.0,0.0,0.0,0.05,0.0,0.0,0.0,0.0,0.0,0.0,0.0,0.0,0.0,0.0,0.0,False,50
POLD1,0.005,0,0,0,37.0,37.0,37.0,1.0,0.0,0.0,0.0,0.0,0.0,0.0,0.0,0.05,0.0,0.0,0.0,0.0,0.0,0.0,False,50
RNA45S5,0.005,0,0,0,37.0,37.0,37.0,1.0,0.0,0.0,0.0,0.0,0.0,0.05,0.0,0.0,0.0,0.0,0.0,0.0,0.0,0.0,False,50
S100A14,0.005,0,0,0,37.0,37.0,37.0,1.0,0.25,0.0,0.0,0.0,0.0,0.0,0.0,0.0,0.05,0.0,0.0,0.0,0.0,0.25,False,50
SLC35G2,0.005,0,0,0,37.0,37.0,37.0,1.0,0.0,0.0,0.05,0.0,0.0,0.0,0.0,0.0,0.0,0.0,0.0,0.0,0.0,0.0,False,50
SOD2,0.005,0,0,0,37.0,37.0,37.0,1.0,0.0,0.0,0.0,0.0,0.0,0.0,0.0,0.05,0.0,0.0,0.0,0.0,0.0,0.0,False,50
TFPT,0.005,0,0,0,37.0,37.0,37.0,,0.0,0.0,0.0,0.0,0.0,0.0,0.0,0.0,0.05,0.0,0.0,0.0,0.0,0.0,False,50
TRIM52-AS1,0.005,0,0,0,37.0,37.0,37.0,,0.0,0.0,0.0,0.05,0.0,0.0,0.0,0.0,0.0,0.0,0.0,0.0,0.0,0.0,False,50
ZNF322,0.005,0,0,0,37.0,37.0,37.0,,0.0,0.0,0.0,0.05,0.0,0.0,0.0,0.0,0.0,0.0,0.0,0.0,0.0,0.0,False,50
ZNF442,0.005,0,0,0,37.0,37.0,37.0,,0.0,0.0,0.0,0.05,0.0,0.0,0.0,0.0,0.0,0.0,0.0,0.0,0.0,0.0,False,50
ZWINT,0.005,0,0,0,37.0,37.0,37.0,1.0,0.0,0.0,0.0,0.0,0.0,0.0,0.0,0.05,0.0,0.0,0.0,0.0,0.0,0.0,False,50
AVPR1A,0.005,0,0,0,38.0,38.0,38.0,1.0,0.0,0.0,0.05,0.0,0.0,0.0,0.0,0.0,0.0,0.0,0.0,0.0,0.0,0.0,False,50
C2orf50,0.005,0,0,0,38.0,38.0,38.0,1.0,0.0,0.05,0.0,0.0,0.0,0.0,0.0,0.0,0.0,0.0,0.0,0.0,0.0,0.0,False,50
CDC25B,0.005,0,0,0,38.0,38.0,38.0,1.0,0.0,0.0,0.0,0.0,0.0,0.0,0.0,0.05,0.0,0.0,0.0,0.0,0.0,0.0,False,50
DPP9,0.005,0,0,0,38.0,38.0,38.0,,0.0,0.0,0.0,0.05,0.0,0.0,0.0,0.0,0.0,0.0,0.0,0.0,0.0,0.0,False,50
GFOD1,0.005,0,0,0,38.0,38.0,38.0,1.0,0.0,0.0,0.05,0.0,0.0,0.0,0.0,0.0,0.0,0.0,0.0,0.0,0.0,0.0,False,50
GTF2H4,0.005,0,0,0,38.0,38.0,38.0,1.0,0.0,0.0,0.0,0.0,0.0,0.0,0.0,0.05,0.0,0.0,0.0,0.0,0.0,0.0,False,50
HOTAIR,0.005,0,0,0,38.0,38.0,38.0,1.0,0.0,0.0,0.05,0.0,0.0,0.0,0.0,0.0,0.0,0.0,0.0,0.0,0.0,0.0,False,50
LOC100506585,0.005,0,0,0,38.0,38.0,38.0,,0.0,0.0,0.0,0.05,0.0,0.0,0.0,0.0,0.0,0.0,0.0,0.0,0.0,0.0,False,50
MTHFD1,0.005,0,0,0,38.0,38.0,38.0,,0.0,0.0,0.0,0.05,0.0,0.0,0.0,0.0,0.0,0.0,0.0,0.0,0.0,0.0,False,50
MYOM1,0.005,0,0,0,38.0,38.0,38.0,0.0,0.0,0.0,0.05,0.0,0.0,0.0,0.0,0.0,0.0,0.0,0.0,0.0,0.0,0.0,False,50
NATD1,0.005,0,0,0,38.0,38.0,38.0,1.0,0.0,0.0,0.0,0.0,0.0,0.0,0.0,0.05,0.0,0.0,0.0,0.0,0.0,0.0,False,50
PARP10,0.005,0,0,0,38.0,38.0,38.0,,0.0,0.0,0.0,0.0,0.0,0.0,0.0,0.0,0.05,0.0,0.0,0.0,0.0,0.0,False,50
PIAS3,0.005,0,0,0,38.0,38.0,38.0,1.0,0.0,0.0,0.0,0.0,0.0,0.0,0.0,0.05,0.0,0.0,0.0,0.0,0.0,0.0,False,50
RAB42,0.005,0,0,0,38.0,38.0,38.0,,0.0,0.0,0.0,0.05,0.0,0.0,0.0,0.0,0.0,0.0,0.0,0.0,0.0,0.0,False,50
RBM20,0.005,0,0,0,38.0,38.0,38.0,,0.0,0.0,0.0,0.05,0.0,0.0,0.0,0.0,0.0,0.0,0.0,0.0,0.0,0.0,False,50
SETDB1,0.005,0,0,0,38.0,38.0,38.0,1.0,0.85,0.0,0.0,0.0,0.0,0.0,0.0,0.0,0.05,0.0,0.0,0.0,0.0,0.85,False,50
SP3P,0.005,0,0,0,38.0,38.0,38.0,1.0,0.0,0.05,0.0,0.0,0.0,0.0,0.0,0.0,0.0,0.0,0.0,0.0,0.0,0.0,False,50
STX3,0.005,0,0,0,38.0,38.0,38.0,1.0,0.0,0.0,0.0,0.0,0.0,0.0,0.0,0.05,0.0,0.0,0.0,0.0,0.0,0.0,False,50
ZNF587,0.005,0,0,0,38.0,38.0,38.0,1.0,0.0,0.0,0.0,0.0,0.0,0.0,0.0,0.05,0.0,0.0,0.0,0.0,0.0,0.0,False,50
ZYG11B,0.005,0,0,0,38.0,38.0,38.0,1.0,0.0,0.0,0.0,0.0,0.0,0.0,0.0,0.05,0.0,0.0,0.0,0.0,0.0,0.0,False,50
ADRB2,0.005,0,0,0,39.0,39.0,39.0,1.0,0.0,0.0,0.0,0.0,0.0,0.0,0.0,0.05,0.0,0.0,0.0,0.0,0.0,0.0,False,50
B3GNT8,0.005,0,0,0,39.0,39.0,39.0,,0.0,0.0,0.0,0.05,0.0,0.0,0.0,0.0,0.0,0.0,0.0,0.0,0.0,0.0,False,50
CYB5A,0.005,0,0,0,39.0,39.0,39.0,1.0,0.0,0.0,0.0,0.0,0.0,0.0,0.0,0.05,0.0,0.0,0.0,0.0,0.0,0.0,False,50
DNTTIP2,0.005,0,0,0,39.0,39.0,39.0,0.0,0.0,0.0,0.05,0.0,0.0,0.0,0.0,0.0,0.0,0.0,0.0,0.0,0.0,0.0,False,50
EIF2B3,0.005,0,0,0,39.0,39.0,39.0,,0.0,0.0,0.0,0.05,0.0,0.0,0.0,0.0,0.0,0.0,0.0,0.0,0.0,0.0,False,50
EREG,0.005,0,0,0,39.0,39.0,39.0,1.0,0.0,0.05,0.0,0.0,0.0,0.0,0.0,0.0,0.0,0.0,0.0,0.0,0.0,0.0,False,50
FBXO32,0.005,0,0,0,39.0,39.0,39.0,1.0,0.0,0.0,0.0,0.0,0.0,0.05,0.0,0.0,0.0,0.0,0.0,0.0,0.0,0.0,False,50
GOLGA1,0.005,0,0,0,39.0,39.0,39.0,1.0,0.0,0.0,0.05,0.0,0.0,0.0,0.0,0.0,0.0,0.0,0.0,0.0,0.0,0.0,False,50
GUCA2B,0.005,0,0,0,39.0,39.0,39.0,,0.0,0.0,0.0,0.05,0.0,0.0,0.0,0.0,0.0,0.0,0.0,0.0,0.0,0.0,False,50
HERC2P7,0.005,0,0,0,39.0,39.0,39.0,1.0,0.0,0.0,0.05,0.0,0.0,0.0,0.0,0.0,0.0,0.0,0.0,0.0,0.0,0.0,False,50
NUP205,0.005,0,0,0,39.0,39.0,39.0,,0.0,0.0,0.0,0.0,0.0,0.0,0.0,0.0,0.05,0.0,0.0,0.0,0.0,0.0,False,50
POGK,0.005,0,0,0,39.0,39.0,39.0,,0.0,0.0,0.0,0.0,0.0,0.0,0.0,0.0,0.05,0.0,0.0,0.0,0.0,0.0,False,50
PPARGC1A,0.005,0,0,0,39.0,39.0,39.0,0.0,0.0,0.0,0.05,0.0,0.0,0.0,0.0,0.0,0.0,0.0,0.0,0.0,0.0,0.0,False,50
RMDN2,0.005,0,0,0,39.0,39.0,39.0,0.0,0.0,0.0,0.05,0.0,0.0,0.0,0.0,0.0,0.0,0.0,0.0,0.0,0.0,0.0,False,50
SCN2A,0.005,0,0,0,39.0,39.0,39.0,,0.0,0.0,0.0,0.05,0.0,0.0,0.0,0.0,0.0,0.0,0.0,0.0,0.0,0.0,False,50
SLC25A40,0.005,0,0,0,39.0,39.0,39.0,,0.0,0.0,0.0,0.05,0.0,0.0,0.0,0.0,0.0,0.0,0.0,0.0,0.0,0.0,False,50
TPBG,0.005,0,0,0,39.0,39.0,39.0,,0.0,0.0,0.0,0.0,0.0,0.0,0.0,0.0,0.05,0.0,0.0,0.0,0.0,0.0,False,50
TPBGL,0.005,0,0,0,39.0,39.0,39.0,,0.0,0.0,0.0,0.05,0.0,0.0,0.0,0.0,0.0,0.0,0.0,0.0,0.0,0.0,False,50
ZFP37,0.005,0,0,0,39.0,39.0,39.0,,0.0,0.0,0.0,0.05,0.0,0.0,0.0,0.0,0.0,0.0,0.0,0.0,0.0,0.0,False,50
ADAMTSL4,0.005,0,0,0,40.0,40.0,40.0,,0.0,0.0,0.0,0.05,0.0,0.0,0.0,0.0,0.0,0.0,0.0,0.0,0.0,0.0,False,50
C14orf79,0.005,0,0,0,40.0,40.0,40.0,0.0,0.0,0.0,0.05,0.0,0.0,0.0,0.0,0.0,0.0,0.0,0.0,0.0,0.0,0.0,False,50
CABYR,0.005,0,0,0,40.0,40.0,40.0,0.0,0.0,0.0,0.0,0.0,0.0,0.05,0.0,0.0,0.0,0.0,0.0,0.0,0.0,0.0,False,50
CEP135,0.005,0,0,0,40.0,40.0,40.0,,0.0,0.0,0.0,0.05,0.0,0.0,0.0,0.0,0.0,0.0,0.0,0.0,0.0,0.0,False,50
COX14,0.005,0,0,0,40.0,40.0,40.0,,0.0,0.0,0.0,0.0,0.0,0.0,0.0,0.0,0.05,0.0,0.0,0.0,0.0,0.0,False,50
DNAJC7,0.005,0,0,0,40.0,40.0,40.0,1.0,0.0,0.0,0.0,0.0,0.0,0.05,0.0,0.0,0.0,0.0,0.0,0.0,0.0,0.0,False,50
DOCK5,0.005,0,0,0,40.0,40.0,40.0,0.0,0.0,0.0,0.05,0.0,0.0,0.0,0.0,0.0,0.0,0.0,0.0,0.0,0.0,0.0,False,50
FILIP1,0.005,0,0,0,40.0,40.0,40.0,0.0,0.0,0.0,0.05,0.0,0.0,0.0,0.0,0.0,0.0,0.0,0.0,0.0,0.0,0.0,False,50
GRIN2B,0.005,0,0,0,40.0,40.0,40.0,,0.0,0.0,0.0,0.05,0.0,0.0,0.0,0.0,0.0,0.0,0.0,0.0,0.0,0.0,False,50
LOC101927157,0.005,0,0,0,40.0,40.0,40.0,,0.0,0.0,0.0,0.05,0.0,0.0,0.0,0.0,0.0,0.0,0.0,0.0,0.0,0.0,False,50
LOC105375773,0.005,0,0,0,40.0,40.0,40.0,0.0,0.0,0.05,0.0,0.0,0.0,0.0,0.0,0.0,0.0,0.0,0.0,0.0,0.0,0.0,False,50
LOC93444,0.005,0,0,0,40.0,40.0,40.0,,0.0,0.0,0.0,0.05,0.0,0.0,0.0,0.0,0.0,0.0,0.0,0.0,0.0,0.0,False,50
MNT,0.005,0,0,0,40.0,40.0,40.0,0.0,0.0,0.0,0.0,0.0,0.0,0.05,0.0,0.0,0.0,0.0,0.0,0.0,0.0,0.0,False,50
NEBL,0.005,0,0,0,40.0,40.0,40.0,1.0,0.0,0.0,0.0,0.0,0.0,0.05,0.0,0.0,0.0,0.0,0.0,0.0,0.0,0.0,False,50
NUP160,0.005,0,0,0,40.0,40.0,40.0,0.0,0.0,0.0,0.05,0.0,0.0,0.0,0.0,0.0,0.0,0.0,0.0,0.0,0.0,0.0,False,50
ADGRE3,0.005,0,0,0,41.0,41.0,41.0,,0.0,0.0,0.0,0.05,0.0,0.0,0.0,0.0,0.0,0.0,0.0,0.0,0.0,0.0,False,50
C14orf1,0.005,0,0,0,41.0,41.0,41.0,,0.0,0.0,0.0,0.0,0.0,0.0,0.0,0.0,0.05,0.0,0.0,0.0,0.0,0.0,False,50
CA3,0.005,0,0,0,41.0,41.0,41.0,1.0,0.0,0.0,0.05,0.0,0.0,0.0,0.0,0.0,0.0,0.0,0.0,0.0,0.0,0.0,False,50
CREB3L4,0.005,0,0,0,41.0,41.0,41.0,1.0,0.05,0.0,0.0,0.0,0.0,0.0,0.0,0.05,0.0,0.0,0.0,0.0,0.0,0.05,False,50
CTSH,0.005,0,0,0,41.0,41.0,41.0,1.0,0.0,0.0,0.05,0.0,0.0,0.0,0.0,0.0,0.0,0.0,0.0,0.0,0.0,0.0,False,50
DUS1L,0.005,0,0,0,41.0,41.0,41.0,,0.0,0.0,0.0,0.0,0.0,0.0,0.0,0.0,0.05,0.0,0.0,0.0,0.0,0.0,False,50
KMT2D,0.005,0,0,0,41.0,41.0,41.0,1.0,0.0,0.0,0.0,0.0,0.0,0.0,0.0,0.05,0.0,0.0,0.0,0.0,0.0,0.0,False,50
LOC642620,0.005,0,0,0,41.0,41.0,41.0,0.0,0.0,0.05,0.0,0.0,0.0,0.0,0.0,0.0,0.0,0.0,0.0,0.0,0.0,0.0,False,50
PDCD6,0.005,0,0,0,41.0,41.0,41.0,1.0,0.0,0.0,0.0,0.0,0.0,0.0,0.0,0.05,0.0,0.0,0.0,0.0,0.0,0.0,False,50
PSMA3,0.005,0,0,0,41.0,41.0,41.0,,0.0,0.0,0.0,0.05,0.0,0.0,0.0,0.0,0.0,0.0,0.0,0.0,0.0,0.0,False,50
SEPT4,0.005,0,0,0,41.0,41.0,41.0,1.0,0.0,0.0,0.0,0.0,0.0,0.0,0.0,0.05,0.0,0.0,0.0,0.0,0.0,0.0,False,50
TMEM119,0.005,0,0,0,41.0,41.0,41.0,,0.0,0.0,0.0,0.05,0.0,0.0,0.0,0.0,0.0,0.0,0.0,0.0,0.0,0.0,False,50
TRAPPC10,0.005,0,0,0,41.0,41.0,41.0,,0.0,0.0,0.0,0.05,0.0,0.0,0.0,0.0,0.0,0.0,0.0,0.0,0.0,0.0,False,50
ADAMTS18,0.005,0,0,0,42.0,42.0,42.0,0.5,0.05,0.0,0.0,0.0,0.0,0.0,0.0,0.05,0.0,0.0,0.0,0.0,0.0,0.05,False,50
CD300C,0.005,0,0,0,42.0,42.0,42.0,,0.0,0.0,0.0,0.05,0.0,0.0,0.0,0.0,0.0,0.0,0.0,0.0,0.0,0.0,False,50
CEP57L1,0.005,0,0,0,42.0,42.0,42.0,,0.0,0.0,0.0,0.05,0.0,0.0,0.0,0.0,0.0,0.0,0.0,0.0,0.0,0.0,False,50
EFNA4,0.005,0,0,0,42.0,42.0,42.0,1.0,0.0,0.0,0.05,0.0,0.0,0.0,0.0,0.0,0.0,0.0,0.0,0.0,0.0,0.0,False,50
EHMT2,0.005,0,0,0,42.0,42.0,42.0,,0.0,0.0,0.0,0.0,0.0,0.0,0.0,0.0,0.05,0.0,0.0,0.0,0.0,0.0,False,50
HOXA1,0.005,0,0,0,42.0,42.0,42.0,,0.0,0.0,0.0,0.05,0.0,0.0,0.0,0.0,0.0,0.0,0.0,0.0,0.0,0.0,False,50
IKBIP,0.005,0,0,0,42.0,42.0,42.0,1.0,0.0,0.0,0.05,0.0,0.0,0.0,0.0,0.0,0.0,0.0,0.0,0.0,0.0,0.0,False,50
KIAA1549,0.005,0,0,0,42.0,42.0,42.0,,0.0,0.0,0.0,0.0,0.0,0.0,0.0,0.0,0.05,0.0,0.0,0.0,0.0,0.0,False,50
LINC00645,0.005,0,0,0,42.0,42.0,42.0,,0.0,0.0,0.0,0.0,0.0,0.0,0.05,0.0,0.0,0.0,0.0,0.0,0.0,0.0,False,50
LINC01503,0.005,0,0,0,42.0,42.0,42.0,,0.0,0.0,0.0,0.05,0.0,0.0,0.0,0.0,0.0,0.0,0.0,0.0,0.0,0.0,False,50
MMP3,0.005,0,0,0,42.0,42.0,42.0,0.0,0.0,0.0,0.05,0.0,0.0,0.0,0.0,0.0,0.0,0.0,0.0,0.0,0.0,0.0,False,50
OR8G2,0.005,0,0,0,42.0,42.0,42.0,0.0,0.0,0.0,0.0,0.0,0.05,0.0,0.0,0.0,0.0,0.0,0.0,0.0,0.05,0.0,False,50
OVOL2,0.005,0,0,0,42.0,42.0,42.0,1.0,0.0,0.0,0.0,0.0,0.0,0.0,0.0,0.05,0.0,0.0,0.0,0.0,0.0,0.0,False,50
P4HA3,0.005,0,0,0,42.0,42.0,42.0,,0.0,0.0,0.0,0.05,0.0,0.0,0.0,0.0,0.0,0.0,0.0,0.0,0.0,0.0,False,50
PARP9,0.005,0,0,0,42.0,42.0,42.0,0.0,0.0,0.0,0.05,0.0,0.0,0.0,0.0,0.0,0.0,0.0,0.0,0.0,0.0,0.0,False,50
TNFRSF8,0.005,0,0,0,42.0,42.0,42.0,,0.0,0.0,0.0,0.05,0.0,0.0,0.0,0.0,0.0,0.0,0.0,0.0,0.0,0.0,False,50
USMG5,0.005,0,0,0,42.0,42.0,42.0,,0.0,0.0,0.0,0.05,0.0,0.0,0.0,0.0,0.0,0.0,0.0,0.0,0.0,0.0,False,50
XPO7,0.005,0,0,0,42.0,42.0,42.0,1.0,0.0,0.0,0.05,0.0,0.0,0.0,0.0,0.0,0.0,0.0,0.0,0.0,0.0,0.0,False,50
AKR1C4,0.005,0,0,0,43.0,43.0,43.0,0.0,0.0,0.05,0.0,0.0,0.0,0.0,0.0,0.0,0.0,0.0,0.0,0.0,0.0,0.0,False,50
ALDH18A1,0.005,0,0,0,43.0,43.0,43.0,,0.0,0.0,0.0,0.0,0.0,0.0,0.0,0.0,0.05,0.0,0.0,0.0,0.0,0.0,False,50
C12orf76,0.005,0,0,0,43.0,43.0,43.0,1.0,0.0,0.0,0.0,0.0,0.0,0.0,0.0,0.05,0.0,0.0,0.0,0.0,0.0,0.0,False,50
CAPN1,0.005,0,0,0,43.0,43.0,43.0,1.0,0.0,0.0,0.0,0.0,0.0,0.0,0.0,0.05,0.0,0.0,0.0,0.0,0.0,0.0,False,50
CENPK,0.005,0,0,0,43.0,43.0,43.0,1.0,0.0,0.0,0.0,0.0,0.0,0.0,0.0,0.05,0.0,0.0,0.0,0.0,0.0,0.0,False,50
CREG2,0.005,0,0,0,43.0,43.0,43.0,,0.0,0.0,0.0,0.05,0.0,0.0,0.0,0.0,0.0,0.0,0.0,0.0,0.0,0.0,False,50
EHHADH,0.005,0,0,0,43.0,43.0,43.0,0.0,0.0,0.0,0.05,0.0,0.0,0.0,0.0,0.0,0.0,0.0,0.0,0.0,0.0,0.0,False,50
FBXO15,0.005,0,0,0,43.0,43.0,43.0,0.0,0.0,0.0,0.0,0.0,0.0,0.05,0.0,0.0,0.0,0.0,0.0,0.0,0.0,0.0,False,50
LOC100506047,0.005,0,0,0,43.0,43.0,43.0,,0.0,0.0,0.0,0.05,0.0,0.0,0.0,0.0,0.0,0.0,0.0,0.0,0.0,0.0,False,50
LOC101928963,0.005,0,0,0,43.0,43.0,43.0,,0.0,0.0,0.0,0.0,0.0,0.0,0.0,0.0,0.05,0.0,0.0,0.0,0.0,0.0,False,50
MPZL2,0.005,0,0,0,43.0,43.0,43.0,,0.0,0.0,0.0,0.05,0.0,0.0,0.0,0.0,0.0,0.0,0.0,0.0,0.0,0.0,False,50
NDC80,0.005,0,0,0,43.0,43.0,43.0,1.0,0.15,0.0,0.0,0.0,0.0,0.0,0.0,0.05,0.0,0.0,0.0,0.0,0.0,0.15,False,50
PDHA1,0.005,0,0,0,43.0,43.0,43.0,,0.0,0.0,0.0,0.05,0.0,0.0,0.0,0.0,0.0,0.0,0.0,0.0,0.0,0.0,False,50
PMEL,0.005,0,0,0,43.0,43.0,43.0,,0.0,0.0,0.0,0.05,0.0,0.0,0.0,0.0,0.0,0.0,0.0,0.0,0.0,0.0,False,50
TLE3,0.005,0,0,0,43.0,43.0,43.0,,0.0,0.0,0.0,0.0,0.0,0.0,0.0,0.0,0.05,0.0,0.0,0.0,0.0,0.0,False,50
TMEM170B,0.005,0,0,0,43.0,43.0,43.0,1.0,0.0,0.0,0.05,0.0,0.0,0.0,0.0,0.0,0.0,0.0,0.0,0.0,0.0,0.0,False,50
TNIP1,0.005,0,0,0,43.0,43.0,43.0,0.0,0.0,0.0,0.0,0.0,0.0,0.05,0.0,0.0,0.0,0.0,0.0,0.0,0.0,0.0,False,50
WNK1,0.005,0,0,0,43.0,43.0,43.0,1.0,0.0,0.0,0.05,0.0,0.0,0.0,0.0,0.0,0.0,0.0,0.0,0.0,0.0,0.0,False,50
ZNF766,0.005,0,0,0,43.0,43.0,43.0,0.0,0.0,0.0,0.0,0.0,0.0,0.05,0.0,0.0,0.0,0.0,0.0,0.0,0.0,0.0,False,50
ATP13A1,0.005,0,0,0,44.0,44.0,44.0,1.0,0.0,0.0,0.0,0.0,0.0,0.0,0.0,0.05,0.0,0.0,0.0,0.0,0.0,0.0,False,50
B3GALT1,0.005,0,0,0,44.0,44.0,44.0,0.0,0.0,0.05,0.0,0.0,0.0,0.0,0.0,0.0,0.0,0.0,0.0,0.05,0.0,0.0,False,50
BRD7,0.005,0,0,0,44.0,44.0,44.0,,0.0,0.0,0.0,0.05,0.0,0.0,0.0,0.0,0.0,0.0,0.0,0.0,0.0,0.0,False,50
C22orf34,0.005,0,0,0,44.0,44.0,44.0,,0.0,0.0,0.0,0.05,0.0,0.0,0.0,0.0,0.0,0.0,0.0,0.0,0.0,0.0,False,50
CCNL2,0.005,0,0,0,44.0,44.0,44.0,1.0,0.0,0.0,0.0,0.0,0.0,0.0,0.0,0.05,0.0,0.0,0.0,0.0,0.0,0.0,False,50
HIC1,0.005,0,0,0,44.0,44.0,44.0,,0.0,0.0,0.0,0.05,0.0,0.0,0.0,0.0,0.0,0.0,0.0,0.0,0.0,0.0,False,50
HMGN3-AS1,0.005,0,0,0,44.0,44.0,44.0,0.0,0.0,0.0,0.05,0.0,0.0,0.0,0.0,0.0,0.0,0.0,0.0,0.0,0.0,0.0,False,50
ISG15,0.005,0,0,0,44.0,44.0,44.0,0.0,0.0,0.0,0.05,0.0,0.0,0.0,0.0,0.0,0.0,0.0,0.0,0.0,0.0,0.0,False,50
KIAA1217,0.005,0,0,0,44.0,44.0,44.0,,0.0,0.0,0.0,0.05,0.0,0.0,0.0,0.0,0.0,0.0,0.0,0.0,0.0,0.0,False,50
LINC01186,0.005,0,0,0,44.0,44.0,44.0,0.0,0.0,0.05,0.0,0.0,0.0,0.0,0.0,0.0,0.0,0.0,0.0,0.0,0.0,0.0,False,50
LOC105374177,0.005,0,0,0,44.0,44.0,44.0,,0.0,0.0,0.0,0.05,0.0,0.0,0.0,0.0,0.0,0.0,0.0,0.0,0.0,0.0,False,50
NACA,0.005,0,0,0,44.0,44.0,44.0,,0.0,0.0,0.0,0.05,0.0,0.0,0.0,0.0,0.0,0.0,0.0,0.0,0.0,0.0,False,50
PALLD,0.005,0,0,0,44.0,44.0,44.0,,0.0,0.0,0.0,0.05,0.0,0.0,0.0,0.0,0.0,0.0,0.0,0.0,0.0,0.0,False,50
PDE3A,0.005,0,0,0,44.0,44.0,44.0,0.0,0.0,0.0,0.05,0.0,0.0,0.0,0.0,0.0,0.0,0.0,0.0,0.0,0.0,0.0,False,50
PELI2,0.005,0,0,0,44.0,44.0,44.0,1.0,0.0,0.0,0.05,0.0,0.0,0.0,0.0,0.0,0.0,0.0,0.0,0.0,0.0,0.0,False,50
PRKD2,0.005,0,0,0,44.0,44.0,44.0,,0.0,0.0,0.0,0.0,0.0,0.0,0.0,0.0,0.05,0.0,0.0,0.0,0.0,0.0,False,50
S100P,0.005,0,0,0,44.0,44.0,44.0,0.6666666666666666,0.1,0.0,0.0,0.0,0.0,0.05,0.0,0.0,0.0,0.0,0.0,0.0,0.0,0.1,False,50
SGTA,0.005,0,0,0,44.0,44.0,44.0,1.0,0.1,0.0,0.0,0.0,0.0,0.0,0.0,0.05,0.0,0.0,0.0,0.0,0.0,0.1,False,50
SIX6,0.005,0,0,0,44.0,44.0,44.0,,0.0,0.0,0.0,0.05,0.0,0.0,0.0,0.0,0.0,0.0,0.0,0.0,0.0,0.0,False,50
SLC20A1,0.005,0,0,0,44.0,44.0,44.0,1.0,0.0,0.0,0.0,0.0,0.0,0.0,0.0,0.05,0.0,0.0,0.0,0.0,0.0,0.0,False,50
SLC6A4,0.005,0,0,0,44.0,44.0,44.0,1.0,0.0,0.05,0.0,0.0,0.0,0.0,0.0,0.0,0.0,0.0,0.0,0.0,0.0,0.0,False,50
SNCA,0.005,0,0,0,44.0,44.0,44.0,1.0,0.0,0.0,0.0,0.0,0.0,0.0,0.0,0.05,0.0,0.0,0.0,0.0,0.0,0.0,False,50
UBE2D4,0.005,0,0,0,44.0,44.0,44.0,0.0,0.0,0.0,0.05,0.0,0.0,0.0,0.0,0.0,0.0,0.0,0.0,0.0,0.0,0.0,False,50
UBE2Z,0.005,0,0,0,44.0,44.0,44.0,,0.0,0.0,0.0,0.0,0.0,0.0,0.0,0.0,0.05,0.0,0.0,0.0,0.0,0.0,False,50
AOC2,0.005,0,0,0,45.0,45.0,45.0,0.0,0.0,0.05,0.0,0.0,0.0,0.0,0.0,0.0,0.0,0.0,0.0,0.0,0.0,0.0,False,50
ATP6V0D2,0.005,0,0,0,45.0,45.0,45.0,,0.0,0.0,0.0,0.05,0.0,0.0,0.0,0.0,0.0,0.0,0.0,0.0,0.0,0.0,False,50
C17orf47,0.005,0,0,0,45.0,45.0,45.0,,0.0,0.0,0.0,0.05,0.0,0.0,0.0,0.0,0.0,0.0,0.0,0.0,0.0,0.0,False,50
CD101,0.005,0,0,0,45.0,45.0,45.0,,0.0,0.0,0.0,0.05,0.0,0.0,0.0,0.0,0.0,0.0,0.0,0.0,0.0,0.0,False,50
DTWD2,0.005,0,0,0,45.0,45.0,45.0,,0.0,0.0,0.0,0.05,0.0,0.0,0.0,0.0,0.0,0.0,0.0,0.0,0.0,0.0,False,50
ECHDC3,0.005,0,0,0,45.0,45.0,45.0,0.0,0.0,0.0,0.05,0.0,0.0,0.0,0.0,0.0,0.0,0.0,0.0,0.0,0.0,0.0,False,50
ERN1,0.005,0,0,0,45.0,45.0,45.0,,0.0,0.0,0.0,0.0,0.0,0.0,0.0,0.0,0.05,0.0,0.0,0.0,0.0,0.0,False,50
GMDS-AS1,0.005,0,0,0,45.0,45.0,45.0,0.0,0.0,0.0,0.0,0.0,0.0,0.05,0.0,0.0,0.0,0.0,0.0,0.0,0.0,0.0,False,50
HRH3,0.005,0,0,0,45.0,45.0,45.0,1.0,0.0,0.0,0.05,0.0,0.0,0.0,0.0,0.0,0.0,0.0,0.0,0.0,0.0,0.0,False,50
IRF7,0.005,0,0,0,45.0,45.0,45.0,,0.0,0.0,0.0,0.0,0.0,0.0,0.0,0.0,0.05,0.0,0.0,0.0,0.0,0.0,False,50
LOC100507291,0.005,0,0,0,45.0,45.0,45.0,1.0,0.0,0.0,0.0,0.0,0.0,0.05,0.0,0.0,0.0,0.0,0.0,0.0,0.0,0.0,False,50
LOC645513,0.005,0,0,0,45.0,45.0,45.0,1.0,0.0,0.0,0.0,0.0,0.0,0.05,0.0,0.0,0.0,0.0,0.0,0.0,0.0,0.0,False,50
MLANA,0.005,0,0,0,45.0,45.0,45.0,,0.0,0.0,0.0,0.05,0.0,0.0,0.0,0.0,0.0,0.0,0.0,0.0,0.0,0.0,False,50
NFKBIE,0.005,0,0,0,45.0,45.0,45.0,1.0,0.0,0.0,0.0,0.0,0.0,0.0,0.0,0.05,0.0,0.0,0.0,0.0,0.0,0.0,False,50
PZP,0.005,0,0,0,45.0,45.0,45.0,,0.0,0.0,0.0,0.05,0.0,0.0,0.0,0.0,0.0,0.0,0.0,0.0,0.0,0.0,False,50
STMN2,0.005,0,0,0,45.0,45.0,45.0,,0.0,0.0,0.0,0.05,0.0,0.0,0.0,0.0,0.0,0.0,0.0,0.0,0.0,0.0,False,50
SUPT5H,0.005,0,0,0,45.0,45.0,45.0,,0.0,0.0,0.0,0.0,0.0,0.0,0.0,0.0,0.05,0.0,0.0,0.0,0.0,0.0,False,50
TRDMT1,0.005,0,0,0,45.0,45.0,45.0,1.0,0.0,0.0,0.05,0.0,0.0,0.0,0.0,0.0,0.0,0.0,0.0,0.0,0.0,0.0,False,50
WNK3,0.005,0,0,0,45.0,45.0,45.0,0.0,0.0,0.0,0.0,0.0,0.05,0.0,0.0,0.0,0.0,0.0,0.0,0.0,0.05,0.0,False,50
ZFY,0.005,0,0,0,45.0,45.0,45.0,1.0,0.0,0.0,0.05,0.0,0.0,0.0,0.0,0.0,0.0,0.0,0.0,0.0,0.0,0.0,False,50
ANO5,0.005,0,0,0,46.0,46.0,46.0,1.0,0.0,0.0,0.0,0.0,0.0,0.05,0.0,0.0,0.0,0.0,0.0,0.0,0.0,0.0,False,50
CCRL2,0.005,0,0,0,46.0,46.0,46.0,,0.0,0.0,0.0,0.05,0.0,0.0,0.0,0.0,0.0,0.0,0.0,0.0,0.0,0.0,False,50
CTD-2194D22.4,0.005,0,0,0,46.0,46.0,46.0,0.0,0.0,0.0,0.0,0.0,0.05,0.0,0.0,0.0,0.0,0.0,0.0,0.0,0.05,0.0,False,50
DEF6,0.005,0,0,0,46.0,46.0,46.0,1.0,0.0,0.0,0.0,0.0,0.0,0.0,0.0,0.05,0.0,0.0,0.0,0.0,0.0,0.0,False,50
GNAT3,0.005,0,0,0,46.0,46.0,46.0,1.0,0.0,0.05,0.0,0.0,0.0,0.0,0.0,0.0,0.0,0.0,0.0,0.0,0.0,0.0,False,50
IFIT1,0.005,0,0,0,46.0,46.0,46.0,1.0,0.0,0.0,0.05,0.0,0.0,0.0,0.0,0.0,0.0,0.0,0.0,0.0,0.0,0.0,False,50
IGSF3,0.005,0,0,0,46.0,46.0,46.0,,0.0,0.0,0.0,0.0,0.0,0.0,0.0,0.0,0.05,0.0,0.0,0.0,0.0,0.0,False,50
IQGAP3,0.005,0,0,0,46.0,46.0,46.0,,0.0,0.0,0.0,0.0,0.0,0.0,0.0,0.0,0.05,0.0,0.0,0.0,0.0,0.0,False,50
LINC00905,0.005,0,0,0,46.0,46.0,46.0,0.0,0.0,0.05,0.0,0.0,0.0,0.0,0.0,0.0,0.0,0.0,0.0,0.0,0.0,0.0,False,50
LOC101927537,0.005,0,0,0,46.0,46.0,46.0,,0.0,0.0,0.0,0.05,0.0,0.0,0.0,0.0,0.0,0.0,0.0,0.0,0.0,0.0,False,50
LOC101928429,0.005,0,0,0,46.0,46.0,46.0,,0.0,0.0,0.0,0.05,0.0,0.0,0.0,0.0,0.0,0.0,0.0,0.0,0.0,0.0,False,50
LOC374890,0.005,0,0,0,46.0,46.0,46.0,,0.0,0.0,0.0,0.05,0.0,0.0,0.0,0.0,0.0,0.0,0.0,0.0,0.0,0.0,False,50
MSX2,0.005,0,0,0,46.0,46.0,46.0,,0.0,0.0,0.0,0.05,0.0,0.0,0.0,0.0,0.0,0.0,0.0,0.0,0.0,0.0,False,50
NUDT16L1,0.005,0,0,0,46.0,46.0,46.0,,0.0,0.0,0.0,0.0,0.0,0.0,0.0,0.0,0.05,0.0,0.0,0.0,0.0,0.0,False,50
PNMAL1,0.005,0,0,0,46.0,46.0,46.0,0.0,0.0,0.0,0.05,0.0,0.0,0.0,0.0,0.0,0.0,0.0,0.0,0.0,0.0,0.0,False,50
TSPAN5,0.005,0,0,0,46.0,46.0,46.0,1.0,0.0,0.0,0.05,0.0,0.0,0.0,0.0,0.0,0.0,0.0,0.0,0.0,0.0,0.0,False,50
TTYH3,0.005,0,0,0,46.0,46.0,46.0,,0.0,0.0,0.0,0.05,0.0,0.0,0.0,0.0,0.0,0.0,0.0,0.0,0.0,0.0,False,50
UROC1,0.005,0,0,0,46.0,46.0,46.0,,0.0,0.0,0.0,0.05,0.0,0.0,0.0,0.0,0.0,0.0,0.0,0.0,0.0,0.0,False,50
DNAJB2,0.005,0,0,0,47.0,47.0,47.0,1.0,0.0,0.0,0.0,0.0,0.0,0.0,0.0,0.05,0.0,0.0,0.0,0.0,0.0,0.0,False,50
EMX2OS,0.005,0,0,0,47.0,47.0,47.0,,0.0,0.0,0.0,0.05,0.0,0.0,0.0,0.0,0.0,0.0,0.0,0.0,0.0,0.0,False,50
FAM166A,0.005,0,0,0,47.0,47.0,47.0,,0.0,0.0,0.0,0.05,0.0,0.0,0.0,0.0,0.0,0.0,0.0,0.0,0.0,0.0,False,50
FBXL2,0.005,0,0,0,47.0,47.0,47.0,0.0,0.0,0.0,0.05,0.0,0.0,0.0,0.0,0.0,0.0,0.0,0.0,0.0,0.0,0.0,False,50
GAFA2,0.005,0,0,0,47.0,47.0,47.0,,0.0,0.0,0.0,0.05,0.0,0.0,0.0,0.0,0.0,0.0,0.0,0.0,0.0,0.0,False,50
GAPLINC,0.005,0,0,0,47.0,47.0,47.0,1.0,0.0,0.0,0.0,0.0,0.0,0.05,0.0,0.0,0.0,0.0,0.0,0.0,0.0,0.0,False,50
HK1,0.005,0,0,0,47.0,47.0,47.0,,0.0,0.0,0.0,0.0,0.0,0.0,0.0,0.0,0.05,0.0,0.0,0.0,0.0,0.0,False,50
KCNS1,0.005,0,0,0,47.0,47.0,47.0,,0.0,0.0,0.0,0.05,0.0,0.0,0.0,0.0,0.0,0.0,0.0,0.0,0.0,0.0,False,50
NPR3,0.005,0,0,0,47.0,47.0,47.0,0.0,0.0,0.05,0.0,0.0,0.0,0.0,0.0,0.0,0.0,0.0,0.0,0.0,0.0,0.0,False,50
NUP85,0.005,0,0,0,47.0,47.0,47.0,,0.0,0.0,0.0,0.0,0.0,0.0,0.0,0.0,0.05,0.0,0.0,0.0,0.0,0.0,False,50
PIN1P1,0.005,0,0,0,47.0,47.0,47.0,1.0,0.0,0.0,0.0,0.0,0.0,0.0,0.0,0.05,0.0,0.0,0.0,0.0,0.0,0.0,False,50
SCN4A,0.005,0,0,0,47.0,47.0,47.0,0.5,0.0,0.0,0.05,0.0,0.0,0.0,0.0,0.0,0.0,0.0,0.0,0.05,0.0,0.0,False,50
SPDYE2,0.005,0,0,0,47.0,47.0,47.0,0.0,0.0,0.0,0.05,0.0,0.0,0.0,0.0,0.0,0.0,0.0,0.0,0.0,0.0,0.0,False,50
STPG2,0.005,0,0,0,47.0,47.0,47.0,,0.0,0.0,0.0,0.05,0.0,0.0,0.0,0.0,0.0,0.0,0.0,0.0,0.0,0.0,False,50
SUSD1,0.005,0,0,0,47.0,47.0,47.0,,0.0,0.0,0.0,0.05,0.0,0.0,0.0,0.0,0.0,0.0,0.0,0.0,0.0,0.0,False,50
TRPC5,0.005,0,0,0,47.0,47.0,47.0,,0.0,0.0,0.0,0.05,0.0,0.0,0.0,0.0,0.0,0.0,0.0,0.0,0.0,0.0,False,50
WWC3,0.005,0,0,0,47.0,47.0,47.0,0.0,0.0,0.0,0.05,0.0,0.0,0.0,0.0,0.0,0.0,0.0,0.0,0.0,0.0,0.0,False,50
ZFP69B,0.005,0,0,0,47.0,47.0,47.0,0.0,0.0,0.0,0.05,0.0,0.0,0.0,0.0,0.0,0.0,0.0,0.0,0.0,0.0,0.0,False,50
ZMYND8,0.005,0,0,0,47.0,47.0,47.0,1.0,0.0,0.0,0.0,0.0,0.0,0.0,0.0,0.05,0.0,0.0,0.0,0.0,0.0,0.0,False,50
ZNF675,0.005,0,0,0,47.0,47.0,47.0,1.0,0.0,0.0,0.05,0.0,0.0,0.0,0.0,0.0,0.0,0.0,0.0,0.0,0.0,0.0,False,50
ATP5E,0.005,0,0,0,48.0,48.0,48.0,1.0,0.0,0.0,0.05,0.0,0.0,0.0,0.0,0.0,0.0,0.0,0.0,0.0,0.0,0.0,False,50
BMPER,0.005,0,0,0,48.0,48.0,48.0,1.0,0.0,0.0,0.0,0.0,0.0,0.0,0.0,0.05,0.0,0.0,0.0,0.0,0.0,0.0,False,50
CLDN17,0.005,0,0,0,48.0,48.0,48.0,0.0,0.0,0.0,0.0,0.0,0.05,0.0,0.0,0.0,0.0,0.0,0.0,0.0,0.0,0.0,False,50
CSMD2-AS1,0.005,0,0,0,48.0,48.0,48.0,,0.0,0.0,0.0,0.0,0.0,0.0,0.05,0.0,0.0,0.0,0.0,0.0,0.0,0.0,False,50
CXorf40B,0.005,0,0,0,48.0,48.0,48.0,,0.0,0.0,0.0,0.0,0.0,0.0,0.0,0.0,0.05,0.0,0.0,0.0,0.0,0.0,False,50
DHRS7C,0.005,0,0,0,48.0,48.0,48.0,0.0,0.0,0.0,0.0,0.0,0.05,0.0,0.0,0.0,0.0,0.0,0.0,0.0,0.0,0.0,False,50
EDNRB,0.005,0,0,0,48.0,48.0,48.0,1.0,0.0,0.0,0.0,0.0,0.0,0.0,0.0,0.05,0.0,0.0,0.0,0.0,0.0,0.0,False,50
IDH2,0.005,0,0,0,48.0,48.0,48.0,1.0,0.05,0.0,0.0,0.0,0.0,0.0,0.0,0.0,0.05,0.0,0.0,0.0,0.0,0.05,False,50
KCNE3,0.005,0,0,0,48.0,48.0,48.0,,0.0,0.0,0.0,0.0,0.0,0.0,0.0,0.0,0.05,0.0,0.0,0.0,0.0,0.0,False,50
LINC00526,0.005,0,0,0,48.0,48.0,48.0,0.0,0.0,0.0,0.0,0.0,0.0,0.05,0.0,0.0,0.0,0.0,0.0,0.0,0.0,0.0,False,50
LINC00942,0.005,0,0,0,48.0,48.0,48.0,,0.0,0.0,0.0,0.05,0.0,0.0,0.0,0.0,0.0,0.0,0.0,0.0,0.0,0.0,False,50
LOC100505530,0.005,0,0,0,48.0,48.0,48.0,0.0,0.0,0.0,0.0,0.0,0.05,0.0,0.0,0.0,0.0,0.0,0.0,0.0,0.05,0.0,False,50
LOC105378577,0.005,0,0,0,48.0,48.0,48.0,1.0,0.0,0.05,0.0,0.0,0.0,0.0,0.0,0.0,0.0,0.0,0.0,0.0,0.0,0.0,False,50
LOC285300,0.005,0,0,0,48.0,48.0,48.0,,0.0,0.0,0.0,0.05,0.0,0.0,0.0,0.0,0.0,0.0,0.0,0.0,0.0,0.0,False,50
LOC647115,0.005,0,0,0,48.0,48.0,48.0,0.0,0.0,0.05,0.0,0.0,0.0,0.0,0.0,0.0,0.0,0.0,0.0,0.05,0.0,0.0,False,50
LRRC3,0.005,0,0,0,48.0,48.0,48.0,,0.0,0.0,0.0,0.05,0.0,0.0,0.0,0.0,0.0,0.0,0.0,0.0,0.0,0.0,False,50
NNAT,0.005,0,0,0,48.0,48.0,48.0,1.0,0.0,0.0,0.0,0.0,0.0,0.0,0.0,0.05,0.0,0.0,0.0,0.0,0.0,0.0,False,50
PPARG,0.005,0,0,0,48.0,48.0,48.0,1.0,0.0,0.0,0.0,0.0,0.0,0.0,0.0,0.05,0.0,0.0,0.0,0.0,0.0,0.0,False,50
RANGAP1,0.005,0,0,0,48.0,48.0,48.0,,0.0,0.0,0.0,0.0,0.0,0.0,0.0,0.0,0.05,0.0,0.0,0.0,0.0,0.0,False,50
RASGEF1B,0.005,0,0,0,48.0,48.0,48.0,1.0,0.0,0.05,0.0,0.0,0.0,0.0,0.0,0.0,0.0,0.0,0.0,0.0,0.0,0.0,False,50
RNU6-501P,0.005,0,0,0,48.0,48.0,48.0,1.0,0.0,0.05,0.0,0.0,0.0,0.0,0.0,0.0,0.0,0.0,0.0,0.0,0.0,0.0,False,50
TERF1,0.005,0,0,0,48.0,48.0,48.0,1.0,0.0,0.0,0.0,0.0,0.0,0.05,0.0,0.0,0.0,0.0,0.0,0.0,0.0,0.0,False,50
ZNF443,0.005,0,0,0,48.0,48.0,48.0,1.0,0.0,0.0,0.05,0.0,0.0,0.0,0.0,0.0,0.0,0.0,0.0,0.0,0.0,0.0,False,50
ZP2,0.005,0,0,0,48.0,48.0,48.0,,0.0,0.0,0.0,0.05,0.0,0.0,0.0,0.0,0.0,0.0,0.0,0.0,0.0,0.0,False,50
ALDOB,0.005,0,0,0,49.0,49.0,49.0,,0.0,0.0,0.0,0.05,0.0,0.0,0.0,0.0,0.0,0.0,0.0,0.0,0.0,0.0,False,50
ANGPTL8,0.005,0,0,0,49.0,49.0,49.0,,0.0,0.0,0.0,0.05,0.0,0.0,0.0,0.0,0.0,0.0,0.0,0.0,0.0,0.0,False,50
APOF,0.005,0,0,0,49.0,49.0,49.0,,0.0,0.0,0.0,0.05,0.0,0.0,0.0,0.0,0.0,0.0,0.0,0.0,0.0,0.0,False,50
BMP2K,0.005,0,0,0,49.0,49.0,49.0,,0.0,0.0,0.0,0.05,0.0,0.0,0.0,0.0,0.0,0.0,0.0,0.0,0.0,0.0,False,50
EIF3C,0.005,0,0,0,49.0,49.0,49.0,1.0,0.05,0.0,0.0,0.05,0.0,0.0,0.0,0.0,0.0,0.0,0.0,0.0,0.0,0.05,False,50
L3HYPDH,0.005,0,0,0,49.0,49.0,49.0,0.0,0.0,0.0,0.05,0.0,0.0,0.0,0.0,0.0,0.0,0.0,0.0,0.0,0.0,0.0,False,50
LINC00165,0.005,0,0,0,49.0,49.0,49.0,1.0,0.0,0.0,0.0,0.05,0.0,0.0,0.0,0.0,0.0,0.0,0.0,0.0,0.05,0.0,False,50
LINC00702,0.005,0,0,0,49.0,49.0,49.0,0.5,0.0,0.0,0.05,0.0,0.0,0.0,0.0,0.0,0.0,0.0,0.0,0.05,0.0,0.0,False,50
LINC00847,0.005,0,0,0,49.0,49.0,49.0,,0.0,0.0,0.0,0.05,0.0,0.0,0.0,0.0,0.0,0.0,0.0,0.0,0.0,0.0,False,50
LNX2,0.005,0,0,0,49.0,49.0,49.0,0.0,0.0,0.0,0.05,0.0,0.0,0.0,0.0,0.0,0.0,0.0,0.0,0.0,0.0,0.0,False,50
LOC101927247,0.005,0,0,0,49.0,49.0,49.0,0.0,0.0,0.0,0.05,0.0,0.0,0.0,0.0,0.0,0.0,0.0,0.0,0.0,0.0,0.0,False,50
LOC105374895,0.005,0,0,0,49.0,49.0,49.0,,0.0,0.0,0.0,0.05,0.0,0.0,0.0,0.0,0.0,0.0,0.0,0.0,0.0,0.0,False,50
MASP2,0.005,0,0,0,49.0,49.0,49.0,,0.0,0.0,0.0,0.05,0.0,0.0,0.0,0.0,0.0,0.0,0.0,0.0,0.0,0.0,False,50
METTL17,0.005,0,0,0,49.0,49.0,49.0,,0.0,0.0,0.0,0.0,0.0,0.0,0.0,0.0,0.05,0.0,0.0,0.0,0.0,0.0,False,50
NFU1,0.005,0,0,0,49.0,49.0,49.0,,0.0,0.0,0.0,0.05,0.0,0.0,0.0,0.0,0.0,0.0,0.0,0.0,0.0,0.0,False,50
RASL11B,0.005,0,0,0,49.0,49.0,49.0,0.0,0.0,0.0,0.05,0.0,0.0,0.0,0.0,0.0,0.0,0.0,0.0,0.0,0.0,0.0,False,50
RBM10,0.005,0,0,0,49.0,49.0,49.0,1.0,0.0,0.0,0.0,0.0,0.0,0.0,0.0,0.05,0.0,0.0,0.0,0.0,0.0,0.0,False,50
SLC16A2,0.005,0,0,0,49.0,49.0,49.0,0.0,0.0,0.0,0.05,0.0,0.0,0.0,0.0,0.0,0.0,0.0,0.0,0.0,0.0,0.0,False,50
SMIM21,0.005,0,0,0,49.0,49.0,49.0,0.0,0.0,0.0,0.0,0.0,0.05,0.0,0.0,0.0,0.0,0.0,0.0,0.0,0.0,0.0,False,50
SPOCD1,0.005,0,0,0,49.0,49.0,49.0,,0.0,0.0,0.0,0.05,0.0,0.0,0.0,0.0,0.0,0.0,0.0,0.0,0.0,0.0,False,50
TBXAS1,0.005,0,0,0,49.0,49.0,49.0,,0.0,0.0,0.0,0.05,0.0,0.0,0.0,0.0,0.0,0.0,0.0,0.0,0.0,0.0,False,50
WDR46,0.005,0,0,0,49.0,49.0,49.0,,0.0,0.0,0.0,0.0,0.0,0.0,0.0,0.0,0.05,0.0,0.0,0.0,0.0,0.0,False,50
ZFYVE9,0.005,0,0,0,49.0,49.0,49.0,0.0,0.0,0.0,0.05,0.0,0.0,0.0,0.0,0.0,0.0,0.0,0.0,0.0,0.0,0.0,False,50
ZNF267,0.005,0,0,0,49.0,49.0,49.0,0.0,0.0,0.0,0.05,0.0,0.0,0.0,0.0,0.0,0.0,0.0,0.0,0.0,0.0,0.0,False,50
ATXN7L3B,0.005,0,0,0,50.0,50.0,50.0,,0.0,0.0,0.0,0.0,0.0,0.0,0.0,0.0,0.05,0.0,0.0,0.0,0.0,0.0,False,50
CD1B,0.005,0,0,0,50.0,50.0,50.0,,0.0,0.0,0.0,0.05,0.0,0.0,0.0,0.0,0.0,0.0,0.0,0.0,0.0,0.0,False,50
CLIP1,0.005,0,0,0,50.0,50.0,50.0,0.0,0.05,0.0,0.0,0.0,0.0,0.0,0.0,0.0,0.05,0.0,0.0,0.0,0.0,0.05,False,50
CNN3,0.005,0,0,0,50.0,50.0,50.0,1.0,0.0,0.0,0.0,0.0,0.0,0.0,0.0,0.05,0.0,0.0,0.0,0.0,0.0,0.0,False,50
CNPY2,0.005,0,0,0,50.0,50.0,50.0,1.0,0.0,0.0,0.0,0.0,0.0,0.0,0.0,0.05,0.0,0.0,0.0,0.0,0.0,0.0,False,50
DRICH1,0.005,0,0,0,50.0,50.0,50.0,,0.0,0.0,0.0,0.05,0.0,0.0,0.0,0.0,0.0,0.0,0.0,0.0,0.0,0.0,False,50
GLTSCR1,0.005,0,0,0,50.0,50.0,50.0,,0.0,0.0,0.0,0.0,0.0,0.0,0.0,0.0,0.05,0.0,0.0,0.0,0.0,0.0,False,50
ISYNA1,0.005,0,0,0,50.0,50.0,50.0,1.0,0.0,0.0,0.0,0.0,0.0,0.0,0.0,0.05,0.0,0.0,0.0,0.0,0.0,0.0,False,50
LOC100128653,0.005,0,0,0,50.0,50.0,50.0,0.0,0.0,0.0,0.0,0.0,0.05,0.0,0.0,0.0,0.0,0.0,0.0,0.0,0.0,0.0,False,50
LOC101929284,0.005,0,0,0,50.0,50.0,50.0,,0.0,0.0,0.0,0.05,0.0,0.0,0.0,0.0,0.0,0.0,0.0,0.0,0.0,0.0,False,50
LOC149351,0.005,0,0,0,50.0,50.0,50.0,,0.0,0.0,0.0,0.05,0.0,0.0,0.0,0.0,0.0,0.0,0.0,0.0,0.0,0.0,False,50
LRP4,0.005,0,0,0,50.0,50.0,50.0,1.0,0.0,0.05,0.0,0.0,0.0,0.0,0.0,0.0,0.0,0.0,0.0,0.0,0.0,0.0,False,50
SLC19A3,0.005,0,0,0,50.0,50.0,50.0,0.0,0.0,0.0,0.0,0.0,0.0,0.0,0.05,0.0,0.0,0.0,0.0,0.1,0.0,0.0,False,50
SNX29P2,0.005,0,0,0,50.0,50.0,50.0,,0.0,0.0,0.0,0.05,0.0,0.0,0.0,0.0,0.0,0.0,0.0,0.0,0.0,0.0,False,50
TES,0.005,0,0,0,50.0,50.0,50.0,1.0,0.0,0.0,0.05,0.0,0.0,0.0,0.0,0.0,0.0,0.0,0.0,0.0,0.0,0.0,False,50
TFAP2C,0.005,0,0,0,50.0,50.0,50.0,,0.0,0.0,0.0,0.0,0.0,0.0,0.0,0.0,0.05,0.0,0.0,0.0,0.0,0.0,False,50
ADCYAP1,0.0,0,0,0,,,,1.0,0.0,0.0,0.0,0.0,0.0,0.0,0.0,0.0,0.0,0.0,0.0,0.0,0.05,0.0,False,50
ATG4B,0.0,0,0,0,,,,1.0,0.05,0.0,0.0,0.0,0.0,0.0,0.0,0.0,0.0,0.0,0.0,0.0,0.0,0.05,False,50
AVL9,0.0,0,0,0,,,,1.0,0.05,0.0,0.0,0.0,0.0,0.0,0.0,0.0,0.0,0.0,0.0,0.0,0.0,0.05,False,50
C10orf2,0.0,0,0,0,,,,1.0,0.1,0.0,0.0,0.0,0.0,0.0,0.0,0.0,0.0,0.0,0.0,0.0,0.0,0.1,False,50
C16orf58,0.0,0,0,0,,,,1.0,0.1,0.0,0.0,0.0,0.0,0.0,0.0,0.0,0.0,0.0,0.0,0.0,0.0,0.1,False,50
CD36,0.0,0,0,0,,,,0.0,0.05,0.0,0.0,0.0,0.0,0.0,0.0,0.0,0.0,0.0,0.0,0.0,0.0,0.05,False,50
CEACAM6,0.0,0,0,0,,,,1.0,0.05,0.0,0.0,0.0,0.0,0.0,0.0,0.0,0.0,0.0,0.0,0.0,0.0,0.05,False,50
CLUHP3,0.0,0,0,0,,,,1.0,0.15,0.0,0.0,0.0,0.0,0.0,0.0,0.0,0.0,0.0,0.0,0.0,0.0,0.15,False,50
CORO2A,0.0,0,0,0,,,,1.0,0.1,0.0,0.0,0.0,0.0,0.0,0.0,0.0,0.0,0.0,0.0,0.0,0.0,0.1,False,50
DEGS2,0.0,0,0,0,,,,1.0,0.1,0.0,0.0,0.0,0.0,0.0,0.0,0.0,0.0,0.0,0.0,0.0,0.0,0.1,False,50
DGKD,0.0,0,0,0,,,,1.0,0.05,0.0,0.0,0.0,0.0,0.0,0.0,0.0,0.0,0.0,0.0,0.0,0.0,0.05,False,50
DHRS13,0.0,0,0,0,,,,1.0,0.05,0.0,0.0,0.0,0.0,0.0,0.0,0.0,0.0,0.0,0.0,0.0,0.0,0.05,False,50
DLGAP5,0.0,0,0,0,,,,1.0,0.2,0.0,0.0,0.0,0.0,0.0,0.0,0.0,0.0,0.0,0.0,0.0,0.0,0.2,False,50
DNASE1L3,0.0,0,0,0,,,,0.0,0.1,0.0,0.0,0.0,0.0,0.0,0.0,0.0,0.0,0.0,0.0,0.0,0.0,0.1,False,50
DNMT3B,0.0,0,0,0,,,,1.0,0.05,0.0,0.0,0.0,0.0,0.0,0.0,0.0,0.0,0.0,0.0,0.0,0.0,0.05,False,50
EBF2,0.0,0,0,0,,,,0.0,0.0,0.0,0.0,0.0,0.0,0.0,0.0,0.0,0.0,0.0,0.0,0.05,0.0,0.0,False,50
EIF5A2,0.0,0,0,0,,,,0.0,0.05,0.0,0.0,0.0,0.0,0.0,0.0,0.0,0.0,0.0,0.0,0.0,0.0,0.05,False,50
ENSA,0.0,0,0,0,,,,1.0,0.15,0.0,0.0,0.0,0.0,0.0,0.0,0.0,0.0,0.0,0.0,0.0,0.0,0.15,False,50
EPS8L1,0.0,0,0,0,,,,1.0,0.15,0.0,0.0,0.0,0.0,0.0,0.0,0.0,0.0,0.0,0.0,0.0,0.0,0.15,False,50
ERP27,0.0,0,0,0,,,,1.0,0.15,0.0,0.0,0.0,0.0,0.0,0.0,0.0,0.0,0.0,0.0,0.0,0.0,0.15,False,50
FAAH,0.0,0,0,0,,,,1.0,0.1,0.0,0.0,0.0,0.0,0.0,0.0,0.0,0.0,0.0,0.0,0.0,0.0,0.1,False,50
FAAH2,0.0,0,0,0,,,,1.0,0.1,0.0,0.0,0.0,0.0,0.0,0.0,0.0,0.0,0.0,0.0,0.0,0.0,0.1,False,50
FAM213B,0.0,0,0,0,,,,1.0,0.1,0.0,0.0,0.0,0.0,0.0,0.0,0.0,0.0,0.0,0.0,0.0,0.0,0.1,False,50
FBXL16,0.0,0,0,0,,,,1.0,0.25,0.0,0.0,0.0,0.0,0.0,0.0,0.0,0.0,0.0,0.0,0.0,0.0,0.25,False,50
FGFR3,0.0,0,0,0,,,,1.0,0.2,0.0,0.0,0.0,0.0,0.0,0.0,0.0,0.0,0.0,0.0,0.0,0.0,0.2,False,50
FOXA1,0.0,0,0,0,,,,1.0,0.15,0.0,0.0,0.0,0.0,0.0,0.0,0.0,0.0,0.0,0.0,0.0,0.0,0.15,False,50
FOXN2,0.0,0,0,0,,,,0.0,0.05,0.0,0.0,0.0,0.0,0.0,0.0,0.0,0.0,0.0,0.0,0.0,0.0,0.05,False,50
FXYD1,0.0,0,0,0,,,,0.0,0.0,0.0,0.0,0.0,0.0,0.0,0.0,0.0,0.0,0.0,0.0,0.05,0.0,0.0,False,50
GJB2,0.0,0,0,0,,,,1.0,0.15,0.0,0.0,0.0,0.0,0.0,0.0,0.0,0.0,0.0,0.0,0.0,0.0,0.15,False,50
GPRC5A,0.0,0,0,0,,,,1.0,0.35,0.0,0.0,0.0,0.0,0.0,0.0,0.0,0.0,0.0,0.0,0.0,0.0,0.35,False,50
H2AFX,0.0,0,0,0,,,,1.0,0.05,0.0,0.0,0.0,0.0,0.0,0.0,0.0,0.0,0.0,0.0,0.0,0.0,0.05,False,50
HFM1,0.0,0,0,0,,,,0.0,0.0,0.0,0.0,0.0,0.0,0.0,0.0,0.0,0.0,0.0,0.0,0.05,0.0,0.0,False,50
HIST3H2A,0.0,0,0,0,,,,1.0,0.05,0.0,0.0,0.0,0.0,0.0,0.0,0.0,0.0,0.0,0.0,0.0,0.0,0.05,False,50
HNRNPC,0.0,0,0,0,,,,1.0,0.05,0.0,0.0,0.0,0.0,0.0,0.0,0.0,0.0,0.0,0.0,0.0,0.0,0.05,False,50
HS6ST1,0.0,0,0,0,,,,1.0,0.45,0.0,0.0,0.0,0.0,0.0,0.0,0.0,0.0,0.0,0.0,0.0,0.0,0.45,False,50
IGSF9,0.0,0,0,0,,,,1.0,0.5,0.0,0.0,0.0,0.0,0.0,0.0,0.0,0.0,0.0,0.0,0.0,0.0,0.5,False,50
LOC101927204,0.0,0,0,0,,,,1.0,0.05,0.0,0.0,0.0,0.0,0.0,0.0,0.0,0.0,0.0,0.0,0.0,0.0,0.05,False,50
LPL,0.0,0,0,0,,,,0.0,0.05,0.0,0.0,0.0,0.0,0.0,0.0,0.0,0.0,0.0,0.0,0.0,0.0,0.05,False,50
LY6E,0.0,0,0,0,,,,1.0,0.25,0.0,0.0,0.0,0.0,0.0,0.0,0.0,0.0,0.0,0.0,0.0,0.0,0.25,False,50
MIS18A,0.0,0,0,0,,,,1.0,0.1,0.0,0.0,0.0,0.0,0.0,0.0,0.0,0.0,0.0,0.0,0.0,0.0,0.1,False,50
MITF,0.0,0,0,0,,,,0.0,0.05,0.0,0.0,0.0,0.0,0.0,0.0,0.0,0.0,0.0,0.0,0.0,0.0,0.05,False,50
MST1R,0.0,0,0,0,,,,1.0,0.05,0.0,0.0,0.0,0.0,0.0,0.0,0.0,0.0,0.0,0.0,0.0,0.0,0.05,False,50
MYO1A,0.0,0,0,0,,,,0.0,0.0,0.0,0.0,0.0,0.0,0.0,0.0,0.0,0.0,0.0,0.0,0.05,0.0,0.0,False,50
NCAPG2,0.0,0,0,0,,,,1.0,0.1,0.0,0.0,0.0,0.0,0.0,0.0,0.0,0.0,0.0,0.0,0.0,0.0,0.1,False,50
NMRAL1,0.0,0,0,0,,,,1.0,0.2,0.0,0.0,0.0,0.0,0.0,0.0,0.0,0.0,0.0,0.0,0.0,0.0,0.2,False,50
NPNT,0.0,0,0,0,,,,1.0,0.25,0.0,0.0,0.0,0.0,0.0,0.0,0.0,0.0,0.0,0.0,0.0,0.0,0.25,False,50
PAICS,0.0,0,0,0,,,,1.0,0.25,0.0,0.0,0.0,0.0,0.0,0.0,0.0,0.0,0.0,0.0,0.0,0.0,0.25,False,50
PBK,0.0,0,0,0,,,,1.0,0.2,0.0,0.0,0.0,0.0,0.0,0.0,0.0,0.0,0.0,0.0,0.0,0.0,0.2,False,50
POMC,0.0,0,0,0,,,,0.0,0.0,0.0,0.0,0.0,0.0,0.0,0.0,0.0,0.0,0.0,0.0,0.05,0.0,0.0,False,50
PRC1,0.0,0,0,0,,,,1.0,0.25,0.0,0.0,0.0,0.0,0.0,0.0,0.0,0.0,0.0,0.0,0.0,0.0,0.25,False,50
QTRT2,0.0,0,0,0,,,,1.0,0.05,0.0,0.0,0.0,0.0,0.0,0.0,0.0,0.0,0.0,0.0,0.0,0.0,0.05,False,50
RAB11FIP3,0.0,0,0,0,,,,1.0,0.1,0.0,0.0,0.0,0.0,0.0,0.0,0.0,0.0,0.0,0.0,0.0,0.0,0.1,False,50
RAP1GAP,0.0,0,0,0,,,,1.0,0.55,0.0,0.0,0.0,0.0,0.0,0.0,0.0,0.0,0.0,0.0,0.0,0.0,0.55,False,50
RBP7,0.0,0,0,0,,,,0.0,0.05,0.0,0.0,0.0,0.0,0.0,0.0,0.0,0.0,0.0,0.0,0.0,0.0,0.05,False,50
RNASEH2A,0.0,0,0,0,,,,1.0,0.1,0.0,0.0,0.0,0.0,0.0,0.0,0.0,0.0,0.0,0.0,0.0,0.0,0.1,False,50
RNF207,0.0,0,0,0,,,,1.0,0.05,0.0,0.0,0.0,0.0,0.0,0.0,0.0,0.0,0.0,0.0,0.0,0.0,0.05,False,50
RPS25,0.0,0,0,0,,,,0.0,0.05,0.0,0.0,0.0,0.0,0.0,0.0,0.0,0.0,0.0,0.0,0.0,0.0,0.05,False,50
RRAGD,0.0,0,0,0,,,,0.0,0.05,0.0,0.0,0.0,0.0,0.0,0.0,0.0,0.0,0.0,0.0,0.0,0.0,0.05,False,50
RRAS2,0.0,0,0,0,,,,0.0,0.05,0.0,0.0,0.0,0.0,0.0,0.0,0.0,0.0,0.0,0.0,0.0,0.0,0.05,False,50
RSPH1,0.0,0,0,0,,,,1.0,0.5,0.0,0.0,0.0,0.0,0.0,0.0,0.0,0.0,0.0,0.0,0.0,0.0,0.5,False,50
RUSC1,0.0,0,0,0,,,,1.0,0.1,0.0,0.0,0.0,0.0,0.0,0.0,0.0,0.0,0.0,0.0,0.0,0.0,0.1,False,50
SCNN1A,0.0,0,0,0,,,,1.0,0.05,0.0,0.0,0.0,0.0,0.0,0.0,0.0,0.0,0.0,0.0,0.0,0.0,0.05,False,50
SETD4,0.0,0,0,0,,,,1.0,0.75,0.0,0.0,0.0,0.0,0.0,0.0,0.0,0.0,0.0,0.0,0.0,0.0,0.75,False,50
SH3KBP1,0.0,0,0,0,,,,0.0,0.1,0.0,0.0,0.0,0.0,0.0,0.0,0.0,0.0,0.0,0.0,0.0,0.0,0.1,False,50
SHANK2,0.0,0,0,0,,,,1.0,0.25,0.0,0.0,0.0,0.0,0.0,0.0,0.0,0.0,0.0,0.0,0.0,0.0,0.25,False,50
SLC25A25-AS1,0.0,0,0,0,,,,1.0,0.05,0.0,0.0,0.0,0.0,0.0,0.0,0.0,0.0,0.0,0.0,0.0,0.0,0.05,False,50
SLC26A3,0.0,0,0,0,,,,1.0,0.0,0.0,0.0,0.0,0.0,0.0,0.0,0.0,0.0,0.0,0.0,0.0,0.1,0.0,False,50
SMIM22,0.0,0,0,0,,,,1.0,0.05,0.0,0.0,0.0,0.0,0.0,0.0,0.0,0.0,0.0,0.0,0.0,0.0,0.05,False,50
SSX2IP,0.0,0,0,0,,,,1.0,0.05,0.0,0.0,0.0,0.0,0.0,0.0,0.0,0.0,0.0,0.0,0.0,0.0,0.05,False,50
STX7,0.0,0,0,0,,,,0.0,0.1,0.0,0.0,0.0,0.0,0.0,0.0,0.0,0.0,0.0,0.0,0.0,0.0,0.1,False,50
TEX10,0.0,0,0,0,,,,1.0,0.1,0.0,0.0,0.0,0.0,0.0,0.0,0.0,0.0,0.0,0.0,0.0,0.0,0.1,False,50
TMC4,0.0,0,0,0,,,,1.0,0.05,0.0,0.0,0.0,0.0,0.0,0.0,0.0,0.0,0.0,0.0,0.0,0.0,0.05,False,50
TMEM25,0.0,0,0,0,,,,1.0,0.05,0.0,0.0,0.0,0.0,0.0,0.0,0.0,0.0,0.0,0.0,0.0,0.0,0.05,False,50
TPRN,0.0,0,0,0,,,,1.0,0.1,0.0,0.0,0.0,0.0,0.0,0.0,0.0,0.0,0.0,0.0,0.0,0.0,0.1,False,50
TRAFD1,0.0,0,0,0,,,,1.0,0.05,0.0,0.0,0.0,0.0,0.0,0.0,0.0,0.0,0.0,0.0,0.0,0.0,0.05,False,50
TUBA4A,0.0,0,0,0,,,,1.0,0.05,0.0,0.0,0.0,0.0,0.0,0.0,0.0,0.0,0.0,0.0,0.0,0.0,0.05,False,50
USP54,0.0,0,0,0,,,,1.0,0.15,0.0,0.0,0.0,0.0,0.0,0.0,0.0,0.0,0.0,0.0,0.0,0.0,0.15,False,50
ZG16B,0.0,0,0,0,,,,1.0,0.05,0.0,0.0,0.0,0.0,0.0,0.0,0.0,0.0,0.0,0.0,0.0,0.0,0.05,False,50
ZNF142,0.0,0,0,0,,,,1.0,0.05,0.0,0.0,0.0,0.0,0.0,0.0,0.0,0.0,0.0,0.0,0.0,0.0,0.05,False,50
