term,term_size_in_background,overlap,foreground_size,background_size,odds_ratio,p_value,overlap_genes,adj_p_bh
Fatty Acid Catabolic Process (GO:0009062),57,3,34,12722,25.75840978593272,0.00046239560221628427,ABCD2;ABHD1;ACADL,0.693995534148022
Regulation Of Cholesterol Storage (GO:0010885),13,2,34,12722,84.79933110367892,0.0005308820303293341,APOB;TREM2,0.693995534148022
Regulation Of Sequestering Of Triglyceride (GO:0010889),13,2,34,12722,84.79933110367892,0.0005308820303293341,CIDEA;TREM2,0.693995534148022
Striated Muscle Cell Development (GO:0055002),13,2,34,12722,84.79933110367892,0.0005308820303293341,SDC1;TMOD1,0.693995534148022
Negative Regulation Of Cytokine Production (GO:0001818),163,4,34,12722,11.590061154221697,0.0008926014063645411,ABCD2;CIDEA;INHBA;TREM2,0.899962689750938
Negative Regulation Of Cytokine Production Involved In Inflammatory Response (GO:1900016),18,2,34,12722,59.07925407925408,0.0010326594259907492,ABCD2;TREM2,0.899962689750938
Regulation Of Spindle Organization (GO:0090224),20,2,34,12722,52.683991683991685,0.0012781003922298752,RAE1;STIL,0.9547409929957168
Primary Neural Tube Formation (GO:0014020),27,2,34,12722,38.20060331825038,0.002333629486855997,CELSR1;STIL,1.0
Tube Closure (GO:0060606),28,2,34,12722,36.756168359941945,0.0025089406128389713,CELSR1;STIL,1.0
Regulation Of G1/S Transition Of Mitotic Cell Cycle (GO:2000045),103,3,34,12722,13.91763405196241,0.0025702158246564194,INHBA;MYO16;STIL,1.0
Neural Tube Closure (GO:0001843),31,2,34,12722,33.01043024771838,0.003070955994541658,CELSR1;STIL,1.0
Negative Regulation Of G1/S Transition Of Mitotic Cell Cycle (GO:2000134),32,2,34,12722,31.925598991172762,0.00327021692353611,INHBA;MYO16,1.0
Negative Regulation Of Cell Cycle G1/S Phase Transition (GO:1902807),34,2,34,12722,29.95621301775148,0.0036864349490972658,INHBA;MYO16,1.0
Regulation Of Mitotic Spindle Organization (GO:0060236),35,2,34,12722,29.059701492537314,0.0039033299399107014,RAE1;STIL,1.0
Negative Regulation Of Mitotic Cell Cycle Phase Transition (GO:1901991),40,2,34,12722,25.275724275724276,0.005074432918281543,INHBA;MYO16,1.0
Regulation Of Cytokine Production Involved In Inflammatory Response (GO:1900015),40,2,34,12722,25.275724275724276,0.005074432918281543,ABCD2;TREM2,1.0
Erythrocyte Differentiation (GO:0030218),45,2,34,12722,22.361626878868258,0.006387127149450104,FLVCR1;INHBA,1.0
Fatty Acid Beta-Oxidation (GO:0006635),47,2,34,12722,21.375316990701606,0.006951008827479466,ABCD2;ACADL,1.0
Negative Regulation Of Protein-Containing Complex Assembly (GO:0031333),52,2,34,12722,19.25133282559025,0.008455652306376623,PRKCZ;TREM2,1.0
Myeloid Cell Differentiation (GO:0030099),53,2,34,12722,18.876026885735623,0.008772622529991957,FLVCR1;INHBA,1.0
Positive Regulation Of Organelle Assembly (GO:1902117),59,2,34,12722,16.898327759197326,0.01078431197267508,SDC1;STIL,1.0
Choline Metabolic Process (GO:0019695),5,1,34,12722,126.2139303482587,0.013293523820860836,DMGDH,1.0
Epithelial Tube Branching Involved In Lung Morphogenesis (GO:0060441),5,1,34,12722,126.2139303482587,0.013293523820860836,CELSR1,1.0
Heme Transport (GO:0015886),5,1,34,12722,126.2139303482587,0.013293523820860836,FLVCR1,1.0
Iron Coordination Entity Transport (GO:1901678),5,1,34,12722,126.2139303482587,0.013293523820860836,FLVCR1,1.0
Negative Regulation Of Sequestering Of Triglyceride (GO:0010891),5,1,34,12722,126.2139303482587,0.013293523820860836,TREM2,1.0
Negative Regulation Of Smooth Muscle Cell Apoptotic Process (GO:0034392),5,1,34,12722,126.2139303482587,0.013293523820860836,DNMT1,1.0
Negative Regulation Of Toll-Like Receptor 2 Signaling Pathway (GO:0034136),5,1,34,12722,126.2139303482587,0.013293523820860836,TREM2,1.0
Notochord Development (GO:0030903),5,1,34,12722,126.2139303482587,0.013293523820860836,STIL,1.0
Positive Regulation Of Apoptotic Cell Clearance (GO:2000427),5,1,34,12722,126.2139303482587,0.013293523820860836,TREM2,1.0
Positive Regulation Of Interleukin-5 Production (GO:0032754),5,1,34,12722,126.2139303482587,0.013293523820860836,PRKCZ,1.0
Positive Regulation Of Lipoprotein Particle Clearance (GO:0010986),5,1,34,12722,126.2139303482587,0.013293523820860836,TREM2,1.0
Positive Regulation Of Microglial Cell Migration (GO:1904141),5,1,34,12722,126.2139303482587,0.013293523820860836,TREM2,1.0
Positive Regulation Of T-helper 2 Cell Differentiation (GO:0045630),5,1,34,12722,126.2139303482587,0.013293523820860836,PRKCZ,1.0
Regulation Of Apoptotic DNA Fragmentation (GO:1902510),5,1,34,12722,126.2139303482587,0.013293523820860836,CIDEA,1.0
Regulation Of Extracellular Exosome Assembly (GO:1903551),5,1,34,12722,126.2139303482587,0.013293523820860836,SDC1,1.0
Regulation Of Fat Cell Proliferation (GO:0070344),5,1,34,12722,126.2139303482587,0.013293523820860836,TREM2,1.0
Regulation Of Oxidative Stress-Induced Neuron Intrinsic Apoptotic Signaling Pathway (GO:1903376),5,1,34,12722,126.2139303482587,0.013293523820860836,TREM2,1.0
Regulation Of Resting Membrane Potential (GO:0060075),5,1,34,12722,126.2139303482587,0.013293523820860836,TREM2,1.0
Long-Chain Fatty Acid Catabolic Process (GO:0042758),6,1,34,12722,103.25780189959295,0.01593156897224015,ACADL,1.0
Negative Regulation Of Execution Phase Of Apoptosis (GO:1900118),6,1,34,12722,103.25780189959295,0.01593156897224015,CIDEA,1.0
Negative Regulation Of Lymphocyte Differentiation (GO:0045620),6,1,34,12722,103.25780189959295,0.01593156897224015,INHBA,1.0
Negative Regulation Of p38MAPK Cascade (GO:1903753),6,1,34,12722,103.25780189959295,0.01593156897224015,TREM2,1.0
Positive Regulation Of Amyloid-Beta Clearance (GO:1900223),6,1,34,12722,103.25780189959295,0.01593156897224015,TREM2,1.0
Positive Regulation Of Spindle Assembly (GO:1905832),6,1,34,12722,103.25780189959295,0.01593156897224015,STIL,1.0
Positive Regulation Of Unsaturated Fatty Acid Biosynthetic Process (GO:2001280),6,1,34,12722,103.25780189959295,0.01593156897224015,ABCD2,1.0
Receptor-Mediated Virion Attachment To Host Cell (GO:0046813),6,1,34,12722,103.25780189959295,0.01593156897224015,LRRC15,1.0
Regulation Of Glial Cell Apoptotic Process (GO:0034350),6,1,34,12722,103.25780189959295,0.01593156897224015,TREM2,1.0
Regulation Of Microglial Cell Migration (GO:1904139),6,1,34,12722,103.25780189959295,0.01593156897224015,TREM2,1.0
Serine Transport (GO:0032329),6,1,34,12722,103.25780189959295,0.01593156897224015,SLC7A10,1.0
Transcription-Dependent Tethering Of RNA Polymerase II Gene DNA At Nuclear Periphery (GO:0000972),6,1,34,12722,103.25780189959295,0.01593156897224015,RAE1,1.0
Very Long-Chain Fatty Acid Catabolic Process (GO:0042760),6,1,34,12722,103.25780189959295,0.01593156897224015,ABCD2,1.0
Regulation Of Protein Localization To Plasma Membrane (GO:1903076),78,2,34,12722,12.68225238813474,0.01833955869783883,LRRC15;TREM2,1.0
Cellular Biogenic Amine Catabolic Process (GO:0042402),7,1,34,12722,87.36509758897819,0.018562767985683355,DMGDH,1.0
Dendritic Spine Maintenance (GO:0097062),7,1,34,12722,87.36509758897819,0.018562767985683355,TREM2,1.0
Establishment Of Planar Polarity (GO:0001736),7,1,34,12722,87.36509758897819,0.018562767985683355,CELSR1,1.0
Ethanol Oxidation (GO:0006069),7,1,34,12722,87.36509758897819,0.018562767985683355,ADH1C,1.0
Negative Regulation Of Cholesterol Storage (GO:0010887),7,1,34,12722,87.36509758897819,0.018562767985683355,TREM2,1.0
Negative Regulation Of Glial Cell Apoptotic Process (GO:0034351),7,1,34,12722,87.36509758897819,0.018562767985683355,TREM2,1.0
Positive Regulation Of Fatty Acid Beta-Oxidation (GO:0032000),7,1,34,12722,87.36509758897819,0.018562767985683355,ABCD2,1.0
Positive Regulation Of Glial Cell Migration (GO:1903977),7,1,34,12722,87.36509758897819,0.018562767985683355,TREM2,1.0
Positive Regulation Of T-helper 2 Cell Cytokine Production (GO:2000553),7,1,34,12722,87.36509758897819,0.018562767985683355,PRKCZ,1.0
Regulation Of Dopamine Receptor Signaling Pathway (GO:0060159),7,1,34,12722,87.36509758897819,0.018562767985683355,PALM,1.0
Regulation Of T-helper 2 Cell Differentiation (GO:0045628),7,1,34,12722,87.36509758897819,0.018562767985683355,PRKCZ,1.0
Regulation Of Peptidyl-Tyrosine Phosphorylation (GO:0050730),84,2,34,12722,11.754312354312354,0.02107854114446027,PRKCZ;TREM2,1.0
Cellular Response To Oxidised Low-Density Lipoprotein Particle Stimulus (GO:0140052),8,1,34,12722,75.71044776119403,0.02118713809095168,TREM2,1.0
Negative Regulation Of Phosphatidylinositol 3-Kinase Signaling (GO:0014067),8,1,34,12722,75.71044776119403,0.02118713809095168,TREM2,1.0
Negative Regulation Of Toll-Like Receptor 4 Signaling Pathway (GO:0034144),8,1,34,12722,75.71044776119403,0.02118713809095168,TREM2,1.0
Neuron Projection Maintenance (GO:1990535),8,1,34,12722,75.71044776119403,0.02118713809095168,ABCD2,1.0
Positive Regulation Of ATP Biosynthetic Process (GO:2001171),8,1,34,12722,75.71044776119403,0.02118713809095168,TREM2,1.0
Positive Regulation Of Centriole Replication (GO:0046601),8,1,34,12722,75.71044776119403,0.02118713809095168,STIL,1.0
Positive Regulation Of Membrane Invagination (GO:1905155),8,1,34,12722,75.71044776119403,0.02118713809095168,TREM2,1.0
Positive Regulation Of Sequestering Of Triglyceride (GO:0010890),8,1,34,12722,75.71044776119403,0.02118713809095168,CIDEA,1.0
Positive Regulation Of Voltage-Gated Potassium Channel Activity (GO:1903818),8,1,34,12722,75.71044776119403,0.02118713809095168,TREM2,1.0
"Regulation Of Complement Activation, Classical Pathway (GO:0030450)",8,1,34,12722,75.71044776119403,0.02118713809095168,TREM2,1.0
Regulation Of Pattern Recognition Receptor Signaling Pathway (GO:0062207),8,1,34,12722,75.71044776119403,0.02118713809095168,TREM2,1.0
Synapse Pruning (GO:0098883),8,1,34,12722,75.71044776119403,0.02118713809095168,TREM2,1.0
Nervous System Development (GO:0007399),414,4,34,12722,4.41311076056788,0.023716103132562484,CELSR1;INHBA;PAFAH1B3;STIL,1.0
Apical Protein Localization (GO:0045176),9,1,34,12722,66.79806848112379,0.023804696475795768,CELSR1,1.0
Fatty Acid Beta-Oxidation Using acyl-CoA Dehydrogenase (GO:0033539),9,1,34,12722,66.79806848112379,0.023804696475795768,ACADL,1.0
Myelin Maintenance (GO:0043217),9,1,34,12722,66.79806848112379,0.023804696475795768,ABCD2,1.0
Negative Regulation Of Reactive Oxygen Species Biosynthetic Process (GO:1903427),9,1,34,12722,66.79806848112379,0.023804696475795768,ABCD2,1.0
Positive Regulation Of ATP Metabolic Process (GO:1903580),9,1,34,12722,66.79806848112379,0.023804696475795768,TREM2,1.0
"Positive Regulation Of Phagocytosis, Engulfment (GO:0060100)",9,1,34,12722,66.79806848112379,0.023804696475795768,TREM2,1.0
Regulation Of Cellular Extravasation (GO:0002691),9,1,34,12722,66.79806848112379,0.023804696475795768,LYVE1,1.0
Synaptic Vesicle Fusion To Presynaptic Active Zone Membrane (GO:0031629),9,1,34,12722,66.79806848112379,0.023804696475795768,STX11,1.0
Very-Low-Density Lipoprotein Particle Assembly (GO:0034379),9,1,34,12722,66.79806848112379,0.023804696475795768,APOB,1.0
Alanine Transport (GO:0032328),10,1,34,12722,59.761979575805185,0.02641546028605479,SLC7A10,1.0
Fatty Acid Transmembrane Transport (GO:1902001),10,1,34,12722,59.761979575805185,0.02641546028605479,ABCD2,1.0
Low-Density Lipoprotein Particle Remodeling (GO:0034374),10,1,34,12722,59.761979575805185,0.02641546028605479,APOB,1.0
Negative Regulation Of Adenylate Cyclase Activity (GO:0007194),10,1,34,12722,59.761979575805185,0.02641546028605479,PALM,1.0
Negative Regulation Of Amyloid Fibril Formation (GO:1905907),10,1,34,12722,59.761979575805185,0.02641546028605479,TREM2,1.0
Negative Regulation Of NLRP3 Inflammasome Complex Assembly (GO:1900226),10,1,34,12722,59.761979575805185,0.02641546028605479,TREM2,1.0
Positive Regulation Of Interleukin-13 Production (GO:0032736),10,1,34,12722,59.761979575805185,0.02641546028605479,PRKCZ,1.0
Regulation Of Execution Phase Of Apoptosis (GO:1900117),10,1,34,12722,59.761979575805185,0.02641546028605479,CIDEA,1.0
Regulation Of Low-Density Lipoprotein Particle Clearance (GO:0010988),10,1,34,12722,59.761979575805185,0.02641546028605479,TREM2,1.0
"Regulation Of Phagocytosis, Engulfment (GO:0060099)",10,1,34,12722,59.761979575805185,0.02641546028605479,TREM2,1.0
Regulation Of T-helper 2 Cell Cytokine Production (GO:2000551),10,1,34,12722,59.761979575805185,0.02641546028605479,PRKCZ,1.0
Regulation Of Toll-Like Receptor 2 Signaling Pathway (GO:0034135),10,1,34,12722,59.761979575805185,0.02641546028605479,TREM2,1.0
Negative Regulation Of Signal Transduction (GO:0009968),250,3,34,12722,5.585409652076319,0.02866449005065091,PALM;PRKCZ;TREM2,1.0
Astrocyte Activation (GO:0048143),11,1,34,12722,54.066098081023455,0.029019446625755396,TREM2,1.0
Cellular Component Maintenance (GO:0043954),11,1,34,12722,54.066098081023455,0.029019446625755396,TREM2,1.0
Macrophage Activation Involved In Immune Response (GO:0002281),11,1,34,12722,54.066098081023455,0.029019446625755396,TREM2,1.0
Morphogenesis Of A Polarized Epithelium (GO:0001738),11,1,34,12722,54.066098081023455,0.029019446625755396,CELSR1,1.0
Negative Regulation Of Cyclase Activity (GO:0031280),11,1,34,12722,54.066098081023455,0.029019446625755396,PALM,1.0
Negative Regulation Of Neuroinflammatory Response (GO:0150079),11,1,34,12722,54.066098081023455,0.029019446625755396,TREM2,1.0
Positive Regulation Of Cellular Extravasation (GO:0002693),11,1,34,12722,54.066098081023455,0.029019446625755396,LYVE1,1.0
Positive Regulation Of Fatty Acid Oxidation (GO:0046321),11,1,34,12722,54.066098081023455,0.029019446625755396,ABCD2,1.0
Positive Regulation Of Insulin Receptor Signaling Pathway (GO:0046628),11,1,34,12722,54.066098081023455,0.029019446625755396,PRKCZ,1.0
Positive Regulation Of Neuroinflammatory Response (GO:0150078),11,1,34,12722,54.066098081023455,0.029019446625755396,TREM2,1.0
Positive Regulation Of Purine Nucleotide Biosynthetic Process (GO:1900373),11,1,34,12722,54.066098081023455,0.029019446625755396,TREM2,1.0
Regulation Of Cell Activation (GO:0050865),11,1,34,12722,54.066098081023455,0.029019446625755396,TREM2,1.0
Regulation Of Fatty Acid Beta-Oxidation (GO:0031998),11,1,34,12722,54.066098081023455,0.029019446625755396,ABCD2,1.0
Regulation Of Interleukin-5 Production (GO:0032674),11,1,34,12722,54.066098081023455,0.029019446625755396,PRKCZ,1.0
Negative Regulation Of Cell Activation (GO:0050866),12,1,34,12722,49.36080467229072,0.03161667255721039,TREM2,1.0
Positive Regulation Of Calcium-Mediated Signaling (GO:0050850),12,1,34,12722,49.36080467229072,0.03161667255721039,TREM2,1.0
Positive Regulation Of Cellular Response To Insulin Stimulus (GO:1900078),12,1,34,12722,49.36080467229072,0.03161667255721039,PRKCZ,1.0
Positive Regulation Of T-helper Cell Differentiation (GO:0045624),12,1,34,12722,49.36080467229072,0.03161667255721039,PRKCZ,1.0
Regulation Of Microglial Cell Activation (GO:1903978),12,1,34,12722,49.36080467229072,0.03161667255721039,TREM2,1.0
Embryonic Axis Specification (GO:0000578),13,1,34,12722,45.40835820895522,0.034207155101117145,STIL,1.0
Ethanol Metabolic Process (GO:0006067),13,1,34,12722,45.40835820895522,0.034207155101117145,ADH1C,1.0
Negative Regulation Of Lyase Activity (GO:0051350),13,1,34,12722,45.40835820895522,0.034207155101117145,PALM,1.0
Neuron Projection Organization (GO:0106027),13,1,34,12722,45.40835820895522,0.034207155101117145,ABCD2,1.0
Positive Regulation Of Fatty Acid Biosynthetic Process (GO:0045723),13,1,34,12722,45.40835820895522,0.034207155101117145,ABCD2,1.0
Positive Regulation Of Type 2 Immune Response (GO:0002830),13,1,34,12722,45.40835820895522,0.034207155101117145,PRKCZ,1.0
Regulation Of ATP Biosynthetic Process (GO:2001169),13,1,34,12722,45.40835820895522,0.034207155101117145,TREM2,1.0
Regulation Of Amyloid Fibril Formation (GO:1905906),13,1,34,12722,45.40835820895522,0.034207155101117145,TREM2,1.0
Regulation Of Cell Projection Organization (GO:0031344),13,1,34,12722,45.40835820895522,0.034207155101117145,TREM2,1.0
Activin Receptor Signaling Pathway (GO:0032924),14,1,34,12722,42.04145936981758,0.036790911236655906,INHBA,1.0
Astrocyte Development (GO:0014002),14,1,34,12722,42.04145936981758,0.036790911236655906,TREM2,1.0
Negative Regulation Of Biosynthetic Process (GO:0009890),14,1,34,12722,42.04145936981758,0.036790911236655906,ABCD2,1.0
Positive Regulation Of Exosomal Secretion (GO:1903543),14,1,34,12722,42.04145936981758,0.036790911236655906,SDC1,1.0
Positive Regulation Of Macrophage Activation (GO:0043032),14,1,34,12722,42.04145936981758,0.036790911236655906,TREM2,1.0
Positive Regulation Of Syncytium Formation By Plasma Membrane Fusion (GO:0060143),14,1,34,12722,42.04145936981758,0.036790911236655906,TREM2,1.0
Regulation Of Amyloid-Beta Clearance (GO:1900221),14,1,34,12722,42.04145936981758,0.036790911236655906,TREM2,1.0
Regulation Of Establishment Of Protein Localization (GO:0070201),14,1,34,12722,42.04145936981758,0.036790911236655906,TREM2,1.0
Regulation Of Macrophage Differentiation (GO:0045649),14,1,34,12722,42.04145936981758,0.036790911236655906,INHBA,1.0
Synaptic Vesicle Membrane Organization (GO:0048499),14,1,34,12722,42.04145936981758,0.036790911236655906,STX11,1.0
Negative Regulation Of Inflammatory Response To Antigenic Stimulus (GO:0002862),15,1,34,12722,39.13896037056099,0.03936795790158771,TREM2,1.0
Positive Regulation Of Establishment Of Protein Localization (GO:1904951),15,1,34,12722,39.13896037056099,0.03936795790158771,TREM2,1.0
Protein Localization To Microtubule Organizing Center (GO:1905508),15,1,34,12722,39.13896037056099,0.03936795790158771,STIL,1.0
Regulation Of Fatty Acid Oxidation (GO:0046320),15,1,34,12722,39.13896037056099,0.03936795790158771,ACADL,1.0
Regulation Of Interleukin-13 Production (GO:0032656),15,1,34,12722,39.13896037056099,0.03936795790158771,PRKCZ,1.0
Intracellular Lipid Transport (GO:0032365),16,1,34,12722,36.61097737120847,0.041938311992352366,ABCD2,1.0
Negative Regulation Of Lipid Catabolic Process (GO:0050995),16,1,34,12722,36.61097737120847,0.041938311992352366,CIDEA,1.0
Neural Tube Development (GO:0021915),16,1,34,12722,36.61097737120847,0.041938311992352366,STIL,1.0
Positive Regulation Of Interleukin-4 Production (GO:0032753),16,1,34,12722,36.61097737120847,0.041938311992352366,PRKCZ,1.0
Positive Regulation Of Macrophage Derived Foam Cell Differentiation (GO:0010744),16,1,34,12722,36.61097737120847,0.041938311992352366,APOB,1.0
Regulation Of Exosomal Secretion (GO:1903541),16,1,34,12722,36.61097737120847,0.041938311992352366,SDC1,1.0
Regulation Of Inflammatory Response To Antigenic Stimulus (GO:0002861),16,1,34,12722,36.61097737120847,0.041938311992352366,TREM2,1.0
Negative Regulation Of Lipid Storage (GO:0010888),17,1,34,12722,34.38941655359566,0.044501990364165654,TREM2,1.0
Peroxisomal Membrane Transport (GO:0015919),17,1,34,12722,34.38941655359566,0.044501990364165654,ABCD2,1.0
Positive Regulation Of Lipid Storage (GO:0010884),17,1,34,12722,34.38941655359566,0.044501990364165654,CIDEA,1.0
Positive Regulation Of Macrophage Migration (GO:1905523),17,1,34,12722,34.38941655359566,0.044501990364165654,TREM2,1.0
Protein Localization To Centrosome (GO:0071539),17,1,34,12722,34.38941655359566,0.044501990364165654,STIL,1.0
Regulation Of Adenylate Cyclase Activity (GO:0045761),17,1,34,12722,34.38941655359566,0.044501990364165654,PALM,1.0
Regulation Of Centriole Replication (GO:0046599),17,1,34,12722,34.38941655359566,0.044501990364165654,STIL,1.0
Response To Axon Injury (GO:0048678),17,1,34,12722,34.38941655359566,0.044501990364165654,TREM2,1.0
Heme Biosynthetic Process (GO:0006783),18,1,34,12722,32.42174840085288,0.04705900983111713,FLVCR1,1.0
Negative Regulation Of Protein Localization To Cell Periphery (GO:1904376),18,1,34,12722,32.42174840085288,0.04705900983111713,LRRC15,1.0
Negative Regulation Of Protein Localization To Plasma Membrane (GO:1903077),18,1,34,12722,32.42174840085288,0.04705900983111713,LRRC15,1.0
Negative Regulation Of Reactive Oxygen Species Metabolic Process (GO:2000378),18,1,34,12722,32.42174840085288,0.04705900983111713,ABCD2,1.0
Negative Regulation Of Viral Entry Into Host Cell (GO:0046597),18,1,34,12722,32.42174840085288,0.04705900983111713,LRRC15,1.0
Regulation Of Neuroinflammatory Response (GO:0150077),18,1,34,12722,32.42174840085288,0.04705900983111713,TREM2,1.0
Regulation Of Oxidative Stress-Induced Intrinsic Apoptotic Signaling Pathway (GO:1902175),18,1,34,12722,32.42174840085288,0.04705900983111713,TREM2,1.0
Regulation Of Steroid Metabolic Process (GO:0019218),18,1,34,12722,32.42174840085288,0.04705900983111713,ACADL,1.0
Myoblast Differentiation (GO:0045445),19,1,34,12722,30.6668011294877,0.04960938716626685,SDC1,1.0
Negative Regulation Of Phosphate Metabolic Process (GO:0045936),19,1,34,12722,30.6668011294877,0.04960938716626685,INHBA,1.0
Positive Regulation Of Lipid Catabolic Process (GO:0050996),19,1,34,12722,30.6668011294877,0.04960938716626685,ABCD2,1.0
Positive Regulation Of Vascular Associated Smooth Muscle Cell Proliferation (GO:1904707),19,1,34,12722,30.6668011294877,0.04960938716626685,DNMT1,1.0
Regulation Of B Cell Differentiation (GO:0045577),19,1,34,12722,30.6668011294877,0.04960938716626685,INHBA,1.0
Regulation Of Lipid Storage (GO:0010883),19,1,34,12722,30.6668011294877,0.04960938716626685,APOB,1.0
Striated Muscle Cell Differentiation (GO:0051146),19,1,34,12722,30.6668011294877,0.04960938716626685,SDC1,1.0
Vesicle Docking (GO:0048278),19,1,34,12722,30.6668011294877,0.04960938716626685,STX11,1.0
Cellular Response To Low-Density Lipoprotein Particle Stimulus (GO:0071404),20,1,34,12722,29.091848450057405,0.0521531391017425,TREM2,1.0
Long-Term Synaptic Potentiation (GO:0060291),20,1,34,12722,29.091848450057405,0.0521531391017425,PRKCZ,1.0
Microglial Cell Activation (GO:0001774),20,1,34,12722,29.091848450057405,0.0521531391017425,TREM2,1.0
Negative Regulation Of B Cell Activation (GO:0050869),20,1,34,12722,29.091848450057405,0.0521531391017425,INHBA,1.0
Negative Regulation Of Viral Life Cycle (GO:1903901),20,1,34,12722,29.091848450057405,0.0521531391017425,LRRC15,1.0
Porphyrin-Containing Compound Biosynthetic Process (GO:0006779),20,1,34,12722,29.091848450057405,0.0521531391017425,FLVCR1,1.0
Regulation Of Lipid Catabolic Process (GO:0050994),20,1,34,12722,29.091848450057405,0.0521531391017425,CIDEA,1.0
Regulation Of Cold-Induced Thermogenesis (GO:0120161),141,2,34,12722,6.920044113592501,0.05432506700297896,ACADL;CIDEA,1.0
Dendritic Cell Differentiation (GO:0097028),21,1,34,12722,27.670549690571534,0.05469028232883592,TREM2,1.0
Determination Of Bilateral Symmetry (GO:0009855),21,1,34,12722,27.670549690571534,0.05469028232883592,STIL,1.0
Long-Chain Fatty Acid Transport (GO:0015909),21,1,34,12722,27.670549690571534,0.05469028232883592,ABCD2,1.0
Positive Regulation Of Cholesterol Efflux (GO:0010875),21,1,34,12722,27.670549690571534,0.05469028232883592,TREM2,1.0
Positive Regulation Of T Cell Cytokine Production (GO:0002726),21,1,34,12722,27.670549690571534,0.05469028232883592,PRKCZ,1.0
Regulation Of Cholesterol Metabolic Process (GO:0090181),21,1,34,12722,27.670549690571534,0.05469028232883592,ACADL,1.0
Regulation Of Interleukin-4 Production (GO:0032673),21,1,34,12722,27.670549690571534,0.05469028232883592,PRKCZ,1.0
Regulation Of Toll-Like Receptor 4 Signaling Pathway (GO:0034143),21,1,34,12722,27.670549690571534,0.05469028232883592,TREM2,1.0
Positive Regulation Of Macromolecule Metabolic Process (GO:0010604),329,3,34,12722,4.2070784413816575,0.056868992714160446,DNMT1;INHBA;TREM2,1.0
Negative Regulation Of Lipid Metabolic Process (GO:0045833),22,1,34,12722,26.38146476917737,0.057220833498099706,CIDEA,1.0
Negative Regulation Of Protein Localization To Membrane (GO:1905476),22,1,34,12722,26.38146476917737,0.057220833498099706,LRRC15,1.0
Peroxisome Organization (GO:0007031),22,1,34,12722,26.38146476917737,0.057220833498099706,ABCD2,1.0
Positive Regulation Of Excitatory Postsynaptic Potential (GO:2000463),22,1,34,12722,26.38146476917737,0.057220833498099706,PRKCZ,1.0
Regulation Of Reactive Oxygen Species Biosynthetic Process (GO:1903426),22,1,34,12722,26.38146476917737,0.057220833498099706,ABCD2,1.0
Cellular Lipid Catabolic Process (GO:0044242),23,1,34,12722,25.206965174129355,0.059744809219443404,ACADL,1.0
Negative Regulation Of Type II Interferon Production (GO:0032689),23,1,34,12722,25.206965174129355,0.059744809219443404,INHBA,1.0
Osteoclast Differentiation (GO:0030316),23,1,34,12722,25.206965174129355,0.059744809219443404,TREM2,1.0
Positive Regulation Of Erythrocyte Differentiation (GO:0045648),23,1,34,12722,25.206965174129355,0.059744809219443404,INHBA,1.0
Regulation Of Cytokine Production (GO:0001817),150,2,34,12722,6.495985495985496,0.060606577331703326,CIDEA;TREM2,1.0
Nitrogen Compound Transport (GO:0071705),152,2,34,12722,6.408637873754153,0.062035384389857826,FLVCR1;SLC7A10,1.0
Establishment Or Maintenance Of Apical/Basal Cell Polarity (GO:0035088),24,1,34,12722,24.132422991425848,0.06226222606222939,PRKCZ,1.0
In Utero Embryonic Development (GO:0001701),24,1,34,12722,24.132422991425848,0.06226222606222939,STIL,1.0
Mononuclear Cell Differentiation (GO:1903131),24,1,34,12722,24.132422991425848,0.06226222606222939,TREM2,1.0
Peptide Cross-Linking (GO:0018149),24,1,34,12722,24.132422991425848,0.06226222606222939,EPB42,1.0
Dendritic Spine Organization (GO:0097061),25,1,34,12722,23.14559853792263,0.06477310055536875,TREM2,1.0
Left/Right Pattern Formation (GO:0060972),25,1,34,12722,23.14559853792263,0.06477310055536875,STIL,1.0
Negative Regulation Of Lipid Biosynthetic Process (GO:0051055),25,1,34,12722,23.14559853792263,0.06477310055536875,ACADL,1.0
Organelle Fusion (GO:0048284),25,1,34,12722,23.14559853792263,0.06477310055536875,CIDEA,1.0
Pyroptosis (GO:0070269),25,1,34,12722,23.14559853792263,0.06477310055536875,TREM2,1.0
Regulation Of Centrosome Duplication (GO:0010824),25,1,34,12722,23.14559853792263,0.06477310055536875,STIL,1.0
Regulation Of Extrinsic Apoptotic Signaling Pathway In Absence Of Ligand (GO:2001239),25,1,34,12722,23.14559853792263,0.06477310055536875,INHBA,1.0
Regulation Of Spindle Assembly (GO:0090169),25,1,34,12722,23.14559853792263,0.06477310055536875,STIL,1.0
Sterol Transport (GO:0015918),25,1,34,12722,23.14559853792263,0.06477310055536875,APOB,1.0
Positive Regulation Of ERK1 And ERK2 Cascade (GO:0070374),158,2,34,12722,6.159990169574834,0.06639093441088041,PRKCZ;TREM2,1.0
Apoptotic Cell Clearance (GO:0043277),26,1,34,12722,22.236172080772608,0.06727744918741706,TREM2,1.0
Lipid Droplet Organization (GO:0034389),26,1,34,12722,22.236172080772608,0.06727744918741706,CIDEA,1.0
Membrane Fusion (GO:0061025),26,1,34,12722,22.236172080772608,0.06727744918741706,STX11,1.0
Negative Regulation Of Insulin Receptor Signaling Pathway (GO:0046627),26,1,34,12722,22.236172080772608,0.06727744918741706,PRKCZ,1.0
Positive Regulation Of Filopodium Assembly (GO:0051491),26,1,34,12722,22.236172080772608,0.06727744918741706,PALM,1.0
Positive Regulation Of Reproductive Process (GO:2000243),26,1,34,12722,22.236172080772608,0.06727744918741706,INHBA,1.0
"Wnt Signaling Pathway, Planar Cell Polarity Pathway (GO:0060071)",26,1,34,12722,22.236172080772608,0.06727744918741706,CELSR1,1.0
Negative Regulation Of Cell Population Proliferation (GO:0008285),357,3,34,12722,3.8660084626234132,0.06916886508648921,INHBA;MYO16;TREM2,1.0
Glycolytic Process (GO:0006096),27,1,34,12722,21.395381582652774,0.06977528840666943,PFKFB1,1.0
Hematopoietic Progenitor Cell Differentiation (GO:0002244),27,1,34,12722,21.395381582652774,0.06977528840666943,INHBA,1.0
Negative Regulation Of Cellular Response To Insulin Stimulus (GO:1900077),27,1,34,12722,21.395381582652774,0.06977528840666943,PRKCZ,1.0
Regulation Of Calcium-Mediated Signaling (GO:0050848),27,1,34,12722,21.395381582652774,0.06977528840666943,TREM2,1.0
Regulation Of Chemotaxis (GO:0050920),27,1,34,12722,21.395381582652774,0.06977528840666943,TREM2,1.0
Regulation Of Plasma Membrane Bounded Cell Projection Organization (GO:0120035),27,1,34,12722,21.395381582652774,0.06977528840666943,TREM2,1.0
Positive Regulation Of Locomotion (GO:0040017),28,1,34,12722,20.6157394843962,0.07226663462125574,TREM2,1.0
Regulation Of NLRP3 Inflammasome Complex Assembly (GO:1900225),28,1,34,12722,20.6157394843962,0.07226663462125574,TREM2,1.0
Positive Regulation Of Multicellular Organismal Process (GO:0051240),365,3,34,12722,3.7782375478927204,0.07289149567236844,ACADL;INHBA;TREM2,1.0
Phosphate-Containing Compound Metabolic Process (GO:0006796),168,2,34,12722,5.785400785400785,0.07387138149154544,ALPI;PFKFB1,1.0
Negative Regulation Of Myeloid Leukocyte Differentiation (GO:0002762),29,1,34,12722,19.89080911233307,0.07475150419923568,INHBA,1.0
Positive Regulation Of Interleukin-10 Production (GO:0032733),29,1,34,12722,19.89080911233307,0.07475150419923568,PRKCZ,1.0
Positive Regulation Of Leukocyte Migration (GO:0002687),29,1,34,12722,19.89080911233307,0.07475150419923568,LYVE1,1.0
Positive Regulation Of Proteolysis Involved In Protein Catabolic Process (GO:1903052),29,1,34,12722,19.89080911233307,0.07475150419923568,TREM2,1.0
Regulation Of Establishment Of Planar Polarity (GO:0090175),29,1,34,12722,19.89080911233307,0.07475150419923568,CELSR1,1.0
Regulation Of Macrophage Derived Foam Cell Differentiation (GO:0010743),29,1,34,12722,19.89080911233307,0.07475150419923568,APOB,1.0
Very Long-Chain Fatty Acid Metabolic Process (GO:0000038),29,1,34,12722,19.89080911233307,0.07475150419923568,ABCD2,1.0
Chromosome Organization (GO:0051276),30,1,34,12722,19.21502656210473,0.07722991346869333,RAE1,1.0
Endodermal Cell Differentiation (GO:0035987),30,1,34,12722,19.21502656210473,0.07722991346869333,INHBA,1.0
Gluconeogenesis (GO:0006094),30,1,34,12722,19.21502656210473,0.07722991346869333,PFKFB1,1.0
Modulation Of Excitatory Postsynaptic Potential (GO:0098815),30,1,34,12722,19.21502656210473,0.07722991346869333,PRKCZ,1.0
Negative Regulation Of Peptidyl-Tyrosine Phosphorylation (GO:0050732),30,1,34,12722,19.21502656210473,0.07722991346869333,PRKCZ,1.0
Phosphatidylinositol 3-Kinase Signaling (GO:0014065),30,1,34,12722,19.21502656210473,0.07722991346869333,MYO16,1.0
Positive Regulation Of Cholesterol Transport (GO:0032376),30,1,34,12722,19.21502656210473,0.07722991346869333,TREM2,1.0
Positive Regulation Of Extrinsic Apoptotic Signaling Pathway (GO:2001238),30,1,34,12722,19.21502656210473,0.07722991346869333,INHBA,1.0
Positive Regulation Of Nitrogen Compound Metabolic Process (GO:0051173),30,1,34,12722,19.21502656210473,0.07722991346869333,INHBA,1.0
Regulation Of Cholesterol Efflux (GO:0010874),30,1,34,12722,19.21502656210473,0.07722991346869333,TREM2,1.0
Regulation Of Response To Biotic Stimulus (GO:0002831),30,1,34,12722,19.21502656210473,0.07722991346869333,TREM2,1.0
Cellular Response To Amyloid-Beta (GO:1904646),31,1,34,12722,18.58355762172743,0.0797018787178317,TREM2,1.0
Muscle Cell Development (GO:0055001),31,1,34,12722,18.58355762172743,0.0797018787178317,SDC1,1.0
Positive Regulation Of G1/S Transition Of Mitotic Cell Cycle (GO:1900087),31,1,34,12722,18.58355762172743,0.0797018787178317,STIL,1.0
Regulation Of Blood Circulation (GO:1903522),31,1,34,12722,18.58355762172743,0.0797018787178317,HSPB7,1.0
Neutral Amino Acid Transport (GO:0015804),32,1,34,12722,17.99218194740583,0.08216741619506707,SLC7A10,1.0
Positive Regulation Of Organelle Organization (GO:0010638),32,1,34,12722,17.99218194740583,0.08216741619506707,TREM2,1.0
Endoderm Formation (GO:0001706),33,1,34,12722,17.43719862227325,0.0846265421091228,INHBA,1.0
Hexose Biosynthetic Process (GO:0019319),33,1,34,12722,17.43719862227325,0.0846265421091228,PFKFB1,1.0
Positive Regulation Of Myeloid Cell Differentiation (GO:0045639),33,1,34,12722,17.43719862227325,0.0846265421091228,INHBA,1.0
Regulation Of Erythrocyte Differentiation (GO:0045646),33,1,34,12722,17.43719862227325,0.0846265421091228,INHBA,1.0
Smoothened Signaling Pathway (GO:0007224),33,1,34,12722,17.43719862227325,0.0846265421091228,STIL,1.0
Determination Of Left/Right Symmetry (GO:0007368),34,1,34,12722,16.915348629984408,0.08707927262912356,STIL,1.0
Heart Looping (GO:0001947),34,1,34,12722,16.915348629984408,0.08707927262912356,STIL,1.0
Macrophage Activation (GO:0042116),34,1,34,12722,16.915348629984408,0.08707927262912356,TREM2,1.0
Negative Regulation Of Stress-Activated MAPK Cascade (GO:0032873),34,1,34,12722,16.915348629984408,0.08707927262912356,TREM2,1.0
RNA Transport (GO:0050658),34,1,34,12722,16.915348629984408,0.08707927262912356,RAE1,1.0
Regulation Of p38MAPK Cascade (GO:1900744),34,1,34,12722,16.915348629984408,0.08707927262912356,TREM2,1.0
Regulation Of Vascular Associated Smooth Muscle Cell Proliferation (GO:1904705),35,1,34,12722,16.423750811161582,0.08952562388468868,DNMT1,1.0
Carboxylic Acid Transmembrane Transport (GO:1905039),36,1,34,12722,15.959848644103426,0.09196561196602547,SLC7A10,1.0
Import Into Cell (GO:0098657),36,1,34,12722,15.959848644103426,0.09196561196602547,TREM2,1.0
Determination Of Heart Left/Right Asymmetry (GO:0061371),37,1,34,12722,15.521365773870373,0.09439925292402289,STIL,1.0
Negative Regulation Of I-kappaB kinase/NF-kappaB Signaling (GO:0043124),37,1,34,12722,15.521365773870373,0.09439925292402289,TREM2,1.0
Nuclear Transport (GO:0051169),37,1,34,12722,15.521365773870373,0.09439925292402289,RAE1,1.0
Positive Regulation Of Exocytosis (GO:0045921),37,1,34,12722,15.521365773870373,0.09439925292402289,SDC1,1.0
Carbohydrate Catabolic Process (GO:0016052),38,1,34,12722,15.106268656716418,0.09682656277034404,PFKFB1,1.0
Embryonic Heart Tube Morphogenesis (GO:0003143),38,1,34,12722,15.106268656716418,0.09682656277034404,STIL,1.0
Establishment Or Maintenance Of Epithelial Cell Apical/Basal Polarity (GO:0045197),38,1,34,12722,15.106268656716418,0.09682656277034404,PRKCZ,1.0
Odontogenesis (GO:0042476),38,1,34,12722,15.106268656716418,0.09682656277034404,INHBA,1.0
Positive Regulation Of Cell Cycle G1/S Phase Transition (GO:1902808),38,1,34,12722,15.106268656716418,0.09682656277034404,STIL,1.0
Regulation Of Primary Metabolic Process (GO:0080090),38,1,34,12722,15.106268656716418,0.09682656277034404,TREM2,1.0
Amino Acid Transmembrane Transport (GO:0003333),39,1,34,12722,14.712735026167861,0.09924755747751911,SLC7A10,1.0
Regulation Of Small Molecule Metabolic Process (GO:0062012),39,1,34,12722,14.712735026167861,0.09924755747751911,ACADL,1.0
Response To Amyloid-Beta (GO:1904645),39,1,34,12722,14.712735026167861,0.09924755747751911,TREM2,1.0
Synaptic Vesicle Exocytosis (GO:0016079),39,1,34,12722,14.712735026167861,0.09924755747751911,STX11,1.0
Non-Canonical Wnt Signaling Pathway (GO:0035567),40,1,34,12722,14.339127149064803,0.10166225297903804,CELSR1,1.0
Regulation Of Chemokine Production (GO:0032642),40,1,34,12722,14.339127149064803,0.10166225297903804,TREM2,1.0
Regulation Of Insulin Receptor Signaling Pathway (GO:0046626),40,1,34,12722,14.339127149064803,0.10166225297903804,PRKCZ,1.0
Response To Unfolded Protein (GO:0006986),40,1,34,12722,14.339127149064803,0.10166225297903804,HSPB7,1.0
Negative Regulation Of Tumor Necrosis Factor Production (GO:0032720),41,1,34,12722,13.983969043670536,0.10407066516944276,CIDEA,1.0
Regulation Of Viral Entry Into Host Cell (GO:0046596),41,1,34,12722,13.983969043670536,0.10407066516944276,LRRC15,1.0
Secondary Alcohol Metabolic Process (GO:1902652),41,1,34,12722,13.983969043670536,0.10407066516944276,APOB,1.0
Triglyceride Metabolic Process (GO:0006641),41,1,34,12722,13.983969043670536,0.10407066516944276,APOB,1.0
Negative Regulation Of Apoptotic Process (GO:0043066),429,3,34,12722,3.1946072684642437,0.10577148584892705,CIDEA;STIL;TREM2,1.0
Development Of Primary Male Sexual Characteristics (GO:0046546),42,1,34,12722,13.645926991548283,0.10647280990441936,INHBA,1.0
Male Gonad Development (GO:0008584),42,1,34,12722,13.645926991548283,0.10647280990441936,INHBA,1.0
Myofibril Assembly (GO:0030239),42,1,34,12722,13.645926991548283,0.10647280990441936,TMOD1,1.0
Negative Regulation Of Immune System Process (GO:0002683),42,1,34,12722,13.645926991548283,0.10647280990441936,TREM2,1.0
Nuclear Export (GO:0051168),42,1,34,12722,13.645926991548283,0.10647280990441936,RAE1,1.0
Regulation Of Filopodium Assembly (GO:0051489),42,1,34,12722,13.645926991548283,0.10647280990441936,PALM,1.0
Amino Acid Transport (GO:0006865),43,1,34,12722,13.323792800702371,0.10886870300089012,SLC7A10,1.0
Negative Regulation Of Cold-Induced Thermogenesis (GO:0120163),43,1,34,12722,13.323792800702371,0.10886870300089012,CIDEA,1.0
"Negative Regulation Of Gene Expression, Epigenetic (GO:0045814)",43,1,34,12722,13.323792800702371,0.10886870300089012,DNMT1,1.0
Negative Regulation Of Tumor Necrosis Factor Superfamily Cytokine Production (GO:1903556),43,1,34,12722,13.323792800702371,0.10886870300089012,CIDEA,1.0
Positive Regulation Of Chemotaxis (GO:0050921),43,1,34,12722,13.323792800702371,0.10886870300089012,TREM2,1.0
Positive Regulation Of TOR Signaling (GO:0032008),43,1,34,12722,13.323792800702371,0.10886870300089012,TREM2,1.0
Positive Regulation Of Gene Expression (GO:0010628),436,3,34,12722,3.1412277329232348,0.1096800469829843,DNMT1;INHBA;TREM2,1.0
Positive Regulation Of Smooth Muscle Cell Proliferation (GO:0048661),44,1,34,12722,13.016469377251672,0.11125836023710514,DNMT1,1.0
Regulation Of Interleukin-10 Production (GO:0032653),44,1,34,12722,13.016469377251672,0.11125836023710514,PRKCZ,1.0
Positive Regulation Of Pathway-Restricted SMAD Protein Phosphorylation (GO:0010862),45,1,34,12722,12.722958242495388,0.11364179735273373,INHBA,1.0
Cholesterol Transport (GO:0030301),46,1,34,12722,12.442348696080039,0.11601903004895574,APOB,1.0
Intracellular Iron Ion Homeostasis (GO:0006879),46,1,34,12722,12.442348696080039,0.11601903004895574,FLVCR1,1.0
Regulation Of Mitochondrion Organization (GO:0010821),46,1,34,12722,12.442348696080039,0.11601903004895574,TREM2,1.0
Regulation Of Proteasomal Protein Catabolic Process (GO:0061136),46,1,34,12722,12.442348696080039,0.11601903004895574,TREM2,1.0
SMAD Protein Signal Transduction (GO:0060395),46,1,34,12722,12.442348696080039,0.11601903004895574,INHBA,1.0
Regulation Of ERK1 And ERK2 Cascade (GO:0070372),220,2,34,12722,4.390248195740186,0.11657147809524933,PRKCZ;TREM2,1.0
Myelination (GO:0042552),47,1,34,12722,12.173808377467502,0.11839007398855304,ABCD2,1.0
Plasma Membrane Bounded Cell Projection Morphogenesis (GO:0120039),47,1,34,12722,12.173808377467502,0.11839007398855304,MYO16,1.0
Pyruvate Metabolic Process (GO:0006090),47,1,34,12722,12.173808377467502,0.11839007398855304,PFKFB1,1.0
Negative Regulation Of Multicellular Organismal Process (GO:0051241),223,2,34,12722,4.329744747351971,0.11919969745542827,CIDEA;TREM2,1.0
Nucleocytoplasmic Transport (GO:0006913),48,1,34,12722,11.91657501963865,0.12075494479599984,RAE1,1.0
Carboxylic Acid Transport (GO:0046942),49,1,34,12722,11.669949222957378,0.12311365805755402,SLC7A10,1.0
Fatty Acid Oxidation (GO:0019395),49,1,34,12722,11.669949222957378,0.12311365805755402,ABCD2,1.0
Gonad Development (GO:0008406),49,1,34,12722,11.669949222957378,0.12311365805755402,INHBA,1.0
Mitochondrial Transport (GO:0006839),49,1,34,12722,11.669949222957378,0.12311365805755402,FLVCR1,1.0
Rho Protein Signal Transduction (GO:0007266),49,1,34,12722,11.669949222957378,0.12311365805755402,CELSR1,1.0
Negative Regulation Of Metabolic Process (GO:0009892),50,1,34,12722,11.433288104929895,0.1254662293213466,CIDEA,1.0
Positive Regulation Of Protein Localization To Plasma Membrane (GO:1903078),50,1,34,12722,11.433288104929895,0.1254662293213466,TREM2,1.0
Cellular Response To Peptide (GO:1901653),51,1,34,12722,11.205999704448057,0.12781267409747307,TREM2,1.0
Neuron Migration (GO:0001764),51,1,34,12722,11.205999704448057,0.12781267409747307,CELSR1,1.0
Positive Regulation Of Protein Localization To Cell Periphery (GO:1904377),51,1,34,12722,11.205999704448057,0.12781267409747307,TREM2,1.0
Regulation Of Lipid Metabolic Process (GO:0019216),51,1,34,12722,11.205999704448057,0.12781267409747307,TREM2,1.0
Sterol Metabolic Process (GO:0016125),51,1,34,12722,11.205999704448057,0.12781267409747307,APOB,1.0
mRNA Transport (GO:0051028),52,1,34,12722,10.987538037965512,0.13015300785808273,RAE1,1.0
BMP Signaling Pathway (GO:0030509),53,1,34,12722,10.777398720682303,0.13248724603746911,INHBA,1.0
mRNA Export From Nucleus (GO:0006406),53,1,34,12722,10.777398720682303,0.13248724603746911,RAE1,1.0
Defense Response To Gram-negative Bacterium (GO:0050829),54,1,34,12722,10.57511507881155,0.1348154040321589,TREM2,1.0
Memory (GO:0007613),54,1,34,12722,10.57511507881155,0.1348154040321589,TREM2,1.0
Chordate Embryonic Development (GO:0043009),55,1,34,12722,10.380254689853485,0.13713749720100218,STIL,1.0
Microtubule Cytoskeleton Organization Involved In Mitosis (GO:1902850),55,1,34,12722,10.380254689853485,0.13713749720100218,STIL,1.0
Positive Regulation Of Mitochondrion Organization (GO:0010822),55,1,34,12722,10.380254689853485,0.13713749720100218,TREM2,1.0
Positive Regulation Of Signal Transduction (GO:0009967),245,2,34,12722,3.9316063812983733,0.13891493690107284,PRKCZ;TREM2,1.0
Fatty Acid Biosynthetic Process (GO:0006633),56,1,34,12722,10.192416296893908,0.139453540865261,ABHD1,1.0
Negative Regulation Of Cytokine-Mediated Signaling Pathway (GO:0001960),56,1,34,12722,10.192416296893908,0.139453540865261,TREM2,1.0
Regulation Of Phagocytosis (GO:0050764),56,1,34,12722,10.192416296893908,0.139453540865261,TREM2,1.0
Glucose Metabolic Process (GO:0006006),57,1,34,12722,10.011227050587769,0.1417635503086987,PFKFB1,1.0
Negative Regulation Of Autophagy (GO:0010507),57,1,34,12722,10.011227050587769,0.1417635503086987,TREM2,1.0
Positive Regulation Of Phagocytosis (GO:0050766),57,1,34,12722,10.011227050587769,0.1417635503086987,TREM2,1.0
RNA Export From Nucleus (GO:0006405),57,1,34,12722,10.011227050587769,0.1417635503086987,RAE1,1.0
Regulation Of Pathway-Restricted SMAD Protein Phosphorylation (GO:0060393),57,1,34,12722,10.011227050587769,0.1417635503086987,INHBA,1.0
Cellular Response To BMP Stimulus (GO:0071773),58,1,34,12722,9.836340038935756,0.1440675407776686,INHBA,1.0
Negative Regulation Of Cellular Process (GO:0048523),495,3,34,12722,2.75160744500846,0.1447667032719989,INHBA;MYO16;TREM2,1.0
Cholesterol Metabolic Process (GO:0008203),60,1,34,12722,9.504201680672269,0.148657525591101,APOB,1.0
Phosphatidylinositol-Mediated Signaling (GO:0048015),60,1,34,12722,9.504201680672269,0.148657525591101,MYO16,1.0
Phagocytosis (GO:0006909),61,1,34,12722,9.346367336869372,0.1509435502420173,TREM2,1.0
Central Nervous System Development (GO:0007417),261,2,34,12722,3.6844523491922336,0.15368417713902396,CELSR1;PAFAH1B3,1.0
Positive Regulation Of Mitotic Cell Cycle Phase Transition (GO:1901992),63,1,34,12722,9.045850746268657,0.15549773952032772,STIL,1.0
Regulation Of Heart Contraction (GO:0008016),63,1,34,12722,9.045850746268657,0.15549773952032772,HSPB7,1.0
Extrinsic Apoptotic Signaling Pathway (GO:0097191),64,1,34,12722,8.902691268069104,0.1577659342320987,INHBA,1.0
Negative Regulation Of Catabolic Process (GO:0009895),64,1,34,12722,8.902691268069104,0.1577659342320987,CIDEA,1.0
Negative Regulation Of Cellular Catabolic Process (GO:0031330),64,1,34,12722,8.902691268069104,0.1577659342320987,TREM2,1.0
Negative Regulation Of Immune Response (GO:0050777),64,1,34,12722,8.902691268069104,0.1577659342320987,TREM2,1.0
Cholesterol Homeostasis (GO:0042632),65,1,34,12722,8.763970843457132,0.16002821565381692,APOB,1.0
Negative Regulation Of Supramolecular Fiber Organization (GO:1902904),65,1,34,12722,8.763970843457132,0.16002821565381692,TREM2,1.0
Plasma Membrane Organization (GO:0007009),65,1,34,12722,8.763970843457132,0.16002821565381692,ABCD2,1.0
Positive Regulation Of Protein Transport (GO:0051222),66,1,34,12722,8.629486157001253,0.16228459873572956,TREM2,1.0
Sterol Homeostasis (GO:0055092),66,1,34,12722,8.629486157001253,0.16228459873572956,APOB,1.0
Positive Regulation Of Phosphatidylinositol 3-Kinase Signaling (GO:0014068),67,1,34,12722,8.499046122769611,0.16453509839146488,TREM2,1.0
Myeloid Leukocyte Differentiation (GO:0002573),68,1,34,12722,8.372470978441127,0.16677972949811767,TREM2,1.0
Regulation Of Actin Filament-Based Process (GO:0032970),68,1,34,12722,8.372470978441127,0.16677972949811767,CELSR1,1.0
Long-Chain Fatty Acid Metabolic Process (GO:0001676),69,1,34,12722,8.249591458764572,0.1690185068963366,ACADL,1.0
Embryonic Organ Development (GO:0048568),70,1,34,12722,8.13024804037367,0.17125144539041123,STIL,1.0
Negative Regulation Of Phosphorylation (GO:0042326),70,1,34,12722,8.13024804037367,0.17125144539041123,INHBA,1.0
Positive Regulation Of Secretion By Cell (GO:1903532),70,1,34,12722,8.13024804037367,0.17125144539041123,TREM2,1.0
Regulation Of Immune Response (GO:0050776),70,1,34,12722,8.13024804037367,0.17125144539041123,TREM2,1.0
Regulation Of TOR Signaling (GO:0032006),70,1,34,12722,8.13024804037367,0.17125144539041123,TREM2,1.0
Positive Regulation Of MAPK Cascade (GO:0043410),280,2,34,12722,3.4278414583621046,0.17161220821321682,PRKCZ;TREM2,1.0
Negative Regulation Of Cellular Component Organization (GO:0051129),71,1,34,12722,8.014290250873293,0.17347855974835683,PRKCZ,1.0
Protein Transport (GO:0015031),285,2,34,12722,3.366029032695699,0.17639073903431252,APOB;STX11,1.0
Actomyosin Structure Organization (GO:0031032),73,1,34,12722,7.79197117858981,0.17791537494707083,TMOD1,1.0
Cellular Response To Organic Substance (GO:0071310),73,1,34,12722,7.79197117858981,0.17791537494707083,TREM2,1.0
Negative Regulation Of Transforming Growth Factor Beta Receptor Signaling Pathway (GO:0030512),73,1,34,12722,7.79197117858981,0.17791537494707083,CIDEA,1.0
Positive Regulation Of Protein Secretion (GO:0050714),73,1,34,12722,7.79197117858981,0.17791537494707083,TREM2,1.0
Positive Regulation Of Synaptic Transmission (GO:0050806),73,1,34,12722,7.79197117858981,0.17791537494707083,PRKCZ,1.0
Regulation Of Organelle Assembly (GO:1902115),73,1,34,12722,7.79197117858981,0.17791537494707083,STIL,1.0
Positive Regulation Of Cytoskeleton Organization (GO:0051495),75,1,34,12722,7.581588700791345,0.18232906991439618,STIL,1.0
Regulation Of Innate Immune Response (GO:0045088),75,1,34,12722,7.581588700791345,0.18232906991439618,TREM2,1.0
Positive Regulation Of Protein Localization To Membrane (GO:1905477),76,1,34,12722,7.480577246219235,0.1845272838483655,TREM2,1.0
Positive Regulation Of Endocytosis (GO:0045807),78,1,34,12722,7.286374578719307,0.188906517377871,TREM2,1.0
Regulation Of Kinase Activity (GO:0043549),78,1,34,12722,7.286374578719307,0.188906517377871,TREM2,1.0
Exocytosis (GO:0006887),79,1,34,12722,7.1929841239661565,0.19108756597081272,STX11,1.0
Mitotic Spindle Organization (GO:0007052),79,1,34,12722,7.1929841239661565,0.19108756597081272,STIL,1.0
Regulation Of Phosphorylation (GO:0042325),79,1,34,12722,7.1929841239661565,0.19108756597081272,INHBA,1.0
Regulation Of Type II Interferon Production (GO:0032649),80,1,34,12722,7.101943114615601,0.1932629217215831,INHBA,1.0
"Retrograde Transport, Endosome To Golgi (GO:0042147)",80,1,34,12722,7.101943114615601,0.1932629217215831,DENND2A,1.0
Positive Regulation Of Proteasomal Protein Catabolic Process (GO:1901800),81,1,34,12722,7.013163993696116,0.1954325990401615,TREM2,1.0
Positive Regulation Of Protein Localization (GO:1903829),82,1,34,12722,6.92656350151085,0.1975966123011877,TREM2,1.0
Negative Regulation Of Gene Expression (GO:0010629),308,2,34,12722,3.107667210440457,0.19864049343338366,CIDEA;DNMT1,1.0
Protein O-linked Glycosylation (GO:0006493),83,1,34,12722,6.842062415196744,0.19975497584404842,TET3,1.0
Positive Regulation Of Plasma Membrane Bounded Cell Projection Assembly (GO:0120034),84,1,34,12722,6.759585306997945,0.20190770397295923,PALM,1.0
Regulation Of Phosphatidylinositol 3-Kinase Signaling (GO:0014066),85,1,34,12722,6.679060319703259,0.20405481095704853,TREM2,1.0
Muscle Contraction (GO:0006936),86,1,34,12722,6.6004189578423675,0.20619631103044087,TMOD1,1.0
Positive Regulation Of Cellular Component Biogenesis (GO:0044089),88,1,34,12722,6.448528784648188,0.21046254720711394,SDC1,1.0
Positive Regulation Of Transmembrane Receptor Protein Serine/Threonine Kinase Signaling Pathway (GO:0090100),88,1,34,12722,6.448528784648188,0.21046254720711394,INHBA,1.0
Regulation Of Actin Cytoskeleton Organization (GO:0032956),88,1,34,12722,6.448528784648188,0.21046254720711394,CELSR1,1.0
Regulation Of Protein Metabolic Process (GO:0051246),88,1,34,12722,6.448528784648188,0.21046254720711394,INHBA,1.0
Positive Regulation Of Protein Catabolic Process (GO:0045732),89,1,34,12722,6.375158107766254,0.21258731160437194,TREM2,1.0
Regulation Of Protein Secretion (GO:0050708),91,1,34,12722,6.233281108270801,0.21682020349150694,TREM2,1.0
Protein Localization (GO:0008104),328,2,34,12722,2.912592767110378,0.21827476238801755,CELSR1;STX11,1.0
Regulation Of Defense Response (GO:0031347),92,1,34,12722,6.16466846097382,0.21892835906757277,TREM2,1.0
Regulation Of Neuron Apoptotic Process (GO:0043523),96,1,34,12722,5.904587012581073,0.22730603832157503,TREM2,1.0
Cell-Matrix Adhesion (GO:0007160),97,1,34,12722,5.84293558116155,0.2293867919012572,LYVE1,1.0
Hemopoiesis (GO:0030097),97,1,34,12722,5.84293558116155,0.2293867919012572,INHBA,1.0
Positive Regulation Of Kinase Activity (GO:0033674),97,1,34,12722,5.84293558116155,0.2293867919012572,TREM2,1.0
Positive Regulation Of Vasculature Development (GO:1904018),98,1,34,12722,5.782548794489093,0.23146210667950354,HSPB6,1.0
External Encapsulating Structure Organization (GO:0045229),100,1,34,12722,5.665416635415886,0.23559647494410593,MMP28,1.0
Extracellular Structure Organization (GO:0043062),100,1,34,12722,5.665416635415886,0.23559647494410593,MMP28,1.0
Negative Regulation Of Inflammatory Response (GO:0050728),103,1,34,12722,5.498289042591918,0.24175757989578112,TREM2,1.0
Negative Regulation Of Transmembrane Receptor Protein Serine/Threonine Kinase Signaling Pathway (GO:0090101),103,1,34,12722,5.498289042591918,0.24175757989578112,CIDEA,1.0
Negative Regulation Of Programmed Cell Death (GO:0043069),352,2,34,12722,2.7078898277186436,0.24207433492077493,STIL;TREM2,1.0
Positive Regulation Of Protein Phosphorylation (GO:0001934),352,2,34,12722,2.7078898277186436,0.24207433492077493,INHBA;TREM2,1.0
Regulation Of Interleukin-6 Production (GO:0032675),104,1,34,12722,5.444732857451871,0.2438005502011572,TREM2,1.0
Regulation Of Transforming Growth Factor Beta Receptor Signaling Pathway (GO:0017015),106,1,34,12722,5.340666336563627,0.24787047535220447,CIDEA,1.0
Positive Regulation Of Cell Cycle Process (GO:0090068),107,1,34,12722,5.290098801765819,0.24989745726707616,STIL,1.0
Positive Regulation Of Cellular Component Organization (GO:0051130),107,1,34,12722,5.290098801765819,0.24989745726707616,TREM2,1.0
Response To Lipid (GO:0033993),107,1,34,12722,5.290098801765819,0.24989745726707616,TREM2,1.0
Regulation Of Cytoskeleton Organization (GO:0051493),109,1,34,12722,5.191760093541509,0.25393552719925966,CELSR1,1.0
Regulation Of Protein-Containing Complex Assembly (GO:0043254),109,1,34,12722,5.191760093541509,0.25393552719925966,PRKCZ,1.0
Fatty Acid Metabolic Process (GO:0006631),111,1,34,12722,5.096981157560613,0.25795249478008625,ABCD2,1.0
Cytosolic Transport (GO:0016482),112,1,34,12722,5.050866742520581,0.25995309863207905,DENND2A,1.0
Non-Membrane-Bounded Organelle Assembly (GO:0140694),112,1,34,12722,5.050866742520581,0.25995309863207905,TMOD1,1.0
Positive Regulation Of Angiogenesis (GO:0045766),112,1,34,12722,5.050866742520581,0.25995309863207905,HSPB6,1.0
Negative Regulation Of Growth (GO:0045926),114,1,34,12722,4.961075678874351,0.2639386130583977,INHBA,1.0
Regulation Of Tumor Necrosis Factor Production (GO:0032680),115,1,34,12722,4.917356449195073,0.26592355017419844,CIDEA,1.0
Negative Regulation Of Cell Growth (GO:0030308),117,1,34,12722,4.832169623983089,0.2698778503202117,INHBA,1.0
Organonitrogen Compound Biosynthetic Process (GO:1901566),119,1,34,12722,4.749858303419611,0.2738114727853061,INHBA,1.0
Regulation Of Response To External Stimulus (GO:0032101),119,1,34,12722,4.749858303419611,0.2738114727853061,TREM2,1.0
Transmembrane Receptor Protein Serine/Threonine Kinase Signaling Pathway (GO:0007178),120,1,34,12722,4.709735839630301,0.27577056267860933,INHBA,1.0
Positive Regulation Of Peptidyl-Tyrosine Phosphorylation (GO:0050731),122,1,34,12722,4.631472268288189,0.2796733650868572,TREM2,1.0
Negative Regulation Of Cellular Biosynthetic Process (GO:0031327),127,1,34,12722,4.446640316205533,0.28934127546209304,ACADL,1.0
Positive Regulation Of Transferase Activity (GO:0051347),130,1,34,12722,4.342592059009969,0.29508144322211466,TREM2,1.0
Regulation Of Macromolecule Metabolic Process (GO:0060255),134,1,34,12722,4.2111353345631395,0.3026650411288285,TREM2,1.0
Epithelium Development (GO:0060429),135,1,34,12722,4.179492870221384,0.3045485324381406,STIL,1.0
Negative Regulation Of Protein Phosphorylation (GO:0001933),136,1,34,12722,4.148317453323787,0.30642708569921157,PRKCZ,1.0
Protein Glycosylation (GO:0006486),136,1,34,12722,4.148317453323787,0.30642708569921157,TET3,1.0
Ras Protein Signal Transduction (GO:0007265),136,1,34,12722,4.148317453323787,0.30642708569921157,CELSR1,1.0
Dephosphorylation (GO:0016311),137,1,34,12722,4.117598819091357,0.30830071346706694,ALPI,1.0
Negative Regulation Of Protein Metabolic Process (GO:0051248),137,1,34,12722,4.117598819091357,0.30830071346706694,TREM2,1.0
Neuron Projection Morphogenesis (GO:0048812),139,1,34,12722,4.057492321784579,0.3120332425886725,MYO16,1.0
Positive Regulation Of Cellular Catabolic Process (GO:0031331),139,1,34,12722,4.057492321784579,0.3120332425886725,ABCD2,1.0
Positive Regulation Of NF-kappaB Transcription Factor Activity (GO:0051092),141,1,34,12722,3.9990970414829765,0.3157462196259589,PRKCZ,1.0
Positive Regulation Of Response To External Stimulus (GO:0032103),146,1,34,12722,3.860132328050469,0.3249437725119457,TREM2,1.0
Membrane Organization (GO:0061024),152,1,34,12722,3.705482488547362,0.33582251421042913,STX11,1.0
Peptidyl-Serine Phosphorylation (GO:0018105),152,1,34,12722,3.705482488547362,0.33582251421042913,PRKCZ,1.0
Endosomal Transport (GO:0016197),153,1,34,12722,3.680890628823098,0.3376190165586271,DENND2A,1.0
Brain Development (GO:0007420),154,1,34,12722,3.656619184209247,0.33941080217697395,PAFAH1B3,1.0
Generation Of Neurons (GO:0048699),154,1,34,12722,3.656619184209247,0.33941080217697395,CELSR1,1.0
Macromolecule Biosynthetic Process (GO:0009059),154,1,34,12722,3.656619184209247,0.33941080217697395,INHBA,1.0
Peptidyl-Serine Modification (GO:0018209),156,1,34,12722,3.609012813744781,0.3429802712324797,PRKCZ,1.0
Defense Response To Bacterium (GO:0042742),160,1,34,12722,3.5173817433210126,0.35006313502223885,TREM2,1.0
Neuron Differentiation (GO:0030182),160,1,34,12722,3.5173817433210126,0.35006313502223885,INHBA,1.0
Regulation Of Programmed Cell Death (GO:0043067),161,1,34,12722,3.4951876133351933,0.351822238143497,CIDEA,1.0
Extracellular Matrix Organization (GO:0030198),163,1,34,12722,3.451618828932262,0.3553265917222213,MMP28,1.0
Intracellular Monoatomic Cation Homeostasis (GO:0030003),175,1,34,12722,3.2111790617115,0.3759697444217528,FLVCR1,1.0
Negative Regulation Of Macromolecule Metabolic Process (GO:0010605),177,1,34,12722,3.1742843854382476,0.37934730477845086,DNMT1,1.0
Neuron Projection Development (GO:0031175),180,1,34,12722,3.1204839313183386,0.38438039951071273,MYO16,1.0
Organic Substance Transport (GO:0071702),180,1,34,12722,3.1204839313183386,0.38438039951071273,FLVCR1,1.0
Regulation Of Signal Transduction (GO:0009966),182,1,34,12722,3.0856050326878006,0.3877137638442861,TREM2,1.0
Positive Regulation Of Protein Metabolic Process (GO:0051247),183,1,34,12722,3.068452259251687,0.3893738700667181,INHBA,1.0
Regulation Of Angiogenesis (GO:0045765),190,1,34,12722,2.9534517386681367,0.40087290277405174,HSPB6,1.0
Cellular Response To Lipid (GO:0071396),204,1,34,12722,2.747185448677986,0.42324382278814443,TREM2,1.0
Negative Regulation Of Intracellular Signal Transduction (GO:1902532),209,1,34,12722,2.6802319338559,0.43103523332230453,TREM2,1.0
Positive Regulation Of Cell Motility (GO:2000147),209,1,34,12722,2.6802319338559,0.43103523332230453,LRRC15,1.0
Positive Regulation Of Protein Modification Process (GO:0031401),209,1,34,12722,2.6802319338559,0.43103523332230453,TREM2,1.0
Regulation Of Cell Growth (GO:0001558),209,1,34,12722,2.6802319338559,0.43103523332230453,INHBA,1.0
Regulation Of I-kappaB kinase/NF-kappaB Signaling (GO:0043122),212,1,34,12722,2.641579337355774,0.4356609404117131,TREM2,1.0
Positive Regulation Of Phosphorylation (GO:0042327),215,1,34,12722,2.6040079323661414,0.4402501376693539,TREM2,1.0
Regulation Of Autophagy (GO:0010506),226,1,34,12722,2.474798954231062,0.4567693269577464,TREM2,1.0
Positive Regulation Of DNA-binding Transcription Factor Activity (GO:0051091),232,1,34,12722,2.4094967924954065,0.4655793343943178,PRKCZ,1.0
Positive Regulation Of Programmed Cell Death (GO:0043068),233,1,34,12722,2.398940779971112,0.4670341224351981,PNMA2,1.0
Regulation Of Protein Phosphorylation (GO:0001932),246,1,34,12722,2.269538255768003,0.485600121953859,TREM2,1.0
Positive Regulation Of Apoptotic Process (GO:0043065),256,1,34,12722,2.1789584367789234,0.499452976328432,PNMA2,1.0
Positive Regulation Of Cell Migration (GO:0030335),259,1,34,12722,2.1531510724905454,0.5035377466093894,LRRC15,1.0
Gene Expression (GO:0010467),261,1,34,12722,2.1362763915547025,0.506242932752032,RAE1,1.0
Positive Regulation Of Cell Differentiation (GO:0045597),270,1,34,12722,2.0634397585357074,0.518240251632015,APOB,1.0
Regulation Of Intracellular Signal Transduction (GO:1902531),277,1,34,12722,2.0100672046638417,0.5273754141932955,TREM2,1.0
Supramolecular Fiber Organization (GO:0097435),292,1,34,12722,1.9043291262384476,0.5463881577967822,TMOD1,1.0
Positive Regulation Of Cytokine Production (GO:0001819),295,1,34,12722,1.8844740643134075,0.5501006008359391,PRKCZ,1.0
Proteolysis (GO:0006508),303,1,34,12722,1.8334525718514865,0.5598568590125091,NAALAD2,1.0
Intracellular Protein Transport (GO:0006886),304,1,34,12722,1.8272640094420811,0.5610618567412776,STX11,1.0
Vesicle-Mediated Transport (GO:0016192),370,1,34,12722,1.4928806576050735,0.6338916508311584,STX11,1.0
Organelle Organization (GO:0006996),375,1,34,12722,1.4723511946276628,0.6389035271900667,ABCD2,1.0
Phosphorylation (GO:0016310),406,1,34,12722,1.3563685886228536,0.6685230158136651,PRKCZ,1.0
Regulation Of Cell Migration (GO:0030334),410,1,34,12722,1.342682193428462,0.6721686784914565,LRRC15,1.0
Protein Phosphorylation (GO:0006468),470,1,34,12722,1.1653712269324306,0.7224007274814404,PRKCZ,1.0
Positive Regulation Of Intracellular Signal Transduction (GO:1902533),485,1,34,12722,1.127905364816783,0.7337406005462083,TREM2,1.0
'De Novo' Post-Translational Protein Folding (GO:0051084),26,0,34,12722,6.925075198249932,1.0,,1.0
2-Oxoglutarate Metabolic Process (GO:0006103),14,0,34,12722,12.66816591704148,1.0,,1.0
3'-Phosphoadenosine 5'-Phosphosulfate Metabolic Process (GO:0050427),13,0,34,12722,13.60762211486849,1.0,,1.0
3'-UTR-mediated mRNA Destabilization (GO:0061158),14,0,34,12722,12.66816591704148,1.0,,1.0
3'-UTR-mediated mRNA Stabilization (GO:0070935),14,0,34,12722,12.66816591704148,1.0,,1.0
5S Class rRNA Transcription By RNA Polymerase III (GO:0042791),5,0,34,12722,33.42160737812912,1.0,,1.0
7-Methylguanosine Cap Hypermethylation (GO:0036261),7,0,34,12722,24.505314009661834,1.0,,1.0
ADP Transport (GO:0015866),7,0,34,12722,24.505314009661834,1.0,,1.0
AMP Biosynthetic Process (GO:0006167),6,0,34,12722,28.277591973244146,1.0,,1.0
AMP Metabolic Process (GO:0046033),8,0,34,12722,21.62063086104007,1.0,,1.0
ATF6-mediated Unfolded Protein Response (GO:0036500),6,0,34,12722,28.277591973244146,1.0,,1.0
ATP Biosynthetic Process (GO:0006754),6,0,34,12722,28.277591973244146,1.0,,1.0
ATP Metabolic Process (GO:0046034),25,0,34,12722,7.19721511793123,1.0,,1.0
ATP Synthesis Coupled Electron Transport (GO:0042773),5,0,34,12722,33.42160737812912,1.0,,1.0
ATP Transport (GO:0015867),13,0,34,12722,13.60762211486849,1.0,,1.0
AV Node Cell Action Potential (GO:0086016),6,0,34,12722,28.277591973244146,1.0,,1.0
AV Node Cell To Bundle Of His Cell Communication (GO:0086067),5,0,34,12722,33.42160737812912,1.0,,1.0
Acetylcholine Receptor Signaling Pathway (GO:0095500),18,0,34,12722,9.925969447708578,1.0,,1.0
Acid Secretion (GO:0046717),8,0,34,12722,21.62063086104007,1.0,,1.0
Acidic Amino Acid Transport (GO:0015800),9,0,34,12722,19.34324942791762,1.0,,1.0
Actin Crosslink Formation (GO:0051764),11,0,34,12722,15.976685570258349,1.0,,1.0
Actin Cytoskeleton Reorganization (GO:0031532),52,0,34,12722,3.488336783988958,1.0,,1.0
Actin Filament Bundle Assembly (GO:0051017),31,0,34,12722,5.823556475730388,1.0,,1.0
Actin Filament Bundle Organization (GO:0061572),30,0,34,12722,6.014967925873129,1.0,,1.0
Actin Filament Capping (GO:0051693),18,0,34,12722,9.925969447708578,1.0,,1.0
Actin Filament Depolymerization (GO:0030042),10,0,34,12722,17.499654934437544,1.0,,1.0
Actin Filament Network Formation (GO:0051639),8,0,34,12722,21.62063086104007,1.0,,1.0
Actin Filament Organization (GO:0007015),138,0,34,12722,1.3132946162297912,1.0,,1.0
Actin Filament Polymerization (GO:0030041),28,0,34,12722,6.4380879735570815,1.0,,1.0
Actin Filament Reorganization (GO:0090527),6,0,34,12722,28.277591973244146,1.0,,1.0
Actin Filament-Based Transport (GO:0099515),20,0,34,12722,8.956168257334747,1.0,,1.0
Actin Nucleation (GO:0045010),18,0,34,12722,9.925969447708578,1.0,,1.0
Actin Polymerization Or Depolymerization (GO:0008154),50,0,34,12722,3.627062706270627,1.0,,1.0
Actin-Mediated Cell Contraction (GO:0070252),8,0,34,12722,21.62063086104007,1.0,,1.0
Actin-Myosin Filament Sliding (GO:0033275),10,0,34,12722,17.499654934437544,1.0,,1.0
Action Potential (GO:0001508),34,0,34,12722,5.315900021003991,1.0,,1.0
Activation Of Adenylate Cyclase Activity (GO:0007190),18,0,34,12722,9.925969447708578,1.0,,1.0
Activation Of Cysteine-Type Endopeptidase Activity (GO:0097202),16,0,34,12722,11.130873956960913,1.0,,1.0
Activation Of Cysteine-Type Endopeptidase Activity Involved In Apoptotic Process (GO:0006919),64,0,34,12722,2.8366475676890235,1.0,,1.0
Activation Of Cysteine-Type Endopeptidase Activity Involved In Apoptotic Process By Cytochrome C (GO:0008635),5,0,34,12722,33.42160737812912,1.0,,1.0
Activation Of GTPase Activity (GO:0090630),91,0,34,12722,1.995327472875584,1.0,,1.0
Activation Of NF-kappaB-inducing Kinase Activity (GO:0007250),15,0,34,12722,11.84992987377279,1.0,,1.0
Activation Of Phospholipase C Activity (GO:0007202),26,0,34,12722,6.925075198249932,1.0,,1.0
Activation Of Protein Kinase Activity (GO:0032147),78,0,34,12722,2.3281639435059542,1.0,,1.0
Activation Of Protein Kinase B Activity (GO:0032148),24,0,34,12722,7.491570541259982,1.0,,1.0
Acute Inflammatory Response (GO:0002526),25,0,34,12722,7.19721511793123,1.0,,1.0
Acute-Phase Response (GO:0006953),13,0,34,12722,13.60762211486849,1.0,,1.0
Acylglycerol Biosynthetic Process (GO:0046463),19,0,34,12722,9.41620215533259,1.0,,1.0
Acylglycerol Catabolic Process (GO:0046464),21,0,34,12722,8.538928210313449,1.0,,1.0
Acylglycerol Homeostasis (GO:0055090),21,0,34,12722,8.538928210313449,1.0,,1.0
Acylglycerol Metabolic Process (GO:0006639),37,0,34,12722,4.889468599033816,1.0,,1.0
Adaptive Immune Response Based On Somatic Recombination Of Immune Receptors Built From Immunoglobulin Superfamily Domains (GO:0002460),22,0,34,12722,8.158776167471819,1.0,,1.0
Adenine Nucleotide Transport (GO:0051503),17,0,34,12722,10.49399585921325,1.0,,1.0
Adenosine Metabolic Process (GO:0046085),5,0,34,12722,33.42160737812912,1.0,,1.0
Adenosine To Inosine Editing (GO:0006382),6,0,34,12722,28.277591973244146,1.0,,1.0
Adenylate Cyclase-Activating Adrenergic Receptor Signaling Pathway (GO:0071880),14,0,34,12722,12.66816591704148,1.0,,1.0
Adenylate Cyclase-Activating Dopamine Receptor Signaling Pathway (GO:0007191),5,0,34,12722,33.42160737812912,1.0,,1.0
Adenylate Cyclase-Activating G Protein-Coupled Receptor Signaling Pathway (GO:0007189),105,0,34,12722,1.728621471254894,1.0,,1.0
Adenylate Cyclase-Inhibiting G Protein-Coupled Acetylcholine Receptor Signaling Pathway (GO:0007197),5,0,34,12722,33.42160737812912,1.0,,1.0
Adenylate Cyclase-Inhibiting G Protein-Coupled Receptor Signaling Pathway (GO:0007193),45,0,34,12722,4.027233635929288,1.0,,1.0
Adenylate Cyclase-Modulating G Protein-Coupled Receptor Signaling Pathway (GO:0007188),149,0,34,12722,1.2155978866753914,1.0,,1.0
Adherens Junction Assembly (GO:0034333),9,0,34,12722,19.34324942791762,1.0,,1.0
Adherens Junction Maintenance (GO:0034334),5,0,34,12722,33.42160737812912,1.0,,1.0
Adherens Junction Organization (GO:0034332),33,0,34,12722,5.475016223231668,1.0,,1.0
Adiponectin-Activated Signaling Pathway (GO:0033211),5,0,34,12722,33.42160737812912,1.0,,1.0
Adipose Tissue Development (GO:0060612),12,0,34,12722,14.697391304347827,1.0,,1.0
Adrenal Gland Development (GO:0030325),9,0,34,12722,19.34324942791762,1.0,,1.0
Adrenergic Receptor Signaling Pathway (GO:0071875),17,0,34,12722,10.49399585921325,1.0,,1.0
Adult Feeding Behavior (GO:0008343),6,0,34,12722,28.277591973244146,1.0,,1.0
Adult Heart Development (GO:0007512),7,0,34,12722,24.505314009661834,1.0,,1.0
Adult Locomotory Behavior (GO:0008344),9,0,34,12722,19.34324942791762,1.0,,1.0
Aerobic Electron Transport Chain (GO:0019646),61,0,34,12722,2.97572758336279,1.0,,1.0
Aerobic Respiration (GO:0009060),52,0,34,12722,3.488336783988958,1.0,,1.0
Aggrephagy (GO:0035973),6,0,34,12722,28.277591973244146,1.0,,1.0
Alcohol Catabolic Process (GO:0046164),7,0,34,12722,24.505314009661834,1.0,,1.0
Aldehyde Biosynthetic Process (GO:0046184),5,0,34,12722,33.42160737812912,1.0,,1.0
Aldehyde Catabolic Process (GO:0046185),6,0,34,12722,28.277591973244146,1.0,,1.0
Alditol Metabolic Process (GO:0019400),6,0,34,12722,28.277591973244146,1.0,,1.0
Alpha-Amino Acid Biosynthetic Process (GO:1901607),9,0,34,12722,19.34324942791762,1.0,,1.0
Alpha-Amino Acid Catabolic Process (GO:1901606),28,0,34,12722,6.4380879735570815,1.0,,1.0
Alpha-Amino Acid Metabolic Process (GO:1901605),28,0,34,12722,6.4380879735570815,1.0,,1.0
Alpha-Beta T Cell Activation (GO:0046631),14,0,34,12722,12.66816591704148,1.0,,1.0
Alpha-Linolenic Acid Metabolic Process (GO:0036109),7,0,34,12722,24.505314009661834,1.0,,1.0
"Alternative mRNA Splicing, Via Spliceosome (GO:0000380)",15,0,34,12722,11.84992987377279,1.0,,1.0
Ameboidal-Type Cell Migration (GO:0001667),19,0,34,12722,9.41620215533259,1.0,,1.0
Amide Biosynthetic Process (GO:0043604),45,0,34,12722,4.027233635929288,1.0,,1.0
Amide Transport (GO:0042886),28,0,34,12722,6.4380879735570815,1.0,,1.0
Amine Metabolic Process (GO:0009308),9,0,34,12722,19.34324942791762,1.0,,1.0
Amine Transport (GO:0015837),7,0,34,12722,24.505314009661834,1.0,,1.0
Amino Acid Catabolic Process (GO:0009063),37,0,34,12722,4.889468599033816,1.0,,1.0
Amino Acid Import Across Plasma Membrane (GO:0089718),26,0,34,12722,6.925075198249932,1.0,,1.0
Amino Sugar Biosynthetic Process (GO:0046349),9,0,34,12722,19.34324942791762,1.0,,1.0
Amino Sugar Catabolic Process (GO:0046348),6,0,34,12722,28.277591973244146,1.0,,1.0
Amino Sugar Metabolic Process (GO:0006040),8,0,34,12722,21.62063086104007,1.0,,1.0
Amino-Acid Betaine Metabolic Process (GO:0006577),5,0,34,12722,33.42160737812912,1.0,,1.0
Amino-Acid Betaine Transport (GO:0015838),7,0,34,12722,24.505314009661834,1.0,,1.0
Aminoglycan Biosynthetic Process (GO:0006023),21,0,34,12722,8.538928210313449,1.0,,1.0
Aminoglycan Catabolic Process (GO:0006026),14,0,34,12722,12.66816591704148,1.0,,1.0
Aminoglycan Metabolic Process (GO:0006022),9,0,34,12722,19.34324942791762,1.0,,1.0
Aminophospholipid Transport (GO:0015917),5,0,34,12722,33.42160737812912,1.0,,1.0
Ammonium Transmembrane Transport (GO:0072488),8,0,34,12722,21.62063086104007,1.0,,1.0
Amylin Receptor Signaling Pathway (GO:0097647),5,0,34,12722,33.42160737812912,1.0,,1.0
Amyloid Fibril Formation (GO:1990000),20,0,34,12722,8.956168257334747,1.0,,1.0
Amyloid Precursor Protein Catabolic Process (GO:0042987),13,0,34,12722,13.60762211486849,1.0,,1.0
Amyloid Precursor Protein Metabolic Process (GO:0042982),17,0,34,12722,10.49399585921325,1.0,,1.0
Amyloid-Beta Formation (GO:0034205),8,0,34,12722,21.62063086104007,1.0,,1.0
Amyloid-Beta Metabolic Process (GO:0050435),15,0,34,12722,11.84992987377279,1.0,,1.0
Anaphase-Promoting Complex-Dependent Catabolic Process (GO:0031145),20,0,34,12722,8.956168257334747,1.0,,1.0
Androgen Biosynthetic Process (GO:0006702),8,0,34,12722,21.62063086104007,1.0,,1.0
Androgen Receptor Signaling Pathway (GO:0030521),17,0,34,12722,10.49399585921325,1.0,,1.0
Angiogenesis Involved In Wound Healing (GO:0060055),10,0,34,12722,17.499654934437544,1.0,,1.0
Angiotensin Maturation (GO:0002003),7,0,34,12722,24.505314009661834,1.0,,1.0
Angiotensin-Activated Signaling Pathway (GO:0038166),6,0,34,12722,28.277591973244146,1.0,,1.0
Anoikis (GO:0043276),8,0,34,12722,21.62063086104007,1.0,,1.0
Anterior/Posterior Axis Specification (GO:0009948),15,0,34,12722,11.84992987377279,1.0,,1.0
Anterior/Posterior Pattern Specification (GO:0009952),52,0,34,12722,3.488336783988958,1.0,,1.0
Anterograde Axonal Protein Transport (GO:0099641),7,0,34,12722,24.505314009661834,1.0,,1.0
Anterograde Axonal Transport (GO:0008089),37,0,34,12722,4.889468599033816,1.0,,1.0
Anterograde Dendritic Transport (GO:0098937),6,0,34,12722,28.277591973244146,1.0,,1.0
Anterograde Synaptic Vesicle Transport (GO:0048490),13,0,34,12722,13.60762211486849,1.0,,1.0
Anterograde Trans-Synaptic Signaling (GO:0098916),179,0,34,12722,1.0100117072383028,1.0,,1.0
Antibacterial Humoral Response (GO:0019731),36,0,34,12722,5.023823704586063,1.0,,1.0
Antifungal Innate Immune Response (GO:0061760),9,0,34,12722,19.34324942791762,1.0,,1.0
Antigen Processing And Presentation Of Endogenous Peptide Antigen (GO:0002483),20,0,34,12722,8.956168257334747,1.0,,1.0
Antigen Processing And Presentation Of Endogenous Peptide Antigen Via MHC Class I (GO:0019885),6,0,34,12722,28.277591973244146,1.0,,1.0
Antigen Processing And Presentation Of Endogenous Peptide Antigen Via MHC Class I Via ER Pathway (GO:0002484),12,0,34,12722,14.697391304347827,1.0,,1.0
"Antigen Processing And Presentation Of Endogenous Peptide Antigen Via MHC Class I Via ER Pathway, TAP-independent (GO:0002486)",12,0,34,12722,14.697391304347827,1.0,,1.0
Antigen Processing And Presentation Of Endogenous Peptide Antigen Via MHC Class Ib (GO:0002476),12,0,34,12722,14.697391304347827,1.0,,1.0
Antigen Processing And Presentation Of Exogenous Peptide Antigen (GO:0002478),27,0,34,12722,6.672727272727273,1.0,,1.0
Antigen Processing And Presentation Of Exogenous Peptide Antigen Via MHC Class I (GO:0042590),5,0,34,12722,33.42160737812912,1.0,,1.0
Antigen Processing And Presentation Of Exogenous Peptide Antigen Via MHC Class II (GO:0019886),22,0,34,12722,8.158776167471819,1.0,,1.0
Antigen Processing And Presentation Of Peptide Antigen Via MHC Class I (GO:0002474),17,0,34,12722,10.49399585921325,1.0,,1.0
Antigen Processing And Presentation Of Peptide Antigen Via MHC Class II (GO:0002495),22,0,34,12722,8.158776167471819,1.0,,1.0
Antigen Processing And Presentation Of Peptide Antigen Via MHC Class Ib (GO:0002428),12,0,34,12722,14.697391304347827,1.0,,1.0
Antigen Receptor-Mediated Signaling Pathway (GO:0050851),113,0,34,12722,1.6057587946115048,1.0,,1.0
Antimicrobial Humoral Immune Response Mediated By Antimicrobial Peptide (GO:0061844),52,0,34,12722,3.488336783988958,1.0,,1.0
Antimicrobial Humoral Response (GO:0019730),82,0,34,12722,2.214580588493632,1.0,,1.0
Antiviral Innate Immune Response (GO:0140374),40,0,34,12722,4.526212202540705,1.0,,1.0
Aorta Development (GO:0035904),14,0,34,12722,12.66816591704148,1.0,,1.0
Aorta Morphogenesis (GO:0035909),17,0,34,12722,10.49399585921325,1.0,,1.0
Aortic Valve Development (GO:0003176),39,0,34,12722,4.641166758392956,1.0,,1.0
Aortic Valve Morphogenesis (GO:0003180),36,0,34,12722,5.023823704586063,1.0,,1.0
Apical Junction Assembly (GO:0043297),49,0,34,12722,3.700629483238179,1.0,,1.0
Apoptotic DNA Fragmentation (GO:0006309),8,0,34,12722,21.62063086104007,1.0,,1.0
Apoptotic Mitochondrial Changes (GO:0008637),33,0,34,12722,5.475016223231668,1.0,,1.0
Apoptotic Nuclear Changes (GO:0030262),16,0,34,12722,11.130873956960913,1.0,,1.0
Apoptotic Process (GO:0006915),214,0,34,12722,0.8428431471909733,1.0,,1.0
Arachidonate Transport (GO:1903963),8,0,34,12722,21.62063086104007,1.0,,1.0
Arachidonic Acid Metabolic Process (GO:0019369),47,0,34,12722,3.8570556826849733,1.0,,1.0
Arachidonic Acid Secretion (GO:0050482),8,0,34,12722,21.62063086104007,1.0,,1.0
Arginine Catabolic Process (GO:0006527),6,0,34,12722,28.277591973244146,1.0,,1.0
Arginine Metabolic Process (GO:0006525),9,0,34,12722,19.34324942791762,1.0,,1.0
Aromatic Amino Acid Family Catabolic Process (GO:0009074),10,0,34,12722,17.499654934437544,1.0,,1.0
Aromatic Amino Acid Transport (GO:0015801),7,0,34,12722,24.505314009661834,1.0,,1.0
Aromatic Compound Catabolic Process (GO:0019439),5,0,34,12722,33.42160737812912,1.0,,1.0
Arp2/3 Complex-Mediated Actin Nucleation (GO:0034314),14,0,34,12722,12.66816591704148,1.0,,1.0
Artery Development (GO:0060840),23,0,34,12722,7.8109774899784155,1.0,,1.0
Artery Morphogenesis (GO:0048844),30,0,34,12722,6.014967925873129,1.0,,1.0
Aspartate Family Amino Acid Biosynthetic Process (GO:0009067),7,0,34,12722,24.505314009661834,1.0,,1.0
Aspartate Family Amino Acid Catabolic Process (GO:0009068),11,0,34,12722,15.976685570258349,1.0,,1.0
Aspartate Family Amino Acid Metabolic Process (GO:0009066),12,0,34,12722,14.697391304347827,1.0,,1.0
Aspartate Metabolic Process (GO:0006531),5,0,34,12722,33.42160737812912,1.0,,1.0
Aspartate Transmembrane Transport (GO:0015810),9,0,34,12722,19.34324942791762,1.0,,1.0
Associative Learning (GO:0008306),17,0,34,12722,10.49399585921325,1.0,,1.0
Astral Microtubule Organization (GO:0030953),8,0,34,12722,21.62063086104007,1.0,,1.0
Astrocyte Differentiation (GO:0048708),5,0,34,12722,33.42160737812912,1.0,,1.0
Atrial Cardiac Muscle Cell Action Potential (GO:0086014),12,0,34,12722,14.697391304347827,1.0,,1.0
Atrial Cardiac Muscle Cell To AV Node Cell Signaling (GO:0086026),7,0,34,12722,24.505314009661834,1.0,,1.0
Atrial Cardiac Muscle Tissue Development (GO:0003228),12,0,34,12722,14.697391304347827,1.0,,1.0
Atrial Septum Development (GO:0003283),12,0,34,12722,14.697391304347827,1.0,,1.0
Atrial Septum Morphogenesis (GO:0060413),9,0,34,12722,19.34324942791762,1.0,,1.0
Atrioventricular Valve Development (GO:0003171),12,0,34,12722,14.697391304347827,1.0,,1.0
Atrioventricular Valve Formation (GO:0003190),6,0,34,12722,28.277591973244146,1.0,,1.0
Atrioventricular Valve Morphogenesis (GO:0003181),19,0,34,12722,9.41620215533259,1.0,,1.0
Attachment Of GPI Anchor To Protein (GO:0016255),5,0,34,12722,33.42160737812912,1.0,,1.0
Attachment Of Mitotic Spindle Microtubules To Kinetochore (GO:0051315),12,0,34,12722,14.697391304347827,1.0,,1.0
Auditory Behavior (GO:0031223),7,0,34,12722,24.505314009661834,1.0,,1.0
Auditory Receptor Cell Morphogenesis (GO:0002093),5,0,34,12722,33.42160737812912,1.0,,1.0
Auditory Receptor Cell Stereocilium Organization (GO:0060088),5,0,34,12722,33.42160737812912,1.0,,1.0
Autocrine Signaling (GO:0035425),5,0,34,12722,33.42160737812912,1.0,,1.0
Autonomic Nervous System Development (GO:0048483),15,0,34,12722,11.84992987377279,1.0,,1.0
Autophagosome Assembly (GO:0000045),59,0,34,12722,3.0762391913287055,1.0,,1.0
Autophagosome Maturation (GO:0097352),40,0,34,12722,4.526212202540705,1.0,,1.0
Autophagosome Membrane Docking (GO:0016240),6,0,34,12722,28.277591973244146,1.0,,1.0
Autophagosome Organization (GO:1905037),55,0,34,12722,3.298994646820734,1.0,,1.0
Autophagosome-Lysosome Fusion (GO:0061909),7,0,34,12722,24.505314009661834,1.0,,1.0
Autophagy Of Mitochondrion (GO:0000422),46,0,34,12722,3.940314788842138,1.0,,1.0
Autophagy Of Nucleus (GO:0044804),18,0,34,12722,9.925969447708578,1.0,,1.0
Autophagy Of Peroxisome (GO:0030242),8,0,34,12722,21.62063086104007,1.0,,1.0
Axo-Dendritic Protein Transport (GO:0099640),7,0,34,12722,24.505314009661834,1.0,,1.0
Axon Development (GO:0061564),94,0,34,12722,1.9315236561613374,1.0,,1.0
Axon Ensheathment In Central Nervous System (GO:0032291),7,0,34,12722,24.505314009661834,1.0,,1.0
Axon Extension (GO:0048675),22,0,34,12722,8.158776167471819,1.0,,1.0
Axon Extension Involved In Axon Guidance (GO:0048846),6,0,34,12722,28.277591973244146,1.0,,1.0
Axon Guidance (GO:0007411),146,0,34,12722,1.2407874561013008,1.0,,1.0
Axon Regeneration (GO:0031103),8,0,34,12722,21.62063086104007,1.0,,1.0
Axonal Fasciculation (GO:0007413),12,0,34,12722,14.697391304347827,1.0,,1.0
Axonal Transport (GO:0098930),37,0,34,12722,4.889468599033816,1.0,,1.0
Axonal Transport Of Mitochondrion (GO:0019896),12,0,34,12722,14.697391304347827,1.0,,1.0
Axonemal Central Apparatus Assembly (GO:1904158),5,0,34,12722,33.42160737812912,1.0,,1.0
Axonemal Dynein Complex Assembly (GO:0070286),23,0,34,12722,7.8109774899784155,1.0,,1.0
Axoneme Assembly (GO:0035082),27,0,34,12722,6.672727272727273,1.0,,1.0
Axonogenesis (GO:0007409),182,0,34,12722,0.993170538018662,1.0,,1.0
B Cell Activation (GO:0042113),84,0,34,12722,2.1618214561358373,1.0,,1.0
B Cell Activation Involved In Immune Response (GO:0002312),14,0,34,12722,12.66816591704148,1.0,,1.0
B Cell Chemotaxis (GO:0035754),5,0,34,12722,33.42160737812912,1.0,,1.0
B Cell Differentiation (GO:0030183),60,0,34,12722,3.0251527128997484,1.0,,1.0
B Cell Homeostasis (GO:0001782),9,0,34,12722,19.34324942791762,1.0,,1.0
B Cell Mediated Immunity (GO:0019724),15,0,34,12722,11.84992987377279,1.0,,1.0
B Cell Proliferation (GO:0042100),26,0,34,12722,6.925075198249932,1.0,,1.0
B Cell Receptor Signaling Pathway (GO:0050853),37,0,34,12722,4.889468599033816,1.0,,1.0
Barbed-End Actin Filament Capping (GO:0051016),18,0,34,12722,9.925969447708578,1.0,,1.0
Base Conversion Or Substitution Editing (GO:0016553),15,0,34,12722,11.84992987377279,1.0,,1.0
Base-Excision Repair (GO:0006284),35,0,34,12722,5.165748111859563,1.0,,1.0
"Base-Excision Repair, AP Site Formation (GO:0006285)",10,0,34,12722,17.499654934437544,1.0,,1.0
"Base-Excision Repair, Gap-Filling (GO:0006287)",11,0,34,12722,15.976685570258349,1.0,,1.0
Basement Membrane Organization (GO:0071711),9,0,34,12722,19.34324942791762,1.0,,1.0
Basic Amino Acid Transmembrane Transport (GO:1990822),7,0,34,12722,24.505314009661834,1.0,,1.0
Benzene-Containing Compound Metabolic Process (GO:0042537),7,0,34,12722,24.505314009661834,1.0,,1.0
Bicarbonate Transport (GO:0015701),18,0,34,12722,9.925969447708578,1.0,,1.0
Bicellular Tight Junction Assembly (GO:0070830),42,0,34,12722,4.312531969309463,1.0,,1.0
Bile Acid And Bile Salt Transport (GO:0015721),21,0,34,12722,8.538928210313449,1.0,,1.0
Bile Acid Biosynthetic Process (GO:0006699),24,0,34,12722,7.491570541259982,1.0,,1.0
Bile Acid Metabolic Process (GO:0008206),28,0,34,12722,6.4380879735570815,1.0,,1.0
Biogenic Amine Biosynthetic Process (GO:0042401),8,0,34,12722,21.62063086104007,1.0,,1.0
Biogenic Amine Metabolic Process (GO:0006576),12,0,34,12722,14.697391304347827,1.0,,1.0
Biomineral Tissue Development (GO:0031214),7,0,34,12722,24.505314009661834,1.0,,1.0
Bleb Assembly (GO:0032060),6,0,34,12722,28.277591973244146,1.0,,1.0
Blood Circulation (GO:0008015),44,0,34,12722,4.118058948054063,1.0,,1.0
"Blood Coagulation, Fibrin Clot Formation (GO:0072378)",13,0,34,12722,13.60762211486849,1.0,,1.0
"Blood Coagulation, Intrinsic Pathway (GO:0007597)",6,0,34,12722,28.277591973244146,1.0,,1.0
Blood Vessel Diameter Maintenance (GO:0097746),36,0,34,12722,5.023823704586063,1.0,,1.0
Blood Vessel Endothelial Cell Migration (GO:0043534),20,0,34,12722,8.956168257334747,1.0,,1.0
Blood Vessel Endothelial Cell Proliferation Involved In Sprouting Angiogenesis (GO:0002043),5,0,34,12722,33.42160737812912,1.0,,1.0
Blood Vessel Morphogenesis (GO:0048514),51,0,34,12722,3.5563528915154072,1.0,,1.0
Body Fluid Secretion (GO:0007589),13,0,34,12722,13.60762211486849,1.0,,1.0
Bone Development (GO:0060348),40,0,34,12722,4.526212202540705,1.0,,1.0
Bone Morphogenesis (GO:0060349),13,0,34,12722,13.60762211486849,1.0,,1.0
Bone Resorption (GO:0045453),8,0,34,12722,21.62063086104007,1.0,,1.0
Box C/D snoRNP Assembly (GO:0000492),7,0,34,12722,24.505314009661834,1.0,,1.0
Bradykinin Catabolic Process (GO:0010815),5,0,34,12722,33.42160737812912,1.0,,1.0
Brain Morphogenesis (GO:0048854),11,0,34,12722,15.976685570258349,1.0,,1.0
Branched-Chain Amino Acid Catabolic Process (GO:0009083),17,0,34,12722,10.49399585921325,1.0,,1.0
Branched-Chain Amino Acid Metabolic Process (GO:0009081),15,0,34,12722,11.84992987377279,1.0,,1.0
Branched-Chain Amino Acid Transport (GO:0015803),10,0,34,12722,17.499654934437544,1.0,,1.0
Branching Involved In Blood Vessel Morphogenesis (GO:0001569),13,0,34,12722,13.60762211486849,1.0,,1.0
Branching Involved In Ureteric Bud Morphogenesis (GO:0001658),18,0,34,12722,9.925969447708578,1.0,,1.0
Branching Morphogenesis Of An Epithelial Tube (GO:0048754),41,0,34,12722,4.416797625283744,1.0,,1.0
Brown Fat Cell Differentiation (GO:0050873),7,0,34,12722,24.505314009661834,1.0,,1.0
Bundle Of His Cell To Purkinje Myocyte Communication (GO:0086069),8,0,34,12722,21.62063086104007,1.0,,1.0
Bundle Of His cell-Purkinje Myocyte Adhesion Involved In Cell Communication (GO:0086073),5,0,34,12722,33.42160737812912,1.0,,1.0
C-terminal Protein Amino Acid Modification (GO:0018410),12,0,34,12722,14.697391304347827,1.0,,1.0
C-terminal Protein Deglutamylation (GO:0035609),5,0,34,12722,33.42160737812912,1.0,,1.0
C4-dicarboxylate Transport (GO:0015740),12,0,34,12722,14.697391304347827,1.0,,1.0
"CD4-positive, Alpha-Beta T Cell Activation (GO:0035710)",5,0,34,12722,33.42160737812912,1.0,,1.0
CD40 Signaling Pathway (GO:0023035),7,0,34,12722,24.505314009661834,1.0,,1.0
CENP-A Containing Chromatin Assembly (GO:0034080),6,0,34,12722,28.277591973244146,1.0,,1.0
COPI Coating Of Golgi Vesicle (GO:0048205),5,0,34,12722,33.42160737812912,1.0,,1.0
COPI-coated Vesicle Budding (GO:0035964),5,0,34,12722,33.42160737812912,1.0,,1.0
COPII Vesicle Coating (GO:0048208),17,0,34,12722,10.49399585921325,1.0,,1.0
COPII-coated Vesicle Budding (GO:0090114),34,0,34,12722,5.315900021003991,1.0,,1.0
COPII-coated Vesicle Cargo Loading (GO:0090110),14,0,34,12722,12.66816591704148,1.0,,1.0
CRD-mediated mRNA Stabilization (GO:0070934),10,0,34,12722,17.499654934437544,1.0,,1.0
Calcineurin-Mediated Signaling (GO:0097720),10,0,34,12722,17.499654934437544,1.0,,1.0
Calcitonin Family Receptor Signaling Pathway (GO:0097646),6,0,34,12722,28.277591973244146,1.0,,1.0
Calcium Import Into The Mitochondrion (GO:0036444),8,0,34,12722,21.62063086104007,1.0,,1.0
Calcium Ion Homeostasis (GO:0055074),93,0,34,12722,1.952336665891653,1.0,,1.0
Calcium Ion Import (GO:0070509),11,0,34,12722,15.976685570258349,1.0,,1.0
Calcium Ion Import Across Plasma Membrane (GO:0098703),32,0,34,12722,5.643924191750279,1.0,,1.0
Calcium Ion Transmembrane Import Into Cytosol (GO:0097553),76,0,34,12722,2.3894098702282847,1.0,,1.0
Calcium Ion Transmembrane Transport (GO:0070588),75,0,34,12722,2.421249640080622,1.0,,1.0
Calcium Ion Transport (GO:0006816),102,0,34,12722,1.7796394485683986,1.0,,1.0
Calcium Ion Transport Into Cytosol (GO:0060402),8,0,34,12722,21.62063086104007,1.0,,1.0
Calcium Ion-Regulated Exocytosis Of Neurotransmitter (GO:0048791),14,0,34,12722,12.66816591704148,1.0,,1.0
Calcium-Dependent Cell-Cell Adhesion Via Plasma Membrane Cell Adhesion Molecules (GO:0016339),35,0,34,12722,5.165748111859563,1.0,,1.0
Calcium-Independent Cell-Cell Adhesion Via Plasma Membrane Cell-Adhesion Molecules (GO:0016338),18,0,34,12722,9.925969447708578,1.0,,1.0
Calcium-Ion Regulated Exocytosis (GO:0017156),24,0,34,12722,7.491570541259982,1.0,,1.0
Calcium-Mediated Signaling (GO:0019722),78,0,34,12722,2.3281639435059542,1.0,,1.0
Calcium-Mediated Signaling Using Intracellular Calcium Source (GO:0035584),19,0,34,12722,9.41620215533259,1.0,,1.0
Camera-Type Eye Development (GO:0043010),23,0,34,12722,7.8109774899784155,1.0,,1.0
Camera-Type Eye Morphogenesis (GO:0048593),9,0,34,12722,19.34324942791762,1.0,,1.0
Canonical Wnt Signaling Pathway (GO:0060070),61,0,34,12722,2.97572758336279,1.0,,1.0
Cap-Dependent Translational Initiation (GO:0002191),5,0,34,12722,33.42160737812912,1.0,,1.0
Carbohydrate Biosynthetic Process (GO:0016051),24,0,34,12722,7.491570541259982,1.0,,1.0
Carbohydrate Derivative Biosynthetic Process (GO:1901137),26,0,34,12722,6.925075198249932,1.0,,1.0
Carbohydrate Derivative Catabolic Process (GO:1901136),15,0,34,12722,11.84992987377279,1.0,,1.0
Carbohydrate Derivative Transport (GO:1901264),16,0,34,12722,11.130873956960913,1.0,,1.0
Carbohydrate Phosphorylation (GO:0046835),9,0,34,12722,19.34324942791762,1.0,,1.0
Carbon Dioxide Transport (GO:0015670),8,0,34,12722,21.62063086104007,1.0,,1.0
Carboxylic Acid Biosynthetic Process (GO:0046394),14,0,34,12722,12.66816591704148,1.0,,1.0
Carboxylic Acid Catabolic Process (GO:0046395),16,0,34,12722,11.130873956960913,1.0,,1.0
Carboxylic Acid Metabolic Process (GO:0019752),31,0,34,12722,5.823556475730388,1.0,,1.0
Cardiac Atrium Development (GO:0003230),7,0,34,12722,24.505314009661834,1.0,,1.0
Cardiac Atrium Morphogenesis (GO:0003209),17,0,34,12722,10.49399585921325,1.0,,1.0
Cardiac Cell Development (GO:0055006),13,0,34,12722,13.60762211486849,1.0,,1.0
Cardiac Conduction (GO:0061337),45,0,34,12722,4.027233635929288,1.0,,1.0
Cardiac Conduction System Development (GO:0003161),24,0,34,12722,7.491570541259982,1.0,,1.0
Cardiac Epithelial To Mesenchymal Transition (GO:0060317),19,0,34,12722,9.41620215533259,1.0,,1.0
Cardiac Left Ventricle Morphogenesis (GO:0003214),13,0,34,12722,13.60762211486849,1.0,,1.0
Cardiac Muscle Cell Action Potential (GO:0086001),29,0,34,12722,6.219356423483173,1.0,,1.0
Cardiac Muscle Cell Action Potential Involved In Contraction (GO:0086002),29,0,34,12722,6.219356423483173,1.0,,1.0
Cardiac Muscle Cell Contraction (GO:0086003),18,0,34,12722,9.925969447708578,1.0,,1.0
Cardiac Muscle Cell Development (GO:0055013),22,0,34,12722,8.158776167471819,1.0,,1.0
Cardiac Muscle Cell Differentiation (GO:0055007),26,0,34,12722,6.925075198249932,1.0,,1.0
Cardiac Muscle Cell Membrane Repolarization (GO:0099622),10,0,34,12722,17.499654934437544,1.0,,1.0
Cardiac Muscle Cell Myoblast Differentiation (GO:0060379),5,0,34,12722,33.42160737812912,1.0,,1.0
Cardiac Muscle Cell-Cardiac Muscle Cell Adhesion (GO:0086042),6,0,34,12722,28.277591973244146,1.0,,1.0
Cardiac Muscle Contraction (GO:0060048),28,0,34,12722,6.4380879735570815,1.0,,1.0
Cardiac Muscle Hypertrophy (GO:0003300),6,0,34,12722,28.277591973244146,1.0,,1.0
Cardiac Muscle Tissue Development (GO:0048738),48,0,34,12722,3.777229941730166,1.0,,1.0
Cardiac Muscle Tissue Morphogenesis (GO:0055008),26,0,34,12722,6.925075198249932,1.0,,1.0
Cardiac Myofibril Assembly (GO:0055003),13,0,34,12722,13.60762211486849,1.0,,1.0
Cardiac Pacemaker Cell Development (GO:0060926),6,0,34,12722,28.277591973244146,1.0,,1.0
Cardiac Right Ventricle Morphogenesis (GO:0003215),11,0,34,12722,15.976685570258349,1.0,,1.0
Cardiac Ventricle Development (GO:0003231),19,0,34,12722,9.41620215533259,1.0,,1.0
Cardiac Ventricle Morphogenesis (GO:0003208),37,0,34,12722,4.889468599033816,1.0,,1.0
Cardioblast Differentiation (GO:0010002),7,0,34,12722,24.505314009661834,1.0,,1.0
Cardiocyte Differentiation (GO:0035051),12,0,34,12722,14.697391304347827,1.0,,1.0
Cardiolipin Biosynthetic Process (GO:0032049),5,0,34,12722,33.42160737812912,1.0,,1.0
Cardiolipin Metabolic Process (GO:0032048),10,0,34,12722,17.499654934437544,1.0,,1.0
Carnitine Metabolic Process (GO:0009437),8,0,34,12722,21.62063086104007,1.0,,1.0
Cartilage Development (GO:0051216),47,0,34,12722,3.8570556826849733,1.0,,1.0
Catecholamine Biosynthetic Process (GO:0042423),9,0,34,12722,19.34324942791762,1.0,,1.0
Catecholamine Catabolic Process (GO:0042424),5,0,34,12722,33.42160737812912,1.0,,1.0
Catecholamine Metabolic Process (GO:0006584),9,0,34,12722,19.34324942791762,1.0,,1.0
Catecholamine Transport (GO:0051937),7,0,34,12722,24.505314009661834,1.0,,1.0
Catecholamine Uptake (GO:0090493),6,0,34,12722,28.277591973244146,1.0,,1.0
Cdc42 Protein Signal Transduction (GO:0032488),8,0,34,12722,21.62063086104007,1.0,,1.0
Cell Chemotaxis (GO:0060326),42,0,34,12722,4.312531969309463,1.0,,1.0
Cell Communication By Electrical Coupling Involved In Cardiac Conduction (GO:0086064),14,0,34,12722,12.66816591704148,1.0,,1.0
Cell Cycle G1/S Phase Transition (GO:0044843),50,0,34,12722,3.627062706270627,1.0,,1.0
Cell Cycle G2/M Phase Transition (GO:0044839),40,0,34,12722,4.526212202540705,1.0,,1.0
Cell Differentiation In Hindbrain (GO:0021533),10,0,34,12722,17.499654934437544,1.0,,1.0
Cell Differentiation In Spinal Cord (GO:0021515),9,0,34,12722,19.34324942791762,1.0,,1.0
Cell Differentiation Involved In Metanephros Development (GO:0072202),9,0,34,12722,19.34324942791762,1.0,,1.0
Cell Junction Assembly (GO:0034329),91,0,34,12722,1.995327472875584,1.0,,1.0
Cell Junction Disassembly (GO:0150146),5,0,34,12722,33.42160737812912,1.0,,1.0
Cell Junction Maintenance (GO:0034331),17,0,34,12722,10.49399585921325,1.0,,1.0
Cell Junction Organization (GO:0034330),59,0,34,12722,3.0762391913287055,1.0,,1.0
Cell Migration Involved In Heart Development (GO:0060973),7,0,34,12722,24.505314009661834,1.0,,1.0
Cell Migration Involved In Sprouting Angiogenesis (GO:0002042),16,0,34,12722,11.130873956960913,1.0,,1.0
Cell Morphogenesis Involved In Differentiation (GO:0000904),24,0,34,12722,7.491570541259982,1.0,,1.0
Cell Morphogenesis Involved In Neuron Differentiation (GO:0048667),74,0,34,12722,2.4539441688551697,1.0,,1.0
Cell Part Morphogenesis (GO:0032990),11,0,34,12722,15.976685570258349,1.0,,1.0
Cell Projection Assembly (GO:0030031),11,0,34,12722,15.976685570258349,1.0,,1.0
Cell Projection Organization (GO:0030030),19,0,34,12722,9.41620215533259,1.0,,1.0
Cell Proliferation In Forebrain (GO:0021846),9,0,34,12722,19.34324942791762,1.0,,1.0
Cell Surface Pattern Recognition Receptor Signaling Pathway (GO:0002752),8,0,34,12722,21.62063086104007,1.0,,1.0
Cell Surface Receptor Signaling Pathway Involved In Cell-Cell Signaling (GO:1905114),27,0,34,12722,6.672727272727273,1.0,,1.0
Cell Surface Receptor Signaling Pathway Involved In Heart Development (GO:0061311),16,0,34,12722,11.130873956960913,1.0,,1.0
Cell Surface Toll-Like Receptor Signaling Pathway (GO:0140895),16,0,34,12722,11.130873956960913,1.0,,1.0
Cell-Cell Adhesion Mediated By Cadherin (GO:0044331),24,0,34,12722,7.491570541259982,1.0,,1.0
Cell-Cell Adhesion Via Plasma-Membrane Adhesion Molecules (GO:0098742),159,0,34,12722,1.138476216437236,1.0,,1.0
Cell-Cell Junction Assembly (GO:0007043),68,0,34,12722,2.6701576219189675,1.0,,1.0
Cell-Cell Junction Maintenance (GO:0045217),10,0,34,12722,17.499654934437544,1.0,,1.0
Cell-Cell Junction Organization (GO:0045216),65,0,34,12722,2.7931187078216615,1.0,,1.0
Cell-Cell Signaling By Wnt (GO:0198738),22,0,34,12722,8.158776167471819,1.0,,1.0
Cell-Cell Signaling Involved In Cardiac Conduction (GO:0086019),5,0,34,12722,33.42160737812912,1.0,,1.0
Cell-Substrate Junction Assembly (GO:0007044),27,0,34,12722,6.672727272727273,1.0,,1.0
Cellular Component Assembly (GO:0022607),241,0,34,12722,0.7469919284664086,1.0,,1.0
Cellular Component Disassembly (GO:0022411),42,0,34,12722,4.312531969309463,1.0,,1.0
Cellular Defense Response (GO:0006968),44,0,34,12722,4.118058948054063,1.0,,1.0
Cellular Glucuronidation (GO:0052695),6,0,34,12722,28.277591973244146,1.0,,1.0
Cellular Hyperosmotic Response (GO:0071474),6,0,34,12722,28.277591973244146,1.0,,1.0
Cellular Hypotonic Response (GO:0071476),6,0,34,12722,28.277591973244146,1.0,,1.0
Cellular Modified Amino Acid Biosynthetic Process (GO:0042398),6,0,34,12722,28.277591973244146,1.0,,1.0
Cellular Modified Amino Acid Catabolic Process (GO:0042219),10,0,34,12722,17.499654934437544,1.0,,1.0
Cellular Nitrogen Compound Biosynthetic Process (GO:0044271),26,0,34,12722,6.925075198249932,1.0,,1.0
Cellular Respiration (GO:0045333),78,0,34,12722,2.3281639435059542,1.0,,1.0
Cellular Response To ATP (GO:0071318),11,0,34,12722,15.976685570258349,1.0,,1.0
Cellular Response To Acetylcholine (GO:1905145),8,0,34,12722,21.62063086104007,1.0,,1.0
Cellular Response To Acid Chemical (GO:0071229),24,0,34,12722,7.491570541259982,1.0,,1.0
Cellular Response To Acidic pH (GO:0071468),9,0,34,12722,19.34324942791762,1.0,,1.0
Cellular Response To Alcohol (GO:0097306),46,0,34,12722,3.940314788842138,1.0,,1.0
Cellular Response To Alkaloid (GO:0071312),14,0,34,12722,12.66816591704148,1.0,,1.0
Cellular Response To Amino Acid Starvation (GO:0034198),40,0,34,12722,4.526212202540705,1.0,,1.0
Cellular Response To Amino Acid Stimulus (GO:0071230),29,0,34,12722,6.219356423483173,1.0,,1.0
Cellular Response To Angiotensin (GO:1904385),7,0,34,12722,24.505314009661834,1.0,,1.0
Cellular Response To Arsenic-Containing Substance (GO:0071243),12,0,34,12722,14.697391304347827,1.0,,1.0
Cellular Response To Bacterial Lipopeptide (GO:0071221),6,0,34,12722,28.277591973244146,1.0,,1.0
Cellular Response To Cadmium Ion (GO:0071276),21,0,34,12722,8.538928210313449,1.0,,1.0
Cellular Response To Caffeine (GO:0071313),6,0,34,12722,28.277591973244146,1.0,,1.0
Cellular Response To Calcium Ion (GO:0071277),65,0,34,12722,2.7931187078216615,1.0,,1.0
Cellular Response To Catecholamine Stimulus (GO:0071870),17,0,34,12722,10.49399585921325,1.0,,1.0
Cellular Response To Chemical Stress (GO:0062197),84,0,34,12722,2.1618214561358373,1.0,,1.0
Cellular Response To Chemokine (GO:1990869),51,0,34,12722,3.5563528915154072,1.0,,1.0
Cellular Response To Cholesterol (GO:0071397),9,0,34,12722,19.34324942791762,1.0,,1.0
Cellular Response To Cold (GO:0070417),5,0,34,12722,33.42160737812912,1.0,,1.0
Cellular Response To Copper Ion (GO:0071280),16,0,34,12722,11.130873956960913,1.0,,1.0
Cellular Response To Corticosteroid Stimulus (GO:0071384),14,0,34,12722,12.66816591704148,1.0,,1.0
Cellular Response To Cytokine Stimulus (GO:0071345),276,0,34,12722,0.6506014623791179,1.0,,1.0
Cellular Response To Decreased Oxygen Levels (GO:0036294),71,0,34,12722,2.5575149488192968,1.0,,1.0
Cellular Response To Epidermal Growth Factor Stimulus (GO:0071364),25,0,34,12722,7.19721511793123,1.0,,1.0
Cellular Response To Epinephrine Stimulus (GO:0071872),7,0,34,12722,24.505314009661834,1.0,,1.0
Cellular Response To Estradiol Stimulus (GO:0071392),19,0,34,12722,9.41620215533259,1.0,,1.0
Cellular Response To Estrogen Stimulus (GO:0071391),14,0,34,12722,12.66816591704148,1.0,,1.0
Cellular Response To Exogenous dsRNA (GO:0071360),11,0,34,12722,15.976685570258349,1.0,,1.0
Cellular Response To Fatty Acid (GO:0071398),11,0,34,12722,15.976685570258349,1.0,,1.0
Cellular Response To Fibroblast Growth Factor Stimulus (GO:0044344),52,0,34,12722,3.488336783988958,1.0,,1.0
Cellular Response To Fluid Shear Stress (GO:0071498),11,0,34,12722,15.976685570258349,1.0,,1.0
Cellular Response To Forskolin (GO:1904322),10,0,34,12722,17.499654934437544,1.0,,1.0
Cellular Response To Gamma Radiation (GO:0071480),14,0,34,12722,12.66816591704148,1.0,,1.0
Cellular Response To Glucocorticoid Stimulus (GO:0071385),16,0,34,12722,11.130873956960913,1.0,,1.0
Cellular Response To Glucose Starvation (GO:0042149),38,0,34,12722,4.762092979484284,1.0,,1.0
Cellular Response To Glucose Stimulus (GO:0071333),30,0,34,12722,6.014967925873129,1.0,,1.0
Cellular Response To Gonadotropin Stimulus (GO:0071371),6,0,34,12722,28.277591973244146,1.0,,1.0
Cellular Response To Granulocyte Macrophage Colony-Stimulating Factor Stimulus (GO:0097011),5,0,34,12722,33.42160737812912,1.0,,1.0
Cellular Response To Growth Factor Stimulus (GO:0071363),146,0,34,12722,1.2407874561013008,1.0,,1.0
Cellular Response To Growth Hormone Stimulus (GO:0071378),10,0,34,12722,17.499654934437544,1.0,,1.0
Cellular Response To Heat (GO:0034605),31,0,34,12722,5.823556475730388,1.0,,1.0
Cellular Response To Hepatocyte Growth Factor Stimulus (GO:0035729),5,0,34,12722,33.42160737812912,1.0,,1.0
Cellular Response To Hexose Stimulus (GO:0071331),23,0,34,12722,7.8109774899784155,1.0,,1.0
Cellular Response To Histamine (GO:0071420),6,0,34,12722,28.277591973244146,1.0,,1.0
Cellular Response To Hormone Stimulus (GO:0032870),85,0,34,12722,2.136367488770235,1.0,,1.0
Cellular Response To Hydrogen Peroxide (GO:0070301),34,0,34,12722,5.315900021003991,1.0,,1.0
Cellular Response To Hydroxyurea (GO:0072711),5,0,34,12722,33.42160737812912,1.0,,1.0
Cellular Response To Hypoxia (GO:0071456),70,0,34,12722,2.593997327577346,1.0,,1.0
Cellular Response To Increased Oxygen Levels (GO:0036295),9,0,34,12722,19.34324942791762,1.0,,1.0
Cellular Response To Inorganic Substance (GO:0071241),14,0,34,12722,12.66816591704148,1.0,,1.0
Cellular Response To Insulin Stimulus (GO:0032869),94,0,34,12722,1.9315236561613374,1.0,,1.0
Cellular Response To Interferon-Alpha (GO:0035457),6,0,34,12722,28.277591973244146,1.0,,1.0
Cellular Response To Interferon-Beta (GO:0035458),20,0,34,12722,8.956168257334747,1.0,,1.0
Cellular Response To Interleukin-1 (GO:0071347),72,0,34,12722,2.522038980509745,1.0,,1.0
Cellular Response To Interleukin-12 (GO:0071349),10,0,34,12722,17.499654934437544,1.0,,1.0
Cellular Response To Interleukin-15 (GO:0071350),10,0,34,12722,17.499654934437544,1.0,,1.0
Cellular Response To Interleukin-2 (GO:0071352),7,0,34,12722,24.505314009661834,1.0,,1.0
Cellular Response To Interleukin-4 (GO:0071353),12,0,34,12722,14.697391304347827,1.0,,1.0
Cellular Response To Interleukin-6 (GO:0071354),21,0,34,12722,8.538928210313449,1.0,,1.0
Cellular Response To Interleukin-9 (GO:0071355),6,0,34,12722,28.277591973244146,1.0,,1.0
Cellular Response To Ionizing Radiation (GO:0071479),49,0,34,12722,3.700629483238179,1.0,,1.0
Cellular Response To Iron Ion (GO:0071281),5,0,34,12722,33.42160737812912,1.0,,1.0
Cellular Response To Ketone (GO:1901655),41,0,34,12722,4.416797625283744,1.0,,1.0
Cellular Response To Laminar Fluid Shear Stress (GO:0071499),6,0,34,12722,28.277591973244146,1.0,,1.0
Cellular Response To Lectin (GO:1990858),18,0,34,12722,9.925969447708578,1.0,,1.0
Cellular Response To Leptin Stimulus (GO:0044320),7,0,34,12722,24.505314009661834,1.0,,1.0
Cellular Response To Leucine (GO:0071233),9,0,34,12722,19.34324942791762,1.0,,1.0
Cellular Response To Leucine Starvation (GO:1990253),11,0,34,12722,15.976685570258349,1.0,,1.0
Cellular Response To Light Stimulus (GO:0071482),57,0,34,12722,3.1837429111531192,1.0,,1.0
Cellular Response To Lipopolysaccharide (GO:0071222),111,0,34,12722,1.634821602651589,1.0,,1.0
Cellular Response To Lipoteichoic Acid (GO:0071223),5,0,34,12722,33.42160737812912,1.0,,1.0
Cellular Response To Mechanical Stimulus (GO:0071260),47,0,34,12722,3.8570556826849733,1.0,,1.0
Cellular Response To Metal Ion (GO:0071248),123,0,34,12722,1.474564337264566,1.0,,1.0
Cellular Response To Misfolded Protein (GO:0071218),18,0,34,12722,9.925969447708578,1.0,,1.0
Cellular Response To Molecule Of Bacterial Origin (GO:0071219),105,0,34,12722,1.728621471254894,1.0,,1.0
Cellular Response To Monoamine Stimulus (GO:0071868),6,0,34,12722,28.277591973244146,1.0,,1.0
Cellular Response To Muramyl Dipeptide (GO:0071225),8,0,34,12722,21.62063086104007,1.0,,1.0
Cellular Response To Nerve Growth Factor Stimulus (GO:1990090),19,0,34,12722,9.41620215533259,1.0,,1.0
Cellular Response To Nitric Oxide (GO:0071732),6,0,34,12722,28.277591973244146,1.0,,1.0
Cellular Response To Nitrogen Compound (GO:1901699),13,0,34,12722,13.60762211486849,1.0,,1.0
Cellular Response To Nitrogen Levels (GO:0043562),10,0,34,12722,17.499654934437544,1.0,,1.0
Cellular Response To Nitrogen Starvation (GO:0006995),10,0,34,12722,17.499654934437544,1.0,,1.0
Cellular Response To Nutrient Levels (GO:0031669),72,0,34,12722,2.522038980509745,1.0,,1.0
Cellular Response To Organic Cyclic Compound (GO:0071407),138,0,34,12722,1.3132946162297912,1.0,,1.0
Cellular Response To Organonitrogen Compound (GO:0071417),96,0,34,12722,1.8911917098445596,1.0,,1.0
Cellular Response To Osmotic Stress (GO:0071470),28,0,34,12722,6.4380879735570815,1.0,,1.0
Cellular Response To Oxidative Stress (GO:0034599),110,0,34,12722,1.6497475244278312,1.0,,1.0
Cellular Response To Oxygen Levels (GO:0071453),8,0,34,12722,21.62063086104007,1.0,,1.0
Cellular Response To Oxygen-Containing Compound (GO:1901701),372,0,34,12722,0.4791946308724832,1.0,,1.0
Cellular Response To Peptide Hormone Stimulus (GO:0071375),83,0,34,12722,2.1878850993664845,1.0,,1.0
Cellular Response To Platelet-Derived Growth Factor Stimulus (GO:0036120),6,0,34,12722,28.277591973244146,1.0,,1.0
Cellular Response To Potassium Ion (GO:0035865),6,0,34,12722,28.277591973244146,1.0,,1.0
Cellular Response To Prostaglandin E Stimulus (GO:0071380),6,0,34,12722,28.277591973244146,1.0,,1.0
Cellular Response To Prostaglandin Stimulus (GO:0071379),8,0,34,12722,21.62063086104007,1.0,,1.0
Cellular Response To Purine-Containing Compound (GO:0071415),9,0,34,12722,19.34324942791762,1.0,,1.0
Cellular Response To Radiation (GO:0071478),42,0,34,12722,4.312531969309463,1.0,,1.0
Cellular Response To Reactive Nitrogen Species (GO:1902170),6,0,34,12722,28.277591973244146,1.0,,1.0
Cellular Response To Reactive Oxygen Species (GO:0034614),71,0,34,12722,2.5575149488192968,1.0,,1.0
Cellular Response To Retinoic Acid (GO:0071300),37,0,34,12722,4.889468599033816,1.0,,1.0
Cellular Response To Salt (GO:1902075),100,0,34,12722,1.815343571995097,1.0,,1.0
Cellular Response To Starvation (GO:0009267),115,0,34,12722,1.577702490745969,1.0,,1.0
Cellular Response To Steroid Hormone Stimulus (GO:0071383),21,0,34,12722,8.538928210313449,1.0,,1.0
Cellular Response To Sterol (GO:0036315),13,0,34,12722,13.60762211486849,1.0,,1.0
Cellular Response To Sterol Depletion (GO:0071501),8,0,34,12722,21.62063086104007,1.0,,1.0
Cellular Response To Superoxide (GO:0071451),11,0,34,12722,15.976685570258349,1.0,,1.0
Cellular Response To Thyroid Hormone Stimulus (GO:0097067),11,0,34,12722,15.976685570258349,1.0,,1.0
Cellular Response To Topologically Incorrect Protein (GO:0035967),20,0,34,12722,8.956168257334747,1.0,,1.0
Cellular Response To Transforming Growth Factor Beta Stimulus (GO:0071560),93,0,34,12722,1.952336665891653,1.0,,1.0
Cellular Response To Tumor Necrosis Factor (GO:0071356),106,0,34,12722,1.712254201537729,1.0,,1.0
Cellular Response To Type I Interferon (GO:0071357),33,0,34,12722,5.475016223231668,1.0,,1.0
Cellular Response To Type II Interferon (GO:0071346),56,0,34,12722,3.240348852122611,1.0,,1.0
Cellular Response To Type III Interferon (GO:0071358),8,0,34,12722,21.62063086104007,1.0,,1.0
Cellular Response To UV (GO:0034644),73,0,34,12722,2.487528344671202,1.0,,1.0
Cellular Response To UV-A (GO:0071492),9,0,34,12722,19.34324942791762,1.0,,1.0
Cellular Response To UV-B (GO:0071493),10,0,34,12722,17.499654934437544,1.0,,1.0
Cellular Response To Unfolded Protein (GO:0034620),15,0,34,12722,11.84992987377279,1.0,,1.0
Cellular Response To Vascular Endothelial Growth Factor Stimulus (GO:0035924),31,0,34,12722,5.823556475730388,1.0,,1.0
Cellular Response To Virus (GO:0098586),53,0,34,12722,3.422863334687796,1.0,,1.0
Cellular Response To Xenobiotic Stimulus (GO:0071466),24,0,34,12722,7.491570541259982,1.0,,1.0
Cellular Response To Zinc Ion (GO:0071294),11,0,34,12722,15.976685570258349,1.0,,1.0
Cellular Response To cAMP (GO:0071320),29,0,34,12722,6.219356423483173,1.0,,1.0
Cellular Response To dsRNA (GO:0071359),14,0,34,12722,12.66816591704148,1.0,,1.0
Cellular Response To pH (GO:0071467),15,0,34,12722,11.84992987377279,1.0,,1.0
Central Nervous System Myelination (GO:0022010),11,0,34,12722,15.976685570258349,1.0,,1.0
Central Nervous System Neuron Axonogenesis (GO:0021955),10,0,34,12722,17.499654934437544,1.0,,1.0
Central Nervous System Neuron Development (GO:0021954),16,0,34,12722,11.130873956960913,1.0,,1.0
Central Nervous System Neuron Differentiation (GO:0021953),27,0,34,12722,6.672727272727273,1.0,,1.0
Central Nervous System Projection Neuron Axonogenesis (GO:0021952),10,0,34,12722,17.499654934437544,1.0,,1.0
Centromere Complex Assembly (GO:0034508),14,0,34,12722,12.66816591704148,1.0,,1.0
Ceramide Biosynthetic Process (GO:0046513),36,0,34,12722,5.023823704586063,1.0,,1.0
Ceramide Catabolic Process (GO:0046514),14,0,34,12722,12.66816591704148,1.0,,1.0
Ceramide Metabolic Process (GO:0006672),50,0,34,12722,3.627062706270627,1.0,,1.0
Ceramide Transport (GO:0035627),12,0,34,12722,14.697391304347827,1.0,,1.0
Cerebral Cortex Cell Migration (GO:0021795),5,0,34,12722,33.42160737812912,1.0,,1.0
Chaperone Cofactor-Dependent Protein Refolding (GO:0051085),22,0,34,12722,8.158776167471819,1.0,,1.0
Chaperone-Mediated Protein Complex Assembly (GO:0051131),17,0,34,12722,10.49399585921325,1.0,,1.0
Chemical Synaptic Transmission (GO:0007268),242,0,34,12722,0.7438517854474824,1.0,,1.0
"Chemical Synaptic Transmission, Postsynaptic (GO:0099565)",18,0,34,12722,9.925969447708578,1.0,,1.0
Chemokine-Mediated Signaling Pathway (GO:0070098),51,0,34,12722,3.5563528915154072,1.0,,1.0
Chitin Catabolic Process (GO:0006032),5,0,34,12722,33.42160737812912,1.0,,1.0
Chitin Metabolic Process (GO:0006030),5,0,34,12722,33.42160737812912,1.0,,1.0
Chloride Ion Homeostasis (GO:0055064),9,0,34,12722,19.34324942791762,1.0,,1.0
Chloride Transmembrane Transport (GO:1902476),44,0,34,12722,4.118058948054063,1.0,,1.0
Chloride Transport (GO:0006821),70,0,34,12722,2.593997327577346,1.0,,1.0
Cholesterol Biosynthetic Process (GO:0006695),22,0,34,12722,8.158776167471819,1.0,,1.0
Cholesterol Catabolic Process (GO:0006707),5,0,34,12722,33.42160737812912,1.0,,1.0
Cholesterol Efflux (GO:0033344),23,0,34,12722,7.8109774899784155,1.0,,1.0
Cholesterol Import (GO:0070508),5,0,34,12722,33.42160737812912,1.0,,1.0
Choline Transport (GO:0015871),6,0,34,12722,28.277591973244146,1.0,,1.0
Chondrocyte Development (GO:0002063),5,0,34,12722,33.42160737812912,1.0,,1.0
Chondrocyte Differentiation (GO:0002062),27,0,34,12722,6.672727272727273,1.0,,1.0
Chondroitin Sulfate Biosynthetic Process (GO:0030206),13,0,34,12722,13.60762211486849,1.0,,1.0
Chondroitin Sulfate Metabolic Process (GO:0030204),16,0,34,12722,11.130873956960913,1.0,,1.0
Chondroitin Sulfate Proteoglycan Biosynthetic Process (GO:0050650),19,0,34,12722,9.41620215533259,1.0,,1.0
Chondroitin Sulfate Proteoglycan Metabolic Process (GO:0050654),9,0,34,12722,19.34324942791762,1.0,,1.0
Chromatin Organization (GO:0006325),232,0,34,12722,0.7764687548698769,1.0,,1.0
Chromatin Remodeling (GO:0006338),211,0,34,12722,0.8550039401103231,1.0,,1.0
Chromatin Remodeling At Centromere (GO:0031055),6,0,34,12722,28.277591973244146,1.0,,1.0
Chromosome Condensation (GO:0030261),20,0,34,12722,8.956168257334747,1.0,,1.0
Cilium Assembly (GO:0060271),211,0,34,12722,0.8550039401103231,1.0,,1.0
Cilium Disassembly (GO:0061523),5,0,34,12722,33.42160737812912,1.0,,1.0
Cilium Movement (GO:0003341),41,0,34,12722,4.416797625283744,1.0,,1.0
Cilium Movement Involved In Cell Motility (GO:0060294),6,0,34,12722,28.277591973244146,1.0,,1.0
Cilium Organization (GO:0044782),202,0,34,12722,0.8936482376095902,1.0,,1.0
Cilium-Dependent Cell Motility (GO:0060285),17,0,34,12722,10.49399585921325,1.0,,1.0
Circulatory System Development (GO:0072359),122,0,34,12722,1.4867199053534457,1.0,,1.0
Citrulline Metabolic Process (GO:0000052),6,0,34,12722,28.277591973244146,1.0,,1.0
Clathrin Coat Assembly (GO:0048268),12,0,34,12722,14.697391304347827,1.0,,1.0
Clathrin Coat Disassembly (GO:0072318),5,0,34,12722,33.42160737812912,1.0,,1.0
Clathrin-Coated Vesicle Cargo Loading (GO:0035652),5,0,34,12722,33.42160737812912,1.0,,1.0
"Clathrin-Coated Vesicle Cargo Loading, AP-3-mediated (GO:0035654)",5,0,34,12722,33.42160737812912,1.0,,1.0
Clathrin-Dependent Endocytosis (GO:0072583),27,0,34,12722,6.672727272727273,1.0,,1.0
Cleavage Furrow Formation (GO:0036089),6,0,34,12722,28.277591973244146,1.0,,1.0
Cobalamin Metabolic Process (GO:0009235),7,0,34,12722,24.505314009661834,1.0,,1.0
Cobalamin Transport (GO:0015889),7,0,34,12722,24.505314009661834,1.0,,1.0
Cochlea Morphogenesis (GO:0090103),11,0,34,12722,15.976685570258349,1.0,,1.0
Coenzyme A Biosynthetic Process (GO:0015937),10,0,34,12722,17.499654934437544,1.0,,1.0
Coenzyme A Metabolic Process (GO:0015936),14,0,34,12722,12.66816591704148,1.0,,1.0
Cognition (GO:0050890),41,0,34,12722,4.416797625283744,1.0,,1.0
Collagen Fibril Organization (GO:0030199),41,0,34,12722,4.416797625283744,1.0,,1.0
Collagen-Activated Signaling Pathway (GO:0038065),7,0,34,12722,24.505314009661834,1.0,,1.0
Collecting Duct Development (GO:0072044),6,0,34,12722,28.277591973244146,1.0,,1.0
Columnar/Cuboidal Epithelial Cell Differentiation (GO:0002065),10,0,34,12722,17.499654934437544,1.0,,1.0
Commissural Neuron Axon Guidance (GO:0071679),8,0,34,12722,21.62063086104007,1.0,,1.0
"Complement Activation, Lectin Pathway (GO:0001867)",8,0,34,12722,21.62063086104007,1.0,,1.0
Complement Receptor Mediated Signaling Pathway (GO:0002430),8,0,34,12722,21.62063086104007,1.0,,1.0
Connective Tissue Development (GO:0061448),34,0,34,12722,5.315900021003991,1.0,,1.0
Constitutive Heterochromatin Formation (GO:0140719),7,0,34,12722,24.505314009661834,1.0,,1.0
Contact Inhibition (GO:0060242),5,0,34,12722,33.42160737812912,1.0,,1.0
Contractile Actin Filament Bundle Assembly (GO:0030038),14,0,34,12722,12.66816591704148,1.0,,1.0
Copper Ion Homeostasis (GO:0055070),14,0,34,12722,12.66816591704148,1.0,,1.0
Copper Ion Import (GO:0015677),6,0,34,12722,28.277591973244146,1.0,,1.0
Copper Ion Transport (GO:0006825),10,0,34,12722,17.499654934437544,1.0,,1.0
Coronary Vasculature Development (GO:0060976),7,0,34,12722,24.505314009661834,1.0,,1.0
Coronary Vasculature Morphogenesis (GO:0060977),7,0,34,12722,24.505314009661834,1.0,,1.0
Cortical Actin Cytoskeleton Organization (GO:0030866),19,0,34,12722,9.41620215533259,1.0,,1.0
Cortical Cytoskeleton Organization (GO:0030865),27,0,34,12722,6.672727272727273,1.0,,1.0
Cotranslational Protein Targeting To Membrane (GO:0006613),13,0,34,12722,13.60762211486849,1.0,,1.0
Cranial Nerve Development (GO:0021545),12,0,34,12722,14.697391304347827,1.0,,1.0
Cristae Formation (GO:0042407),9,0,34,12722,19.34324942791762,1.0,,1.0
Cyclic Nucleotide Biosynthetic Process (GO:0009190),14,0,34,12722,12.66816591704148,1.0,,1.0
Cyclic Nucleotide Transport (GO:0070729),6,0,34,12722,28.277591973244146,1.0,,1.0
Cyclic-Nucleotide-Mediated Signaling (GO:0019935),36,0,34,12722,5.023823704586063,1.0,,1.0
Cyclooxygenase Pathway (GO:0019371),8,0,34,12722,21.62063086104007,1.0,,1.0
Cytidine To Uridine Editing (GO:0016554),9,0,34,12722,19.34324942791762,1.0,,1.0
Cytochrome Complex Assembly (GO:0017004),7,0,34,12722,24.505314009661834,1.0,,1.0
Cytokine-Mediated Signaling Pathway (GO:0019221),243,0,34,12722,0.7407374341576645,1.0,,1.0
Cytolysis By Host Of Symbiont Cells (GO:0051838),5,0,34,12722,33.42160737812912,1.0,,1.0
Cytoplasmic Microtubule Organization (GO:0031122),48,0,34,12722,3.777229941730166,1.0,,1.0
Cytoplasmic Sequestering Of NF-kappaB (GO:0007253),7,0,34,12722,24.505314009661834,1.0,,1.0
Cytoplasmic Sequestering Of Protein (GO:0051220),12,0,34,12722,14.697391304347827,1.0,,1.0
Cytoplasmic Sequestering Of Transcription Factor (GO:0042994),12,0,34,12722,14.697391304347827,1.0,,1.0
Cytoplasmic Translation (GO:0002181),72,0,34,12722,2.522038980509745,1.0,,1.0
Cytoplasmic Translational Initiation (GO:0002183),27,0,34,12722,6.672727272727273,1.0,,1.0
Cytoskeleton Organization (GO:0007010),109,0,34,12722,1.6649460657798953,1.0,,1.0
Cytoskeleton-Dependent Cytokinesis (GO:0061640),64,0,34,12722,2.8366475676890235,1.0,,1.0
Cytoskeleton-Dependent Intracellular Transport (GO:0030705),20,0,34,12722,8.956168257334747,1.0,,1.0
Cytosolic Pattern Recognition Receptor Signaling Pathway (GO:0002753),19,0,34,12722,9.41620215533259,1.0,,1.0
DNA Alkylation (GO:0006305),14,0,34,12722,12.66816591704148,1.0,,1.0
DNA Biosynthetic Process (GO:0071897),16,0,34,12722,11.130873956960913,1.0,,1.0
DNA Catabolic Process (GO:0006308),16,0,34,12722,11.130873956960913,1.0,,1.0
DNA Conformation Change (GO:0071103),12,0,34,12722,14.697391304347827,1.0,,1.0
DNA Cytosine Deamination (GO:0070383),6,0,34,12722,28.277591973244146,1.0,,1.0
DNA Damage Checkpoint Signaling (GO:0000077),31,0,34,12722,5.823556475730388,1.0,,1.0
DNA Damage Response (GO:0006974),351,0,34,12722,0.5086894674995361,1.0,,1.0
"DNA Damage Response, Signal Transduction By P53 Class Mediator (GO:0030330)",34,0,34,12722,5.315900021003991,1.0,,1.0
"DNA Damage Response, Signal Transduction By P53 Class Mediator Resulting In Cell Cycle Arrest (GO:0006977)",16,0,34,12722,11.130873956960913,1.0,,1.0
"DNA Damage Response, Signal Transduction By P53 Class Mediator Resulting In Transcription Of P21 Class Mediator (GO:0006978)",8,0,34,12722,21.62063086104007,1.0,,1.0
"DNA Damage Response, Signal Transduction Resulting In Transcription (GO:0042772)",9,0,34,12722,19.34324942791762,1.0,,1.0
DNA Dealkylation (GO:0035510),7,0,34,12722,24.505314009661834,1.0,,1.0
DNA Dealkylation Involved In DNA Repair (GO:0006307),7,0,34,12722,24.505314009661834,1.0,,1.0
DNA Deamination (GO:0045006),10,0,34,12722,17.499654934437544,1.0,,1.0
DNA Double-Strand Break Processing (GO:0000729),13,0,34,12722,13.60762211486849,1.0,,1.0
DNA Duplex Unwinding (GO:0032508),37,0,34,12722,4.889468599033816,1.0,,1.0
DNA Geometric Change (GO:0032392),27,0,34,12722,6.672727272727273,1.0,,1.0
DNA Integrity Checkpoint Signaling (GO:0031570),39,0,34,12722,4.641166758392956,1.0,,1.0
DNA Ligation (GO:0006266),6,0,34,12722,28.277591973244146,1.0,,1.0
DNA Metabolic Process (GO:0006259),271,0,34,12722,0.6628499746443537,1.0,,1.0
DNA Methylation (GO:0006306),19,0,34,12722,9.41620215533259,1.0,,1.0
DNA Methylation-Dependent Heterochromatin Formation (GO:0006346),7,0,34,12722,24.505314009661834,1.0,,1.0
DNA Modification (GO:0006304),16,0,34,12722,11.130873956960913,1.0,,1.0
DNA Recombination (GO:0006310),40,0,34,12722,4.526212202540705,1.0,,1.0
DNA Repair (GO:0006281),265,0,34,12722,0.6781571549441852,1.0,,1.0
DNA Repair-Dependent Chromatin Remodeling (GO:0140861),15,0,34,12722,11.84992987377279,1.0,,1.0
DNA Replication (GO:0006260),71,0,34,12722,2.5575149488192968,1.0,,1.0
DNA Replication Checkpoint Signaling (GO:0000076),17,0,34,12722,10.49399585921325,1.0,,1.0
DNA Replication Initiation (GO:0006270),20,0,34,12722,8.956168257334747,1.0,,1.0
DNA Replication-Dependent Chromatin Assembly (GO:0006335),5,0,34,12722,33.42160737812912,1.0,,1.0
DNA Strand Elongation (GO:0022616),11,0,34,12722,15.976685570258349,1.0,,1.0
DNA Strand Elongation Involved In DNA Replication (GO:0006271),12,0,34,12722,14.697391304347827,1.0,,1.0
DNA Strand Resection Involved In Replication Fork Processing (GO:0110025),5,0,34,12722,33.42160737812912,1.0,,1.0
DNA Synthesis Involved In DNA Repair (GO:0000731),25,0,34,12722,7.19721511793123,1.0,,1.0
DNA Topological Change (GO:0006265),8,0,34,12722,21.62063086104007,1.0,,1.0
DNA Unwinding Involved In DNA Replication (GO:0006268),19,0,34,12722,9.41620215533259,1.0,,1.0
DNA-templated DNA Replication (GO:0006261),67,0,34,12722,2.709930220075148,1.0,,1.0
DNA-templated DNA Replication Maintenance Of Fidelity (GO:0045005),38,0,34,12722,4.762092979484284,1.0,,1.0
DNA-templated Transcription (GO:0006351),187,0,34,12722,0.9662995169082126,1.0,,1.0
DNA-templated Transcription Elongation (GO:0006354),25,0,34,12722,7.19721511793123,1.0,,1.0
DNA-templated Transcription Initiation (GO:0006352),54,0,34,12722,3.359792580773833,1.0,,1.0
DNA-templated Transcription Termination (GO:0006353),13,0,34,12722,13.60762211486849,1.0,,1.0
Deadenylation-Dependent Decapping Of Nuclear-Transcribed mRNA (GO:0000290),7,0,34,12722,24.505314009661834,1.0,,1.0
Defense Response To Fungus (GO:0050832),21,0,34,12722,8.538928210313449,1.0,,1.0
Defense Response To Gram-positive Bacterium (GO:0050830),57,0,34,12722,3.1837429111531192,1.0,,1.0
Defense Response To Protozoan (GO:0042832),13,0,34,12722,13.60762211486849,1.0,,1.0
Defense Response To Symbiont (GO:0140546),135,0,34,12722,1.3426921225733996,1.0,,1.0
Defense Response To Tumor Cell (GO:0002357),11,0,34,12722,15.976685570258349,1.0,,1.0
Defense Response To Virus (GO:0051607),172,0,34,12722,1.0515858013022474,1.0,,1.0
Definitive Hemopoiesis (GO:0060216),6,0,34,12722,28.277591973244146,1.0,,1.0
Dehydroascorbic Acid Transport (GO:0070837),6,0,34,12722,28.277591973244146,1.0,,1.0
Delamination (GO:0060232),6,0,34,12722,28.277591973244146,1.0,,1.0
Dendrite Arborization (GO:0140059),6,0,34,12722,28.277591973244146,1.0,,1.0
Dendrite Extension (GO:0097484),5,0,34,12722,33.42160737812912,1.0,,1.0
Dendrite Morphogenesis (GO:0048813),34,0,34,12722,5.315900021003991,1.0,,1.0
Dendrite Self-Avoidance (GO:0070593),12,0,34,12722,14.697391304347827,1.0,,1.0
Dendritic Cell Chemotaxis (GO:0002407),15,0,34,12722,11.84992987377279,1.0,,1.0
Dendritic Cell Migration (GO:0036336),18,0,34,12722,9.925969447708578,1.0,,1.0
Dendritic Spine Morphogenesis (GO:0060997),15,0,34,12722,11.84992987377279,1.0,,1.0
Dense Core Granule Cytoskeletal Transport (GO:0099519),6,0,34,12722,28.277591973244146,1.0,,1.0
Depyrimidination (GO:0045008),6,0,34,12722,28.277591973244146,1.0,,1.0
Dermatan Sulfate Metabolic Process (GO:0030205),5,0,34,12722,33.42160737812912,1.0,,1.0
Dermatan Sulfate Proteoglycan Biosynthetic Process (GO:0050651),7,0,34,12722,24.505314009661834,1.0,,1.0
Dermatan Sulfate Proteoglycan Metabolic Process (GO:0050655),5,0,34,12722,33.42160737812912,1.0,,1.0
Desensitization Of G Protein-Coupled Receptor Signaling Pathway (GO:0002029),10,0,34,12722,17.499654934437544,1.0,,1.0
Desmosome Organization (GO:0002934),6,0,34,12722,28.277591973244146,1.0,,1.0
Detection Of Bacterium (GO:0016045),12,0,34,12722,14.697391304347827,1.0,,1.0
Detection Of Calcium Ion (GO:0005513),10,0,34,12722,17.499654934437544,1.0,,1.0
Detection Of Chemical Stimulus Involved In Sensory Perception (GO:0050907),25,0,34,12722,7.19721511793123,1.0,,1.0
Detection Of Chemical Stimulus Involved In Sensory Perception Of Bitter Taste (GO:0001580),22,0,34,12722,8.158776167471819,1.0,,1.0
Detection Of Chemical Stimulus Involved In Sensory Perception Of Smell (GO:0050911),24,0,34,12722,7.491570541259982,1.0,,1.0
Detection Of Chemical Stimulus Involved In Sensory Perception Of Taste (GO:0050912),23,0,34,12722,7.8109774899784155,1.0,,1.0
Detection Of Light Stimulus Involved In Sensory Perception (GO:0050962),10,0,34,12722,17.499654934437544,1.0,,1.0
Detection Of Light Stimulus Involved In Visual Perception (GO:0050908),10,0,34,12722,17.499654934437544,1.0,,1.0
Detection Of Mechanical Stimulus (GO:0050982),15,0,34,12722,11.84992987377279,1.0,,1.0
Detection Of Mechanical Stimulus Involved In Sensory Perception (GO:0050974),12,0,34,12722,14.697391304347827,1.0,,1.0
Detection Of Mechanical Stimulus Involved In Sensory Perception Of Sound (GO:0050910),7,0,34,12722,24.505314009661834,1.0,,1.0
Detection Of Molecule Of Bacterial Origin (GO:0032490),5,0,34,12722,33.42160737812912,1.0,,1.0
Detection Of Muscle Stretch (GO:0035995),5,0,34,12722,33.42160737812912,1.0,,1.0
Detection Of Stimulus Involved In Sensory Perception Of Pain (GO:0062149),6,0,34,12722,28.277591973244146,1.0,,1.0
Detection Of Visible Light (GO:0009584),15,0,34,12722,11.84992987377279,1.0,,1.0
Determination Of Digestive Tract Left/Right Asymmetry (GO:0071907),5,0,34,12722,33.42160737812912,1.0,,1.0
Determination Of Liver Left/Right Asymmetry (GO:0071910),5,0,34,12722,33.42160737812912,1.0,,1.0
Development Of Primary Female Sexual Characteristics (GO:0046545),6,0,34,12722,28.277591973244146,1.0,,1.0
Diacylglycerol Biosynthetic Process (GO:0006651),7,0,34,12722,24.505314009661834,1.0,,1.0
Diacylglycerol Metabolic Process (GO:0046339),23,0,34,12722,7.8109774899784155,1.0,,1.0
Dicarboxylic Acid Biosynthetic Process (GO:0043650),9,0,34,12722,19.34324942791762,1.0,,1.0
Dicarboxylic Acid Catabolic Process (GO:0043649),15,0,34,12722,11.84992987377279,1.0,,1.0
Dicarboxylic Acid Metabolic Process (GO:0043648),48,0,34,12722,3.777229941730166,1.0,,1.0
Dicarboxylic Acid Transport (GO:0006835),24,0,34,12722,7.491570541259982,1.0,,1.0
Digestive System Development (GO:0055123),8,0,34,12722,21.62063086104007,1.0,,1.0
Digestive Tract Development (GO:0048565),34,0,34,12722,5.315900021003991,1.0,,1.0
Digestive Tract Morphogenesis (GO:0048546),14,0,34,12722,12.66816591704148,1.0,,1.0
Diol Biosynthetic Process (GO:0034312),15,0,34,12722,11.84992987377279,1.0,,1.0
Diol Metabolic Process (GO:0034311),10,0,34,12722,17.499654934437544,1.0,,1.0
Diterpenoid Metabolic Process (GO:0016101),27,0,34,12722,6.672727272727273,1.0,,1.0
Dolichol Metabolic Process (GO:0019348),14,0,34,12722,12.66816591704148,1.0,,1.0
Dolichol-Linked Oligosaccharide Biosynthetic Process (GO:0006488),15,0,34,12722,11.84992987377279,1.0,,1.0
Dopamine Catabolic Process (GO:0042420),5,0,34,12722,33.42160737812912,1.0,,1.0
Dopamine Metabolic Process (GO:0042417),15,0,34,12722,11.84992987377279,1.0,,1.0
Dopamine Transport (GO:0015872),9,0,34,12722,19.34324942791762,1.0,,1.0
Dopamine Uptake (GO:0090494),7,0,34,12722,24.505314009661834,1.0,,1.0
Dopaminergic Neuron Differentiation (GO:0071542),19,0,34,12722,9.41620215533259,1.0,,1.0
Dorsal Aorta Development (GO:0035907),6,0,34,12722,28.277591973244146,1.0,,1.0
Dorsal Aorta Morphogenesis (GO:0035912),6,0,34,12722,28.277591973244146,1.0,,1.0
Dorsal/Ventral Pattern Formation (GO:0009953),26,0,34,12722,6.925075198249932,1.0,,1.0
Dosage Compensation (GO:0007549),7,0,34,12722,24.505314009661834,1.0,,1.0
Dosage Compensation By Inactivation Of X Chromosome (GO:0009048),11,0,34,12722,15.976685570258349,1.0,,1.0
Double-Strand Break Repair (GO:0006302),154,0,34,12722,1.1757891280896768,1.0,,1.0
Double-Strand Break Repair Via Break-Induced Replication (GO:0000727),11,0,34,12722,15.976685570258349,1.0,,1.0
Double-Strand Break Repair Via Classical Nonhomologous End Joining (GO:0097680),5,0,34,12722,33.42160737812912,1.0,,1.0
Double-Strand Break Repair Via Homologous Recombination (GO:0000724),104,0,34,12722,1.7453019901532487,1.0,,1.0
Double-Strand Break Repair Via Nonhomologous End Joining (GO:0006303),37,0,34,12722,4.889468599033816,1.0,,1.0
Double-Strand Break Repair Via Synthesis-Dependent Strand Annealing (GO:0045003),5,0,34,12722,33.42160737812912,1.0,,1.0
ER Overload Response (GO:0006983),6,0,34,12722,28.277591973244146,1.0,,1.0
ER-associated Misfolded Protein Catabolic Process (GO:0071712),8,0,34,12722,21.62063086104007,1.0,,1.0
ERAD Pathway (GO:0036503),81,0,34,12722,2.2419311816484395,1.0,,1.0
ERBB Signaling Pathway (GO:0038127),52,0,34,12722,3.488336783988958,1.0,,1.0
ERBB2 Signaling Pathway (GO:0038128),13,0,34,12722,13.60762211486849,1.0,,1.0
ERBB2-EGFR Signaling Pathway (GO:0038134),5,0,34,12722,33.42160737812912,1.0,,1.0
ERK1 And ERK2 Cascade (GO:0070371),23,0,34,12722,7.8109774899784155,1.0,,1.0
ESCRT Complex Disassembly (GO:1904896),9,0,34,12722,19.34324942791762,1.0,,1.0
ESCRT III Complex Disassembly (GO:1904903),9,0,34,12722,19.34324942791762,1.0,,1.0
Ear Development (GO:0043583),5,0,34,12722,33.42160737812912,1.0,,1.0
Ear Morphogenesis (GO:0042471),22,0,34,12722,8.158776167471819,1.0,,1.0
Early Endosome To Golgi Transport (GO:0034498),12,0,34,12722,14.697391304347827,1.0,,1.0
Early Endosome To Late Endosome Transport (GO:0045022),22,0,34,12722,8.158776167471819,1.0,,1.0
Ectoderm Development (GO:0007398),9,0,34,12722,19.34324942791762,1.0,,1.0
Elastic Fiber Assembly (GO:0048251),6,0,34,12722,28.277591973244146,1.0,,1.0
Electron Transport Chain (GO:0022900),12,0,34,12722,14.697391304347827,1.0,,1.0
Embryo Development Ending In Birth Or Egg Hatching (GO:0009792),15,0,34,12722,11.84992987377279,1.0,,1.0
Embryonic Appendage Morphogenesis (GO:0035113),10,0,34,12722,17.499654934437544,1.0,,1.0
Embryonic Cranial Skeleton Morphogenesis (GO:0048701),14,0,34,12722,12.66816591704148,1.0,,1.0
Embryonic Digestive Tract Development (GO:0048566),19,0,34,12722,9.41620215533259,1.0,,1.0
Embryonic Digestive Tract Morphogenesis (GO:0048557),8,0,34,12722,21.62063086104007,1.0,,1.0
Embryonic Digit Morphogenesis (GO:0042733),16,0,34,12722,11.130873956960913,1.0,,1.0
Embryonic Eye Morphogenesis (GO:0048048),9,0,34,12722,19.34324942791762,1.0,,1.0
Embryonic Forelimb Morphogenesis (GO:0035115),8,0,34,12722,21.62063086104007,1.0,,1.0
Embryonic Heart Tube Development (GO:0035050),14,0,34,12722,12.66816591704148,1.0,,1.0
Embryonic Hemopoiesis (GO:0035162),13,0,34,12722,13.60762211486849,1.0,,1.0
Embryonic Hindlimb Morphogenesis (GO:0035116),5,0,34,12722,33.42160737812912,1.0,,1.0
Embryonic Limb Morphogenesis (GO:0030326),33,0,34,12722,5.475016223231668,1.0,,1.0
Embryonic Organ Morphogenesis (GO:0048562),40,0,34,12722,4.526212202540705,1.0,,1.0
Embryonic Placenta Development (GO:0001892),6,0,34,12722,28.277591973244146,1.0,,1.0
Embryonic Skeletal Joint Development (GO:0072498),5,0,34,12722,33.42160737812912,1.0,,1.0
Embryonic Skeletal System Development (GO:0048706),31,0,34,12722,5.823556475730388,1.0,,1.0
Embryonic Skeletal System Morphogenesis (GO:0048704),27,0,34,12722,6.672727272727273,1.0,,1.0
Enamel Mineralization (GO:0070166),5,0,34,12722,33.42160737812912,1.0,,1.0
Endocardial Cushion Development (GO:0003197),22,0,34,12722,8.158776167471819,1.0,,1.0
Endocardial Cushion Morphogenesis (GO:0003203),20,0,34,12722,8.956168257334747,1.0,,1.0
Endochondral Bone Morphogenesis (GO:0060350),11,0,34,12722,15.976685570258349,1.0,,1.0
Endochondral Ossification (GO:0001958),7,0,34,12722,24.505314009661834,1.0,,1.0
Endocrine System Development (GO:0035270),22,0,34,12722,8.158776167471819,1.0,,1.0
Endocytic Recycling (GO:0032456),52,0,34,12722,3.488336783988958,1.0,,1.0
Endocytosis (GO:0006897),175,0,34,12722,1.033362236260787,1.0,,1.0
Endoderm Development (GO:0007492),13,0,34,12722,13.60762211486849,1.0,,1.0
Endodermal Cell Fate Commitment (GO:0001711),8,0,34,12722,21.62063086104007,1.0,,1.0
Endolysosomal Toll-Like Receptor Signaling Pathway (GO:0140894),13,0,34,12722,13.60762211486849,1.0,,1.0
Endomembrane System Organization (GO:0010256),166,0,34,12722,1.0900030465247856,1.0,,1.0
"Endonucleolytic Cleavage In ITS1 To Separate SSU-rRNA From 5.8S rRNA And LSU-rRNA From Tricistronic rRNA Transcript (SSU-rRNA, 5.8S rRNA, LSU-rRNA) (GO:0000447)",7,0,34,12722,24.505314009661834,1.0,,1.0
"Endonucleolytic Cleavage Of Tricistronic rRNA Transcript (SSU-rRNA, 5.8S rRNA, LSU-rRNA) (GO:0000479)",13,0,34,12722,13.60762211486849,1.0,,1.0
Endoplasmic Reticulum Calcium Ion Homeostasis (GO:0032469),19,0,34,12722,9.41620215533259,1.0,,1.0
Endoplasmic Reticulum Mannose Trimming (GO:1904380),11,0,34,12722,15.976685570258349,1.0,,1.0
Endoplasmic Reticulum Membrane Organization (GO:0090158),10,0,34,12722,17.499654934437544,1.0,,1.0
Endoplasmic Reticulum Organization (GO:0007029),48,0,34,12722,3.777229941730166,1.0,,1.0
Endoplasmic Reticulum To Cytosol Transport (GO:1903513),12,0,34,12722,14.697391304347827,1.0,,1.0
Endoplasmic Reticulum To Golgi Vesicle-Mediated Transport (GO:0006888),104,0,34,12722,1.7453019901532487,1.0,,1.0
Endoplasmic Reticulum Tubular Network Organization (GO:0071786),15,0,34,12722,11.84992987377279,1.0,,1.0
Endosomal Lumen Acidification (GO:0048388),9,0,34,12722,19.34324942791762,1.0,,1.0
Endosomal Vesicle Fusion (GO:0034058),10,0,34,12722,17.499654934437544,1.0,,1.0
Endosome Organization (GO:0007032),40,0,34,12722,4.526212202540705,1.0,,1.0
Endosome To Lysosome Transport (GO:0008333),53,0,34,12722,3.422863334687796,1.0,,1.0
Endosome To Lysosome Transport Via Multivesicular Body Sorting Pathway (GO:0032510),12,0,34,12722,14.697391304347827,1.0,,1.0
Endosome To Melanosome Transport (GO:0035646),7,0,34,12722,24.505314009661834,1.0,,1.0
Endosome To Pigment Granule Transport (GO:0043485),7,0,34,12722,24.505314009661834,1.0,,1.0
Endosome Transport Via Multivesicular Body Sorting Pathway (GO:0032509),19,0,34,12722,9.41620215533259,1.0,,1.0
Endothelial Cell Chemotaxis (GO:0035767),8,0,34,12722,21.62063086104007,1.0,,1.0
Endothelial Cell Development (GO:0001885),19,0,34,12722,9.41620215533259,1.0,,1.0
Endothelial Cell Differentiation (GO:0045446),11,0,34,12722,15.976685570258349,1.0,,1.0
Endothelial Cell Migration (GO:0043542),37,0,34,12722,4.889468599033816,1.0,,1.0
Endothelial Cell Proliferation (GO:0001935),18,0,34,12722,9.925969447708578,1.0,,1.0
Endothelial Tube Morphogenesis (GO:0061154),9,0,34,12722,19.34324942791762,1.0,,1.0
Endothelium Development (GO:0003158),11,0,34,12722,15.976685570258349,1.0,,1.0
Energy Derivation By Oxidation Of Organic Compounds (GO:0015980),40,0,34,12722,4.526212202540705,1.0,,1.0
Energy Reserve Metabolic Process (GO:0006112),17,0,34,12722,10.49399585921325,1.0,,1.0
Engulfment Of Apoptotic Cell (GO:0043652),8,0,34,12722,21.62063086104007,1.0,,1.0
Enteric Nervous System Development (GO:0048484),6,0,34,12722,28.277591973244146,1.0,,1.0
Entrainment Of Circadian Clock By Photoperiod (GO:0043153),21,0,34,12722,8.538928210313449,1.0,,1.0
Enzyme-Linked Receptor Protein Signaling Pathway (GO:0007167),112,0,34,12722,1.6201610305958132,1.0,,1.0
Eosinophil Chemotaxis (GO:0048245),18,0,34,12722,9.925969447708578,1.0,,1.0
Eosinophil Migration (GO:0072677),18,0,34,12722,9.925969447708578,1.0,,1.0
Ephrin Receptor Signaling Pathway (GO:0048013),43,0,34,12722,4.213060136598368,1.0,,1.0
Epiboly Involved In Wound Healing (GO:0090505),13,0,34,12722,13.60762211486849,1.0,,1.0
Epidermal Cell Differentiation (GO:0009913),52,0,34,12722,3.488336783988958,1.0,,1.0
Epidermal Growth Factor Receptor Signaling Pathway (GO:0007173),43,0,34,12722,4.213060136598368,1.0,,1.0
Epidermis Development (GO:0008544),76,0,34,12722,2.3894098702282847,1.0,,1.0
Epigenetic Regulation Of Gene Expression (GO:0040029),72,0,34,12722,2.522038980509745,1.0,,1.0
Epithelial Cell Apoptotic Process (GO:1904019),10,0,34,12722,17.499654934437544,1.0,,1.0
Epithelial Cell Development (GO:0002064),18,0,34,12722,9.925969447708578,1.0,,1.0
Epithelial Cell Differentiation (GO:0030855),114,0,34,12722,1.5916081260679704,1.0,,1.0
Epithelial Cell Differentiation Involved In Kidney Development (GO:0035850),6,0,34,12722,28.277591973244146,1.0,,1.0
Epithelial Cell Migration (GO:0010631),45,0,34,12722,4.027233635929288,1.0,,1.0
Epithelial Cell Morphogenesis (GO:0003382),12,0,34,12722,14.697391304347827,1.0,,1.0
Epithelial Cell-Cell Adhesion (GO:0090136),10,0,34,12722,17.499654934437544,1.0,,1.0
Epithelial Cilium Movement Involved In Determination Of Left/Right Asymmetry (GO:0060287),6,0,34,12722,28.277591973244146,1.0,,1.0
Epithelial Cilium Movement Involved In Extracellular Fluid Movement (GO:0003351),16,0,34,12722,11.130873956960913,1.0,,1.0
Epithelial Structure Maintenance (GO:0010669),19,0,34,12722,9.41620215533259,1.0,,1.0
Epithelial To Mesenchymal Transition (GO:0001837),46,0,34,12722,3.940314788842138,1.0,,1.0
Epithelial To Mesenchymal Transition Involved In Endocardial Cushion Formation (GO:0003198),8,0,34,12722,21.62063086104007,1.0,,1.0
Epithelial Tube Formation (GO:0072175),5,0,34,12722,33.42160737812912,1.0,,1.0
Epithelial Tube Morphogenesis (GO:0060562),31,0,34,12722,5.823556475730388,1.0,,1.0
Epoxygenase P450 Pathway (GO:0019373),16,0,34,12722,11.130873956960913,1.0,,1.0
Equilibrioception (GO:0050957),5,0,34,12722,33.42160737812912,1.0,,1.0
Error-Prone Translesion Synthesis (GO:0042276),8,0,34,12722,21.62063086104007,1.0,,1.0
Erythrocyte Development (GO:0048821),11,0,34,12722,15.976685570258349,1.0,,1.0
Erythrose 4-Phosphate/Phosphoenolpyruvate Family Amino Acid Catabolic Process (GO:1902222),5,0,34,12722,33.42160737812912,1.0,,1.0
Establishment Of Apical/Basal Cell Polarity (GO:0035089),14,0,34,12722,12.66816591704148,1.0,,1.0
Establishment Of Centrosome Localization (GO:0051660),7,0,34,12722,24.505314009661834,1.0,,1.0
Establishment Of Chromosome Localization (GO:0051303),14,0,34,12722,12.66816591704148,1.0,,1.0
Establishment Of Endothelial Barrier (GO:0061028),27,0,34,12722,6.672727272727273,1.0,,1.0
Establishment Of Endothelial Intestinal Barrier (GO:0090557),10,0,34,12722,17.499654934437544,1.0,,1.0
Establishment Of Epithelial Cell Apical/Basal Polarity (GO:0045198),10,0,34,12722,17.499654934437544,1.0,,1.0
Establishment Of Epithelial Cell Polarity (GO:0090162),18,0,34,12722,9.925969447708578,1.0,,1.0
Establishment Of Golgi Localization (GO:0051683),6,0,34,12722,28.277591973244146,1.0,,1.0
Establishment Of Lymphocyte Polarity (GO:0001767),5,0,34,12722,33.42160737812912,1.0,,1.0
Establishment Of Melanosome Localization (GO:0032401),15,0,34,12722,11.84992987377279,1.0,,1.0
"Establishment Of Mitochondrion Localization, Microtubule-Mediated (GO:0034643)",5,0,34,12722,33.42160737812912,1.0,,1.0
Establishment Of Mitotic Sister Chromatid Cohesion (GO:0034087),6,0,34,12722,28.277591973244146,1.0,,1.0
Establishment Of Mitotic Spindle Localization (GO:0040001),34,0,34,12722,5.315900021003991,1.0,,1.0
Establishment Of Mitotic Spindle Orientation (GO:0000132),29,0,34,12722,6.219356423483173,1.0,,1.0
Establishment Of Protein Localization To Chromosome (GO:0070199),10,0,34,12722,17.499654934437544,1.0,,1.0
Establishment Of Protein Localization To Endoplasmic Reticulum (GO:0072599),16,0,34,12722,11.130873956960913,1.0,,1.0
Establishment Of Protein Localization To Extracellular Region (GO:0035592),36,0,34,12722,5.023823704586063,1.0,,1.0
Establishment Of Protein Localization To Membrane (GO:0090150),65,0,34,12722,2.7931187078216615,1.0,,1.0
Establishment Of Protein Localization To Mitochondrion (GO:0072655),42,0,34,12722,4.312531969309463,1.0,,1.0
Establishment Of Protein Localization To Organelle (GO:0072594),80,0,34,12722,2.2699612926456028,1.0,,1.0
Establishment Of Protein Localization To Peroxisome (GO:0072663),6,0,34,12722,28.277591973244146,1.0,,1.0
Establishment Of Protein Localization To Plasma Membrane (GO:0061951),34,0,34,12722,5.315900021003991,1.0,,1.0
Establishment Of Protein Localization To Telomere (GO:0070200),5,0,34,12722,33.42160737812912,1.0,,1.0
Establishment Of Protein Localization To Vacuole (GO:0072666),27,0,34,12722,6.672727272727273,1.0,,1.0
Establishment Of Skin Barrier (GO:0061436),18,0,34,12722,9.925969447708578,1.0,,1.0
Establishment Of Spindle Localization (GO:0051293),14,0,34,12722,12.66816591704148,1.0,,1.0
Establishment Of Spindle Orientation (GO:0051294),35,0,34,12722,5.165748111859563,1.0,,1.0
Establishment Of Vesicle Localization (GO:0051650),17,0,34,12722,10.49399585921325,1.0,,1.0
Estrogen Biosynthetic Process (GO:0006703),7,0,34,12722,24.505314009661834,1.0,,1.0
Ethanol Catabolic Process (GO:0006068),5,0,34,12722,33.42160737812912,1.0,,1.0
Ether Lipid Biosynthetic Process (GO:0008611),8,0,34,12722,21.62063086104007,1.0,,1.0
Ether Lipid Metabolic Process (GO:0046485),11,0,34,12722,15.976685570258349,1.0,,1.0
Excitatory Chemical Synaptic Transmission (GO:0098976),6,0,34,12722,28.277591973244146,1.0,,1.0
Excitatory Postsynaptic Potential (GO:0060079),16,0,34,12722,11.130873956960913,1.0,,1.0
Excitatory Synapse Assembly (GO:1904861),9,0,34,12722,19.34324942791762,1.0,,1.0
Exit From Mitosis (GO:0010458),10,0,34,12722,17.499654934437544,1.0,,1.0
Exocrine System Development (GO:0035272),5,0,34,12722,33.42160737812912,1.0,,1.0
Exonucleolytic Catabolism Of Deadenylated mRNA (GO:0043928),12,0,34,12722,14.697391304347827,1.0,,1.0
Exonucleolytic Trimming Involved In rRNA Processing (GO:0000459),8,0,34,12722,21.62063086104007,1.0,,1.0
"Exonucleolytic Trimming To Generate Mature 3'-End Of 5.8S rRNA From Tricistronic rRNA Transcript (SSU-rRNA, 5.8S rRNA, LSU-rRNA) (GO:0000467)",8,0,34,12722,21.62063086104007,1.0,,1.0
Extracellular Matrix Assembly (GO:0085029),17,0,34,12722,10.49399585921325,1.0,,1.0
Extracellular Matrix Disassembly (GO:0022617),42,0,34,12722,4.312531969309463,1.0,,1.0
Extracellular Transport (GO:0006858),11,0,34,12722,15.976685570258349,1.0,,1.0
Extrinsic Apoptotic Signaling Pathway In Absence Of Ligand (GO:0097192),16,0,34,12722,11.130873956960913,1.0,,1.0
Extrinsic Apoptotic Signaling Pathway Via Death Domain Receptors (GO:0008625),28,0,34,12722,6.4380879735570815,1.0,,1.0
Eye Development (GO:0001654),53,0,34,12722,3.422863334687796,1.0,,1.0
Eye Morphogenesis (GO:0048592),18,0,34,12722,9.925969447708578,1.0,,1.0
Eye Photoreceptor Cell Development (GO:0042462),12,0,34,12722,14.697391304347827,1.0,,1.0
Eye Photoreceptor Cell Differentiation (GO:0001754),12,0,34,12722,14.697391304347827,1.0,,1.0
Facultative Heterochromatin Formation (GO:0140718),13,0,34,12722,13.60762211486849,1.0,,1.0
Fat Cell Differentiation (GO:0045444),59,0,34,12722,3.0762391913287055,1.0,,1.0
Fat-Soluble Vitamin Catabolic Process (GO:0042363),7,0,34,12722,24.505314009661834,1.0,,1.0
Fat-Soluble Vitamin Metabolic Process (GO:0006775),24,0,34,12722,7.491570541259982,1.0,,1.0
Fatty Acid Alpha-Oxidation (GO:0001561),6,0,34,12722,28.277591973244146,1.0,,1.0
Fatty Acid Beta-Oxidation Using acyl-CoA Oxidase (GO:0033540),11,0,34,12722,15.976685570258349,1.0,,1.0
Fatty Acid Derivative Biosynthetic Process (GO:1901570),21,0,34,12722,8.538928210313449,1.0,,1.0
Fatty Acid Elongation (GO:0030497),11,0,34,12722,15.976685570258349,1.0,,1.0
"Fatty Acid Elongation, Monounsaturated Fatty Acid (GO:0034625)",6,0,34,12722,28.277591973244146,1.0,,1.0
"Fatty Acid Elongation, Polyunsaturated Fatty Acid (GO:0034626)",6,0,34,12722,28.277591973244146,1.0,,1.0
"Fatty Acid Elongation, Saturated Fatty Acid (GO:0019367)",6,0,34,12722,28.277591973244146,1.0,,1.0
"Fatty Acid Elongation, Unsaturated Fatty Acid (GO:0019368)",6,0,34,12722,28.277591973244146,1.0,,1.0
Fatty Acid Homeostasis (GO:0055089),10,0,34,12722,17.499654934437544,1.0,,1.0
Fatty Acid Transport (GO:0015908),34,0,34,12722,5.315900021003991,1.0,,1.0
Fc Receptor Mediated Stimulatory Signaling Pathway (GO:0002431),22,0,34,12722,8.158776167471819,1.0,,1.0
Fc Receptor Signaling Pathway (GO:0038093),25,0,34,12722,7.19721511793123,1.0,,1.0
Fc-epsilon Receptor Signaling Pathway (GO:0038095),22,0,34,12722,8.158776167471819,1.0,,1.0
Fc-gamma Receptor Signaling Pathway (GO:0038094),23,0,34,12722,7.8109774899784155,1.0,,1.0
Fc-gamma Receptor Signaling Pathway Involved In Phagocytosis (GO:0038096),20,0,34,12722,8.956168257334747,1.0,,1.0
Female Gamete Generation (GO:0007292),25,0,34,12722,7.19721511793123,1.0,,1.0
Female Gonad Development (GO:0008585),5,0,34,12722,33.42160737812912,1.0,,1.0
Fibrinolysis (GO:0042730),12,0,34,12722,14.697391304347827,1.0,,1.0
Fibroblast Growth Factor Receptor Signaling Pathway (GO:0008543),37,0,34,12722,4.889468599033816,1.0,,1.0
Filopodium Assembly (GO:0046847),16,0,34,12722,11.130873956960913,1.0,,1.0
Fluid Transport (GO:0042044),14,0,34,12722,12.66816591704148,1.0,,1.0
Foam Cell Differentiation (GO:0090077),7,0,34,12722,24.505314009661834,1.0,,1.0
Focal Adhesion Assembly (GO:0048041),20,0,34,12722,8.956168257334747,1.0,,1.0
Folic Acid Metabolic Process (GO:0046655),11,0,34,12722,15.976685570258349,1.0,,1.0
Folic Acid Transport (GO:0015884),7,0,34,12722,24.505314009661834,1.0,,1.0
Folic Acid-Containing Compound Metabolic Process (GO:0006760),14,0,34,12722,12.66816591704148,1.0,,1.0
Forebrain Neuron Development (GO:0021884),5,0,34,12722,33.42160737812912,1.0,,1.0
Forebrain Neuron Differentiation (GO:0021879),5,0,34,12722,33.42160737812912,1.0,,1.0
Forelimb Morphogenesis (GO:0035136),9,0,34,12722,19.34324942791762,1.0,,1.0
Formation Of Cytoplasmic Translation Initiation Complex (GO:0001732),14,0,34,12722,12.66816591704148,1.0,,1.0
Formation Of Extrachromosomal Circular DNA (GO:0001325),9,0,34,12722,19.34324942791762,1.0,,1.0
Formation Of Translation Preinitiation Complex (GO:0001731),6,0,34,12722,28.277591973244146,1.0,,1.0
Free Ubiquitin Chain Polymerization (GO:0010994),6,0,34,12722,28.277591973244146,1.0,,1.0
"Fructose 1,6-Bisphosphate Metabolic Process (GO:0030388)",8,0,34,12722,21.62063086104007,1.0,,1.0
Fructose 6-Phosphate Metabolic Process (GO:0006002),9,0,34,12722,19.34324942791762,1.0,,1.0
Fructose Metabolic Process (GO:0006000),7,0,34,12722,24.505314009661834,1.0,,1.0
Fructose Transmembrane Transport (GO:0015755),5,0,34,12722,33.42160737812912,1.0,,1.0
Fucose Catabolic Process (GO:0019317),8,0,34,12722,21.62063086104007,1.0,,1.0
G Protein-Coupled Acetylcholine Receptor Signaling Pathway (GO:0007213),15,0,34,12722,11.84992987377279,1.0,,1.0
G Protein-Coupled Glutamate Receptor Signaling Pathway (GO:0007216),11,0,34,12722,15.976685570258349,1.0,,1.0
G Protein-Coupled Receptor Internalization (GO:0002031),5,0,34,12722,33.42160737812912,1.0,,1.0
"G Protein-Coupled Receptor Signaling Pathway, Coupled To Cyclic Nucleotide Second Messenger (GO:0007187)",41,0,34,12722,4.416797625283744,1.0,,1.0
G Protein-Coupled Serotonin Receptor Signaling Pathway (GO:0098664),7,0,34,12722,24.505314009661834,1.0,,1.0
G-quadruplex DNA Unwinding (GO:0044806),6,0,34,12722,28.277591973244146,1.0,,1.0
G1/S Transition Of Mitotic Cell Cycle (GO:0000082),61,0,34,12722,2.97572758336279,1.0,,1.0
G2/M Transition Of Mitotic Cell Cycle (GO:0000086),38,0,34,12722,4.762092979484284,1.0,,1.0
GMP Biosynthetic Process (GO:0006177),6,0,34,12722,28.277591973244146,1.0,,1.0
GMP Metabolic Process (GO:0046037),8,0,34,12722,21.62063086104007,1.0,,1.0
GPI Anchor Biosynthetic Process (GO:0006506),28,0,34,12722,6.4380879735570815,1.0,,1.0
GPI Anchor Metabolic Process (GO:0006505),25,0,34,12722,7.19721511793123,1.0,,1.0
GTP Metabolic Process (GO:0046039),13,0,34,12722,13.60762211486849,1.0,,1.0
Galactolipid Biosynthetic Process (GO:0019375),5,0,34,12722,33.42160737812912,1.0,,1.0
Galactose Metabolic Process (GO:0006012),6,0,34,12722,28.277591973244146,1.0,,1.0
Galactosylceramide Biosynthetic Process (GO:0006682),5,0,34,12722,33.42160737812912,1.0,,1.0
Galactosylceramide Metabolic Process (GO:0006681),7,0,34,12722,24.505314009661834,1.0,,1.0
Gamma-Aminobutyric Acid Metabolic Process (GO:0009448),5,0,34,12722,33.42160737812912,1.0,,1.0
Gamma-Aminobutyric Acid Signaling Pathway (GO:0007214),17,0,34,12722,10.49399585921325,1.0,,1.0
Gamma-Aminobutyric Acid Transport (GO:0015812),6,0,34,12722,28.277591973244146,1.0,,1.0
Gamma-Delta T Cell Activation (GO:0046629),9,0,34,12722,19.34324942791762,1.0,,1.0
Ganglion Development (GO:0061548),11,0,34,12722,15.976685570258349,1.0,,1.0
Ganglioside Biosynthetic Process (GO:0001574),13,0,34,12722,13.60762211486849,1.0,,1.0
Ganglioside Catabolic Process (GO:0006689),6,0,34,12722,28.277591973244146,1.0,,1.0
Ganglioside Metabolic Process (GO:0001573),18,0,34,12722,9.925969447708578,1.0,,1.0
Gap Junction Assembly (GO:0016264),6,0,34,12722,28.277591973244146,1.0,,1.0
Gas Transport (GO:0015669),12,0,34,12722,14.697391304347827,1.0,,1.0
Gastrulation (GO:0007369),18,0,34,12722,9.925969447708578,1.0,,1.0
Gastrulation With Mouth Forming Second (GO:0001702),5,0,34,12722,33.42160737812912,1.0,,1.0
Genitalia Development (GO:0048806),12,0,34,12722,14.697391304347827,1.0,,1.0
Gland Development (GO:0048732),67,0,34,12722,2.709930220075148,1.0,,1.0
Gland Morphogenesis (GO:0022612),6,0,34,12722,28.277591973244146,1.0,,1.0
Glandular Epithelial Cell Development (GO:0002068),6,0,34,12722,28.277591973244146,1.0,,1.0
Glial Cell Development (GO:0021782),23,0,34,12722,7.8109774899784155,1.0,,1.0
Glial Cell Differentiation (GO:0010001),34,0,34,12722,5.315900021003991,1.0,,1.0
Gliogenesis (GO:0042063),24,0,34,12722,7.491570541259982,1.0,,1.0
Glomerular Epithelial Cell Development (GO:0072310),6,0,34,12722,28.277591973244146,1.0,,1.0
Glomerular Epithelial Cell Differentiation (GO:0072311),5,0,34,12722,33.42160737812912,1.0,,1.0
Glomerular Filtration (GO:0003094),8,0,34,12722,21.62063086104007,1.0,,1.0
Glomerulus Vasculature Development (GO:0072012),5,0,34,12722,33.42160737812912,1.0,,1.0
Glucan Biosynthetic Process (GO:0009250),7,0,34,12722,24.505314009661834,1.0,,1.0
Glucan Catabolic Process (GO:0009251),6,0,34,12722,28.277591973244146,1.0,,1.0
Glucan Metabolic Process (GO:0044042),8,0,34,12722,21.62063086104007,1.0,,1.0
Glucocorticoid Metabolic Process (GO:0008211),5,0,34,12722,33.42160737812912,1.0,,1.0
Glucosamine-Containing Compound Catabolic Process (GO:1901072),8,0,34,12722,21.62063086104007,1.0,,1.0
Glucosamine-Containing Compound Metabolic Process (GO:1901071),13,0,34,12722,13.60762211486849,1.0,,1.0
Glucose 6-Phosphate Metabolic Process (GO:0051156),17,0,34,12722,10.49399585921325,1.0,,1.0
Glucose Homeostasis (GO:0042593),79,0,34,12722,2.2986965636678516,1.0,,1.0
Glucose Import (GO:0046323),9,0,34,12722,19.34324942791762,1.0,,1.0
Glucose Transmembrane Transport (GO:1904659),19,0,34,12722,9.41620215533259,1.0,,1.0
Glucuronate Metabolic Process (GO:0019585),6,0,34,12722,28.277591973244146,1.0,,1.0
Glutamate Catabolic Process (GO:0006538),5,0,34,12722,33.42160737812912,1.0,,1.0
Glutamate Metabolic Process (GO:0006536),17,0,34,12722,10.49399585921325,1.0,,1.0
Glutamate Receptor Signaling Pathway (GO:0007215),33,0,34,12722,5.475016223231668,1.0,,1.0
Glutamine Family Amino Acid Biosynthetic Process (GO:0009084),10,0,34,12722,17.499654934437544,1.0,,1.0
Glutamine Family Amino Acid Catabolic Process (GO:0009065),12,0,34,12722,14.697391304347827,1.0,,1.0
Glutamine Family Amino Acid Metabolic Process (GO:0009064),27,0,34,12722,6.672727272727273,1.0,,1.0
Glutamine Metabolic Process (GO:0006541),12,0,34,12722,14.697391304347827,1.0,,1.0
Glutamine Transport (GO:0006868),8,0,34,12722,21.62063086104007,1.0,,1.0
Glutathione Biosynthetic Process (GO:0006750),6,0,34,12722,28.277591973244146,1.0,,1.0
Glutathione Catabolic Process (GO:0006751),5,0,34,12722,33.42160737812912,1.0,,1.0
Glycerol Metabolic Process (GO:0006071),10,0,34,12722,17.499654934437544,1.0,,1.0
Glycerol-3-Phosphate Metabolic Process (GO:0006072),5,0,34,12722,33.42160737812912,1.0,,1.0
Glycerolipid Catabolic Process (GO:0046503),14,0,34,12722,12.66816591704148,1.0,,1.0
Glycerolipid Metabolic Process (GO:0046486),9,0,34,12722,19.34324942791762,1.0,,1.0
Glycerophospholipid Biosynthetic Process (GO:0046474),103,0,34,12722,1.7623048379192046,1.0,,1.0
Glycerophospholipid Catabolic Process (GO:0046475),19,0,34,12722,9.41620215533259,1.0,,1.0
Glycerophospholipid Metabolic Process (GO:0006650),55,0,34,12722,3.298994646820734,1.0,,1.0
Glycine Metabolic Process (GO:0006544),6,0,34,12722,28.277591973244146,1.0,,1.0
Glycine Transport (GO:0015816),7,0,34,12722,24.505314009661834,1.0,,1.0
Glycogen Biosynthetic Process (GO:0005978),7,0,34,12722,24.505314009661834,1.0,,1.0
Glycogen Catabolic Process (GO:0005980),6,0,34,12722,28.277591973244146,1.0,,1.0
Glycogen Metabolic Process (GO:0005977),16,0,34,12722,11.130873956960913,1.0,,1.0
Glycolipid Biosynthetic Process (GO:0009247),40,0,34,12722,4.526212202540705,1.0,,1.0
Glycolipid Metabolic Process (GO:0006664),31,0,34,12722,5.823556475730388,1.0,,1.0
Glycolipid Transport (GO:0046836),5,0,34,12722,33.42160737812912,1.0,,1.0
Glycoprotein Biosynthetic Process (GO:0009101),75,0,34,12722,2.421249640080622,1.0,,1.0
Glycoprotein Catabolic Process (GO:0006516),14,0,34,12722,12.66816591704148,1.0,,1.0
Glycoprotein Metabolic Process (GO:0009100),49,0,34,12722,3.700629483238179,1.0,,1.0
Glycosaminoglycan Biosynthetic Process (GO:0006024),58,0,34,12722,3.129072216028738,1.0,,1.0
Glycosaminoglycan Catabolic Process (GO:0006027),13,0,34,12722,13.60762211486849,1.0,,1.0
Glycosaminoglycan Metabolic Process (GO:0030203),28,0,34,12722,6.4380879735570815,1.0,,1.0
Glycoside Catabolic Process (GO:0016139),7,0,34,12722,24.505314009661834,1.0,,1.0
Glycoside Metabolic Process (GO:0016137),5,0,34,12722,33.42160737812912,1.0,,1.0
Glycosphingolipid Biosynthetic Process (GO:0006688),18,0,34,12722,9.925969447708578,1.0,,1.0
Glycosphingolipid Catabolic Process (GO:0046479),9,0,34,12722,19.34324942791762,1.0,,1.0
Glycosphingolipid Metabolic Process (GO:0006687),31,0,34,12722,5.823556475730388,1.0,,1.0
Glycosyl Compound Catabolic Process (GO:1901658),5,0,34,12722,33.42160737812912,1.0,,1.0
Glycosylceramide Biosynthetic Process (GO:0046476),6,0,34,12722,28.277591973244146,1.0,,1.0
Glycosylceramide Metabolic Process (GO:0006677),5,0,34,12722,33.42160737812912,1.0,,1.0
Glyoxylate Metabolic Process (GO:0046487),5,0,34,12722,33.42160737812912,1.0,,1.0
Golgi Disassembly (GO:0090166),5,0,34,12722,33.42160737812912,1.0,,1.0
Golgi Inheritance (GO:0048313),9,0,34,12722,19.34324942791762,1.0,,1.0
Golgi Lumen Acidification (GO:0061795),7,0,34,12722,24.505314009661834,1.0,,1.0
Golgi Organization (GO:0007030),111,0,34,12722,1.634821602651589,1.0,,1.0
Golgi Ribbon Formation (GO:0090161),7,0,34,12722,24.505314009661834,1.0,,1.0
Golgi To Endosome Transport (GO:0006895),14,0,34,12722,12.66816591704148,1.0,,1.0
Golgi To Lysosome Transport (GO:0090160),11,0,34,12722,15.976685570258349,1.0,,1.0
Golgi To Plasma Membrane Protein Transport (GO:0043001),26,0,34,12722,6.925075198249932,1.0,,1.0
Golgi To Plasma Membrane Transport (GO:0006893),44,0,34,12722,4.118058948054063,1.0,,1.0
Golgi To Vacuole Transport (GO:0006896),17,0,34,12722,10.49399585921325,1.0,,1.0
Golgi Transport Vesicle Coating (GO:0048200),5,0,34,12722,33.42160737812912,1.0,,1.0
Golgi Vesicle Transport (GO:0048193),182,0,34,12722,0.993170538018662,1.0,,1.0
Granulocyte Activation (GO:0036230),11,0,34,12722,15.976685570258349,1.0,,1.0
Granulocyte Chemotaxis (GO:0071621),65,0,34,12722,2.7931187078216615,1.0,,1.0
Granulocyte Differentiation (GO:0030851),12,0,34,12722,14.697391304347827,1.0,,1.0
Granulocyte Migration (GO:0097530),8,0,34,12722,21.62063086104007,1.0,,1.0
Growth Hormone Receptor Signaling Pathway (GO:0060396),16,0,34,12722,11.130873956960913,1.0,,1.0
Growth Hormone Receptor Signaling Pathway Via JAK-STAT (GO:0060397),7,0,34,12722,24.505314009661834,1.0,,1.0
Hair Cell Differentiation (GO:0035315),7,0,34,12722,24.505314009661834,1.0,,1.0
Heart Contraction (GO:0060047),36,0,34,12722,5.023823704586063,1.0,,1.0
Heart Development (GO:0007507),155,0,34,12722,1.1681345822265716,1.0,,1.0
Heart Morphogenesis (GO:0003007),54,0,34,12722,3.359792580773833,1.0,,1.0
Heart Process (GO:0003015),15,0,34,12722,11.84992987377279,1.0,,1.0
Heart Trabecula Formation (GO:0060347),5,0,34,12722,33.42160737812912,1.0,,1.0
Heart Trabecula Morphogenesis (GO:0061384),17,0,34,12722,10.49399585921325,1.0,,1.0
Hematopoietic Stem Cell Differentiation (GO:0060218),9,0,34,12722,19.34324942791762,1.0,,1.0
Hematopoietic Stem Cell Proliferation (GO:0071425),9,0,34,12722,19.34324942791762,1.0,,1.0
Heme Catabolic Process (GO:0042167),9,0,34,12722,19.34324942791762,1.0,,1.0
Hemostasis (GO:0007599),5,0,34,12722,33.42160737812912,1.0,,1.0
Heparan Sulfate Proteoglycan Biosynthetic Process (GO:0015012),23,0,34,12722,7.8109774899784155,1.0,,1.0
"Heparan Sulfate Proteoglycan Biosynthetic Process, Enzymatic Modification (GO:0015015)",10,0,34,12722,17.499654934437544,1.0,,1.0
"Heparan Sulfate Proteoglycan Biosynthetic Process, Polysaccharide Chain Biosynthetic Process (GO:0015014)",7,0,34,12722,24.505314009661834,1.0,,1.0
Heparan Sulfate Proteoglycan Catabolic Process (GO:0030200),5,0,34,12722,33.42160737812912,1.0,,1.0
Heparan Sulfate Proteoglycan Metabolic Process (GO:0030201),13,0,34,12722,13.60762211486849,1.0,,1.0
Hepaticobiliary System Development (GO:0061008),19,0,34,12722,9.41620215533259,1.0,,1.0
Hepatocyte Differentiation (GO:0070365),5,0,34,12722,33.42160737812912,1.0,,1.0
Hepatocyte Growth Factor Receptor Signaling Pathway (GO:0048012),6,0,34,12722,28.277591973244146,1.0,,1.0
Hepoxilin Biosynthetic Process (GO:0051122),7,0,34,12722,24.505314009661834,1.0,,1.0
Hepoxilin Metabolic Process (GO:0051121),7,0,34,12722,24.505314009661834,1.0,,1.0
Heterochromatin Formation (GO:0031507),29,0,34,12722,6.219356423483173,1.0,,1.0
Heterochromatin Organization (GO:0070828),37,0,34,12722,4.889468599033816,1.0,,1.0
Heterocycle Biosynthetic Process (GO:0018130),8,0,34,12722,21.62063086104007,1.0,,1.0
Heterophilic Cell-Cell Adhesion Via Plasma Membrane Cell Adhesion Molecules (GO:0007157),44,0,34,12722,4.118058948054063,1.0,,1.0
Heterotypic Cell-Cell Adhesion (GO:0034113),27,0,34,12722,6.672727272727273,1.0,,1.0
Hexose Catabolic Process (GO:0019320),5,0,34,12722,33.42160737812912,1.0,,1.0
Hexose Import Across Plasma Membrane (GO:0140271),5,0,34,12722,33.42160737812912,1.0,,1.0
Hexose Metabolic Process (GO:0019318),45,0,34,12722,4.027233635929288,1.0,,1.0
Hexose Transmembrane Transport (GO:0008645),19,0,34,12722,9.41620215533259,1.0,,1.0
High-Density Lipoprotein Particle Assembly (GO:0034380),9,0,34,12722,19.34324942791762,1.0,,1.0
High-Density Lipoprotein Particle Remodeling (GO:0034375),14,0,34,12722,12.66816591704148,1.0,,1.0
Hindlimb Morphogenesis (GO:0035137),6,0,34,12722,28.277591973244146,1.0,,1.0
Hippo Signaling (GO:0035329),17,0,34,12722,10.49399585921325,1.0,,1.0
His-Purkinje System Development (GO:0003164),5,0,34,12722,33.42160737812912,1.0,,1.0
Histidine Catabolic Process (GO:0006548),6,0,34,12722,28.277591973244146,1.0,,1.0
Histidine Metabolic Process (GO:0006547),6,0,34,12722,28.277591973244146,1.0,,1.0
Histone Acetylation (GO:0016573),57,0,34,12722,3.1837429111531192,1.0,,1.0
Histone Arginine Methylation (GO:0034969),5,0,34,12722,33.42160737812912,1.0,,1.0
Histone Deacetylation (GO:0016575),34,0,34,12722,5.315900021003991,1.0,,1.0
Histone Deubiquitination (GO:0016578),32,0,34,12722,5.643924191750279,1.0,,1.0
Histone H2A Acetylation (GO:0043968),20,0,34,12722,8.956168257334747,1.0,,1.0
Histone H2A K63-linked Deubiquitination (GO:0070537),6,0,34,12722,28.277591973244146,1.0,,1.0
Histone H2A Monoubiquitination (GO:0035518),13,0,34,12722,13.60762211486849,1.0,,1.0
Histone H2A Ubiquitination (GO:0033522),11,0,34,12722,15.976685570258349,1.0,,1.0
Histone H2A-K119 Monoubiquitination (GO:0036353),6,0,34,12722,28.277591973244146,1.0,,1.0
Histone H3 Acetylation (GO:0043966),34,0,34,12722,5.315900021003991,1.0,,1.0
Histone H3-K14 Acetylation (GO:0044154),9,0,34,12722,19.34324942791762,1.0,,1.0
Histone H3-K4 Methylation (GO:0051568),25,0,34,12722,7.19721511793123,1.0,,1.0
Histone H4 Acetylation (GO:0043967),38,0,34,12722,4.762092979484284,1.0,,1.0
Histone H4-K12 Acetylation (GO:0043983),6,0,34,12722,28.277591973244146,1.0,,1.0
Histone H4-K16 Acetylation (GO:0043984),11,0,34,12722,15.976685570258349,1.0,,1.0
Histone H4-K5 Acetylation (GO:0043981),15,0,34,12722,11.84992987377279,1.0,,1.0
Histone H4-K8 Acetylation (GO:0043982),15,0,34,12722,11.84992987377279,1.0,,1.0
Histone Lysine Demethylation (GO:0070076),7,0,34,12722,24.505314009661834,1.0,,1.0
Histone Lysine Methylation (GO:0034968),31,0,34,12722,5.823556475730388,1.0,,1.0
Histone Methylation (GO:0016571),9,0,34,12722,19.34324942791762,1.0,,1.0
Histone Modification (GO:0016570),76,0,34,12722,2.3894098702282847,1.0,,1.0
Histone Monoubiquitination (GO:0010390),12,0,34,12722,14.697391304347827,1.0,,1.0
Histone Ubiquitination (GO:0016574),9,0,34,12722,19.34324942791762,1.0,,1.0
Histone mRNA Catabolic Process (GO:0071044),10,0,34,12722,17.499654934437544,1.0,,1.0
Histone mRNA Metabolic Process (GO:0008334),19,0,34,12722,9.41620215533259,1.0,,1.0
Homocysteine Metabolic Process (GO:0050667),8,0,34,12722,21.62063086104007,1.0,,1.0
Homologous Chromosome Pairing At Meiosis (GO:0007129),23,0,34,12722,7.8109774899784155,1.0,,1.0
Homologous Chromosome Segregation (GO:0045143),16,0,34,12722,11.130873956960913,1.0,,1.0
Homologous Recombination (GO:0035825),8,0,34,12722,21.62063086104007,1.0,,1.0
Homophilic Cell Adhesion Via Plasma Membrane Adhesion Molecules (GO:0007156),58,0,34,12722,3.129072216028738,1.0,,1.0
Homotypic Cell-Cell Adhesion (GO:0034109),45,0,34,12722,4.027233635929288,1.0,,1.0
Hormone Transport (GO:0009914),8,0,34,12722,21.62063086104007,1.0,,1.0
Host-Mediated Regulation Of Intestinal Microbiota Composition (GO:0048874),5,0,34,12722,33.42160737812912,1.0,,1.0
Hyaluronan Biosynthetic Process (GO:0030213),6,0,34,12722,28.277591973244146,1.0,,1.0
Hyaluronan Catabolic Process (GO:0030214),7,0,34,12722,24.505314009661834,1.0,,1.0
Hyaluronan Metabolic Process (GO:0030212),13,0,34,12722,13.60762211486849,1.0,,1.0
Hydrogen Peroxide Biosynthetic Process (GO:0050665),5,0,34,12722,33.42160737812912,1.0,,1.0
Hydrogen Peroxide Catabolic Process (GO:0042744),16,0,34,12722,11.130873956960913,1.0,,1.0
Hyperosmotic Response (GO:0006972),7,0,34,12722,24.505314009661834,1.0,,1.0
Hypotonic Response (GO:0006971),6,0,34,12722,28.277591973244146,1.0,,1.0
I-kappaB Phosphorylation (GO:0007252),9,0,34,12722,19.34324942791762,1.0,,1.0
I-kappaB kinase/NF-kappaB Signaling (GO:0007249),44,0,34,12722,4.118058948054063,1.0,,1.0
IMP Biosynthetic Process (GO:0006188),7,0,34,12722,24.505314009661834,1.0,,1.0
IMP Metabolic Process (GO:0046040),8,0,34,12722,21.62063086104007,1.0,,1.0
IRE1-mediated Unfolded Protein Response (GO:0036498),6,0,34,12722,28.277591973244146,1.0,,1.0
Icosanoid Biosynthetic Process (GO:0046456),14,0,34,12722,12.66816591704148,1.0,,1.0
Icosanoid Metabolic Process (GO:0006690),47,0,34,12722,3.8570556826849733,1.0,,1.0
Icosanoid Secretion (GO:0032309),10,0,34,12722,17.499654934437544,1.0,,1.0
Icosanoid Transport (GO:0071715),13,0,34,12722,13.60762211486849,1.0,,1.0
Imitative Learning (GO:0098596),5,0,34,12722,33.42160737812912,1.0,,1.0
Immune Response-Activating Cell Surface Receptor Signaling Pathway (GO:0002429),20,0,34,12722,8.956168257334747,1.0,,1.0
Immune Response-Inhibiting Cell Surface Receptor Signaling Pathway (GO:0002767),7,0,34,12722,24.505314009661834,1.0,,1.0
Immune Response-Regulating Cell Surface Receptor Signaling Pathway (GO:0002768),13,0,34,12722,13.60762211486849,1.0,,1.0
Immunoglobulin Mediated Immune Response (GO:0016064),25,0,34,12722,7.19721511793123,1.0,,1.0
Immunoglobulin Production Involved In Immunoglobulin-Mediated Immune Response (GO:0002381),14,0,34,12722,12.66816591704148,1.0,,1.0
Immunological Synapse Formation (GO:0001771),7,0,34,12722,24.505314009661834,1.0,,1.0
Import Into Nucleus (GO:0051170),69,0,34,12722,2.6315295589615264,1.0,,1.0
Induction Of Bacterial Agglutination (GO:0043152),5,0,34,12722,33.42160737812912,1.0,,1.0
Induction Of Positive Chemotaxis (GO:0050930),9,0,34,12722,19.34324942791762,1.0,,1.0
Inflammatory Response (GO:0006954),218,0,34,12722,0.8271482107916294,1.0,,1.0
Inflammatory Response To Wounding (GO:0090594),5,0,34,12722,33.42160737812912,1.0,,1.0
Inhibition Of Cysteine-Type Endopeptidase Activity (GO:0097340),7,0,34,12722,24.505314009661834,1.0,,1.0
Inhibitory Synapse Assembly (GO:1904862),12,0,34,12722,14.697391304347827,1.0,,1.0
Innate Immune Response Activating Cell Surface Receptor Signaling Pathway (GO:0002220),28,0,34,12722,6.4380879735570815,1.0,,1.0
Innate Immune Response In Mucosa (GO:0002227),12,0,34,12722,14.697391304347827,1.0,,1.0
Innate Immune Response-Activating Signaling Pathway (GO:0002758),13,0,34,12722,13.60762211486849,1.0,,1.0
Inner Dynein Arm Assembly (GO:0036159),9,0,34,12722,19.34324942791762,1.0,,1.0
Inner Ear Auditory Receptor Cell Differentiation (GO:0042491),5,0,34,12722,33.42160737812912,1.0,,1.0
Inner Ear Morphogenesis (GO:0042472),23,0,34,12722,7.8109774899784155,1.0,,1.0
Inner Ear Receptor Cell Development (GO:0060119),7,0,34,12722,24.505314009661834,1.0,,1.0
Inner Ear Receptor Cell Differentiation (GO:0060113),5,0,34,12722,33.42160737812912,1.0,,1.0
Inner Ear Receptor Cell Stereocilium Organization (GO:0060122),8,0,34,12722,21.62063086104007,1.0,,1.0
Inner Mitochondrial Membrane Organization (GO:0007007),28,0,34,12722,6.4380879735570815,1.0,,1.0
Inorganic Anion Transmembrane Transport (GO:0098661),59,0,34,12722,3.0762391913287055,1.0,,1.0
Inorganic Anion Transport (GO:0015698),52,0,34,12722,3.488336783988958,1.0,,1.0
Inorganic Cation Import Across Plasma Membrane (GO:0098659),89,0,34,12722,2.040239656707959,1.0,,1.0
Inorganic Cation Transmembrane Transport (GO:0098662),248,0,34,12722,0.7255416557314904,1.0,,1.0
Inositol Lipid-Mediated Signaling (GO:0048017),33,0,34,12722,5.475016223231668,1.0,,1.0
Inositol Metabolic Process (GO:0006020),6,0,34,12722,28.277591973244146,1.0,,1.0
Inositol Phosphate Biosynthetic Process (GO:0032958),10,0,34,12722,17.499654934437544,1.0,,1.0
Inositol Phosphate Metabolic Process (GO:0043647),22,0,34,12722,8.158776167471819,1.0,,1.0
Inositol Phosphate-Mediated Signaling (GO:0048016),19,0,34,12722,9.41620215533259,1.0,,1.0
Insulin Metabolic Process (GO:1901142),8,0,34,12722,21.62063086104007,1.0,,1.0
Insulin Processing (GO:0030070),5,0,34,12722,33.42160737812912,1.0,,1.0
Insulin Receptor Signaling Pathway (GO:0008286),46,0,34,12722,3.940314788842138,1.0,,1.0
Insulin Secretion (GO:0030073),16,0,34,12722,11.130873956960913,1.0,,1.0
Insulin Secretion Involved In Cellular Response To Glucose Stimulus (GO:0035773),5,0,34,12722,33.42160737812912,1.0,,1.0
Insulin-Like Growth Factor Receptor Signaling Pathway (GO:0048009),10,0,34,12722,17.499654934437544,1.0,,1.0
Integrated Stress Response Signaling (GO:0140467),27,0,34,12722,6.672727272727273,1.0,,1.0
Integrin Activation (GO:0033622),8,0,34,12722,21.62063086104007,1.0,,1.0
Integrin-Mediated Signaling Pathway (GO:0007229),79,0,34,12722,2.2986965636678516,1.0,,1.0
Interferon-Mediated Signaling Pathway (GO:0140888),42,0,34,12722,4.312531969309463,1.0,,1.0
Interleukin-1-Mediated Signaling Pathway (GO:0070498),19,0,34,12722,9.41620215533259,1.0,,1.0
Interleukin-12-Mediated Signaling Pathway (GO:0035722),8,0,34,12722,21.62063086104007,1.0,,1.0
Interleukin-15-Mediated Signaling Pathway (GO:0035723),10,0,34,12722,17.499654934437544,1.0,,1.0
Interleukin-2-Mediated Signaling Pathway (GO:0038110),7,0,34,12722,24.505314009661834,1.0,,1.0
Interleukin-27-Mediated Signaling Pathway (GO:0070106),5,0,34,12722,33.42160737812912,1.0,,1.0
Interleukin-3-Mediated Signaling Pathway (GO:0038156),6,0,34,12722,28.277591973244146,1.0,,1.0
Interleukin-4-Mediated Signaling Pathway (GO:0035771),5,0,34,12722,33.42160737812912,1.0,,1.0
Interleukin-5-Mediated Signaling Pathway (GO:0038043),5,0,34,12722,33.42160737812912,1.0,,1.0
Interleukin-6-Mediated Signaling Pathway (GO:0070102),13,0,34,12722,13.60762211486849,1.0,,1.0
Interleukin-9-Mediated Signaling Pathway (GO:0038113),6,0,34,12722,28.277591973244146,1.0,,1.0
Intermediate Filament Bundle Assembly (GO:0045110),7,0,34,12722,24.505314009661834,1.0,,1.0
Intermediate Filament Organization (GO:0045109),55,0,34,12722,3.298994646820734,1.0,,1.0
Intermembrane Lipid Transfer (GO:0120009),5,0,34,12722,33.42160737812912,1.0,,1.0
Internal Peptidyl-Lysine Acetylation (GO:0018393),36,0,34,12722,5.023823704586063,1.0,,1.0
Internal Protein Amino Acid Acetylation (GO:0006475),8,0,34,12722,21.62063086104007,1.0,,1.0
Interstrand Cross-Link Repair (GO:0036297),33,0,34,12722,5.475016223231668,1.0,,1.0
Intestinal Absorption (GO:0050892),11,0,34,12722,15.976685570258349,1.0,,1.0
Intestinal Cholesterol Absorption (GO:0030299),9,0,34,12722,19.34324942791762,1.0,,1.0
Intestinal Epithelial Cell Differentiation (GO:0060575),8,0,34,12722,21.62063086104007,1.0,,1.0
Intestinal Lipid Absorption (GO:0098856),11,0,34,12722,15.976685570258349,1.0,,1.0
Intracellular Calcium Ion Homeostasis (GO:0006874),125,0,34,12722,1.4508343437842832,1.0,,1.0
Intracellular Cholesterol Transport (GO:0032367),13,0,34,12722,13.60762211486849,1.0,,1.0
Intracellular Copper Ion Homeostasis (GO:0006878),11,0,34,12722,15.976685570258349,1.0,,1.0
Intracellular Estrogen Receptor Signaling Pathway (GO:0030520),15,0,34,12722,11.84992987377279,1.0,,1.0
Intracellular Glucose Homeostasis (GO:0001678),40,0,34,12722,4.526212202540705,1.0,,1.0
Intracellular Monoatomic Ion Homeostasis (GO:0006873),20,0,34,12722,8.956168257334747,1.0,,1.0
Intracellular Phosphate Ion Homeostasis (GO:0030643),5,0,34,12722,33.42160737812912,1.0,,1.0
Intracellular Potassium Ion Homeostasis (GO:0030007),11,0,34,12722,15.976685570258349,1.0,,1.0
Intracellular Protein Transmembrane Transport (GO:0065002),45,0,34,12722,4.027233635929288,1.0,,1.0
Intracellular Sodium Ion Homeostasis (GO:0006883),15,0,34,12722,11.84992987377279,1.0,,1.0
Intracellular Steroid Hormone Receptor Signaling Pathway (GO:0030518),40,0,34,12722,4.526212202540705,1.0,,1.0
Intracellular Sterol Transport (GO:0032366),12,0,34,12722,14.697391304347827,1.0,,1.0
Intracellular Triglyceride Homeostasis (GO:0035356),6,0,34,12722,28.277591973244146,1.0,,1.0
Intracellular Water Homeostasis (GO:0009992),5,0,34,12722,33.42160737812912,1.0,,1.0
Intracellular Zinc Ion Homeostasis (GO:0006882),17,0,34,12722,10.49399585921325,1.0,,1.0
Intracellular pH Elevation (GO:0051454),7,0,34,12722,24.505314009661834,1.0,,1.0
Intracellular pH Reduction (GO:0051452),29,0,34,12722,6.219356423483173,1.0,,1.0
Intraciliary Anterograde Transport (GO:0035720),16,0,34,12722,11.130873956960913,1.0,,1.0
Intraciliary Retrograde Transport (GO:0035721),9,0,34,12722,19.34324942791762,1.0,,1.0
Intraciliary Transport Involved In Cilium Assembly (GO:0035735),6,0,34,12722,28.277591973244146,1.0,,1.0
Intrinsic Apoptotic Signaling Pathway (GO:0097193),100,0,34,12722,1.815343571995097,1.0,,1.0
Intrinsic Apoptotic Signaling Pathway By P53 Class Mediator (GO:0072332),34,0,34,12722,5.315900021003991,1.0,,1.0
Intrinsic Apoptotic Signaling Pathway In Response To DNA Damage (GO:0008630),48,0,34,12722,3.777229941730166,1.0,,1.0
Intrinsic Apoptotic Signaling Pathway In Response To DNA Damage By P53 Class Mediator (GO:0042771),18,0,34,12722,9.925969447708578,1.0,,1.0
Intrinsic Apoptotic Signaling Pathway In Response To Endoplasmic Reticulum Stress (GO:0070059),26,0,34,12722,6.925075198249932,1.0,,1.0
Intrinsic Apoptotic Signaling Pathway In Response To Oxidative Stress (GO:0008631),10,0,34,12722,17.499654934437544,1.0,,1.0
Ionotropic Glutamate Receptor Signaling Pathway (GO:0035235),12,0,34,12722,14.697391304347827,1.0,,1.0
Iron Ion Transmembrane Transport (GO:0034755),9,0,34,12722,19.34324942791762,1.0,,1.0
Iron Ion Transport (GO:0006826),22,0,34,12722,8.158776167471819,1.0,,1.0
Iron-Sulfur Cluster Assembly (GO:0016226),23,0,34,12722,7.8109774899784155,1.0,,1.0
Isoleucine Metabolic Process (GO:0006549),5,0,34,12722,33.42160737812912,1.0,,1.0
Isoprenoid Biosynthetic Process (GO:0008299),8,0,34,12722,21.62063086104007,1.0,,1.0
Isoprenoid Metabolic Process (GO:0006720),8,0,34,12722,21.62063086104007,1.0,,1.0
Isotype Switching (GO:0045190),10,0,34,12722,17.499654934437544,1.0,,1.0
JNK Cascade (GO:0007254),28,0,34,12722,6.4380879735570815,1.0,,1.0
Keratan Sulfate Biosynthetic Process (GO:0018146),15,0,34,12722,11.84992987377279,1.0,,1.0
Keratan Sulfate Metabolic Process (GO:0042339),16,0,34,12722,11.130873956960913,1.0,,1.0
Keratinocyte Differentiation (GO:0030216),40,0,34,12722,4.526212202540705,1.0,,1.0
Keratinocyte Proliferation (GO:0043616),6,0,34,12722,28.277591973244146,1.0,,1.0
Ketone Biosynthetic Process (GO:0042181),7,0,34,12722,24.505314009661834,1.0,,1.0
Ketone Body Biosynthetic Process (GO:0046951),5,0,34,12722,33.42160737812912,1.0,,1.0
Ketone Body Metabolic Process (GO:1902224),6,0,34,12722,28.277591973244146,1.0,,1.0
Kidney Development (GO:0001822),66,0,34,12722,2.750898986596927,1.0,,1.0
Kidney Epithelium Development (GO:0072073),7,0,34,12722,24.505314009661834,1.0,,1.0
Kidney Mesenchyme Development (GO:0072074),7,0,34,12722,24.505314009661834,1.0,,1.0
Kidney Morphogenesis (GO:0060993),5,0,34,12722,33.42160737812912,1.0,,1.0
Killing By Host Of Symbiont Cells (GO:0051873),9,0,34,12722,19.34324942791762,1.0,,1.0
Kinetochore Assembly (GO:0051382),9,0,34,12722,19.34324942791762,1.0,,1.0
Kinetochore Organization (GO:0051383),10,0,34,12722,17.499654934437544,1.0,,1.0
Kynurenine Metabolic Process (GO:0070189),8,0,34,12722,21.62063086104007,1.0,,1.0
L-alanine Transport (GO:0015808),5,0,34,12722,33.42160737812912,1.0,,1.0
L-alpha-amino Acid Transmembrane Transport (GO:1902475),39,0,34,12722,4.641166758392956,1.0,,1.0
L-amino Acid Transport (GO:0015807),23,0,34,12722,7.8109774899784155,1.0,,1.0
L-arginine Transmembrane Transport (GO:1903826),7,0,34,12722,24.505314009661834,1.0,,1.0
L-ascorbic Acid Metabolic Process (GO:0019852),5,0,34,12722,33.42160737812912,1.0,,1.0
L-aspartate Import Across Plasma Membrane (GO:0140009),5,0,34,12722,33.42160737812912,1.0,,1.0
L-aspartate Transmembrane Transport (GO:0070778),5,0,34,12722,33.42160737812912,1.0,,1.0
L-fucose Catabolic Process (GO:0042355),8,0,34,12722,21.62063086104007,1.0,,1.0
L-fucose Metabolic Process (GO:0042354),8,0,34,12722,21.62063086104007,1.0,,1.0
L-glutamate Import (GO:0051938),15,0,34,12722,11.84992987377279,1.0,,1.0
L-glutamate Transmembrane Transport (GO:0015813),14,0,34,12722,12.66816591704148,1.0,,1.0
L-methionine Salvage (GO:0071267),6,0,34,12722,28.277591973244146,1.0,,1.0
L-ornithine Transmembrane Transport (GO:1903352),5,0,34,12722,33.42160737812912,1.0,,1.0
L-phenylalanine Catabolic Process (GO:0006559),5,0,34,12722,33.42160737812912,1.0,,1.0
L-phenylalanine Metabolic Process (GO:0006558),5,0,34,12722,33.42160737812912,1.0,,1.0
L-serine Metabolic Process (GO:0006563),10,0,34,12722,17.499654934437544,1.0,,1.0
Lactate Metabolic Process (GO:0006089),7,0,34,12722,24.505314009661834,1.0,,1.0
Lactation (GO:0007595),8,0,34,12722,21.62063086104007,1.0,,1.0
Lamellipodium Assembly (GO:0030032),25,0,34,12722,7.19721511793123,1.0,,1.0
Lamellipodium Organization (GO:0097581),30,0,34,12722,6.014967925873129,1.0,,1.0
Late Endosome To Lysosome Transport (GO:1902774),13,0,34,12722,13.60762211486849,1.0,,1.0
Late Endosome To Vacuole Transport (GO:0045324),16,0,34,12722,11.130873956960913,1.0,,1.0
Late Endosome To Vacuole Transport Via Multivesicular Body Sorting Pathway (GO:0032511),24,0,34,12722,7.491570541259982,1.0,,1.0
Late Nucleophagy (GO:0044805),7,0,34,12722,24.505314009661834,1.0,,1.0
Learned Vocalization Behavior Or Vocal Learning (GO:0098598),7,0,34,12722,24.505314009661834,1.0,,1.0
Learning (GO:0007612),42,0,34,12722,4.312531969309463,1.0,,1.0
Lens Fiber Cell Development (GO:0070307),7,0,34,12722,24.505314009661834,1.0,,1.0
Lens Fiber Cell Differentiation (GO:0070306),8,0,34,12722,21.62063086104007,1.0,,1.0
Leptin-Mediated Signaling Pathway (GO:0033210),8,0,34,12722,21.62063086104007,1.0,,1.0
Leucine Metabolic Process (GO:0006551),6,0,34,12722,28.277591973244146,1.0,,1.0
Leucine Transport (GO:0015820),9,0,34,12722,19.34324942791762,1.0,,1.0
Leukocyte Adhesion To Vascular Endothelial Cell (GO:0061756),19,0,34,12722,9.41620215533259,1.0,,1.0
Leukocyte Aggregation (GO:0070486),7,0,34,12722,24.505314009661834,1.0,,1.0
Leukocyte Cell-Cell Adhesion (GO:0007159),29,0,34,12722,6.219356423483173,1.0,,1.0
Leukocyte Chemotaxis Involved In Inflammatory Response (GO:0002232),5,0,34,12722,33.42160737812912,1.0,,1.0
Leukocyte Tethering Or Rolling (GO:0050901),17,0,34,12722,10.49399585921325,1.0,,1.0
Leukotriene Biosynthetic Process (GO:0019370),13,0,34,12722,13.60762211486849,1.0,,1.0
Leukotriene D4 Biosynthetic Process (GO:1901750),5,0,34,12722,33.42160737812912,1.0,,1.0
Leukotriene D4 Metabolic Process (GO:1901748),7,0,34,12722,24.505314009661834,1.0,,1.0
Leukotriene Metabolic Process (GO:0006691),18,0,34,12722,9.925969447708578,1.0,,1.0
Leukotriene Transport (GO:0071716),5,0,34,12722,33.42160737812912,1.0,,1.0
Limb Development (GO:0060173),26,0,34,12722,6.925075198249932,1.0,,1.0
Limb Morphogenesis (GO:0035108),20,0,34,12722,8.956168257334747,1.0,,1.0
Linoleic Acid Metabolic Process (GO:0043651),16,0,34,12722,11.130873956960913,1.0,,1.0
Lipid Biosynthetic Process (GO:0008610),62,0,34,12722,2.9278840579710144,1.0,,1.0
Lipid Catabolic Process (GO:0016042),18,0,34,12722,9.925969447708578,1.0,,1.0
Lipid Droplet Disassembly (GO:1905691),5,0,34,12722,33.42160737812912,1.0,,1.0
Lipid Droplet Formation (GO:0140042),10,0,34,12722,17.499654934437544,1.0,,1.0
Lipid Import Into Cell (GO:0140354),9,0,34,12722,19.34324942791762,1.0,,1.0
Lipid Modification (GO:0030258),39,0,34,12722,4.641166758392956,1.0,,1.0
Lipid Oxidation (GO:0034440),13,0,34,12722,13.60762211486849,1.0,,1.0
Lipid Phosphorylation (GO:0046834),9,0,34,12722,19.34324942791762,1.0,,1.0
Lipid Translocation (GO:0034204),23,0,34,12722,7.8109774899784155,1.0,,1.0
Lipid Transport (GO:0006869),98,0,34,12722,1.8524976090634886,1.0,,1.0
Lipopolysaccharide-Mediated Signaling Pathway (GO:0031663),17,0,34,12722,10.49399585921325,1.0,,1.0
Lipoprotein Biosynthetic Process (GO:0042158),14,0,34,12722,12.66816591704148,1.0,,1.0
Lipoprotein Catabolic Process (GO:0042159),10,0,34,12722,17.499654934437544,1.0,,1.0
Lipoprotein Localization (GO:0044872),12,0,34,12722,14.697391304347827,1.0,,1.0
Lipoprotein Transport (GO:0042953),11,0,34,12722,15.976685570258349,1.0,,1.0
Lipoxygenase Pathway (GO:0019372),7,0,34,12722,24.505314009661834,1.0,,1.0
Liver Development (GO:0001889),30,0,34,12722,6.014967925873129,1.0,,1.0
Locomotor Rhythm (GO:0045475),6,0,34,12722,28.277591973244146,1.0,,1.0
Long-Chain Fatty Acid Biosynthetic Process (GO:0042759),21,0,34,12722,8.538928210313449,1.0,,1.0
Long-Chain Fatty Acid Import Into Cell (GO:0044539),9,0,34,12722,19.34324942791762,1.0,,1.0
Long-Chain fatty-acyl-CoA Biosynthetic Process (GO:0035338),16,0,34,12722,11.130873956960913,1.0,,1.0
Long-Chain fatty-acyl-CoA Metabolic Process (GO:0035336),22,0,34,12722,8.158776167471819,1.0,,1.0
Long-Term Memory (GO:0007616),18,0,34,12722,9.925969447708578,1.0,,1.0
Long-Term Synaptic Depression (GO:0060292),5,0,34,12722,33.42160737812912,1.0,,1.0
Lung Development (GO:0030324),31,0,34,12722,5.823556475730388,1.0,,1.0
Lung Epithelium Development (GO:0060428),8,0,34,12722,21.62063086104007,1.0,,1.0
Lymphatic Endothelial Cell Differentiation (GO:0060836),6,0,34,12722,28.277591973244146,1.0,,1.0
Lymphocyte Activation Involved In Immune Response (GO:0002285),18,0,34,12722,9.925969447708578,1.0,,1.0
Lymphocyte Apoptotic Process (GO:0070227),7,0,34,12722,24.505314009661834,1.0,,1.0
Lymphocyte Chemotaxis (GO:0048247),34,0,34,12722,5.315900021003991,1.0,,1.0
Lymphocyte Differentiation (GO:0030098),83,0,34,12722,2.1878850993664845,1.0,,1.0
Lymphocyte Mediated Immunity (GO:0002449),15,0,34,12722,11.84992987377279,1.0,,1.0
Lymphocyte Migration (GO:0072676),32,0,34,12722,5.643924191750279,1.0,,1.0
Lymphocyte Migration Into Lymphoid Organs (GO:0097021),6,0,34,12722,28.277591973244146,1.0,,1.0
Lymphocyte Proliferation (GO:0046651),33,0,34,12722,5.475016223231668,1.0,,1.0
Lymphoid Progenitor Cell Differentiation (GO:0002320),6,0,34,12722,28.277591973244146,1.0,,1.0
Lysosomal Lumen Acidification (GO:0007042),15,0,34,12722,11.84992987377279,1.0,,1.0
Lysosomal Membrane Organization (GO:0097212),9,0,34,12722,19.34324942791762,1.0,,1.0
Lysosomal Microautophagy (GO:0016237),11,0,34,12722,15.976685570258349,1.0,,1.0
Lysosomal Transport (GO:0007041),95,0,34,12722,1.9111465209803475,1.0,,1.0
Lysosome Localization (GO:0032418),38,0,34,12722,4.762092979484284,1.0,,1.0
Lysosome Organization (GO:0007040),37,0,34,12722,4.889468599033816,1.0,,1.0
Lytic Vacuole Organization (GO:0080171),31,0,34,12722,5.823556475730388,1.0,,1.0
MAPK Cascade (GO:0000165),92,0,34,12722,1.9735996866431649,1.0,,1.0
MHC Class II Protein Complex Assembly (GO:0002399),11,0,34,12722,15.976685570258349,1.0,,1.0
Macroautophagy (GO:0016236),97,0,34,12722,1.8716462281679673,1.0,,1.0
Macromolecule Catabolic Process (GO:0009057),76,0,34,12722,2.3894098702282847,1.0,,1.0
Macromolecule Depalmitoylation (GO:0098734),7,0,34,12722,24.505314009661834,1.0,,1.0
Macromolecule Modification (GO:0043412),77,0,34,12722,2.3583917718560077,1.0,,1.0
Macrophage Chemotaxis (GO:0048246),8,0,34,12722,21.62063086104007,1.0,,1.0
Macrophage Derived Foam Cell Differentiation (GO:0010742),6,0,34,12722,28.277591973244146,1.0,,1.0
Macrophage Differentiation (GO:0030225),21,0,34,12722,8.538928210313449,1.0,,1.0
Macrophage Migration (GO:1905517),9,0,34,12722,19.34324942791762,1.0,,1.0
Macropinocytosis (GO:0044351),5,0,34,12722,33.42160737812912,1.0,,1.0
Magnesium Ion Transport (GO:0015693),9,0,34,12722,19.34324942791762,1.0,,1.0
Maintenance Of Apical/Basal Cell Polarity (GO:0035090),7,0,34,12722,24.505314009661834,1.0,,1.0
Maintenance Of Blood-Brain Barrier (GO:0035633),28,0,34,12722,6.4380879735570815,1.0,,1.0
Maintenance Of DNA Repeat Elements (GO:0043570),5,0,34,12722,33.42160737812912,1.0,,1.0
Maintenance Of Epithelial Cell Apical/Basal Polarity (GO:0045199),7,0,34,12722,24.505314009661834,1.0,,1.0
Maintenance Of Gastrointestinal Epithelium (GO:0030277),17,0,34,12722,10.49399585921325,1.0,,1.0
Maintenance Of Lens Transparency (GO:0036438),5,0,34,12722,33.42160737812912,1.0,,1.0
Maintenance Of Protein Localization In Endoplasmic Reticulum (GO:0035437),10,0,34,12722,17.499654934437544,1.0,,1.0
Maintenance Of Protein Localization In Organelle (GO:0072595),17,0,34,12722,10.49399585921325,1.0,,1.0
Maintenance Of Protein Location In Extracellular Region (GO:0071694),6,0,34,12722,28.277591973244146,1.0,,1.0
Maintenance Of Protein Location In Nucleus (GO:0051457),18,0,34,12722,9.925969447708578,1.0,,1.0
Maintenance Of Synapse Structure (GO:0099558),10,0,34,12722,17.499654934437544,1.0,,1.0
Malate Metabolic Process (GO:0006108),7,0,34,12722,24.505314009661834,1.0,,1.0
Male Meiosis I (GO:0007141),15,0,34,12722,11.84992987377279,1.0,,1.0
Mammary Gland Development (GO:0030879),20,0,34,12722,8.956168257334747,1.0,,1.0
Mammary Gland Epithelial Cell Differentiation (GO:0060644),7,0,34,12722,24.505314009661834,1.0,,1.0
Mammary Gland Epithelium Development (GO:0061180),13,0,34,12722,13.60762211486849,1.0,,1.0
Manganese Ion Transport (GO:0006828),8,0,34,12722,21.62063086104007,1.0,,1.0
Marginal Zone B Cell Differentiation (GO:0002315),6,0,34,12722,28.277591973244146,1.0,,1.0
Mast Cell Activation Involved In Immune Response (GO:0002279),8,0,34,12722,21.62063086104007,1.0,,1.0
Mast Cell Degranulation (GO:0043303),8,0,34,12722,21.62063086104007,1.0,,1.0
Mast Cell Mediated Immunity (GO:0002448),9,0,34,12722,19.34324942791762,1.0,,1.0
Maturation Of 5.8S rRNA (GO:0000460),15,0,34,12722,11.84992987377279,1.0,,1.0
"Maturation Of 5.8S rRNA From Tricistronic rRNA Transcript (SSU-rRNA, 5.8S rRNA, LSU-rRNA) (GO:0000466)",21,0,34,12722,8.538928210313449,1.0,,1.0
Maturation Of LSU-rRNA (GO:0000470),20,0,34,12722,8.956168257334747,1.0,,1.0
"Maturation Of LSU-rRNA From Tricistronic rRNA Transcript (SSU-rRNA, 5.8S rRNA, LSU-rRNA) (GO:0000463)",14,0,34,12722,12.66816591704148,1.0,,1.0
Maturation Of SSU-rRNA (GO:0030490),36,0,34,12722,5.023823704586063,1.0,,1.0
"Maturation Of SSU-rRNA From Tricistronic rRNA Transcript (SSU-rRNA, 5.8S rRNA, LSU-rRNA) (GO:0000462)",28,0,34,12722,6.4380879735570815,1.0,,1.0
Mature B Cell Differentiation Involved In Immune Response (GO:0002313),13,0,34,12722,13.60762211486849,1.0,,1.0
Medium-Chain Fatty Acid Biosynthetic Process (GO:0051792),5,0,34,12722,33.42160737812912,1.0,,1.0
Medium-Chain Fatty Acid Metabolic Process (GO:0051791),12,0,34,12722,14.697391304347827,1.0,,1.0
Megakaryocyte Development (GO:0035855),8,0,34,12722,21.62063086104007,1.0,,1.0
Megakaryocyte Differentiation (GO:0030219),15,0,34,12722,11.84992987377279,1.0,,1.0
Meiosis I (GO:0007127),21,0,34,12722,8.538928210313449,1.0,,1.0
Meiotic Sister Chromatid Cohesion (GO:0051177),9,0,34,12722,19.34324942791762,1.0,,1.0
Melanin Biosynthetic Process (GO:0042438),7,0,34,12722,24.505314009661834,1.0,,1.0
Melanocyte Differentiation (GO:0030318),9,0,34,12722,19.34324942791762,1.0,,1.0
Melanosome Assembly (GO:1903232),17,0,34,12722,10.49399585921325,1.0,,1.0
Melanosome Localization (GO:0032400),17,0,34,12722,10.49399585921325,1.0,,1.0
Melanosome Organization (GO:0032438),35,0,34,12722,5.165748111859563,1.0,,1.0
Melanosome Transport (GO:0032402),14,0,34,12722,12.66816591704148,1.0,,1.0
Membrane Assembly (GO:0071709),36,0,34,12722,5.023823704586063,1.0,,1.0
Membrane Biogenesis (GO:0044091),6,0,34,12722,28.277591973244146,1.0,,1.0
Membrane Depolarization (GO:0051899),12,0,34,12722,14.697391304347827,1.0,,1.0
Membrane Depolarization During Action Potential (GO:0086010),13,0,34,12722,13.60762211486849,1.0,,1.0
Membrane Depolarization During Cardiac Muscle Cell Action Potential (GO:0086012),16,0,34,12722,11.130873956960913,1.0,,1.0
Membrane Fission (GO:0090148),36,0,34,12722,5.023823704586063,1.0,,1.0
Membrane Invagination (GO:0010324),5,0,34,12722,33.42160737812912,1.0,,1.0
Membrane Lipid Biosynthetic Process (GO:0046467),54,0,34,12722,3.359792580773833,1.0,,1.0
Membrane Lipid Catabolic Process (GO:0046466),8,0,34,12722,21.62063086104007,1.0,,1.0
Membrane Lipid Metabolic Process (GO:0006643),15,0,34,12722,11.84992987377279,1.0,,1.0
Membrane Protein Ectodomain Proteolysis (GO:0006509),21,0,34,12722,8.538928210313449,1.0,,1.0
Membrane Protein Intracellular Domain Proteolysis (GO:0031293),13,0,34,12722,13.60762211486849,1.0,,1.0
Membrane Protein Proteolysis (GO:0033619),33,0,34,12722,5.475016223231668,1.0,,1.0
Membrane Raft Organization (GO:0031579),14,0,34,12722,12.66816591704148,1.0,,1.0
Membrane Repolarization (GO:0086009),17,0,34,12722,10.49399585921325,1.0,,1.0
Membrane Repolarization During Action Potential (GO:0086011),14,0,34,12722,12.66816591704148,1.0,,1.0
Membrane Repolarization During Cardiac Muscle Cell Action Potential (GO:0086013),14,0,34,12722,12.66816591704148,1.0,,1.0
Mesenchymal Cell Differentiation (GO:0048762),53,0,34,12722,3.422863334687796,1.0,,1.0
Mesenchymal Cell Differentiation Involved In Kidney Development (GO:0072161),5,0,34,12722,33.42160737812912,1.0,,1.0
Mesenchymal Cell Migration (GO:0090497),32,0,34,12722,5.643924191750279,1.0,,1.0
Mesenchymal To Epithelial Transition (GO:0060231),9,0,34,12722,19.34324942791762,1.0,,1.0
Mesenchymal To Epithelial Transition Involved In Metanephros Morphogenesis (GO:0003337),5,0,34,12722,33.42160737812912,1.0,,1.0
Mesenchyme Development (GO:0060485),17,0,34,12722,10.49399585921325,1.0,,1.0
Mesenchyme Morphogenesis (GO:0072132),17,0,34,12722,10.49399585921325,1.0,,1.0
Mesoderm Development (GO:0007498),17,0,34,12722,10.49399585921325,1.0,,1.0
Mesoderm Formation (GO:0001707),15,0,34,12722,11.84992987377279,1.0,,1.0
Mesoderm Morphogenesis (GO:0048332),8,0,34,12722,21.62063086104007,1.0,,1.0
Mesodermal Cell Differentiation (GO:0048333),8,0,34,12722,21.62063086104007,1.0,,1.0
Mesodermal Cell Fate Commitment (GO:0001710),5,0,34,12722,33.42160737812912,1.0,,1.0
Mesonephric Tubule Development (GO:0072164),15,0,34,12722,11.84992987377279,1.0,,1.0
Mesonephros Development (GO:0001823),10,0,34,12722,17.499654934437544,1.0,,1.0
Metal Ion Transport (GO:0030001),154,0,34,12722,1.1757891280896768,1.0,,1.0
Metallo-Sulfur Cluster Assembly (GO:0031163),23,0,34,12722,7.8109774899784155,1.0,,1.0
Metanephric Mesenchyme Development (GO:0072075),10,0,34,12722,17.499654934437544,1.0,,1.0
Metanephric Nephron Tubule Development (GO:0072234),5,0,34,12722,33.42160737812912,1.0,,1.0
Metanephros Development (GO:0001656),23,0,34,12722,7.8109774899784155,1.0,,1.0
Metaphase Plate Congression (GO:0051310),49,0,34,12722,3.700629483238179,1.0,,1.0
Methionine Metabolic Process (GO:0006555),7,0,34,12722,24.505314009661834,1.0,,1.0
Methylguanosine-Cap Decapping (GO:0110156),11,0,34,12722,15.976685570258349,1.0,,1.0
Microtubule Anchoring (GO:0034453),9,0,34,12722,19.34324942791762,1.0,,1.0
Microtubule Anchoring At Centrosome (GO:0034454),10,0,34,12722,17.499654934437544,1.0,,1.0
Microtubule Anchoring At Microtubule Organizing Center (GO:0072393),12,0,34,12722,14.697391304347827,1.0,,1.0
Microtubule Bundle Formation (GO:0001578),44,0,34,12722,4.118058948054063,1.0,,1.0
Microtubule Depolymerization (GO:0007019),16,0,34,12722,11.130873956960913,1.0,,1.0
Microtubule Nucleation (GO:0007020),23,0,34,12722,7.8109774899784155,1.0,,1.0
Microtubule Polymerization (GO:0046785),33,0,34,12722,5.475016223231668,1.0,,1.0
Microtubule Polymerization Or Depolymerization (GO:0031109),25,0,34,12722,7.19721511793123,1.0,,1.0
Microtubule-Based Transport (GO:0099111),11,0,34,12722,15.976685570258349,1.0,,1.0
Microvillus Assembly (GO:0030033),14,0,34,12722,12.66816591704148,1.0,,1.0
Microvillus Organization (GO:0032528),13,0,34,12722,13.60762211486849,1.0,,1.0
Midbody Abscission (GO:0061952),13,0,34,12722,13.60762211486849,1.0,,1.0
Midbrain Dopaminergic Neuron Differentiation (GO:1904948),9,0,34,12722,19.34324942791762,1.0,,1.0
Mismatch Repair (GO:0006298),23,0,34,12722,7.8109774899784155,1.0,,1.0
Mitochondrial ATP Synthesis Coupled Electron Transport (GO:0042775),62,0,34,12722,2.9278840579710144,1.0,,1.0
Mitochondrial Calcium Ion Homeostasis (GO:0051560),19,0,34,12722,9.41620215533259,1.0,,1.0
Mitochondrial Calcium Ion Transmembrane Transport (GO:0006851),13,0,34,12722,13.60762211486849,1.0,,1.0
Mitochondrial Cytochrome C Oxidase Assembly (GO:0033617),18,0,34,12722,9.925969447708578,1.0,,1.0
Mitochondrial DNA Metabolic Process (GO:0032042),12,0,34,12722,14.697391304347827,1.0,,1.0
Mitochondrial DNA Replication (GO:0006264),8,0,34,12722,21.62063086104007,1.0,,1.0
"Mitochondrial Electron Transport, Cytochrome C To Oxygen (GO:0006123)",15,0,34,12722,11.84992987377279,1.0,,1.0
"Mitochondrial Electron Transport, NADH To Ubiquinone (GO:0006120)",31,0,34,12722,5.823556475730388,1.0,,1.0
"Mitochondrial Electron Transport, Ubiquinol To Cytochrome C (GO:0006122)",9,0,34,12722,19.34324942791762,1.0,,1.0
Mitochondrial Fission (GO:0000266),12,0,34,12722,14.697391304347827,1.0,,1.0
Mitochondrial Fragmentation Involved In Apoptotic Process (GO:0043653),8,0,34,12722,21.62063086104007,1.0,,1.0
Mitochondrial Fusion (GO:0008053),18,0,34,12722,9.925969447708578,1.0,,1.0
Mitochondrial Gene Expression (GO:0140053),99,0,34,12722,1.8337338868254316,1.0,,1.0
Mitochondrial Genome Maintenance (GO:0000002),11,0,34,12722,15.976685570258349,1.0,,1.0
Mitochondrial Membrane Organization (GO:0007006),27,0,34,12722,6.672727272727273,1.0,,1.0
Mitochondrial Outer Membrane Permeabilization (GO:0097345),6,0,34,12722,28.277591973244146,1.0,,1.0
Mitochondrial Protein Catabolic Process (GO:0035694),5,0,34,12722,33.42160737812912,1.0,,1.0
Mitochondrial Protein Processing (GO:0034982),10,0,34,12722,17.499654934437544,1.0,,1.0
Mitochondrial Proton-Transporting ATP Synthase Complex Assembly (GO:0033615),6,0,34,12722,28.277591973244146,1.0,,1.0
Mitochondrial RNA 3'-End Processing (GO:0000965),5,0,34,12722,33.42160737812912,1.0,,1.0
Mitochondrial RNA Metabolic Process (GO:0000959),19,0,34,12722,9.41620215533259,1.0,,1.0
Mitochondrial RNA Processing (GO:0000963),9,0,34,12722,19.34324942791762,1.0,,1.0
Mitochondrial Respirasome Assembly (GO:0097250),5,0,34,12722,33.42160737812912,1.0,,1.0
Mitochondrial Respiratory Chain Complex Assembly (GO:0033108),77,0,34,12722,2.3583917718560077,1.0,,1.0
Mitochondrial Respiratory Chain Complex I Assembly (GO:0032981),45,0,34,12722,4.027233635929288,1.0,,1.0
Mitochondrial Respiratory Chain Complex III Assembly (GO:0034551),7,0,34,12722,24.505314009661834,1.0,,1.0
Mitochondrial Ribosome Assembly (GO:0061668),9,0,34,12722,19.34324942791762,1.0,,1.0
Mitochondrial Transcription (GO:0006390),11,0,34,12722,15.976685570258349,1.0,,1.0
Mitochondrial Translation (GO:0032543),95,0,34,12722,1.9111465209803475,1.0,,1.0
Mitochondrial Translational Elongation (GO:0070125),5,0,34,12722,33.42160737812912,1.0,,1.0
Mitochondrial tRNA Modification (GO:0070900),7,0,34,12722,24.505314009661834,1.0,,1.0
Mitochondrial tRNA Processing (GO:0090646),5,0,34,12722,33.42160737812912,1.0,,1.0
Mitochondrion Disassembly (GO:0061726),36,0,34,12722,5.023823704586063,1.0,,1.0
Mitochondrion Distribution (GO:0048311),11,0,34,12722,15.976685570258349,1.0,,1.0
Mitochondrion Morphogenesis (GO:0070584),9,0,34,12722,19.34324942791762,1.0,,1.0
Mitochondrion Organization (GO:0007005),147,0,34,12722,1.232277081798084,1.0,,1.0
Mitochondrion Transport Along Microtubule (GO:0047497),14,0,34,12722,12.66816591704148,1.0,,1.0
Mitochondrion-Endoplasmic Reticulum Membrane Tethering (GO:1990456),6,0,34,12722,28.277591973244146,1.0,,1.0
Mitophagy (GO:0000423),13,0,34,12722,13.60762211486849,1.0,,1.0
Mitotic Cell Cycle Checkpoint Signaling (GO:0007093),22,0,34,12722,8.158776167471819,1.0,,1.0
Mitotic Cell Cycle Phase Transition (GO:0044772),105,0,34,12722,1.728621471254894,1.0,,1.0
Mitotic Chromosome Condensation (GO:0007076),14,0,34,12722,12.66816591704148,1.0,,1.0
Mitotic Cytokinesis (GO:0000281),55,0,34,12722,3.298994646820734,1.0,,1.0
Mitotic Cytokinetic Process (GO:1902410),16,0,34,12722,11.130873956960913,1.0,,1.0
Mitotic DNA Damage Checkpoint Signaling (GO:0044773),51,0,34,12722,3.5563528915154072,1.0,,1.0
Mitotic DNA Integrity Checkpoint Signaling (GO:0044774),12,0,34,12722,14.697391304347827,1.0,,1.0
Mitotic DNA Replication (GO:1902969),10,0,34,12722,17.499654934437544,1.0,,1.0
Mitotic DNA Replication Checkpoint Signaling (GO:0033314),9,0,34,12722,19.34324942791762,1.0,,1.0
Mitotic G1 DNA Damage Checkpoint Signaling (GO:0031571),25,0,34,12722,7.19721511793123,1.0,,1.0
Mitotic G1/S Transition Checkpoint Signaling (GO:0044819),10,0,34,12722,17.499654934437544,1.0,,1.0
Mitotic G2 DNA Damage Checkpoint Signaling (GO:0007095),25,0,34,12722,7.19721511793123,1.0,,1.0
Mitotic G2/M Transition Checkpoint (GO:0044818),40,0,34,12722,4.526212202540705,1.0,,1.0
Mitotic Metaphase Plate Congression (GO:0007080),48,0,34,12722,3.777229941730166,1.0,,1.0
Mitotic Nuclear Division (GO:0140014),44,0,34,12722,4.118058948054063,1.0,,1.0
Mitotic Nuclear Membrane Disassembly (GO:0007077),6,0,34,12722,28.277591973244146,1.0,,1.0
Mitotic Nuclear Membrane Organization (GO:0101024),9,0,34,12722,19.34324942791762,1.0,,1.0
Mitotic Nuclear Membrane Reassembly (GO:0007084),9,0,34,12722,19.34324942791762,1.0,,1.0
Mitotic Recombination (GO:0006312),14,0,34,12722,12.66816591704148,1.0,,1.0
Mitotic Sister Chromatid Cohesion (GO:0007064),18,0,34,12722,9.925969447708578,1.0,,1.0
Mitotic Sister Chromatid Segregation (GO:0000070),106,0,34,12722,1.712254201537729,1.0,,1.0
Mitotic Spindle Assembly (GO:0090307),40,0,34,12722,4.526212202540705,1.0,,1.0
Mitotic Spindle Assembly Checkpoint Signaling (GO:0007094),25,0,34,12722,7.19721511793123,1.0,,1.0
Mitotic Spindle Checkpoint Signaling (GO:0071174),25,0,34,12722,7.19721511793123,1.0,,1.0
Mitotic Spindle Elongation (GO:0000022),8,0,34,12722,21.62063086104007,1.0,,1.0
Mitotic Spindle Midzone Assembly (GO:0051256),8,0,34,12722,21.62063086104007,1.0,,1.0
Mitotic intra-S DNA Damage Checkpoint Signaling (GO:0031573),13,0,34,12722,13.60762211486849,1.0,,1.0
Mitral Valve Development (GO:0003174),7,0,34,12722,24.505314009661834,1.0,,1.0
Mitral Valve Morphogenesis (GO:0003183),9,0,34,12722,19.34324942791762,1.0,,1.0
Modification-Dependent Macromolecule Catabolic Process (GO:0043632),5,0,34,12722,33.42160737812912,1.0,,1.0
Modification-Dependent Protein Catabolic Process (GO:0019941),180,0,34,12722,1.0043357822473804,1.0,,1.0
Modified Amino Acid Transport (GO:0072337),27,0,34,12722,6.672727272727273,1.0,,1.0
Modulation By Host Of Symbiont Process (GO:0051851),40,0,34,12722,4.526212202540705,1.0,,1.0
Modulation By Host Of Viral Genome Replication (GO:0044827),18,0,34,12722,9.925969447708578,1.0,,1.0
Modulation By Host Of Viral Process (GO:0044788),21,0,34,12722,8.538928210313449,1.0,,1.0
Modulation By Symbiont Of Entry Into Host (GO:0052372),18,0,34,12722,9.925969447708578,1.0,,1.0
Modulation Of Chemical Synaptic Transmission (GO:0050804),115,0,34,12722,1.577702490745969,1.0,,1.0
Monoacylglycerol Metabolic Process (GO:0046462),8,0,34,12722,21.62063086104007,1.0,,1.0
Monoamine Transport (GO:0015844),10,0,34,12722,17.499654934437544,1.0,,1.0
Monoatomic Anion Homeostasis (GO:0055081),9,0,34,12722,19.34324942791762,1.0,,1.0
Monoatomic Anion Transmembrane Transport (GO:0098656),49,0,34,12722,3.700629483238179,1.0,,1.0
Monoatomic Anion Transport (GO:0006820),50,0,34,12722,3.627062706270627,1.0,,1.0
Monoatomic Cation Homeostasis (GO:0055080),75,0,34,12722,2.421249640080622,1.0,,1.0
Monoatomic Cation Transmembrane Transport (GO:0098655),249,0,34,12722,0.7225755859545178,1.0,,1.0
Monoatomic Cation Transport (GO:0006812),40,0,34,12722,4.526212202540705,1.0,,1.0
Monoatomic Ion Transport (GO:0006811),98,0,34,12722,1.8524976090634886,1.0,,1.0
Monocarboxylic Acid Biosynthetic Process (GO:0072330),59,0,34,12722,3.0762391913287055,1.0,,1.0
Monocarboxylic Acid Catabolic Process (GO:0072329),18,0,34,12722,9.925969447708578,1.0,,1.0
Monocarboxylic Acid Metabolic Process (GO:0032787),89,0,34,12722,2.040239656707959,1.0,,1.0
Monocarboxylic Acid Transport (GO:0015718),65,0,34,12722,2.7931187078216615,1.0,,1.0
Monocyte Activation (GO:0042117),8,0,34,12722,21.62063086104007,1.0,,1.0
Monocyte Chemotaxis (GO:0002548),34,0,34,12722,5.315900021003991,1.0,,1.0
Monocyte Differentiation (GO:0030224),10,0,34,12722,17.499654934437544,1.0,,1.0
Monosaccharide Biosynthetic Process (GO:0046364),7,0,34,12722,24.505314009661834,1.0,,1.0
Monosaccharide Transmembrane Transport (GO:0015749),13,0,34,12722,13.60762211486849,1.0,,1.0
Monoubiquitinated Histone Deubiquitination (GO:0035521),26,0,34,12722,6.925075198249932,1.0,,1.0
Monoubiquitinated Histone H2A Deubiquitination (GO:0035522),26,0,34,12722,6.925075198249932,1.0,,1.0
Monoubiquitinated Protein Deubiquitination (GO:0035520),31,0,34,12722,5.823556475730388,1.0,,1.0
Morphogenesis Of An Endothelium (GO:0003159),5,0,34,12722,33.42160737812912,1.0,,1.0
Morphogenesis Of An Epithelial Sheet (GO:0002011),7,0,34,12722,24.505314009661834,1.0,,1.0
Morphogenesis Of An Epithelium (GO:0002009),27,0,34,12722,6.672727272727273,1.0,,1.0
Motile Cilium Assembly (GO:0044458),14,0,34,12722,12.66816591704148,1.0,,1.0
Motor Neuron Axon Guidance (GO:0008045),9,0,34,12722,19.34324942791762,1.0,,1.0
Mucosal Immune Response (GO:0002385),18,0,34,12722,9.925969447708578,1.0,,1.0
Multi-Ciliated Epithelial Cell Differentiation (GO:1903251),6,0,34,12722,28.277591973244146,1.0,,1.0
Multi-Pass Transmembrane Protein Insertion Into ER Membrane (GO:0160063),5,0,34,12722,33.42160737812912,1.0,,1.0
Multicellular Organismal-Level Iron Ion Homeostasis (GO:0060586),11,0,34,12722,15.976685570258349,1.0,,1.0
Multicellular Organismal-Level Water Homeostasis (GO:0050891),19,0,34,12722,9.41620215533259,1.0,,1.0
Multivesicular Body Assembly (GO:0036258),27,0,34,12722,6.672727272727273,1.0,,1.0
Multivesicular Body Organization (GO:0036257),28,0,34,12722,6.4380879735570815,1.0,,1.0
Multivesicular Body Sorting Pathway (GO:0071985),21,0,34,12722,8.538928210313449,1.0,,1.0
Multivesicular Body-Lysosome Fusion (GO:0061763),7,0,34,12722,24.505314009661834,1.0,,1.0
Muscle Cell Differentiation (GO:0042692),30,0,34,12722,6.014967925873129,1.0,,1.0
Muscle Cell Fate Commitment (GO:0042693),8,0,34,12722,21.62063086104007,1.0,,1.0
Muscle Cell Migration (GO:0014812),7,0,34,12722,24.505314009661834,1.0,,1.0
Muscle Filament Sliding (GO:0030049),9,0,34,12722,19.34324942791762,1.0,,1.0
Muscle Organ Development (GO:0007517),55,0,34,12722,3.298994646820734,1.0,,1.0
Muscle Tissue Development (GO:0060537),34,0,34,12722,5.315900021003991,1.0,,1.0
Muscle Tissue Morphogenesis (GO:0060415),15,0,34,12722,11.84992987377279,1.0,,1.0
MyD88-dependent Toll-Like Receptor Signaling Pathway (GO:0002755),12,0,34,12722,14.697391304347827,1.0,,1.0
MyD88-independent Toll-Like Receptor Signaling Pathway (GO:0002756),7,0,34,12722,24.505314009661834,1.0,,1.0
Myelin Assembly (GO:0032288),8,0,34,12722,21.62063086104007,1.0,,1.0
Myelination In Peripheral Nervous System (GO:0022011),11,0,34,12722,15.976685570258349,1.0,,1.0
Myeloid Cell Activation Involved In Immune Response (GO:0002275),16,0,34,12722,11.130873956960913,1.0,,1.0
Myeloid Cell Development (GO:0061515),25,0,34,12722,7.19721511793123,1.0,,1.0
Myeloid Dendritic Cell Activation (GO:0001773),12,0,34,12722,14.697391304347827,1.0,,1.0
Myeloid Dendritic Cell Differentiation (GO:0043011),8,0,34,12722,21.62063086104007,1.0,,1.0
Myeloid Leukocyte Mediated Immunity (GO:0002444),6,0,34,12722,28.277591973244146,1.0,,1.0
Myoblast Fusion (GO:0007520),15,0,34,12722,11.84992987377279,1.0,,1.0
Myoblast Migration (GO:0051451),7,0,34,12722,24.505314009661834,1.0,,1.0
Myotube Cell Development (GO:0014904),12,0,34,12722,14.697391304347827,1.0,,1.0
Myotube Differentiation (GO:0014902),22,0,34,12722,8.158776167471819,1.0,,1.0
N-acetylglucosamine Metabolic Process (GO:0006044),14,0,34,12722,12.66816591704148,1.0,,1.0
N-acetylneuraminate Catabolic Process (GO:0019262),6,0,34,12722,28.277591973244146,1.0,,1.0
N-acetylneuraminate Metabolic Process (GO:0006054),10,0,34,12722,17.499654934437544,1.0,,1.0
N-glycan Processing (GO:0006491),18,0,34,12722,9.925969447708578,1.0,,1.0
N-terminal Peptidyl-Methionine Acetylation (GO:0017196),7,0,34,12722,24.505314009661834,1.0,,1.0
N-terminal Protein Amino Acid Acetylation (GO:0006474),14,0,34,12722,12.66816591704148,1.0,,1.0
N-terminal Protein Amino Acid Modification (GO:0031365),12,0,34,12722,14.697391304347827,1.0,,1.0
NAD Biosynthesis Via Nicotinamide Riboside Salvage Pathway (GO:0034356),9,0,34,12722,19.34324942791762,1.0,,1.0
NAD Biosynthetic Process (GO:0009435),17,0,34,12722,10.49399585921325,1.0,,1.0
NAD Metabolic Process (GO:0019674),21,0,34,12722,8.538928210313449,1.0,,1.0
NADH Dehydrogenase Complex Assembly (GO:0010257),45,0,34,12722,4.027233635929288,1.0,,1.0
NADH Metabolic Process (GO:0006734),7,0,34,12722,24.505314009661834,1.0,,1.0
NADP Metabolic Process (GO:0006739),18,0,34,12722,9.925969447708578,1.0,,1.0
NADPH Regeneration (GO:0006740),12,0,34,12722,14.697391304347827,1.0,,1.0
NIK/NF-kappaB Signaling (GO:0038061),32,0,34,12722,5.643924191750279,1.0,,1.0
NLS-bearing Protein Import Into Nucleus (GO:0006607),11,0,34,12722,15.976685570258349,1.0,,1.0
Natural Killer Cell Activation (GO:0030101),37,0,34,12722,4.889468599033816,1.0,,1.0
Natural Killer Cell Activation Involved In Immune Response (GO:0002323),15,0,34,12722,11.84992987377279,1.0,,1.0
Natural Killer Cell Differentiation (GO:0001779),7,0,34,12722,24.505314009661834,1.0,,1.0
Natural Killer Cell Mediated Cytotoxicity (GO:0042267),19,0,34,12722,9.41620215533259,1.0,,1.0
Natural Killer Cell Mediated Immunity (GO:0002228),17,0,34,12722,10.49399585921325,1.0,,1.0
Necroptotic Process (GO:0070266),9,0,34,12722,19.34324942791762,1.0,,1.0
Negative Chemotaxis (GO:0050919),31,0,34,12722,5.823556475730388,1.0,,1.0
Negative Regulation By Host Of Viral Genome Replication (GO:0044828),6,0,34,12722,28.277591973244146,1.0,,1.0
Negative Regulation By Host Of Viral Process (GO:0044793),10,0,34,12722,17.499654934437544,1.0,,1.0
Negative Regulation By Host Of Viral Transcription (GO:0043922),12,0,34,12722,14.697391304347827,1.0,,1.0
Negative Regulation Of ATP-dependent Activity (GO:0032780),16,0,34,12722,11.130873956960913,1.0,,1.0
Negative Regulation Of Actin Filament Bundle Assembly (GO:0032232),25,0,34,12722,7.19721511793123,1.0,,1.0
Negative Regulation Of Actin Filament Depolymerization (GO:0030835),5,0,34,12722,33.42160737812912,1.0,,1.0
Negative Regulation Of Actin Filament Polymerization (GO:0030837),21,0,34,12722,8.538928210313449,1.0,,1.0
Negative Regulation Of Actin Nucleation (GO:0051126),6,0,34,12722,28.277591973244146,1.0,,1.0
Negative Regulation Of Activated T Cell Proliferation (GO:0046007),10,0,34,12722,17.499654934437544,1.0,,1.0
Negative Regulation Of Activin Receptor Signaling Pathway (GO:0032926),10,0,34,12722,17.499654934437544,1.0,,1.0
Negative Regulation Of Acute Inflammatory Response (GO:0002674),5,0,34,12722,33.42160737812912,1.0,,1.0
Negative Regulation Of Alcohol Biosynthetic Process (GO:1902931),12,0,34,12722,14.697391304347827,1.0,,1.0
Negative Regulation Of Alpha-Beta T Cell Activation (GO:0046636),8,0,34,12722,21.62063086104007,1.0,,1.0
Negative Regulation Of Alpha-Beta T Cell Differentiation (GO:0046639),7,0,34,12722,24.505314009661834,1.0,,1.0
Negative Regulation Of Alpha-Beta T Cell Proliferation (GO:0046642),6,0,34,12722,28.277591973244146,1.0,,1.0
Negative Regulation Of Amide Metabolic Process (GO:0034249),85,0,34,12722,2.136367488770235,1.0,,1.0
Negative Regulation Of Amyloid Precursor Protein Biosynthetic Process (GO:0042985),5,0,34,12722,33.42160737812912,1.0,,1.0
Negative Regulation Of Amyloid Precursor Protein Catabolic Process (GO:1902992),17,0,34,12722,10.49399585921325,1.0,,1.0
Negative Regulation Of Amyloid-Beta Clearance (GO:1900222),7,0,34,12722,24.505314009661834,1.0,,1.0
Negative Regulation Of Amyloid-Beta Formation (GO:1902430),15,0,34,12722,11.84992987377279,1.0,,1.0
Negative Regulation Of Androgen Receptor Signaling Pathway (GO:0060766),13,0,34,12722,13.60762211486849,1.0,,1.0
Negative Regulation Of Angiogenesis (GO:0016525),79,0,34,12722,2.2986965636678516,1.0,,1.0
Negative Regulation Of Anoikis (GO:2000811),16,0,34,12722,11.130873956960913,1.0,,1.0
Negative Regulation Of Antigen Receptor-Mediated Signaling Pathway (GO:0050858),24,0,34,12722,7.491570541259982,1.0,,1.0
Negative Regulation Of Apoptotic Signaling Pathway (GO:2001234),77,0,34,12722,2.3583917718560077,1.0,,1.0
Negative Regulation Of Appetite (GO:0032099),7,0,34,12722,24.505314009661834,1.0,,1.0
Negative Regulation Of Autophagosome Assembly (GO:1902902),10,0,34,12722,17.499654934437544,1.0,,1.0
Negative Regulation Of Axon Extension (GO:0030517),30,0,34,12722,6.014967925873129,1.0,,1.0
Negative Regulation Of Axon Extension Involved In Axon Guidance (GO:0048843),19,0,34,12722,9.41620215533259,1.0,,1.0
Negative Regulation Of Axon Regeneration (GO:0048681),5,0,34,12722,33.42160737812912,1.0,,1.0
Negative Regulation Of Axonogenesis (GO:0050771),22,0,34,12722,8.158776167471819,1.0,,1.0
Negative Regulation Of B Cell Apoptotic Process (GO:0002903),7,0,34,12722,24.505314009661834,1.0,,1.0
Negative Regulation Of B Cell Proliferation (GO:0030889),10,0,34,12722,17.499654934437544,1.0,,1.0
Negative Regulation Of B Cell Receptor Signaling Pathway (GO:0050859),5,0,34,12722,33.42160737812912,1.0,,1.0
Negative Regulation Of BMP Signaling Pathway (GO:0030514),39,0,34,12722,4.641166758392956,1.0,,1.0
Negative Regulation Of Binding (GO:0051100),80,0,34,12722,2.2699612926456028,1.0,,1.0
Negative Regulation Of Biomineral Tissue Development (GO:0070168),19,0,34,12722,9.41620215533259,1.0,,1.0
Negative Regulation Of Blood Coagulation (GO:0030195),29,0,34,12722,6.219356423483173,1.0,,1.0
Negative Regulation Of Blood Pressure (GO:0045776),12,0,34,12722,14.697391304347827,1.0,,1.0
Negative Regulation Of Blood Vessel Endothelial Cell Migration (GO:0043537),33,0,34,12722,5.475016223231668,1.0,,1.0
Negative Regulation Of Blood Vessel Endothelial Cell Proliferation Involved In Sprouting Angiogenesis (GO:1903588),6,0,34,12722,28.277591973244146,1.0,,1.0
Negative Regulation Of Blood Vessel Morphogenesis (GO:2000181),71,0,34,12722,2.5575149488192968,1.0,,1.0
Negative Regulation Of Bone Mineralization (GO:0030502),9,0,34,12722,19.34324942791762,1.0,,1.0
Negative Regulation Of Bone Remodeling (GO:0046851),11,0,34,12722,15.976685570258349,1.0,,1.0
Negative Regulation Of Bone Resorption (GO:0045779),9,0,34,12722,19.34324942791762,1.0,,1.0
"Negative Regulation Of CD4-positive, Alpha-Beta T Cell Activation (GO:2000515)",6,0,34,12722,28.277591973244146,1.0,,1.0
"Negative Regulation Of CD8-positive, Alpha-Beta T Cell Activation (GO:2001186)",6,0,34,12722,28.277591973244146,1.0,,1.0
Negative Regulation Of Calcineurin-Mediated Signaling (GO:0106057),11,0,34,12722,15.976685570258349,1.0,,1.0
Negative Regulation Of Calcium Ion Transmembrane Transport (GO:1903170),16,0,34,12722,11.130873956960913,1.0,,1.0
Negative Regulation Of Calcium Ion Transmembrane Transporter Activity (GO:1901020),25,0,34,12722,7.19721511793123,1.0,,1.0
Negative Regulation Of Calcium Ion Transport (GO:0051926),15,0,34,12722,11.84992987377279,1.0,,1.0
Negative Regulation Of Canonical Wnt Signaling Pathway (GO:0090090),106,0,34,12722,1.712254201537729,1.0,,1.0
Negative Regulation Of Carbohydrate Metabolic Process (GO:0045912),29,0,34,12722,6.219356423483173,1.0,,1.0
Negative Regulation Of Cardiac Muscle Cell Apoptotic Process (GO:0010667),5,0,34,12722,33.42160737812912,1.0,,1.0
Negative Regulation Of Cardiac Muscle Cell Differentiation (GO:2000726),5,0,34,12722,33.42160737812912,1.0,,1.0
Negative Regulation Of Cardiac Muscle Hypertrophy (GO:0010614),12,0,34,12722,14.697391304347827,1.0,,1.0
Negative Regulation Of Cardiac Muscle Tissue Growth (GO:0055022),5,0,34,12722,33.42160737812912,1.0,,1.0
Negative Regulation Of Cardiocyte Differentiation (GO:1905208),6,0,34,12722,28.277591973244146,1.0,,1.0
Negative Regulation Of Cartilage Development (GO:0061037),13,0,34,12722,13.60762211486849,1.0,,1.0
Negative Regulation Of Catalytic Activity (GO:0043086),24,0,34,12722,7.491570541259982,1.0,,1.0
Negative Regulation Of Catecholamine Secretion (GO:0033604),6,0,34,12722,28.277591973244146,1.0,,1.0
Negative Regulation Of Cation Channel Activity (GO:2001258),23,0,34,12722,7.8109774899784155,1.0,,1.0
Negative Regulation Of Cation Transmembrane Transport (GO:1904063),15,0,34,12722,11.84992987377279,1.0,,1.0
Negative Regulation Of Cell Adhesion (GO:0007162),69,0,34,12722,2.6315295589615264,1.0,,1.0
Negative Regulation Of Cell Adhesion Mediated By Integrin (GO:0033629),8,0,34,12722,21.62063086104007,1.0,,1.0
Negative Regulation Of Cell Communication (GO:0010648),19,0,34,12722,9.41620215533259,1.0,,1.0
Negative Regulation Of Cell Cycle (GO:0045786),79,0,34,12722,2.2986965636678516,1.0,,1.0
Negative Regulation Of Cell Cycle G2/M Phase Transition (GO:1902750),6,0,34,12722,28.277591973244146,1.0,,1.0
Negative Regulation Of Cell Cycle Phase Transition (GO:1901988),10,0,34,12722,17.499654934437544,1.0,,1.0
Negative Regulation Of Cell Cycle Process (GO:0010948),33,0,34,12722,5.475016223231668,1.0,,1.0
Negative Regulation Of Cell Death (GO:0060548),54,0,34,12722,3.359792580773833,1.0,,1.0
Negative Regulation Of Cell Development (GO:0010721),19,0,34,12722,9.41620215533259,1.0,,1.0
Negative Regulation Of Cell Differentiation (GO:0045596),196,0,34,12722,0.921377733525095,1.0,,1.0
Negative Regulation Of Cell Division (GO:0051782),10,0,34,12722,17.499654934437544,1.0,,1.0
Negative Regulation Of Cell Junction Assembly (GO:1901889),24,0,34,12722,7.491570541259982,1.0,,1.0
Negative Regulation Of Cell Migration (GO:0030336),156,0,34,12722,1.1605778580358384,1.0,,1.0
Negative Regulation Of Cell Migration Involved In Sprouting Angiogenesis (GO:0090051),13,0,34,12722,13.60762211486849,1.0,,1.0
Negative Regulation Of Cell Motility (GO:2000146),128,0,34,12722,1.4166243726385834,1.0,,1.0
Negative Regulation Of Cell Projection Organization (GO:0031345),46,0,34,12722,3.940314788842138,1.0,,1.0
Negative Regulation Of Cell Size (GO:0045792),5,0,34,12722,33.42160737812912,1.0,,1.0
Negative Regulation Of Cell-Cell Adhesion (GO:0022408),38,0,34,12722,4.762092979484284,1.0,,1.0
Negative Regulation Of Cell-Cell Adhesion Mediated By Cadherin (GO:2000048),8,0,34,12722,21.62063086104007,1.0,,1.0
Negative Regulation Of Cell-Matrix Adhesion (GO:0001953),29,0,34,12722,6.219356423483173,1.0,,1.0
Negative Regulation Of Cell-Substrate Adhesion (GO:0010812),37,0,34,12722,4.889468599033816,1.0,,1.0
Negative Regulation Of Cell-Substrate Junction Organization (GO:0150118),15,0,34,12722,11.84992987377279,1.0,,1.0
Negative Regulation Of Cellular Extravasation (GO:0002692),5,0,34,12722,33.42160737812912,1.0,,1.0
Negative Regulation Of Cellular Metabolic Process (GO:0031324),42,0,34,12722,4.312531969309463,1.0,,1.0
Negative Regulation Of Cellular Response To Growth Factor Stimulus (GO:0090288),65,0,34,12722,2.7931187078216615,1.0,,1.0
Negative Regulation Of Cellular Response To Hypoxia (GO:1900038),5,0,34,12722,33.42160737812912,1.0,,1.0
Negative Regulation Of Cellular Response To Vascular Endothelial Growth Factor Stimulus (GO:1902548),11,0,34,12722,15.976685570258349,1.0,,1.0
Negative Regulation Of Cellular Senescence (GO:2000773),16,0,34,12722,11.130873956960913,1.0,,1.0
Negative Regulation Of Centriole Replication (GO:0046600),6,0,34,12722,28.277591973244146,1.0,,1.0
Negative Regulation Of Centrosome Duplication (GO:0010826),9,0,34,12722,19.34324942791762,1.0,,1.0
Negative Regulation Of Chemokine Production (GO:0032682),16,0,34,12722,11.130873956960913,1.0,,1.0
Negative Regulation Of Chemokine-Mediated Signaling Pathway (GO:0070100),5,0,34,12722,33.42160737812912,1.0,,1.0
Negative Regulation Of Chemotaxis (GO:0050922),31,0,34,12722,5.823556475730388,1.0,,1.0
Negative Regulation Of Cholesterol Transport (GO:0032375),9,0,34,12722,19.34324942791762,1.0,,1.0
Negative Regulation Of Chondrocyte Differentiation (GO:0032331),12,0,34,12722,14.697391304347827,1.0,,1.0
Negative Regulation Of Chromosome Organization (GO:2001251),8,0,34,12722,21.62063086104007,1.0,,1.0
Negative Regulation Of Cilium Assembly (GO:1902018),14,0,34,12722,12.66816591704148,1.0,,1.0
Negative Regulation Of Circadian Rhythm (GO:0042754),7,0,34,12722,24.505314009661834,1.0,,1.0
Negative Regulation Of Coagulation (GO:0050819),11,0,34,12722,15.976685570258349,1.0,,1.0
Negative Regulation Of Complement Activation (GO:0045916),12,0,34,12722,14.697391304347827,1.0,,1.0
"Negative Regulation Of Complement Activation, Classical Pathway (GO:0045959)",7,0,34,12722,24.505314009661834,1.0,,1.0
Negative Regulation Of Cyclin-Dependent Protein Kinase Activity (GO:1904030),19,0,34,12722,9.41620215533259,1.0,,1.0
Negative Regulation Of Cyclin-Dependent Protein Serine/Threonine Kinase Activity (GO:0045736),18,0,34,12722,9.925969447708578,1.0,,1.0
Negative Regulation Of Cysteine-Type Endopeptidase Activity (GO:2000117),52,0,34,12722,3.488336783988958,1.0,,1.0
Negative Regulation Of Cysteine-Type Endopeptidase Activity Involved In Apoptotic Process (GO:0043154),48,0,34,12722,3.777229941730166,1.0,,1.0
Negative Regulation Of Cytokine Production Involved In Immune Response (GO:0002719),16,0,34,12722,11.130873956960913,1.0,,1.0
Negative Regulation Of Cytokinesis (GO:0032466),5,0,34,12722,33.42160737812912,1.0,,1.0
Negative Regulation Of Cytoplasmic Translation (GO:2000766),8,0,34,12722,21.62063086104007,1.0,,1.0
Negative Regulation Of Cytoskeleton Organization (GO:0051494),25,0,34,12722,7.19721511793123,1.0,,1.0
Negative Regulation Of DNA Binding (GO:0043392),28,0,34,12722,6.4380879735570815,1.0,,1.0
Negative Regulation Of DNA Biosynthetic Process (GO:2000279),28,0,34,12722,6.4380879735570815,1.0,,1.0
"Negative Regulation Of DNA Damage Response, Signal Transduction By P53 Class Mediator (GO:0043518)",11,0,34,12722,15.976685570258349,1.0,,1.0
Negative Regulation Of DNA Metabolic Process (GO:0051053),33,0,34,12722,5.475016223231668,1.0,,1.0
Negative Regulation Of DNA Recombination (GO:0045910),24,0,34,12722,7.491570541259982,1.0,,1.0
Negative Regulation Of DNA Replication (GO:0008156),13,0,34,12722,13.60762211486849,1.0,,1.0
Negative Regulation Of DNA-binding Transcription Factor Activity (GO:0043433),141,0,34,12722,1.2851436472576432,1.0,,1.0
Negative Regulation Of DNA-templated DNA Replication (GO:2000104),7,0,34,12722,24.505314009661834,1.0,,1.0
"Negative Regulation Of DNA-templated Transcription, Elongation (GO:0032785)",16,0,34,12722,11.130873956960913,1.0,,1.0
Negative Regulation Of Defense Response (GO:0031348),101,0,34,12722,1.7973156279003355,1.0,,1.0
Negative Regulation Of Defense Response To Virus (GO:0050687),12,0,34,12722,14.697391304347827,1.0,,1.0
Negative Regulation Of Delayed Rectifier Potassium Channel Activity (GO:1902260),8,0,34,12722,21.62063086104007,1.0,,1.0
Negative Regulation Of Dendritic Cell Apoptotic Process (GO:2000669),6,0,34,12722,28.277591973244146,1.0,,1.0
Negative Regulation Of Dendritic Spine Development (GO:0061000),6,0,34,12722,28.277591973244146,1.0,,1.0
Negative Regulation Of Dephosphorylation (GO:0035305),10,0,34,12722,17.499654934437544,1.0,,1.0
Negative Regulation Of Developmental Growth (GO:0048640),30,0,34,12722,6.014967925873129,1.0,,1.0
Negative Regulation Of Developmental Process (GO:0051093),101,0,34,12722,1.7973156279003355,1.0,,1.0
Negative Regulation Of Digestive System Process (GO:0060457),6,0,34,12722,28.277591973244146,1.0,,1.0
Negative Regulation Of Double-Strand Break Repair (GO:2000780),25,0,34,12722,7.19721511793123,1.0,,1.0
Negative Regulation Of Double-Strand Break Repair Via Homologous Recombination (GO:2000042),15,0,34,12722,11.84992987377279,1.0,,1.0
Negative Regulation Of Double-Strand Break Repair Via Nonhomologous End Joining (GO:2001033),5,0,34,12722,33.42160737812912,1.0,,1.0
Negative Regulation Of ERAD Pathway (GO:1904293),5,0,34,12722,33.42160737812912,1.0,,1.0
Negative Regulation Of ERBB Signaling Pathway (GO:1901185),18,0,34,12722,9.925969447708578,1.0,,1.0
Negative Regulation Of ERK1 And ERK2 Cascade (GO:0070373),44,0,34,12722,4.118058948054063,1.0,,1.0
Negative Regulation Of Endocytosis (GO:0045806),31,0,34,12722,5.823556475730388,1.0,,1.0
Negative Regulation Of Endopeptidase Activity (GO:0010951),57,0,34,12722,3.1837429111531192,1.0,,1.0
Negative Regulation Of Endoplasmic Reticulum Calcium Ion Concentration (GO:0032471),5,0,34,12722,33.42160737812912,1.0,,1.0
Negative Regulation Of Endoplasmic Reticulum Stress-Induced Intrinsic Apoptotic Signaling Pathway (GO:1902236),10,0,34,12722,17.499654934437544,1.0,,1.0
Negative Regulation Of Endoplasmic Reticulum Unfolded Protein Response (GO:1900102),12,0,34,12722,14.697391304347827,1.0,,1.0
Negative Regulation Of Endothelial Cell Apoptotic Process (GO:2000352),26,0,34,12722,6.925075198249932,1.0,,1.0
Negative Regulation Of Endothelial Cell Migration (GO:0010596),36,0,34,12722,5.023823704586063,1.0,,1.0
Negative Regulation Of Endothelial Cell Proliferation (GO:0001937),33,0,34,12722,5.475016223231668,1.0,,1.0
Negative Regulation Of Epidermal Cell Differentiation (GO:0045605),6,0,34,12722,28.277591973244146,1.0,,1.0
Negative Regulation Of Epidermal Growth Factor Receptor Signaling Pathway (GO:0042059),23,0,34,12722,7.8109774899784155,1.0,,1.0
Negative Regulation Of Epidermal Growth Factor-Activated Receptor Activity (GO:0007175),12,0,34,12722,14.697391304347827,1.0,,1.0
Negative Regulation Of Epithelial Cell Apoptotic Process (GO:1904036),38,0,34,12722,4.762092979484284,1.0,,1.0
Negative Regulation Of Epithelial Cell Differentiation (GO:0030857),15,0,34,12722,11.84992987377279,1.0,,1.0
Negative Regulation Of Epithelial Cell Migration (GO:0010633),32,0,34,12722,5.643924191750279,1.0,,1.0
Negative Regulation Of Epithelial Cell Proliferation (GO:0050680),66,0,34,12722,2.750898986596927,1.0,,1.0
Negative Regulation Of Epithelial To Mesenchymal Transition (GO:0010719),30,0,34,12722,6.014967925873129,1.0,,1.0
Negative Regulation Of Erythrocyte Differentiation (GO:0045647),5,0,34,12722,33.42160737812912,1.0,,1.0
Negative Regulation Of Establishment Of Protein Localization (GO:1904950),9,0,34,12722,19.34324942791762,1.0,,1.0
Negative Regulation Of Establishment Of Protein Localization To Mitochondrion (GO:1903748),5,0,34,12722,33.42160737812912,1.0,,1.0
Negative Regulation Of Excitatory Postsynaptic Potential (GO:0090394),5,0,34,12722,33.42160737812912,1.0,,1.0
Negative Regulation Of Exocytosis (GO:0045920),9,0,34,12722,19.34324942791762,1.0,,1.0
Negative Regulation Of Extracellular Matrix Organization (GO:1903054),9,0,34,12722,19.34324942791762,1.0,,1.0
Negative Regulation Of Extrinsic Apoptotic Signaling Pathway (GO:2001237),66,0,34,12722,2.750898986596927,1.0,,1.0
Negative Regulation Of Extrinsic Apoptotic Signaling Pathway In Absence Of Ligand (GO:2001240),20,0,34,12722,8.956168257334747,1.0,,1.0
Negative Regulation Of Extrinsic Apoptotic Signaling Pathway Via Death Domain Receptors (GO:1902042),21,0,34,12722,8.538928210313449,1.0,,1.0
Negative Regulation Of Fat Cell Differentiation (GO:0045599),30,0,34,12722,6.014967925873129,1.0,,1.0
Negative Regulation Of Fatty Acid Biosynthetic Process (GO:0045717),14,0,34,12722,12.66816591704148,1.0,,1.0
Negative Regulation Of Fatty Acid Metabolic Process (GO:0045922),18,0,34,12722,9.925969447708578,1.0,,1.0
Negative Regulation Of Fatty Acid Oxidation (GO:0046322),7,0,34,12722,24.505314009661834,1.0,,1.0
Negative Regulation Of Fibrinolysis (GO:0051918),10,0,34,12722,17.499654934437544,1.0,,1.0
Negative Regulation Of Fibroblast Growth Factor Receptor Signaling Pathway (GO:0040037),13,0,34,12722,13.60762211486849,1.0,,1.0
Negative Regulation Of Fibroblast Proliferation (GO:0048147),17,0,34,12722,10.49399585921325,1.0,,1.0
Negative Regulation Of Focal Adhesion Assembly (GO:0051895),15,0,34,12722,11.84992987377279,1.0,,1.0
Negative Regulation Of G Protein-Coupled Receptor Signaling Pathway (GO:0045744),21,0,34,12722,8.538928210313449,1.0,,1.0
Negative Regulation Of G2/M Transition Of Mitotic Cell Cycle (GO:0010972),25,0,34,12722,7.19721511793123,1.0,,1.0
Negative Regulation Of GTPase Activity (GO:0034260),18,0,34,12722,9.925969447708578,1.0,,1.0
Negative Regulation Of Gene Expression Via CpG Island Methylation (GO:0044027),5,0,34,12722,33.42160737812912,1.0,,1.0
Negative Regulation Of Glial Cell Differentiation (GO:0045686),8,0,34,12722,21.62063086104007,1.0,,1.0
Negative Regulation Of Glial Cell Proliferation (GO:0060253),5,0,34,12722,33.42160737812912,1.0,,1.0
Negative Regulation Of Gluconeogenesis (GO:0045721),14,0,34,12722,12.66816591704148,1.0,,1.0
Negative Regulation Of Glucose Import (GO:0046325),6,0,34,12722,28.277591973244146,1.0,,1.0
Negative Regulation Of Glucose Transmembrane Transport (GO:0010829),9,0,34,12722,19.34324942791762,1.0,,1.0
Negative Regulation Of Glycogen Metabolic Process (GO:0070874),5,0,34,12722,33.42160737812912,1.0,,1.0
Negative Regulation Of Glycolytic Process (GO:0045820),10,0,34,12722,17.499654934437544,1.0,,1.0
Negative Regulation Of Glycoprotein Biosynthetic Process (GO:0010561),8,0,34,12722,21.62063086104007,1.0,,1.0
Negative Regulation Of Heart Contraction (GO:0045822),10,0,34,12722,17.499654934437544,1.0,,1.0
Negative Regulation Of Heart Rate (GO:0010459),6,0,34,12722,28.277591973244146,1.0,,1.0
Negative Regulation Of Hematopoietic Progenitor Cell Differentiation (GO:1901533),6,0,34,12722,28.277591973244146,1.0,,1.0
Negative Regulation Of Hemostasis (GO:1900047),9,0,34,12722,19.34324942791762,1.0,,1.0
Negative Regulation Of Heterochromatin Formation (GO:0031452),5,0,34,12722,33.42160737812912,1.0,,1.0
Negative Regulation Of Heterotypic Cell-Cell Adhesion (GO:0034115),9,0,34,12722,19.34324942791762,1.0,,1.0
Negative Regulation Of Hippo Signaling (GO:0035331),10,0,34,12722,17.499654934437544,1.0,,1.0
Negative Regulation Of Histone Acetylation (GO:0035067),5,0,34,12722,33.42160737812912,1.0,,1.0
Negative Regulation Of Homotypic Cell-Cell Adhesion (GO:0034111),10,0,34,12722,17.499654934437544,1.0,,1.0
Negative Regulation Of Hormone Secretion (GO:0046888),9,0,34,12722,19.34324942791762,1.0,,1.0
Negative Regulation Of Humoral Immune Response Mediated By Circulating Immunoglobulin (GO:0002924),9,0,34,12722,19.34324942791762,1.0,,1.0
Negative Regulation Of Hydrogen Peroxide-Induced Cell Death (GO:1903206),9,0,34,12722,19.34324942791762,1.0,,1.0
Negative Regulation Of Hydrolase Activity (GO:0051346),41,0,34,12722,4.416797625283744,1.0,,1.0
Negative Regulation Of Immune Effector Process (GO:0002698),15,0,34,12722,11.84992987377279,1.0,,1.0
Negative Regulation Of Inclusion Body Assembly (GO:0090084),8,0,34,12722,21.62063086104007,1.0,,1.0
Negative Regulation Of Inflammatory Response To Wounding (GO:0106015),7,0,34,12722,24.505314009661834,1.0,,1.0
Negative Regulation Of Innate Immune Response (GO:0045824),49,0,34,12722,3.700629483238179,1.0,,1.0
Negative Regulation Of Insulin Secretion (GO:0046676),15,0,34,12722,11.84992987377279,1.0,,1.0
Negative Regulation Of Insulin-Like Growth Factor Receptor Signaling Pathway (GO:0043569),5,0,34,12722,33.42160737812912,1.0,,1.0
Negative Regulation Of Interferon-Beta Production (GO:0032688),10,0,34,12722,17.499654934437544,1.0,,1.0
Negative Regulation Of Interleukin-1 Beta Production (GO:0032691),23,0,34,12722,7.8109774899784155,1.0,,1.0
Negative Regulation Of Interleukin-1 Production (GO:0032692),27,0,34,12722,6.672727272727273,1.0,,1.0
Negative Regulation Of Interleukin-10 Production (GO:0032693),15,0,34,12722,11.84992987377279,1.0,,1.0
Negative Regulation Of Interleukin-12 Production (GO:0032695),13,0,34,12722,13.60762211486849,1.0,,1.0
Negative Regulation Of Interleukin-17 Production (GO:0032700),9,0,34,12722,19.34324942791762,1.0,,1.0
Negative Regulation Of Interleukin-2 Production (GO:0032703),21,0,34,12722,8.538928210313449,1.0,,1.0
Negative Regulation Of Interleukin-6 Production (GO:0032715),29,0,34,12722,6.219356423483173,1.0,,1.0
Negative Regulation Of Interleukin-8 Production (GO:0032717),15,0,34,12722,11.84992987377279,1.0,,1.0
Negative Regulation Of Intracellular Estrogen Receptor Signaling Pathway (GO:0033147),10,0,34,12722,17.499654934437544,1.0,,1.0
Negative Regulation Of Intracellular Protein Transport (GO:0090317),23,0,34,12722,7.8109774899784155,1.0,,1.0
Negative Regulation Of Intracellular Steroid Hormone Receptor Signaling Pathway (GO:0033144),29,0,34,12722,6.219356423483173,1.0,,1.0
Negative Regulation Of Intracellular Transport (GO:0032387),5,0,34,12722,33.42160737812912,1.0,,1.0
Negative Regulation Of Intrinsic Apoptotic Signaling Pathway (GO:2001243),55,0,34,12722,3.298994646820734,1.0,,1.0
Negative Regulation Of Intrinsic Apoptotic Signaling Pathway By P53 Class Mediator (GO:1902254),13,0,34,12722,13.60762211486849,1.0,,1.0
Negative Regulation Of Intrinsic Apoptotic Signaling Pathway In Response To DNA Damage (GO:1902230),21,0,34,12722,8.538928210313449,1.0,,1.0
Negative Regulation Of Intrinsic Apoptotic Signaling Pathway In Response To DNA Damage By P53 Class Mediator (GO:1902166),10,0,34,12722,17.499654934437544,1.0,,1.0
Negative Regulation Of Ion Transmembrane Transporter Activity (GO:0032413),21,0,34,12722,8.538928210313449,1.0,,1.0
Negative Regulation Of JNK Cascade (GO:0046329),32,0,34,12722,5.643924191750279,1.0,,1.0
Negative Regulation Of JUN Kinase Activity (GO:0043508),12,0,34,12722,14.697391304347827,1.0,,1.0
Negative Regulation Of Keratinocyte Proliferation (GO:0010839),7,0,34,12722,24.505314009661834,1.0,,1.0
Negative Regulation Of Kinase Activity (GO:0033673),56,0,34,12722,3.240348852122611,1.0,,1.0
Negative Regulation Of Lamellipodium Organization (GO:1902744),5,0,34,12722,33.42160737812912,1.0,,1.0
Negative Regulation Of Lens Fiber Cell Differentiation (GO:1902747),5,0,34,12722,33.42160737812912,1.0,,1.0
Negative Regulation Of Leukocyte Activation (GO:0002695),16,0,34,12722,11.130873956960913,1.0,,1.0
Negative Regulation Of Leukocyte Apoptotic Process (GO:2000107),10,0,34,12722,17.499654934437544,1.0,,1.0
Negative Regulation Of Leukocyte Cell-Cell Adhesion (GO:1903038),19,0,34,12722,9.41620215533259,1.0,,1.0
Negative Regulation Of Leukocyte Chemotaxis (GO:0002689),9,0,34,12722,19.34324942791762,1.0,,1.0
Negative Regulation Of Leukocyte Degranulation (GO:0043301),8,0,34,12722,21.62063086104007,1.0,,1.0
Negative Regulation Of Leukocyte Mediated Cytotoxicity (GO:0001911),13,0,34,12722,13.60762211486849,1.0,,1.0
Negative Regulation Of Leukocyte Migration (GO:0002686),9,0,34,12722,19.34324942791762,1.0,,1.0
Negative Regulation Of Leukocyte Proliferation (GO:0070664),7,0,34,12722,24.505314009661834,1.0,,1.0
Negative Regulation Of Lipase Activity (GO:0060192),8,0,34,12722,21.62063086104007,1.0,,1.0
Negative Regulation Of Lipid Kinase Activity (GO:0090219),6,0,34,12722,28.277591973244146,1.0,,1.0
Negative Regulation Of Lipid Localization (GO:1905953),9,0,34,12722,19.34324942791762,1.0,,1.0
Negative Regulation Of Lipopolysaccharide-Mediated Signaling Pathway (GO:0031665),10,0,34,12722,17.499654934437544,1.0,,1.0
Negative Regulation Of Lipoprotein Lipase Activity (GO:0051005),5,0,34,12722,33.42160737812912,1.0,,1.0
Negative Regulation Of Lipoprotein Particle Clearance (GO:0010985),6,0,34,12722,28.277591973244146,1.0,,1.0
Negative Regulation Of Locomotion (GO:0040013),12,0,34,12722,14.697391304347827,1.0,,1.0
Negative Regulation Of Long-Term Synaptic Potentiation (GO:1900272),8,0,34,12722,21.62063086104007,1.0,,1.0
Negative Regulation Of Low-Density Lipoprotein Receptor Activity (GO:1905598),6,0,34,12722,28.277591973244146,1.0,,1.0
Negative Regulation Of Lymphocyte Activation (GO:0051250),23,0,34,12722,7.8109774899784155,1.0,,1.0
Negative Regulation Of Lymphocyte Apoptotic Process (GO:0070229),9,0,34,12722,19.34324942791762,1.0,,1.0
Negative Regulation Of Lymphocyte Migration (GO:2000402),9,0,34,12722,19.34324942791762,1.0,,1.0
Negative Regulation Of Lymphocyte Proliferation (GO:0050672),39,0,34,12722,4.641166758392956,1.0,,1.0
Negative Regulation Of MAP Kinase Activity (GO:0043407),50,0,34,12722,3.627062706270627,1.0,,1.0
Negative Regulation Of MAPK Cascade (GO:0043409),97,0,34,12722,1.8716462281679673,1.0,,1.0
Negative Regulation Of Macroautophagy (GO:0016242),21,0,34,12722,8.538928210313449,1.0,,1.0
Negative Regulation Of Macromolecule Biosynthetic Process (GO:0010558),89,0,34,12722,2.040239656707959,1.0,,1.0
Negative Regulation Of Macrophage Activation (GO:0043031),12,0,34,12722,14.697391304347827,1.0,,1.0
Negative Regulation Of Macrophage Derived Foam Cell Differentiation (GO:0010745),12,0,34,12722,14.697391304347827,1.0,,1.0
Negative Regulation Of Macrophage Migration (GO:1905522),6,0,34,12722,28.277591973244146,1.0,,1.0
Negative Regulation Of Mast Cell Activation (GO:0033004),5,0,34,12722,33.42160737812912,1.0,,1.0
Negative Regulation Of Meiotic Nuclear Division (GO:0045835),6,0,34,12722,28.277591973244146,1.0,,1.0
Negative Regulation Of Membrane Potential (GO:0045837),8,0,34,12722,21.62063086104007,1.0,,1.0
Negative Regulation Of Membrane Protein Ectodomain Proteolysis (GO:0051045),6,0,34,12722,28.277591973244146,1.0,,1.0
Negative Regulation Of Microglial Cell Activation (GO:1903979),5,0,34,12722,33.42160737812912,1.0,,1.0
Negative Regulation Of Microtubule Depolymerization (GO:0007026),18,0,34,12722,9.925969447708578,1.0,,1.0
Negative Regulation Of Microtubule Polymerization (GO:0031115),11,0,34,12722,15.976685570258349,1.0,,1.0
Negative Regulation Of Microtubule Polymerization Or Depolymerization (GO:0031111),29,0,34,12722,6.219356423483173,1.0,,1.0
Negative Regulation Of Mitochondrial Fusion (GO:0010637),6,0,34,12722,28.277591973244146,1.0,,1.0
Negative Regulation Of Mitochondrial Membrane Permeability (GO:0035795),9,0,34,12722,19.34324942791762,1.0,,1.0
Negative Regulation Of Mitochondrial Membrane Potential (GO:0010917),7,0,34,12722,24.505314009661834,1.0,,1.0
Negative Regulation Of Mitochondrial Outer Membrane Permeabilization Involved In Apoptotic Signaling Pathway (GO:1901029),9,0,34,12722,19.34324942791762,1.0,,1.0
Negative Regulation Of Mitochondrion Organization (GO:0010823),36,0,34,12722,5.023823704586063,1.0,,1.0
Negative Regulation Of Mitotic Cell Cycle (GO:0045930),34,0,34,12722,5.315900021003991,1.0,,1.0
Negative Regulation Of Mitotic Metaphase/Anaphase Transition (GO:0045841),27,0,34,12722,6.672727272727273,1.0,,1.0
Negative Regulation Of Mitotic Nuclear Division (GO:0045839),8,0,34,12722,21.62063086104007,1.0,,1.0
Negative Regulation Of Monoatomic Ion Transport (GO:0043271),17,0,34,12722,10.49399585921325,1.0,,1.0
Negative Regulation Of Monocyte Chemotaxis (GO:0090027),5,0,34,12722,33.42160737812912,1.0,,1.0
Negative Regulation Of Mononuclear Cell Migration (GO:0071676),11,0,34,12722,15.976685570258349,1.0,,1.0
Negative Regulation Of Monooxygenase Activity (GO:0032769),7,0,34,12722,24.505314009661834,1.0,,1.0
Negative Regulation Of Morphogenesis Of An Epithelium (GO:1905331),5,0,34,12722,33.42160737812912,1.0,,1.0
Negative Regulation Of Muscle Cell Apoptotic Process (GO:0010656),7,0,34,12722,24.505314009661834,1.0,,1.0
Negative Regulation Of Muscle Cell Differentiation (GO:0051148),5,0,34,12722,33.42160737812912,1.0,,1.0
Negative Regulation Of Muscle Hypertrophy (GO:0014741),7,0,34,12722,24.505314009661834,1.0,,1.0
Negative Regulation Of Myeloid Cell Differentiation (GO:0045638),19,0,34,12722,9.41620215533259,1.0,,1.0
Negative Regulation Of Myeloid Leukocyte Mediated Immunity (GO:0002887),5,0,34,12722,33.42160737812912,1.0,,1.0
Negative Regulation Of Myoblast Differentiation (GO:0045662),13,0,34,12722,13.60762211486849,1.0,,1.0
Negative Regulation Of Myotube Differentiation (GO:0010832),10,0,34,12722,17.499654934437544,1.0,,1.0
Negative Regulation Of NF-kappaB Transcription Factor Activity (GO:0032088),76,0,34,12722,2.3894098702282847,1.0,,1.0
Negative Regulation Of NIK/NF-kappaB Signaling (GO:1901223),23,0,34,12722,7.8109774899784155,1.0,,1.0
Negative Regulation Of Natural Killer Cell Mediated Cytotoxicity (GO:0045953),15,0,34,12722,11.84992987377279,1.0,,1.0
Negative Regulation Of Natural Killer Cell Mediated Immunity (GO:0002716),9,0,34,12722,19.34324942791762,1.0,,1.0
Negative Regulation Of Necroptotic Process (GO:0060546),9,0,34,12722,19.34324942791762,1.0,,1.0
Negative Regulation Of Nervous System Development (GO:0051961),16,0,34,12722,11.130873956960913,1.0,,1.0
Negative Regulation Of Neural Precursor Cell Proliferation (GO:2000178),7,0,34,12722,24.505314009661834,1.0,,1.0
Negative Regulation Of Neurogenesis (GO:0050768),26,0,34,12722,6.925075198249932,1.0,,1.0
Negative Regulation Of Neuron Apoptotic Process (GO:0043524),67,0,34,12722,2.709930220075148,1.0,,1.0
Negative Regulation Of Neuron Death (GO:1901215),80,0,34,12722,2.2699612926456028,1.0,,1.0
Negative Regulation Of Neuron Differentiation (GO:0045665),23,0,34,12722,7.8109774899784155,1.0,,1.0
Negative Regulation Of Neuron Projection Development (GO:0010977),50,0,34,12722,3.627062706270627,1.0,,1.0
Negative Regulation Of Neuron Projection Regeneration (GO:0070571),6,0,34,12722,28.277591973244146,1.0,,1.0
Negative Regulation Of Nitric Oxide Biosynthetic Process (GO:0045019),6,0,34,12722,28.277591973244146,1.0,,1.0
Negative Regulation Of Nitric Oxide Metabolic Process (GO:1904406),6,0,34,12722,28.277591973244146,1.0,,1.0
Negative Regulation Of Nitrogen Compound Metabolic Process (GO:0051172),11,0,34,12722,15.976685570258349,1.0,,1.0
Negative Regulation Of Notch Signaling Pathway (GO:0045746),24,0,34,12722,7.491570541259982,1.0,,1.0
Negative Regulation Of Nuclear Division (GO:0051784),10,0,34,12722,17.499654934437544,1.0,,1.0
"Negative Regulation Of Nuclear-Transcribed mRNA Catabolic Process, Deadenylation-Dependent Decay (GO:1900152)",9,0,34,12722,19.34324942791762,1.0,,1.0
"Negative Regulation Of Nuclear-Transcribed mRNA Catabolic Process, Nonsense-Mediated Decay (GO:2000623)",5,0,34,12722,33.42160737812912,1.0,,1.0
Negative Regulation Of Nucleic Acid-Templated Transcription (GO:1903507),432,0,34,12722,0.4107062075898467,1.0,,1.0
Negative Regulation Of Nucleocytoplasmic Transport (GO:0046823),14,0,34,12722,12.66816591704148,1.0,,1.0
Negative Regulation Of Oligodendrocyte Differentiation (GO:0048715),6,0,34,12722,28.277591973244146,1.0,,1.0
Negative Regulation Of Organelle Assembly (GO:1902116),35,0,34,12722,5.165748111859563,1.0,,1.0
Negative Regulation Of Ossification (GO:0030279),22,0,34,12722,8.158776167471819,1.0,,1.0
Negative Regulation Of Osteoblast Differentiation (GO:0045668),31,0,34,12722,5.823556475730388,1.0,,1.0
Negative Regulation Of Osteoblast Proliferation (GO:0033689),7,0,34,12722,24.505314009661834,1.0,,1.0
Negative Regulation Of Osteoclast Differentiation (GO:0045671),20,0,34,12722,8.956168257334747,1.0,,1.0
Negative Regulation Of Oxidative Stress-Induced Cell Death (GO:1903202),22,0,34,12722,8.158776167471819,1.0,,1.0
Negative Regulation Of Oxidative Stress-Induced Intrinsic Apoptotic Signaling Pathway (GO:1902176),15,0,34,12722,11.84992987377279,1.0,,1.0
Negative Regulation Of Oxidative Stress-Induced Neuron Death (GO:1903204),6,0,34,12722,28.277591973244146,1.0,,1.0
Negative Regulation Of Oxidoreductase Activity (GO:0051354),9,0,34,12722,19.34324942791762,1.0,,1.0
Negative Regulation Of PERK-mediated Unfolded Protein Response (GO:1903898),5,0,34,12722,33.42160737812912,1.0,,1.0
Negative Regulation Of Pathway-Restricted SMAD Protein Phosphorylation (GO:0060394),10,0,34,12722,17.499654934437544,1.0,,1.0
Negative Regulation Of Peptidase Activity (GO:0010466),52,0,34,12722,3.488336783988958,1.0,,1.0
Negative Regulation Of Peptide Hormone Secretion (GO:0090278),16,0,34,12722,11.130873956960913,1.0,,1.0
Negative Regulation Of Peptidyl-Lysine Acetylation (GO:2000757),7,0,34,12722,24.505314009661834,1.0,,1.0
Negative Regulation Of Peptidyl-Serine Phosphorylation (GO:0033137),18,0,34,12722,9.925969447708578,1.0,,1.0
Negative Regulation Of Peptidyl-Threonine Phosphorylation (GO:0010801),12,0,34,12722,14.697391304347827,1.0,,1.0
Negative Regulation Of Phagocytosis (GO:0050765),13,0,34,12722,13.60762211486849,1.0,,1.0
Negative Regulation Of Phosphatase Activity (GO:0010923),15,0,34,12722,11.84992987377279,1.0,,1.0
Negative Regulation Of Phospholipase Activity (GO:0010519),5,0,34,12722,33.42160737812912,1.0,,1.0
Negative Regulation Of Phosphoprotein Phosphatase Activity (GO:0032515),19,0,34,12722,9.41620215533259,1.0,,1.0
Negative Regulation Of Plasma Membrane Bounded Cell Projection Assembly (GO:0120033),29,0,34,12722,6.219356423483173,1.0,,1.0
Negative Regulation Of Plasminogen Activation (GO:0010757),6,0,34,12722,28.277591973244146,1.0,,1.0
Negative Regulation Of Platelet Activation (GO:0010544),15,0,34,12722,11.84992987377279,1.0,,1.0
Negative Regulation Of Platelet Aggregation (GO:0090331),8,0,34,12722,21.62063086104007,1.0,,1.0
Negative Regulation Of Platelet-Derived Growth Factor Receptor Signaling Pathway (GO:0010642),11,0,34,12722,15.976685570258349,1.0,,1.0
Negative Regulation Of Potassium Ion Transmembrane Transport (GO:1901380),11,0,34,12722,15.976685570258349,1.0,,1.0
Negative Regulation Of Potassium Ion Transmembrane Transporter Activity (GO:1901017),9,0,34,12722,19.34324942791762,1.0,,1.0
Negative Regulation Of Potassium Ion Transport (GO:0043267),12,0,34,12722,14.697391304347827,1.0,,1.0
Negative Regulation Of Production Of Molecular Mediator Of Immune Response (GO:0002701),8,0,34,12722,21.62063086104007,1.0,,1.0
Negative Regulation Of Programmed Necrotic Cell Death (GO:0062099),10,0,34,12722,17.499654934437544,1.0,,1.0
Negative Regulation Of Proteasomal Protein Catabolic Process (GO:1901799),32,0,34,12722,5.643924191750279,1.0,,1.0
Negative Regulation Of Proteasomal Ubiquitin-Dependent Protein Catabolic Process (GO:0032435),28,0,34,12722,6.4380879735570815,1.0,,1.0
Negative Regulation Of Protein Autophosphorylation (GO:0031953),9,0,34,12722,19.34324942791762,1.0,,1.0
Negative Regulation Of Protein Binding (GO:0032091),67,0,34,12722,2.709930220075148,1.0,,1.0
Negative Regulation Of Protein Catabolic Process (GO:0042177),49,0,34,12722,3.700629483238179,1.0,,1.0
Negative Regulation Of Protein Dephosphorylation (GO:0035308),18,0,34,12722,9.925969447708578,1.0,,1.0
Negative Regulation Of Protein Depolymerization (GO:1901880),21,0,34,12722,8.538928210313449,1.0,,1.0
Negative Regulation Of Protein Exit From Endoplasmic Reticulum (GO:0070862),9,0,34,12722,19.34324942791762,1.0,,1.0
Negative Regulation Of Protein Import Into Nucleus (GO:0042308),8,0,34,12722,21.62063086104007,1.0,,1.0
Negative Regulation Of Protein K63-linked Ubiquitination (GO:1900045),6,0,34,12722,28.277591973244146,1.0,,1.0
Negative Regulation Of Protein Kinase Activity (GO:0006469),80,0,34,12722,2.2699612926456028,1.0,,1.0
Negative Regulation Of Protein Kinase Activity By Regulation Of Protein Phosphorylation (GO:0044387),5,0,34,12722,33.42160737812912,1.0,,1.0
Negative Regulation Of Protein Kinase B Signaling (GO:0051898),34,0,34,12722,5.315900021003991,1.0,,1.0
Negative Regulation Of Protein Localization (GO:1903828),36,0,34,12722,5.023823704586063,1.0,,1.0
Negative Regulation Of Protein Localization To Cell Surface (GO:2000009),8,0,34,12722,21.62063086104007,1.0,,1.0
Negative Regulation Of Protein Localization To Chromatin (GO:0120186),5,0,34,12722,33.42160737812912,1.0,,1.0
Negative Regulation Of Protein Localization To Nucleus (GO:1900181),21,0,34,12722,8.538928210313449,1.0,,1.0
Negative Regulation Of Protein Maturation (GO:1903318),7,0,34,12722,24.505314009661834,1.0,,1.0
Negative Regulation Of Protein Modification By Small Protein Conjugation Or Removal (GO:1903321),48,0,34,12722,3.777229941730166,1.0,,1.0
Negative Regulation Of Protein Modification Process (GO:0031400),73,0,34,12722,2.487528344671202,1.0,,1.0
Negative Regulation Of Protein Polymerization (GO:0032272),25,0,34,12722,7.19721511793123,1.0,,1.0
Negative Regulation Of Protein Polyubiquitination (GO:1902915),5,0,34,12722,33.42160737812912,1.0,,1.0
Negative Regulation Of Protein Processing (GO:0010955),13,0,34,12722,13.60762211486849,1.0,,1.0
Negative Regulation Of Protein Secretion (GO:0050709),35,0,34,12722,5.165748111859563,1.0,,1.0
Negative Regulation Of Protein Serine/Threonine Kinase Activity (GO:0071901),77,0,34,12722,2.3583917718560077,1.0,,1.0
Negative Regulation Of Protein Sumoylation (GO:0033234),5,0,34,12722,33.42160737812912,1.0,,1.0
Negative Regulation Of Protein Transport (GO:0051224),22,0,34,12722,8.158776167471819,1.0,,1.0
Negative Regulation Of Protein Tyrosine Kinase Activity (GO:0061099),23,0,34,12722,7.8109774899784155,1.0,,1.0
Negative Regulation Of Protein Ubiquitination (GO:0031397),49,0,34,12722,3.700629483238179,1.0,,1.0
Negative Regulation Of Protein-Containing Complex Disassembly (GO:0043242),8,0,34,12722,21.62063086104007,1.0,,1.0
Negative Regulation Of Proteolysis (GO:0045861),38,0,34,12722,4.762092979484284,1.0,,1.0
Negative Regulation Of Proteolysis Involved In Protein Catabolic Process (GO:1903051),18,0,34,12722,9.925969447708578,1.0,,1.0
Negative Regulation Of RIG-I Signaling Pathway (GO:0039536),5,0,34,12722,33.42160737812912,1.0,,1.0
Negative Regulation Of RNA Biosynthetic Process (GO:1902679),12,0,34,12722,14.697391304347827,1.0,,1.0
Negative Regulation Of RNA Catabolic Process (GO:1902369),6,0,34,12722,28.277591973244146,1.0,,1.0
Negative Regulation Of RNA Metabolic Process (GO:0051253),9,0,34,12722,19.34324942791762,1.0,,1.0
Negative Regulation Of RNA Splicing (GO:0033119),15,0,34,12722,11.84992987377279,1.0,,1.0
Negative Regulation Of Ras Protein Signal Transduction (GO:0046580),33,0,34,12722,5.475016223231668,1.0,,1.0
Negative Regulation Of Receptor Binding (GO:1900121),9,0,34,12722,19.34324942791762,1.0,,1.0
Negative Regulation Of Receptor Internalization (GO:0002091),13,0,34,12722,13.60762211486849,1.0,,1.0
Negative Regulation Of Receptor Signaling Pathway Via JAK-STAT (GO:0046426),14,0,34,12722,12.66816591704148,1.0,,1.0
Negative Regulation Of Receptor Signaling Pathway Via STAT (GO:1904893),12,0,34,12722,14.697391304347827,1.0,,1.0
Negative Regulation Of Receptor-Mediated Endocytosis (GO:0048261),26,0,34,12722,6.925075198249932,1.0,,1.0
Negative Regulation Of Regulated Secretory Pathway (GO:1903306),7,0,34,12722,24.505314009661834,1.0,,1.0
Negative Regulation Of Relaxation Of Muscle (GO:1901078),5,0,34,12722,33.42160737812912,1.0,,1.0
Negative Regulation Of Release Of Cytochrome C From Mitochondria (GO:0090201),15,0,34,12722,11.84992987377279,1.0,,1.0
Negative Regulation Of Release Of Sequestered Calcium Ion Into Cytosol (GO:0051280),8,0,34,12722,21.62063086104007,1.0,,1.0
Negative Regulation Of Reproductive Process (GO:2000242),13,0,34,12722,13.60762211486849,1.0,,1.0
Negative Regulation Of Response To Biotic Stimulus (GO:0002832),41,0,34,12722,4.416797625283744,1.0,,1.0
Negative Regulation Of Response To Cytokine Stimulus (GO:0060761),9,0,34,12722,19.34324942791762,1.0,,1.0
Negative Regulation Of Response To Endoplasmic Reticulum Stress (GO:1903573),19,0,34,12722,9.41620215533259,1.0,,1.0
Negative Regulation Of Response To External Stimulus (GO:0032102),134,0,34,12722,1.3527827164484671,1.0,,1.0
Negative Regulation Of Response To Reactive Oxygen Species (GO:1901032),6,0,34,12722,28.277591973244146,1.0,,1.0
Negative Regulation Of Response To Stimulus (GO:0048585),49,0,34,12722,3.700629483238179,1.0,,1.0
Negative Regulation Of Response To Type II Interferon (GO:0060331),5,0,34,12722,33.42160737812912,1.0,,1.0
Negative Regulation Of Response To Wounding (GO:1903035),25,0,34,12722,7.19721511793123,1.0,,1.0
Negative Regulation Of Retinoic Acid Receptor Signaling Pathway (GO:0048387),5,0,34,12722,33.42160737812912,1.0,,1.0
"Negative Regulation Of Retrograde Protein Transport, ER To Cytosol (GO:1904153)",8,0,34,12722,21.62063086104007,1.0,,1.0
Negative Regulation Of Rho Protein Signal Transduction (GO:0035024),16,0,34,12722,11.130873956960913,1.0,,1.0
Negative Regulation Of Ruffle Assembly (GO:1900028),6,0,34,12722,28.277591973244146,1.0,,1.0
Negative Regulation Of Ryanodine-Sensitive Calcium-Release Channel Activity (GO:0060315),8,0,34,12722,21.62063086104007,1.0,,1.0
Negative Regulation Of SMAD Protein Signal Transduction (GO:0060392),7,0,34,12722,24.505314009661834,1.0,,1.0
Negative Regulation Of Secretion (GO:0051048),12,0,34,12722,14.697391304347827,1.0,,1.0
Negative Regulation Of Secretion By Cell (GO:1903531),36,0,34,12722,5.023823704586063,1.0,,1.0
Negative Regulation Of Sequestering Of Calcium Ion (GO:0051283),35,0,34,12722,5.165748111859563,1.0,,1.0
Negative Regulation Of Signal Transduction By P53 Class Mediator (GO:1901797),14,0,34,12722,12.66816591704148,1.0,,1.0
Negative Regulation Of Signal Transduction In Absence Of Ligand (GO:1901099),20,0,34,12722,8.956168257334747,1.0,,1.0
Negative Regulation Of Signaling (GO:0023057),26,0,34,12722,6.925075198249932,1.0,,1.0
Negative Regulation Of Signaling Receptor Activity (GO:2000272),25,0,34,12722,7.19721511793123,1.0,,1.0
Negative Regulation Of Single Stranded Viral RNA Replication Via Double Stranded DNA Intermediate (GO:0045869),10,0,34,12722,17.499654934437544,1.0,,1.0
Negative Regulation Of Small GTPase Mediated Signal Transduction (GO:0051058),18,0,34,12722,9.925969447708578,1.0,,1.0
Negative Regulation Of Small Molecule Metabolic Process (GO:0062014),31,0,34,12722,5.823556475730388,1.0,,1.0
Negative Regulation Of Smooth Muscle Cell Differentiation (GO:0051151),8,0,34,12722,21.62063086104007,1.0,,1.0
Negative Regulation Of Smooth Muscle Cell Migration (GO:0014912),14,0,34,12722,12.66816591704148,1.0,,1.0
Negative Regulation Of Smooth Muscle Cell Proliferation (GO:0048662),36,0,34,12722,5.023823704586063,1.0,,1.0
Negative Regulation Of Smoothened Signaling Pathway (GO:0045879),22,0,34,12722,8.158776167471819,1.0,,1.0
Negative Regulation Of Sodium Ion Transmembrane Transport (GO:1902306),9,0,34,12722,19.34324942791762,1.0,,1.0
Negative Regulation Of Sodium Ion Transmembrane Transporter Activity (GO:2000650),10,0,34,12722,17.499654934437544,1.0,,1.0
Negative Regulation Of Sprouting Angiogenesis (GO:1903671),8,0,34,12722,21.62063086104007,1.0,,1.0
Negative Regulation Of Stem Cell Differentiation (GO:2000737),12,0,34,12722,14.697391304347827,1.0,,1.0
Negative Regulation Of Stem Cell Population Maintenance (GO:1902455),19,0,34,12722,9.41620215533259,1.0,,1.0
Negative Regulation Of Steroid Biosynthetic Process (GO:0010894),10,0,34,12722,17.499654934437544,1.0,,1.0
Negative Regulation Of Stress Fiber Assembly (GO:0051497),23,0,34,12722,7.8109774899784155,1.0,,1.0
Negative Regulation Of Stress-Activated Protein Kinase Signaling Cascade (GO:0070303),5,0,34,12722,33.42160737812912,1.0,,1.0
Negative Regulation Of Striated Muscle Cell Apoptotic Process (GO:0010664),7,0,34,12722,24.505314009661834,1.0,,1.0
Negative Regulation Of Striated Muscle Cell Differentiation (GO:0051154),16,0,34,12722,11.130873956960913,1.0,,1.0
Negative Regulation Of Substrate Adhesion-Dependent Cell Spreading (GO:1900025),12,0,34,12722,14.697391304347827,1.0,,1.0
Negative Regulation Of Synaptic Transmission (GO:0050805),14,0,34,12722,12.66816591704148,1.0,,1.0
Negative Regulation Of Systemic Arterial Blood Pressure (GO:0003085),8,0,34,12722,21.62063086104007,1.0,,1.0
Negative Regulation Of T Cell Activation (GO:0050868),47,0,34,12722,3.8570556826849733,1.0,,1.0
Negative Regulation Of T Cell Apoptotic Process (GO:0070233),7,0,34,12722,24.505314009661834,1.0,,1.0
Negative Regulation Of T Cell Cytokine Production (GO:0002725),8,0,34,12722,21.62063086104007,1.0,,1.0
Negative Regulation Of T Cell Differentiation (GO:0045581),13,0,34,12722,13.60762211486849,1.0,,1.0
Negative Regulation Of T Cell Mediated Cytotoxicity (GO:0001915),6,0,34,12722,28.277591973244146,1.0,,1.0
Negative Regulation Of T Cell Mediated Immunity (GO:0002710),13,0,34,12722,13.60762211486849,1.0,,1.0
Negative Regulation Of T Cell Proliferation (GO:0042130),36,0,34,12722,5.023823704586063,1.0,,1.0
Negative Regulation Of T Cell Receptor Signaling Pathway (GO:0050860),18,0,34,12722,9.925969447708578,1.0,,1.0
Negative Regulation Of T-helper 17 Cell Differentiation (GO:2000320),6,0,34,12722,28.277591973244146,1.0,,1.0
Negative Regulation Of T-helper 17 Type Immune Response (GO:2000317),5,0,34,12722,33.42160737812912,1.0,,1.0
Negative Regulation Of T-helper Cell Differentiation (GO:0045623),9,0,34,12722,19.34324942791762,1.0,,1.0
Negative Regulation Of TOR Signaling (GO:0032007),45,0,34,12722,4.027233635929288,1.0,,1.0
Negative Regulation Of TORC1 Signaling (GO:1904262),20,0,34,12722,8.956168257334747,1.0,,1.0
Negative Regulation Of Telomerase Activity (GO:0051974),8,0,34,12722,21.62063086104007,1.0,,1.0
Negative Regulation Of Telomere Capping (GO:1904354),6,0,34,12722,28.277591973244146,1.0,,1.0
Negative Regulation Of Telomere Maintenance (GO:0032205),14,0,34,12722,12.66816591704148,1.0,,1.0
Negative Regulation Of Telomere Maintenance Via Telomerase (GO:0032211),18,0,34,12722,9.925969447708578,1.0,,1.0
Negative Regulation Of Telomere Maintenance Via Telomere Lengthening (GO:1904357),23,0,34,12722,7.8109774899784155,1.0,,1.0
Negative Regulation Of Toll-Like Receptor Signaling Pathway (GO:0034122),12,0,34,12722,14.697391304347827,1.0,,1.0
Negative Regulation Of Transcription By Competitive Promoter Binding (GO:0010944),8,0,34,12722,21.62063086104007,1.0,,1.0
Negative Regulation Of Transcription By RNA Polymerase I (GO:0016479),6,0,34,12722,28.277591973244146,1.0,,1.0
Negative Regulation Of Transcription Elongation By RNA Polymerase II (GO:0034244),12,0,34,12722,14.697391304347827,1.0,,1.0
Negative Regulation Of Transcription From RNA Polymerase II Promoter In Response To Stress (GO:0097201),5,0,34,12722,33.42160737812912,1.0,,1.0
Negative Regulation Of Transcription Regulatory Region DNA Binding (GO:2000678),14,0,34,12722,12.66816591704148,1.0,,1.0
Negative Regulation Of Transferase Activity (GO:0051348),36,0,34,12722,5.023823704586063,1.0,,1.0
Negative Regulation Of Transforming Growth Factor Beta Production (GO:0071635),9,0,34,12722,19.34324942791762,1.0,,1.0
Negative Regulation Of Translation (GO:0017148),97,0,34,12722,1.8716462281679673,1.0,,1.0
Negative Regulation Of Translational Initiation (GO:0045947),11,0,34,12722,15.976685570258349,1.0,,1.0
Negative Regulation Of Transmembrane Transport (GO:0034763),9,0,34,12722,19.34324942791762,1.0,,1.0
Negative Regulation Of Transport (GO:0051051),36,0,34,12722,5.023823704586063,1.0,,1.0
Negative Regulation Of Transporter Activity (GO:0032410),8,0,34,12722,21.62063086104007,1.0,,1.0
Negative Regulation Of Transposition (GO:0010529),23,0,34,12722,7.8109774899784155,1.0,,1.0
Negative Regulation Of Triglyceride Metabolic Process (GO:0090209),8,0,34,12722,21.62063086104007,1.0,,1.0
Negative Regulation Of Trophoblast Cell Migration (GO:1901164),5,0,34,12722,33.42160737812912,1.0,,1.0
Negative Regulation Of Tumor Necrosis Factor-Mediated Signaling Pathway (GO:0010804),19,0,34,12722,9.41620215533259,1.0,,1.0
Negative Regulation Of Type 2 Immune Response (GO:0002829),6,0,34,12722,28.277591973244146,1.0,,1.0
Negative Regulation Of Type I Interferon Production (GO:0032480),34,0,34,12722,5.315900021003991,1.0,,1.0
Negative Regulation Of Type I Interferon-Mediated Signaling Pathway (GO:0060339),15,0,34,12722,11.84992987377279,1.0,,1.0
Negative Regulation Of Type II Interferon-Mediated Signaling Pathway (GO:0060336),5,0,34,12722,33.42160737812912,1.0,,1.0
Negative Regulation Of Tyrosine Phosphorylation Of STAT Protein (GO:0042532),9,0,34,12722,19.34324942791762,1.0,,1.0
Negative Regulation Of Ubiquitin Protein Ligase Activity (GO:1904667),6,0,34,12722,28.277591973244146,1.0,,1.0
Negative Regulation Of Ubiquitin-Dependent Protein Catabolic Process (GO:2000059),32,0,34,12722,5.643924191750279,1.0,,1.0
Negative Regulation Of Ubiquitin-Protein Transferase Activity (GO:0051444),15,0,34,12722,11.84992987377279,1.0,,1.0
Negative Regulation Of Vascular Associated Smooth Muscle Cell Differentiation (GO:1905064),7,0,34,12722,24.505314009661834,1.0,,1.0
Negative Regulation Of Vascular Associated Smooth Muscle Cell Proliferation (GO:1904706),16,0,34,12722,11.130873956960913,1.0,,1.0
Negative Regulation Of Vascular Endothelial Growth Factor Receptor Signaling Pathway (GO:0030948),8,0,34,12722,21.62063086104007,1.0,,1.0
Negative Regulation Of Vascular Endothelial Growth Factor Signaling Pathway (GO:1900747),9,0,34,12722,19.34324942791762,1.0,,1.0
Negative Regulation Of Vascular Permeability (GO:0043116),11,0,34,12722,15.976685570258349,1.0,,1.0
Negative Regulation Of Viral Genome Replication (GO:0045071),46,0,34,12722,3.940314788842138,1.0,,1.0
Negative Regulation Of Viral Process (GO:0048525),56,0,34,12722,3.240348852122611,1.0,,1.0
Negative Regulation Of Viral Transcription (GO:0032897),13,0,34,12722,13.60762211486849,1.0,,1.0
Negative Regulation Of Viral-Induced Cytoplasmic Pattern Recognition Receptor Signaling Pathway (GO:0039532),14,0,34,12722,12.66816591704148,1.0,,1.0
Negative Regulation Of Vitamin Metabolic Process (GO:0046137),5,0,34,12722,33.42160737812912,1.0,,1.0
Negative Regulation Of Voltage-Gated Calcium Channel Activity (GO:1901386),9,0,34,12722,19.34324942791762,1.0,,1.0
Negative Regulation Of Voltage-Gated Potassium Channel Activity (GO:1903817),10,0,34,12722,17.499654934437544,1.0,,1.0
Negative Regulation Of Wnt Signaling Pathway (GO:0030178),130,0,34,12722,1.3946915431173301,1.0,,1.0
Negative Regulation Of Wound Healing (GO:0061045),27,0,34,12722,6.672727272727273,1.0,,1.0
Negative Regulation Of cAMP-dependent Protein Kinase Activity (GO:2000480),7,0,34,12722,24.505314009661834,1.0,,1.0
Negative Regulation Of cAMP-mediated Signaling (GO:0043951),8,0,34,12722,21.62063086104007,1.0,,1.0
Negative Regulation Of calcineurin-NFAT Signaling Cascade (GO:0070885),11,0,34,12722,15.976685570258349,1.0,,1.0
Negative Regulation Of mRNA Catabolic Process (GO:1902373),36,0,34,12722,5.023823704586063,1.0,,1.0
Negative Regulation Of mRNA Processing (GO:0050686),13,0,34,12722,13.60762211486849,1.0,,1.0
"Negative Regulation Of mRNA Splicing, Via Spliceosome (GO:0048025)",12,0,34,12722,14.697391304347827,1.0,,1.0
Negative Regulation Of miRNA Metabolic Process (GO:2000629),19,0,34,12722,9.41620215533259,1.0,,1.0
Negative Regulation Of miRNA Processing (GO:1903799),6,0,34,12722,28.277591973244146,1.0,,1.0
Negative Regulation Of miRNA Transcription (GO:1902894),19,0,34,12722,9.41620215533259,1.0,,1.0
Nephron Tubule Development (GO:0072080),5,0,34,12722,33.42160737812912,1.0,,1.0
Nerve Growth Factor Signaling Pathway (GO:0038180),7,0,34,12722,24.505314009661834,1.0,,1.0
Neural Crest Cell Development (GO:0014032),43,0,34,12722,4.213060136598368,1.0,,1.0
Neural Crest Cell Differentiation (GO:0014033),17,0,34,12722,10.49399585921325,1.0,,1.0
Neural Crest Cell Migration (GO:0001755),36,0,34,12722,5.023823704586063,1.0,,1.0
Neuroblast Proliferation (GO:0007405),5,0,34,12722,33.42160737812912,1.0,,1.0
Neuroepithelial Cell Differentiation (GO:0060563),7,0,34,12722,24.505314009661834,1.0,,1.0
Neurogenesis (GO:0022008),46,0,34,12722,3.940314788842138,1.0,,1.0
Neuromuscular Junction Development (GO:0007528),24,0,34,12722,7.491570541259982,1.0,,1.0
Neuromuscular Process (GO:0050905),17,0,34,12722,10.49399585921325,1.0,,1.0
Neuromuscular Process Controlling Balance (GO:0050885),12,0,34,12722,14.697391304347827,1.0,,1.0
Neuromuscular Synaptic Transmission (GO:0007274),15,0,34,12722,11.84992987377279,1.0,,1.0
Neuron Apoptotic Process (GO:0051402),18,0,34,12722,9.925969447708578,1.0,,1.0
Neuron Cell-Cell Adhesion (GO:0007158),14,0,34,12722,12.66816591704148,1.0,,1.0
Neuron Development (GO:0048666),140,0,34,12722,1.2943937284027025,1.0,,1.0
Neuron Fate Commitment (GO:0048663),17,0,34,12722,10.49399585921325,1.0,,1.0
Neuron Fate Specification (GO:0048665),7,0,34,12722,24.505314009661834,1.0,,1.0
Neuron Maturation (GO:0042551),17,0,34,12722,10.49399585921325,1.0,,1.0
Neuron Projection Arborization (GO:0140058),7,0,34,12722,24.505314009661834,1.0,,1.0
Neuron Projection Extension (GO:1990138),36,0,34,12722,5.023823704586063,1.0,,1.0
Neuron Projection Extension Involved In Neuron Projection Guidance (GO:1902284),6,0,34,12722,28.277591973244146,1.0,,1.0
Neuron Projection Fasciculation (GO:0106030),10,0,34,12722,17.499654934437544,1.0,,1.0
Neuron Projection Guidance (GO:0097485),121,0,34,12722,1.4990755650981094,1.0,,1.0
Neuron Projection Regeneration (GO:0031102),7,0,34,12722,24.505314009661834,1.0,,1.0
Neuron Remodeling (GO:0016322),9,0,34,12722,19.34324942791762,1.0,,1.0
Neuronal Action Potential (GO:0019228),8,0,34,12722,21.62063086104007,1.0,,1.0
Neuronal Ion Channel Clustering (GO:0045161),8,0,34,12722,21.62063086104007,1.0,,1.0
Neuropeptide Signaling Pathway (GO:0007218),54,0,34,12722,3.359792580773833,1.0,,1.0
Neurotransmitter Biosynthetic Process (GO:0042136),9,0,34,12722,19.34324942791762,1.0,,1.0
Neurotransmitter Receptor Diffusion Trapping (GO:0099628),7,0,34,12722,24.505314009661834,1.0,,1.0
Neurotransmitter Receptor Transport To Postsynaptic Membrane (GO:0098969),9,0,34,12722,19.34324942791762,1.0,,1.0
"Neurotransmitter Receptor Transport, Endosome To Plasma Membrane (GO:0099639)",7,0,34,12722,24.505314009661834,1.0,,1.0
"Neurotransmitter Receptor Transport, Endosome To Postsynaptic Membrane (GO:0098887)",6,0,34,12722,28.277591973244146,1.0,,1.0
"Neurotransmitter Receptor Transport, Postsynaptic Endosome To Lysosome (GO:0098943)",6,0,34,12722,28.277591973244146,1.0,,1.0
Neurotransmitter Reuptake (GO:0098810),7,0,34,12722,24.505314009661834,1.0,,1.0
Neurotransmitter Secretion (GO:0007269),40,0,34,12722,4.526212202540705,1.0,,1.0
Neurotransmitter Transport (GO:0006836),50,0,34,12722,3.627062706270627,1.0,,1.0
Neurotransmitter Uptake (GO:0001504),11,0,34,12722,15.976685570258349,1.0,,1.0
Neurotransmitter-Gated Ion Channel Clustering (GO:0072578),5,0,34,12722,33.42160737812912,1.0,,1.0
Neurotrophin Signaling Pathway (GO:0038179),13,0,34,12722,13.60762211486849,1.0,,1.0
Neurotrophin TRK Receptor Signaling Pathway (GO:0048011),5,0,34,12722,33.42160737812912,1.0,,1.0
Neutrophil Activation (GO:0042119),17,0,34,12722,10.49399585921325,1.0,,1.0
Neutrophil Activation Involved In Immune Response (GO:0002283),11,0,34,12722,15.976685570258349,1.0,,1.0
Neutrophil Chemotaxis (GO:0030593),62,0,34,12722,2.9278840579710144,1.0,,1.0
Neutrophil Degranulation (GO:0043312),5,0,34,12722,33.42160737812912,1.0,,1.0
Neutrophil Extravasation (GO:0072672),5,0,34,12722,33.42160737812912,1.0,,1.0
Neutrophil Mediated Immunity (GO:0002446),11,0,34,12722,15.976685570258349,1.0,,1.0
Neutrophil Migration (GO:1990266),69,0,34,12722,2.6315295589615264,1.0,,1.0
Nicotinamide Nucleotide Biosynthetic Process (GO:0019359),8,0,34,12722,21.62063086104007,1.0,,1.0
Nicotinamide Nucleotide Metabolic Process (GO:0046496),16,0,34,12722,11.130873956960913,1.0,,1.0
Nitric Oxide Biosynthetic Process (GO:0006809),12,0,34,12722,14.697391304347827,1.0,,1.0
Nitric Oxide Mediated Signal Transduction (GO:0007263),14,0,34,12722,12.66816591704148,1.0,,1.0
Nitric Oxide Metabolic Process (GO:0046209),13,0,34,12722,13.60762211486849,1.0,,1.0
Non-Motile Cilium Assembly (GO:1905515),30,0,34,12722,6.014967925873129,1.0,,1.0
Nonribosomal Peptide Biosynthetic Process (GO:0019184),7,0,34,12722,24.505314009661834,1.0,,1.0
Noradrenergic Neuron Differentiation (GO:0003357),6,0,34,12722,28.277591973244146,1.0,,1.0
Norepinephrine Biosynthetic Process (GO:0042421),5,0,34,12722,33.42160737812912,1.0,,1.0
Norepinephrine Metabolic Process (GO:0042415),6,0,34,12722,28.277591973244146,1.0,,1.0
Norepinephrine Transport (GO:0015874),6,0,34,12722,28.277591973244146,1.0,,1.0
Nose Development (GO:0043584),6,0,34,12722,28.277591973244146,1.0,,1.0
Notch Receptor Processing (GO:0007220),7,0,34,12722,24.505314009661834,1.0,,1.0
Notch Signaling Involved In Heart Development (GO:0061314),10,0,34,12722,17.499654934437544,1.0,,1.0
Notch Signaling Pathway (GO:0007219),38,0,34,12722,4.762092979484284,1.0,,1.0
Nuclear Body Organization (GO:0030575),10,0,34,12722,17.499654934437544,1.0,,1.0
Nuclear Chromosome Segregation (GO:0098813),16,0,34,12722,11.130873956960913,1.0,,1.0
Nuclear Envelope Organization (GO:0006998),17,0,34,12722,10.49399585921325,1.0,,1.0
Nuclear Membrane Disassembly (GO:0051081),8,0,34,12722,21.62063086104007,1.0,,1.0
Nuclear Membrane Organization (GO:0071763),24,0,34,12722,7.491570541259982,1.0,,1.0
Nuclear Membrane Reassembly (GO:0031468),21,0,34,12722,8.538928210313449,1.0,,1.0
Nuclear Migration (GO:0007097),16,0,34,12722,11.130873956960913,1.0,,1.0
Nuclear Polyadenylation-Dependent ncRNA Catabolic Process (GO:0071046),6,0,34,12722,28.277591973244146,1.0,,1.0
Nuclear Polyadenylation-Dependent rRNA Catabolic Process (GO:0071035),6,0,34,12722,28.277591973244146,1.0,,1.0
Nuclear Polyadenylation-Dependent tRNA Catabolic Process (GO:0071038),6,0,34,12722,28.277591973244146,1.0,,1.0
Nuclear Pore Complex Assembly (GO:0051292),10,0,34,12722,17.499654934437544,1.0,,1.0
Nuclear Pore Organization (GO:0006999),14,0,34,12722,12.66816591704148,1.0,,1.0
Nuclear RNA Surveillance (GO:0071027),10,0,34,12722,17.499654934437544,1.0,,1.0
Nuclear mRNA Surveillance (GO:0071028),9,0,34,12722,19.34324942791762,1.0,,1.0
Nuclear-Transcribed mRNA Catabolic Process (GO:0000956),75,0,34,12722,2.421249640080622,1.0,,1.0
"Nuclear-Transcribed mRNA Catabolic Process, Deadenylation-Dependent Decay (GO:0000288)",35,0,34,12722,5.165748111859563,1.0,,1.0
"Nuclear-Transcribed mRNA Catabolic Process, Deadenylation-Independent Decay (GO:0031086)",6,0,34,12722,28.277591973244146,1.0,,1.0
"Nuclear-Transcribed mRNA Catabolic Process, Exonucleolytic (GO:0000291)",16,0,34,12722,11.130873956960913,1.0,,1.0
"Nuclear-Transcribed mRNA Catabolic Process, Exonucleolytic, 3'-5' (GO:0034427)",7,0,34,12722,24.505314009661834,1.0,,1.0
"Nuclear-Transcribed mRNA Catabolic Process, Nonsense-Mediated Decay (GO:0000184)",22,0,34,12722,8.158776167471819,1.0,,1.0
Nuclear-Transcribed mRNA poly(A) Tail Shortening (GO:0000289),17,0,34,12722,10.49399585921325,1.0,,1.0
Nucleic Acid Metabolic Process (GO:0090304),28,0,34,12722,6.4380879735570815,1.0,,1.0
Nucleic Acid Phosphodiester Bond Hydrolysis (GO:0090305),21,0,34,12722,8.538928210313449,1.0,,1.0
Nucleic Acid Transport (GO:0050657),6,0,34,12722,28.277591973244146,1.0,,1.0
Nucleic Acid-Templated Transcription (GO:0097659),37,0,34,12722,4.889468599033816,1.0,,1.0
Nucleobase Biosynthetic Process (GO:0046112),6,0,34,12722,28.277591973244146,1.0,,1.0
Nucleobase Catabolic Process (GO:0046113),6,0,34,12722,28.277591973244146,1.0,,1.0
Nucleobase Transport (GO:0015851),5,0,34,12722,33.42160737812912,1.0,,1.0
Nucleobase-Containing Compound Biosynthetic Process (GO:0034654),9,0,34,12722,19.34324942791762,1.0,,1.0
Nucleobase-Containing Compound Catabolic Process (GO:0034655),39,0,34,12722,4.641166758392956,1.0,,1.0
Nucleobase-Containing Small Molecule Interconversion (GO:0015949),6,0,34,12722,28.277591973244146,1.0,,1.0
Nucleolar Chromatin Organization (GO:1990700),7,0,34,12722,24.505314009661834,1.0,,1.0
Nucleoside Diphosphate Catabolic Process (GO:0009134),5,0,34,12722,33.42160737812912,1.0,,1.0
Nucleoside Diphosphate Metabolic Process (GO:0009132),7,0,34,12722,24.505314009661834,1.0,,1.0
Nucleoside Metabolic Process (GO:0009116),9,0,34,12722,19.34324942791762,1.0,,1.0
Nucleoside Phosphate Biosynthetic Process (GO:1901293),9,0,34,12722,19.34324942791762,1.0,,1.0
Nucleoside Phosphate Catabolic Process (GO:1901292),10,0,34,12722,17.499654934437544,1.0,,1.0
Nucleoside Transport (GO:0015858),5,0,34,12722,33.42160737812912,1.0,,1.0
Nucleoside Triphosphate Metabolic Process (GO:0009141),8,0,34,12722,21.62063086104007,1.0,,1.0
Nucleosome Assembly (GO:0006334),34,0,34,12722,5.315900021003991,1.0,,1.0
Nucleosome Disassembly (GO:0006337),15,0,34,12722,11.84992987377279,1.0,,1.0
Nucleosome Organization (GO:0034728),53,0,34,12722,3.422863334687796,1.0,,1.0
Nucleotide Biosynthetic Process (GO:0009165),19,0,34,12722,9.41620215533259,1.0,,1.0
Nucleotide Catabolic Process (GO:0009166),5,0,34,12722,33.42160737812912,1.0,,1.0
Nucleotide Metabolic Process (GO:0009117),12,0,34,12722,14.697391304347827,1.0,,1.0
Nucleotide Transport (GO:0006862),6,0,34,12722,28.277591973244146,1.0,,1.0
"Nucleotide-Binding Domain, Leucine Rich Repeat Containing Receptor Signaling Pathway (GO:0035872)",5,0,34,12722,33.42160737812912,1.0,,1.0
Nucleotide-Binding Oligomerization Domain Containing 2 Signaling Pathway (GO:0070431),5,0,34,12722,33.42160737812912,1.0,,1.0
Nucleotide-Binding Oligomerization Domain Containing Signaling Pathway (GO:0070423),9,0,34,12722,19.34324942791762,1.0,,1.0
Nucleotide-Excision Repair (GO:0006289),53,0,34,12722,3.422863334687796,1.0,,1.0
Nucleotide-Sugar Biosynthetic Process (GO:0009226),14,0,34,12722,12.66816591704148,1.0,,1.0
Nucleotide-Sugar Metabolic Process (GO:0009225),12,0,34,12722,14.697391304347827,1.0,,1.0
Nucleus Organization (GO:0006997),41,0,34,12722,4.416797625283744,1.0,,1.0
O-glycan Processing (GO:0016266),40,0,34,12722,4.526212202540705,1.0,,1.0
Odontogenesis Of Dentin-Containing Tooth (GO:0042475),13,0,34,12722,13.60762211486849,1.0,,1.0
Olefinic Compound Biosynthetic Process (GO:0120255),5,0,34,12722,33.42160737812912,1.0,,1.0
Oligodendrocyte Development (GO:0014003),16,0,34,12722,11.130873956960913,1.0,,1.0
Oligodendrocyte Differentiation (GO:0048709),19,0,34,12722,9.41620215533259,1.0,,1.0
Oligosaccharide Biosynthetic Process (GO:0009312),22,0,34,12722,8.158776167471819,1.0,,1.0
Oligosaccharide Catabolic Process (GO:0009313),9,0,34,12722,19.34324942791762,1.0,,1.0
Oligosaccharide Metabolic Process (GO:0009311),45,0,34,12722,4.027233635929288,1.0,,1.0
Oligosaccharide-Lipid Intermediate Biosynthetic Process (GO:0006490),11,0,34,12722,15.976685570258349,1.0,,1.0
Omega-Hydroxylase P450 Pathway (GO:0097267),9,0,34,12722,19.34324942791762,1.0,,1.0
One-Carbon Compound Transport (GO:0019755),29,0,34,12722,6.219356423483173,1.0,,1.0
Oogenesis (GO:0048477),10,0,34,12722,17.499654934437544,1.0,,1.0
Organelle Assembly (GO:0070925),289,0,34,12722,0.6207354008660609,1.0,,1.0
Organelle Disassembly (GO:1903008),49,0,34,12722,3.700629483238179,1.0,,1.0
Organelle Fission (GO:0048285),20,0,34,12722,8.956168257334747,1.0,,1.0
Organelle Membrane Fusion (GO:0090174),25,0,34,12722,7.19721511793123,1.0,,1.0
Organelle Transport Along Microtubule (GO:0072384),38,0,34,12722,4.762092979484284,1.0,,1.0
Organic Anion Transport (GO:0015711),79,0,34,12722,2.2986965636678516,1.0,,1.0
Organic Cation Transport (GO:0015695),29,0,34,12722,6.219356423483173,1.0,,1.0
Organic Cyclic Compound Biosynthetic Process (GO:1901362),23,0,34,12722,7.8109774899784155,1.0,,1.0
Organic Cyclic Compound Catabolic Process (GO:1901361),9,0,34,12722,19.34324942791762,1.0,,1.0
Organic Hydroxy Compound Biosynthetic Process (GO:1901617),41,0,34,12722,4.416797625283744,1.0,,1.0
Organic Hydroxy Compound Catabolic Process (GO:1901616),8,0,34,12722,21.62063086104007,1.0,,1.0
Organic Hydroxy Compound Transport (GO:0015850),43,0,34,12722,4.213060136598368,1.0,,1.0
Organonitrogen Compound Catabolic Process (GO:1901565),68,0,34,12722,2.6701576219189675,1.0,,1.0
Organophosphate Biosynthetic Process (GO:0090407),32,0,34,12722,5.643924191750279,1.0,,1.0
Organophosphate Catabolic Process (GO:0046434),11,0,34,12722,15.976685570258349,1.0,,1.0
Organophosphate Ester Transport (GO:0015748),24,0,34,12722,7.491570541259982,1.0,,1.0
Ornithine Metabolic Process (GO:0006591),9,0,34,12722,19.34324942791762,1.0,,1.0
Ornithine Transport (GO:0015822),5,0,34,12722,33.42160737812912,1.0,,1.0
Osmosensory Signaling Pathway (GO:0007231),5,0,34,12722,33.42160737812912,1.0,,1.0
Osteoblast Development (GO:0002076),7,0,34,12722,24.505314009661834,1.0,,1.0
Outer Dynein Arm Assembly (GO:0036158),12,0,34,12722,14.697391304347827,1.0,,1.0
Outer Mitochondrial Membrane Organization (GO:0007008),11,0,34,12722,15.976685570258349,1.0,,1.0
Outflow Tract Septum Morphogenesis (GO:0003148),23,0,34,12722,7.8109774899784155,1.0,,1.0
Oxidative Phosphorylation (GO:0006119),44,0,34,12722,4.118058948054063,1.0,,1.0
Oxoacid Metabolic Process (GO:0043436),16,0,34,12722,11.130873956960913,1.0,,1.0
Oxygen Transport (GO:0015671),7,0,34,12722,24.505314009661834,1.0,,1.0
P-body Assembly (GO:0033962),11,0,34,12722,15.976685570258349,1.0,,1.0
PERK-mediated Unfolded Protein Response (GO:0036499),5,0,34,12722,33.42160737812912,1.0,,1.0
Pancreas Development (GO:0031016),12,0,34,12722,14.697391304347827,1.0,,1.0
Parallel Actin Filament Bundle Assembly (GO:0030046),6,0,34,12722,28.277591973244146,1.0,,1.0
Pathway-Restricted SMAD Protein Phosphorylation (GO:0060389),11,0,34,12722,15.976685570258349,1.0,,1.0
Pattern Recognition Receptor Signaling Pathway (GO:0002221),52,0,34,12722,3.488336783988958,1.0,,1.0
Pentose-Phosphate Shunt (GO:0006098),11,0,34,12722,15.976685570258349,1.0,,1.0
"Pentose-Phosphate Shunt, Non-Oxidative Branch (GO:0009052)",5,0,34,12722,33.42160737812912,1.0,,1.0
Peptide Antigen Assembly With MHC Class II Protein Complex (GO:0002503),11,0,34,12722,15.976685570258349,1.0,,1.0
Peptide Antigen Assembly With MHC Protein Complex (GO:0002501),15,0,34,12722,11.84992987377279,1.0,,1.0
Peptide Biosynthetic Process (GO:0043043),129,0,34,12722,1.4055732751384926,1.0,,1.0
Peptide Catabolic Process (GO:0043171),19,0,34,12722,9.41620215533259,1.0,,1.0
Peptide Hormone Secretion (GO:0030072),24,0,34,12722,7.491570541259982,1.0,,1.0
Peptide Metabolic Process (GO:0006518),50,0,34,12722,3.627062706270627,1.0,,1.0
Peptide Transport (GO:0015833),6,0,34,12722,28.277591973244146,1.0,,1.0
Peptidyl-Amino Acid Modification (GO:0018193),9,0,34,12722,19.34324942791762,1.0,,1.0
Peptidyl-Arginine Modification (GO:0018195),6,0,34,12722,28.277591973244146,1.0,,1.0
Peptidyl-Cysteine Modification (GO:0018198),8,0,34,12722,21.62063086104007,1.0,,1.0
Peptidyl-Diphthamide Biosynthetic Process From Peptidyl-Histidine (GO:0017183),5,0,34,12722,33.42160737812912,1.0,,1.0
Peptidyl-Diphthamide Metabolic Process (GO:0017182),5,0,34,12722,33.42160737812912,1.0,,1.0
Peptidyl-Glutamic Acid Modification (GO:0018200),18,0,34,12722,9.925969447708578,1.0,,1.0
Peptidyl-Lysine Acetylation (GO:0018394),9,0,34,12722,19.34324942791762,1.0,,1.0
Peptidyl-Lysine Deacetylation (GO:0034983),7,0,34,12722,24.505314009661834,1.0,,1.0
Peptidyl-Lysine Dimethylation (GO:0018027),8,0,34,12722,21.62063086104007,1.0,,1.0
Peptidyl-Lysine Hydroxylation (GO:0017185),7,0,34,12722,24.505314009661834,1.0,,1.0
Peptidyl-Lysine Methylation (GO:0018022),20,0,34,12722,8.956168257334747,1.0,,1.0
Peptidyl-Lysine Modification (GO:0018205),86,0,34,12722,2.111502052441987,1.0,,1.0
Peptidyl-Lysine Monomethylation (GO:0018026),8,0,34,12722,21.62063086104007,1.0,,1.0
Peptidyl-Lysine Trimethylation (GO:0018023),11,0,34,12722,15.976685570258349,1.0,,1.0
Peptidyl-Methionine Modification (GO:0018206),13,0,34,12722,13.60762211486849,1.0,,1.0
Peptidyl-Proline Hydroxylation (GO:0019511),10,0,34,12722,17.499654934437544,1.0,,1.0
Peptidyl-Proline Hydroxylation To 4-hydroxy-L-proline (GO:0018401),7,0,34,12722,24.505314009661834,1.0,,1.0
Peptidyl-Proline Modification (GO:0018208),19,0,34,12722,9.41620215533259,1.0,,1.0
Peptidyl-Serine Autophosphorylation (GO:0036289),7,0,34,12722,24.505314009661834,1.0,,1.0
Peptidyl-Serine Dephosphorylation (GO:0070262),9,0,34,12722,19.34324942791762,1.0,,1.0
Peptidyl-Threonine Dephosphorylation (GO:0035970),17,0,34,12722,10.49399585921325,1.0,,1.0
Peptidyl-Threonine Modification (GO:0018210),64,0,34,12722,2.8366475676890235,1.0,,1.0
Peptidyl-Threonine Phosphorylation (GO:0018107),57,0,34,12722,3.1837429111531192,1.0,,1.0
Peptidyl-Tyrosine Autophosphorylation (GO:0038083),10,0,34,12722,17.499654934437544,1.0,,1.0
Peptidyl-Tyrosine Dephosphorylation (GO:0035335),28,0,34,12722,6.4380879735570815,1.0,,1.0
Peptidyl-Tyrosine Dephosphorylation Involved In Inactivation Of Protein Kinase Activity (GO:1990264),7,0,34,12722,24.505314009661834,1.0,,1.0
Peptidyl-Tyrosine Modification (GO:0018212),52,0,34,12722,3.488336783988958,1.0,,1.0
Peptidyl-Tyrosine Phosphorylation (GO:0018108),63,0,34,12722,2.8815474152687437,1.0,,1.0
Pericardium Development (GO:0060039),5,0,34,12722,33.42160737812912,1.0,,1.0
Peripheral Nervous System Axon Ensheathment (GO:0032292),8,0,34,12722,21.62063086104007,1.0,,1.0
Peripheral Nervous System Development (GO:0007422),20,0,34,12722,8.956168257334747,1.0,,1.0
Peroxisomal Transport (GO:0043574),7,0,34,12722,24.505314009661834,1.0,,1.0
Peroxisome Fission (GO:0016559),8,0,34,12722,21.62063086104007,1.0,,1.0
Peroxisome Proliferator Activated Receptor Signaling Pathway (GO:0035357),7,0,34,12722,24.505314009661834,1.0,,1.0
"Phagocytosis, Engulfment (GO:0006911)",27,0,34,12722,6.672727272727273,1.0,,1.0
Phagolysosome Assembly (GO:0001845),13,0,34,12722,13.60762211486849,1.0,,1.0
Phagosome Acidification (GO:0090383),5,0,34,12722,33.42160737812912,1.0,,1.0
Phagosome Maturation (GO:0090382),14,0,34,12722,12.66816591704148,1.0,,1.0
Phagosome-Lysosome Fusion (GO:0090385),10,0,34,12722,17.499654934437544,1.0,,1.0
Pharyngeal Arch Artery Morphogenesis (GO:0061626),6,0,34,12722,28.277591973244146,1.0,,1.0
Pharyngeal System Development (GO:0060037),15,0,34,12722,11.84992987377279,1.0,,1.0
Phasic Smooth Muscle Contraction (GO:0014821),10,0,34,12722,17.499654934437544,1.0,,1.0
Phenol-Containing Compound Biosynthetic Process (GO:0046189),9,0,34,12722,19.34324942791762,1.0,,1.0
Phosphate Ion Homeostasis (GO:0055062),12,0,34,12722,14.697391304347827,1.0,,1.0
Phosphate Ion Transmembrane Transport (GO:0035435),10,0,34,12722,17.499654934437544,1.0,,1.0
Phosphate Ion Transport (GO:0006817),18,0,34,12722,9.925969447708578,1.0,,1.0
Phosphatidic Acid Biosynthetic Process (GO:0006654),28,0,34,12722,6.4380879735570815,1.0,,1.0
Phosphatidic Acid Metabolic Process (GO:0046473),31,0,34,12722,5.823556475730388,1.0,,1.0
Phosphatidylcholine Acyl-Chain Remodeling (GO:0036151),12,0,34,12722,14.697391304347827,1.0,,1.0
Phosphatidylcholine Biosynthetic Process (GO:0006656),19,0,34,12722,9.41620215533259,1.0,,1.0
Phosphatidylcholine Catabolic Process (GO:0034638),7,0,34,12722,24.505314009661834,1.0,,1.0
Phosphatidylcholine Metabolic Process (GO:0046470),49,0,34,12722,3.700629483238179,1.0,,1.0
Phosphatidylethanolamine Acyl-Chain Remodeling (GO:0036152),6,0,34,12722,28.277591973244146,1.0,,1.0
Phosphatidylethanolamine Biosynthetic Process (GO:0006646),8,0,34,12722,21.62063086104007,1.0,,1.0
Phosphatidylethanolamine Metabolic Process (GO:0046337),17,0,34,12722,10.49399585921325,1.0,,1.0
Phosphatidylglycerol Acyl-Chain Remodeling (GO:0036148),6,0,34,12722,28.277591973244146,1.0,,1.0
Phosphatidylglycerol Biosynthetic Process (GO:0006655),7,0,34,12722,24.505314009661834,1.0,,1.0
Phosphatidylglycerol Metabolic Process (GO:0046471),16,0,34,12722,11.130873956960913,1.0,,1.0
Phosphatidylinositol Biosynthetic Process (GO:0006661),90,0,34,12722,2.017535431179438,1.0,,1.0
Phosphatidylinositol Dephosphorylation (GO:0046856),14,0,34,12722,12.66816591704148,1.0,,1.0
Phosphatidylinositol Metabolic Process (GO:0046488),57,0,34,12722,3.1837429111531192,1.0,,1.0
Phosphatidylinositol Phosphate Biosynthetic Process (GO:0046854),39,0,34,12722,4.641166758392956,1.0,,1.0
Phosphatidylinositol-3-Phosphate Biosynthetic Process (GO:0036092),11,0,34,12722,15.976685570258349,1.0,,1.0
Phosphatidylserine Acyl-Chain Remodeling (GO:0036150),7,0,34,12722,24.505314009661834,1.0,,1.0
Phosphatidylserine Metabolic Process (GO:0006658),17,0,34,12722,10.49399585921325,1.0,,1.0
Phospholipase C-activating Dopamine Receptor Signaling Pathway (GO:0060158),6,0,34,12722,28.277591973244146,1.0,,1.0
Phospholipase C-activating G Protein-Coupled Receptor Signaling Pathway (GO:0007200),73,0,34,12722,2.487528344671202,1.0,,1.0
Phospholipid Biosynthetic Process (GO:0008654),25,0,34,12722,7.19721511793123,1.0,,1.0
Phospholipid Catabolic Process (GO:0009395),24,0,34,12722,7.491570541259982,1.0,,1.0
Phospholipid Dephosphorylation (GO:0046839),28,0,34,12722,6.4380879735570815,1.0,,1.0
Phospholipid Efflux (GO:0033700),11,0,34,12722,15.976685570258349,1.0,,1.0
Phospholipid Homeostasis (GO:0055091),12,0,34,12722,14.697391304347827,1.0,,1.0
Phospholipid Metabolic Process (GO:0006644),62,0,34,12722,2.9278840579710144,1.0,,1.0
Phospholipid Translocation (GO:0045332),28,0,34,12722,6.4380879735570815,1.0,,1.0
Phospholipid Transport (GO:0015914),56,0,34,12722,3.240348852122611,1.0,,1.0
Photoperiodism (GO:0009648),22,0,34,12722,8.158776167471819,1.0,,1.0
Photoreceptor Cell Development (GO:0042461),11,0,34,12722,15.976685570258349,1.0,,1.0
"Phototransduction, Visible Light (GO:0007603)",8,0,34,12722,21.62063086104007,1.0,,1.0
Piecemeal Microautophagy Of The Nucleus (GO:0034727),9,0,34,12722,19.34324942791762,1.0,,1.0
Pigment Granule Transport (GO:0051904),14,0,34,12722,12.66816591704148,1.0,,1.0
Pinocytosis (GO:0006907),8,0,34,12722,21.62063086104007,1.0,,1.0
Pituitary Gland Development (GO:0021983),6,0,34,12722,28.277591973244146,1.0,,1.0
Placenta Blood Vessel Development (GO:0060674),5,0,34,12722,33.42160737812912,1.0,,1.0
Placenta Development (GO:0001890),20,0,34,12722,8.956168257334747,1.0,,1.0
Plasma Membrane Bounded Cell Projection Assembly (GO:0120031),250,0,34,12722,0.7196331973733692,1.0,,1.0
Plasma Membrane Bounded Cell Projection Organization (GO:0120036),125,0,34,12722,1.4508343437842832,1.0,,1.0
Plasma Membrane Invagination (GO:0099024),25,0,34,12722,7.19721511793123,1.0,,1.0
Plasma Membrane Raft Assembly (GO:0044854),5,0,34,12722,33.42160737812912,1.0,,1.0
Plasma Membrane Raft Organization (GO:0044857),5,0,34,12722,33.42160737812912,1.0,,1.0
Plasma Membrane Repair (GO:0001778),19,0,34,12722,9.41620215533259,1.0,,1.0
Plasma Membrane To Endosome Transport (GO:0048227),7,0,34,12722,24.505314009661834,1.0,,1.0
Plasma Membrane Tubulation (GO:0097320),11,0,34,12722,15.976685570258349,1.0,,1.0
Plasminogen Activation (GO:0031639),8,0,34,12722,21.62063086104007,1.0,,1.0
Platelet Activating Factor Metabolic Process (GO:0046469),6,0,34,12722,28.277591973244146,1.0,,1.0
Platelet Aggregation (GO:0070527),34,0,34,12722,5.315900021003991,1.0,,1.0
Platelet Dense Granule Organization (GO:0060155),20,0,34,12722,8.956168257334747,1.0,,1.0
Platelet-Derived Growth Factor Receptor Signaling Pathway (GO:0048008),15,0,34,12722,11.84992987377279,1.0,,1.0
Plus-End-Directed Organelle Transport Along Microtubule (GO:0072386),5,0,34,12722,33.42160737812912,1.0,,1.0
Podocyte Cell Migration (GO:0090521),5,0,34,12722,33.42160737812912,1.0,,1.0
Podocyte Development (GO:0072015),5,0,34,12722,33.42160737812912,1.0,,1.0
Podocyte Differentiation (GO:0072112),11,0,34,12722,15.976685570258349,1.0,,1.0
Polarized Epithelial Cell Differentiation (GO:0030859),14,0,34,12722,12.66816591704148,1.0,,1.0
Polyadenylation-Dependent snoRNA 3'-End Processing (GO:0071051),6,0,34,12722,28.277591973244146,1.0,,1.0
Polyamine Biosynthetic Process (GO:0006596),6,0,34,12722,28.277591973244146,1.0,,1.0
Polyamine Metabolic Process (GO:0006595),11,0,34,12722,15.976685570258349,1.0,,1.0
Polyamine Transport (GO:0015846),5,0,34,12722,33.42160737812912,1.0,,1.0
Polyol Biosynthetic Process (GO:0046173),15,0,34,12722,11.84992987377279,1.0,,1.0
Polyol Metabolic Process (GO:0019751),17,0,34,12722,10.49399585921325,1.0,,1.0
Polysaccharide Biosynthetic Process (GO:0000271),12,0,34,12722,14.697391304347827,1.0,,1.0
Pore Complex Assembly (GO:0046931),18,0,34,12722,9.925969447708578,1.0,,1.0
Porphyrin-Containing Compound Catabolic Process (GO:0006787),10,0,34,12722,17.499654934437544,1.0,,1.0
Positive Chemotaxis (GO:0050918),16,0,34,12722,11.130873956960913,1.0,,1.0
Positive Regulation By Host Of Viral Genome Replication (GO:0044829),7,0,34,12722,24.505314009661834,1.0,,1.0
Positive Regulation By Host Of Viral Process (GO:0044794),16,0,34,12722,11.130873956960913,1.0,,1.0
Positive Regulation By Host Of Viral Transcription (GO:0043923),16,0,34,12722,11.130873956960913,1.0,,1.0
Positive Regulation By Symbiont Of Entry Into Host (GO:0075294),12,0,34,12722,14.697391304347827,1.0,,1.0
Positive Regulation Of ATP-dependent Activity (GO:0032781),38,0,34,12722,4.762092979484284,1.0,,1.0
Positive Regulation Of Acrosome Reaction (GO:2000344),5,0,34,12722,33.42160737812912,1.0,,1.0
Positive Regulation Of Actin Cytoskeleton Reorganization (GO:2000251),8,0,34,12722,21.62063086104007,1.0,,1.0
Positive Regulation Of Actin Filament Bundle Assembly (GO:0032233),49,0,34,12722,3.700629483238179,1.0,,1.0
Positive Regulation Of Actin Filament Depolymerization (GO:0030836),7,0,34,12722,24.505314009661834,1.0,,1.0
Positive Regulation Of Actin Filament Polymerization (GO:0030838),38,0,34,12722,4.762092979484284,1.0,,1.0
Positive Regulation Of Actin Nucleation (GO:0051127),10,0,34,12722,17.499654934437544,1.0,,1.0
Positive Regulation Of Activated T Cell Proliferation (GO:0042104),18,0,34,12722,9.925969447708578,1.0,,1.0
Positive Regulation Of Activation Of Janus Kinase Activity (GO:0010536),6,0,34,12722,28.277591973244146,1.0,,1.0
Positive Regulation Of Activin Receptor Signaling Pathway (GO:0032927),5,0,34,12722,33.42160737812912,1.0,,1.0
Positive Regulation Of Acute Inflammatory Response (GO:0002675),13,0,34,12722,13.60762211486849,1.0,,1.0
Positive Regulation Of Adaptive Immune Response (GO:0002821),8,0,34,12722,21.62063086104007,1.0,,1.0
Positive Regulation Of Adaptive Immune Response Based On Somatic Recombination Of Immune Receptors Built From Immunoglobulin Superfamily Domains (GO:0002824),13,0,34,12722,13.60762211486849,1.0,,1.0
Positive Regulation Of Adenylate Cyclase Activity (GO:0045762),24,0,34,12722,7.491570541259982,1.0,,1.0
Positive Regulation Of Adipose Tissue Development (GO:1904179),7,0,34,12722,24.505314009661834,1.0,,1.0
Positive Regulation Of Alcohol Biosynthetic Process (GO:1902932),12,0,34,12722,14.697391304347827,1.0,,1.0
Positive Regulation Of Alpha-Beta T Cell Activation (GO:0046635),18,0,34,12722,9.925969447708578,1.0,,1.0
Positive Regulation Of Alpha-Beta T Cell Differentiation (GO:0046638),12,0,34,12722,14.697391304347827,1.0,,1.0
Positive Regulation Of Alpha-Beta T Cell Proliferation (GO:0046641),17,0,34,12722,10.49399585921325,1.0,,1.0
Positive Regulation Of Amide Metabolic Process (GO:0034250),78,0,34,12722,2.3281639435059542,1.0,,1.0
Positive Regulation Of Amyloid Precursor Protein Catabolic Process (GO:1902993),19,0,34,12722,9.41620215533259,1.0,,1.0
Positive Regulation Of Amyloid-Beta Formation (GO:1902004),15,0,34,12722,11.84992987377279,1.0,,1.0
Positive Regulation Of Animal Organ Morphogenesis (GO:0110110),5,0,34,12722,33.42160737812912,1.0,,1.0
Positive Regulation Of Antigen Processing And Presentation (GO:0002579),5,0,34,12722,33.42160737812912,1.0,,1.0
Positive Regulation Of Antigen Receptor-Mediated Signaling Pathway (GO:0050857),20,0,34,12722,8.956168257334747,1.0,,1.0
Positive Regulation Of Apoptotic Signaling Pathway (GO:2001235),56,0,34,12722,3.240348852122611,1.0,,1.0
Positive Regulation Of Arp2/3 Complex-Mediated Actin Nucleation (GO:2000601),7,0,34,12722,24.505314009661834,1.0,,1.0
Positive Regulation Of Aspartic-Type Endopeptidase Activity Involved In Amyloid Precursor Protein Catabolic Process (GO:1902961),6,0,34,12722,28.277591973244146,1.0,,1.0
Positive Regulation Of Aspartic-Type Peptidase Activity (GO:1905247),7,0,34,12722,24.505314009661834,1.0,,1.0
Positive Regulation Of Astrocyte Differentiation (GO:0048711),7,0,34,12722,24.505314009661834,1.0,,1.0
Positive Regulation Of Attachment Of Mitotic Spindle Microtubules To Kinetochore (GO:1902425),7,0,34,12722,24.505314009661834,1.0,,1.0
Positive Regulation Of Attachment Of Spindle Microtubules To Kinetochore (GO:0051987),10,0,34,12722,17.499654934437544,1.0,,1.0
Positive Regulation Of Autophagosome Assembly (GO:2000786),15,0,34,12722,11.84992987377279,1.0,,1.0
Positive Regulation Of Autophagosome Maturation (GO:1901098),5,0,34,12722,33.42160737812912,1.0,,1.0
Positive Regulation Of Autophagy (GO:0010508),98,0,34,12722,1.8524976090634886,1.0,,1.0
Positive Regulation Of Autophagy Of Mitochondrion (GO:1903599),7,0,34,12722,24.505314009661834,1.0,,1.0
Positive Regulation Of Axon Extension (GO:0045773),19,0,34,12722,9.41620215533259,1.0,,1.0
Positive Regulation Of Axonogenesis (GO:0050772),38,0,34,12722,4.762092979484284,1.0,,1.0
Positive Regulation Of B Cell Activation (GO:0050871),49,0,34,12722,3.700629483238179,1.0,,1.0
Positive Regulation Of B Cell Differentiation (GO:0045579),10,0,34,12722,17.499654934437544,1.0,,1.0
Positive Regulation Of B Cell Proliferation (GO:0030890),29,0,34,12722,6.219356423483173,1.0,,1.0
Positive Regulation Of B Cell Receptor Signaling Pathway (GO:0050861),6,0,34,12722,28.277591973244146,1.0,,1.0
Positive Regulation Of BMP Signaling Pathway (GO:0030513),21,0,34,12722,8.538928210313449,1.0,,1.0
Positive Regulation Of Behavior (GO:0048520),11,0,34,12722,15.976685570258349,1.0,,1.0
Positive Regulation Of Binding (GO:0051099),85,0,34,12722,2.136367488770235,1.0,,1.0
Positive Regulation Of Biomineral Tissue Development (GO:0070169),40,0,34,12722,4.526212202540705,1.0,,1.0
Positive Regulation Of Biosynthetic Process (GO:0009891),41,0,34,12722,4.416797625283744,1.0,,1.0
Positive Regulation Of Blood Circulation (GO:1903524),5,0,34,12722,33.42160737812912,1.0,,1.0
Positive Regulation Of Blood Coagulation (GO:0030194),20,0,34,12722,8.956168257334747,1.0,,1.0
Positive Regulation Of Blood Pressure (GO:0045777),7,0,34,12722,24.505314009661834,1.0,,1.0
Positive Regulation Of Blood Vessel Endothelial Cell Migration (GO:0043536),42,0,34,12722,4.312531969309463,1.0,,1.0
Positive Regulation Of Blood Vessel Endothelial Cell Proliferation Involved In Sprouting Angiogenesis (GO:1903589),7,0,34,12722,24.505314009661834,1.0,,1.0
Positive Regulation Of Bone Mineralization (GO:0030501),37,0,34,12722,4.889468599033816,1.0,,1.0
Positive Regulation Of Bone Resorption (GO:0045780),10,0,34,12722,17.499654934437544,1.0,,1.0
Positive Regulation Of Branching Involved In Ureteric Bud Morphogenesis (GO:0090190),11,0,34,12722,15.976685570258349,1.0,,1.0
Positive Regulation Of Brown Fat Cell Differentiation (GO:0090336),13,0,34,12722,13.60762211486849,1.0,,1.0
"Positive Regulation Of CD4-positive, Alpha-Beta T Cell Activation (GO:2000516)",11,0,34,12722,15.976685570258349,1.0,,1.0
"Positive Regulation Of CD4-positive, Alpha-Beta T Cell Differentiation (GO:0043372)",7,0,34,12722,24.505314009661834,1.0,,1.0
"Positive Regulation Of CD4-positive, CD25-positive, Alpha-Beta Regulatory T Cell Differentiation (GO:0032831)",5,0,34,12722,33.42160737812912,1.0,,1.0
"Positive Regulation Of CD8-positive, Alpha-Beta T Cell Activation (GO:2001187)",7,0,34,12722,24.505314009661834,1.0,,1.0
Positive Regulation Of CREB Transcription Factor Activity (GO:0032793),17,0,34,12722,10.49399585921325,1.0,,1.0
Positive Regulation Of Calcineurin-Mediated Signaling (GO:0106058),16,0,34,12722,11.130873956960913,1.0,,1.0
Positive Regulation Of Calcium Ion Import (GO:0090280),6,0,34,12722,28.277591973244146,1.0,,1.0
Positive Regulation Of Calcium Ion Import Across Plasma Membrane (GO:1905665),7,0,34,12722,24.505314009661834,1.0,,1.0
Positive Regulation Of Calcium Ion Transmembrane Transport (GO:1904427),39,0,34,12722,4.641166758392956,1.0,,1.0
Positive Regulation Of Calcium Ion Transmembrane Transporter Activity (GO:1901021),24,0,34,12722,7.491570541259982,1.0,,1.0
Positive Regulation Of Calcium Ion Transport (GO:0051928),27,0,34,12722,6.672727272727273,1.0,,1.0
Positive Regulation Of Calcium Ion Transport Into Cytosol (GO:0010524),8,0,34,12722,21.62063086104007,1.0,,1.0
Positive Regulation Of Calcium Ion-Dependent Exocytosis (GO:0045956),6,0,34,12722,28.277591973244146,1.0,,1.0
Positive Regulation Of Canonical Wnt Signaling Pathway (GO:0090263),81,0,34,12722,2.2419311816484395,1.0,,1.0
Positive Regulation Of Carbohydrate Metabolic Process (GO:0045913),33,0,34,12722,5.475016223231668,1.0,,1.0
Positive Regulation Of Cardiac Epithelial To Mesenchymal Transition (GO:0062043),7,0,34,12722,24.505314009661834,1.0,,1.0
Positive Regulation Of Cardiac Muscle Cell Proliferation (GO:0060045),12,0,34,12722,14.697391304347827,1.0,,1.0
Positive Regulation Of Cardiac Muscle Hypertrophy (GO:0010613),17,0,34,12722,10.49399585921325,1.0,,1.0
Positive Regulation Of Cardiac Muscle Tissue Growth (GO:0055023),15,0,34,12722,11.84992987377279,1.0,,1.0
Positive Regulation Of Cardiocyte Differentiation (GO:1905209),8,0,34,12722,21.62063086104007,1.0,,1.0
Positive Regulation Of Cartilage Development (GO:0061036),15,0,34,12722,11.84992987377279,1.0,,1.0
Positive Regulation Of Catabolic Process (GO:0009896),75,0,34,12722,2.421249640080622,1.0,,1.0
Positive Regulation Of Catalytic Activity (GO:0043085),36,0,34,12722,5.023823704586063,1.0,,1.0
Positive Regulation Of Catecholamine Secretion (GO:0033605),6,0,34,12722,28.277591973244146,1.0,,1.0
Positive Regulation Of Cation Channel Activity (GO:2001259),31,0,34,12722,5.823556475730388,1.0,,1.0
Positive Regulation Of Cation Transmembrane Transport (GO:1904064),18,0,34,12722,9.925969447708578,1.0,,1.0
Positive Regulation Of Cell Activation (GO:0050867),14,0,34,12722,12.66816591704148,1.0,,1.0
Positive Regulation Of Cell Adhesion (GO:0045785),85,0,34,12722,2.136367488770235,1.0,,1.0
Positive Regulation Of Cell Adhesion Mediated By Integrin (GO:0033630),17,0,34,12722,10.49399585921325,1.0,,1.0
Positive Regulation Of Cell Communication (GO:0010647),29,0,34,12722,6.219356423483173,1.0,,1.0
Positive Regulation Of Cell Cycle (GO:0045787),62,0,34,12722,2.9278840579710144,1.0,,1.0
Positive Regulation Of Cell Cycle G2/M Phase Transition (GO:1902751),24,0,34,12722,7.491570541259982,1.0,,1.0
Positive Regulation Of Cell Cycle Phase Transition (GO:1901989),15,0,34,12722,11.84992987377279,1.0,,1.0
Positive Regulation Of Cell Death (GO:0010942),43,0,34,12722,4.213060136598368,1.0,,1.0
Positive Regulation Of Cell Development (GO:0010720),32,0,34,12722,5.643924191750279,1.0,,1.0
Positive Regulation Of Cell Division (GO:0051781),35,0,34,12722,5.165748111859563,1.0,,1.0
Positive Regulation Of Cell Growth (GO:0030307),98,0,34,12722,1.8524976090634886,1.0,,1.0
Positive Regulation Of Cell Junction Assembly (GO:1901890),57,0,34,12722,3.1837429111531192,1.0,,1.0
Positive Regulation Of Cell Killing (GO:0031343),5,0,34,12722,33.42160737812912,1.0,,1.0
Positive Regulation Of Cell Migration By Vascular Endothelial Growth Factor Signaling Pathway (GO:0038089),7,0,34,12722,24.505314009661834,1.0,,1.0
Positive Regulation Of Cell Migration Involved In Sprouting Angiogenesis (GO:0090050),15,0,34,12722,11.84992987377279,1.0,,1.0
Positive Regulation Of Cell Morphogenesis Involved In Differentiation (GO:0010770),12,0,34,12722,14.697391304347827,1.0,,1.0
Positive Regulation Of Cell Population Proliferation (GO:0008284),446,0,34,12722,0.39737410130321177,1.0,,1.0
Positive Regulation Of Cell Projection Organization (GO:0031346),112,0,34,12722,1.6201610305958132,1.0,,1.0
Positive Regulation Of Cell-Cell Adhesion (GO:0022409),44,0,34,12722,4.118058948054063,1.0,,1.0
Positive Regulation Of Cell-Cell Adhesion Mediated By Cadherin (GO:2000049),7,0,34,12722,24.505314009661834,1.0,,1.0
Positive Regulation Of Cell-Cell Adhesion Mediated By Integrin (GO:0033634),5,0,34,12722,33.42160737812912,1.0,,1.0
Positive Regulation Of Cell-Matrix Adhesion (GO:0001954),42,0,34,12722,4.312531969309463,1.0,,1.0
Positive Regulation Of Cell-Substrate Adhesion (GO:0010811),71,0,34,12722,2.5575149488192968,1.0,,1.0
Positive Regulation Of Cell-Substrate Junction Organization (GO:0150117),23,0,34,12722,7.8109774899784155,1.0,,1.0
Positive Regulation Of Cellular Biosynthetic Process (GO:0031328),166,0,34,12722,1.0900030465247856,1.0,,1.0
Positive Regulation Of Cellular Metabolic Process (GO:0031325),52,0,34,12722,3.488336783988958,1.0,,1.0
Positive Regulation Of Cellular Respiration (GO:1901857),10,0,34,12722,17.499654934437544,1.0,,1.0
Positive Regulation Of Cellular Response To Transforming Growth Factor Beta Stimulus (GO:1903846),24,0,34,12722,7.491570541259982,1.0,,1.0
Positive Regulation Of Cellular Senescence (GO:2000774),9,0,34,12722,19.34324942791762,1.0,,1.0
Positive Regulation Of Chemokine (C-X-C Motif) Ligand 2 Production (GO:2000343),6,0,34,12722,28.277591973244146,1.0,,1.0
Positive Regulation Of Chemokine Production (GO:0032722),52,0,34,12722,3.488336783988958,1.0,,1.0
Positive Regulation Of Cholesterol Biosynthetic Process (GO:0045542),5,0,34,12722,33.42160737812912,1.0,,1.0
Positive Regulation Of Cholesterol Metabolic Process (GO:0090205),9,0,34,12722,19.34324942791762,1.0,,1.0
Positive Regulation Of Cholesterol Storage (GO:0010886),5,0,34,12722,33.42160737812912,1.0,,1.0
Positive Regulation Of Chondrocyte Differentiation (GO:0032332),9,0,34,12722,19.34324942791762,1.0,,1.0
Positive Regulation Of Chromatin Binding (GO:0035563),8,0,34,12722,21.62063086104007,1.0,,1.0
Positive Regulation Of Chromosome Condensation (GO:1905821),7,0,34,12722,24.505314009661834,1.0,,1.0
Positive Regulation Of Chromosome Organization (GO:2001252),32,0,34,12722,5.643924191750279,1.0,,1.0
Positive Regulation Of Chromosome Segregation (GO:0051984),18,0,34,12722,9.925969447708578,1.0,,1.0
Positive Regulation Of Chromosome Separation (GO:1905820),13,0,34,12722,13.60762211486849,1.0,,1.0
Positive Regulation Of Cilium Assembly (GO:0045724),19,0,34,12722,9.41620215533259,1.0,,1.0
Positive Regulation Of Circadian Rhythm (GO:0042753),10,0,34,12722,17.499654934437544,1.0,,1.0
Positive Regulation Of CoA-transferase Activity (GO:1905920),6,0,34,12722,28.277591973244146,1.0,,1.0
Positive Regulation Of Coagulation (GO:0050820),11,0,34,12722,15.976685570258349,1.0,,1.0
Positive Regulation Of Cold-Induced Thermogenesis (GO:0120162),96,0,34,12722,1.8911917098445596,1.0,,1.0
Positive Regulation Of Collagen Biosynthetic Process (GO:0032967),13,0,34,12722,13.60762211486849,1.0,,1.0
Positive Regulation Of Collagen Metabolic Process (GO:0010714),13,0,34,12722,13.60762211486849,1.0,,1.0
Positive Regulation Of Cyclase Activity (GO:0031281),12,0,34,12722,14.697391304347827,1.0,,1.0
Positive Regulation Of Cyclin-Dependent Protein Kinase Activity (GO:1904031),17,0,34,12722,10.49399585921325,1.0,,1.0
Positive Regulation Of Cyclin-Dependent Protein Serine/Threonine Kinase Activity (GO:0045737),14,0,34,12722,12.66816591704148,1.0,,1.0
Positive Regulation Of Cysteine-Type Endopeptidase Activity (GO:2001056),62,0,34,12722,2.9278840579710144,1.0,,1.0
Positive Regulation Of Cysteine-Type Endopeptidase Activity Involved In Apoptotic Process (GO:0043280),105,0,34,12722,1.728621471254894,1.0,,1.0
Positive Regulation Of Cysteine-Type Endopeptidase Activity Involved In Apoptotic Signaling Pathway (GO:2001269),6,0,34,12722,28.277591973244146,1.0,,1.0
Positive Regulation Of Cytokine Production Involved In Immune Response (GO:0002720),30,0,34,12722,6.014967925873129,1.0,,1.0
Positive Regulation Of Cytokine Production Involved In Inflammatory Response (GO:1900017),16,0,34,12722,11.130873956960913,1.0,,1.0
Positive Regulation Of Cytokine-Mediated Signaling Pathway (GO:0001961),37,0,34,12722,4.889468599033816,1.0,,1.0
Positive Regulation Of Cytokinesis (GO:0032467),31,0,34,12722,5.823556475730388,1.0,,1.0
Positive Regulation Of Cytoplasmic Translation (GO:2000767),14,0,34,12722,12.66816591704148,1.0,,1.0
Positive Regulation Of Cytoplasmic Transport (GO:1903651),9,0,34,12722,19.34324942791762,1.0,,1.0
Positive Regulation Of Cytosolic Calcium Ion Concentration Involved In Phospholipase C-activating G Protein-Coupled Signaling Pathway (GO:0051482),25,0,34,12722,7.19721511793123,1.0,,1.0
Positive Regulation Of DNA Binding (GO:0043388),30,0,34,12722,6.014967925873129,1.0,,1.0
Positive Regulation Of DNA Biosynthetic Process (GO:2000573),62,0,34,12722,2.9278840579710144,1.0,,1.0
"Positive Regulation Of DNA Damage Response, Signal Transduction By P53 Class Mediator (GO:0043517)",14,0,34,12722,12.66816591704148,1.0,,1.0
Positive Regulation Of DNA Demethylation (GO:1901537),6,0,34,12722,28.277591973244146,1.0,,1.0
Positive Regulation Of DNA Metabolic Process (GO:0051054),101,0,34,12722,1.7973156279003355,1.0,,1.0
Positive Regulation Of DNA Methylation-Dependent Heterochromatin Formation (GO:0090309),8,0,34,12722,21.62063086104007,1.0,,1.0
Positive Regulation Of DNA Recombination (GO:0045911),45,0,34,12722,4.027233635929288,1.0,,1.0
Positive Regulation Of DNA Repair (GO:0045739),85,0,34,12722,2.136367488770235,1.0,,1.0
Positive Regulation Of DNA Replication (GO:0045740),18,0,34,12722,9.925969447708578,1.0,,1.0
Positive Regulation Of DNA-directed DNA Polymerase Activity (GO:1900264),12,0,34,12722,14.697391304347827,1.0,,1.0
Positive Regulation Of DNA-templated DNA Replication (GO:2000105),10,0,34,12722,17.499654934437544,1.0,,1.0
Positive Regulation Of DNA-templated Transcription Initiation (GO:2000144),53,0,34,12722,3.422863334687796,1.0,,1.0
"Positive Regulation Of DNA-templated Transcription, Elongation (GO:0032786)",53,0,34,12722,3.422863334687796,1.0,,1.0
Positive Regulation Of Deacetylase Activity (GO:0090045),6,0,34,12722,28.277591973244146,1.0,,1.0
Positive Regulation Of Defense Response (GO:0031349),117,0,34,12722,1.5506012950971322,1.0,,1.0
Positive Regulation Of Defense Response To Bacterium (GO:1900426),10,0,34,12722,17.499654934437544,1.0,,1.0
Positive Regulation Of Defense Response To Virus By Host (GO:0002230),24,0,34,12722,7.491570541259982,1.0,,1.0
Positive Regulation Of Dendrite Development (GO:1900006),9,0,34,12722,19.34324942791762,1.0,,1.0
Positive Regulation Of Dendrite Extension (GO:1903861),16,0,34,12722,11.130873956960913,1.0,,1.0
Positive Regulation Of Dendrite Morphogenesis (GO:0050775),16,0,34,12722,11.130873956960913,1.0,,1.0
Positive Regulation Of Dendritic Cell Antigen Processing And Presentation (GO:0002606),5,0,34,12722,33.42160737812912,1.0,,1.0
Positive Regulation Of Dendritic Cell Chemotaxis (GO:2000510),7,0,34,12722,24.505314009661834,1.0,,1.0
Positive Regulation Of Dendritic Cell Cytokine Production (GO:0002732),6,0,34,12722,28.277591973244146,1.0,,1.0
Positive Regulation Of Dendritic Spine Development (GO:0060999),19,0,34,12722,9.41620215533259,1.0,,1.0
Positive Regulation Of Dendritic Spine Morphogenesis (GO:0061003),7,0,34,12722,24.505314009661834,1.0,,1.0
Positive Regulation Of Dephosphorylation (GO:0035306),26,0,34,12722,6.925075198249932,1.0,,1.0
Positive Regulation Of Developmental Growth (GO:0048639),48,0,34,12722,3.777229941730166,1.0,,1.0
Positive Regulation Of Developmental Process (GO:0051094),214,0,34,12722,0.8428431471909733,1.0,,1.0
Positive Regulation Of Double-Strand Break Repair (GO:2000781),78,0,34,12722,2.3281639435059542,1.0,,1.0
Positive Regulation Of Double-Strand Break Repair Via Homologous Recombination (GO:1905168),33,0,34,12722,5.475016223231668,1.0,,1.0
Positive Regulation Of Double-Strand Break Repair Via Nonhomologous End Joining (GO:2001034),11,0,34,12722,15.976685570258349,1.0,,1.0
Positive Regulation Of ER-associated Ubiquitin-Dependent Protein Catabolic Process (GO:1903071),6,0,34,12722,28.277591973244146,1.0,,1.0
Positive Regulation Of ERAD Pathway (GO:1904294),12,0,34,12722,14.697391304347827,1.0,,1.0
Positive Regulation Of ERBB Signaling Pathway (GO:1901186),23,0,34,12722,7.8109774899784155,1.0,,1.0
Positive Regulation Of Early Endosome To Late Endosome Transport (GO:2000643),8,0,34,12722,21.62063086104007,1.0,,1.0
Positive Regulation Of Embryonic Development (GO:0040019),14,0,34,12722,12.66816591704148,1.0,,1.0
Positive Regulation Of Endocytic Recycling (GO:2001137),5,0,34,12722,33.42160737812912,1.0,,1.0
Positive Regulation Of Endopeptidase Activity (GO:0010950),25,0,34,12722,7.19721511793123,1.0,,1.0
Positive Regulation Of Endoplasmic Reticulum Stress-Induced Intrinsic Apoptotic Signaling Pathway (GO:1902237),6,0,34,12722,28.277591973244146,1.0,,1.0
Positive Regulation Of Endoplasmic Reticulum Unfolded Protein Response (GO:1900103),11,0,34,12722,15.976685570258349,1.0,,1.0
Positive Regulation Of Endothelial Cell Apoptotic Process (GO:2000353),15,0,34,12722,11.84992987377279,1.0,,1.0
Positive Regulation Of Endothelial Cell Chemotaxis (GO:2001028),14,0,34,12722,12.66816591704148,1.0,,1.0
Positive Regulation Of Endothelial Cell Development (GO:1901552),5,0,34,12722,33.42160737812912,1.0,,1.0
Positive Regulation Of Endothelial Cell Migration (GO:0010595),79,0,34,12722,2.2986965636678516,1.0,,1.0
Positive Regulation Of Endothelial Cell Proliferation (GO:0001938),72,0,34,12722,2.522038980509745,1.0,,1.0
Positive Regulation Of Epidermal Cell Differentiation (GO:0045606),14,0,34,12722,12.66816591704148,1.0,,1.0
Positive Regulation Of Epidermal Growth Factor Receptor Signaling Pathway (GO:0045742),31,0,34,12722,5.823556475730388,1.0,,1.0
Positive Regulation Of Epidermal Growth Factor-Activated Receptor Activity (GO:0045741),9,0,34,12722,19.34324942791762,1.0,,1.0
Positive Regulation Of Epidermis Development (GO:0045684),8,0,34,12722,21.62063086104007,1.0,,1.0
Positive Regulation Of Epithelial Cell Apoptotic Process (GO:1904037),22,0,34,12722,8.158776167471819,1.0,,1.0
Positive Regulation Of Epithelial Cell Differentiation (GO:0030858),20,0,34,12722,8.956168257334747,1.0,,1.0
Positive Regulation Of Epithelial Cell Differentiation Involved In Kidney Development (GO:2000698),5,0,34,12722,33.42160737812912,1.0,,1.0
Positive Regulation Of Epithelial Cell Migration (GO:0010634),92,0,34,12722,1.9735996866431649,1.0,,1.0
Positive Regulation Of Epithelial Cell Proliferation (GO:0050679),116,0,34,12722,1.564035578777135,1.0,,1.0
Positive Regulation Of Epithelial Cell Proliferation Involved In Wound Healing (GO:0060054),8,0,34,12722,21.62063086104007,1.0,,1.0
Positive Regulation Of Epithelial To Mesenchymal Transition (GO:0010718),46,0,34,12722,3.940314788842138,1.0,,1.0
Positive Regulation Of Epithelial Tube Formation (GO:1905278),7,0,34,12722,24.505314009661834,1.0,,1.0
Positive Regulation Of Establishment Of Endothelial Barrier (GO:1903142),5,0,34,12722,33.42160737812912,1.0,,1.0
Positive Regulation Of Establishment Of Protein Localization To Mitochondrion (GO:1903749),31,0,34,12722,5.823556475730388,1.0,,1.0
Positive Regulation Of Establishment Of Protein Localization To Telomere (GO:1904851),6,0,34,12722,28.277591973244146,1.0,,1.0
Positive Regulation Of Execution Phase Of Apoptosis (GO:1900119),6,0,34,12722,28.277591973244146,1.0,,1.0
Positive Regulation Of Extracellular Matrix Assembly (GO:1901203),7,0,34,12722,24.505314009661834,1.0,,1.0
Positive Regulation Of Extracellular Matrix Disassembly (GO:0090091),7,0,34,12722,24.505314009661834,1.0,,1.0
Positive Regulation Of Extracellular Matrix Organization (GO:1903055),17,0,34,12722,10.49399585921325,1.0,,1.0
Positive Regulation Of Extrinsic Apoptotic Signaling Pathway Via Death Domain Receptors (GO:1902043),5,0,34,12722,33.42160737812912,1.0,,1.0
Positive Regulation Of Fat Cell Differentiation (GO:0045600),49,0,34,12722,3.700629483238179,1.0,,1.0
Positive Regulation Of Fatty Acid Metabolic Process (GO:0045923),17,0,34,12722,10.49399585921325,1.0,,1.0
Positive Regulation Of Fever Generation (GO:0031622),5,0,34,12722,33.42160737812912,1.0,,1.0
Positive Regulation Of Fibroblast Apoptotic Process (GO:2000271),6,0,34,12722,28.277591973244146,1.0,,1.0
Positive Regulation Of Fibroblast Migration (GO:0010763),7,0,34,12722,24.505314009661834,1.0,,1.0
Positive Regulation Of Fibroblast Proliferation (GO:0048146),25,0,34,12722,7.19721511793123,1.0,,1.0
Positive Regulation Of Focal Adhesion Assembly (GO:0051894),18,0,34,12722,9.925969447708578,1.0,,1.0
Positive Regulation Of Focal Adhesion Disassembly (GO:0120183),5,0,34,12722,33.42160737812912,1.0,,1.0
Positive Regulation Of G Protein-Coupled Receptor Signaling Pathway (GO:0045745),16,0,34,12722,11.130873956960913,1.0,,1.0
Positive Regulation Of G2/M Transition Of Mitotic Cell Cycle (GO:0010971),21,0,34,12722,8.538928210313449,1.0,,1.0
Positive Regulation Of GTPase Activity (GO:0043547),210,0,34,12722,0.8591345657337602,1.0,,1.0
Positive Regulation Of Gap Junction Assembly (GO:1903598),5,0,34,12722,33.42160737812912,1.0,,1.0
Positive Regulation Of Glial Cell Differentiation (GO:0045687),17,0,34,12722,10.49399585921325,1.0,,1.0
Positive Regulation Of Gliogenesis (GO:0014015),6,0,34,12722,28.277591973244146,1.0,,1.0
Positive Regulation Of Gluconeogenesis (GO:0045722),7,0,34,12722,24.505314009661834,1.0,,1.0
Positive Regulation Of Glucose Import (GO:0046326),23,0,34,12722,7.8109774899784155,1.0,,1.0
Positive Regulation Of Glucose Metabolic Process (GO:0010907),15,0,34,12722,11.84992987377279,1.0,,1.0
Positive Regulation Of Glucose Transmembrane Transport (GO:0010828),29,0,34,12722,6.219356423483173,1.0,,1.0
Positive Regulation Of Glycogen Biosynthetic Process (GO:0045725),12,0,34,12722,14.697391304347827,1.0,,1.0
Positive Regulation Of Glycogen Metabolic Process (GO:0070875),13,0,34,12722,13.60762211486849,1.0,,1.0
Positive Regulation Of Glycolytic Process (GO:0045821),17,0,34,12722,10.49399585921325,1.0,,1.0
Positive Regulation Of Glycoprotein Biosynthetic Process (GO:0010560),12,0,34,12722,14.697391304347827,1.0,,1.0
Positive Regulation Of Granulocyte Chemotaxis (GO:0071624),20,0,34,12722,8.956168257334747,1.0,,1.0
Positive Regulation Of Granulocyte Macrophage Colony-Stimulating Factor Production (GO:0032725),12,0,34,12722,14.697391304347827,1.0,,1.0
Positive Regulation Of Growth (GO:0045927),73,0,34,12722,2.487528344671202,1.0,,1.0
Positive Regulation Of Heart Contraction (GO:0045823),20,0,34,12722,8.956168257334747,1.0,,1.0
Positive Regulation Of Heart Rate (GO:0010460),15,0,34,12722,11.84992987377279,1.0,,1.0
Positive Regulation Of Helicase Activity (GO:0051096),5,0,34,12722,33.42160737812912,1.0,,1.0
Positive Regulation Of Hemoglobin Biosynthetic Process (GO:0046985),5,0,34,12722,33.42160737812912,1.0,,1.0
Positive Regulation Of Hemostasis (GO:1900048),11,0,34,12722,15.976685570258349,1.0,,1.0
Positive Regulation Of Heterochromatin Formation (GO:0031453),11,0,34,12722,15.976685570258349,1.0,,1.0
Positive Regulation Of Heterotypic Cell-Cell Adhesion (GO:0034116),14,0,34,12722,12.66816591704148,1.0,,1.0
Positive Regulation Of Hippo Signaling (GO:0035332),7,0,34,12722,24.505314009661834,1.0,,1.0
Positive Regulation Of Histone Acetylation (GO:0035066),14,0,34,12722,12.66816591704148,1.0,,1.0
Positive Regulation Of Histone Deacetylation (GO:0031065),12,0,34,12722,14.697391304347827,1.0,,1.0
Positive Regulation Of Histone H3-K4 Methylation (GO:0051571),12,0,34,12722,14.697391304347827,1.0,,1.0
Positive Regulation Of Histone Methylation (GO:0031062),18,0,34,12722,9.925969447708578,1.0,,1.0
Positive Regulation Of Homotypic Cell-Cell Adhesion (GO:0034112),15,0,34,12722,11.84992987377279,1.0,,1.0
Positive Regulation Of Hormone Metabolic Process (GO:0032352),6,0,34,12722,28.277591973244146,1.0,,1.0
Positive Regulation Of Hormone Secretion (GO:0046887),18,0,34,12722,9.925969447708578,1.0,,1.0
Positive Regulation Of Hydrolase Activity (GO:0051345),161,0,34,12722,1.1241979629380356,1.0,,1.0
Positive Regulation Of I-kappaB Phosphorylation (GO:1903721),5,0,34,12722,33.42160737812912,1.0,,1.0
Positive Regulation Of I-kappaB kinase/NF-kappaB Signaling (GO:0043123),161,0,34,12722,1.1241979629380356,1.0,,1.0
Positive Regulation Of IRE1-mediated Unfolded Protein Response (GO:1903896),6,0,34,12722,28.277591973244146,1.0,,1.0
Positive Regulation Of Icosanoid Secretion (GO:0032305),5,0,34,12722,33.42160737812912,1.0,,1.0
Positive Regulation Of Immune Effector Process (GO:0002699),34,0,34,12722,5.315900021003991,1.0,,1.0
Positive Regulation Of Immune Response (GO:0050778),75,0,34,12722,2.421249640080622,1.0,,1.0
Positive Regulation Of Immune System Process (GO:0002684),24,0,34,12722,7.491570541259982,1.0,,1.0
Positive Regulation Of Immunoglobulin Mediated Immune Response (GO:0002891),12,0,34,12722,14.697391304347827,1.0,,1.0
Positive Regulation Of Immunoglobulin Production (GO:0002639),30,0,34,12722,6.014967925873129,1.0,,1.0
Positive Regulation Of Inflammatory Response (GO:0050729),98,0,34,12722,1.8524976090634886,1.0,,1.0
Positive Regulation Of Innate Immune Response (GO:0045089),43,0,34,12722,4.213060136598368,1.0,,1.0
Positive Regulation Of Inositol Phosphate Biosynthetic Process (GO:0060732),8,0,34,12722,21.62063086104007,1.0,,1.0
Positive Regulation Of Insulin Secretion (GO:0032024),39,0,34,12722,4.641166758392956,1.0,,1.0
Positive Regulation Of Insulin Secretion Involved In Cellular Response To Glucose Stimulus (GO:0035774),12,0,34,12722,14.697391304347827,1.0,,1.0
Positive Regulation Of Insulin-Like Growth Factor Receptor Signaling Pathway (GO:0043568),6,0,34,12722,28.277591973244146,1.0,,1.0
Positive Regulation Of Integrin Activation (GO:0033625),10,0,34,12722,17.499654934437544,1.0,,1.0
Positive Regulation Of Integrin-Mediated Signaling Pathway (GO:2001046),12,0,34,12722,14.697391304347827,1.0,,1.0
Positive Regulation Of Interferon-Alpha Production (GO:0032727),19,0,34,12722,9.41620215533259,1.0,,1.0
Positive Regulation Of Interferon-Beta Production (GO:0032728),34,0,34,12722,5.315900021003991,1.0,,1.0
Positive Regulation Of Interleukin-1 Beta Production (GO:0032731),52,0,34,12722,3.488336783988958,1.0,,1.0
Positive Regulation Of Interleukin-1 Production (GO:0032732),58,0,34,12722,3.129072216028738,1.0,,1.0
Positive Regulation Of Interleukin-12 Production (GO:0032735),33,0,34,12722,5.475016223231668,1.0,,1.0
Positive Regulation Of Interleukin-17 Production (GO:0032740),23,0,34,12722,7.8109774899784155,1.0,,1.0
Positive Regulation Of Interleukin-18 Production (GO:0032741),5,0,34,12722,33.42160737812912,1.0,,1.0
Positive Regulation Of Interleukin-2 Production (GO:0032743),24,0,34,12722,7.491570541259982,1.0,,1.0
Positive Regulation Of Interleukin-23 Production (GO:0032747),6,0,34,12722,28.277591973244146,1.0,,1.0
Positive Regulation Of Interleukin-6 Production (GO:0032755),72,0,34,12722,2.522038980509745,1.0,,1.0
Positive Regulation Of Interleukin-8 Production (GO:0032757),55,0,34,12722,3.298994646820734,1.0,,1.0
Positive Regulation Of Intracellular Estrogen Receptor Signaling Pathway (GO:0033148),5,0,34,12722,33.42160737812912,1.0,,1.0
Positive Regulation Of Intracellular Protein Transport (GO:0090316),121,0,34,12722,1.4990755650981094,1.0,,1.0
Positive Regulation Of Intracellular Steroid Hormone Receptor Signaling Pathway (GO:0033145),6,0,34,12722,28.277591973244146,1.0,,1.0
Positive Regulation Of Intracellular Transport (GO:0032388),35,0,34,12722,5.165748111859563,1.0,,1.0
Positive Regulation Of Intrinsic Apoptotic Signaling Pathway (GO:2001244),34,0,34,12722,5.315900021003991,1.0,,1.0
Positive Regulation Of Ion Transmembrane Transporter Activity (GO:0032414),32,0,34,12722,5.643924191750279,1.0,,1.0
Positive Regulation Of Isomerase Activity (GO:0010912),7,0,34,12722,24.505314009661834,1.0,,1.0
Positive Regulation Of Isotype Switching (GO:0045830),12,0,34,12722,14.697391304347827,1.0,,1.0
Positive Regulation Of JNK Cascade (GO:0046330),75,0,34,12722,2.421249640080622,1.0,,1.0
Positive Regulation Of JUN Kinase Activity (GO:0043507),30,0,34,12722,6.014967925873129,1.0,,1.0
Positive Regulation Of Keratinocyte Differentiation (GO:0045618),9,0,34,12722,19.34324942791762,1.0,,1.0
Positive Regulation Of Keratinocyte Migration (GO:0051549),9,0,34,12722,19.34324942791762,1.0,,1.0
Positive Regulation Of Keratinocyte Proliferation (GO:0010838),10,0,34,12722,17.499654934437544,1.0,,1.0
Positive Regulation Of Kidney Development (GO:0090184),6,0,34,12722,28.277591973244146,1.0,,1.0
Positive Regulation Of Lamellipodium Assembly (GO:0010592),23,0,34,12722,7.8109774899784155,1.0,,1.0
Positive Regulation Of Lamellipodium Morphogenesis (GO:2000394),6,0,34,12722,28.277591973244146,1.0,,1.0
Positive Regulation Of Lamellipodium Organization (GO:1902745),31,0,34,12722,5.823556475730388,1.0,,1.0
Positive Regulation Of Leukocyte Activation (GO:0002696),17,0,34,12722,10.49399585921325,1.0,,1.0
Positive Regulation Of Leukocyte Adhesion To Vascular Endothelial Cell (GO:1904996),17,0,34,12722,10.49399585921325,1.0,,1.0
Positive Regulation Of Leukocyte Apoptotic Process (GO:2000108),8,0,34,12722,21.62063086104007,1.0,,1.0
Positive Regulation Of Leukocyte Cell-Cell Adhesion (GO:1903039),40,0,34,12722,4.526212202540705,1.0,,1.0
Positive Regulation Of Leukocyte Chemotaxis (GO:0002690),52,0,34,12722,3.488336783988958,1.0,,1.0
Positive Regulation Of Leukocyte Degranulation (GO:0043302),12,0,34,12722,14.697391304347827,1.0,,1.0
Positive Regulation Of Leukocyte Differentiation (GO:1902107),7,0,34,12722,24.505314009661834,1.0,,1.0
Positive Regulation Of Leukocyte Mediated Cytotoxicity (GO:0001912),46,0,34,12722,3.940314788842138,1.0,,1.0
Positive Regulation Of Leukocyte Proliferation (GO:0070665),15,0,34,12722,11.84992987377279,1.0,,1.0
Positive Regulation Of Leukocyte Tethering Or Rolling (GO:1903238),6,0,34,12722,28.277591973244146,1.0,,1.0
Positive Regulation Of Ligase Activity (GO:0051351),5,0,34,12722,33.42160737812912,1.0,,1.0
Positive Regulation Of Lipase Activity (GO:0060193),9,0,34,12722,19.34324942791762,1.0,,1.0
Positive Regulation Of Lipid Biosynthetic Process (GO:0046889),38,0,34,12722,4.762092979484284,1.0,,1.0
Positive Regulation Of Lipid Kinase Activity (GO:0090218),30,0,34,12722,6.014967925873129,1.0,,1.0
Positive Regulation Of Lipid Localization (GO:1905954),8,0,34,12722,21.62063086104007,1.0,,1.0
Positive Regulation Of Lipid Metabolic Process (GO:0045834),23,0,34,12722,7.8109774899784155,1.0,,1.0
Positive Regulation Of Lipid Transport (GO:0032370),11,0,34,12722,15.976685570258349,1.0,,1.0
Positive Regulation Of Lipopolysaccharide-Mediated Signaling Pathway (GO:0031666),6,0,34,12722,28.277591973244146,1.0,,1.0
Positive Regulation Of Lipoprotein Lipase Activity (GO:0051006),6,0,34,12722,28.277591973244146,1.0,,1.0
Positive Regulation Of Long-Term Synaptic Potentiation (GO:1900273),12,0,34,12722,14.697391304347827,1.0,,1.0
Positive Regulation Of Lyase Activity (GO:0051349),12,0,34,12722,14.697391304347827,1.0,,1.0
Positive Regulation Of Lymphocyte Activation (GO:0051251),42,0,34,12722,4.312531969309463,1.0,,1.0
Positive Regulation Of Lymphocyte Apoptotic Process (GO:0070230),5,0,34,12722,33.42160737812912,1.0,,1.0
Positive Regulation Of Lymphocyte Chemotaxis (GO:0140131),15,0,34,12722,11.84992987377279,1.0,,1.0
Positive Regulation Of Lymphocyte Differentiation (GO:0045621),39,0,34,12722,4.641166758392956,1.0,,1.0
Positive Regulation Of Lymphocyte Migration (GO:2000403),16,0,34,12722,11.130873956960913,1.0,,1.0
Positive Regulation Of Lymphocyte Proliferation (GO:0050671),70,0,34,12722,2.593997327577346,1.0,,1.0
Positive Regulation Of MAP Kinase Activity (GO:0043406),88,0,34,12722,2.0634569720789324,1.0,,1.0
Positive Regulation Of MHC Class II Biosynthetic Process (GO:0045348),10,0,34,12722,17.499654934437544,1.0,,1.0
Positive Regulation Of Macroautophagy (GO:0016239),58,0,34,12722,3.129072216028738,1.0,,1.0
Positive Regulation Of Macromolecule Biosynthetic Process (GO:0010557),116,0,34,12722,1.564035578777135,1.0,,1.0
Positive Regulation Of Macrophage Chemotaxis (GO:0010759),13,0,34,12722,13.60762211486849,1.0,,1.0
Positive Regulation Of Macrophage Cytokine Production (GO:0060907),8,0,34,12722,21.62063086104007,1.0,,1.0
Positive Regulation Of Macrophage Differentiation (GO:0045651),10,0,34,12722,17.499654934437544,1.0,,1.0
Positive Regulation Of Mast Cell Activation (GO:0033005),5,0,34,12722,33.42160737812912,1.0,,1.0
Positive Regulation Of Mast Cell Degranulation (GO:0043306),8,0,34,12722,21.62063086104007,1.0,,1.0
Positive Regulation Of Megakaryocyte Differentiation (GO:0045654),8,0,34,12722,21.62063086104007,1.0,,1.0
Positive Regulation Of Meiotic Nuclear Division (GO:0045836),6,0,34,12722,28.277591973244146,1.0,,1.0
Positive Regulation Of Melanin Biosynthetic Process (GO:0048023),7,0,34,12722,24.505314009661834,1.0,,1.0
Positive Regulation Of Membrane Depolarization (GO:1904181),5,0,34,12722,33.42160737812912,1.0,,1.0
Positive Regulation Of Membrane Potential (GO:0045838),6,0,34,12722,28.277591973244146,1.0,,1.0
Positive Regulation Of Membrane Protein Ectodomain Proteolysis (GO:0051044),14,0,34,12722,12.66816591704148,1.0,,1.0
Positive Regulation Of Memory T Cell Differentiation (GO:0043382),8,0,34,12722,21.62063086104007,1.0,,1.0
Positive Regulation Of Mesenchymal Cell Proliferation (GO:0002053),9,0,34,12722,19.34324942791762,1.0,,1.0
Positive Regulation Of Metabolic Process (GO:0009893),104,0,34,12722,1.7453019901532487,1.0,,1.0
Positive Regulation Of Metaphase/Anaphase Transition Of Cell Cycle (GO:1902101),11,0,34,12722,15.976685570258349,1.0,,1.0
Positive Regulation Of Microtubule Nucleation (GO:0090063),5,0,34,12722,33.42160737812912,1.0,,1.0
Positive Regulation Of Microtubule Polymerization (GO:0031116),26,0,34,12722,6.925075198249932,1.0,,1.0
Positive Regulation Of Microtubule Polymerization Or Depolymerization (GO:0031112),25,0,34,12722,7.19721511793123,1.0,,1.0
Positive Regulation Of Mitochondrial Calcium Ion Concentration (GO:0051561),8,0,34,12722,21.62063086104007,1.0,,1.0
Positive Regulation Of Mitochondrial Fission (GO:0090141),17,0,34,12722,10.49399585921325,1.0,,1.0
Positive Regulation Of Mitochondrial Membrane Permeability (GO:0035794),9,0,34,12722,19.34324942791762,1.0,,1.0
Positive Regulation Of Mitochondrial Membrane Permeability Involved In Apoptotic Process (GO:1902110),7,0,34,12722,24.505314009661834,1.0,,1.0
Positive Regulation Of Mitochondrial Outer Membrane Permeabilization Involved In Apoptotic Signaling Pathway (GO:1901030),9,0,34,12722,19.34324942791762,1.0,,1.0
Positive Regulation Of Mitochondrial Translation (GO:0070131),14,0,34,12722,12.66816591704148,1.0,,1.0
Positive Regulation Of Mitotic Cell Cycle (GO:0045931),27,0,34,12722,6.672727272727273,1.0,,1.0
Positive Regulation Of Mitotic Cell Cycle Spindle Assembly Checkpoint (GO:0090267),11,0,34,12722,15.976685570258349,1.0,,1.0
Positive Regulation Of Mitotic Cytokinesis (GO:1903490),5,0,34,12722,33.42160737812912,1.0,,1.0
Positive Regulation Of Mitotic Metaphase/Anaphase Transition (GO:0045842),11,0,34,12722,15.976685570258349,1.0,,1.0
Positive Regulation Of Mitotic Nuclear Division (GO:0045840),33,0,34,12722,5.475016223231668,1.0,,1.0
Positive Regulation Of Mitotic Sister Chromatid Separation (GO:1901970),15,0,34,12722,11.84992987377279,1.0,,1.0
Positive Regulation Of Monoatomic Ion Transmembrane Transport (GO:0034767),5,0,34,12722,33.42160737812912,1.0,,1.0
Positive Regulation Of Monoatomic Ion Transport (GO:0043270),39,0,34,12722,4.641166758392956,1.0,,1.0
Positive Regulation Of Monocyte Chemotactic Protein-1 Production (GO:0071639),8,0,34,12722,21.62063086104007,1.0,,1.0
Positive Regulation Of Monocyte Chemotaxis (GO:0090026),18,0,34,12722,9.925969447708578,1.0,,1.0
Positive Regulation Of Monocyte Differentiation (GO:0045657),9,0,34,12722,19.34324942791762,1.0,,1.0
Positive Regulation Of Mononuclear Cell Migration (GO:0071677),31,0,34,12722,5.823556475730388,1.0,,1.0
Positive Regulation Of Monooxygenase Activity (GO:0032770),26,0,34,12722,6.925075198249932,1.0,,1.0
Positive Regulation Of Morphogenesis Of An Epithelium (GO:1905332),22,0,34,12722,8.158776167471819,1.0,,1.0
Positive Regulation Of Multicellular Organism Growth (GO:0040018),6,0,34,12722,28.277591973244146,1.0,,1.0
Positive Regulation Of Muscle Cell Differentiation (GO:0051149),15,0,34,12722,11.84992987377279,1.0,,1.0
Positive Regulation Of Muscle Contraction (GO:0045933),11,0,34,12722,15.976685570258349,1.0,,1.0
Positive Regulation Of Muscle Hypertrophy (GO:0014742),15,0,34,12722,11.84992987377279,1.0,,1.0
Positive Regulation Of Myelination (GO:0031643),10,0,34,12722,17.499654934437544,1.0,,1.0
Positive Regulation Of Myeloid Cell Apoptotic Process (GO:0033034),6,0,34,12722,28.277591973244146,1.0,,1.0
Positive Regulation Of Myeloid Leukocyte Cytokine Production Involved In Immune Response (GO:0061081),14,0,34,12722,12.66816591704148,1.0,,1.0
Positive Regulation Of Myeloid Leukocyte Differentiation (GO:0002763),37,0,34,12722,4.889468599033816,1.0,,1.0
Positive Regulation Of Myeloid Leukocyte Mediated Immunity (GO:0002888),10,0,34,12722,17.499654934437544,1.0,,1.0
Positive Regulation Of Myoblast Differentiation (GO:0045663),37,0,34,12722,4.889468599033816,1.0,,1.0
Positive Regulation Of Myoblast Fusion (GO:1901741),8,0,34,12722,21.62063086104007,1.0,,1.0
Positive Regulation Of Myotube Differentiation (GO:0010831),7,0,34,12722,24.505314009661834,1.0,,1.0
Positive Regulation Of NIK/NF-kappaB Signaling (GO:1901224),51,0,34,12722,3.5563528915154072,1.0,,1.0
Positive Regulation Of NK T Cell Activation (GO:0051135),8,0,34,12722,21.62063086104007,1.0,,1.0
Positive Regulation Of NK T Cell Proliferation (GO:0051142),5,0,34,12722,33.42160737812912,1.0,,1.0
Positive Regulation Of NLRP3 Inflammasome Complex Assembly (GO:1900227),16,0,34,12722,11.130873956960913,1.0,,1.0
Positive Regulation Of Natural Killer Cell Activation (GO:0032816),15,0,34,12722,11.84992987377279,1.0,,1.0
Positive Regulation Of Natural Killer Cell Cytokine Production (GO:0002729),5,0,34,12722,33.42160737812912,1.0,,1.0
Positive Regulation Of Natural Killer Cell Mediated Cytotoxicity (GO:0045954),19,0,34,12722,9.41620215533259,1.0,,1.0
Positive Regulation Of Natural Killer Cell Mediated Cytotoxicity Directed Against Tumor Cell Target (GO:0002860),5,0,34,12722,33.42160737812912,1.0,,1.0
Positive Regulation Of Natural Killer Cell Mediated Immune Response To Tumor Cell (GO:0002857),5,0,34,12722,33.42160737812912,1.0,,1.0
Positive Regulation Of Natural Killer Cell Mediated Immunity (GO:0002717),21,0,34,12722,8.538928210313449,1.0,,1.0
Positive Regulation Of Natural Killer Cell Proliferation (GO:0032819),7,0,34,12722,24.505314009661834,1.0,,1.0
Positive Regulation Of Necroptotic Process (GO:0060545),5,0,34,12722,33.42160737812912,1.0,,1.0
Positive Regulation Of Necrotic Cell Death (GO:0010940),6,0,34,12722,28.277591973244146,1.0,,1.0
Positive Regulation Of Nervous System Development (GO:0051962),44,0,34,12722,4.118058948054063,1.0,,1.0
Positive Regulation Of Nervous System Process (GO:0031646),17,0,34,12722,10.49399585921325,1.0,,1.0
Positive Regulation Of Neural Precursor Cell Proliferation (GO:2000179),29,0,34,12722,6.219356423483173,1.0,,1.0
Positive Regulation Of Neuroblast Proliferation (GO:0002052),18,0,34,12722,9.925969447708578,1.0,,1.0
Positive Regulation Of Neurogenesis (GO:0050769),73,0,34,12722,2.487528344671202,1.0,,1.0
Positive Regulation Of Neuron Apoptotic Process (GO:0043525),22,0,34,12722,8.158776167471819,1.0,,1.0
Positive Regulation Of Neuron Death (GO:1901216),33,0,34,12722,5.475016223231668,1.0,,1.0
Positive Regulation Of Neuron Differentiation (GO:0045666),41,0,34,12722,4.416797625283744,1.0,,1.0
Positive Regulation Of Neuron Migration (GO:2001224),12,0,34,12722,14.697391304347827,1.0,,1.0
Positive Regulation Of Neuron Projection Arborization (GO:0150012),7,0,34,12722,24.505314009661834,1.0,,1.0
Positive Regulation Of Neuron Projection Development (GO:0010976),84,0,34,12722,2.1618214561358373,1.0,,1.0
Positive Regulation Of Neurotransmitter Secretion (GO:0001956),5,0,34,12722,33.42160737812912,1.0,,1.0
Positive Regulation Of Neutrophil Chemotaxis (GO:0090023),17,0,34,12722,10.49399585921325,1.0,,1.0
Positive Regulation Of Neutrophil Migration (GO:1902624),22,0,34,12722,8.158776167471819,1.0,,1.0
Positive Regulation Of Nitric Oxide Biosynthetic Process (GO:0045429),27,0,34,12722,6.672727272727273,1.0,,1.0
Positive Regulation Of Nitric Oxide Metabolic Process (GO:1904407),28,0,34,12722,6.4380879735570815,1.0,,1.0
Positive Regulation Of Nitric-Oxide Synthase Activity (GO:0051000),17,0,34,12722,10.49399585921325,1.0,,1.0
Positive Regulation Of Nitric-Oxide Synthase Biosynthetic Process (GO:0051770),10,0,34,12722,17.499654934437544,1.0,,1.0
Positive Regulation Of Non-Canonical Wnt Signaling Pathway (GO:2000052),9,0,34,12722,19.34324942791762,1.0,,1.0
Positive Regulation Of Notch Signaling Pathway (GO:0045747),28,0,34,12722,6.4380879735570815,1.0,,1.0
Positive Regulation Of Nuclear Cell Cycle DNA Replication (GO:0010571),5,0,34,12722,33.42160737812912,1.0,,1.0
Positive Regulation Of Nuclear Division (GO:0051785),24,0,34,12722,7.491570541259982,1.0,,1.0
"Positive Regulation Of Nuclear-Transcribed mRNA Catabolic Process, Deadenylation-Dependent Decay (GO:1900153)",14,0,34,12722,12.66816591704148,1.0,,1.0
Positive Regulation Of Nuclear-Transcribed mRNA poly(A) Tail Shortening (GO:0060213),12,0,34,12722,14.697391304347827,1.0,,1.0
Positive Regulation Of Nucleocytoplasmic Transport (GO:0046824),43,0,34,12722,4.213060136598368,1.0,,1.0
Positive Regulation Of Oligodendrocyte Differentiation (GO:0048714),7,0,34,12722,24.505314009661834,1.0,,1.0
Positive Regulation Of Opsonization (GO:1903028),7,0,34,12722,24.505314009661834,1.0,,1.0
Positive Regulation Of Ossification (GO:0045778),40,0,34,12722,4.526212202540705,1.0,,1.0
Positive Regulation Of Osteoblast Differentiation (GO:0045669),41,0,34,12722,4.416797625283744,1.0,,1.0
Positive Regulation Of Osteoblast Proliferation (GO:0033690),5,0,34,12722,33.42160737812912,1.0,,1.0
Positive Regulation Of Osteoclast Differentiation (GO:0045672),16,0,34,12722,11.130873956960913,1.0,,1.0
Positive Regulation Of Oxidoreductase Activity (GO:0051353),21,0,34,12722,8.538928210313449,1.0,,1.0
Positive Regulation Of Pattern Recognition Receptor Signaling Pathway (GO:0062208),35,0,34,12722,5.165748111859563,1.0,,1.0
Positive Regulation Of Peptidase Activity (GO:0010952),23,0,34,12722,7.8109774899784155,1.0,,1.0
Positive Regulation Of Peptide Hormone Secretion (GO:0090277),45,0,34,12722,4.027233635929288,1.0,,1.0
Positive Regulation Of Peptide Secretion (GO:0002793),8,0,34,12722,21.62063086104007,1.0,,1.0
Positive Regulation Of Peptidyl-Lysine Acetylation (GO:2000758),17,0,34,12722,10.49399585921325,1.0,,1.0
Positive Regulation Of Peptidyl-Serine Phosphorylation (GO:0033138),80,0,34,12722,2.2699612926456028,1.0,,1.0
Positive Regulation Of Peptidyl-Serine Phosphorylation Of STAT Protein (GO:0033141),13,0,34,12722,13.60762211486849,1.0,,1.0
Positive Regulation Of Peptidyl-Threonine Phosphorylation (GO:0010800),21,0,34,12722,8.538928210313449,1.0,,1.0
Positive Regulation Of Peroxisome Proliferator Activated Receptor Signaling Pathway (GO:0035360),5,0,34,12722,33.42160737812912,1.0,,1.0
Positive Regulation Of Phosphatase Activity (GO:0010922),20,0,34,12722,8.956168257334747,1.0,,1.0
Positive Regulation Of Phosphate Metabolic Process (GO:0045937),29,0,34,12722,6.219356423483173,1.0,,1.0
Positive Regulation Of Phosphatidylinositol 3-Kinase Activity (GO:0043552),26,0,34,12722,6.925075198249932,1.0,,1.0
Positive Regulation Of Phospholipase Activity (GO:0010518),20,0,34,12722,8.956168257334747,1.0,,1.0
Positive Regulation Of Phospholipase C Activity (GO:0010863),35,0,34,12722,5.165748111859563,1.0,,1.0
Positive Regulation Of Phospholipid Biosynthetic Process (GO:0071073),6,0,34,12722,28.277591973244146,1.0,,1.0
Positive Regulation Of Phospholipid Transport (GO:2001140),10,0,34,12722,17.499654934437544,1.0,,1.0
Positive Regulation Of Phosphoprotein Phosphatase Activity (GO:0032516),16,0,34,12722,11.130873956960913,1.0,,1.0
Positive Regulation Of Pinocytosis (GO:0048549),6,0,34,12722,28.277591973244146,1.0,,1.0
Positive Regulation Of Plasminogen Activation (GO:0010756),6,0,34,12722,28.277591973244146,1.0,,1.0
Positive Regulation Of Platelet Activation (GO:0010572),8,0,34,12722,21.62063086104007,1.0,,1.0
Positive Regulation Of Platelet Aggregation (GO:1901731),10,0,34,12722,17.499654934437544,1.0,,1.0
Positive Regulation Of Podosome Assembly (GO:0071803),5,0,34,12722,33.42160737812912,1.0,,1.0
Positive Regulation Of Positive Chemotaxis (GO:0050927),15,0,34,12722,11.84992987377279,1.0,,1.0
Positive Regulation Of Post-Transcriptional Gene Silencing By RNA (GO:1900370),10,0,34,12722,17.499654934437544,1.0,,1.0
Positive Regulation Of Potassium Ion Transmembrane Transport (GO:1901381),17,0,34,12722,10.49399585921325,1.0,,1.0
Positive Regulation Of Potassium Ion Transmembrane Transporter Activity (GO:1901018),11,0,34,12722,15.976685570258349,1.0,,1.0
Positive Regulation Of Potassium Ion Transport (GO:0043268),15,0,34,12722,11.84992987377279,1.0,,1.0
Positive Regulation Of Production Of Molecular Mediator Of Immune Response (GO:0002702),35,0,34,12722,5.165748111859563,1.0,,1.0
Positive Regulation Of Programmed Necrotic Cell Death (GO:0062100),5,0,34,12722,33.42160737812912,1.0,,1.0
Positive Regulation Of Proteasomal Ubiquitin-Dependent Protein Catabolic Process (GO:0032436),74,0,34,12722,2.4539441688551697,1.0,,1.0
Positive Regulation Of Protein Acetylation (GO:1901985),9,0,34,12722,19.34324942791762,1.0,,1.0
Positive Regulation Of Protein Autophosphorylation (GO:0031954),19,0,34,12722,9.41620215533259,1.0,,1.0
Positive Regulation Of Protein Binding (GO:0032092),53,0,34,12722,3.422863334687796,1.0,,1.0
Positive Regulation Of Protein Deacetylation (GO:0090312),13,0,34,12722,13.60762211486849,1.0,,1.0
Positive Regulation Of Protein Dephosphorylation (GO:0035307),30,0,34,12722,6.014967925873129,1.0,,1.0
Positive Regulation Of Protein Depolymerization (GO:1901881),9,0,34,12722,19.34324942791762,1.0,,1.0
Positive Regulation Of Protein Exit From Endoplasmic Reticulum (GO:0070863),11,0,34,12722,15.976685570258349,1.0,,1.0
Positive Regulation Of Protein Export From Nucleus (GO:0046827),12,0,34,12722,14.697391304347827,1.0,,1.0
Positive Regulation Of Protein Import Into Nucleus (GO:0042307),27,0,34,12722,6.672727272727273,1.0,,1.0
Positive Regulation Of Protein K63-linked Ubiquitination (GO:1902523),5,0,34,12722,33.42160737812912,1.0,,1.0
Positive Regulation Of Protein Kinase A Signaling (GO:0010739),7,0,34,12722,24.505314009661834,1.0,,1.0
Positive Regulation Of Protein Kinase Activity (GO:0045860),139,0,34,12722,1.303776427198587,1.0,,1.0
Positive Regulation Of Protein Kinase B Signaling (GO:0051897),87,0,34,12722,2.0872049689440995,1.0,,1.0
Positive Regulation Of Protein Kinase C Signaling (GO:0090037),8,0,34,12722,21.62063086104007,1.0,,1.0
Positive Regulation Of Protein Localization To Cajal Body (GO:1904871),7,0,34,12722,24.505314009661834,1.0,,1.0
Positive Regulation Of Protein Localization To Cell Surface (GO:2000010),12,0,34,12722,14.697391304347827,1.0,,1.0
Positive Regulation Of Protein Localization To Centrosome (GO:1904781),6,0,34,12722,28.277591973244146,1.0,,1.0
"Positive Regulation Of Protein Localization To Chromosome, Telomeric Region (GO:1904816)",8,0,34,12722,21.62063086104007,1.0,,1.0
Positive Regulation Of Protein Localization To Early Endosome (GO:1902966),8,0,34,12722,21.62063086104007,1.0,,1.0
Positive Regulation Of Protein Localization To Endosome (GO:1905668),8,0,34,12722,21.62063086104007,1.0,,1.0
Positive Regulation Of Protein Localization To Nucleus (GO:1900182),68,0,34,12722,2.6701576219189675,1.0,,1.0
Positive Regulation Of Protein Maturation (GO:1903319),10,0,34,12722,17.499654934437544,1.0,,1.0
Positive Regulation Of Protein Modification By Small Protein Conjugation Or Removal (GO:1903322),72,0,34,12722,2.522038980509745,1.0,,1.0
Positive Regulation Of Protein Polymerization (GO:0032273),67,0,34,12722,2.709930220075148,1.0,,1.0
Positive Regulation Of Protein Polyubiquitination (GO:1902916),8,0,34,12722,21.62063086104007,1.0,,1.0
Positive Regulation Of Protein Processing (GO:0010954),18,0,34,12722,9.925969447708578,1.0,,1.0
Positive Regulation Of Protein Serine/Threonine Kinase Activity (GO:0071902),108,0,34,12722,1.6804247645762371,1.0,,1.0
Positive Regulation Of Protein Sumoylation (GO:0033235),9,0,34,12722,19.34324942791762,1.0,,1.0
Positive Regulation Of Protein Targeting To Membrane (GO:0090314),22,0,34,12722,8.158776167471819,1.0,,1.0
Positive Regulation Of Protein Targeting To Mitochondrion (GO:1903955),29,0,34,12722,6.219356423483173,1.0,,1.0
Positive Regulation Of Protein Tyrosine Kinase Activity (GO:0061098),36,0,34,12722,5.023823704586063,1.0,,1.0
Positive Regulation Of Protein Ubiquitination (GO:0031398),74,0,34,12722,2.4539441688551697,1.0,,1.0
Positive Regulation Of Protein-Containing Complex Assembly (GO:0031334),93,0,34,12722,1.952336665891653,1.0,,1.0
Positive Regulation Of Protein-Containing Complex Disassembly (GO:0043243),12,0,34,12722,14.697391304347827,1.0,,1.0
Positive Regulation Of Proteolysis (GO:0045862),55,0,34,12722,3.298994646820734,1.0,,1.0
Positive Regulation Of Pseudopodium Assembly (GO:0031274),9,0,34,12722,19.34324942791762,1.0,,1.0
Positive Regulation Of Pyruvate Dehydrogenase Activity (GO:1904184),5,0,34,12722,33.42160737812912,1.0,,1.0
Positive Regulation Of RIG-I Signaling Pathway (GO:1900246),7,0,34,12722,24.505314009661834,1.0,,1.0
Positive Regulation Of RNA Binding (GO:1905216),5,0,34,12722,33.42160737812912,1.0,,1.0
Positive Regulation Of RNA Biosynthetic Process (GO:1902680),9,0,34,12722,19.34324942791762,1.0,,1.0
Positive Regulation Of RNA Metabolic Process (GO:0051254),32,0,34,12722,5.643924191750279,1.0,,1.0
Positive Regulation Of RNA Splicing (GO:0033120),30,0,34,12722,6.014967925873129,1.0,,1.0
Positive Regulation Of Ras Protein Signal Transduction (GO:0046579),47,0,34,12722,3.8570556826849733,1.0,,1.0
Positive Regulation Of Reactive Oxygen Species Biosynthetic Process (GO:1903428),12,0,34,12722,14.697391304347827,1.0,,1.0
Positive Regulation Of Reactive Oxygen Species Metabolic Process (GO:2000379),46,0,34,12722,3.940314788842138,1.0,,1.0
Positive Regulation Of Receptor Binding (GO:1900122),5,0,34,12722,33.42160737812912,1.0,,1.0
Positive Regulation Of Receptor Catabolic Process (GO:2000646),6,0,34,12722,28.277591973244146,1.0,,1.0
Positive Regulation Of Receptor Internalization (GO:0002092),20,0,34,12722,8.956168257334747,1.0,,1.0
Positive Regulation Of Receptor Recycling (GO:0001921),9,0,34,12722,19.34324942791762,1.0,,1.0
Positive Regulation Of Receptor Signaling Pathway Via JAK-STAT (GO:0046427),36,0,34,12722,5.023823704586063,1.0,,1.0
Positive Regulation Of Receptor Signaling Pathway Via STAT (GO:1904894),36,0,34,12722,5.023823704586063,1.0,,1.0
Positive Regulation Of Receptor-Mediated Endocytosis (GO:0048260),40,0,34,12722,4.526212202540705,1.0,,1.0
Positive Regulation Of Regulated Secretory Pathway (GO:1903307),11,0,34,12722,15.976685570258349,1.0,,1.0
Positive Regulation Of Regulatory T Cell Differentiation (GO:0045591),16,0,34,12722,11.130873956960913,1.0,,1.0
Positive Regulation Of Release Of Cytochrome C From Mitochondria (GO:0090200),24,0,34,12722,7.491570541259982,1.0,,1.0
Positive Regulation Of Release Of Sequestered Calcium Ion Into Cytosol (GO:0051281),29,0,34,12722,6.219356423483173,1.0,,1.0
Positive Regulation Of Respiratory Burst (GO:0060267),6,0,34,12722,28.277591973244146,1.0,,1.0
Positive Regulation Of Response To Biotic Stimulus (GO:0002833),40,0,34,12722,4.526212202540705,1.0,,1.0
Positive Regulation Of Response To Cytokine Stimulus (GO:0060760),11,0,34,12722,15.976685570258349,1.0,,1.0
Positive Regulation Of Response To Endoplasmic Reticulum Stress (GO:1905898),18,0,34,12722,9.925969447708578,1.0,,1.0
Positive Regulation Of Response To Stimulus (GO:0048584),69,0,34,12722,2.6315295589615264,1.0,,1.0
Positive Regulation Of Response To Wounding (GO:1903036),25,0,34,12722,7.19721511793123,1.0,,1.0
Positive Regulation Of Rho Protein Signal Transduction (GO:0035025),28,0,34,12722,6.4380879735570815,1.0,,1.0
Positive Regulation Of Ruffle Assembly (GO:1900029),12,0,34,12722,14.697391304347827,1.0,,1.0
Positive Regulation Of Ryanodine-Sensitive Calcium-Release Channel Activity (GO:0060316),5,0,34,12722,33.42160737812912,1.0,,1.0
Positive Regulation Of SMAD Protein Signal Transduction (GO:0060391),17,0,34,12722,10.49399585921325,1.0,,1.0
Positive Regulation Of Secondary Metabolite Biosynthetic Process (GO:1900378),7,0,34,12722,24.505314009661834,1.0,,1.0
Positive Regulation Of Secretion (GO:0051047),15,0,34,12722,11.84992987377279,1.0,,1.0
Positive Regulation Of Signal Transduction By P53 Class Mediator (GO:1901798),18,0,34,12722,9.925969447708578,1.0,,1.0
Positive Regulation Of Signaling (GO:0023056),36,0,34,12722,5.023823704586063,1.0,,1.0
Positive Regulation Of Signaling Receptor Activity (GO:2000273),35,0,34,12722,5.165748111859563,1.0,,1.0
Positive Regulation Of Skeletal Muscle Tissue Development (GO:0048643),8,0,34,12722,21.62063086104007,1.0,,1.0
Positive Regulation Of Small GTPase Mediated Signal Transduction (GO:0051057),16,0,34,12722,11.130873956960913,1.0,,1.0
Positive Regulation Of Small Molecule Metabolic Process (GO:0062013),31,0,34,12722,5.823556475730388,1.0,,1.0
Positive Regulation Of Smooth Muscle Cell Apoptotic Process (GO:0034393),8,0,34,12722,21.62063086104007,1.0,,1.0
Positive Regulation Of Smooth Muscle Cell Migration (GO:0014911),14,0,34,12722,12.66816591704148,1.0,,1.0
Positive Regulation Of Smooth Muscle Contraction (GO:0045987),9,0,34,12722,19.34324942791762,1.0,,1.0
Positive Regulation Of Smoothened Signaling Pathway (GO:0045880),17,0,34,12722,10.49399585921325,1.0,,1.0
Positive Regulation Of Sodium Ion Transmembrane Transport (GO:1902307),9,0,34,12722,19.34324942791762,1.0,,1.0
Positive Regulation Of Sodium Ion Transmembrane Transporter Activity (GO:2000651),11,0,34,12722,15.976685570258349,1.0,,1.0
Positive Regulation Of Sodium Ion Transport (GO:0010765),12,0,34,12722,14.697391304347827,1.0,,1.0
Positive Regulation Of Spindle Checkpoint (GO:0090232),11,0,34,12722,15.976685570258349,1.0,,1.0
Positive Regulation Of Sprouting Angiogenesis (GO:1903672),14,0,34,12722,12.66816591704148,1.0,,1.0
Positive Regulation Of Stem Cell Differentiation (GO:2000738),17,0,34,12722,10.49399585921325,1.0,,1.0
Positive Regulation Of Stem Cell Population Maintenance (GO:1902459),37,0,34,12722,4.889468599033816,1.0,,1.0
Positive Regulation Of Stem Cell Proliferation (GO:2000648),16,0,34,12722,11.130873956960913,1.0,,1.0
Positive Regulation Of Steroid Biosynthetic Process (GO:0010893),5,0,34,12722,33.42160737812912,1.0,,1.0
Positive Regulation Of Steroid Metabolic Process (GO:0045940),5,0,34,12722,33.42160737812912,1.0,,1.0
Positive Regulation Of Sterol Biosynthetic Process (GO:0106120),5,0,34,12722,33.42160737812912,1.0,,1.0
Positive Regulation Of Sterol Transport (GO:0032373),5,0,34,12722,33.42160737812912,1.0,,1.0
Positive Regulation Of Stress Fiber Assembly (GO:0051496),42,0,34,12722,4.312531969309463,1.0,,1.0
Positive Regulation Of Stress-Activated MAPK Cascade (GO:0032874),100,0,34,12722,1.815343571995097,1.0,,1.0
Positive Regulation Of Stress-Activated Protein Kinase Signaling Cascade (GO:0070304),16,0,34,12722,11.130873956960913,1.0,,1.0
Positive Regulation Of Striated Muscle Cell Differentiation (GO:0051155),23,0,34,12722,7.8109774899784155,1.0,,1.0
Positive Regulation Of Striated Muscle Contraction (GO:0045989),6,0,34,12722,28.277591973244146,1.0,,1.0
Positive Regulation Of Substrate Adhesion-Dependent Cell Spreading (GO:1900026),35,0,34,12722,5.165748111859563,1.0,,1.0
Positive Regulation Of Superoxide Anion Generation (GO:0032930),13,0,34,12722,13.60762211486849,1.0,,1.0
Positive Regulation Of Supramolecular Fiber Organization (GO:1902905),91,0,34,12722,1.995327472875584,1.0,,1.0
Positive Regulation Of Synapse Assembly (GO:0051965),27,0,34,12722,6.672727272727273,1.0,,1.0
Positive Regulation Of Synapse Maturation (GO:0090129),8,0,34,12722,21.62063086104007,1.0,,1.0
Positive Regulation Of Synaptic Plasticity (GO:0031915),6,0,34,12722,28.277591973244146,1.0,,1.0
"Positive Regulation Of Synaptic Transmission, GABAergic (GO:0032230)",6,0,34,12722,28.277591973244146,1.0,,1.0
"Positive Regulation Of Synaptic Transmission, Glutamatergic (GO:0051968)",21,0,34,12722,8.538928210313449,1.0,,1.0
Positive Regulation Of T Cell Activation (GO:0050870),101,0,34,12722,1.7973156279003355,1.0,,1.0
Positive Regulation Of T Cell Apoptotic Process (GO:0070234),8,0,34,12722,21.62063086104007,1.0,,1.0
Positive Regulation Of T Cell Chemotaxis (GO:0010820),11,0,34,12722,15.976685570258349,1.0,,1.0
Positive Regulation Of T Cell Differentiation (GO:0045582),63,0,34,12722,2.8815474152687437,1.0,,1.0
Positive Regulation Of T Cell Differentiation In Thymus (GO:0033089),5,0,34,12722,33.42160737812912,1.0,,1.0
Positive Regulation Of T Cell Mediated Cytotoxicity (GO:0001916),31,0,34,12722,5.823556475730388,1.0,,1.0
Positive Regulation Of T Cell Mediated Immunity (GO:0002711),39,0,34,12722,4.641166758392956,1.0,,1.0
Positive Regulation Of T Cell Migration (GO:2000406),24,0,34,12722,7.491570541259982,1.0,,1.0
Positive Regulation Of T Cell Proliferation (GO:0042102),62,0,34,12722,2.9278840579710144,1.0,,1.0
Positive Regulation Of T Cell Receptor Signaling Pathway (GO:0050862),13,0,34,12722,13.60762211486849,1.0,,1.0
Positive Regulation Of T-helper 1 Cell Cytokine Production (GO:2000556),5,0,34,12722,33.42160737812912,1.0,,1.0
Positive Regulation Of T-helper 1 Type Immune Response (GO:0002827),12,0,34,12722,14.697391304347827,1.0,,1.0
Positive Regulation Of T-helper 17 Cell Differentiation (GO:2000321),6,0,34,12722,28.277591973244146,1.0,,1.0
Positive Regulation Of T-helper 17 Type Immune Response (GO:2000318),12,0,34,12722,14.697391304347827,1.0,,1.0
Positive Regulation Of TORC1 Signaling (GO:1904263),24,0,34,12722,7.491570541259982,1.0,,1.0
Positive Regulation Of Tau-Protein Kinase Activity (GO:1902949),5,0,34,12722,33.42160737812912,1.0,,1.0
Positive Regulation Of Telomerase Activity (GO:0051973),31,0,34,12722,5.823556475730388,1.0,,1.0
Positive Regulation Of Telomerase RNA Localization To Cajal Body (GO:1904874),11,0,34,12722,15.976685570258349,1.0,,1.0
Positive Regulation Of Telomere Capping (GO:1904355),16,0,34,12722,11.130873956960913,1.0,,1.0
Positive Regulation Of Telomere Maintenance (GO:0032206),50,0,34,12722,3.627062706270627,1.0,,1.0
Positive Regulation Of Telomere Maintenance In Response To DNA Damage (GO:1904507),14,0,34,12722,12.66816591704148,1.0,,1.0
Positive Regulation Of Telomere Maintenance Via Telomerase (GO:0032212),30,0,34,12722,6.014967925873129,1.0,,1.0
Positive Regulation Of Telomere Maintenance Via Telomere Lengthening (GO:1904358),33,0,34,12722,5.475016223231668,1.0,,1.0
Positive Regulation Of Tissue Remodeling (GO:0034105),8,0,34,12722,21.62063086104007,1.0,,1.0
Positive Regulation Of Toll-Like Receptor 2 Signaling Pathway (GO:0034137),5,0,34,12722,33.42160737812912,1.0,,1.0
Positive Regulation Of Toll-Like Receptor 3 Signaling Pathway (GO:0034141),6,0,34,12722,28.277591973244146,1.0,,1.0
Positive Regulation Of Toll-Like Receptor 4 Signaling Pathway (GO:0034145),9,0,34,12722,19.34324942791762,1.0,,1.0
Positive Regulation Of Tooth Mineralization (GO:0070172),5,0,34,12722,33.42160737812912,1.0,,1.0
Positive Regulation Of Transcription By RNA Polymerase I (GO:0045943),31,0,34,12722,5.823556475730388,1.0,,1.0
Positive Regulation Of Transcription By RNA Polymerase III (GO:0045945),15,0,34,12722,11.84992987377279,1.0,,1.0
Positive Regulation Of Transcription Elongation By RNA Polymerase II (GO:0032968),41,0,34,12722,4.416797625283744,1.0,,1.0
Positive Regulation Of Transcription From RNA Polymerase II Promoter In Response To Endoplasmic Reticulum Stress (GO:1990440),10,0,34,12722,17.499654934437544,1.0,,1.0
Positive Regulation Of Transcription From RNA Polymerase II Promoter In Response To Stress (GO:0036003),17,0,34,12722,10.49399585921325,1.0,,1.0
Positive Regulation Of Transcription From RNA Polymerase II Promoter Involved In Cellular Response To Chemical Stimulus (GO:1901522),13,0,34,12722,13.60762211486849,1.0,,1.0
Positive Regulation Of Transcription Initiation By RNA Polymerase II (GO:0060261),49,0,34,12722,3.700629483238179,1.0,,1.0
Positive Regulation Of Transcription Of Notch Receptor Target (GO:0007221),5,0,34,12722,33.42160737812912,1.0,,1.0
Positive Regulation Of Transcription Of Nucleolar Large rRNA By RNA Polymerase I (GO:1901838),8,0,34,12722,21.62063086104007,1.0,,1.0
Positive Regulation Of Transcription Regulatory Region DNA Binding (GO:2000679),19,0,34,12722,9.41620215533259,1.0,,1.0
Positive Regulation Of Transforming Growth Factor Beta Production (GO:0071636),10,0,34,12722,17.499654934437544,1.0,,1.0
Positive Regulation Of Transforming Growth Factor Beta Receptor Signaling Pathway (GO:0030511),24,0,34,12722,7.491570541259982,1.0,,1.0
Positive Regulation Of Translation (GO:0045727),99,0,34,12722,1.8337338868254316,1.0,,1.0
Positive Regulation Of Translation In Response To Stress (GO:0032056),5,0,34,12722,33.42160737812912,1.0,,1.0
Positive Regulation Of Translational Initiation (GO:0045948),17,0,34,12722,10.49399585921325,1.0,,1.0
Positive Regulation Of Transmembrane Transport (GO:0034764),15,0,34,12722,11.84992987377279,1.0,,1.0
Positive Regulation Of Transport (GO:0051050),49,0,34,12722,3.700629483238179,1.0,,1.0
Positive Regulation Of Transporter Activity (GO:0032411),13,0,34,12722,13.60762211486849,1.0,,1.0
Positive Regulation Of Triglyceride Biosynthetic Process (GO:0010867),11,0,34,12722,15.976685570258349,1.0,,1.0
Positive Regulation Of Triglyceride Catabolic Process (GO:0010898),6,0,34,12722,28.277591973244146,1.0,,1.0
Positive Regulation Of Triglyceride Lipase Activity (GO:0061365),7,0,34,12722,24.505314009661834,1.0,,1.0
Positive Regulation Of Triglyceride Metabolic Process (GO:0090208),18,0,34,12722,9.925969447708578,1.0,,1.0
Positive Regulation Of Trophoblast Cell Migration (GO:1901165),6,0,34,12722,28.277591973244146,1.0,,1.0
Positive Regulation Of Tumor Necrosis Factor Production (GO:0032760),72,0,34,12722,2.522038980509745,1.0,,1.0
Positive Regulation Of Tumor Necrosis Factor Superfamily Cytokine Production (GO:1903557),76,0,34,12722,2.3894098702282847,1.0,,1.0
Positive Regulation Of Tumor Necrosis Factor-Mediated Signaling Pathway (GO:1903265),5,0,34,12722,33.42160737812912,1.0,,1.0
Positive Regulation Of Type I Interferon Production (GO:0032481),58,0,34,12722,3.129072216028738,1.0,,1.0
Positive Regulation Of Type I Interferon-Mediated Signaling Pathway (GO:0060340),13,0,34,12722,13.60762211486849,1.0,,1.0
Positive Regulation Of Type II Interferon Production (GO:0032729),56,0,34,12722,3.240348852122611,1.0,,1.0
Positive Regulation Of Tyrosine Phosphorylation Of STAT Protein (GO:0042531),53,0,34,12722,3.422863334687796,1.0,,1.0
Positive Regulation Of Ubiquitin Protein Ligase Activity (GO:1904668),8,0,34,12722,21.62063086104007,1.0,,1.0
Positive Regulation Of Ubiquitin-Dependent Protein Catabolic Process (GO:2000060),74,0,34,12722,2.4539441688551697,1.0,,1.0
Positive Regulation Of Ubiquitin-Protein Transferase Activity (GO:0051443),24,0,34,12722,7.491570541259982,1.0,,1.0
Positive Regulation Of Urine Volume (GO:0035810),5,0,34,12722,33.42160737812912,1.0,,1.0
Positive Regulation Of Vacuole Organization (GO:0044090),19,0,34,12722,9.41620215533259,1.0,,1.0
Positive Regulation Of Vascular Associated Smooth Muscle Cell Differentiation (GO:1905065),5,0,34,12722,33.42160737812912,1.0,,1.0
Positive Regulation Of Vascular Associated Smooth Muscle Cell Migration (GO:1904754),7,0,34,12722,24.505314009661834,1.0,,1.0
Positive Regulation Of Vascular Endothelial Cell Proliferation (GO:1905564),11,0,34,12722,15.976685570258349,1.0,,1.0
Positive Regulation Of Vascular Endothelial Growth Factor Production (GO:0010575),24,0,34,12722,7.491570541259982,1.0,,1.0
Positive Regulation Of Vascular Endothelial Growth Factor Receptor Signaling Pathway (GO:0030949),8,0,34,12722,21.62063086104007,1.0,,1.0
Positive Regulation Of Vascular Endothelial Growth Factor Signaling Pathway (GO:1900748),6,0,34,12722,28.277591973244146,1.0,,1.0
Positive Regulation Of Vascular Permeability (GO:0043117),11,0,34,12722,15.976685570258349,1.0,,1.0
Positive Regulation Of Vasculogenesis (GO:2001214),9,0,34,12722,19.34324942791762,1.0,,1.0
Positive Regulation Of Vasoconstriction (GO:0045907),12,0,34,12722,14.697391304347827,1.0,,1.0
Positive Regulation Of Vesicle Fusion (GO:0031340),5,0,34,12722,33.42160737812912,1.0,,1.0
Positive Regulation Of Viral Entry Into Host Cell (GO:0046598),12,0,34,12722,14.697391304347827,1.0,,1.0
Positive Regulation Of Viral Genome Replication (GO:0045070),28,0,34,12722,6.4380879735570815,1.0,,1.0
Positive Regulation Of Viral Life Cycle (GO:1903902),22,0,34,12722,8.158776167471819,1.0,,1.0
Positive Regulation Of Viral Process (GO:0048524),39,0,34,12722,4.641166758392956,1.0,,1.0
Positive Regulation Of Voltage-Gated Calcium Channel Activity (GO:1901387),10,0,34,12722,17.499654934437544,1.0,,1.0
Positive Regulation Of Wnt Signaling Pathway (GO:0030177),104,0,34,12722,1.7453019901532487,1.0,,1.0
"Positive Regulation Of Wnt Signaling Pathway, Planar Cell Polarity Pathway (GO:2000096)",5,0,34,12722,33.42160737812912,1.0,,1.0
Positive Regulation Of Wound Healing (GO:0090303),39,0,34,12722,4.641166758392956,1.0,,1.0
Positive Regulation Of cAMP-mediated Signaling (GO:0043950),5,0,34,12722,33.42160737812912,1.0,,1.0
Positive Regulation Of calcineurin-NFAT Signaling Cascade (GO:0070886),16,0,34,12722,11.130873956960913,1.0,,1.0
Positive Regulation Of mRNA 3'-End Processing (GO:0031442),9,0,34,12722,19.34324942791762,1.0,,1.0
Positive Regulation Of mRNA Binding (GO:1902416),5,0,34,12722,33.42160737812912,1.0,,1.0
Positive Regulation Of mRNA Catabolic Process (GO:0061014),43,0,34,12722,4.213060136598368,1.0,,1.0
Positive Regulation Of mRNA Metabolic Process (GO:1903313),11,0,34,12722,15.976685570258349,1.0,,1.0
Positive Regulation Of mRNA Processing (GO:0050685),23,0,34,12722,7.8109774899784155,1.0,,1.0
"Positive Regulation Of mRNA Splicing, Via Spliceosome (GO:0048026)",18,0,34,12722,9.925969447708578,1.0,,1.0
Positive Regulation Of miRNA Metabolic Process (GO:2000630),46,0,34,12722,3.940314788842138,1.0,,1.0
Positive Regulation Of miRNA Transcription (GO:1902895),41,0,34,12722,4.416797625283744,1.0,,1.0
Positive Regulation Of miRNA-mediated Gene Silencing (GO:2000637),9,0,34,12722,19.34324942791762,1.0,,1.0
Positive Regulation Of p38MAPK Cascade (GO:1900745),22,0,34,12722,8.158776167471819,1.0,,1.0
Positive Regulation Of rRNA Processing (GO:2000234),9,0,34,12722,19.34324942791762,1.0,,1.0
Post-Transcriptional Gene Silencing (GO:0016441),11,0,34,12722,15.976685570258349,1.0,,1.0
Post-Transcriptional Regulation Of Gene Expression (GO:0010608),53,0,34,12722,3.422863334687796,1.0,,1.0
Post-Translational Protein Modification (GO:0043687),47,0,34,12722,3.8570556826849733,1.0,,1.0
Post-Translational Protein Targeting To Endoplasmic Reticulum Membrane (GO:0006620),12,0,34,12722,14.697391304347827,1.0,,1.0
"Post-Translational Protein Targeting To Membrane, Translocation (GO:0031204)",7,0,34,12722,24.505314009661834,1.0,,1.0
Postreplication Repair (GO:0006301),19,0,34,12722,9.41620215533259,1.0,,1.0
Postsynapse Assembly (GO:0099068),9,0,34,12722,19.34324942791762,1.0,,1.0
Postsynapse Organization (GO:0099173),6,0,34,12722,28.277591973244146,1.0,,1.0
Postsynaptic Density Assembly (GO:0097107),5,0,34,12722,33.42160737812912,1.0,,1.0
Postsynaptic Density Organization (GO:0097106),7,0,34,12722,24.505314009661834,1.0,,1.0
Postsynaptic Membrane Assembly (GO:0097104),7,0,34,12722,24.505314009661834,1.0,,1.0
Postsynaptic Membrane Organization (GO:0001941),17,0,34,12722,10.49399585921325,1.0,,1.0
Postsynaptic Neurotransmitter Receptor Diffusion Trapping (GO:0098970),7,0,34,12722,24.505314009661834,1.0,,1.0
Potassium Ion Export Across Plasma Membrane (GO:0097623),11,0,34,12722,15.976685570258349,1.0,,1.0
Potassium Ion Homeostasis (GO:0055075),21,0,34,12722,8.538928210313449,1.0,,1.0
Potassium Ion Import Across Plasma Membrane (GO:1990573),38,0,34,12722,4.762092979484284,1.0,,1.0
Potassium Ion Transmembrane Transport (GO:0071805),122,0,34,12722,1.4867199053534457,1.0,,1.0
Potassium Ion Transport (GO:0006813),111,0,34,12722,1.634821602651589,1.0,,1.0
Preassembly Of GPI Anchor In ER Membrane (GO:0016254),7,0,34,12722,24.505314009661834,1.0,,1.0
Presynapse Assembly (GO:0099054),14,0,34,12722,12.66816591704148,1.0,,1.0
Presynapse Organization (GO:0099172),10,0,34,12722,17.499654934437544,1.0,,1.0
Presynaptic Active Zone Organization (GO:1990709),5,0,34,12722,33.42160737812912,1.0,,1.0
Presynaptic Endocytosis (GO:0140238),29,0,34,12722,6.219356423483173,1.0,,1.0
Presynaptic Membrane Assembly (GO:0097105),8,0,34,12722,21.62063086104007,1.0,,1.0
Presynaptic Membrane Organization (GO:0097090),9,0,34,12722,19.34324942791762,1.0,,1.0
Primary Alcohol Catabolic Process (GO:0034310),7,0,34,12722,24.505314009661834,1.0,,1.0
Primary Alcohol Metabolic Process (GO:0034308),13,0,34,12722,13.60762211486849,1.0,,1.0
Primary miRNA Processing (GO:0031053),10,0,34,12722,17.499654934437544,1.0,,1.0
Progesterone Receptor Signaling Pathway (GO:0050847),9,0,34,12722,19.34324942791762,1.0,,1.0
Programmed Necrotic Cell Death (GO:0097300),11,0,34,12722,15.976685570258349,1.0,,1.0
Proline Transport (GO:0015824),8,0,34,12722,21.62063086104007,1.0,,1.0
Pronephros Development (GO:0048793),5,0,34,12722,33.42160737812912,1.0,,1.0
Prostaglandin Biosynthetic Process (GO:0001516),15,0,34,12722,11.84992987377279,1.0,,1.0
Prostaglandin Metabolic Process (GO:0006693),26,0,34,12722,6.925075198249932,1.0,,1.0
Prostaglandin Transport (GO:0015732),9,0,34,12722,19.34324942791762,1.0,,1.0
Prostanoid Biosynthetic Process (GO:0046457),13,0,34,12722,13.60762211486849,1.0,,1.0
Prostanoid Metabolic Process (GO:0006692),14,0,34,12722,12.66816591704148,1.0,,1.0
Proteasomal Protein Catabolic Process (GO:0010498),206,0,34,12722,0.8760571288205776,1.0,,1.0
Proteasome Assembly (GO:0043248),8,0,34,12722,21.62063086104007,1.0,,1.0
Proteasome-Mediated Ubiquitin-Dependent Protein Catabolic Process (GO:0043161),300,0,34,12722,0.5974824567749403,1.0,,1.0
Protection From Natural Killer Cell Mediated Cytotoxicity (GO:0042270),5,0,34,12722,33.42160737812912,1.0,,1.0
Protein Acetylation (GO:0006473),28,0,34,12722,6.4380879735570815,1.0,,1.0
Protein Activation Cascade (GO:0072376),13,0,34,12722,13.60762211486849,1.0,,1.0
Protein Acylation (GO:0043543),35,0,34,12722,5.165748111859563,1.0,,1.0
Protein Alkylation (GO:0008213),20,0,34,12722,8.956168257334747,1.0,,1.0
"Protein Alpha-1,2-Demannosylation (GO:0036508)",14,0,34,12722,12.66816591704148,1.0,,1.0
Protein Autophosphorylation (GO:0046777),154,0,34,12722,1.1757891280896768,1.0,,1.0
Protein Autoprocessing (GO:0016540),17,0,34,12722,10.49399585921325,1.0,,1.0
Protein Autoubiquitination (GO:0051865),64,0,34,12722,2.8366475676890235,1.0,,1.0
Protein C-linked Glycosylation Via 2'-alpha-mannosyl-L-tryptophan (GO:0018406),5,0,34,12722,33.42160737812912,1.0,,1.0
Protein C-linked Glycosylation Via Tryptophan (GO:0018317),5,0,34,12722,33.42160737812912,1.0,,1.0
Protein Catabolic Process (GO:0030163),88,0,34,12722,2.0634569720789324,1.0,,1.0
Protein Catabolic Process In The Vacuole (GO:0007039),5,0,34,12722,33.42160737812912,1.0,,1.0
Protein Complex Oligomerization (GO:0051259),91,0,34,12722,1.995327472875584,1.0,,1.0
Protein Deacetylation (GO:0006476),38,0,34,12722,4.762092979484284,1.0,,1.0
Protein Deacylation (GO:0035601),20,0,34,12722,8.956168257334747,1.0,,1.0
Protein Deglutamylation (GO:0035608),6,0,34,12722,28.277591973244146,1.0,,1.0
Protein Deglycosylation (GO:0006517),6,0,34,12722,28.277591973244146,1.0,,1.0
Protein Deneddylation (GO:0000338),10,0,34,12722,17.499654934437544,1.0,,1.0
Protein Depalmitoylation (GO:0002084),7,0,34,12722,24.505314009661834,1.0,,1.0
Protein Dephosphorylation (GO:0006470),118,0,34,12722,1.5373937503821928,1.0,,1.0
Protein Depolymerization (GO:0051261),27,0,34,12722,6.672727272727273,1.0,,1.0
Protein Destabilization (GO:0031648),30,0,34,12722,6.014967925873129,1.0,,1.0
Protein Desumoylation (GO:0016926),7,0,34,12722,24.505314009661834,1.0,,1.0
Protein Deubiquitination (GO:0016579),78,0,34,12722,2.3281639435059542,1.0,,1.0
Protein Deubiquitination Involved In Ubiquitin-Dependent Protein Catabolic Process (GO:0071947),5,0,34,12722,33.42160737812912,1.0,,1.0
Protein Exit From Endoplasmic Reticulum (GO:0032527),21,0,34,12722,8.538928210313449,1.0,,1.0
Protein Export From Nucleus (GO:0006611),23,0,34,12722,7.8109774899784155,1.0,,1.0
Protein Geranylgeranylation (GO:0018344),5,0,34,12722,33.42160737812912,1.0,,1.0
Protein Heterooligomerization (GO:0051291),18,0,34,12722,9.925969447708578,1.0,,1.0
Protein Heterotetramerization (GO:0051290),11,0,34,12722,15.976685570258349,1.0,,1.0
Protein Hexamerization (GO:0034214),6,0,34,12722,28.277591973244146,1.0,,1.0
Protein Homooligomerization (GO:0051260),118,0,34,12722,1.5373937503821928,1.0,,1.0
Protein Homotetramerization (GO:0051289),49,0,34,12722,3.700629483238179,1.0,,1.0
Protein Homotrimerization (GO:0070207),12,0,34,12722,14.697391304347827,1.0,,1.0
Protein Hydroxylation (GO:0018126),12,0,34,12722,14.697391304347827,1.0,,1.0
Protein Import (GO:0017038),5,0,34,12722,33.42160737812912,1.0,,1.0
Protein Import Into Mitochondrial Matrix (GO:0030150),17,0,34,12722,10.49399585921325,1.0,,1.0
Protein Import Into Nucleus (GO:0006606),68,0,34,12722,2.6701576219189675,1.0,,1.0
Protein Import Into Peroxisome Matrix (GO:0016558),13,0,34,12722,13.60762211486849,1.0,,1.0
"Protein Import Into Peroxisome Matrix, Receptor Recycling (GO:0016562)",6,0,34,12722,28.277591973244146,1.0,,1.0
Protein Insertion Into ER Membrane (GO:0045048),24,0,34,12722,7.491570541259982,1.0,,1.0
Protein Insertion Into ER Membrane By Stop-Transfer Membrane-Anchor Sequence (GO:0045050),9,0,34,12722,19.34324942791762,1.0,,1.0
Protein Insertion Into Membrane (GO:0051205),14,0,34,12722,12.66816591704148,1.0,,1.0
Protein Insertion Into Mitochondrial Inner Membrane (GO:0045039),11,0,34,12722,15.976685570258349,1.0,,1.0
Protein Insertion Into Mitochondrial Membrane (GO:0051204),24,0,34,12722,7.491570541259982,1.0,,1.0
Protein Insertion Into Mitochondrial Outer Membrane (GO:0045040),11,0,34,12722,15.976685570258349,1.0,,1.0
Protein K11-linked Deubiquitination (GO:0035871),8,0,34,12722,21.62063086104007,1.0,,1.0
Protein K11-linked Ubiquitination (GO:0070979),27,0,34,12722,6.672727272727273,1.0,,1.0
Protein K27-linked Ubiquitination (GO:0044314),6,0,34,12722,28.277591973244146,1.0,,1.0
Protein K29-linked Ubiquitination (GO:0035519),6,0,34,12722,28.277591973244146,1.0,,1.0
Protein K48-linked Deubiquitination (GO:0071108),19,0,34,12722,9.41620215533259,1.0,,1.0
Protein K48-linked Ubiquitination (GO:0070936),66,0,34,12722,2.750898986596927,1.0,,1.0
Protein K6-linked Ubiquitination (GO:0085020),8,0,34,12722,21.62063086104007,1.0,,1.0
Protein K63-linked Deubiquitination (GO:0070536),29,0,34,12722,6.219356423483173,1.0,,1.0
Protein K63-linked Ubiquitination (GO:0070534),51,0,34,12722,3.5563528915154072,1.0,,1.0
Protein Kinase A Signaling (GO:0010737),13,0,34,12722,13.60762211486849,1.0,,1.0
Protein Kinase B Signaling (GO:0043491),23,0,34,12722,7.8109774899784155,1.0,,1.0
Protein Kinase C Signaling (GO:0070528),9,0,34,12722,19.34324942791762,1.0,,1.0
Protein Kinase C-activating G Protein-Coupled Receptor Signaling Pathway (GO:0007205),10,0,34,12722,17.499654934437544,1.0,,1.0
Protein Lipidation (GO:0006497),59,0,34,12722,3.0762391913287055,1.0,,1.0
Protein Localization To Basolateral Plasma Membrane (GO:1903361),6,0,34,12722,28.277591973244146,1.0,,1.0
Protein Localization To Cell Junction (GO:1902414),22,0,34,12722,8.158776167471819,1.0,,1.0
Protein Localization To Cell Periphery (GO:1990778),134,0,34,12722,1.3527827164484671,1.0,,1.0
Protein Localization To Cell Surface (GO:0034394),24,0,34,12722,7.491570541259982,1.0,,1.0
Protein Localization To Cell-Cell Junction (GO:0150105),13,0,34,12722,13.60762211486849,1.0,,1.0
Protein Localization To Chromatin (GO:0071168),21,0,34,12722,8.538928210313449,1.0,,1.0
Protein Localization To Chromosome (GO:0034502),37,0,34,12722,4.889468599033816,1.0,,1.0
"Protein Localization To Chromosome, Centromeric Region (GO:0071459)",14,0,34,12722,12.66816591704148,1.0,,1.0
"Protein Localization To Chromosome, Telomeric Region (GO:0070198)",15,0,34,12722,11.84992987377279,1.0,,1.0
Protein Localization To Ciliary Membrane (GO:1903441),6,0,34,12722,28.277591973244146,1.0,,1.0
Protein Localization To Ciliary Transition Zone (GO:1904491),7,0,34,12722,24.505314009661834,1.0,,1.0
Protein Localization To Cilium (GO:0061512),36,0,34,12722,5.023823704586063,1.0,,1.0
Protein Localization To Condensed Chromosome (GO:1903083),10,0,34,12722,17.499654934437544,1.0,,1.0
Protein Localization To Cytoplasmic Stress Granule (GO:1903608),7,0,34,12722,24.505314009661834,1.0,,1.0
Protein Localization To Endoplasmic Reticulum (GO:0070972),15,0,34,12722,11.84992987377279,1.0,,1.0
Protein Localization To Endoplasmic Reticulum Exit Site (GO:0070973),6,0,34,12722,28.277591973244146,1.0,,1.0
Protein Localization To Endosome (GO:0036010),8,0,34,12722,21.62063086104007,1.0,,1.0
Protein Localization To Golgi Apparatus (GO:0034067),26,0,34,12722,6.925075198249932,1.0,,1.0
Protein Localization To Kinetochore (GO:0034501),11,0,34,12722,15.976685570258349,1.0,,1.0
Protein Localization To Lysosome (GO:0061462),39,0,34,12722,4.641166758392956,1.0,,1.0
Protein Localization To Membrane (GO:0072657),183,0,34,12722,0.9876791849306954,1.0,,1.0
Protein Localization To Membrane Raft (GO:1903044),5,0,34,12722,33.42160737812912,1.0,,1.0
Protein Localization To Microtubule (GO:0035372),9,0,34,12722,19.34324942791762,1.0,,1.0
Protein Localization To Microtubule Cytoskeleton (GO:0072698),9,0,34,12722,19.34324942791762,1.0,,1.0
Protein Localization To Mitochondrion (GO:0070585),13,0,34,12722,13.60762211486849,1.0,,1.0
Protein Localization To Nuclear Envelope (GO:0090435),8,0,34,12722,21.62063086104007,1.0,,1.0
Protein Localization To Nucleolus (GO:1902570),6,0,34,12722,28.277591973244146,1.0,,1.0
Protein Localization To Nucleus (GO:0034504),113,0,34,12722,1.6057587946115048,1.0,,1.0
Protein Localization To Organelle (GO:0033365),125,0,34,12722,1.4508343437842832,1.0,,1.0
Protein Localization To Perinuclear Region Of Cytoplasm (GO:1905719),5,0,34,12722,33.42160737812912,1.0,,1.0
Protein Localization To Phagophore Assembly Site (GO:0034497),13,0,34,12722,13.60762211486849,1.0,,1.0
Protein Localization To Plasma Membrane (GO:0072659),128,0,34,12722,1.4166243726385834,1.0,,1.0
Protein Localization To Presynapse (GO:1905383),7,0,34,12722,24.505314009661834,1.0,,1.0
Protein Localization To Site Of Double-Strand Break (GO:1990166),5,0,34,12722,33.42160737812912,1.0,,1.0
Protein Localization To Synapse (GO:0035418),13,0,34,12722,13.60762211486849,1.0,,1.0
Protein Localization To Vacuole (GO:0072665),13,0,34,12722,13.60762211486849,1.0,,1.0
Protein Mannosylation (GO:0035268),19,0,34,12722,9.41620215533259,1.0,,1.0
Protein Maturation (GO:0051604),107,0,34,12722,1.6961914391641388,1.0,,1.0
Protein Maturation By Iron-Sulfur Cluster Transfer (GO:0097428),10,0,34,12722,17.499654934437544,1.0,,1.0
Protein Methylation (GO:0006479),30,0,34,12722,6.014967925873129,1.0,,1.0
Protein Modification By Small Protein Conjugation (GO:0032446),319,0,34,12722,0.561089564763784,1.0,,1.0
Protein Modification By Small Protein Removal (GO:0070646),86,0,34,12722,2.111502052441987,1.0,,1.0
Protein Monoubiquitination (GO:0006513),44,0,34,12722,4.118058948054063,1.0,,1.0
Protein N-linked Glycosylation (GO:0006487),62,0,34,12722,2.9278840579710144,1.0,,1.0
Protein N-linked Glycosylation Via Asparagine (GO:0018279),23,0,34,12722,7.8109774899784155,1.0,,1.0
Protein Neddylation (GO:0045116),22,0,34,12722,8.158776167471819,1.0,,1.0
Protein O-linked Glycosylation Via Serine (GO:0018242),6,0,34,12722,28.277591973244146,1.0,,1.0
Protein O-linked Glycosylation Via Threonine (GO:0018243),8,0,34,12722,21.62063086104007,1.0,,1.0
Protein O-linked Mannosylation (GO:0035269),14,0,34,12722,12.66816591704148,1.0,,1.0
Protein Oxidation (GO:0018158),10,0,34,12722,17.499654934437544,1.0,,1.0
Protein Palmitoylation (GO:0018345),28,0,34,12722,6.4380879735570815,1.0,,1.0
Protein Peptidyl-Prolyl Isomerization (GO:0000413),15,0,34,12722,11.84992987377279,1.0,,1.0
Protein Polyglutamylation (GO:0018095),9,0,34,12722,19.34324942791762,1.0,,1.0
Protein Polymerization (GO:0051258),56,0,34,12722,3.240348852122611,1.0,,1.0
Protein Polyubiquitination (GO:0000209),210,0,34,12722,0.8591345657337602,1.0,,1.0
Protein Prenylation (GO:0018342),10,0,34,12722,17.499654934437544,1.0,,1.0
Protein Processing (GO:0016485),108,0,34,12722,1.6804247645762371,1.0,,1.0
Protein Quality Control For Misfolded Or Incompletely Synthesized Proteins (GO:0006515),26,0,34,12722,6.925075198249932,1.0,,1.0
Protein Repair (GO:0030091),5,0,34,12722,33.42160737812912,1.0,,1.0
Protein Retention In ER Lumen (GO:0006621),7,0,34,12722,24.505314009661834,1.0,,1.0
Protein Secretion (GO:0009306),58,0,34,12722,3.129072216028738,1.0,,1.0
Protein Stabilization (GO:0050821),177,0,34,12722,1.0215554194733618,1.0,,1.0
Protein Sulfation (GO:0006477),5,0,34,12722,33.42160737812912,1.0,,1.0
Protein Sumoylation (GO:0016925),44,0,34,12722,4.118058948054063,1.0,,1.0
Protein Targeting (GO:0006605),123,0,34,12722,1.474564337264566,1.0,,1.0
Protein Targeting To ER (GO:0045047),21,0,34,12722,8.538928210313449,1.0,,1.0
Protein Targeting To Lysosome (GO:0006622),24,0,34,12722,7.491570541259982,1.0,,1.0
Protein Targeting To Membrane (GO:0006612),66,0,34,12722,2.750898986596927,1.0,,1.0
Protein Targeting To Mitochondrion (GO:0006626),55,0,34,12722,3.298994646820734,1.0,,1.0
Protein Targeting To Peroxisome (GO:0006625),15,0,34,12722,11.84992987377279,1.0,,1.0
Protein Targeting To Vacuole (GO:0006623),32,0,34,12722,5.643924191750279,1.0,,1.0
Protein Tetramerization (GO:0051262),68,0,34,12722,2.6701576219189675,1.0,,1.0
Protein Transmembrane Import Into Intracellular Organelle (GO:0044743),31,0,34,12722,5.823556475730388,1.0,,1.0
Protein Transport To Vacuole Involved In Ubiquitin-Dependent Protein Catabolic Process Via The Multivesicular Body Sorting Pathway (GO:0043328),14,0,34,12722,12.66816591704148,1.0,,1.0
Protein Trimerization (GO:0070206),12,0,34,12722,14.697391304347827,1.0,,1.0
Protein Ubiquitination (GO:0016567),380,0,34,12722,0.46881486983183834,1.0,,1.0
Protein Ufmylation (GO:0071569),5,0,34,12722,33.42160737812912,1.0,,1.0
Protein auto-ADP-ribosylation (GO:0070213),10,0,34,12722,17.499654934437544,1.0,,1.0
Protein poly-ADP-ribosylation (GO:0070212),8,0,34,12722,21.62063086104007,1.0,,1.0
Protein-Containing Complex Assembly (GO:0065003),292,0,34,12722,0.6142202403071968,1.0,,1.0
Protein-Containing Complex Disassembly (GO:0032984),55,0,34,12722,3.298994646820734,1.0,,1.0
Protein-Containing Complex Organization (GO:0043933),121,0,34,12722,1.4990755650981094,1.0,,1.0
Proteoglycan Biosynthetic Process (GO:0030166),32,0,34,12722,5.643924191750279,1.0,,1.0
Proteoglycan Catabolic Process (GO:0030167),5,0,34,12722,33.42160737812912,1.0,,1.0
Proteoglycan Metabolic Process (GO:0006029),24,0,34,12722,7.491570541259982,1.0,,1.0
Proteolysis Involved In Protein Catabolic Process (GO:0051603),68,0,34,12722,2.6701576219189675,1.0,,1.0
Proton Motive Force-Driven ATP Synthesis (GO:0015986),39,0,34,12722,4.641166758392956,1.0,,1.0
Proton Motive Force-Driven Mitochondrial ATP Synthesis (GO:0042776),38,0,34,12722,4.762092979484284,1.0,,1.0
Proton Transmembrane Transport (GO:1902600),36,0,34,12722,5.023823704586063,1.0,,1.0
Proton-Transporting ATP Synthase Complex Assembly (GO:0043461),6,0,34,12722,28.277591973244146,1.0,,1.0
Proximal/Distal Pattern Formation (GO:0009954),6,0,34,12722,28.277591973244146,1.0,,1.0
Pseudouridine Synthesis (GO:0001522),12,0,34,12722,14.697391304347827,1.0,,1.0
Pteridine-Containing Compound Metabolic Process (GO:0042558),5,0,34,12722,33.42160737812912,1.0,,1.0
Pulmonary Valve Development (GO:0003177),20,0,34,12722,8.956168257334747,1.0,,1.0
Pulmonary Valve Morphogenesis (GO:0003184),17,0,34,12722,10.49399585921325,1.0,,1.0
Purine Deoxyribonucleotide Catabolic Process (GO:0009155),5,0,34,12722,33.42160737812912,1.0,,1.0
Purine Nucleobase Biosynthetic Process (GO:0009113),5,0,34,12722,33.42160737812912,1.0,,1.0
Purine Nucleobase Metabolic Process (GO:0006144),9,0,34,12722,19.34324942791762,1.0,,1.0
Purine Nucleobase Transmembrane Transport (GO:1904823),5,0,34,12722,33.42160737812912,1.0,,1.0
Purine Nucleobase Transport (GO:0006863),8,0,34,12722,21.62063086104007,1.0,,1.0
Purine Nucleoside Bisphosphate Biosynthetic Process (GO:0034033),10,0,34,12722,17.499654934437544,1.0,,1.0
Purine Nucleoside Bisphosphate Catabolic Process (GO:0034034),7,0,34,12722,24.505314009661834,1.0,,1.0
Purine Nucleoside Bisphosphate Metabolic Process (GO:0034032),20,0,34,12722,8.956168257334747,1.0,,1.0
Purine Nucleotide Biosynthetic Process (GO:0006164),21,0,34,12722,8.538928210313449,1.0,,1.0
Purine Nucleotide Catabolic Process (GO:0006195),6,0,34,12722,28.277591973244146,1.0,,1.0
Purine Nucleotide Metabolic Process (GO:0006163),32,0,34,12722,5.643924191750279,1.0,,1.0
Purine Ribonucleoside Bisphosphate Metabolic Process (GO:0034035),11,0,34,12722,15.976685570258349,1.0,,1.0
Purine Ribonucleoside Catabolic Process (GO:0046130),5,0,34,12722,33.42160737812912,1.0,,1.0
Purine Ribonucleoside Metabolic Process (GO:0046128),5,0,34,12722,33.42160737812912,1.0,,1.0
Purine Ribonucleoside Monophosphate Biosynthetic Process (GO:0009168),9,0,34,12722,19.34324942791762,1.0,,1.0
Purine Ribonucleoside Monophosphate Catabolic Process (GO:0009169),7,0,34,12722,24.505314009661834,1.0,,1.0
Purine Ribonucleoside Monophosphate Metabolic Process (GO:0009167),9,0,34,12722,19.34324942791762,1.0,,1.0
Purine Ribonucleoside Triphosphate Biosynthetic Process (GO:0009206),6,0,34,12722,28.277591973244146,1.0,,1.0
Purine Ribonucleoside Triphosphate Metabolic Process (GO:0009205),27,0,34,12722,6.672727272727273,1.0,,1.0
Purine Ribonucleotide Biosynthetic Process (GO:0009152),44,0,34,12722,4.118058948054063,1.0,,1.0
Purine Ribonucleotide Catabolic Process (GO:0009154),24,0,34,12722,7.491570541259982,1.0,,1.0
Purine Ribonucleotide Metabolic Process (GO:0009150),70,0,34,12722,2.593997327577346,1.0,,1.0
Purine Ribonucleotide Transport (GO:0015868),16,0,34,12722,11.130873956960913,1.0,,1.0
Purine-Containing Compound Biosynthetic Process (GO:0072522),17,0,34,12722,10.49399585921325,1.0,,1.0
Purine-Containing Compound Metabolic Process (GO:0072521),7,0,34,12722,24.505314009661834,1.0,,1.0
Pyrimidine Deoxyribonucleotide Catabolic Process (GO:0009223),11,0,34,12722,15.976685570258349,1.0,,1.0
Pyrimidine Nucleobase Catabolic Process (GO:0006208),7,0,34,12722,24.505314009661834,1.0,,1.0
Pyrimidine Nucleobase Metabolic Process (GO:0006206),11,0,34,12722,15.976685570258349,1.0,,1.0
Pyrimidine Nucleoside Transport (GO:0015864),5,0,34,12722,33.42160737812912,1.0,,1.0
Pyrimidine Nucleotide-Sugar Transmembrane Transport (GO:0090481),6,0,34,12722,28.277591973244146,1.0,,1.0
Pyrimidine Ribonucleotide Biosynthetic Process (GO:0009220),6,0,34,12722,28.277591973244146,1.0,,1.0
Pyrimidine-Containing Compound Catabolic Process (GO:0072529),8,0,34,12722,21.62063086104007,1.0,,1.0
Pyrimidine-Containing Compound Metabolic Process (GO:0072527),8,0,34,12722,21.62063086104007,1.0,,1.0
Quaternary Ammonium Group Transport (GO:0015697),12,0,34,12722,14.697391304347827,1.0,,1.0
Quinone Biosynthetic Process (GO:1901663),12,0,34,12722,14.697391304347827,1.0,,1.0
Quinone Metabolic Process (GO:1901661),9,0,34,12722,19.34324942791762,1.0,,1.0
R-loop Processing (GO:0062176),5,0,34,12722,33.42160737812912,1.0,,1.0
RISC Complex Assembly (GO:0070922),8,0,34,12722,21.62063086104007,1.0,,1.0
RNA 3'-End Processing (GO:0031123),31,0,34,12722,5.823556475730388,1.0,,1.0
RNA Biosynthetic Process (GO:0032774),27,0,34,12722,6.672727272727273,1.0,,1.0
RNA Capping (GO:0036260),7,0,34,12722,24.505314009661834,1.0,,1.0
RNA Catabolic Process (GO:0006401),51,0,34,12722,3.5563528915154072,1.0,,1.0
RNA Decapping (GO:0110154),5,0,34,12722,33.42160737812912,1.0,,1.0
RNA Destabilization (GO:0050779),18,0,34,12722,9.925969447708578,1.0,,1.0
RNA Metabolic Process (GO:0016070),104,0,34,12722,1.7453019901532487,1.0,,1.0
RNA Methylation (GO:0001510),59,0,34,12722,3.0762391913287055,1.0,,1.0
RNA Modification (GO:0009451),47,0,34,12722,3.8570556826849733,1.0,,1.0
RNA Phosphodiester Bond Hydrolysis (GO:0090501),25,0,34,12722,7.19721511793123,1.0,,1.0
"RNA Phosphodiester Bond Hydrolysis, Endonucleolytic (GO:0090502)",12,0,34,12722,14.697391304347827,1.0,,1.0
RNA Polyadenylation (GO:0043631),22,0,34,12722,8.158776167471819,1.0,,1.0
RNA Polymerase II Preinitiation Complex Assembly (GO:0051123),43,0,34,12722,4.213060136598368,1.0,,1.0
RNA Processing (GO:0006396),167,0,34,12722,1.0834090417477829,1.0,,1.0
RNA Secondary Structure Unwinding (GO:0010501),7,0,34,12722,24.505314009661834,1.0,,1.0
RNA Splicing (GO:0008380),90,0,34,12722,2.017535431179438,1.0,,1.0
"RNA Splicing, Via Endonucleolytic Cleavage And Ligation (GO:0000394)",10,0,34,12722,17.499654934437544,1.0,,1.0
"RNA Splicing, Via Transesterification Reactions (GO:0000375)",24,0,34,12722,7.491570541259982,1.0,,1.0
"RNA Splicing, Via Transesterification Reactions With Bulged Adenosine As Nucleophile (GO:0000377)",163,0,34,12722,1.1102690245091522,1.0,,1.0
RNA Stabilization (GO:0043489),31,0,34,12722,5.823556475730388,1.0,,1.0
RNA-mediated Gene Silencing (GO:0031047),27,0,34,12722,6.672727272727273,1.0,,1.0
RNA-templated DNA Biosynthetic Process (GO:0006278),17,0,34,12722,10.49399585921325,1.0,,1.0
Rac Protein Signal Transduction (GO:0016601),15,0,34,12722,11.84992987377279,1.0,,1.0
Radial Glial Cell Differentiation (GO:0060019),5,0,34,12722,33.42160737812912,1.0,,1.0
Rap Protein Signal Transduction (GO:0032486),9,0,34,12722,19.34324942791762,1.0,,1.0
Receptor Catabolic Process (GO:0032801),14,0,34,12722,12.66816591704148,1.0,,1.0
Receptor Clustering (GO:0043113),19,0,34,12722,9.41620215533259,1.0,,1.0
Receptor Guanylyl Cyclase Signaling Pathway (GO:0007168),6,0,34,12722,28.277591973244146,1.0,,1.0
Receptor Internalization (GO:0031623),48,0,34,12722,3.777229941730166,1.0,,1.0
Receptor Metabolic Process (GO:0043112),16,0,34,12722,11.130873956960913,1.0,,1.0
Receptor Recycling (GO:0001881),13,0,34,12722,13.60762211486849,1.0,,1.0
Receptor Signaling Pathway Via JAK-STAT (GO:0007259),34,0,34,12722,5.315900021003991,1.0,,1.0
Receptor Signaling Pathway Via STAT (GO:0097696),30,0,34,12722,6.014967925873129,1.0,,1.0
Receptor-Mediated Endocytosis (GO:0006898),118,0,34,12722,1.5373937503821928,1.0,,1.0
Receptor-Mediated Endocytosis Of Virus By Host Cell (GO:0019065),9,0,34,12722,19.34324942791762,1.0,,1.0
Recombinational Repair (GO:0000725),88,0,34,12722,2.0634569720789324,1.0,,1.0
Regulated Exocytosis (GO:0045055),48,0,34,12722,3.777229941730166,1.0,,1.0
Regulation Of AMPA Receptor Activity (GO:2000311),23,0,34,12722,7.8109774899784155,1.0,,1.0
Regulation Of ATPase-coupled Calcium Transmembrane Transporter Activity (GO:1901894),6,0,34,12722,28.277591973244146,1.0,,1.0
Regulation Of Acrosome Reaction (GO:0060046),8,0,34,12722,21.62063086104007,1.0,,1.0
Regulation Of Actin Cytoskeleton Reorganization (GO:2000249),24,0,34,12722,7.491570541259982,1.0,,1.0
Regulation Of Actin Filament Bundle Assembly (GO:0032231),24,0,34,12722,7.491570541259982,1.0,,1.0
Regulation Of Actin Filament Depolymerization (GO:0030834),10,0,34,12722,17.499654934437544,1.0,,1.0
Regulation Of Actin Filament Length (GO:0030832),8,0,34,12722,21.62063086104007,1.0,,1.0
Regulation Of Actin Filament Organization (GO:0110053),9,0,34,12722,19.34324942791762,1.0,,1.0
Regulation Of Actin Filament Polymerization (GO:0030833),65,0,34,12722,2.7931187078216615,1.0,,1.0
Regulation Of Actin Filament-Based Movement (GO:1903115),9,0,34,12722,19.34324942791762,1.0,,1.0
Regulation Of Actin Nucleation (GO:0051125),14,0,34,12722,12.66816591704148,1.0,,1.0
Regulation Of Actin Polymerization Or Depolymerization (GO:0008064),24,0,34,12722,7.491570541259982,1.0,,1.0
Regulation Of Activated T Cell Proliferation (GO:0046006),32,0,34,12722,5.643924191750279,1.0,,1.0
Regulation Of Activation Of Janus Kinase Activity (GO:0010533),7,0,34,12722,24.505314009661834,1.0,,1.0
Regulation Of Activin Receptor Signaling Pathway (GO:0032925),14,0,34,12722,12.66816591704148,1.0,,1.0
Regulation Of Actomyosin Structure Organization (GO:0110020),12,0,34,12722,14.697391304347827,1.0,,1.0
Regulation Of Acute Inflammatory Response (GO:0002673),19,0,34,12722,9.41620215533259,1.0,,1.0
Regulation Of Adaptive Immune Response (GO:0002819),18,0,34,12722,9.925969447708578,1.0,,1.0
Regulation Of Adiponectin Secretion (GO:0070163),5,0,34,12722,33.42160737812912,1.0,,1.0
Regulation Of Adipose Tissue Development (GO:1904177),10,0,34,12722,17.499654934437544,1.0,,1.0
Regulation Of Aerobic Respiration (GO:1903715),13,0,34,12722,13.60762211486849,1.0,,1.0
Regulation Of Alcohol Biosynthetic Process (GO:1902930),10,0,34,12722,17.499654934437544,1.0,,1.0
Regulation Of Aldosterone Biosynthetic Process (GO:0032347),6,0,34,12722,28.277591973244146,1.0,,1.0
Regulation Of Alpha-Beta T Cell Differentiation (GO:0046637),7,0,34,12722,24.505314009661834,1.0,,1.0
Regulation Of Alpha-Beta T Cell Proliferation (GO:0046640),7,0,34,12722,24.505314009661834,1.0,,1.0
"Regulation Of Alternative mRNA Splicing, Via Spliceosome (GO:0000381)",50,0,34,12722,3.627062706270627,1.0,,1.0
Regulation Of Amide Metabolic Process (GO:0034248),39,0,34,12722,4.641166758392956,1.0,,1.0
Regulation Of Amyloid Precursor Protein Biosynthetic Process (GO:0042984),10,0,34,12722,17.499654934437544,1.0,,1.0
Regulation Of Amyloid Precursor Protein Catabolic Process (GO:1902991),9,0,34,12722,19.34324942791762,1.0,,1.0
Regulation Of Amyloid-Beta Formation (GO:1902003),31,0,34,12722,5.823556475730388,1.0,,1.0
Regulation Of Anatomical Structure Morphogenesis (GO:0022603),121,0,34,12722,1.4990755650981094,1.0,,1.0
Regulation Of Androgen Receptor Signaling Pathway (GO:0060765),26,0,34,12722,6.925075198249932,1.0,,1.0
Regulation Of Angiotensin Levels In Blood (GO:0002002),7,0,34,12722,24.505314009661834,1.0,,1.0
Regulation Of Animal Organ Morphogenesis (GO:2000027),9,0,34,12722,19.34324942791762,1.0,,1.0
Regulation Of Anoikis (GO:2000209),20,0,34,12722,8.956168257334747,1.0,,1.0
Regulation Of Antigen Receptor-Mediated Signaling Pathway (GO:0050854),6,0,34,12722,28.277591973244146,1.0,,1.0
Regulation Of Apoptotic Cell Clearance (GO:2000425),5,0,34,12722,33.42160737812912,1.0,,1.0
Regulation Of Apoptotic Signaling Pathway (GO:2001233),42,0,34,12722,4.312531969309463,1.0,,1.0
Regulation Of Arp2/3 Complex-Mediated Actin Nucleation (GO:0034315),19,0,34,12722,9.41620215533259,1.0,,1.0
Regulation Of Aspartic-Type Endopeptidase Activity Involved In Amyloid Precursor Protein Catabolic Process (GO:1902959),8,0,34,12722,21.62063086104007,1.0,,1.0
Regulation Of Astrocyte Differentiation (GO:0048710),11,0,34,12722,15.976685570258349,1.0,,1.0
Regulation Of Atrial Cardiac Muscle Cell Membrane Depolarization (GO:0060371),6,0,34,12722,28.277591973244146,1.0,,1.0
Regulation Of Atrial Cardiac Muscle Cell Membrane Repolarization (GO:0060372),6,0,34,12722,28.277591973244146,1.0,,1.0
Regulation Of Attachment Of Mitotic Spindle Microtubules To Kinetochore (GO:1902423),7,0,34,12722,24.505314009661834,1.0,,1.0
Regulation Of Attachment Of Spindle Microtubules To Kinetochore (GO:0051988),9,0,34,12722,19.34324942791762,1.0,,1.0
Regulation Of Autophagosome Assembly (GO:2000785),38,0,34,12722,4.762092979484284,1.0,,1.0
Regulation Of Autophagosome Maturation (GO:1901096),15,0,34,12722,11.84992987377279,1.0,,1.0
Regulation Of Autophagy Of Mitochondrion (GO:1903146),18,0,34,12722,9.925969447708578,1.0,,1.0
Regulation Of Axon Extension (GO:0030516),35,0,34,12722,5.165748111859563,1.0,,1.0
Regulation Of Axon Extension Involved In Axon Guidance (GO:0048841),23,0,34,12722,7.8109774899784155,1.0,,1.0
Regulation Of Axon Guidance (GO:1902667),6,0,34,12722,28.277591973244146,1.0,,1.0
Regulation Of Axon Regeneration (GO:0048679),9,0,34,12722,19.34324942791762,1.0,,1.0
Regulation Of Axonogenesis (GO:0050770),42,0,34,12722,4.312531969309463,1.0,,1.0
Regulation Of B Cell Activation (GO:0050864),25,0,34,12722,7.19721511793123,1.0,,1.0
Regulation Of B Cell Apoptotic Process (GO:0002902),10,0,34,12722,17.499654934437544,1.0,,1.0
Regulation Of B Cell Proliferation (GO:0030888),43,0,34,12722,4.213060136598368,1.0,,1.0
Regulation Of B Cell Receptor Signaling Pathway (GO:0050855),16,0,34,12722,11.130873956960913,1.0,,1.0
Regulation Of BMP Signaling Pathway (GO:0030510),67,0,34,12722,2.709930220075148,1.0,,1.0
Regulation Of Basement Membrane Organization (GO:0110011),5,0,34,12722,33.42160737812912,1.0,,1.0
Regulation Of Behavior (GO:0050795),16,0,34,12722,11.130873956960913,1.0,,1.0
Regulation Of Bicellular Tight Junction Assembly (GO:2000810),15,0,34,12722,11.84992987377279,1.0,,1.0
Regulation Of Bile Acid Biosynthetic Process (GO:0070857),6,0,34,12722,28.277591973244146,1.0,,1.0
Regulation Of Biomineral Tissue Development (GO:0070167),23,0,34,12722,7.8109774899784155,1.0,,1.0
Regulation Of Biosynthetic Process (GO:0009889),8,0,34,12722,21.62063086104007,1.0,,1.0
Regulation Of Blood Coagulation (GO:0030193),28,0,34,12722,6.4380879735570815,1.0,,1.0
Regulation Of Blood Vessel Endothelial Cell Migration (GO:0043535),51,0,34,12722,3.5563528915154072,1.0,,1.0
Regulation Of Blood Vessel Endothelial Cell Proliferation Involved In Sprouting Angiogenesis (GO:1903587),15,0,34,12722,11.84992987377279,1.0,,1.0
Regulation Of Blood-Brain Barrier Permeability (GO:1905603),6,0,34,12722,28.277591973244146,1.0,,1.0
Regulation Of Bone Mineralization (GO:0030500),55,0,34,12722,3.298994646820734,1.0,,1.0
Regulation Of Bone Remodeling (GO:0046850),14,0,34,12722,12.66816591704148,1.0,,1.0
Regulation Of Bone Resorption (GO:0045124),27,0,34,12722,6.672727272727273,1.0,,1.0
Regulation Of Branching Involved In Ureteric Bud Morphogenesis (GO:0090189),14,0,34,12722,12.66816591704148,1.0,,1.0
Regulation Of Brown Fat Cell Differentiation (GO:0090335),17,0,34,12722,10.49399585921325,1.0,,1.0
"Regulation Of CD4-positive, Alpha-Beta T Cell Activation (GO:2000514)",5,0,34,12722,33.42160737812912,1.0,,1.0
"Regulation Of CD4-positive, Alpha-Beta T Cell Differentiation (GO:0043370)",10,0,34,12722,17.499654934437544,1.0,,1.0
"Regulation Of CD4-positive, Alpha-Beta T Cell Proliferation (GO:2000561)",6,0,34,12722,28.277591973244146,1.0,,1.0
"Regulation Of CD8-positive, Alpha-Beta T Cell Activation (GO:2001185)",9,0,34,12722,19.34324942791762,1.0,,1.0
"Regulation Of CD8-positive, Alpha-Beta T Cell Differentiation (GO:0043376)",6,0,34,12722,28.277591973244146,1.0,,1.0
"Regulation Of CD8-positive, Alpha-Beta T Cell Proliferation (GO:2000564)",7,0,34,12722,24.505314009661834,1.0,,1.0
Regulation Of Calcidiol 1-Monooxygenase Activity (GO:0060558),5,0,34,12722,33.42160737812912,1.0,,1.0
Regulation Of Calcium Ion Import (GO:0090279),17,0,34,12722,10.49399585921325,1.0,,1.0
Regulation Of Calcium Ion Import Across Plasma Membrane (GO:1905664),9,0,34,12722,19.34324942791762,1.0,,1.0
Regulation Of Calcium Ion Transmembrane Transport (GO:1903169),19,0,34,12722,9.41620215533259,1.0,,1.0
Regulation Of Calcium Ion Transmembrane Transport Via High Voltage-Gated Calcium Channel (GO:1902514),10,0,34,12722,17.499654934437544,1.0,,1.0
Regulation Of Calcium Ion Transmembrane Transporter Activity (GO:1901019),25,0,34,12722,7.19721511793123,1.0,,1.0
Regulation Of Calcium Ion Transport (GO:0051924),54,0,34,12722,3.359792580773833,1.0,,1.0
Regulation Of Calcium Ion-Dependent Exocytosis (GO:0017158),27,0,34,12722,6.672727272727273,1.0,,1.0
Regulation Of Canonical Wnt Signaling Pathway (GO:0060828),194,0,34,12722,0.9310010804366454,1.0,,1.0
Regulation Of Carbohydrate Biosynthetic Process (GO:0043255),6,0,34,12722,28.277591973244146,1.0,,1.0
Regulation Of Carbohydrate Catabolic Process (GO:0043470),14,0,34,12722,12.66816591704148,1.0,,1.0
Regulation Of Carbohydrate Metabolic Process (GO:0006109),14,0,34,12722,12.66816591704148,1.0,,1.0
Regulation Of Cardiac Conduction (GO:1903779),21,0,34,12722,8.538928210313449,1.0,,1.0
Regulation Of Cardiac Muscle Cell Action Potential (GO:0098901),27,0,34,12722,6.672727272727273,1.0,,1.0
Regulation Of Cardiac Muscle Cell Action Potential Involved In Regulation Of Contraction (GO:0098909),7,0,34,12722,24.505314009661834,1.0,,1.0
Regulation Of Cardiac Muscle Cell Apoptotic Process (GO:0010665),10,0,34,12722,17.499654934437544,1.0,,1.0
Regulation Of Cardiac Muscle Cell Contraction (GO:0086004),26,0,34,12722,6.925075198249932,1.0,,1.0
Regulation Of Cardiac Muscle Cell Differentiation (GO:2000725),8,0,34,12722,21.62063086104007,1.0,,1.0
Regulation Of Cardiac Muscle Cell Membrane Potential (GO:0086036),6,0,34,12722,28.277591973244146,1.0,,1.0
Regulation Of Cardiac Muscle Cell Membrane Repolarization (GO:0099623),21,0,34,12722,8.538928210313449,1.0,,1.0
Regulation Of Cardiac Muscle Cell Proliferation (GO:0060043),18,0,34,12722,9.925969447708578,1.0,,1.0
Regulation Of Cardiac Muscle Contraction (GO:0055117),32,0,34,12722,5.643924191750279,1.0,,1.0
Regulation Of Cardiac Muscle Contraction By Calcium Ion Signaling (GO:0010882),17,0,34,12722,10.49399585921325,1.0,,1.0
Regulation Of Cardiac Muscle Contraction By Regulation Of The Release Of Sequestered Calcium Ion (GO:0010881),13,0,34,12722,13.60762211486849,1.0,,1.0
Regulation Of Cardiac Muscle Hypertrophy (GO:0010611),23,0,34,12722,7.8109774899784155,1.0,,1.0
Regulation Of Cardiac Muscle Hypertrophy In Response To Stress (GO:1903242),6,0,34,12722,28.277591973244146,1.0,,1.0
Regulation Of Cartilage Development (GO:0061035),16,0,34,12722,11.130873956960913,1.0,,1.0
Regulation Of Catabolic Process (GO:0009894),21,0,34,12722,8.538928210313449,1.0,,1.0
Regulation Of Catecholamine Secretion (GO:0050433),24,0,34,12722,7.491570541259982,1.0,,1.0
Regulation Of Cation Channel Activity (GO:2001257),50,0,34,12722,3.627062706270627,1.0,,1.0
Regulation Of Cdc42 Protein Signal Transduction (GO:0032489),7,0,34,12722,24.505314009661834,1.0,,1.0
Regulation Of Cell Adhesion (GO:0030155),140,0,34,12722,1.2943937284027025,1.0,,1.0
Regulation Of Cell Adhesion Mediated By Integrin (GO:0033628),32,0,34,12722,5.643924191750279,1.0,,1.0
Regulation Of Cell Adhesion Molecule Production (GO:0060353),6,0,34,12722,28.277591973244146,1.0,,1.0
Regulation Of Cell Communication (GO:0010646),47,0,34,12722,3.8570556826849733,1.0,,1.0
Regulation Of Cell Communication By Electrical Coupling (GO:0010649),9,0,34,12722,19.34324942791762,1.0,,1.0
Regulation Of Cell Communication By Electrical Coupling Involved In Cardiac Conduction (GO:1901844),8,0,34,12722,21.62063086104007,1.0,,1.0
Regulation Of Cell Cycle (GO:0051726),275,0,34,12722,0.6530155974644257,1.0,,1.0
Regulation Of Cell Cycle Checkpoint (GO:1901976),11,0,34,12722,15.976685570258349,1.0,,1.0
Regulation Of Cell Cycle G1/S Phase Transition (GO:1902806),66,0,34,12722,2.750898986596927,1.0,,1.0
Regulation Of Cell Cycle G2/M Phase Transition (GO:1902749),14,0,34,12722,12.66816591704148,1.0,,1.0
Regulation Of Cell Cycle Phase Transition (GO:1901987),21,0,34,12722,8.538928210313449,1.0,,1.0
Regulation Of Cell Cycle Process (GO:0010564),120,0,34,12722,1.5116362980335558,1.0,,1.0
Regulation Of Cell Death (GO:0010941),44,0,34,12722,4.118058948054063,1.0,,1.0
Regulation Of Cell Development (GO:0060284),47,0,34,12722,3.8570556826849733,1.0,,1.0
Regulation Of Cell Differentiation (GO:0045595),178,0,34,12722,1.0157512280274428,1.0,,1.0
Regulation Of Cell Division (GO:0051302),74,0,34,12722,2.4539441688551697,1.0,,1.0
Regulation Of Cell Fate Commitment (GO:0010453),13,0,34,12722,13.60762211486849,1.0,,1.0
Regulation Of Cell Fate Specification (GO:0042659),14,0,34,12722,12.66816591704148,1.0,,1.0
Regulation Of Cell Junction Assembly (GO:1901888),23,0,34,12722,7.8109774899784155,1.0,,1.0
Regulation Of Cell Killing (GO:0031341),8,0,34,12722,21.62063086104007,1.0,,1.0
Regulation Of Cell Migration Involved In Sprouting Angiogenesis (GO:0090049),29,0,34,12722,6.219356423483173,1.0,,1.0
Regulation Of Cell Morphogenesis (GO:0022604),31,0,34,12722,5.823556475730388,1.0,,1.0
Regulation Of Cell Motility (GO:2000145),110,0,34,12722,1.6497475244278312,1.0,,1.0
Regulation Of Cell Size (GO:0008361),24,0,34,12722,7.491570541259982,1.0,,1.0
Regulation Of Cell-Cell Adhesion (GO:0022407),40,0,34,12722,4.526212202540705,1.0,,1.0
Regulation Of Cell-Cell Adhesion Involved In Gastrulation (GO:0070587),9,0,34,12722,19.34324942791762,1.0,,1.0
Regulation Of Cell-Cell Adhesion Mediated By Cadherin (GO:2000047),16,0,34,12722,11.130873956960913,1.0,,1.0
Regulation Of Cell-Cell Adhesion Mediated By Integrin (GO:0033632),9,0,34,12722,19.34324942791762,1.0,,1.0
Regulation Of Cell-Matrix Adhesion (GO:0001952),61,0,34,12722,2.97572758336279,1.0,,1.0
Regulation Of Cell-Substrate Adhesion (GO:0010810),43,0,34,12722,4.213060136598368,1.0,,1.0
Regulation Of Cell-Substrate Junction Assembly (GO:0090109),20,0,34,12722,8.956168257334747,1.0,,1.0
Regulation Of Cellular Biosynthetic Process (GO:0031326),65,0,34,12722,2.7931187078216615,1.0,,1.0
Regulation Of Cellular Catabolic Process (GO:0031329),57,0,34,12722,3.1837429111531192,1.0,,1.0
Regulation Of Cellular Component Biogenesis (GO:0044087),35,0,34,12722,5.165748111859563,1.0,,1.0
Regulation Of Cellular Component Organization (GO:0051128),144,0,34,12722,1.2581615766511207,1.0,,1.0
Regulation Of Cellular Component Size (GO:0032535),42,0,34,12722,4.312531969309463,1.0,,1.0
Regulation Of Cellular Ketone Metabolic Process (GO:0010565),11,0,34,12722,15.976685570258349,1.0,,1.0
Regulation Of Cellular Localization (GO:0060341),65,0,34,12722,2.7931187078216615,1.0,,1.0
Regulation Of Cellular Metabolic Process (GO:0031323),43,0,34,12722,4.213060136598368,1.0,,1.0
Regulation Of Cellular Respiration (GO:0043457),14,0,34,12722,12.66816591704148,1.0,,1.0
Regulation Of Cellular Response To Growth Factor Stimulus (GO:0090287),17,0,34,12722,10.49399585921325,1.0,,1.0
Regulation Of Cellular Response To Heat (GO:1900034),15,0,34,12722,11.84992987377279,1.0,,1.0
Regulation Of Cellular Response To Hypoxia (GO:1900037),6,0,34,12722,28.277591973244146,1.0,,1.0
Regulation Of Cellular Response To Insulin Stimulus (GO:1900076),6,0,34,12722,28.277591973244146,1.0,,1.0
Regulation Of Cellular Response To Oxidative Stress (GO:1900407),8,0,34,12722,21.62063086104007,1.0,,1.0
Regulation Of Cellular Response To Stress (GO:0080135),100,0,34,12722,1.815343571995097,1.0,,1.0
Regulation Of Cellular Response To Transforming Growth Factor Beta Stimulus (GO:1903844),22,0,34,12722,8.158776167471819,1.0,,1.0
Regulation Of Cellular Senescence (GO:2000772),32,0,34,12722,5.643924191750279,1.0,,1.0
Regulation Of Centriole Elongation (GO:1903722),6,0,34,12722,28.277591973244146,1.0,,1.0
Regulation Of Centrosome Cycle (GO:0046605),20,0,34,12722,8.956168257334747,1.0,,1.0
Regulation Of Ceramide Biosynthetic Process (GO:2000303),9,0,34,12722,19.34324942791762,1.0,,1.0
Regulation Of Chaperone-Mediated Autophagy (GO:1904714),7,0,34,12722,24.505314009661834,1.0,,1.0
Regulation Of Chemokine (C-C Motif) Ligand 5 Production (GO:0071649),7,0,34,12722,24.505314009661834,1.0,,1.0
Regulation Of Chemokine (C-X-C Motif) Ligand 2 Production (GO:2000341),12,0,34,12722,14.697391304347827,1.0,,1.0
Regulation Of Chemokine-Mediated Signaling Pathway (GO:0070099),7,0,34,12722,24.505314009661834,1.0,,1.0
Regulation Of Cholesterol Biosynthetic Process (GO:0045540),14,0,34,12722,12.66816591704148,1.0,,1.0
Regulation Of Cholesterol Transport (GO:0032374),23,0,34,12722,7.8109774899784155,1.0,,1.0
Regulation Of Chondrocyte Differentiation (GO:0032330),24,0,34,12722,7.491570541259982,1.0,,1.0
Regulation Of Chromatin Binding (GO:0035561),10,0,34,12722,17.499654934437544,1.0,,1.0
Regulation Of Chromatin Organization (GO:1902275),26,0,34,12722,6.925075198249932,1.0,,1.0
Regulation Of Chromosome Condensation (GO:0060623),7,0,34,12722,24.505314009661834,1.0,,1.0
Regulation Of Chromosome Organization (GO:0033044),42,0,34,12722,4.312531969309463,1.0,,1.0
Regulation Of Chromosome Segregation (GO:0051983),25,0,34,12722,7.19721511793123,1.0,,1.0
Regulation Of Chromosome Separation (GO:1905818),12,0,34,12722,14.697391304347827,1.0,,1.0
Regulation Of Cilium Assembly (GO:1902017),66,0,34,12722,2.750898986596927,1.0,,1.0
Regulation Of Cilium Beat Frequency (GO:0003356),6,0,34,12722,28.277591973244146,1.0,,1.0
Regulation Of Cilium Movement (GO:0003352),7,0,34,12722,24.505314009661834,1.0,,1.0
"Regulation Of Circadian Sleep/Wake Cycle, Sleep (GO:0045187)",5,0,34,12722,33.42160737812912,1.0,,1.0
Regulation Of Clathrin-Dependent Endocytosis (GO:2000369),14,0,34,12722,12.66816591704148,1.0,,1.0
Regulation Of CoA-transferase Activity (GO:1905918),6,0,34,12722,28.277591973244146,1.0,,1.0
Regulation Of Coagulation (GO:0050818),10,0,34,12722,17.499654934437544,1.0,,1.0
Regulation Of Collagen Biosynthetic Process (GO:0032965),16,0,34,12722,11.130873956960913,1.0,,1.0
Regulation Of Collagen Fibril Organization (GO:1904026),6,0,34,12722,28.277591973244146,1.0,,1.0
Regulation Of Collateral Sprouting (GO:0048670),7,0,34,12722,24.505314009661834,1.0,,1.0
Regulation Of Complement Activation (GO:0030449),8,0,34,12722,21.62063086104007,1.0,,1.0
Regulation Of Complement-Dependent Cytotoxicity (GO:1903659),9,0,34,12722,19.34324942791762,1.0,,1.0
Regulation Of Cortisol Biosynthetic Process (GO:2000064),6,0,34,12722,28.277591973244146,1.0,,1.0
Regulation Of Cyclin-Dependent Protein Kinase Activity (GO:1904029),51,0,34,12722,3.5563528915154072,1.0,,1.0
Regulation Of Cyclin-Dependent Protein Serine/Threonine Kinase Activity (GO:0000079),75,0,34,12722,2.421249640080622,1.0,,1.0
Regulation Of Cysteine-Type Endopeptidase Activity (GO:2000116),22,0,34,12722,8.158776167471819,1.0,,1.0
Regulation Of Cysteine-Type Endopeptidase Activity Involved In Apoptotic Process (GO:0043281),81,0,34,12722,2.2419311816484395,1.0,,1.0
Regulation Of Cysteine-Type Endopeptidase Activity Involved In Apoptotic Signaling Pathway (GO:2001267),10,0,34,12722,17.499654934437544,1.0,,1.0
Regulation Of Cytokine Production Involved In Immune Response (GO:0002718),22,0,34,12722,8.158776167471819,1.0,,1.0
Regulation Of Cytokine-Mediated Signaling Pathway (GO:0001959),40,0,34,12722,4.526212202540705,1.0,,1.0
Regulation Of Cytokinesis (GO:0032465),67,0,34,12722,2.709930220075148,1.0,,1.0
Regulation Of Cytoplasmic Translation (GO:2000765),24,0,34,12722,7.491570541259982,1.0,,1.0
Regulation Of Cytoplasmic Translational Elongation (GO:1900247),6,0,34,12722,28.277591973244146,1.0,,1.0
Regulation Of Cytoplasmic Transport (GO:1903649),8,0,34,12722,21.62063086104007,1.0,,1.0
Regulation Of Cytosolic Calcium Ion Concentration (GO:0051480),37,0,34,12722,4.889468599033816,1.0,,1.0
Regulation Of DNA Binding (GO:0051101),46,0,34,12722,3.940314788842138,1.0,,1.0
Regulation Of DNA Biosynthetic Process (GO:2000278),33,0,34,12722,5.475016223231668,1.0,,1.0
Regulation Of DNA Damage Checkpoint (GO:2000001),17,0,34,12722,10.49399585921325,1.0,,1.0
"Regulation Of DNA Damage Response, Signal Transduction By P53 Class Mediator (GO:0043516)",26,0,34,12722,6.925075198249932,1.0,,1.0
Regulation Of DNA Demethylation (GO:1901535),6,0,34,12722,28.277591973244146,1.0,,1.0
Regulation Of DNA Metabolic Process (GO:0051052),118,0,34,12722,1.5373937503821928,1.0,,1.0
Regulation Of DNA Methylation (GO:0044030),7,0,34,12722,24.505314009661834,1.0,,1.0
Regulation Of DNA Methylation-Dependent Heterochromatin Formation (GO:0090308),15,0,34,12722,11.84992987377279,1.0,,1.0
Regulation Of DNA Recombination (GO:0000018),31,0,34,12722,5.823556475730388,1.0,,1.0
Regulation Of DNA Repair (GO:0006282),122,0,34,12722,1.4867199053534457,1.0,,1.0
Regulation Of DNA Replication (GO:0006275),72,0,34,12722,2.522038980509745,1.0,,1.0
Regulation Of DNA Strand Elongation (GO:0060382),16,0,34,12722,11.130873956960913,1.0,,1.0
Regulation Of DNA-directed DNA Polymerase Activity (GO:1900262),12,0,34,12722,14.697391304347827,1.0,,1.0
Regulation Of DNA-templated DNA Replication (GO:0090329),15,0,34,12722,11.84992987377279,1.0,,1.0
Regulation Of DNA-templated DNA Replication Initiation (GO:0030174),11,0,34,12722,15.976685570258349,1.0,,1.0
Regulation Of DNA-templated Transcription Elongation (GO:0032784),39,0,34,12722,4.641166758392956,1.0,,1.0
Regulation Of DNA-templated Transcription In Response To Stress (GO:0043620),6,0,34,12722,28.277591973244146,1.0,,1.0
Regulation Of DNA-templated Transcription Initiation (GO:2000142),8,0,34,12722,21.62063086104007,1.0,,1.0
Regulation Of Defense Response To Bacterium (GO:1900424),8,0,34,12722,21.62063086104007,1.0,,1.0
Regulation Of Defense Response To Virus (GO:0050688),15,0,34,12722,11.84992987377279,1.0,,1.0
Regulation Of Defense Response To Virus By Host (GO:0050691),32,0,34,12722,5.643924191750279,1.0,,1.0
Regulation Of Delayed Rectifier Potassium Channel Activity (GO:1902259),16,0,34,12722,11.130873956960913,1.0,,1.0
Regulation Of Dendrite Development (GO:0050773),40,0,34,12722,4.526212202540705,1.0,,1.0
Regulation Of Dendrite Extension (GO:1903859),16,0,34,12722,11.130873956960913,1.0,,1.0
Regulation Of Dendrite Morphogenesis (GO:0048814),31,0,34,12722,5.823556475730388,1.0,,1.0
Regulation Of Dendritic Cell Antigen Processing And Presentation (GO:0002604),7,0,34,12722,24.505314009661834,1.0,,1.0
Regulation Of Dendritic Cell Apoptotic Process (GO:2000668),9,0,34,12722,19.34324942791762,1.0,,1.0
Regulation Of Dendritic Cell Chemotaxis (GO:2000508),7,0,34,12722,24.505314009661834,1.0,,1.0
Regulation Of Dendritic Cell Differentiation (GO:2001198),10,0,34,12722,17.499654934437544,1.0,,1.0
Regulation Of Dendritic Spine Development (GO:0060998),20,0,34,12722,8.956168257334747,1.0,,1.0
Regulation Of Dendritic Spine Maintenance (GO:1902950),8,0,34,12722,21.62063086104007,1.0,,1.0
Regulation Of Dendritic Spine Morphogenesis (GO:0061001),29,0,34,12722,6.219356423483173,1.0,,1.0
Regulation Of Dephosphorylation (GO:0035303),14,0,34,12722,12.66816591704148,1.0,,1.0
Regulation Of Developmental Growth (GO:0048638),28,0,34,12722,6.4380879735570815,1.0,,1.0
Regulation Of Digestive System Process (GO:0044058),6,0,34,12722,28.277591973244146,1.0,,1.0
Regulation Of Dopamine Metabolic Process (GO:0042053),5,0,34,12722,33.42160737812912,1.0,,1.0
Regulation Of Dopamine Secretion (GO:0014059),20,0,34,12722,8.956168257334747,1.0,,1.0
Regulation Of Dopamine Uptake Involved In Synaptic Transmission (GO:0051584),6,0,34,12722,28.277591973244146,1.0,,1.0
Regulation Of Dosage Compensation By Inactivation Of X Chromosome (GO:1900095),12,0,34,12722,14.697391304347827,1.0,,1.0
Regulation Of Double-Strand Break Repair (GO:2000779),83,0,34,12722,2.1878850993664845,1.0,,1.0
Regulation Of Double-Strand Break Repair Via Homologous Recombination (GO:0010569),62,0,34,12722,2.9278840579710144,1.0,,1.0
Regulation Of Double-Strand Break Repair Via Nonhomologous End Joining (GO:2001032),20,0,34,12722,8.956168257334747,1.0,,1.0
Regulation Of ER To Golgi Vesicle-Mediated Transport (GO:0060628),9,0,34,12722,19.34324942791762,1.0,,1.0
Regulation Of ER-associated Ubiquitin-Dependent Protein Catabolic Process (GO:1903069),8,0,34,12722,21.62063086104007,1.0,,1.0
Regulation Of ERAD Pathway (GO:1904292),10,0,34,12722,17.499654934437544,1.0,,1.0
Regulation Of ERBB Signaling Pathway (GO:1901184),13,0,34,12722,13.60762211486849,1.0,,1.0
Regulation Of Early Endosome To Late Endosome Transport (GO:2000641),17,0,34,12722,10.49399585921325,1.0,,1.0
Regulation Of Embryonic Development (GO:0045995),55,0,34,12722,3.298994646820734,1.0,,1.0
Regulation Of Endocytic Recycling (GO:2001135),8,0,34,12722,21.62063086104007,1.0,,1.0
Regulation Of Endocytosis (GO:0030100),65,0,34,12722,2.7931187078216615,1.0,,1.0
Regulation Of Endodeoxyribonuclease Activity (GO:0032071),7,0,34,12722,24.505314009661834,1.0,,1.0
Regulation Of Endopeptidase Activity (GO:0052548),60,0,34,12722,3.0251527128997484,1.0,,1.0
Regulation Of Endoplasmic Reticulum Stress-Induced Intrinsic Apoptotic Signaling Pathway (GO:1902235),19,0,34,12722,9.41620215533259,1.0,,1.0
Regulation Of Endoplasmic Reticulum Tubular Network Organization (GO:1903371),5,0,34,12722,33.42160737812912,1.0,,1.0
Regulation Of Endoplasmic Reticulum Unfolded Protein Response (GO:1900101),7,0,34,12722,24.505314009661834,1.0,,1.0
Regulation Of Endosome Size (GO:0051036),11,0,34,12722,15.976685570258349,1.0,,1.0
Regulation Of Endothelial Cell Apoptotic Process (GO:2000351),43,0,34,12722,4.213060136598368,1.0,,1.0
Regulation Of Endothelial Cell Chemotaxis (GO:2001026),14,0,34,12722,12.66816591704148,1.0,,1.0
Regulation Of Endothelial Cell Chemotaxis To Fibroblast Growth Factor (GO:2000544),6,0,34,12722,28.277591973244146,1.0,,1.0
Regulation Of Endothelial Cell Development (GO:1901550),8,0,34,12722,21.62063086104007,1.0,,1.0
Regulation Of Endothelial Cell Differentiation (GO:0045601),8,0,34,12722,21.62063086104007,1.0,,1.0
Regulation Of Endothelial Cell Migration (GO:0010594),84,0,34,12722,2.1618214561358373,1.0,,1.0
Regulation Of Endothelial Cell Proliferation (GO:0001936),86,0,34,12722,2.111502052441987,1.0,,1.0
Regulation Of Entry Of Bacterium Into Host Cell (GO:2000535),6,0,34,12722,28.277591973244146,1.0,,1.0
Regulation Of Epidermal Cell Differentiation (GO:0045604),18,0,34,12722,9.925969447708578,1.0,,1.0
Regulation Of Epidermal Growth Factor Receptor Signaling Pathway (GO:0042058),45,0,34,12722,4.027233635929288,1.0,,1.0
Regulation Of Epidermal Growth Factor-Activated Receptor Activity (GO:0007176),25,0,34,12722,7.19721511793123,1.0,,1.0
Regulation Of Epidermis Development (GO:0045682),7,0,34,12722,24.505314009661834,1.0,,1.0
Regulation Of Epinephrine Secretion (GO:0014060),5,0,34,12722,33.42160737812912,1.0,,1.0
Regulation Of Epithelial Cell Apoptotic Process (GO:1904035),9,0,34,12722,19.34324942791762,1.0,,1.0
Regulation Of Epithelial Cell Differentiation (GO:0030856),17,0,34,12722,10.49399585921325,1.0,,1.0
Regulation Of Epithelial Cell Migration (GO:0010632),50,0,34,12722,3.627062706270627,1.0,,1.0
Regulation Of Epithelial Cell Proliferation (GO:0050678),86,0,34,12722,2.111502052441987,1.0,,1.0
Regulation Of Epithelial To Mesenchymal Transition (GO:0010717),81,0,34,12722,2.2419311816484395,1.0,,1.0
Regulation Of Epithelial To Mesenchymal Transition Involved In Endocardial Cushion Formation (GO:1905005),7,0,34,12722,24.505314009661834,1.0,,1.0
Regulation Of Establishment Of Cell Polarity (GO:2000114),14,0,34,12722,12.66816591704148,1.0,,1.0
Regulation Of Establishment Of Endothelial Barrier (GO:1903140),16,0,34,12722,11.130873956960913,1.0,,1.0
Regulation Of Establishment Of Protein Localization To Mitochondrion (GO:1903747),6,0,34,12722,28.277591973244146,1.0,,1.0
Regulation Of Establishment Of Protein Localization To Telomere (GO:0070203),7,0,34,12722,24.505314009661834,1.0,,1.0
Regulation Of Establishment Or Maintenance Of Cell Polarity (GO:0032878),15,0,34,12722,11.84992987377279,1.0,,1.0
Regulation Of Exit From Mitosis (GO:0007096),14,0,34,12722,12.66816591704148,1.0,,1.0
Regulation Of Exocytosis (GO:0017157),48,0,34,12722,3.777229941730166,1.0,,1.0
Regulation Of Extent Of Cell Growth (GO:0061387),7,0,34,12722,24.505314009661834,1.0,,1.0
Regulation Of Extracellular Matrix Assembly (GO:1901201),6,0,34,12722,28.277591973244146,1.0,,1.0
Regulation Of Extracellular Matrix Constituent Secretion (GO:0003330),7,0,34,12722,24.505314009661834,1.0,,1.0
Regulation Of Extracellular Matrix Disassembly (GO:0010715),13,0,34,12722,13.60762211486849,1.0,,1.0
Regulation Of Extracellular Matrix Organization (GO:1903053),20,0,34,12722,8.956168257334747,1.0,,1.0
Regulation Of Extrinsic Apoptotic Signaling Pathway (GO:2001236),59,0,34,12722,3.0762391913287055,1.0,,1.0
Regulation Of Extrinsic Apoptotic Signaling Pathway Via Death Domain Receptors (GO:1902041),29,0,34,12722,6.219356423483173,1.0,,1.0
Regulation Of Fat Cell Differentiation (GO:0045598),71,0,34,12722,2.5575149488192968,1.0,,1.0
Regulation Of Fatty Acid Biosynthetic Process (GO:0042304),26,0,34,12722,6.925075198249932,1.0,,1.0
Regulation Of Fatty Acid Metabolic Process (GO:0019217),10,0,34,12722,17.499654934437544,1.0,,1.0
Regulation Of Feeding Behavior (GO:0060259),13,0,34,12722,13.60762211486849,1.0,,1.0
Regulation Of Fertilization (GO:0080154),6,0,34,12722,28.277591973244146,1.0,,1.0
Regulation Of Fibrinolysis (GO:0051917),15,0,34,12722,11.84992987377279,1.0,,1.0
Regulation Of Fibroblast Apoptotic Process (GO:2000269),8,0,34,12722,21.62063086104007,1.0,,1.0
Regulation Of Fibroblast Growth Factor Receptor Signaling Pathway (GO:0040036),18,0,34,12722,9.925969447708578,1.0,,1.0
Regulation Of Fibroblast Migration (GO:0010762),19,0,34,12722,9.41620215533259,1.0,,1.0
Regulation Of Fibroblast Proliferation (GO:0048145),43,0,34,12722,4.213060136598368,1.0,,1.0
Regulation Of Flagellated Sperm Motility (GO:1901317),7,0,34,12722,24.505314009661834,1.0,,1.0
Regulation Of Focal Adhesion Assembly (GO:0051893),52,0,34,12722,3.488336783988958,1.0,,1.0
Regulation Of Focal Adhesion Disassembly (GO:0120182),5,0,34,12722,33.42160737812912,1.0,,1.0
Regulation Of G Protein-Coupled Receptor Signaling Pathway (GO:0008277),66,0,34,12722,2.750898986596927,1.0,,1.0
Regulation Of G0 To G1 Transition (GO:0070316),32,0,34,12722,5.643924191750279,1.0,,1.0
Regulation Of G2/M Transition Of Mitotic Cell Cycle (GO:0010389),34,0,34,12722,5.315900021003991,1.0,,1.0
Regulation Of GTPase Activity (GO:0043087),198,0,34,12722,0.9119483079618881,1.0,,1.0
Regulation Of Gap Junction Assembly (GO:1903596),8,0,34,12722,21.62063086104007,1.0,,1.0
Regulation Of Gastrulation (GO:0010470),9,0,34,12722,19.34324942791762,1.0,,1.0
Regulation Of Gene Expression By Genomic Imprinting (GO:0006349),8,0,34,12722,21.62063086104007,1.0,,1.0
Regulation Of Generation Of Precursor Metabolites And Energy (GO:0043467),6,0,34,12722,28.277591973244146,1.0,,1.0
Regulation Of Glial Cell Differentiation (GO:0045685),6,0,34,12722,28.277591973244146,1.0,,1.0
Regulation Of Glial Cell Proliferation (GO:0060251),8,0,34,12722,21.62063086104007,1.0,,1.0
Regulation Of Glomerular Filtration (GO:0003093),5,0,34,12722,33.42160737812912,1.0,,1.0
Regulation Of Glucagon Secretion (GO:0070092),5,0,34,12722,33.42160737812912,1.0,,1.0
Regulation Of Glucan Biosynthetic Process (GO:0010962),7,0,34,12722,24.505314009661834,1.0,,1.0
Regulation Of Gluconeogenesis (GO:0006111),29,0,34,12722,6.219356423483173,1.0,,1.0
Regulation Of Glucose Import (GO:0046324),33,0,34,12722,5.475016223231668,1.0,,1.0
Regulation Of Glucose Metabolic Process (GO:0010906),26,0,34,12722,6.925075198249932,1.0,,1.0
Regulation Of Glucose Transmembrane Transport (GO:0010827),15,0,34,12722,11.84992987377279,1.0,,1.0
Regulation Of Glutamate Receptor Signaling Pathway (GO:1900449),5,0,34,12722,33.42160737812912,1.0,,1.0
Regulation Of Glycogen Biosynthetic Process (GO:0005979),22,0,34,12722,8.158776167471819,1.0,,1.0
Regulation Of Glycogen Metabolic Process (GO:0070873),9,0,34,12722,19.34324942791762,1.0,,1.0
Regulation Of Glycolytic Process (GO:0006110),39,0,34,12722,4.641166758392956,1.0,,1.0
Regulation Of Glycoprotein Biosynthetic Process (GO:0010559),10,0,34,12722,17.499654934437544,1.0,,1.0
Regulation Of Golgi Organization (GO:1903358),15,0,34,12722,11.84992987377279,1.0,,1.0
Regulation Of Golgi To Plasma Membrane Protein Transport (GO:0042996),5,0,34,12722,33.42160737812912,1.0,,1.0
Regulation Of Granulocyte Chemotaxis (GO:0071622),19,0,34,12722,9.41620215533259,1.0,,1.0
Regulation Of Granulocyte Differentiation (GO:0030852),8,0,34,12722,21.62063086104007,1.0,,1.0
Regulation Of Granulocyte Macrophage Colony-Stimulating Factor Production (GO:0032645),14,0,34,12722,12.66816591704148,1.0,,1.0
Regulation Of Growth Hormone Receptor Signaling Pathway (GO:0060398),5,0,34,12722,33.42160737812912,1.0,,1.0
Regulation Of Growth Hormone Secretion (GO:0060123),5,0,34,12722,33.42160737812912,1.0,,1.0
Regulation Of Hair Cycle (GO:0042634),8,0,34,12722,21.62063086104007,1.0,,1.0
Regulation Of Heart Rate By Cardiac Conduction (GO:0086091),40,0,34,12722,4.526212202540705,1.0,,1.0
Regulation Of Helicase Activity (GO:0051095),8,0,34,12722,21.62063086104007,1.0,,1.0
Regulation Of Hematopoietic Progenitor Cell Differentiation (GO:1901532),17,0,34,12722,10.49399585921325,1.0,,1.0
Regulation Of Hematopoietic Stem Cell Differentiation (GO:1902036),12,0,34,12722,14.697391304347827,1.0,,1.0
Regulation Of Hematopoietic Stem Cell Proliferation (GO:1902033),5,0,34,12722,33.42160737812912,1.0,,1.0
Regulation Of Heme Biosynthetic Process (GO:0070453),6,0,34,12722,28.277591973244146,1.0,,1.0
Regulation Of Hemoglobin Biosynthetic Process (GO:0046984),6,0,34,12722,28.277591973244146,1.0,,1.0
Regulation Of Hemopoiesis (GO:1903706),14,0,34,12722,12.66816591704148,1.0,,1.0
Regulation Of Hepatocyte Proliferation (GO:2000345),5,0,34,12722,33.42160737812912,1.0,,1.0
Regulation Of Heterochromatin Formation (GO:0031445),6,0,34,12722,28.277591973244146,1.0,,1.0
Regulation Of Heterotypic Cell-Cell Adhesion (GO:0034114),24,0,34,12722,7.491570541259982,1.0,,1.0
Regulation Of High Voltage-Gated Calcium Channel Activity (GO:1901841),7,0,34,12722,24.505314009661834,1.0,,1.0
Regulation Of Hippo Signaling (GO:0035330),20,0,34,12722,8.956168257334747,1.0,,1.0
Regulation Of Histamine Secretion By Mast Cell (GO:1903593),6,0,34,12722,28.277591973244146,1.0,,1.0
Regulation Of Histone Acetylation (GO:0035065),22,0,34,12722,8.158776167471819,1.0,,1.0
Regulation Of Histone Deacetylase Activity (GO:1901725),5,0,34,12722,33.42160737812912,1.0,,1.0
Regulation Of Histone Deacetylation (GO:0031063),20,0,34,12722,8.956168257334747,1.0,,1.0
Regulation Of Histone H3-K4 Methylation (GO:0051569),14,0,34,12722,12.66816591704148,1.0,,1.0
Regulation Of Histone Methylation (GO:0031060),9,0,34,12722,19.34324942791762,1.0,,1.0
Regulation Of Histone Modification (GO:0031056),17,0,34,12722,10.49399585921325,1.0,,1.0
Regulation Of Homotypic Cell-Cell Adhesion (GO:0034110),10,0,34,12722,17.499654934437544,1.0,,1.0
Regulation Of Hormone Secretion (GO:0046883),14,0,34,12722,12.66816591704148,1.0,,1.0
Regulation Of Humoral Immune Response (GO:0002920),12,0,34,12722,14.697391304347827,1.0,,1.0
Regulation Of Hyaluronan Biosynthetic Process (GO:1900125),5,0,34,12722,33.42160737812912,1.0,,1.0
Regulation Of Hydrogen Peroxide Metabolic Process (GO:0010310),5,0,34,12722,33.42160737812912,1.0,,1.0
Regulation Of Hydrogen Peroxide-Induced Cell Death (GO:1903205),7,0,34,12722,24.505314009661834,1.0,,1.0
Regulation Of Hydrolase Activity (GO:0051336),69,0,34,12722,2.6315295589615264,1.0,,1.0
Regulation Of I-kappaB Phosphorylation (GO:1903719),6,0,34,12722,28.277591973244146,1.0,,1.0
Regulation Of IRE1-mediated Unfolded Protein Response (GO:1903894),13,0,34,12722,13.60762211486849,1.0,,1.0
Regulation Of Immune Effector Process (GO:0002697),13,0,34,12722,13.60762211486849,1.0,,1.0
Regulation Of Immunoglobulin Mediated Immune Response (GO:0002889),5,0,34,12722,33.42160737812912,1.0,,1.0
Regulation Of Immunoglobulin Production (GO:0002637),26,0,34,12722,6.925075198249932,1.0,,1.0
Regulation Of Inclusion Body Assembly (GO:0090083),8,0,34,12722,21.62063086104007,1.0,,1.0
Regulation Of Inflammatory Response (GO:0050727),224,0,34,12722,0.8046544656402311,1.0,,1.0
Regulation Of Inflammatory Response To Wounding (GO:0106014),9,0,34,12722,19.34324942791762,1.0,,1.0
Regulation Of Inositol Phosphate Biosynthetic Process (GO:0010919),6,0,34,12722,28.277591973244146,1.0,,1.0
Regulation Of Insulin Secretion (GO:0050796),78,0,34,12722,2.3281639435059542,1.0,,1.0
Regulation Of Insulin Secretion Involved In Cellular Response To Glucose Stimulus (GO:0061178),25,0,34,12722,7.19721511793123,1.0,,1.0
Regulation Of Insulin-Like Growth Factor Receptor Signaling Pathway (GO:0043567),18,0,34,12722,9.925969447708578,1.0,,1.0
Regulation Of Integrin Activation (GO:0033623),14,0,34,12722,12.66816591704148,1.0,,1.0
Regulation Of Integrin-Mediated Signaling Pathway (GO:2001044),19,0,34,12722,9.41620215533259,1.0,,1.0
Regulation Of Interferon-Alpha Production (GO:0032647),24,0,34,12722,7.491570541259982,1.0,,1.0
Regulation Of Interferon-Beta Production (GO:0032648),48,0,34,12722,3.777229941730166,1.0,,1.0
Regulation Of Interleukin-1 Beta Production (GO:0032651),76,0,34,12722,2.3894098702282847,1.0,,1.0
Regulation Of Interleukin-1 Production (GO:0032652),14,0,34,12722,12.66816591704148,1.0,,1.0
Regulation Of Interleukin-1-Mediated Signaling Pathway (GO:2000659),5,0,34,12722,33.42160737812912,1.0,,1.0
Regulation Of Interleukin-12 Production (GO:0032655),50,0,34,12722,3.627062706270627,1.0,,1.0
Regulation Of Interleukin-17 Production (GO:0032660),32,0,34,12722,5.643924191750279,1.0,,1.0
Regulation Of Interleukin-18 Production (GO:0032661),8,0,34,12722,21.62063086104007,1.0,,1.0
Regulation Of Interleukin-2 Production (GO:0032663),46,0,34,12722,3.940314788842138,1.0,,1.0
Regulation Of Interleukin-23 Production (GO:0032667),8,0,34,12722,21.62063086104007,1.0,,1.0
Regulation Of Interleukin-8 Production (GO:0032677),73,0,34,12722,2.487528344671202,1.0,,1.0
Regulation Of Intestinal Cholesterol Absorption (GO:0030300),6,0,34,12722,28.277591973244146,1.0,,1.0
Regulation Of Intracellular Estrogen Receptor Signaling Pathway (GO:0033146),23,0,34,12722,7.8109774899784155,1.0,,1.0
Regulation Of Intracellular Protein Transport (GO:0033157),35,0,34,12722,5.165748111859563,1.0,,1.0
Regulation Of Intracellular Steroid Hormone Receptor Signaling Pathway (GO:0033143),21,0,34,12722,8.538928210313449,1.0,,1.0
Regulation Of Intracellular Transport (GO:0032386),35,0,34,12722,5.165748111859563,1.0,,1.0
Regulation Of Intrinsic Apoptotic Signaling Pathway (GO:2001242),44,0,34,12722,4.118058948054063,1.0,,1.0
Regulation Of Intrinsic Apoptotic Signaling Pathway By P53 Class Mediator (GO:1902253),7,0,34,12722,24.505314009661834,1.0,,1.0
Regulation Of Intrinsic Apoptotic Signaling Pathway In Response To DNA Damage (GO:1902229),13,0,34,12722,13.60762211486849,1.0,,1.0
Regulation Of Intrinsic Apoptotic Signaling Pathway In Response To DNA Damage By P53 Class Mediator (GO:1902165),10,0,34,12722,17.499654934437544,1.0,,1.0
Regulation Of Isotype Switching (GO:0045191),12,0,34,12722,14.697391304347827,1.0,,1.0
Regulation Of JNK Cascade (GO:0046328),106,0,34,12722,1.712254201537729,1.0,,1.0
Regulation Of JUN Kinase Activity (GO:0043506),43,0,34,12722,4.213060136598368,1.0,,1.0
Regulation Of Keratinocyte Apoptotic Process (GO:1902172),5,0,34,12722,33.42160737812912,1.0,,1.0
Regulation Of Keratinocyte Differentiation (GO:0045616),22,0,34,12722,8.158776167471819,1.0,,1.0
Regulation Of Keratinocyte Migration (GO:0051547),11,0,34,12722,15.976685570258349,1.0,,1.0
Regulation Of Keratinocyte Proliferation (GO:0010837),23,0,34,12722,7.8109774899784155,1.0,,1.0
Regulation Of Ketone Biosynthetic Process (GO:0010566),6,0,34,12722,28.277591973244146,1.0,,1.0
Regulation Of Lamellipodium Assembly (GO:0010591),33,0,34,12722,5.475016223231668,1.0,,1.0
Regulation Of Lamellipodium Morphogenesis (GO:2000392),10,0,34,12722,17.499654934437544,1.0,,1.0
Regulation Of Lamellipodium Organization (GO:1902743),13,0,34,12722,13.60762211486849,1.0,,1.0
Regulation Of Lens Fiber Cell Differentiation (GO:1902746),6,0,34,12722,28.277591973244146,1.0,,1.0
Regulation Of Leukocyte Activation (GO:0002694),12,0,34,12722,14.697391304347827,1.0,,1.0
Regulation Of Leukocyte Adhesion To Vascular Endothelial Cell (GO:1904994),12,0,34,12722,14.697391304347827,1.0,,1.0
Regulation Of Leukocyte Cell-Cell Adhesion (GO:1903037),11,0,34,12722,15.976685570258349,1.0,,1.0
Regulation Of Leukocyte Chemotaxis (GO:0002688),16,0,34,12722,11.130873956960913,1.0,,1.0
Regulation Of Leukocyte Degranulation (GO:0043300),6,0,34,12722,28.277591973244146,1.0,,1.0
Regulation Of Leukocyte Mediated Cytotoxicity (GO:0001910),8,0,34,12722,21.62063086104007,1.0,,1.0
Regulation Of Leukocyte Migration (GO:0002685),12,0,34,12722,14.697391304347827,1.0,,1.0
Regulation Of Leukocyte Proliferation (GO:0070663),7,0,34,12722,24.505314009661834,1.0,,1.0
Regulation Of Leukocyte Tethering Or Rolling (GO:1903236),11,0,34,12722,15.976685570258349,1.0,,1.0
Regulation Of Lipase Activity (GO:0060191),7,0,34,12722,24.505314009661834,1.0,,1.0
Regulation Of Lipid Biosynthetic Process (GO:0046890),26,0,34,12722,6.925075198249932,1.0,,1.0
Regulation Of Lipid Kinase Activity (GO:0043550),11,0,34,12722,15.976685570258349,1.0,,1.0
Regulation Of Lipid Transport (GO:0032368),9,0,34,12722,19.34324942791762,1.0,,1.0
Regulation Of Lipopolysaccharide-Mediated Signaling Pathway (GO:0031664),21,0,34,12722,8.538928210313449,1.0,,1.0
Regulation Of Lipoprotein Lipase Activity (GO:0051004),15,0,34,12722,11.84992987377279,1.0,,1.0
Regulation Of Lipoprotein Metabolic Process (GO:0050746),7,0,34,12722,24.505314009661834,1.0,,1.0
Regulation Of Long-Chain Fatty Acid Import Across Plasma Membrane (GO:0010746),5,0,34,12722,33.42160737812912,1.0,,1.0
Regulation Of Long-Term Neuronal Synaptic Plasticity (GO:0048169),10,0,34,12722,17.499654934437544,1.0,,1.0
Regulation Of Long-Term Synaptic Depression (GO:1900452),8,0,34,12722,21.62063086104007,1.0,,1.0
Regulation Of Long-Term Synaptic Potentiation (GO:1900271),29,0,34,12722,6.219356423483173,1.0,,1.0
Regulation Of Lymphocyte Activation (GO:0051249),16,0,34,12722,11.130873956960913,1.0,,1.0
Regulation Of Lymphocyte Apoptotic Process (GO:0070228),7,0,34,12722,24.505314009661834,1.0,,1.0
Regulation Of Lymphocyte Differentiation (GO:0045619),19,0,34,12722,9.41620215533259,1.0,,1.0
Regulation Of Lymphocyte Migration (GO:2000401),11,0,34,12722,15.976685570258349,1.0,,1.0
Regulation Of Lymphocyte Proliferation (GO:0050670),18,0,34,12722,9.925969447708578,1.0,,1.0
Regulation Of Lysosomal Lumen pH (GO:0035751),21,0,34,12722,8.538928210313449,1.0,,1.0
Regulation Of Lysosomal Protein Catabolic Process (GO:1905165),6,0,34,12722,28.277591973244146,1.0,,1.0
Regulation Of Lysosome Size (GO:0062196),7,0,34,12722,24.505314009661834,1.0,,1.0
Regulation Of MAP Kinase Activity (GO:0043405),110,0,34,12722,1.6497475244278312,1.0,,1.0
Regulation Of MAPK Cascade (GO:0043408),192,0,34,12722,0.940824392998306,1.0,,1.0
Regulation Of MDA-5 Signaling Pathway (GO:0039533),5,0,34,12722,33.42160737812912,1.0,,1.0
Regulation Of MHC Class I Biosynthetic Process (GO:0045343),6,0,34,12722,28.277591973244146,1.0,,1.0
Regulation Of MHC Class II Biosynthetic Process (GO:0045346),14,0,34,12722,12.66816591704148,1.0,,1.0
Regulation Of Macroautophagy (GO:0016241),89,0,34,12722,2.040239656707959,1.0,,1.0
Regulation Of Macromolecule Biosynthetic Process (GO:0010556),51,0,34,12722,3.5563528915154072,1.0,,1.0
Regulation Of Macrophage Activation (GO:0043030),25,0,34,12722,7.19721511793123,1.0,,1.0
Regulation Of Macrophage Chemotaxis (GO:0010758),18,0,34,12722,9.925969447708578,1.0,,1.0
Regulation Of Macrophage Cytokine Production (GO:0010935),13,0,34,12722,13.60762211486849,1.0,,1.0
Regulation Of Macrophage Migration (GO:1905521),8,0,34,12722,21.62063086104007,1.0,,1.0
Regulation Of Macrophage Proliferation (GO:0120040),5,0,34,12722,33.42160737812912,1.0,,1.0
Regulation Of Male Gonad Development (GO:2000018),5,0,34,12722,33.42160737812912,1.0,,1.0
Regulation Of Mammary Gland Epithelial Cell Proliferation (GO:0033599),7,0,34,12722,24.505314009661834,1.0,,1.0
Regulation Of Mast Cell Activation (GO:0033003),8,0,34,12722,21.62063086104007,1.0,,1.0
Regulation Of Mast Cell Activation Involved In Immune Response (GO:0033006),8,0,34,12722,21.62063086104007,1.0,,1.0
Regulation Of Mast Cell Degranulation (GO:0043304),13,0,34,12722,13.60762211486849,1.0,,1.0
Regulation Of Megakaryocyte Differentiation (GO:0045652),18,0,34,12722,9.925969447708578,1.0,,1.0
Regulation Of Meiotic Cell Cycle (GO:0051445),19,0,34,12722,9.41620215533259,1.0,,1.0
Regulation Of Meiotic Nuclear Division (GO:0040020),6,0,34,12722,28.277591973244146,1.0,,1.0
Regulation Of Melanin Biosynthetic Process (GO:0048021),10,0,34,12722,17.499654934437544,1.0,,1.0
Regulation Of Membrane Depolarization (GO:0003254),20,0,34,12722,8.956168257334747,1.0,,1.0
Regulation Of Membrane Protein Ectodomain Proteolysis (GO:0051043),21,0,34,12722,8.538928210313449,1.0,,1.0
Regulation Of Memory T Cell Differentiation (GO:0043380),9,0,34,12722,19.34324942791762,1.0,,1.0
Regulation Of Mesenchymal Cell Proliferation (GO:0010464),11,0,34,12722,15.976685570258349,1.0,,1.0
Regulation Of Mesenchymal Stem Cell Differentiation (GO:2000739),7,0,34,12722,24.505314009661834,1.0,,1.0
Regulation Of Metal Ion Transport (GO:0010959),33,0,34,12722,5.475016223231668,1.0,,1.0
Regulation Of Metallopeptidase Activity (GO:1905048),6,0,34,12722,28.277591973244146,1.0,,1.0
Regulation Of Metaphase/Anaphase Transition Of Cell Cycle (GO:1902099),31,0,34,12722,5.823556475730388,1.0,,1.0
Regulation Of Microtubule Binding (GO:1904526),6,0,34,12722,28.277591973244146,1.0,,1.0
Regulation Of Microtubule Cytoskeleton Organization (GO:0070507),37,0,34,12722,4.889468599033816,1.0,,1.0
Regulation Of Microtubule Depolymerization (GO:0031114),22,0,34,12722,8.158776167471819,1.0,,1.0
Regulation Of Microtubule Nucleation (GO:0010968),8,0,34,12722,21.62063086104007,1.0,,1.0
Regulation Of Microtubule Polymerization (GO:0031113),39,0,34,12722,4.641166758392956,1.0,,1.0
Regulation Of Microtubule Polymerization Or Depolymerization (GO:0031110),26,0,34,12722,6.925075198249932,1.0,,1.0
Regulation Of Microtubule-Based Movement (GO:0060632),6,0,34,12722,28.277591973244146,1.0,,1.0
Regulation Of Microtubule-Based Process (GO:0032886),38,0,34,12722,4.762092979484284,1.0,,1.0
Regulation Of Microvillus Organization (GO:0032530),7,0,34,12722,24.505314009661834,1.0,,1.0
Regulation Of Mitochondrial Depolarization (GO:0051900),9,0,34,12722,19.34324942791762,1.0,,1.0
Regulation Of Mitochondrial Fission (GO:0090140),23,0,34,12722,7.8109774899784155,1.0,,1.0
Regulation Of Mitochondrial Fusion (GO:0010635),10,0,34,12722,17.499654934437544,1.0,,1.0
Regulation Of Mitochondrial Gene Expression (GO:0062125),7,0,34,12722,24.505314009661834,1.0,,1.0
Regulation Of Mitochondrial Membrane Permeability (GO:0046902),17,0,34,12722,10.49399585921325,1.0,,1.0
Regulation Of Mitochondrial Membrane Permeability Involved In Apoptotic Process (GO:1902108),5,0,34,12722,33.42160737812912,1.0,,1.0
Regulation Of Mitochondrial Membrane Potential (GO:0051881),34,0,34,12722,5.315900021003991,1.0,,1.0
Regulation Of Mitochondrial Outer Membrane Permeabilization Involved In Apoptotic Signaling Pathway (GO:1901028),17,0,34,12722,10.49399585921325,1.0,,1.0
Regulation Of Mitochondrial Translation (GO:0070129),22,0,34,12722,8.158776167471819,1.0,,1.0
Regulation Of Mitochondrial mRNA Stability (GO:0044528),6,0,34,12722,28.277591973244146,1.0,,1.0
Regulation Of Mitophagy (GO:1901524),5,0,34,12722,33.42160737812912,1.0,,1.0
Regulation Of Mitotic Cell Cycle (GO:0007346),116,0,34,12722,1.564035578777135,1.0,,1.0
Regulation Of Mitotic Cell Cycle Phase Transition (GO:1901990),80,0,34,12722,2.2699612926456028,1.0,,1.0
Regulation Of Mitotic Cell Cycle Spindle Assembly Checkpoint (GO:0090266),17,0,34,12722,10.49399585921325,1.0,,1.0
Regulation Of Mitotic Centrosome Separation (GO:0046602),8,0,34,12722,21.62063086104007,1.0,,1.0
Regulation Of Mitotic Cytokinesis (GO:1902412),5,0,34,12722,33.42160737812912,1.0,,1.0
Regulation Of Mitotic Metaphase/Anaphase Transition (GO:0030071),48,0,34,12722,3.777229941730166,1.0,,1.0
Regulation Of Mitotic Nuclear Division (GO:0007088),52,0,34,12722,3.488336783988958,1.0,,1.0
Regulation Of Mitotic Sister Chromatid Segregation (GO:0033047),8,0,34,12722,21.62063086104007,1.0,,1.0
Regulation Of Mitotic Sister Chromatid Separation (GO:0010965),10,0,34,12722,17.499654934437544,1.0,,1.0
Regulation Of Mitotic Spindle Assembly (GO:1901673),16,0,34,12722,11.130873956960913,1.0,,1.0
Regulation Of Mitotic Spindle Checkpoint (GO:1903504),5,0,34,12722,33.42160737812912,1.0,,1.0
Regulation Of Monoatomic Anion Transport (GO:0044070),5,0,34,12722,33.42160737812912,1.0,,1.0
Regulation Of Monoatomic Cation Transmembrane Transport (GO:1904062),38,0,34,12722,4.762092979484284,1.0,,1.0
Regulation Of Monoatomic Ion Transmembrane Transport (GO:0034765),27,0,34,12722,6.672727272727273,1.0,,1.0
Regulation Of Monoatomic Ion Transmembrane Transporter Activity (GO:0032412),66,0,34,12722,2.750898986596927,1.0,,1.0
Regulation Of Monoatomic Ion Transport (GO:0043269),26,0,34,12722,6.925075198249932,1.0,,1.0
Regulation Of Monocyte Chemotactic Protein-1 Production (GO:0071637),11,0,34,12722,15.976685570258349,1.0,,1.0
Regulation Of Monocyte Chemotaxis (GO:0090025),24,0,34,12722,7.491570541259982,1.0,,1.0
Regulation Of Monocyte Differentiation (GO:0045655),15,0,34,12722,11.84992987377279,1.0,,1.0
Regulation Of Mononuclear Cell Migration (GO:0071675),22,0,34,12722,8.158776167471819,1.0,,1.0
Regulation Of Monooxygenase Activity (GO:0032768),12,0,34,12722,14.697391304347827,1.0,,1.0
Regulation Of Morphogenesis Of A Branching Structure (GO:0060688),5,0,34,12722,33.42160737812912,1.0,,1.0
Regulation Of Morphogenesis Of An Epithelium (GO:1905330),8,0,34,12722,21.62063086104007,1.0,,1.0
Regulation Of Multicellular Organism Growth (GO:0040014),15,0,34,12722,11.84992987377279,1.0,,1.0
Regulation Of Multicellular Organismal Development (GO:2000026),54,0,34,12722,3.359792580773833,1.0,,1.0
Regulation Of Muscle Cell Differentiation (GO:0051147),21,0,34,12722,8.538928210313449,1.0,,1.0
Regulation Of Muscle Contraction (GO:0006937),26,0,34,12722,6.925075198249932,1.0,,1.0
Regulation Of Muscle Organ Development (GO:0048634),5,0,34,12722,33.42160737812912,1.0,,1.0
Regulation Of Muscle System Process (GO:0090257),10,0,34,12722,17.499654934437544,1.0,,1.0
Regulation Of Myelination (GO:0031641),23,0,34,12722,7.8109774899784155,1.0,,1.0
Regulation Of Myeloid Cell Differentiation (GO:0045637),24,0,34,12722,7.491570541259982,1.0,,1.0
Regulation Of Myeloid Leukocyte Differentiation (GO:0002761),6,0,34,12722,28.277591973244146,1.0,,1.0
Regulation Of Myeloid Leukocyte Mediated Immunity (GO:0002886),8,0,34,12722,21.62063086104007,1.0,,1.0
Regulation Of Myoblast Differentiation (GO:0045661),53,0,34,12722,3.422863334687796,1.0,,1.0
Regulation Of Myoblast Fusion (GO:1901739),12,0,34,12722,14.697391304347827,1.0,,1.0
Regulation Of Myosin-Light-Chain-Phosphatase Activity (GO:0035507),6,0,34,12722,28.277591973244146,1.0,,1.0
Regulation Of Myotube Differentiation (GO:0010830),22,0,34,12722,8.158776167471819,1.0,,1.0
Regulation Of NAD(P)H Oxidase Activity (GO:0033860),6,0,34,12722,28.277591973244146,1.0,,1.0
Regulation Of NIK/NF-kappaB Signaling (GO:1901222),76,0,34,12722,2.3894098702282847,1.0,,1.0
Regulation Of NK T Cell Activation (GO:0051133),5,0,34,12722,33.42160737812912,1.0,,1.0
Regulation Of NK T Cell Proliferation (GO:0051140),6,0,34,12722,28.277591973244146,1.0,,1.0
Regulation Of NMDA Receptor Activity (GO:2000310),16,0,34,12722,11.130873956960913,1.0,,1.0
Regulation Of Natural Killer Cell Activation (GO:0032814),13,0,34,12722,13.60762211486849,1.0,,1.0
Regulation Of Natural Killer Cell Cytokine Production (GO:0002727),5,0,34,12722,33.42160737812912,1.0,,1.0
Regulation Of Natural Killer Cell Mediated Cytotoxicity (GO:0042269),29,0,34,12722,6.219356423483173,1.0,,1.0
Regulation Of Natural Killer Cell Mediated Cytotoxicity Directed Against Tumor Cell Target (GO:0002858),7,0,34,12722,24.505314009661834,1.0,,1.0
Regulation Of Natural Killer Cell Mediated Immunity (GO:0002715),5,0,34,12722,33.42160737812912,1.0,,1.0
Regulation Of Natural Killer Cell Proliferation (GO:0032817),9,0,34,12722,19.34324942791762,1.0,,1.0
Regulation Of Necroptotic Process (GO:0060544),19,0,34,12722,9.41620215533259,1.0,,1.0
Regulation Of Necrotic Cell Death (GO:0010939),8,0,34,12722,21.62063086104007,1.0,,1.0
Regulation Of Nephron Tubule Epithelial Cell Differentiation (GO:0072182),8,0,34,12722,21.62063086104007,1.0,,1.0
Regulation Of Nervous System Development (GO:0051960),39,0,34,12722,4.641166758392956,1.0,,1.0
Regulation Of Nervous System Process (GO:0031644),16,0,34,12722,11.130873956960913,1.0,,1.0
Regulation Of Neural Precursor Cell Proliferation (GO:2000177),20,0,34,12722,8.956168257334747,1.0,,1.0
Regulation Of Neuroblast Proliferation (GO:1902692),22,0,34,12722,8.158776167471819,1.0,,1.0
Regulation Of Neurogenesis (GO:0050767),60,0,34,12722,3.0251527128997484,1.0,,1.0
Regulation Of Neuron Death (GO:1901214),53,0,34,12722,3.422863334687796,1.0,,1.0
Regulation Of Neuron Differentiation (GO:0045664),76,0,34,12722,2.3894098702282847,1.0,,1.0
Regulation Of Neuron Migration (GO:2001222),28,0,34,12722,6.4380879735570815,1.0,,1.0
Regulation Of Neuron Projection Arborization (GO:0150011),14,0,34,12722,12.66816591704148,1.0,,1.0
Regulation Of Neuron Projection Development (GO:0010975),162,0,34,12722,1.117190635451505,1.0,,1.0
Regulation Of Neuronal Synaptic Plasticity (GO:0048168),34,0,34,12722,5.315900021003991,1.0,,1.0
Regulation Of Neurotransmitter Receptor Activity (GO:0099601),38,0,34,12722,4.762092979484284,1.0,,1.0
Regulation Of Neurotransmitter Secretion (GO:0046928),36,0,34,12722,5.023823704586063,1.0,,1.0
Regulation Of Neurotransmitter Transport (GO:0051588),20,0,34,12722,8.956168257334747,1.0,,1.0
Regulation Of Neutrophil Activation (GO:1902563),5,0,34,12722,33.42160737812912,1.0,,1.0
Regulation Of Neutrophil Chemotaxis (GO:0090022),24,0,34,12722,7.491570541259982,1.0,,1.0
Regulation Of Neutrophil Migration (GO:1902622),8,0,34,12722,21.62063086104007,1.0,,1.0
Regulation Of Nitric Oxide Biosynthetic Process (GO:0045428),38,0,34,12722,4.762092979484284,1.0,,1.0
Regulation Of Nitric Oxide Mediated Signal Transduction (GO:0010749),5,0,34,12722,33.42160737812912,1.0,,1.0
Regulation Of Nitric Oxide Metabolic Process (GO:0080164),6,0,34,12722,28.277591973244146,1.0,,1.0
Regulation Of Nitric-Oxide Synthase Activity (GO:0050999),28,0,34,12722,6.4380879735570815,1.0,,1.0
Regulation Of Nitric-Oxide Synthase Biosynthetic Process (GO:0051769),12,0,34,12722,14.697391304347827,1.0,,1.0
Regulation Of Nitrogen Compound Metabolic Process (GO:0051171),10,0,34,12722,17.499654934437544,1.0,,1.0
Regulation Of Non-Canonical Wnt Signaling Pathway (GO:2000050),13,0,34,12722,13.60762211486849,1.0,,1.0
Regulation Of Norepinephrine Secretion (GO:0014061),5,0,34,12722,33.42160737812912,1.0,,1.0
Regulation Of Notch Signaling Pathway (GO:0008593),60,0,34,12722,3.0251527128997484,1.0,,1.0
Regulation Of Nuclear Cell Cycle DNA Replication (GO:0033262),7,0,34,12722,24.505314009661834,1.0,,1.0
Regulation Of Nuclear Division (GO:0051783),17,0,34,12722,10.49399585921325,1.0,,1.0
"Regulation Of Nuclear-Transcribed mRNA Catabolic Process, Deadenylation-Dependent Decay (GO:1900151)",23,0,34,12722,7.8109774899784155,1.0,,1.0
"Regulation Of Nuclear-Transcribed mRNA Catabolic Process, Nonsense-Mediated Decay (GO:2000622)",8,0,34,12722,21.62063086104007,1.0,,1.0
Regulation Of Nuclear-Transcribed mRNA poly(A) Tail Shortening (GO:0060211),12,0,34,12722,14.697391304347827,1.0,,1.0
Regulation Of Nuclease Activity (GO:0032069),5,0,34,12722,33.42160737812912,1.0,,1.0
Regulation Of Nucleic Acid-Templated Transcription (GO:1903506),403,0,34,12722,0.44126573640069683,1.0,,1.0
Regulation Of Nucleocytoplasmic Transport (GO:0046822),16,0,34,12722,11.130873956960913,1.0,,1.0
Regulation Of Nucleotide-Excision Repair (GO:2000819),26,0,34,12722,6.925075198249932,1.0,,1.0
Regulation Of Oligodendrocyte Differentiation (GO:0048713),18,0,34,12722,9.925969447708578,1.0,,1.0
Regulation Of Opsonization (GO:1903027),9,0,34,12722,19.34324942791762,1.0,,1.0
Regulation Of Organ Growth (GO:0046620),8,0,34,12722,21.62063086104007,1.0,,1.0
Regulation Of Organelle Organization (GO:0033043),96,0,34,12722,1.8911917098445596,1.0,,1.0
Regulation Of Ossification (GO:0030278),36,0,34,12722,5.023823704586063,1.0,,1.0
Regulation Of Osteoblast Differentiation (GO:0045667),81,0,34,12722,2.2419311816484395,1.0,,1.0
Regulation Of Osteoblast Proliferation (GO:0033688),16,0,34,12722,11.130873956960913,1.0,,1.0
Regulation Of Osteoclast Development (GO:2001204),6,0,34,12722,28.277591973244146,1.0,,1.0
Regulation Of Osteoclast Differentiation (GO:0045670),38,0,34,12722,4.762092979484284,1.0,,1.0
Regulation Of Oxidative Phosphorylation (GO:0002082),14,0,34,12722,12.66816591704148,1.0,,1.0
Regulation Of Oxidative Stress-Induced Cell Death (GO:1903201),6,0,34,12722,28.277591973244146,1.0,,1.0
Regulation Of Oxidoreductase Activity (GO:0051341),12,0,34,12722,14.697391304347827,1.0,,1.0
Regulation Of PERK-mediated Unfolded Protein Response (GO:1903897),9,0,34,12722,19.34324942791762,1.0,,1.0
Regulation Of Pentose-Phosphate Shunt (GO:0043456),5,0,34,12722,33.42160737812912,1.0,,1.0
Regulation Of Peptidase Activity (GO:0052547),26,0,34,12722,6.925075198249932,1.0,,1.0
Regulation Of Peptide Hormone Secretion (GO:0090276),45,0,34,12722,4.027233635929288,1.0,,1.0
Regulation Of Peptidyl-Cysteine S-nitrosylation (GO:2000169),5,0,34,12722,33.42160737812912,1.0,,1.0
Regulation Of Peptidyl-Lysine Acetylation (GO:2000756),10,0,34,12722,17.499654934437544,1.0,,1.0
Regulation Of Peptidyl-Serine Phosphorylation (GO:0033135),87,0,34,12722,2.0872049689440995,1.0,,1.0
Regulation Of Peptidyl-Serine Phosphorylation Of STAT Protein (GO:0033139),13,0,34,12722,13.60762211486849,1.0,,1.0
Regulation Of Peptidyl-Threonine Phosphorylation (GO:0010799),33,0,34,12722,5.475016223231668,1.0,,1.0
Regulation Of Peroxisome Proliferator Activated Receptor Signaling Pathway (GO:0035358),10,0,34,12722,17.499654934437544,1.0,,1.0
Regulation Of Phosphatase Activity (GO:0010921),17,0,34,12722,10.49399585921325,1.0,,1.0
Regulation Of Phosphate Metabolic Process (GO:0019220),13,0,34,12722,13.60762211486849,1.0,,1.0
Regulation Of Phosphatidylinositol 3-Kinase Activity (GO:0043551),33,0,34,12722,5.475016223231668,1.0,,1.0
Regulation Of Phospholipase A2 Activity (GO:0032429),5,0,34,12722,33.42160737812912,1.0,,1.0
Regulation Of Phospholipase Activity (GO:0010517),10,0,34,12722,17.499654934437544,1.0,,1.0
Regulation Of Phospholipase C Activity (GO:1900274),11,0,34,12722,15.976685570258349,1.0,,1.0
Regulation Of Phospholipid Metabolic Process (GO:1903725),9,0,34,12722,19.34324942791762,1.0,,1.0
Regulation Of Phospholipid Transport (GO:2001138),6,0,34,12722,28.277591973244146,1.0,,1.0
Regulation Of Phosphoprotein Phosphatase Activity (GO:0043666),31,0,34,12722,5.823556475730388,1.0,,1.0
Regulation Of Pinocytosis (GO:0048548),8,0,34,12722,21.62063086104007,1.0,,1.0
Regulation Of Plasma Membrane Bounded Cell Projection Assembly (GO:0120032),70,0,34,12722,2.593997327577346,1.0,,1.0
Regulation Of Plasma Membrane Repair (GO:1905684),5,0,34,12722,33.42160737812912,1.0,,1.0
Regulation Of Plasminogen Activation (GO:0010755),14,0,34,12722,12.66816591704148,1.0,,1.0
Regulation Of Platelet Activation (GO:0010543),26,0,34,12722,6.925075198249932,1.0,,1.0
Regulation Of Platelet Aggregation (GO:0090330),23,0,34,12722,7.8109774899784155,1.0,,1.0
Regulation Of Platelet-Derived Growth Factor Receptor Signaling Pathway (GO:0010640),12,0,34,12722,14.697391304347827,1.0,,1.0
Regulation Of Podosome Assembly (GO:0071801),8,0,34,12722,21.62063086104007,1.0,,1.0
Regulation Of Positive Chemotaxis (GO:0050926),7,0,34,12722,24.505314009661834,1.0,,1.0
Regulation Of Post-Transcriptional Gene Silencing By RNA (GO:1900368),5,0,34,12722,33.42160737812912,1.0,,1.0
Regulation Of Postsynapse Organization (GO:0099175),25,0,34,12722,7.19721511793123,1.0,,1.0
Regulation Of Postsynaptic Membrane Potential (GO:0060078),26,0,34,12722,6.925075198249932,1.0,,1.0
Regulation Of Postsynaptic Neurotransmitter Receptor Activity (GO:0098962),8,0,34,12722,21.62063086104007,1.0,,1.0
Regulation Of Potassium Ion Export Across Plasma Membrane (GO:1903764),6,0,34,12722,28.277591973244146,1.0,,1.0
Regulation Of Potassium Ion Transmembrane Transport (GO:1901379),33,0,34,12722,5.475016223231668,1.0,,1.0
Regulation Of Potassium Ion Transmembrane Transporter Activity (GO:1901016),26,0,34,12722,6.925075198249932,1.0,,1.0
Regulation Of Potassium Ion Transport (GO:0043266),30,0,34,12722,6.014967925873129,1.0,,1.0
Regulation Of Presynapse Assembly (GO:1905606),12,0,34,12722,14.697391304347827,1.0,,1.0
Regulation Of Presynapse Organization (GO:0099174),12,0,34,12722,14.697391304347827,1.0,,1.0
Regulation Of Programmed Necrotic Cell Death (GO:0062098),9,0,34,12722,19.34324942791762,1.0,,1.0
Regulation Of Prostaglandin Biosynthetic Process (GO:0031392),6,0,34,12722,28.277591973244146,1.0,,1.0
Regulation Of Proteasomal Ubiquitin-Dependent Protein Catabolic Process (GO:0032434),97,0,34,12722,1.8716462281679673,1.0,,1.0
Regulation Of Protein ADP-ribosylation (GO:0010835),6,0,34,12722,28.277591973244146,1.0,,1.0
Regulation Of Protein Acetylation (GO:1901983),8,0,34,12722,21.62063086104007,1.0,,1.0
Regulation Of Protein Autophosphorylation (GO:0031952),28,0,34,12722,6.4380879735570815,1.0,,1.0
Regulation Of Protein Binding (GO:0043393),108,0,34,12722,1.6804247645762371,1.0,,1.0
Regulation Of Protein Catabolic Process (GO:0042176),113,0,34,12722,1.6057587946115048,1.0,,1.0
Regulation Of Protein Deacetylation (GO:0090311),17,0,34,12722,10.49399585921325,1.0,,1.0
Regulation Of Protein Dephosphorylation (GO:0035304),34,0,34,12722,5.315900021003991,1.0,,1.0
Regulation Of Protein Depolymerization (GO:1901879),5,0,34,12722,33.42160737812912,1.0,,1.0
Regulation Of Protein Exit From Endoplasmic Reticulum (GO:0070861),11,0,34,12722,15.976685570258349,1.0,,1.0
Regulation Of Protein Export From Nucleus (GO:0046825),22,0,34,12722,8.158776167471819,1.0,,1.0
Regulation Of Protein Glycosylation (GO:0060049),6,0,34,12722,28.277591973244146,1.0,,1.0
Regulation Of Protein Import Into Nucleus (GO:0042306),37,0,34,12722,4.889468599033816,1.0,,1.0
Regulation Of Protein K63-linked Ubiquitination (GO:1900044),10,0,34,12722,17.499654934437544,1.0,,1.0
Regulation Of Protein Kinase A Signaling (GO:0010738),14,0,34,12722,12.66816591704148,1.0,,1.0
Regulation Of Protein Kinase Activity (GO:0045859),109,0,34,12722,1.6649460657798953,1.0,,1.0
Regulation Of Protein Kinase B Signaling (GO:0051896),127,0,34,12722,1.4278488206876954,1.0,,1.0
Regulation Of Protein Kinase C Signaling (GO:0090036),16,0,34,12722,11.130873956960913,1.0,,1.0
Regulation Of Protein Lipidation (GO:1903059),8,0,34,12722,21.62063086104007,1.0,,1.0
Regulation Of Protein Localization (GO:0032880),90,0,34,12722,2.017535431179438,1.0,,1.0
Regulation Of Protein Localization To Cajal Body (GO:1904869),7,0,34,12722,24.505314009661834,1.0,,1.0
Regulation Of Protein Localization To Cell Cortex (GO:1904776),7,0,34,12722,24.505314009661834,1.0,,1.0
Regulation Of Protein Localization To Cell Periphery (GO:1904375),20,0,34,12722,8.956168257334747,1.0,,1.0
Regulation Of Protein Localization To Cell Surface (GO:2000008),30,0,34,12722,6.014967925873129,1.0,,1.0
Regulation Of Protein Localization To Centrosome (GO:1904779),9,0,34,12722,19.34324942791762,1.0,,1.0
Regulation Of Protein Localization To Chromatin (GO:1905634),9,0,34,12722,19.34324942791762,1.0,,1.0
Regulation Of Protein Localization To Cilium (GO:1903564),6,0,34,12722,28.277591973244146,1.0,,1.0
Regulation Of Protein Localization To Early Endosome (GO:1902965),8,0,34,12722,21.62063086104007,1.0,,1.0
Regulation Of Protein Localization To Membrane (GO:1905475),27,0,34,12722,6.672727272727273,1.0,,1.0
Regulation Of Protein Localization To Nucleolus (GO:1904749),7,0,34,12722,24.505314009661834,1.0,,1.0
Regulation Of Protein Localization To Nucleus (GO:1900180),51,0,34,12722,3.5563528915154072,1.0,,1.0
Regulation Of Protein Modification By Small Protein Conjugation Or Removal (GO:1903320),25,0,34,12722,7.19721511793123,1.0,,1.0
Regulation Of Protein Modification Process (GO:0031399),44,0,34,12722,4.118058948054063,1.0,,1.0
Regulation Of Protein Neddylation (GO:2000434),17,0,34,12722,10.49399585921325,1.0,,1.0
Regulation Of Protein Polymerization (GO:0032271),31,0,34,12722,5.823556475730388,1.0,,1.0
Regulation Of Protein Processing (GO:0070613),21,0,34,12722,8.538928210313449,1.0,,1.0
Regulation Of Protein Serine/Threonine Kinase Activity (GO:0071900),106,0,34,12722,1.712254201537729,1.0,,1.0
Regulation Of Protein Sumoylation (GO:0033233),16,0,34,12722,11.130873956960913,1.0,,1.0
Regulation Of Protein Targeting To Membrane (GO:0090313),26,0,34,12722,6.925075198249932,1.0,,1.0
Regulation Of Protein Targeting To Mitochondrion (GO:1903214),35,0,34,12722,5.165748111859563,1.0,,1.0
Regulation Of Protein Transport (GO:0051223),26,0,34,12722,6.925075198249932,1.0,,1.0
Regulation Of Protein Tyrosine Kinase Activity (GO:0061097),38,0,34,12722,4.762092979484284,1.0,,1.0
Regulation Of Protein Ubiquitination (GO:0031396),101,0,34,12722,1.7973156279003355,1.0,,1.0
Regulation Of Protein-Containing Complex Disassembly (GO:0043244),17,0,34,12722,10.49399585921325,1.0,,1.0
Regulation Of Proteolysis (GO:0030162),52,0,34,12722,3.488336783988958,1.0,,1.0
Regulation Of Proteolysis Involved In Protein Catabolic Process (GO:1903050),19,0,34,12722,9.41620215533259,1.0,,1.0
Regulation Of Pseudopodium Assembly (GO:0031272),9,0,34,12722,19.34324942791762,1.0,,1.0
Regulation Of Pyruvate Dehydrogenase Activity (GO:1904182),6,0,34,12722,28.277591973244146,1.0,,1.0
Regulation Of RIG-I Signaling Pathway (GO:0039535),14,0,34,12722,12.66816591704148,1.0,,1.0
Regulation Of RNA Biosynthetic Process (GO:2001141),8,0,34,12722,21.62063086104007,1.0,,1.0
Regulation Of RNA Export From Nucleus (GO:0046831),11,0,34,12722,15.976685570258349,1.0,,1.0
Regulation Of RNA Metabolic Process (GO:0051252),87,0,34,12722,2.0872049689440995,1.0,,1.0
Regulation Of RNA Polymerase II Regulatory Region Sequence-Specific DNA Binding (GO:1903025),9,0,34,12722,19.34324942791762,1.0,,1.0
Regulation Of RNA Splicing (GO:0043484),94,0,34,12722,1.9315236561613374,1.0,,1.0
Regulation Of Rab Protein Signal Transduction (GO:0032483),6,0,34,12722,28.277591973244146,1.0,,1.0
Regulation Of Rac Protein Signal Transduction (GO:0035020),15,0,34,12722,11.84992987377279,1.0,,1.0
Regulation Of Ras Protein Signal Transduction (GO:0046578),75,0,34,12722,2.421249640080622,1.0,,1.0
Regulation Of Reactive Oxygen Species Metabolic Process (GO:2000377),51,0,34,12722,3.5563528915154072,1.0,,1.0
Regulation Of Receptor Binding (GO:1900120),9,0,34,12722,19.34324942791762,1.0,,1.0
Regulation Of Receptor Internalization (GO:0002090),34,0,34,12722,5.315900021003991,1.0,,1.0
Regulation Of Receptor Recycling (GO:0001919),17,0,34,12722,10.49399585921325,1.0,,1.0
Regulation Of Receptor Signaling Pathway Via JAK-STAT (GO:0046425),50,0,34,12722,3.627062706270627,1.0,,1.0
Regulation Of Receptor Signaling Pathway Via STAT (GO:1904892),17,0,34,12722,10.49399585921325,1.0,,1.0
Regulation Of Receptor-Mediated Endocytosis (GO:0048259),38,0,34,12722,4.762092979484284,1.0,,1.0
Regulation Of Regulated Secretory Pathway (GO:1903305),33,0,34,12722,5.475016223231668,1.0,,1.0
Regulation Of Regulatory T Cell Differentiation (GO:0045589),21,0,34,12722,8.538928210313449,1.0,,1.0
Regulation Of Relaxation Of Muscle (GO:1901077),5,0,34,12722,33.42160737812912,1.0,,1.0
Regulation Of Release Of Cytochrome C From Mitochondria (GO:0090199),38,0,34,12722,4.762092979484284,1.0,,1.0
Regulation Of Release Of Sequestered Calcium Ion Into Cytosol (GO:0051279),43,0,34,12722,4.213060136598368,1.0,,1.0
Regulation Of Release Of Sequestered Calcium Ion Into Cytosol By Sarcoplasmic Reticulum (GO:0010880),19,0,34,12722,9.41620215533259,1.0,,1.0
Regulation Of Renal Sodium Excretion (GO:0035813),5,0,34,12722,33.42160737812912,1.0,,1.0
Regulation Of Respiratory Burst (GO:0060263),8,0,34,12722,21.62063086104007,1.0,,1.0
Regulation Of Respiratory Gaseous Exchange (GO:0043576),5,0,34,12722,33.42160737812912,1.0,,1.0
Regulation Of Respiratory System Process (GO:0044065),6,0,34,12722,28.277591973244146,1.0,,1.0
Regulation Of Response To Cytokine Stimulus (GO:0060759),12,0,34,12722,14.697391304347827,1.0,,1.0
Regulation Of Response To Endoplasmic Reticulum Stress (GO:1905897),12,0,34,12722,14.697391304347827,1.0,,1.0
Regulation Of Response To Oxidative Stress (GO:1902882),8,0,34,12722,21.62063086104007,1.0,,1.0
Regulation Of Response To Stress (GO:0080134),11,0,34,12722,15.976685570258349,1.0,,1.0
Regulation Of Response To Wounding (GO:1903034),7,0,34,12722,24.505314009661834,1.0,,1.0
Regulation Of Retinal Ganglion Cell Axon Guidance (GO:0090259),5,0,34,12722,33.42160737812912,1.0,,1.0
Regulation Of Retinoic Acid Receptor Signaling Pathway (GO:0048385),11,0,34,12722,15.976685570258349,1.0,,1.0
"Regulation Of Retrograde Protein Transport, ER To Cytosol (GO:1904152)",12,0,34,12722,14.697391304347827,1.0,,1.0
Regulation Of Rho Protein Signal Transduction (GO:0035023),69,0,34,12722,2.6315295589615264,1.0,,1.0
Regulation Of Rhodopsin Mediated Signaling Pathway (GO:0022400),7,0,34,12722,24.505314009661834,1.0,,1.0
Regulation Of Ribonuclease Activity (GO:0060700),5,0,34,12722,33.42160737812912,1.0,,1.0
Regulation Of Ribonucleoprotein Complex Localization (GO:2000197),5,0,34,12722,33.42160737812912,1.0,,1.0
Regulation Of Ruffle Assembly (GO:1900027),23,0,34,12722,7.8109774899784155,1.0,,1.0
Regulation Of Ryanodine-Sensitive Calcium-Release Channel Activity (GO:0060314),18,0,34,12722,9.925969447708578,1.0,,1.0
Regulation Of SA Node Cell Action Potential (GO:0098907),6,0,34,12722,28.277591973244146,1.0,,1.0
Regulation Of SMAD Protein Signal Transduction (GO:0060390),26,0,34,12722,6.925075198249932,1.0,,1.0
Regulation Of SNARE Complex Assembly (GO:0035542),11,0,34,12722,15.976685570258349,1.0,,1.0
Regulation Of Saliva Secretion (GO:0046877),5,0,34,12722,33.42160737812912,1.0,,1.0
Regulation Of Sarcomere Organization (GO:0060297),5,0,34,12722,33.42160737812912,1.0,,1.0
Regulation Of Secretion (GO:0051046),15,0,34,12722,11.84992987377279,1.0,,1.0
Regulation Of Secretion By Cell (GO:1903530),57,0,34,12722,3.1837429111531192,1.0,,1.0
Regulation Of Sensory Perception (GO:0051931),11,0,34,12722,15.976685570258349,1.0,,1.0
Regulation Of Sensory Perception Of Pain (GO:0051930),11,0,34,12722,15.976685570258349,1.0,,1.0
Regulation Of Sequestering Of Calcium Ion (GO:0051282),8,0,34,12722,21.62063086104007,1.0,,1.0
Regulation Of Short-Term Neuronal Synaptic Plasticity (GO:0048172),13,0,34,12722,13.60762211486849,1.0,,1.0
Regulation Of Signal Transduction By P53 Class Mediator (GO:1901796),39,0,34,12722,4.641166758392956,1.0,,1.0
Regulation Of Single Stranded Viral RNA Replication Via Double Stranded DNA Intermediate (GO:0045091),13,0,34,12722,13.60762211486849,1.0,,1.0
Regulation Of Sister Chromatid Cohesion (GO:0007063),8,0,34,12722,21.62063086104007,1.0,,1.0
Regulation Of Skeletal Muscle Cell Differentiation (GO:2001014),8,0,34,12722,21.62063086104007,1.0,,1.0
Regulation Of Skeletal Muscle Contraction (GO:0014819),6,0,34,12722,28.277591973244146,1.0,,1.0
Regulation Of Skeletal Muscle Fiber Development (GO:0048742),6,0,34,12722,28.277591973244146,1.0,,1.0
Regulation Of Skeletal Muscle Satellite Cell Proliferation (GO:0014842),6,0,34,12722,28.277591973244146,1.0,,1.0
Regulation Of Small GTPase Mediated Signal Transduction (GO:0051056),112,0,34,12722,1.6201610305958132,1.0,,1.0
Regulation Of Smooth Muscle Cell Apoptotic Process (GO:0034391),9,0,34,12722,19.34324942791762,1.0,,1.0
Regulation Of Smooth Muscle Cell Differentiation (GO:0051150),6,0,34,12722,28.277591973244146,1.0,,1.0
Regulation Of Smooth Muscle Cell Migration (GO:0014910),17,0,34,12722,10.49399585921325,1.0,,1.0
Regulation Of Smooth Muscle Cell Proliferation (GO:0048660),52,0,34,12722,3.488336783988958,1.0,,1.0
Regulation Of Smooth Muscle Contraction (GO:0006940),19,0,34,12722,9.41620215533259,1.0,,1.0
Regulation Of Smoothened Signaling Pathway (GO:0008589),45,0,34,12722,4.027233635929288,1.0,,1.0
Regulation Of Sodium Ion Transmembrane Transport (GO:1902305),26,0,34,12722,6.925075198249932,1.0,,1.0
Regulation Of Sodium Ion Transmembrane Transporter Activity (GO:2000649),35,0,34,12722,5.165748111859563,1.0,,1.0
Regulation Of Sodium Ion Transport (GO:0002028),34,0,34,12722,5.315900021003991,1.0,,1.0
Regulation Of Sprouting Angiogenesis (GO:1903670),29,0,34,12722,6.219356423483173,1.0,,1.0
Regulation Of Stem Cell Differentiation (GO:2000736),45,0,34,12722,4.027233635929288,1.0,,1.0
Regulation Of Stem Cell Division (GO:2000035),7,0,34,12722,24.505314009661834,1.0,,1.0
Regulation Of Stem Cell Population Maintenance (GO:2000036),53,0,34,12722,3.422863334687796,1.0,,1.0
Regulation Of Stem Cell Proliferation (GO:0072091),16,0,34,12722,11.130873956960913,1.0,,1.0
Regulation Of Steroid Biosynthetic Process (GO:0050810),13,0,34,12722,13.60762211486849,1.0,,1.0
Regulation Of Sterol Biosynthetic Process (GO:0106118),7,0,34,12722,24.505314009661834,1.0,,1.0
Regulation Of Store-Operated Calcium Entry (GO:2001256),8,0,34,12722,21.62063086104007,1.0,,1.0
Regulation Of Stress Fiber Assembly (GO:0051492),71,0,34,12722,2.5575149488192968,1.0,,1.0
Regulation Of Stress Granule Assembly (GO:0062028),5,0,34,12722,33.42160737812912,1.0,,1.0
Regulation Of Stress-Activated MAPK Cascade (GO:0032872),47,0,34,12722,3.8570556826849733,1.0,,1.0
Regulation Of Stress-Activated Protein Kinase Signaling Cascade (GO:0070302),11,0,34,12722,15.976685570258349,1.0,,1.0
Regulation Of Striated Muscle Cell Differentiation (GO:0051153),6,0,34,12722,28.277591973244146,1.0,,1.0
Regulation Of Striated Muscle Contraction (GO:0006942),25,0,34,12722,7.19721511793123,1.0,,1.0
Regulation Of Striated Muscle Tissue Development (GO:0016202),5,0,34,12722,33.42160737812912,1.0,,1.0
Regulation Of Substrate Adhesion-Dependent Cell Spreading (GO:1900024),50,0,34,12722,3.627062706270627,1.0,,1.0
Regulation Of Superoxide Anion Generation (GO:0032928),14,0,34,12722,12.66816591704148,1.0,,1.0
Regulation Of Superoxide Metabolic Process (GO:0090322),5,0,34,12722,33.42160737812912,1.0,,1.0
Regulation Of Supramolecular Fiber Organization (GO:1902903),21,0,34,12722,8.538928210313449,1.0,,1.0
Regulation Of Synapse Assembly (GO:0051963),45,0,34,12722,4.027233635929288,1.0,,1.0
Regulation Of Synapse Maturation (GO:0090128),10,0,34,12722,17.499654934437544,1.0,,1.0
Regulation Of Synapse Organization (GO:0050807),24,0,34,12722,7.491570541259982,1.0,,1.0
"Regulation Of Synaptic Transmission, GABAergic (GO:0032228)",14,0,34,12722,12.66816591704148,1.0,,1.0
"Regulation Of Synaptic Transmission, Glutamatergic (GO:0051966)",53,0,34,12722,3.422863334687796,1.0,,1.0
Regulation Of Synaptic Vesicle Exocytosis (GO:2000300),16,0,34,12722,11.130873956960913,1.0,,1.0
Regulation Of System Process (GO:0044057),5,0,34,12722,33.42160737812912,1.0,,1.0
Regulation Of Systemic Arterial Blood Pressure (GO:0003073),15,0,34,12722,11.84992987377279,1.0,,1.0
Regulation Of Systemic Arterial Blood Pressure By Hormone (GO:0001990),15,0,34,12722,11.84992987377279,1.0,,1.0
Regulation Of Systemic Arterial Blood Pressure By Renin-Angiotensin (GO:0003081),6,0,34,12722,28.277591973244146,1.0,,1.0
Regulation Of T Cell Activation (GO:0050863),58,0,34,12722,3.129072216028738,1.0,,1.0
Regulation Of T Cell Activation Via T Cell Receptor Contact With Antigen Bound To MHC Molecule On Antigen Presenting Cell (GO:2001188),5,0,34,12722,33.42160737812912,1.0,,1.0
Regulation Of T Cell Apoptotic Process (GO:0070232),10,0,34,12722,17.499654934437544,1.0,,1.0
Regulation Of T Cell Chemotaxis (GO:0010819),12,0,34,12722,14.697391304347827,1.0,,1.0
Regulation Of T Cell Cytokine Production (GO:0002724),18,0,34,12722,9.925969447708578,1.0,,1.0
Regulation Of T Cell Differentiation (GO:0045580),47,0,34,12722,3.8570556826849733,1.0,,1.0
Regulation Of T Cell Differentiation In Thymus (GO:0033081),12,0,34,12722,14.697391304347827,1.0,,1.0
Regulation Of T Cell Mediated Cytotoxicity (GO:0001914),33,0,34,12722,5.475016223231668,1.0,,1.0
Regulation Of T Cell Mediated Immune Response To Tumor Cell (GO:0002840),5,0,34,12722,33.42160737812912,1.0,,1.0
Regulation Of T Cell Mediated Immunity (GO:0002709),11,0,34,12722,15.976685570258349,1.0,,1.0
Regulation Of T Cell Migration (GO:2000404),21,0,34,12722,8.538928210313449,1.0,,1.0
Regulation Of T Cell Proliferation (GO:0042129),75,0,34,12722,2.421249640080622,1.0,,1.0
Regulation Of T Cell Receptor Signaling Pathway (GO:0050856),34,0,34,12722,5.315900021003991,1.0,,1.0
Regulation Of T Cell Tolerance Induction (GO:0002664),6,0,34,12722,28.277591973244146,1.0,,1.0
Regulation Of T-helper 1 Cell Cytokine Production (GO:2000554),5,0,34,12722,33.42160737812912,1.0,,1.0
Regulation Of T-helper 1 Cell Differentiation (GO:0045625),6,0,34,12722,28.277591973244146,1.0,,1.0
Regulation Of T-helper 1 Type Immune Response (GO:0002825),8,0,34,12722,21.62063086104007,1.0,,1.0
Regulation Of T-helper 17 Cell Differentiation (GO:2000319),10,0,34,12722,17.499654934437544,1.0,,1.0
Regulation Of T-helper 17 Cell Lineage Commitment (GO:2000328),5,0,34,12722,33.42160737812912,1.0,,1.0
Regulation Of T-helper 17 Type Immune Response (GO:2000316),11,0,34,12722,15.976685570258349,1.0,,1.0
Regulation Of T-helper Cell Differentiation (GO:0045622),6,0,34,12722,28.277591973244146,1.0,,1.0
Regulation Of TORC1 Signaling (GO:1903432),42,0,34,12722,4.312531969309463,1.0,,1.0
Regulation Of TORC2 Signaling (GO:1903939),6,0,34,12722,28.277591973244146,1.0,,1.0
Regulation Of Tau-Protein Kinase Activity (GO:1902947),9,0,34,12722,19.34324942791762,1.0,,1.0
Regulation Of Telomerase Activity (GO:0051972),42,0,34,12722,4.312531969309463,1.0,,1.0
Regulation Of Telomerase RNA Localization To Cajal Body (GO:1904872),14,0,34,12722,12.66816591704148,1.0,,1.0
Regulation Of Telomere Capping (GO:1904353),22,0,34,12722,8.158776167471819,1.0,,1.0
Regulation Of Telomere Maintenance (GO:0032204),36,0,34,12722,5.023823704586063,1.0,,1.0
Regulation Of Telomere Maintenance In Response To DNA Damage (GO:1904505),15,0,34,12722,11.84992987377279,1.0,,1.0
Regulation Of Telomere Maintenance Via Telomerase (GO:0032210),48,0,34,12722,3.777229941730166,1.0,,1.0
Regulation Of Telomere Maintenance Via Telomere Lengthening (GO:1904356),16,0,34,12722,11.130873956960913,1.0,,1.0
Regulation Of Thymocyte Apoptotic Process (GO:0070243),5,0,34,12722,33.42160737812912,1.0,,1.0
Regulation Of Tissue Remodeling (GO:0034103),18,0,34,12722,9.925969447708578,1.0,,1.0
Regulation Of Toll-Like Receptor 3 Signaling Pathway (GO:0034139),8,0,34,12722,21.62063086104007,1.0,,1.0
Regulation Of Toll-Like Receptor 7 Signaling Pathway (GO:0034155),5,0,34,12722,33.42160737812912,1.0,,1.0
Regulation Of Toll-Like Receptor 9 Signaling Pathway (GO:0034163),10,0,34,12722,17.499654934437544,1.0,,1.0
Regulation Of Toll-Like Receptor Signaling Pathway (GO:0034121),19,0,34,12722,9.41620215533259,1.0,,1.0
Regulation Of Tooth Mineralization (GO:0070170),5,0,34,12722,33.42160737812912,1.0,,1.0
Regulation Of Trans-Synaptic Signaling (GO:0099177),34,0,34,12722,5.315900021003991,1.0,,1.0
Regulation Of Transcription By RNA Polymerase I (GO:0006356),30,0,34,12722,6.014967925873129,1.0,,1.0
Regulation Of Transcription By RNA Polymerase III (GO:0006359),26,0,34,12722,6.925075198249932,1.0,,1.0
Regulation Of Transcription Elongation By RNA Polymerase II (GO:0034243),70,0,34,12722,2.593997327577346,1.0,,1.0
Regulation Of Transcription From RNA Polymerase II Promoter In Response To Hypoxia (GO:0061418),7,0,34,12722,24.505314009661834,1.0,,1.0
Regulation Of Transcription From RNA Polymerase II Promoter In Response To Stress (GO:0043618),12,0,34,12722,14.697391304347827,1.0,,1.0
Regulation Of Transcription Initiation By RNA Polymerase II (GO:0060260),54,0,34,12722,3.359792580773833,1.0,,1.0
Regulation Of Transcription Involved In G1/S Transition Of Mitotic Cell Cycle (GO:0000083),19,0,34,12722,9.41620215533259,1.0,,1.0
Regulation Of Transcription Of Nucleolar Large rRNA By RNA Polymerase I (GO:1901836),9,0,34,12722,19.34324942791762,1.0,,1.0
Regulation Of Transcription Regulatory Region DNA Binding (GO:2000677),25,0,34,12722,7.19721511793123,1.0,,1.0
Regulation Of Transferase Activity (GO:0051338),19,0,34,12722,9.41620215533259,1.0,,1.0
Regulation Of Transforming Growth Factor Beta Activation (GO:1901388),6,0,34,12722,28.277591973244146,1.0,,1.0
Regulation Of Transforming Growth Factor Beta Production (GO:0071634),15,0,34,12722,11.84992987377279,1.0,,1.0
Regulation Of Transforming Growth Factor Beta1 Production (GO:0032908),6,0,34,12722,28.277591973244146,1.0,,1.0
Regulation Of Transforming Growth Factor Beta2 Production (GO:0032909),6,0,34,12722,28.277591973244146,1.0,,1.0
Regulation Of Translation (GO:0006417),186,0,34,12722,0.9715584566965847,1.0,,1.0
Regulation Of Translation In Response To Endoplasmic Reticulum Stress (GO:0036490),5,0,34,12722,33.42160737812912,1.0,,1.0
Regulation Of Translational Initiation (GO:0006446),59,0,34,12722,3.0762391913287055,1.0,,1.0
Regulation Of Translational Termination (GO:0006449),5,0,34,12722,33.42160737812912,1.0,,1.0
Regulation Of Transmembrane Receptor Protein Serine/Threonine Kinase Signaling Pathway (GO:0090092),28,0,34,12722,6.4380879735570815,1.0,,1.0
Regulation Of Transmembrane Transport (GO:0034762),29,0,34,12722,6.219356423483173,1.0,,1.0
Regulation Of Transmembrane Transporter Activity (GO:0022898),8,0,34,12722,21.62063086104007,1.0,,1.0
Regulation Of Transport (GO:0051049),39,0,34,12722,4.641166758392956,1.0,,1.0
Regulation Of Transposition (GO:0010528),12,0,34,12722,14.697391304347827,1.0,,1.0
Regulation Of Triglyceride Biosynthetic Process (GO:0010866),16,0,34,12722,11.130873956960913,1.0,,1.0
Regulation Of Triglyceride Catabolic Process (GO:0010896),10,0,34,12722,17.499654934437544,1.0,,1.0
Regulation Of Triglyceride Metabolic Process (GO:0090207),7,0,34,12722,24.505314009661834,1.0,,1.0
Regulation Of Trophoblast Cell Migration (GO:1901163),13,0,34,12722,13.60762211486849,1.0,,1.0
Regulation Of Tube Diameter (GO:0035296),12,0,34,12722,14.697391304347827,1.0,,1.0
Regulation Of Tubulin Deacetylation (GO:0090043),16,0,34,12722,11.130873956960913,1.0,,1.0
Regulation Of Tumor Necrosis Factor Superfamily Cytokine Production (GO:1903555),8,0,34,12722,21.62063086104007,1.0,,1.0
Regulation Of Tumor Necrosis Factor-Mediated Signaling Pathway (GO:0010803),43,0,34,12722,4.213060136598368,1.0,,1.0
Regulation Of Type 2 Immune Response (GO:0002828),5,0,34,12722,33.42160737812912,1.0,,1.0
Regulation Of Type B Pancreatic Cell Development (GO:2000074),6,0,34,12722,28.277591973244146,1.0,,1.0
Regulation Of Type B Pancreatic Cell Proliferation (GO:0061469),5,0,34,12722,33.42160737812912,1.0,,1.0
Regulation Of Type I Interferon Production (GO:0032479),51,0,34,12722,3.5563528915154072,1.0,,1.0
Regulation Of Type I Interferon-Mediated Signaling Pathway (GO:0060338),32,0,34,12722,5.643924191750279,1.0,,1.0
Regulation Of Type II Interferon-Mediated Signaling Pathway (GO:0060334),9,0,34,12722,19.34324942791762,1.0,,1.0
Regulation Of Tyrosine Phosphorylation Of STAT Protein (GO:0042509),63,0,34,12722,2.8815474152687437,1.0,,1.0
Regulation Of Ubiquitin Protein Ligase Activity (GO:1904666),15,0,34,12722,11.84992987377279,1.0,,1.0
Regulation Of Ubiquitin-Dependent Protein Catabolic Process (GO:2000058),38,0,34,12722,4.762092979484284,1.0,,1.0
Regulation Of Ubiquitin-Protein Transferase Activity (GO:0051438),29,0,34,12722,6.219356423483173,1.0,,1.0
Regulation Of Urine Volume (GO:0035809),8,0,34,12722,21.62063086104007,1.0,,1.0
Regulation Of Vacuole Organization (GO:0044088),15,0,34,12722,11.84992987377279,1.0,,1.0
Regulation Of Vascular Associated Smooth Muscle Cell Apoptotic Process (GO:1905459),6,0,34,12722,28.277591973244146,1.0,,1.0
Regulation Of Vascular Associated Smooth Muscle Cell Differentiation (GO:1905063),6,0,34,12722,28.277591973244146,1.0,,1.0
Regulation Of Vascular Associated Smooth Muscle Cell Migration (GO:1904752),12,0,34,12722,14.697391304347827,1.0,,1.0
Regulation Of Vascular Endothelial Cell Proliferation (GO:1905562),17,0,34,12722,10.49399585921325,1.0,,1.0
Regulation Of Vascular Endothelial Growth Factor Production (GO:0010574),25,0,34,12722,7.19721511793123,1.0,,1.0
Regulation Of Vascular Endothelial Growth Factor Receptor Signaling Pathway (GO:0030947),19,0,34,12722,9.41620215533259,1.0,,1.0
Regulation Of Vascular Endothelial Growth Factor Signaling Pathway (GO:1900746),18,0,34,12722,9.925969447708578,1.0,,1.0
Regulation Of Vascular Wound Healing (GO:0061043),7,0,34,12722,24.505314009661834,1.0,,1.0
Regulation Of Vasculature Development (GO:1901342),28,0,34,12722,6.4380879735570815,1.0,,1.0
Regulation Of Vasculogenesis (GO:2001212),13,0,34,12722,13.60762211486849,1.0,,1.0
Regulation Of Vasoconstriction (GO:0019229),26,0,34,12722,6.925075198249932,1.0,,1.0
Regulation Of Ventricular Cardiac Muscle Cell Action Potential (GO:0098911),11,0,34,12722,15.976685570258349,1.0,,1.0
Regulation Of Ventricular Cardiac Muscle Cell Membrane Depolarization (GO:0060373),5,0,34,12722,33.42160737812912,1.0,,1.0
Regulation Of Ventricular Cardiac Muscle Cell Membrane Repolarization (GO:0060307),17,0,34,12722,10.49399585921325,1.0,,1.0
Regulation Of Very-Low-Density Lipoprotein Particle Remodeling (GO:0010901),5,0,34,12722,33.42160737812912,1.0,,1.0
Regulation Of Vesicle Fusion (GO:0031338),7,0,34,12722,24.505314009661834,1.0,,1.0
Regulation Of Vesicle Size (GO:0097494),14,0,34,12722,12.66816591704148,1.0,,1.0
Regulation Of Vesicle-Mediated Transport (GO:0060627),78,0,34,12722,2.3281639435059542,1.0,,1.0
Regulation Of Viral Genome Replication (GO:0045069),62,0,34,12722,2.9278840579710144,1.0,,1.0
Regulation Of Viral Life Cycle (GO:1903900),21,0,34,12722,8.538928210313449,1.0,,1.0
Regulation Of Viral Transcription (GO:0046782),17,0,34,12722,10.49399585921325,1.0,,1.0
Regulation Of Viral-Induced Cytoplasmic Pattern Recognition Receptor Signaling Pathway (GO:0039531),8,0,34,12722,21.62063086104007,1.0,,1.0
Regulation Of Vitamin D Biosynthetic Process (GO:0060556),5,0,34,12722,33.42160737812912,1.0,,1.0
Regulation Of Vitamin D Receptor Signaling Pathway (GO:0070562),6,0,34,12722,28.277591973244146,1.0,,1.0
Regulation Of Voltage-Gated Calcium Channel Activity (GO:1901385),26,0,34,12722,6.925075198249932,1.0,,1.0
Regulation Of Voltage-Gated Sodium Channel Activity (GO:1905150),5,0,34,12722,33.42160737812912,1.0,,1.0
Regulation Of Wnt Signaling Pathway (GO:0030111),105,0,34,12722,1.728621471254894,1.0,,1.0
"Regulation Of Wnt Signaling Pathway, Planar Cell Polarity Pathway (GO:2000095)",8,0,34,12722,21.62063086104007,1.0,,1.0
Regulation Of Wound Healing (GO:0061041),46,0,34,12722,3.940314788842138,1.0,,1.0
"Regulation Of Wound Healing, Spreading Of Epidermal Cells (GO:1903689)",7,0,34,12722,24.505314009661834,1.0,,1.0
Regulation Of cAMP-dependent Protein Kinase Activity (GO:2000479),13,0,34,12722,13.60762211486849,1.0,,1.0
Regulation Of cAMP-mediated Signaling (GO:0043949),17,0,34,12722,10.49399585921325,1.0,,1.0
Regulation Of cGMP-mediated Signaling (GO:0010752),5,0,34,12722,33.42160737812912,1.0,,1.0
Regulation Of calcineurin-NFAT Signaling Cascade (GO:0070884),31,0,34,12722,5.823556475730388,1.0,,1.0
Regulation Of mRNA 3'-End Processing (GO:0031440),11,0,34,12722,15.976685570258349,1.0,,1.0
Regulation Of mRNA Catabolic Process (GO:0061013),43,0,34,12722,4.213060136598368,1.0,,1.0
Regulation Of mRNA Export From Nucleus (GO:0010793),5,0,34,12722,33.42160737812912,1.0,,1.0
Regulation Of mRNA Metabolic Process (GO:1903311),13,0,34,12722,13.60762211486849,1.0,,1.0
Regulation Of mRNA Polyadenylation (GO:1900363),9,0,34,12722,19.34324942791762,1.0,,1.0
Regulation Of mRNA Processing (GO:0050684),31,0,34,12722,5.823556475730388,1.0,,1.0
"Regulation Of mRNA Splicing, Via Spliceosome (GO:0048024)",86,0,34,12722,2.111502052441987,1.0,,1.0
Regulation Of mRNA Stability (GO:0043488),68,0,34,12722,2.6701576219189675,1.0,,1.0
Regulation Of miRNA Metabolic Process (GO:2000628),8,0,34,12722,21.62063086104007,1.0,,1.0
Regulation Of miRNA Transcription (GO:1902893),56,0,34,12722,3.240348852122611,1.0,,1.0
Regulation Of miRNA-mediated Gene Silencing (GO:0060964),14,0,34,12722,12.66816591704148,1.0,,1.0
Regulation Of pro-B Cell Differentiation (GO:2000973),5,0,34,12722,33.42160737812912,1.0,,1.0
Regulation Of rRNA Processing (GO:2000232),15,0,34,12722,11.84992987377279,1.0,,1.0
Regulatory ncRNA Processing (GO:0070918),33,0,34,12722,5.475016223231668,1.0,,1.0
Relaxation Of Cardiac Muscle (GO:0055119),12,0,34,12722,14.697391304347827,1.0,,1.0
Relaxation Of Muscle (GO:0090075),12,0,34,12722,14.697391304347827,1.0,,1.0
Release Of Cytochrome C From Mitochondria (GO:0001836),18,0,34,12722,9.925969447708578,1.0,,1.0
Release Of Sequestered Calcium Ion Into Cytosol (GO:0051209),38,0,34,12722,4.762092979484284,1.0,,1.0
Release Of Sequestered Calcium Ion Into Cytosol By Endoplasmic Reticulum (GO:1903514),7,0,34,12722,24.505314009661834,1.0,,1.0
Release Of Sequestered Calcium Ion Into Cytosol By Sarcoplasmic Reticulum (GO:0014808),6,0,34,12722,28.277591973244146,1.0,,1.0
Removal Of Superoxide Radicals (GO:0019430),10,0,34,12722,17.499654934437544,1.0,,1.0
Renal Absorption (GO:0070293),17,0,34,12722,10.49399585921325,1.0,,1.0
Renal Filtration (GO:0097205),10,0,34,12722,17.499654934437544,1.0,,1.0
Renal Filtration Cell Differentiation (GO:0061318),5,0,34,12722,33.42160737812912,1.0,,1.0
Renal System Development (GO:0072001),54,0,34,12722,3.359792580773833,1.0,,1.0
Renal System Process Involved In Regulation Of Blood Volume (GO:0001977),5,0,34,12722,33.42160737812912,1.0,,1.0
Renal Water Homeostasis (GO:0003091),14,0,34,12722,12.66816591704148,1.0,,1.0
Replication Fork Processing (GO:0031297),40,0,34,12722,4.526212202540705,1.0,,1.0
Reproductive System Development (GO:0061458),5,0,34,12722,33.42160737812912,1.0,,1.0
Rescue Of Stalled Ribosome (GO:0072344),17,0,34,12722,10.49399585921325,1.0,,1.0
Resolution Of Meiotic Recombination Intermediates (GO:0000712),10,0,34,12722,17.499654934437544,1.0,,1.0
Resolution Of Recombination Intermediates (GO:0071139),5,0,34,12722,33.42160737812912,1.0,,1.0
Respiratory Chain Complex III Assembly (GO:0017062),7,0,34,12722,24.505314009661834,1.0,,1.0
Respiratory Chain Complex IV Assembly (GO:0008535),22,0,34,12722,8.158776167471819,1.0,,1.0
Respiratory Electron Transport Chain (GO:0022904),12,0,34,12722,14.697391304347827,1.0,,1.0
Respiratory System Development (GO:0060541),31,0,34,12722,5.823556475730388,1.0,,1.0
Respiratory Tube Development (GO:0030323),26,0,34,12722,6.925075198249932,1.0,,1.0
Response To ATP (GO:0033198),17,0,34,12722,10.49399585921325,1.0,,1.0
Response To Acidic pH (GO:0010447),13,0,34,12722,13.60762211486849,1.0,,1.0
Response To Alcohol (GO:0097305),27,0,34,12722,6.672727272727273,1.0,,1.0
Response To Amino Acid (GO:0043200),26,0,34,12722,6.925075198249932,1.0,,1.0
Response To Amino Acid Starvation (GO:1990928),39,0,34,12722,4.641166758392956,1.0,,1.0
Response To Angiotensin (GO:1990776),5,0,34,12722,33.42160737812912,1.0,,1.0
Response To Auditory Stimulus (GO:0010996),6,0,34,12722,28.277591973244146,1.0,,1.0
Response To BMP (GO:0071772),22,0,34,12722,8.158776167471819,1.0,,1.0
Response To Bile Acid (GO:1903412),5,0,34,12722,33.42160737812912,1.0,,1.0
Response To Cadmium Ion (GO:0046686),20,0,34,12722,8.956168257334747,1.0,,1.0
Response To Caffeine (GO:0031000),6,0,34,12722,28.277591973244146,1.0,,1.0
Response To Calcium Ion (GO:0051592),100,0,34,12722,1.815343571995097,1.0,,1.0
Response To Catecholamine (GO:0071869),5,0,34,12722,33.42160737812912,1.0,,1.0
Response To Chemokine (GO:1990868),11,0,34,12722,15.976685570258349,1.0,,1.0
Response To Cholesterol (GO:0070723),15,0,34,12722,11.84992987377279,1.0,,1.0
Response To Cocaine (GO:0042220),5,0,34,12722,33.42160737812912,1.0,,1.0
Response To Copper Ion (GO:0046688),19,0,34,12722,9.41620215533259,1.0,,1.0
Response To Corticosteroid (GO:0031960),10,0,34,12722,17.499654934437544,1.0,,1.0
Response To Cytokine (GO:0034097),119,0,34,12722,1.5244072524407253,1.0,,1.0
Response To Endoplasmic Reticulum Stress (GO:0034976),104,0,34,12722,1.7453019901532487,1.0,,1.0
Response To Epidermal Growth Factor (GO:0070849),28,0,34,12722,6.4380879735570815,1.0,,1.0
Response To Epinephrine (GO:0071871),7,0,34,12722,24.505314009661834,1.0,,1.0
Response To Estradiol (GO:0032355),30,0,34,12722,6.014967925873129,1.0,,1.0
Response To Estrogen (GO:0043627),33,0,34,12722,5.475016223231668,1.0,,1.0
Response To Ethanol (GO:0045471),16,0,34,12722,11.130873956960913,1.0,,1.0
Response To Exogenous dsRNA (GO:0043330),26,0,34,12722,6.925075198249932,1.0,,1.0
Response To Fatty Acid (GO:0070542),16,0,34,12722,11.130873956960913,1.0,,1.0
Response To Fibroblast Growth Factor (GO:0071774),19,0,34,12722,9.41620215533259,1.0,,1.0
Response To Forskolin (GO:1904321),10,0,34,12722,17.499654934437544,1.0,,1.0
Response To Gamma Radiation (GO:0010332),20,0,34,12722,8.956168257334747,1.0,,1.0
Response To Glucocorticoid (GO:0051384),25,0,34,12722,7.19721511793123,1.0,,1.0
Response To Glucose (GO:0009749),41,0,34,12722,4.416797625283744,1.0,,1.0
Response To Gonadotropin (GO:0034698),5,0,34,12722,33.42160737812912,1.0,,1.0
Response To Granulocyte Macrophage Colony-Stimulating Factor (GO:0097012),5,0,34,12722,33.42160737812912,1.0,,1.0
Response To Heparin (GO:0071503),5,0,34,12722,33.42160737812912,1.0,,1.0
Response To Hepatocyte Growth Factor (GO:0035728),5,0,34,12722,33.42160737812912,1.0,,1.0
Response To Hexose (GO:0009746),21,0,34,12722,8.538928210313449,1.0,,1.0
Response To Histamine (GO:0034776),8,0,34,12722,21.62063086104007,1.0,,1.0
Response To Hydrogen Peroxide (GO:0042542),45,0,34,12722,4.027233635929288,1.0,,1.0
Response To Hydroperoxide (GO:0033194),7,0,34,12722,24.505314009661834,1.0,,1.0
Response To Hydroxyurea (GO:0072710),6,0,34,12722,28.277591973244146,1.0,,1.0
Response To Increased Oxygen Levels (GO:0036296),5,0,34,12722,33.42160737812912,1.0,,1.0
Response To Insulin (GO:0032868),73,0,34,12722,2.487528344671202,1.0,,1.0
Response To Interferon-Alpha (GO:0035455),16,0,34,12722,11.130873956960913,1.0,,1.0
Response To Interferon-Beta (GO:0035456),26,0,34,12722,6.925075198249932,1.0,,1.0
Response To Interleukin-1 (GO:0070555),74,0,34,12722,2.4539441688551697,1.0,,1.0
Response To Interleukin-4 (GO:0070670),8,0,34,12722,21.62063086104007,1.0,,1.0
Response To Interleukin-6 (GO:0070741),10,0,34,12722,17.499654934437544,1.0,,1.0
Response To Ionizing Radiation (GO:0010212),67,0,34,12722,2.709930220075148,1.0,,1.0
Response To Iron Ion (GO:0010039),12,0,34,12722,14.697391304347827,1.0,,1.0
Response To Ketone (GO:1901654),20,0,34,12722,8.956168257334747,1.0,,1.0
Response To Laminar Fluid Shear Stress (GO:0034616),9,0,34,12722,19.34324942791762,1.0,,1.0
Response To Lead Ion (GO:0010288),6,0,34,12722,28.277591973244146,1.0,,1.0
Response To Leptin (GO:0044321),7,0,34,12722,24.505314009661834,1.0,,1.0
Response To Leucine (GO:0043201),9,0,34,12722,19.34324942791762,1.0,,1.0
Response To Light Stimulus (GO:0009416),51,0,34,12722,3.5563528915154072,1.0,,1.0
Response To Lipopolysaccharide (GO:0032496),147,0,34,12722,1.232277081798084,1.0,,1.0
Response To Lipoteichoic Acid (GO:0070391),5,0,34,12722,33.42160737812912,1.0,,1.0
Response To Lithium Ion (GO:0010226),5,0,34,12722,33.42160737812912,1.0,,1.0
Response To Magnesium Ion (GO:0032026),7,0,34,12722,24.505314009661834,1.0,,1.0
Response To Metal Ion (GO:0010038),61,0,34,12722,2.97572758336279,1.0,,1.0
Response To Misfolded Protein (GO:0051788),8,0,34,12722,21.62063086104007,1.0,,1.0
Response To Molecule Of Bacterial Origin (GO:0002237),65,0,34,12722,2.7931187078216615,1.0,,1.0
Response To Muramyl Dipeptide (GO:0032495),11,0,34,12722,15.976685570258349,1.0,,1.0
Response To Muscle Stretch (GO:0035994),13,0,34,12722,13.60762211486849,1.0,,1.0
Response To Nerve Growth Factor (GO:1990089),12,0,34,12722,14.697391304347827,1.0,,1.0
Response To Nitric Oxide (GO:0071731),10,0,34,12722,17.499654934437544,1.0,,1.0
Response To Nutrient Levels (GO:0031667),31,0,34,12722,5.823556475730388,1.0,,1.0
Response To Organic Cyclic Compound (GO:0014070),52,0,34,12722,3.488336783988958,1.0,,1.0
Response To Organonitrogen Compound (GO:0010243),37,0,34,12722,4.889468599033816,1.0,,1.0
Response To Organophosphorus (GO:0046683),18,0,34,12722,9.925969447708578,1.0,,1.0
Response To Peptide (GO:1901652),34,0,34,12722,5.315900021003991,1.0,,1.0
Response To Peptide Hormone (GO:0043434),51,0,34,12722,3.5563528915154072,1.0,,1.0
Response To Platelet-Derived Growth Factor (GO:0036119),7,0,34,12722,24.505314009661834,1.0,,1.0
Response To Potassium Ion (GO:0035864),6,0,34,12722,28.277591973244146,1.0,,1.0
Response To Progesterone (GO:0032570),13,0,34,12722,13.60762211486849,1.0,,1.0
Response To Prostaglandin E (GO:0034695),10,0,34,12722,17.499654934437544,1.0,,1.0
Response To Purine-Containing Compound (GO:0014074),23,0,34,12722,7.8109774899784155,1.0,,1.0
Response To Reactive Oxygen Species (GO:0000302),61,0,34,12722,2.97572758336279,1.0,,1.0
Response To Retinoic Acid (GO:0032526),55,0,34,12722,3.298994646820734,1.0,,1.0
Response To Steroid Hormone (GO:0048545),25,0,34,12722,7.19721511793123,1.0,,1.0
Response To Sterol (GO:0036314),9,0,34,12722,19.34324942791762,1.0,,1.0
Response To Testosterone (GO:0033574),5,0,34,12722,33.42160737812912,1.0,,1.0
Response To Thyroid Hormone (GO:0097066),12,0,34,12722,14.697391304347827,1.0,,1.0
Response To Transforming Growth Factor Beta (GO:0071559),37,0,34,12722,4.889468599033816,1.0,,1.0
Response To Tumor Necrosis Factor (GO:0034612),94,0,34,12722,1.9315236561613374,1.0,,1.0
Response To Type I Interferon (GO:0034340),8,0,34,12722,21.62063086104007,1.0,,1.0
Response To Type II Interferon (GO:0034341),68,0,34,12722,2.6701576219189675,1.0,,1.0
Response To UV (GO:0009411),95,0,34,12722,1.9111465209803475,1.0,,1.0
Response To UV-A (GO:0070141),11,0,34,12722,15.976685570258349,1.0,,1.0
Response To UV-B (GO:0010224),15,0,34,12722,11.84992987377279,1.0,,1.0
Response To UV-C (GO:0010225),7,0,34,12722,24.505314009661834,1.0,,1.0
Response To Vitamin (GO:0033273),7,0,34,12722,24.505314009661834,1.0,,1.0
Response To Vitamin D (GO:0033280),7,0,34,12722,24.505314009661834,1.0,,1.0
Response To X-ray (GO:0010165),11,0,34,12722,15.976685570258349,1.0,,1.0
Response To Zinc Ion (GO:0010043),21,0,34,12722,8.538928210313449,1.0,,1.0
Response To cAMP (GO:0051591),36,0,34,12722,5.023823704586063,1.0,,1.0
Response To cGMP (GO:0070305),5,0,34,12722,33.42160737812912,1.0,,1.0
Response To dsRNA (GO:0043331),19,0,34,12722,9.41620215533259,1.0,,1.0
Reticulophagy (GO:0061709),13,0,34,12722,13.60762211486849,1.0,,1.0
Retina Homeostasis (GO:0001895),28,0,34,12722,6.4380879735570815,1.0,,1.0
Retinal Ganglion Cell Axon Guidance (GO:0031290),5,0,34,12722,33.42160737812912,1.0,,1.0
Retinal Metabolic Process (GO:0042574),13,0,34,12722,13.60762211486849,1.0,,1.0
Retinal Rod Cell Differentiation (GO:0060221),6,0,34,12722,28.277591973244146,1.0,,1.0
Retinoic Acid Receptor Signaling Pathway (GO:0048384),11,0,34,12722,15.976685570258349,1.0,,1.0
Retinoid Metabolic Process (GO:0001523),36,0,34,12722,5.023823704586063,1.0,,1.0
Retrograde Axonal Transport (GO:0008090),15,0,34,12722,11.84992987377279,1.0,,1.0
"Retrograde Protein Transport, ER To Cytosol (GO:0030970)",14,0,34,12722,12.66816591704148,1.0,,1.0
"Retrograde Transport, Vesicle Recycling Within Golgi (GO:0000301)",8,0,34,12722,21.62063086104007,1.0,,1.0
"Retrograde Vesicle-Mediated Transport, Golgi To Endoplasmic Reticulum (GO:0006890)",46,0,34,12722,3.940314788842138,1.0,,1.0
Retrotransposon Silencing (GO:0010526),18,0,34,12722,9.925969447708578,1.0,,1.0
Reverse Cholesterol Transport (GO:0043691),14,0,34,12722,12.66816591704148,1.0,,1.0
Ribonucleoprotein Complex Biogenesis (GO:0022613),107,0,34,12722,1.6961914391641388,1.0,,1.0
Ribonucleoside Bisphosphate Biosynthetic Process (GO:0034030),10,0,34,12722,17.499654934437544,1.0,,1.0
Ribonucleoside Bisphosphate Catabolic Process (GO:0034031),7,0,34,12722,24.505314009661834,1.0,,1.0
Ribonucleoside Bisphosphate Metabolic Process (GO:0033875),20,0,34,12722,8.956168257334747,1.0,,1.0
Ribose Phosphate Biosynthetic Process (GO:0046390),6,0,34,12722,28.277591973244146,1.0,,1.0
Ribosomal Large Subunit Assembly (GO:0000027),17,0,34,12722,10.49399585921325,1.0,,1.0
Ribosomal Large Subunit Biogenesis (GO:0042273),45,0,34,12722,4.027233635929288,1.0,,1.0
Ribosomal Large Subunit Export From Nucleus (GO:0000055),6,0,34,12722,28.277591973244146,1.0,,1.0
Ribosomal Small Subunit Assembly (GO:0000028),14,0,34,12722,12.66816591704148,1.0,,1.0
Ribosomal Small Subunit Biogenesis (GO:0042274),77,0,34,12722,2.3583917718560077,1.0,,1.0
Ribosomal Small Subunit Export From Nucleus (GO:0000056),6,0,34,12722,28.277591973244146,1.0,,1.0
Ribosome Assembly (GO:0042255),40,0,34,12722,4.526212202540705,1.0,,1.0
Ribosome Biogenesis (GO:0042254),137,0,34,12722,1.3229512516469037,1.0,,1.0
Ribosome Disassembly (GO:0032790),12,0,34,12722,14.697391304347827,1.0,,1.0
Ribosome-Associated Ubiquitin-Dependent Protein Catabolic Process (GO:1990116),6,0,34,12722,28.277591973244146,1.0,,1.0
Ruffle Assembly (GO:0097178),5,0,34,12722,33.42160737812912,1.0,,1.0
Ruffle Organization (GO:0031529),16,0,34,12722,11.130873956960913,1.0,,1.0
SA Node Cell Action Potential (GO:0086015),6,0,34,12722,28.277591973244146,1.0,,1.0
SCF-dependent Proteasomal Ubiquitin-Dependent Protein Catabolic Process (GO:0031146),39,0,34,12722,4.641166758392956,1.0,,1.0
SNARE Complex Assembly (GO:0035493),9,0,34,12722,19.34324942791762,1.0,,1.0
SREBP Signaling Pathway (GO:0032933),7,0,34,12722,24.505314009661834,1.0,,1.0
SRP-dependent Cotranslational Protein Targeting To Membrane (GO:0006614),10,0,34,12722,17.499654934437544,1.0,,1.0
Sarcomere Organization (GO:0045214),27,0,34,12722,6.672727272727273,1.0,,1.0
Sarcoplasmic Reticulum Calcium Ion Transport (GO:0070296),9,0,34,12722,19.34324942791762,1.0,,1.0
Schwann Cell Development (GO:0014044),8,0,34,12722,21.62063086104007,1.0,,1.0
Second-Messenger-Mediated Signaling (GO:0019932),64,0,34,12722,2.8366475676890235,1.0,,1.0
Secondary Alcohol Biosynthetic Process (GO:1902653),21,0,34,12722,8.538928210313449,1.0,,1.0
Secondary Palate Development (GO:0062009),12,0,34,12722,14.697391304347827,1.0,,1.0
Secretion (GO:0046903),12,0,34,12722,14.697391304347827,1.0,,1.0
Secretory Granule Organization (GO:0033363),23,0,34,12722,7.8109774899784155,1.0,,1.0
Selective Autophagy (GO:0061912),50,0,34,12722,3.627062706270627,1.0,,1.0
Selenocysteine Incorporation (GO:0001514),6,0,34,12722,28.277591973244146,1.0,,1.0
Self Proteolysis (GO:0097264),11,0,34,12722,15.976685570258349,1.0,,1.0
Semaphorin-Plexin Signaling Pathway (GO:0071526),34,0,34,12722,5.315900021003991,1.0,,1.0
Semaphorin-Plexin Signaling Pathway Involved In Axon Guidance (GO:1902287),8,0,34,12722,21.62063086104007,1.0,,1.0
Semaphorin-Plexin Signaling Pathway Involved In Neuron Projection Guidance (GO:1902285),12,0,34,12722,14.697391304347827,1.0,,1.0
Sensory Organ Development (GO:0007423),64,0,34,12722,2.8366475676890235,1.0,,1.0
Sensory Organ Morphogenesis (GO:0090596),8,0,34,12722,21.62063086104007,1.0,,1.0
Sensory Perception (GO:0007600),39,0,34,12722,4.641166758392956,1.0,,1.0
Sensory Perception Of Bitter Taste (GO:0050913),23,0,34,12722,7.8109774899784155,1.0,,1.0
Sensory Perception Of Chemical Stimulus (GO:0007606),37,0,34,12722,4.889468599033816,1.0,,1.0
Sensory Perception Of Light Stimulus (GO:0050953),89,0,34,12722,2.040239656707959,1.0,,1.0
Sensory Perception Of Mechanical Stimulus (GO:0050954),78,0,34,12722,2.3281639435059542,1.0,,1.0
Sensory Perception Of Pain (GO:0019233),17,0,34,12722,10.49399585921325,1.0,,1.0
Sensory Perception Of Smell (GO:0007608),50,0,34,12722,3.627062706270627,1.0,,1.0
Sensory Perception Of Sound (GO:0007605),80,0,34,12722,2.2699612926456028,1.0,,1.0
Sensory Perception Of Sour Taste (GO:0050915),5,0,34,12722,33.42160737812912,1.0,,1.0
Sensory Perception Of Taste (GO:0050909),10,0,34,12722,17.499654934437544,1.0,,1.0
Sequestering Of Actin Monomers (GO:0042989),7,0,34,12722,24.505314009661834,1.0,,1.0
Sequestering Of Extracellular Ligand From Receptor (GO:0035581),9,0,34,12722,19.34324942791762,1.0,,1.0
Serine Family Amino Acid Biosynthetic Process (GO:0009070),10,0,34,12722,17.499654934437544,1.0,,1.0
Serine Family Amino Acid Catabolic Process (GO:0009071),8,0,34,12722,21.62063086104007,1.0,,1.0
Serine Family Amino Acid Metabolic Process (GO:0009069),14,0,34,12722,12.66816591704148,1.0,,1.0
Serotonin Transport (GO:0006837),8,0,34,12722,21.62063086104007,1.0,,1.0
Serotonin Uptake (GO:0051610),7,0,34,12722,24.505314009661834,1.0,,1.0
Short-Chain Fatty Acid Catabolic Process (GO:0019626),5,0,34,12722,33.42160737812912,1.0,,1.0
Short-Chain Fatty Acid Metabolic Process (GO:0046459),6,0,34,12722,28.277591973244146,1.0,,1.0
Sialylation (GO:0097503),7,0,34,12722,24.505314009661834,1.0,,1.0
Signal Complex Assembly (GO:0007172),5,0,34,12722,33.42160737812912,1.0,,1.0
Signal Peptide Processing (GO:0006465),12,0,34,12722,14.697391304347827,1.0,,1.0
Signal Release (GO:0023061),9,0,34,12722,19.34324942791762,1.0,,1.0
Signal Release From Synapse (GO:0099643),35,0,34,12722,5.165748111859563,1.0,,1.0
Signal Transduction By P53 Class Mediator (GO:0072331),31,0,34,12722,5.823556475730388,1.0,,1.0
Signal Transduction In Response To DNA Damage (GO:0042770),53,0,34,12722,3.422863334687796,1.0,,1.0
Single Strand Break Repair (GO:0000012),7,0,34,12722,24.505314009661834,1.0,,1.0
Sinoatrial Node Development (GO:0003163),7,0,34,12722,24.505314009661834,1.0,,1.0
Sister Chromatid Segregation (GO:0000819),34,0,34,12722,5.315900021003991,1.0,,1.0
Skeletal Muscle Cell Differentiation (GO:0035914),6,0,34,12722,28.277591973244146,1.0,,1.0
Skeletal Muscle Contraction (GO:0003009),16,0,34,12722,11.130873956960913,1.0,,1.0
Skeletal Muscle Fiber Development (GO:0048741),9,0,34,12722,19.34324942791762,1.0,,1.0
Skeletal Muscle Organ Development (GO:0060538),31,0,34,12722,5.823556475730388,1.0,,1.0
Skeletal Muscle Thin Filament Assembly (GO:0030240),6,0,34,12722,28.277591973244146,1.0,,1.0
Skeletal Muscle Tissue Development (GO:0007519),37,0,34,12722,4.889468599033816,1.0,,1.0
Skeletal Muscle Tissue Regeneration (GO:0043403),7,0,34,12722,24.505314009661834,1.0,,1.0
Skeletal Myofibril Assembly (GO:0014866),8,0,34,12722,21.62063086104007,1.0,,1.0
Skeletal System Development (GO:0001501),137,0,34,12722,1.3229512516469037,1.0,,1.0
Skeletal System Morphogenesis (GO:0048705),37,0,34,12722,4.889468599033816,1.0,,1.0
Skin Development (GO:0043588),64,0,34,12722,2.8366475676890235,1.0,,1.0
Skin Epidermis Development (GO:0098773),20,0,34,12722,8.956168257334747,1.0,,1.0
Skin Morphogenesis (GO:0043589),8,0,34,12722,21.62063086104007,1.0,,1.0
Small GTPase Mediated Signal Transduction (GO:0007264),107,0,34,12722,1.6961914391641388,1.0,,1.0
Small Nucleolar Ribonucleoprotein Complex Assembly (GO:0000491),9,0,34,12722,19.34324942791762,1.0,,1.0
Smooth Muscle Cell Differentiation (GO:0051145),9,0,34,12722,19.34324942791762,1.0,,1.0
Smooth Muscle Contraction (GO:0006939),14,0,34,12722,12.66816591704148,1.0,,1.0
Smooth Muscle Tissue Development (GO:0048745),9,0,34,12722,19.34324942791762,1.0,,1.0
Sodium Ion Export Across Plasma Membrane (GO:0036376),10,0,34,12722,17.499654934437544,1.0,,1.0
Sodium Ion Homeostasis (GO:0055078),22,0,34,12722,8.158776167471819,1.0,,1.0
Sodium Ion Import Across Plasma Membrane (GO:0098719),17,0,34,12722,10.49399585921325,1.0,,1.0
Sodium Ion Transmembrane Transport (GO:0035725),74,0,34,12722,2.4539441688551697,1.0,,1.0
Sodium Ion Transport (GO:0006814),83,0,34,12722,2.1878850993664845,1.0,,1.0
Sodium-Dependent Phosphate Transport (GO:0044341),7,0,34,12722,24.505314009661834,1.0,,1.0
Sodium-Independent Organic Anion Transport (GO:0043252),11,0,34,12722,15.976685570258349,1.0,,1.0
Somatic Hypermutation Of Immunoglobulin Genes (GO:0016446),6,0,34,12722,28.277591973244146,1.0,,1.0
Somatic Recombination Of Immunoglobulin Gene Segments (GO:0016447),7,0,34,12722,24.505314009661834,1.0,,1.0
Somatic Recombination Of Immunoglobulin Genes Involved In Immune Response (GO:0002204),8,0,34,12722,21.62063086104007,1.0,,1.0
Somite Development (GO:0061053),8,0,34,12722,21.62063086104007,1.0,,1.0
Spermatid Development (GO:0007286),47,0,34,12722,3.8570556826849733,1.0,,1.0
Spermidine Metabolic Process (GO:0008216),7,0,34,12722,24.505314009661834,1.0,,1.0
Sphingoid Biosynthetic Process (GO:0046520),11,0,34,12722,15.976685570258349,1.0,,1.0
Sphingoid Metabolic Process (GO:0046519),11,0,34,12722,15.976685570258349,1.0,,1.0
Sphingolipid Biosynthetic Process (GO:0030148),71,0,34,12722,2.5575149488192968,1.0,,1.0
Sphingolipid Catabolic Process (GO:0030149),13,0,34,12722,13.60762211486849,1.0,,1.0
Sphingolipid Metabolic Process (GO:0006665),89,0,34,12722,2.040239656707959,1.0,,1.0
Sphingomyelin Biosynthetic Process (GO:0006686),5,0,34,12722,33.42160737812912,1.0,,1.0
Sphingomyelin Metabolic Process (GO:0006684),11,0,34,12722,15.976685570258349,1.0,,1.0
Sphingosine Biosynthetic Process (GO:0046512),11,0,34,12722,15.976685570258349,1.0,,1.0
Sphingosine Metabolic Process (GO:0006670),17,0,34,12722,10.49399585921325,1.0,,1.0
Sphingosine-1-Phosphate Receptor Signaling Pathway (GO:0003376),7,0,34,12722,24.505314009661834,1.0,,1.0
Spinal Cord Development (GO:0021510),11,0,34,12722,15.976685570258349,1.0,,1.0
Spinal Cord Dorsal/Ventral Patterning (GO:0021513),5,0,34,12722,33.42160737812912,1.0,,1.0
Spindle Assembly (GO:0051225),63,0,34,12722,2.8815474152687437,1.0,,1.0
Spindle Assembly Checkpoint Signaling (GO:0071173),25,0,34,12722,7.19721511793123,1.0,,1.0
Spleen Development (GO:0048536),7,0,34,12722,24.505314009661834,1.0,,1.0
Spliceosomal Complex Assembly (GO:0000245),58,0,34,12722,3.129072216028738,1.0,,1.0
Spliceosomal snRNP Assembly (GO:0000387),36,0,34,12722,5.023823704586063,1.0,,1.0
Spliceosomal tri-snRNP Complex Assembly (GO:0000244),13,0,34,12722,13.60762211486849,1.0,,1.0
Spontaneous Synaptic Transmission (GO:0098814),6,0,34,12722,28.277591973244146,1.0,,1.0
Sprouting Angiogenesis (GO:0002040),50,0,34,12722,3.627062706270627,1.0,,1.0
Stabilization Of Membrane Potential (GO:0030322),12,0,34,12722,14.697391304347827,1.0,,1.0
Stem Cell Development (GO:0048864),14,0,34,12722,12.66816591704148,1.0,,1.0
Stem Cell Differentiation (GO:0048863),38,0,34,12722,4.762092979484284,1.0,,1.0
Steroid Biosynthetic Process (GO:0006694),46,0,34,12722,3.940314788842138,1.0,,1.0
Steroid Catabolic Process (GO:0006706),12,0,34,12722,14.697391304347827,1.0,,1.0
Steroid Hormone Biosynthetic Process (GO:0120178),17,0,34,12722,10.49399585921325,1.0,,1.0
Steroid Hormone Mediated Signaling Pathway (GO:0043401),10,0,34,12722,17.499654934437544,1.0,,1.0
Steroid Metabolic Process (GO:0008202),78,0,34,12722,2.3281639435059542,1.0,,1.0
Sterol Biosynthetic Process (GO:0016126),25,0,34,12722,7.19721511793123,1.0,,1.0
Sterol Catabolic Process (GO:0016127),5,0,34,12722,33.42160737812912,1.0,,1.0
Stimulatory C-type Lectin Receptor Signaling Pathway (GO:0002223),18,0,34,12722,9.925969447708578,1.0,,1.0
Store-Operated Calcium Entry (GO:0002115),7,0,34,12722,24.505314009661834,1.0,,1.0
Stress Fiber Assembly (GO:0043149),14,0,34,12722,12.66816591704148,1.0,,1.0
Stress Granule Assembly (GO:0034063),23,0,34,12722,7.8109774899784155,1.0,,1.0
Stress-Activated MAPK Cascade (GO:0051403),40,0,34,12722,4.526212202540705,1.0,,1.0
Stress-Activated Protein Kinase Signaling Cascade (GO:0031098),18,0,34,12722,9.925969447708578,1.0,,1.0
Stress-Induced Premature Senescence (GO:0090400),7,0,34,12722,24.505314009661834,1.0,,1.0
Striated Muscle Contraction (GO:0006941),51,0,34,12722,3.5563528915154072,1.0,,1.0
Striated Muscle Hypertrophy (GO:0014897),5,0,34,12722,33.42160737812912,1.0,,1.0
Striated Muscle Tissue Development (GO:0014706),12,0,34,12722,14.697391304347827,1.0,,1.0
Substantia Nigra Development (GO:0021762),36,0,34,12722,5.023823704586063,1.0,,1.0
Substrate Adhesion-Dependent Cell Spreading (GO:0034446),36,0,34,12722,5.023823704586063,1.0,,1.0
Substrate-Dependent Cell Migration (GO:0006929),13,0,34,12722,13.60762211486849,1.0,,1.0
"Substrate-Dependent Cell Migration, Cell Extension (GO:0006930)",6,0,34,12722,28.277591973244146,1.0,,1.0
Succinate Transport (GO:0015744),5,0,34,12722,33.42160737812912,1.0,,1.0
Sulfate Transport (GO:0008272),11,0,34,12722,15.976685570258349,1.0,,1.0
Sulfation (GO:0051923),12,0,34,12722,14.697391304347827,1.0,,1.0
Sulfur Amino Acid Biosynthetic Process (GO:0000097),7,0,34,12722,24.505314009661834,1.0,,1.0
Sulfur Amino Acid Catabolic Process (GO:0000098),6,0,34,12722,28.277591973244146,1.0,,1.0
Sulfur Amino Acid Metabolic Process (GO:0000096),16,0,34,12722,11.130873956960913,1.0,,1.0
Sulfur Amino Acid Transport (GO:0000101),7,0,34,12722,24.505314009661834,1.0,,1.0
Sulfur Compound Biosynthetic Process (GO:0044272),65,0,34,12722,2.7931187078216615,1.0,,1.0
Sulfur Compound Catabolic Process (GO:0044273),18,0,34,12722,9.925969447708578,1.0,,1.0
Sulfur Compound Transport (GO:0072348),20,0,34,12722,8.956168257334747,1.0,,1.0
Superoxide Anion Generation (GO:0042554),15,0,34,12722,11.84992987377279,1.0,,1.0
Superoxide Metabolic Process (GO:0006801),29,0,34,12722,6.219356423483173,1.0,,1.0
Suppression Of Viral Release By Host (GO:0044790),12,0,34,12722,14.697391304347827,1.0,,1.0
Surfactant Homeostasis (GO:0043129),10,0,34,12722,17.499654934437544,1.0,,1.0
Sympathetic Ganglion Development (GO:0061549),8,0,34,12722,21.62063086104007,1.0,,1.0
Sympathetic Nervous System Development (GO:0048485),14,0,34,12722,12.66816591704148,1.0,,1.0
Synapse Assembly (GO:0007416),66,0,34,12722,2.750898986596927,1.0,,1.0
Synapse Organization (GO:0050808),125,0,34,12722,1.4508343437842832,1.0,,1.0
Synaptic Membrane Adhesion (GO:0099560),10,0,34,12722,17.499654934437544,1.0,,1.0
Synaptic Signaling (GO:0099536),5,0,34,12722,33.42160737812912,1.0,,1.0
"Synaptic Transmission, Cholinergic (GO:0007271)",14,0,34,12722,12.66816591704148,1.0,,1.0
"Synaptic Transmission, Dopaminergic (GO:0001963)",6,0,34,12722,28.277591973244146,1.0,,1.0
"Synaptic Transmission, GABAergic (GO:0051932)",12,0,34,12722,14.697391304347827,1.0,,1.0
"Synaptic Transmission, Glutamatergic (GO:0035249)",25,0,34,12722,7.19721511793123,1.0,,1.0
Synaptic Vesicle Budding From Presynaptic Endocytic Zone Membrane (GO:0016185),5,0,34,12722,33.42160737812912,1.0,,1.0
Synaptic Vesicle Cycle (GO:0099504),32,0,34,12722,5.643924191750279,1.0,,1.0
Synaptic Vesicle Docking (GO:0016081),6,0,34,12722,28.277591973244146,1.0,,1.0
Synaptic Vesicle Endocytosis (GO:0048488),38,0,34,12722,4.762092979484284,1.0,,1.0
Synaptic Vesicle Localization (GO:0097479),13,0,34,12722,13.60762211486849,1.0,,1.0
Synaptic Vesicle Recycling (GO:0036465),40,0,34,12722,4.526212202540705,1.0,,1.0
Synaptic Vesicle Transport (GO:0048489),10,0,34,12722,17.499654934437544,1.0,,1.0
Synaptic Vesicle Transport Along Microtubule (GO:0099517),13,0,34,12722,13.60762211486849,1.0,,1.0
Synaptic Vesicle Uncoating (GO:0016191),5,0,34,12722,33.42160737812912,1.0,,1.0
Synaptonemal Complex Assembly (GO:0007130),12,0,34,12722,14.697391304347827,1.0,,1.0
Synaptonemal Complex Organization (GO:0070193),12,0,34,12722,14.697391304347827,1.0,,1.0
T Cell Activation (GO:0042110),97,0,34,12722,1.8716462281679673,1.0,,1.0
T Cell Activation Involved In Immune Response (GO:0002286),22,0,34,12722,8.158776167471819,1.0,,1.0
T Cell Apoptotic Process (GO:0070231),7,0,34,12722,24.505314009661834,1.0,,1.0
T Cell Chemotaxis (GO:0010818),8,0,34,12722,21.62063086104007,1.0,,1.0
T Cell Differentiation (GO:0030217),44,0,34,12722,4.118058948054063,1.0,,1.0
T Cell Differentiation In Thymus (GO:0033077),13,0,34,12722,13.60762211486849,1.0,,1.0
T Cell Homeostasis (GO:0043029),14,0,34,12722,12.66816591704148,1.0,,1.0
T Cell Mediated Cytotoxicity (GO:0001913),6,0,34,12722,28.277591973244146,1.0,,1.0
T Cell Mediated Immunity (GO:0002456),20,0,34,12722,8.956168257334747,1.0,,1.0
T Cell Migration (GO:0072678),15,0,34,12722,11.84992987377279,1.0,,1.0
T Cell Proliferation (GO:0042098),14,0,34,12722,12.66816591704148,1.0,,1.0
T Cell Receptor Signaling Pathway (GO:0050852),83,0,34,12722,2.1878850993664845,1.0,,1.0
T-Circle Formation (GO:0090656),9,0,34,12722,19.34324942791762,1.0,,1.0
T-helper 1 Cell Differentiation (GO:0045063),5,0,34,12722,33.42160737812912,1.0,,1.0
T-helper 1 Type Immune Response (GO:0042088),9,0,34,12722,19.34324942791762,1.0,,1.0
T-helper 17 Cell Differentiation (GO:0072539),8,0,34,12722,21.62063086104007,1.0,,1.0
T-helper 17 Cell Lineage Commitment (GO:0072540),7,0,34,12722,24.505314009661834,1.0,,1.0
T-helper 2 Cell Differentiation (GO:0045064),5,0,34,12722,33.42160737812912,1.0,,1.0
T-helper Cell Differentiation (GO:0042093),18,0,34,12722,9.925969447708578,1.0,,1.0
T-helper Cell Lineage Commitment (GO:0002295),10,0,34,12722,17.499654934437544,1.0,,1.0
TOR Signaling (GO:0031929),28,0,34,12722,6.4380879735570815,1.0,,1.0
TORC1 Signaling (GO:0038202),10,0,34,12722,17.499654934437544,1.0,,1.0
TORC2 Signaling (GO:0038203),5,0,34,12722,33.42160737812912,1.0,,1.0
TRAIL-activated Apoptotic Signaling Pathway (GO:0036462),6,0,34,12722,28.277591973244146,1.0,,1.0
TRIF-dependent Toll-Like Receptor Signaling Pathway (GO:0035666),6,0,34,12722,28.277591973244146,1.0,,1.0
Tail-Anchored Membrane Protein Insertion Into ER Membrane (GO:0071816),14,0,34,12722,12.66816591704148,1.0,,1.0
Taurine Metabolic Process (GO:0019530),7,0,34,12722,24.505314009661834,1.0,,1.0
Telencephalon Cell Migration (GO:0022029),5,0,34,12722,33.42160737812912,1.0,,1.0
Telomere Capping (GO:0016233),13,0,34,12722,13.60762211486849,1.0,,1.0
Telomere Maintenance (GO:0000723),62,0,34,12722,2.9278840579710144,1.0,,1.0
Telomere Maintenance In Response To DNA Damage (GO:0043247),8,0,34,12722,21.62063086104007,1.0,,1.0
Telomere Maintenance Via Recombination (GO:0000722),9,0,34,12722,19.34324942791762,1.0,,1.0
Telomere Maintenance Via Telomerase (GO:0007004),17,0,34,12722,10.49399585921325,1.0,,1.0
Telomere Maintenance Via Telomere Lengthening (GO:0010833),23,0,34,12722,7.8109774899784155,1.0,,1.0
Telomere Maintenance Via Telomere Trimming (GO:0090737),9,0,34,12722,19.34324942791762,1.0,,1.0
Telomere Organization (GO:0032200),57,0,34,12722,3.1837429111531192,1.0,,1.0
Telomeric D-loop Disassembly (GO:0061820),6,0,34,12722,28.277591973244146,1.0,,1.0
Telomeric Loop Disassembly (GO:0090657),8,0,34,12722,21.62063086104007,1.0,,1.0
Termination Of RNA Polymerase II Transcription (GO:0006369),6,0,34,12722,28.277591973244146,1.0,,1.0
Terpenoid Metabolic Process (GO:0006721),6,0,34,12722,28.277591973244146,1.0,,1.0
Tetrahydrofolate Interconversion (GO:0035999),7,0,34,12722,24.505314009661834,1.0,,1.0
Tetrahydrofolate Metabolic Process (GO:0046653),10,0,34,12722,17.499654934437544,1.0,,1.0
Tetrapyrrole Metabolic Process (GO:0033013),9,0,34,12722,19.34324942791762,1.0,,1.0
Thiamine Transmembrane Transport (GO:0071934),5,0,34,12722,33.42160737812912,1.0,,1.0
Thiamine-Containing Compound Metabolic Process (GO:0042723),5,0,34,12722,33.42160737812912,1.0,,1.0
Thymus Development (GO:0048538),13,0,34,12722,13.60762211486849,1.0,,1.0
Thyroid Gland Development (GO:0030878),6,0,34,12722,28.277591973244146,1.0,,1.0
Thyroid Hormone Generation (GO:0006590),10,0,34,12722,17.499654934437544,1.0,,1.0
Thyroid Hormone Transport (GO:0070327),7,0,34,12722,24.505314009661834,1.0,,1.0
Tight Junction Assembly (GO:0120192),47,0,34,12722,3.8570556826849733,1.0,,1.0
Tight Junction Organization (GO:0120193),5,0,34,12722,33.42160737812912,1.0,,1.0
Toll-Like Receptor 3 Signaling Pathway (GO:0034138),6,0,34,12722,28.277591973244146,1.0,,1.0
Toll-Like Receptor 4 Signaling Pathway (GO:0034142),16,0,34,12722,11.130873956960913,1.0,,1.0
Toll-Like Receptor 9 Signaling Pathway (GO:0034162),5,0,34,12722,33.42160737812912,1.0,,1.0
Toll-Like Receptor Signaling Pathway (GO:0002224),31,0,34,12722,5.823556475730388,1.0,,1.0
Tooth Mineralization (GO:0034505),7,0,34,12722,24.505314009661834,1.0,,1.0
Toxin Transport (GO:1901998),8,0,34,12722,21.62063086104007,1.0,,1.0
Transcription By RNA Polymerase I (GO:0006360),14,0,34,12722,12.66816591704148,1.0,,1.0
Transcription By RNA Polymerase II (GO:0006366),183,0,34,12722,0.9876791849306954,1.0,,1.0
Transcription By RNA Polymerase III (GO:0006383),27,0,34,12722,6.672727272727273,1.0,,1.0
Transcription Elongation By RNA Polymerase II (GO:0006368),26,0,34,12722,6.925075198249932,1.0,,1.0
Transcription Initiation At RNA Polymerase I Promoter (GO:0006361),7,0,34,12722,24.505314009661834,1.0,,1.0
Transcription Initiation At RNA Polymerase II Promoter (GO:0006367),59,0,34,12722,3.0762391913287055,1.0,,1.0
Transcription Initiation-Coupled Chromatin Remodeling (GO:0045815),32,0,34,12722,5.643924191750279,1.0,,1.0
Transcription Preinitiation Complex Assembly (GO:0070897),46,0,34,12722,3.940314788842138,1.0,,1.0
Transcription-Coupled Nucleotide-Excision Repair (GO:0006283),8,0,34,12722,21.62063086104007,1.0,,1.0
Transepithelial Chloride Transport (GO:0030321),5,0,34,12722,33.42160737812912,1.0,,1.0
Transepithelial Transport (GO:0070633),16,0,34,12722,11.130873956960913,1.0,,1.0
Transferrin Transport (GO:0033572),8,0,34,12722,21.62063086104007,1.0,,1.0
Transforming Growth Factor Beta Receptor Signaling Pathway (GO:0007179),70,0,34,12722,2.593997327577346,1.0,,1.0
Transition Metal Ion Transport (GO:0000041),31,0,34,12722,5.823556475730388,1.0,,1.0
Translation (GO:0006412),192,0,34,12722,0.940824392998306,1.0,,1.0
Translational Elongation (GO:0006414),31,0,34,12722,5.823556475730388,1.0,,1.0
Translational Readthrough (GO:0006451),6,0,34,12722,28.277591973244146,1.0,,1.0
Translational Termination (GO:0006415),8,0,34,12722,21.62063086104007,1.0,,1.0
Translesion Synthesis (GO:0019985),21,0,34,12722,8.538928210313449,1.0,,1.0
Translocation Of Molecules Into Host (GO:0044417),5,0,34,12722,33.42160737812912,1.0,,1.0
Transmembrane Receptor Protein Tyrosine Kinase Signaling Pathway (GO:0007169),268,0,34,12722,0.6704180498205273,1.0,,1.0
Transmembrane Receptor Protein Tyrosine Phosphatase Signaling Pathway (GO:0007185),5,0,34,12722,33.42160737812912,1.0,,1.0
Transport Across Blood-Brain Barrier (GO:0150104),84,0,34,12722,2.1618214561358373,1.0,,1.0
Transport Along Microtubule (GO:0010970),19,0,34,12722,9.41620215533259,1.0,,1.0
Tricarboxylic Acid Metabolic Process (GO:0072350),8,0,34,12722,21.62063086104007,1.0,,1.0
Trigeminal Nerve Development (GO:0021559),5,0,34,12722,33.42160737812912,1.0,,1.0
Triglyceride Biosynthetic Process (GO:0019432),16,0,34,12722,11.130873956960913,1.0,,1.0
Triglyceride Catabolic Process (GO:0019433),11,0,34,12722,15.976685570258349,1.0,,1.0
Triglyceride Homeostasis (GO:0070328),28,0,34,12722,6.4380879735570815,1.0,,1.0
Triglyceride-Rich Lipoprotein Particle Remodeling (GO:0034370),7,0,34,12722,24.505314009661834,1.0,,1.0
Tryptophan Catabolic Process (GO:0006569),7,0,34,12722,24.505314009661834,1.0,,1.0
Tryptophan Metabolic Process (GO:0006568),7,0,34,12722,24.505314009661834,1.0,,1.0
Tubulin Complex Assembly (GO:0007021),5,0,34,12722,33.42160737812912,1.0,,1.0
Tumor Necrosis Factor-Mediated Signaling Pathway (GO:0033209),38,0,34,12722,4.762092979484284,1.0,,1.0
Type B Pancreatic Cell Development (GO:0003323),6,0,34,12722,28.277591973244146,1.0,,1.0
Type B Pancreatic Cell Differentiation (GO:0003309),8,0,34,12722,21.62063086104007,1.0,,1.0
Type I Interferon-Mediated Signaling Pathway (GO:0060337),32,0,34,12722,5.643924191750279,1.0,,1.0
Type II Interferon-Mediated Signaling Pathway (GO:0060333),9,0,34,12722,19.34324942791762,1.0,,1.0
Type III Interferon-Mediated Signaling Pathway (GO:0038196),8,0,34,12722,21.62063086104007,1.0,,1.0
Tyrosine Metabolic Process (GO:0006570),10,0,34,12722,17.499654934437544,1.0,,1.0
Tyrosine Phosphorylation Of STAT Protein (GO:0007260),7,0,34,12722,24.505314009661834,1.0,,1.0
U2-type Prespliceosome Assembly (GO:1903241),23,0,34,12722,7.8109774899784155,1.0,,1.0
U4 snRNA 3'-End Processing (GO:0034475),7,0,34,12722,24.505314009661834,1.0,,1.0
UDP-N-acetylglucosamine Biosynthetic Process (GO:0006048),8,0,34,12722,21.62063086104007,1.0,,1.0
UDP-N-acetylglucosamine Metabolic Process (GO:0006047),10,0,34,12722,17.499654934437544,1.0,,1.0
UV Protection (GO:0009650),7,0,34,12722,24.505314009661834,1.0,,1.0
UV-damage Excision Repair (GO:0070914),11,0,34,12722,15.976685570258349,1.0,,1.0
Ubiquinone Biosynthetic Process (GO:0006744),13,0,34,12722,13.60762211486849,1.0,,1.0
Ubiquinone Metabolic Process (GO:0006743),14,0,34,12722,12.66816591704148,1.0,,1.0
Ubiquitin-Dependent ERAD Pathway (GO:0030433),67,0,34,12722,2.709930220075148,1.0,,1.0
Ubiquitin-Dependent Protein Catabolic Process (GO:0006511),343,0,34,12722,0.5208742062738645,1.0,,1.0
Ubiquitin-Dependent Protein Catabolic Process Via The C-end Degron Rule Pathway (GO:0140627),8,0,34,12722,21.62063086104007,1.0,,1.0
Ubiquitin-Dependent Protein Catabolic Process Via The Multivesicular Body Sorting Pathway (GO:0043162),31,0,34,12722,5.823556475730388,1.0,,1.0
Unsaturated Fatty Acid Biosynthetic Process (GO:0006636),7,0,34,12722,24.505314009661834,1.0,,1.0
Unsaturated Fatty Acid Metabolic Process (GO:0033559),43,0,34,12722,4.213060136598368,1.0,,1.0
Urea Cycle (GO:0000050),5,0,34,12722,33.42160737812912,1.0,,1.0
Ureter Development (GO:0072189),6,0,34,12722,28.277591973244146,1.0,,1.0
Ureteric Bud Development (GO:0001657),18,0,34,12722,9.925969447708578,1.0,,1.0
Ureteric Bud Morphogenesis (GO:0060675),18,0,34,12722,9.925969447708578,1.0,,1.0
Uridine Transport (GO:0015862),5,0,34,12722,33.42160737812912,1.0,,1.0
Urogenital System Development (GO:0001655),10,0,34,12722,17.499654934437544,1.0,,1.0
V(D)J Recombination (GO:0033151),11,0,34,12722,15.976685570258349,1.0,,1.0
Vacuolar Acidification (GO:0007035),26,0,34,12722,6.925075198249932,1.0,,1.0
Vacuolar Transport (GO:0007034),42,0,34,12722,4.312531969309463,1.0,,1.0
Vacuole Fusion (GO:0097576),8,0,34,12722,21.62063086104007,1.0,,1.0
Vacuole Organization (GO:0007033),6,0,34,12722,28.277591973244146,1.0,,1.0
Valine Metabolic Process (GO:0006573),5,0,34,12722,33.42160737812912,1.0,,1.0
Vascular Associated Smooth Muscle Cell Development (GO:0097084),6,0,34,12722,28.277591973244146,1.0,,1.0
Vascular Associated Smooth Muscle Cell Differentiation (GO:0035886),8,0,34,12722,21.62063086104007,1.0,,1.0
Vascular Associated Smooth Muscle Contraction (GO:0014829),6,0,34,12722,28.277591973244146,1.0,,1.0
Vascular Endothelial Growth Factor Receptor Signaling Pathway (GO:0048010),27,0,34,12722,6.672727272727273,1.0,,1.0
Vascular Endothelial Growth Factor Receptor-2 Signaling Pathway (GO:0036324),5,0,34,12722,33.42160737812912,1.0,,1.0
Vascular Endothelial Growth Factor Signaling Pathway (GO:0038084),13,0,34,12722,13.60762211486849,1.0,,1.0
Vascular Process In Circulatory System (GO:0003018),12,0,34,12722,14.697391304347827,1.0,,1.0
Vascular Transport (GO:0010232),82,0,34,12722,2.214580588493632,1.0,,1.0
Vascular Wound Healing (GO:0061042),6,0,34,12722,28.277591973244146,1.0,,1.0
Vasculature Development (GO:0001944),15,0,34,12722,11.84992987377279,1.0,,1.0
Vasculogenesis (GO:0001570),31,0,34,12722,5.823556475730388,1.0,,1.0
Vasoconstriction (GO:0042310),9,0,34,12722,19.34324942791762,1.0,,1.0
Vasodilation (GO:0042311),15,0,34,12722,11.84992987377279,1.0,,1.0
Venous Blood Vessel Development (GO:0060841),7,0,34,12722,24.505314009661834,1.0,,1.0
Ventricular Cardiac Muscle Cell Action Potential (GO:0086005),16,0,34,12722,11.130873956960913,1.0,,1.0
Ventricular Cardiac Muscle Cell Membrane Repolarization (GO:0099625),7,0,34,12722,24.505314009661834,1.0,,1.0
Ventricular Cardiac Muscle Tissue Development (GO:0003229),21,0,34,12722,8.538928210313449,1.0,,1.0
Ventricular Cardiac Muscle Tissue Morphogenesis (GO:0055010),29,0,34,12722,6.219356423483173,1.0,,1.0
Ventricular Compact Myocardium Morphogenesis (GO:0003223),5,0,34,12722,33.42160737812912,1.0,,1.0
Ventricular Septum Development (GO:0003281),37,0,34,12722,4.889468599033816,1.0,,1.0
Ventricular Septum Morphogenesis (GO:0060412),27,0,34,12722,6.672727272727273,1.0,,1.0
Ventricular Trabecula Myocardium Morphogenesis (GO:0003222),7,0,34,12722,24.505314009661834,1.0,,1.0
Very Long-Chain Fatty Acid Biosynthetic Process (GO:0042761),12,0,34,12722,14.697391304347827,1.0,,1.0
Very-Low-Density Lipoprotein Particle Remodeling (GO:0034372),6,0,34,12722,28.277591973244146,1.0,,1.0
Vesicle Budding From Membrane (GO:0006900),27,0,34,12722,6.672727272727273,1.0,,1.0
Vesicle Cargo Loading (GO:0035459),19,0,34,12722,9.41620215533259,1.0,,1.0
Vesicle Coating (GO:0006901),25,0,34,12722,7.19721511793123,1.0,,1.0
Vesicle Cytoskeletal Trafficking (GO:0099518),38,0,34,12722,4.762092979484284,1.0,,1.0
Vesicle Fusion (GO:0006906),72,0,34,12722,2.522038980509745,1.0,,1.0
Vesicle Fusion With Golgi Apparatus (GO:0048280),5,0,34,12722,33.42160737812912,1.0,,1.0
Vesicle Fusion With Vacuole (GO:0051469),7,0,34,12722,24.505314009661834,1.0,,1.0
Vesicle Organization (GO:0016050),78,0,34,12722,2.3281639435059542,1.0,,1.0
"Vesicle Targeting, Rough ER To cis-Golgi (GO:0048207)",17,0,34,12722,10.49399585921325,1.0,,1.0
Vesicle Transport Along Actin Filament (GO:0030050),18,0,34,12722,9.925969447708578,1.0,,1.0
Vesicle Transport Along Microtubule (GO:0047496),22,0,34,12722,8.158776167471819,1.0,,1.0
Vesicle-Mediated Transport Between Endosomal Compartments (GO:0098927),23,0,34,12722,7.8109774899784155,1.0,,1.0
Vesicle-Mediated Transport In Synapse (GO:0099003),16,0,34,12722,11.130873956960913,1.0,,1.0
Vesicle-Mediated Transport To The Plasma Membrane (GO:0098876),71,0,34,12722,2.5575149488192968,1.0,,1.0
Viral mRNA Export From Host Cell Nucleus (GO:0046784),5,0,34,12722,33.42160737812912,1.0,,1.0
Visual Learning (GO:0008542),10,0,34,12722,17.499654934437544,1.0,,1.0
Visual Perception (GO:0007601),89,0,34,12722,2.040239656707959,1.0,,1.0
Visual System Development (GO:0150063),38,0,34,12722,4.762092979484284,1.0,,1.0
Vitamin A Metabolic Process (GO:0006776),6,0,34,12722,28.277591973244146,1.0,,1.0
Vitamin D Metabolic Process (GO:0042359),10,0,34,12722,17.499654934437544,1.0,,1.0
Vitamin K Metabolic Process (GO:0042373),8,0,34,12722,21.62063086104007,1.0,,1.0
Vitamin Transport (GO:0051180),35,0,34,12722,5.165748111859563,1.0,,1.0
Vocal Learning (GO:0042297),5,0,34,12722,33.42160737812912,1.0,,1.0
Water Transport (GO:0006833),14,0,34,12722,12.66816591704148,1.0,,1.0
Water-Soluble Vitamin Metabolic Process (GO:0006767),39,0,34,12722,4.641166758392956,1.0,,1.0
White Fat Cell Differentiation (GO:0050872),6,0,34,12722,28.277591973244146,1.0,,1.0
Wnt Signaling Pathway (GO:0016055),73,0,34,12722,2.487528344671202,1.0,,1.0
Wnt Signaling Pathway Involved In Midbrain Dopaminergic Neuron Differentiation (GO:1904953),7,0,34,12722,24.505314009661834,1.0,,1.0
Wound Healing (GO:0042060),76,0,34,12722,2.3894098702282847,1.0,,1.0
"Wound Healing, Spreading Of Cells (GO:0044319)",22,0,34,12722,8.158776167471819,1.0,,1.0
"Wound Healing, Spreading Of Epidermal Cells (GO:0035313)",8,0,34,12722,21.62063086104007,1.0,,1.0
Xenobiotic Catabolic Process (GO:0042178),18,0,34,12722,9.925969447708578,1.0,,1.0
Xenobiotic Transport (GO:0042908),20,0,34,12722,8.956168257334747,1.0,,1.0
Xenobiotic Transport Across Blood-Brain Barrier (GO:1990962),5,0,34,12722,33.42160737812912,1.0,,1.0
Zinc Ion Import Into Organelle (GO:0062111),6,0,34,12722,28.277591973244146,1.0,,1.0
Zinc Ion Transmembrane Transport (GO:0071577),21,0,34,12722,8.538928210313449,1.0,,1.0
Zinc Ion Transport (GO:0006829),23,0,34,12722,7.8109774899784155,1.0,,1.0
Zymogen Activation (GO:0031638),43,0,34,12722,4.213060136598368,1.0,,1.0
Zymogen Inhibition (GO:0097341),5,0,34,12722,33.42160737812912,1.0,,1.0
[2Fe-2S] Cluster Assembly (GO:0044571),8,0,34,12722,21.62063086104007,1.0,,1.0
acetyl-CoA Biosynthetic Process (GO:0006085),12,0,34,12722,14.697391304347827,1.0,,1.0
acetyl-CoA Biosynthetic Process From Pyruvate (GO:0006086),5,0,34,12722,33.42160737812912,1.0,,1.0
acetyl-CoA Metabolic Process (GO:0006084),15,0,34,12722,11.84992987377279,1.0,,1.0
acyl-CoA Biosynthetic Process (GO:0071616),11,0,34,12722,15.976685570258349,1.0,,1.0
acyl-CoA Metabolic Process (GO:0006637),26,0,34,12722,6.925075198249932,1.0,,1.0
cAMP Biosynthetic Process (GO:0006171),9,0,34,12722,19.34324942791762,1.0,,1.0
cAMP Metabolic Process (GO:0046058),12,0,34,12722,14.697391304347827,1.0,,1.0
cAMP-mediated Signaling (GO:0019933),25,0,34,12722,7.19721511793123,1.0,,1.0
cGMP Biosynthetic Process (GO:0006182),5,0,34,12722,33.42160737812912,1.0,,1.0
cGMP Metabolic Process (GO:0046068),7,0,34,12722,24.505314009661834,1.0,,1.0
cGMP-mediated Signaling (GO:0019934),13,0,34,12722,13.60762211486849,1.0,,1.0
calcineurin-NFAT Signaling Cascade (GO:0033173),10,0,34,12722,17.499654934437544,1.0,,1.0
fatty-acyl-CoA Biosynthetic Process (GO:0046949),22,0,34,12722,8.158776167471819,1.0,,1.0
fatty-acyl-CoA Metabolic Process (GO:0035337),16,0,34,12722,11.130873956960913,1.0,,1.0
interleukin-17A-mediated Signaling Pathway (GO:0038173),5,0,34,12722,33.42160737812912,1.0,,1.0
intra-Golgi Vesicle-Mediated Transport (GO:0006891),31,0,34,12722,5.823556475730388,1.0,,1.0
mRNA 3'-End Processing (GO:0031124),36,0,34,12722,5.023823704586063,1.0,,1.0
mRNA 3'-End Processing By Stem-Loop Binding And Cleavage (GO:0006398),5,0,34,12722,33.42160737812912,1.0,,1.0
mRNA 3'-Splice Site Recognition (GO:0000389),5,0,34,12722,33.42160737812912,1.0,,1.0
mRNA 5'-Splice Site Recognition (GO:0000395),5,0,34,12722,33.42160737812912,1.0,,1.0
mRNA Catabolic Process (GO:0006402),36,0,34,12722,5.023823704586063,1.0,,1.0
"mRNA Cis Splicing, Via Spliceosome (GO:0045292)",17,0,34,12722,10.49399585921325,1.0,,1.0
mRNA Cleavage Involved In mRNA Processing (GO:0098787),11,0,34,12722,15.976685570258349,1.0,,1.0
mRNA Destabilization (GO:0061157),38,0,34,12722,4.762092979484284,1.0,,1.0
mRNA Metabolic Process (GO:0016071),77,0,34,12722,2.3583917718560077,1.0,,1.0
mRNA Methylation (GO:0080009),13,0,34,12722,13.60762211486849,1.0,,1.0
mRNA Modification (GO:0016556),24,0,34,12722,7.491570541259982,1.0,,1.0
mRNA Polyadenylation (GO:0006378),21,0,34,12722,8.538928210313449,1.0,,1.0
mRNA Processing (GO:0006397),194,0,34,12722,0.9310010804366454,1.0,,1.0
mRNA Pseudouridine Synthesis (GO:1990481),8,0,34,12722,21.62063086104007,1.0,,1.0
mRNA Splice Site Recognition (GO:0006376),27,0,34,12722,6.672727272727273,1.0,,1.0
"mRNA Splicing, Via Spliceosome (GO:0000398)",192,0,34,12722,0.940824392998306,1.0,,1.0
mRNA Stabilization (GO:0048255),44,0,34,12722,4.118058948054063,1.0,,1.0
mRNA Transcription (GO:0009299),42,0,34,12722,4.312531969309463,1.0,,1.0
mRNA Transcription By RNA Polymerase II (GO:0042789),37,0,34,12722,4.889468599033816,1.0,,1.0
miRNA Catabolic Process (GO:0010587),5,0,34,12722,33.42160737812912,1.0,,1.0
miRNA Metabolic Process (GO:0010586),11,0,34,12722,15.976685570258349,1.0,,1.0
miRNA Processing (GO:0035196),28,0,34,12722,6.4380879735570815,1.0,,1.0
miRNA-mediated Gene Silencing (GO:0035195),26,0,34,12722,6.925075198249932,1.0,,1.0
miRNA-mediated Gene Silencing By Inhibition Of Translation (GO:0035278),14,0,34,12722,12.66816591704148,1.0,,1.0
ncRNA Catabolic Process (GO:0034661),27,0,34,12722,6.672727272727273,1.0,,1.0
ncRNA Export From Nucleus (GO:0097064),8,0,34,12722,21.62063086104007,1.0,,1.0
ncRNA Metabolic Process (GO:0034660),14,0,34,12722,12.66816591704148,1.0,,1.0
ncRNA Processing (GO:0034470),85,0,34,12722,2.136367488770235,1.0,,1.0
ncRNA Transcription (GO:0098781),10,0,34,12722,17.499654934437544,1.0,,1.0
ncRNA-mediated Post-Transcriptional Gene Silencing (GO:0035194),18,0,34,12722,9.925969447708578,1.0,,1.0
p38MAPK Cascade (GO:0038066),6,0,34,12722,28.277591973244146,1.0,,1.0
peptidyl-L-cysteine S-palmitoylation (GO:0018230),21,0,34,12722,8.538928210313449,1.0,,1.0
peptidyl-S-diacylglycerol-L-cysteine Biosynthetic Process From Peptidyl-Cysteine (GO:0018231),21,0,34,12722,8.538928210313449,1.0,,1.0
piRNA Processing (GO:0034587),17,0,34,12722,10.49399585921325,1.0,,1.0
poly(A)+ mRNA Export From Nucleus (GO:0016973),18,0,34,12722,9.925969447708578,1.0,,1.0
poly-N-acetyllactosamine Metabolic Process (GO:0030309),5,0,34,12722,33.42160737812912,1.0,,1.0
post-Golgi Vesicle-Mediated Transport (GO:0006892),54,0,34,12722,3.359792580773833,1.0,,1.0
pre-mRNA Cleavage Required For Polyadenylation (GO:0098789),10,0,34,12722,17.499654934437544,1.0,,1.0
pre-miRNA Processing (GO:0031054),10,0,34,12722,17.499654934437544,1.0,,1.0
protein-DNA Complex Assembly (GO:0065004),39,0,34,12722,4.641166758392956,1.0,,1.0
protein-DNA Complex Disassembly (GO:0032986),16,0,34,12722,11.130873956960913,1.0,,1.0
protein-DNA Complex Organization (GO:0071824),54,0,34,12722,3.359792580773833,1.0,,1.0
protein-DNA Covalent Cross-Linking Repair (GO:0106300),5,0,34,12722,33.42160737812912,1.0,,1.0
protein-RNA Complex Assembly (GO:0022618),133,0,34,12722,1.3630244802692286,1.0,,1.0
protein-RNA Complex Disassembly (GO:0032988),7,0,34,12722,24.505314009661834,1.0,,1.0
rDNA Heterochromatin Formation (GO:0000183),6,0,34,12722,28.277591973244146,1.0,,1.0
rRNA 3'-End Processing (GO:0031125),9,0,34,12722,19.34324942791762,1.0,,1.0
rRNA Base Methylation (GO:0070475),7,0,34,12722,24.505314009661834,1.0,,1.0
rRNA Catabolic Process (GO:0016075),17,0,34,12722,10.49399585921325,1.0,,1.0
rRNA Metabolic Process (GO:0016072),76,0,34,12722,2.3894098702282847,1.0,,1.0
rRNA Methylation (GO:0031167),19,0,34,12722,9.41620215533259,1.0,,1.0
rRNA Modification (GO:0000154),16,0,34,12722,11.130873956960913,1.0,,1.0
rRNA Processing (GO:0006364),91,0,34,12722,1.995327472875584,1.0,,1.0
rRNA Pseudouridine Synthesis (GO:0031118),6,0,34,12722,28.277591973244146,1.0,,1.0
rRNA Transcription (GO:0009303),14,0,34,12722,12.66816591704148,1.0,,1.0
siRNA Processing (GO:0030422),7,0,34,12722,24.505314009661834,1.0,,1.0
snRNA 3'-End Processing (GO:0034472),20,0,34,12722,8.956168257334747,1.0,,1.0
snRNA Metabolic Process (GO:0016073),17,0,34,12722,10.49399585921325,1.0,,1.0
snRNA Processing (GO:0016180),15,0,34,12722,11.84992987377279,1.0,,1.0
snRNA Transcription (GO:0009301),12,0,34,12722,14.697391304347827,1.0,,1.0
snRNA Transcription By RNA Polymerase II (GO:0042795),10,0,34,12722,17.499654934437544,1.0,,1.0
snRNA Transcription By RNA Polymerase III (GO:0042796),7,0,34,12722,24.505314009661834,1.0,,1.0
sno(s)RNA 3'-End Processing (GO:0031126),10,0,34,12722,17.499654934437544,1.0,,1.0
snoRNA Localization (GO:0048254),5,0,34,12722,33.42160737812912,1.0,,1.0
succinyl-CoA Metabolic Process (GO:0006104),7,0,34,12722,24.505314009661834,1.0,,1.0
tRNA 3'-End Processing (GO:0042780),5,0,34,12722,33.42160737812912,1.0,,1.0
tRNA 5'-End Processing (GO:0099116),12,0,34,12722,14.697391304347827,1.0,,1.0
tRNA 5'-Leader Removal (GO:0001682),10,0,34,12722,17.499654934437544,1.0,,1.0
tRNA Aminoacylation (GO:0043039),12,0,34,12722,14.697391304347827,1.0,,1.0
tRNA Aminoacylation For Mitochondrial Protein Translation (GO:0070127),5,0,34,12722,33.42160737812912,1.0,,1.0
tRNA Aminoacylation For Protein Translation (GO:0006418),16,0,34,12722,11.130873956960913,1.0,,1.0
tRNA Catabolic Process (GO:0016078),5,0,34,12722,33.42160737812912,1.0,,1.0
tRNA Metabolic Process (GO:0006399),17,0,34,12722,10.49399585921325,1.0,,1.0
tRNA Methylation (GO:0030488),35,0,34,12722,5.165748111859563,1.0,,1.0
tRNA Modification (GO:0006400),62,0,34,12722,2.9278840579710144,1.0,,1.0
tRNA Processing (GO:0008033),42,0,34,12722,4.312531969309463,1.0,,1.0
tRNA Pseudouridine Synthesis (GO:0031119),5,0,34,12722,33.42160737812912,1.0,,1.0
"tRNA Splicing, Via Endonucleolytic Cleavage And Ligation (GO:0006388)",10,0,34,12722,17.499654934437544,1.0,,1.0
tRNA Surveillance (GO:0106354),7,0,34,12722,24.505314009661834,1.0,,1.0
tRNA Threonylcarbamoyladenosine Metabolic Process (GO:0070525),10,0,34,12722,17.499654934437544,1.0,,1.0
tRNA Transcription (GO:0009304),8,0,34,12722,21.62063086104007,1.0,,1.0
tRNA Transcription By RNA Polymerase III (GO:0042797),7,0,34,12722,24.505314009661834,1.0,,1.0
tRNA Wobble Base Modification (GO:0002097),12,0,34,12722,14.697391304347827,1.0,,1.0
tRNA Wobble Uridine Modification (GO:0002098),12,0,34,12722,14.697391304347827,1.0,,1.0
