gene,mean_selection_frequency,n_pipelines_ge50,n_models_ge50,n_explainers_ge50,median_rank,best_rank,mean_rank,frac_signed_positive,ttest_frequency,freq:logreg|coef,freq:logreg|shap,freq:logreg|perm,freq:svm|coef,freq:svm|shap,freq:svm|perm,freq:rf|shap,freq:rf|perm,freq:xgb|shap,freq:xgb|perm,freq:logreg_C0.1|coef,freq:logreg_C100|coef,freq:ttest|ttest,consensus,k
DKFZp779M0652,0.55,6,2,3,6.0,1.0,7.009090909090909,0.18181818181818182,0.05,1.0,1.0,0.5,1.0,1.0,1.0,0.0,0.0,0.0,0.0,1.0,1.0,0.05,True,25
CCDC141,0.445,4,2,3,6.0,1.0,7.640449438202247,0.2159090909090909,0.0,0.9,0.75,0.45,0.45,0.35,0.45,0.0,0.0,0.55,0.55,1.0,0.4,0.0,False,25
SLC7A10,0.40499999999999997,4,2,2,10.0,1.0,11.864197530864198,0.07865168539325842,0.0,0.85,0.3,0.5,0.95,0.45,1.0,0.0,0.0,0.0,0.0,1.0,0.9,0.0,False,25
LYVE1,0.365,3,2,2,6.0,1.0,7.821917808219178,0.056818181818181816,0.0,1.0,0.15,0.25,1.0,0.25,1.0,0.0,0.0,0.0,0.0,1.0,1.0,0.0,False,25
MLXIPL,0.33999999999999997,4,2,3,11.0,3.0,12.5,0.17333333333333334,0.0,0.5,0.3,0.05,0.75,0.8,0.9,0.05,0.05,0.0,0.0,0.6,0.75,0.0,False,25
NAALAD2,0.31999999999999995,2,1,2,10.0,1.0,11.09375,0.16666666666666666,0.0,0.3,0.0,0.0,1.0,0.0,1.0,0.4,0.4,0.05,0.05,0.0,0.95,0.0,False,25
ACSM5,0.275,3,2,2,1.0,1.0,5.036363636363636,0.6190476190476191,0.55,0.0,0.0,0.0,0.05,0.15,0.1,0.45,0.5,0.75,0.75,0.1,0.05,0.55,False,25
APOB,0.26499999999999996,3,2,2,8.0,1.0,8.30188679245283,0.01694915254237288,0.0,0.5,0.0,0.05,1.0,0.0,1.0,0.05,0.05,0.0,0.0,0.4,1.0,0.0,False,25
NIPSNAP3B,0.26499999999999996,3,2,2,13.0,6.0,13.452830188679245,0.017241379310344827,0.0,0.5,0.0,0.05,1.0,0.0,1.0,0.05,0.05,0.0,0.0,0.45,0.9,0.0,False,25
DMGDH,0.255,2,1,2,14.0,2.0,14.392156862745098,0.16279069767441862,0.0,0.0,0.0,0.0,0.9,0.1,0.9,0.25,0.4,0.0,0.0,0.0,0.9,0.0,False,25
NLGN1,0.24499999999999997,1,1,1,8.0,1.0,9.53061224489796,0.20754716981132076,0.0,0.5,0.45,0.3,0.3,0.3,0.3,0.0,0.0,0.15,0.15,0.65,0.3,0.0,False,25
LINC00310,0.24,2,1,2,11.0,1.0,12.791666666666666,0.09302325581395349,0.0,0.15,0.0,0.15,0.9,0.05,0.85,0.15,0.15,0.0,0.0,0.05,0.85,0.0,False,25
LOC102723493,0.225,3,2,2,13.0,1.0,14.066666666666666,0.0,0.0,0.65,0.05,0.1,0.65,0.0,0.8,0.0,0.0,0.0,0.0,0.45,0.55,0.0,False,25
C6,0.21500000000000002,0,0,0,13.0,2.0,13.069767441860465,0.2682926829268293,0.0,0.4,0.3,0.15,0.2,0.15,0.25,0.1,0.1,0.25,0.25,0.45,0.2,0.0,False,25
EPB42,0.215,2,1,2,10.0,5.0,10.906976744186046,0.0,0.0,0.15,0.0,0.05,1.0,0.0,0.95,0.0,0.0,0.0,0.0,0.05,1.0,0.0,False,25
ABCD2,0.20999999999999996,2,1,2,7.0,1.0,7.261904761904762,0.8260869565217391,0.0,0.0,0.0,0.0,0.15,0.0,0.05,0.25,0.25,0.7,0.7,0.0,0.05,0.0,False,25
ZNRF2P1,0.2,3,2,3,4.0,2.0,7.125,0.7674418604651163,0.0,0.2,0.0,0.6,0.65,0.55,0.0,0.0,0.0,0.0,0.0,0.0,0.75,0.0,False,25
GDF10,0.195,2,1,2,11.0,1.0,11.846153846153847,0.0,0.0,0.2,0.0,0.05,0.9,0.05,0.75,0.0,0.0,0.0,0.0,0.05,0.9,0.0,False,25
RGS17,0.19000000000000003,1,1,1,10.0,2.0,10.18421052631579,0.06666666666666667,0.0,0.5,0.2,0.25,0.3,0.1,0.35,0.05,0.05,0.05,0.05,0.75,0.3,0.0,False,25
LOC100506476,0.175,1,1,1,12.0,1.0,12.0,0.5161290322580645,0.0,0.05,0.2,0.1,0.15,0.9,0.15,0.05,0.05,0.05,0.05,0.05,0.1,0.0,False,25
STX11,0.16999999999999998,0,0,0,11.5,3.0,13.088235294117647,0.3333333333333333,0.0,0.25,0.25,0.1,0.2,0.15,0.45,0.15,0.15,0.0,0.0,0.3,0.2,0.0,False,25
WDFY3-AS2,0.165,2,2,1,13.0,2.0,13.363636363636363,0.4411764705882353,0.0,0.15,0.6,0.0,0.05,0.7,0.05,0.1,0.0,0.0,0.0,0.0,0.1,0.0,False,25
DCAF12L2,0.16,2,2,2,3.0,1.0,3.3125,1.0,0.0,0.2,0.0,0.65,0.75,0.0,0.0,0.0,0.0,0.0,0.0,0.0,0.75,0.0,False,25
KIAA1107,0.16,2,2,1,5.0,1.0,8.0,0.5625,0.1,0.0,0.5,0.0,0.0,0.9,0.0,0.0,0.0,0.1,0.1,0.0,0.0,0.1,False,25
LDHD,0.15999999999999998,0,0,0,15.5,1.0,15.25,0.08333333333333333,0.0,0.35,0.3,0.15,0.3,0.25,0.25,0.0,0.0,0.0,0.0,0.35,0.25,0.0,False,25
ALDH1L1,0.155,0,0,0,12.0,2.0,14.193548387096774,0.17142857142857143,0.15,0.4,0.0,0.05,0.1,0.0,0.45,0.1,0.05,0.2,0.2,0.75,0.05,0.15,False,25
C22orf39,0.15499999999999997,2,1,2,6.0,2.0,8.903225806451612,0.8823529411764706,0.1,0.0,0.05,0.0,0.0,0.0,0.0,0.1,0.2,0.6,0.6,0.0,0.0,0.1,False,25
FLVCR1,0.15,0,0,0,4.0,1.0,4.433333333333334,1.0,0.4,0.0,0.0,0.0,0.0,0.0,0.0,0.3,0.3,0.45,0.45,0.0,0.0,0.4,False,25
ACADL,0.14999999999999997,0,0,0,12.0,1.0,12.133333333333333,0.09090909090909091,0.15,0.15,0.05,0.05,0.25,0.25,0.45,0.0,0.0,0.15,0.15,0.4,0.25,0.15,False,25
HSPB7,0.145,1,1,1,16.0,3.0,16.17241379310345,0.13333333333333333,0.0,0.1,0.0,0.0,0.25,0.0,0.95,0.1,0.05,0.0,0.0,0.05,0.25,0.0,False,25
DMRT2,0.14499999999999996,0,0,0,16.0,7.0,17.20689655172414,0.03333333333333333,0.0,0.15,0.0,0.15,0.4,0.35,0.4,0.0,0.0,0.0,0.0,0.25,0.35,0.0,False,25
ABCA8,0.13999999999999999,2,1,2,4.5,1.0,5.785714285714286,1.0,0.0,0.0,0.0,0.0,0.0,0.0,0.0,0.05,0.05,0.65,0.65,0.0,0.0,0.0,False,25
TSLP,0.13999999999999999,2,1,2,18.0,11.0,17.642857142857142,0.0,0.0,0.05,0.0,0.05,0.5,0.0,0.8,0.0,0.0,0.0,0.0,0.0,0.4,0.0,False,25
C15orf48,0.13499999999999998,1,1,1,8.0,2.0,9.407407407407407,0.6521739130434783,0.0,0.05,0.2,0.05,0.0,0.65,0.0,0.05,0.05,0.15,0.15,0.0,0.05,0.0,False,25
CCDC178,0.13000000000000003,1,1,1,13.5,1.0,13.5,0.4583333333333333,0.0,0.1,0.55,0.05,0.0,0.0,0.0,0.2,0.2,0.1,0.1,0.25,0.0,0.0,False,25
LOC284825,0.13,0,0,0,7.5,2.0,9.961538461538462,0.22727272727272727,0.0,0.25,0.0,0.05,0.25,0.05,0.3,0.2,0.2,0.0,0.0,0.1,0.25,0.0,False,25
PQLC2L,0.12000000000000002,1,1,1,20.0,8.0,19.291666666666668,0.13333333333333333,0.0,0.0,0.0,0.0,0.45,0.1,0.65,0.0,0.0,0.0,0.0,0.0,0.2,0.0,False,25
ACKR4,0.11500000000000002,1,1,1,15.0,2.0,13.869565217391305,0.6190476190476191,0.0,0.0,0.15,0.0,0.0,0.75,0.0,0.1,0.05,0.05,0.05,0.0,0.0,0.0,False,25
PFKFB1,0.11500000000000002,0,0,0,20.0,2.0,18.0,0.21739130434782608,0.0,0.35,0.25,0.0,0.05,0.05,0.45,0.0,0.0,0.0,0.0,0.4,0.05,0.0,False,25
ACVR1C,0.11499999999999999,0,0,0,6.0,2.0,8.347826086956522,0.8461538461538461,0.05,0.0,0.05,0.0,0.0,0.0,0.0,0.2,0.2,0.35,0.35,0.0,0.0,0.05,False,25
CNKSR2,0.11000000000000001,0,0,0,17.0,5.0,16.40909090909091,0.23809523809523808,0.0,0.0,0.0,0.05,0.4,0.4,0.25,0.0,0.0,0.0,0.0,0.0,0.25,0.0,False,25
CELSR1,0.10500000000000001,0,0,0,5.0,1.0,7.523809523809524,0.9130434782608695,0.6,0.0,0.1,0.0,0.0,0.0,0.0,0.15,0.2,0.3,0.3,0.0,0.0,0.6,False,25
TREM2,0.10500000000000001,1,1,1,9.0,1.0,10.095238095238095,0.5555555555555556,0.0,0.0,0.0,0.7,0.05,0.3,0.0,0.0,0.0,0.0,0.0,0.0,0.1,0.0,False,25
LOC643733,0.10499999999999998,0,0,0,12.0,3.0,10.857142857142858,0.9090909090909091,0.05,0.0,0.0,0.0,0.0,0.0,0.0,0.3,0.35,0.2,0.2,0.0,0.0,0.05,False,25
GLA,0.1,0,0,0,10.0,1.0,9.85,0.5,0.0,0.1,0.15,0.45,0.05,0.25,0.0,0.0,0.0,0.0,0.0,0.0,0.05,0.0,False,25
C1QTNF1,0.1,0,0,0,11.0,4.0,11.6,0.17647058823529413,0.0,0.15,0.05,0.0,0.15,0.15,0.15,0.05,0.1,0.1,0.1,0.05,0.15,0.0,False,25
HSPB6,0.1,0,0,0,19.0,1.0,16.95,0.17391304347826086,0.0,0.15,0.2,0.0,0.15,0.3,0.2,0.0,0.0,0.0,0.0,0.2,0.15,0.0,False,25
SCGB1A1,0.095,0,0,0,2.0,1.0,3.526315789473684,1.0,0.0,0.2,0.0,0.35,0.4,0.0,0.0,0.0,0.0,0.0,0.0,0.0,0.4,0.0,False,25
LOC101927420,0.095,1,1,1,12.0,3.0,13.421052631578947,0.26666666666666666,0.0,0.0,0.1,0.15,0.0,0.65,0.0,0.0,0.05,0.0,0.0,0.0,0.0,0.0,False,25
GPIHBP1,0.09000000000000001,0,0,0,19.5,3.0,16.88888888888889,0.18181818181818182,0.05,0.4,0.15,0.0,0.0,0.0,0.25,0.05,0.05,0.0,0.0,0.45,0.0,0.05,False,25
C8orf34,0.09000000000000001,1,1,1,20.0,13.0,19.166666666666668,0.0,0.0,0.1,0.0,0.0,0.05,0.05,0.65,0.0,0.05,0.0,0.0,0.0,0.05,0.0,False,25
SDC1,0.09,0,0,0,8.5,2.0,9.277777777777779,1.0,0.75,0.0,0.0,0.0,0.0,0.0,0.0,0.45,0.45,0.0,0.0,0.0,0.0,0.75,False,25
TPPP3,0.09,1,1,1,8.0,2.0,9.5,0.6111111111111112,0.0,0.0,0.35,0.0,0.0,0.55,0.0,0.0,0.0,0.0,0.0,0.0,0.0,0.0,False,25
CPS1,0.09,1,1,1,7.5,1.0,10.88888888888889,0.3888888888888889,0.0,0.1,0.3,0.0,0.0,0.5,0.0,0.0,0.0,0.0,0.0,0.0,0.0,0.0,False,25
C11orf70,0.085,0,0,0,16.0,7.0,15.764705882352942,0.26666666666666666,0.0,0.0,0.0,0.0,0.15,0.3,0.05,0.1,0.15,0.05,0.05,0.0,0.15,0.0,False,25
ABHD5,0.08499999999999999,0,0,0,8.0,2.0,9.117647058823529,0.8888888888888888,0.0,0.0,0.0,0.05,0.0,0.05,0.0,0.05,0.0,0.35,0.35,0.0,0.0,0.0,False,25
HPD,0.08499999999999999,1,1,1,16.0,1.0,13.705882352941176,0.08,0.0,0.5,0.0,0.1,0.0,0.0,0.0,0.0,0.05,0.1,0.1,0.65,0.0,0.0,False,25
TMEM44-AS1,0.08000000000000002,1,1,1,9.0,1.0,9.5625,0.2857142857142857,0.0,0.1,0.55,0.05,0.0,0.0,0.0,0.05,0.05,0.0,0.0,0.0,0.0,0.0,False,25
LINC01088,0.08,1,1,1,3.5,1.0,6.3125,0.0,0.0,0.6,0.0,0.2,0.0,0.0,0.0,0.0,0.0,0.0,0.0,0.75,0.0,0.0,False,25
PPP2R3C,0.08,0,0,0,10.5,1.0,10.75,1.0,0.0,0.0,0.0,0.0,0.0,0.0,0.0,0.35,0.35,0.05,0.05,0.0,0.0,0.0,False,25
MYO16,0.08,0,0,0,9.0,3.0,11.375,0.0,0.0,0.2,0.0,0.0,0.3,0.05,0.25,0.0,0.0,0.0,0.0,0.1,0.35,0.0,False,25
PGC,0.08,1,1,1,12.5,3.0,13.75,0.0,0.0,0.6,0.0,0.2,0.0,0.0,0.0,0.0,0.0,0.0,0.0,0.7,0.0,0.0,False,25
ACACB,0.07999999999999999,0,0,0,4.5,2.0,7.25,1.0,0.0,0.0,0.0,0.0,0.0,0.0,0.0,0.05,0.05,0.35,0.35,0.0,0.0,0.0,False,25
LHCGR,0.07999999999999999,0,0,0,18.0,1.0,15.4375,0.05263157894736842,0.0,0.25,0.05,0.15,0.25,0.0,0.1,0.0,0.0,0.0,0.0,0.2,0.2,0.0,False,25
SPP1,0.075,1,1,1,8.0,2.0,8.8,0.35714285714285715,0.0,0.0,0.05,0.05,0.0,0.65,0.0,0.0,0.0,0.0,0.0,0.0,0.0,0.0,False,25
ACSM3,0.075,1,1,1,7.0,1.0,9.533333333333333,0.0,0.0,0.5,0.05,0.2,0.0,0.0,0.0,0.0,0.0,0.0,0.0,0.75,0.0,0.0,False,25
PRKCZ,0.075,0,0,0,10.0,1.0,9.8,0.7272727272727273,0.0,0.0,0.05,0.0,0.0,0.2,0.0,0.25,0.25,0.0,0.0,0.0,0.05,0.0,False,25
SEPT8,0.075,0,0,0,10.0,3.0,11.533333333333333,0.8181818181818182,0.05,0.0,0.25,0.0,0.0,0.0,0.0,0.05,0.05,0.2,0.2,0.0,0.0,0.05,False,25
KCNIP2,0.075,0,0,0,18.0,4.0,15.466666666666667,0.2727272727272727,0.0,0.05,0.0,0.05,0.1,0.0,0.2,0.15,0.2,0.0,0.0,0.15,0.1,0.0,False,25
TMOD1,0.075,0,0,0,15.0,8.0,16.066666666666666,0.5714285714285714,0.0,0.05,0.1,0.0,0.1,0.35,0.15,0.0,0.0,0.0,0.0,0.0,0.1,0.0,False,25
HIGD1B,0.075,0,0,0,16.0,6.0,16.133333333333333,0.75,0.0,0.0,0.25,0.0,0.0,0.2,0.0,0.0,0.0,0.15,0.15,0.0,0.0,0.0,False,25
ADGRD1,0.075,0,0,0,17.0,7.0,16.666666666666668,0.0,0.0,0.25,0.0,0.05,0.2,0.0,0.25,0.0,0.0,0.0,0.0,0.25,0.2,0.0,False,25
ALPI,0.07499999999999998,0,0,0,2.0,1.0,7.0,0.9545454545454546,0.0,0.05,0.0,0.3,0.3,0.1,0.0,0.0,0.0,0.0,0.0,0.0,0.65,0.0,False,25
ADAMTS8,0.07,0,0,0,8.5,1.0,10.0,0.8333333333333334,0.0,0.05,0.05,0.3,0.15,0.15,0.0,0.0,0.0,0.0,0.0,0.0,0.2,0.0,False,25
ABCA6,0.06999999999999999,0,0,0,7.0,1.0,6.714285714285714,1.0,0.0,0.0,0.0,0.0,0.0,0.0,0.0,0.0,0.0,0.35,0.35,0.0,0.0,0.0,False,25
CACNB3,0.06999999999999999,0,0,0,10.0,2.0,9.857142857142858,1.0,0.15,0.0,0.0,0.0,0.0,0.0,0.0,0.15,0.15,0.2,0.2,0.0,0.0,0.15,False,25
HEPACAM2,0.06999999999999999,0,0,0,13.5,5.0,14.571428571428571,0.5,0.0,0.0,0.05,0.45,0.0,0.2,0.0,0.0,0.0,0.0,0.0,0.0,0.05,0.0,False,25
PAQR4,0.06999999999999999,0,0,0,14.5,6.0,15.142857142857142,1.0,0.5,0.0,0.0,0.0,0.0,0.0,0.0,0.05,0.05,0.3,0.3,0.0,0.0,0.5,False,25
RAB11FIP3,0.06500000000000002,0,0,0,6.0,2.0,8.23076923076923,1.0,0.35,0.0,0.0,0.0,0.0,0.0,0.0,0.3,0.25,0.05,0.05,0.0,0.0,0.35,False,25
ELMOD3,0.06500000000000002,0,0,0,18.0,4.0,16.46153846153846,0.1111111111111111,0.0,0.2,0.0,0.1,0.05,0.0,0.25,0.05,0.0,0.0,0.0,0.1,0.05,0.0,False,25
DDR2,0.065,0,0,0,5.0,2.0,7.3076923076923075,1.0,0.0,0.0,0.0,0.0,0.0,0.0,0.0,0.2,0.25,0.1,0.1,0.0,0.0,0.0,False,25
AADAC,0.065,0,0,0,6.0,3.0,7.769230769230769,0.5,0.0,0.05,0.0,0.0,0.05,0.0,0.05,0.0,0.0,0.25,0.25,0.1,0.05,0.0,False,25
RAE1,0.065,0,0,0,9.0,4.0,10.23076923076923,1.0,0.05,0.0,0.0,0.0,0.0,0.0,0.0,0.2,0.25,0.1,0.1,0.0,0.0,0.05,False,25
SLC35C2,0.065,0,0,0,14.0,2.0,11.076923076923077,1.0,0.0,0.0,0.0,0.0,0.0,0.0,0.0,0.15,0.2,0.15,0.15,0.0,0.0,0.0,False,25
SGK494,0.065,0,0,0,15.0,3.0,13.23076923076923,1.0,0.1,0.0,0.0,0.0,0.0,0.0,0.0,0.05,0.2,0.2,0.2,0.0,0.0,0.1,False,25
ZNF436-AS1,0.065,0,0,0,13.0,3.0,13.307692307692308,0.375,0.0,0.05,0.1,0.1,0.0,0.1,0.0,0.15,0.15,0.0,0.0,0.0,0.0,0.0,False,25
CPEB1,0.065,1,1,1,17.0,2.0,14.461538461538462,0.5384615384615384,0.0,0.0,0.1,0.0,0.0,0.55,0.0,0.0,0.0,0.0,0.0,0.0,0.0,0.0,False,25
SCN9A,0.06499999999999999,0,0,0,20.0,14.0,19.692307692307693,0.0,0.0,0.05,0.0,0.0,0.3,0.0,0.3,0.0,0.0,0.0,0.0,0.0,0.25,0.0,False,25
MICALL2,0.06000000000000001,0,0,0,5.0,1.0,6.0,1.0,0.0,0.0,0.0,0.0,0.0,0.0,0.0,0.25,0.25,0.05,0.05,0.0,0.0,0.0,False,25
SCN2A,0.06000000000000001,0,0,0,8.0,1.0,9.5,1.0,0.0,0.1,0.0,0.3,0.2,0.0,0.0,0.0,0.0,0.0,0.0,0.0,0.2,0.0,False,25
PNMA2,0.06000000000000001,0,0,0,8.0,3.0,10.333333333333334,0.6666666666666666,0.0,0.0,0.0,0.4,0.0,0.2,0.0,0.0,0.0,0.0,0.0,0.0,0.1,0.0,False,25
GLYAT,0.06000000000000001,0,0,0,16.5,3.0,14.583333333333334,0.0,0.0,0.1,0.0,0.05,0.2,0.0,0.25,0.0,0.0,0.0,0.0,0.1,0.15,0.0,False,25
THAP3,0.06000000000000001,0,0,0,16.5,2.0,15.083333333333334,0.4,0.0,0.1,0.2,0.0,0.0,0.15,0.0,0.05,0.1,0.0,0.0,0.0,0.0,0.0,False,25
GTDC1,0.06,0,0,0,4.5,1.0,5.5,1.0,0.0,0.0,0.0,0.0,0.0,0.0,0.0,0.15,0.15,0.15,0.15,0.0,0.0,0.0,False,25
A2M-AS1,0.06,0,0,0,7.0,2.0,8.083333333333334,1.0,0.0,0.0,0.0,0.0,0.0,0.0,0.0,0.0,0.0,0.3,0.3,0.0,0.0,0.0,False,25
VN1R3,0.06,1,1,1,9.0,3.0,9.916666666666666,1.0,0.0,0.0,0.0,0.5,0.1,0.0,0.0,0.0,0.0,0.0,0.0,0.0,0.3,0.0,False,25
AGRN,0.06,0,0,0,11.5,5.0,10.583333333333334,1.0,0.0,0.0,0.0,0.0,0.0,0.0,0.0,0.05,0.05,0.25,0.25,0.0,0.0,0.0,False,25
INHBA,0.06,0,0,0,9.5,4.0,11.75,0.7142857142857143,0.05,0.0,0.1,0.05,0.0,0.0,0.0,0.1,0.15,0.1,0.1,0.0,0.0,0.05,False,25
PRG4,0.06,0,0,0,12.0,6.0,13.25,0.05555555555555555,0.0,0.3,0.2,0.1,0.0,0.0,0.0,0.0,0.0,0.0,0.0,0.4,0.0,0.0,False,25
LOC100422526,0.06,0,0,0,14.5,3.0,14.5,0.8888888888888888,0.0,0.05,0.05,0.3,0.1,0.1,0.0,0.0,0.0,0.0,0.0,0.0,0.15,0.0,False,25
ADH1C,0.06,0,0,0,20.0,5.0,18.5,0.25,0.2,0.05,0.0,0.0,0.1,0.05,0.15,0.1,0.05,0.05,0.05,0.15,0.1,0.2,False,25
SLC29A4,0.06,0,0,0,18.5,13.0,18.75,0.13333333333333333,0.0,0.0,0.0,0.0,0.25,0.25,0.1,0.0,0.0,0.0,0.0,0.0,0.25,0.0,False,25
RBPMS-AS1,0.06,0,0,0,19.0,12.0,18.833333333333332,0.0,0.0,0.3,0.0,0.05,0.1,0.0,0.15,0.0,0.0,0.0,0.0,0.2,0.1,0.0,False,25
CDR1,0.05500000000000001,0,0,0,16.0,1.0,14.0,0.0,0.0,0.35,0.0,0.2,0.0,0.0,0.0,0.0,0.0,0.0,0.0,0.4,0.0,0.0,False,25
LRRC15,0.05500000000000001,0,0,0,12.0,5.0,14.454545454545455,0.9523809523809523,0.75,0.0,0.1,0.0,0.0,0.0,0.0,0.15,0.2,0.05,0.05,0.0,0.0,0.75,False,25
FRMD1,0.05500000000000001,1,1,1,15.0,7.0,14.818181818181818,0.0,0.0,0.5,0.0,0.05,0.0,0.0,0.0,0.0,0.0,0.0,0.0,0.7,0.0,0.0,False,25
CORO2B,0.05500000000000001,0,0,0,22.0,14.0,20.545454545454547,0.0,0.0,0.0,0.0,0.05,0.2,0.0,0.25,0.0,0.05,0.0,0.0,0.0,0.2,0.0,False,25
ACAT1,0.05,0,0,0,11.5,5.0,11.4,1.0,0.0,0.0,0.0,0.0,0.0,0.0,0.0,0.0,0.0,0.25,0.25,0.0,0.0,0.0,False,25
SLC35A2,0.05,0,0,0,12.0,6.0,12.2,1.0,0.0,0.0,0.0,0.0,0.0,0.0,0.0,0.25,0.25,0.0,0.0,0.0,0.0,0.0,False,25
FDXACB1,0.05,0,0,0,11.0,5.0,12.6,1.0,0.0,0.0,0.0,0.4,0.05,0.05,0.0,0.0,0.0,0.0,0.0,0.0,0.25,0.0,False,25
CLGN,0.05,0,0,0,16.0,4.0,15.2,0.5555555555555556,0.0,0.0,0.1,0.05,0.0,0.35,0.0,0.0,0.0,0.0,0.0,0.0,0.0,0.0,False,25
FGF2,0.05,0,0,0,14.0,10.0,15.6,0.3,0.0,0.0,0.25,0.0,0.0,0.2,0.0,0.05,0.0,0.0,0.0,0.0,0.0,0.0,False,25
TRHDE,0.05,0,0,0,16.5,12.0,16.7,0.0,0.0,0.15,0.0,0.05,0.15,0.0,0.15,0.0,0.0,0.0,0.0,0.15,0.15,0.0,False,25
LVRN,0.05,0,0,0,19.5,12.0,19.2,0.1,0.0,0.1,0.0,0.0,0.1,0.0,0.2,0.05,0.05,0.0,0.0,0.15,0.1,0.0,False,25
APOH,0.049999999999999996,0,0,0,15.0,3.0,13.5,0.3,0.0,0.15,0.05,0.15,0.0,0.05,0.0,0.05,0.05,0.0,0.0,0.2,0.0,0.0,False,25
CLEC4GP1,0.049999999999999996,0,0,0,18.0,7.0,16.8,0.0,0.0,0.35,0.0,0.05,0.05,0.0,0.05,0.0,0.0,0.0,0.0,0.35,0.0,0.0,False,25
PARD3B,0.045000000000000005,0,0,0,11.0,2.0,10.666666666666666,0.5,0.0,0.0,0.1,0.0,0.0,0.1,0.0,0.1,0.15,0.0,0.0,0.0,0.0,0.0,False,25
ACSS2,0.045000000000000005,0,0,0,10.0,4.0,10.777777777777779,1.0,0.0,0.0,0.0,0.0,0.0,0.0,0.0,0.1,0.05,0.15,0.15,0.0,0.0,0.0,False,25
LOC100132735,0.045000000000000005,0,0,0,12.0,2.0,11.333333333333334,0.375,0.0,0.05,0.05,0.0,0.0,0.0,0.05,0.15,0.15,0.0,0.0,0.15,0.0,0.0,False,25
MYCBP2,0.045000000000000005,0,0,0,14.0,6.0,13.0,0.6666666666666666,0.1,0.0,0.0,0.0,0.0,0.0,0.0,0.05,0.1,0.15,0.15,0.0,0.0,0.1,False,25
DPY19L2P3,0.045,0,0,0,1.0,1.0,2.5555555555555554,1.0,0.0,0.15,0.0,0.15,0.15,0.0,0.0,0.0,0.0,0.0,0.0,0.0,0.15,0.0,False,25
ACAA2,0.045,0,0,0,9.0,2.0,9.11111111111111,1.0,0.0,0.0,0.0,0.0,0.0,0.0,0.0,0.0,0.05,0.2,0.2,0.0,0.0,0.0,False,25
LOC101928751,0.045,0,0,0,8.0,2.0,9.444444444444445,0.3076923076923077,0.0,0.2,0.0,0.2,0.05,0.0,0.0,0.0,0.0,0.0,0.0,0.25,0.15,0.0,False,25
FLJ27354,0.045,0,0,0,10.0,4.0,10.555555555555555,0.0,0.0,0.3,0.0,0.15,0.0,0.0,0.0,0.0,0.0,0.0,0.0,0.55,0.0,0.0,False,25
CLDN4,0.045,0,0,0,10.0,6.0,11.333333333333334,1.0,0.0,0.0,0.0,0.0,0.0,0.0,0.0,0.1,0.15,0.1,0.1,0.0,0.0,0.0,False,25
ARRDC1,0.045,0,0,0,12.0,8.0,12.666666666666666,1.0,0.0,0.0,0.0,0.0,0.0,0.0,0.0,0.0,0.05,0.2,0.2,0.0,0.0,0.0,False,25
UCP3,0.045,0,0,0,16.0,1.0,13.88888888888889,0.5714285714285714,0.0,0.05,0.25,0.05,0.0,0.0,0.0,0.0,0.0,0.05,0.05,0.0,0.0,0.0,False,25
PLA2G7,0.045,0,0,0,18.0,3.0,15.88888888888889,0.3333333333333333,0.0,0.0,0.0,0.3,0.0,0.15,0.0,0.0,0.0,0.0,0.0,0.0,0.0,0.0,False,25
FGFBP2,0.045,0,0,0,17.0,10.0,16.22222222222222,0.0,0.0,0.2,0.15,0.05,0.0,0.05,0.0,0.0,0.0,0.0,0.0,0.45,0.0,0.0,False,25
BANK1,0.045,0,0,0,15.0,2.0,16.88888888888889,0.5555555555555556,0.0,0.0,0.1,0.0,0.0,0.35,0.0,0.0,0.0,0.0,0.0,0.0,0.0,0.0,False,25
PALM,0.045,0,0,0,19.0,12.0,18.88888888888889,0.4,0.0,0.0,0.0,0.0,0.0,0.4,0.0,0.05,0.0,0.0,0.0,0.0,0.05,0.0,False,25
BRMS1,0.04,0,0,0,8.0,1.0,6.625,1.0,0.15,0.0,0.0,0.0,0.0,0.0,0.0,0.05,0.05,0.15,0.15,0.0,0.0,0.15,False,25
STIL,0.04,0,0,0,4.0,1.0,8.75,1.0,0.0,0.0,0.0,0.0,0.0,0.0,0.0,0.15,0.25,0.0,0.0,0.0,0.0,0.0,False,25
C14orf80,0.04,0,0,0,7.0,2.0,9.0,1.0,0.0,0.0,0.0,0.0,0.0,0.0,0.0,0.0,0.0,0.2,0.2,0.0,0.0,0.0,False,25
ABHD6,0.04,0,0,0,9.5,7.0,9.25,1.0,0.0,0.0,0.0,0.0,0.0,0.0,0.0,0.0,0.0,0.2,0.2,0.0,0.0,0.0,False,25
CANT1,0.04,0,0,0,11.5,4.0,10.375,1.0,0.0,0.0,0.0,0.0,0.0,0.0,0.0,0.05,0.05,0.15,0.15,0.0,0.0,0.0,False,25
LINC00471,0.04,0,0,0,8.0,4.0,10.75,1.0,0.0,0.0,0.0,0.4,0.0,0.0,0.0,0.0,0.0,0.0,0.0,0.0,0.2,0.0,False,25
WDR90,0.04,0,0,0,11.0,2.0,11.0,1.0,0.45,0.0,0.0,0.0,0.0,0.0,0.0,0.15,0.25,0.0,0.0,0.0,0.0,0.45,False,25
PLA2G2A,0.04,0,0,0,11.5,4.0,12.0,0.0,0.0,0.1,0.05,0.1,0.05,0.1,0.0,0.0,0.0,0.0,0.0,0.0,0.05,0.0,False,25
ATP2A2,0.04,0,0,0,11.5,10.0,12.25,1.0,0.0,0.0,0.0,0.0,0.0,0.0,0.0,0.05,0.05,0.15,0.15,0.0,0.0,0.0,False,25
LOC101927870,0.04,0,0,0,13.5,3.0,12.75,0.5,0.0,0.05,0.1,0.15,0.05,0.05,0.0,0.0,0.0,0.0,0.0,0.0,0.05,0.0,False,25
DSP,0.04,0,0,0,12.5,7.0,13.0,1.0,0.0,0.0,0.0,0.0,0.0,0.05,0.05,0.0,0.0,0.15,0.15,0.0,0.0,0.0,False,25
GNG2,0.04,0,0,0,12.0,3.0,13.0,1.0,0.0,0.0,0.0,0.0,0.0,0.0,0.0,0.1,0.2,0.05,0.05,0.0,0.0,0.0,False,25
LIMK2,0.04,0,0,0,12.5,3.0,13.0,1.0,0.35,0.0,0.0,0.0,0.0,0.0,0.0,0.2,0.2,0.0,0.0,0.0,0.0,0.35,False,25
IER3,0.04,0,0,0,15.0,3.0,13.125,1.0,0.05,0.0,0.0,0.0,0.0,0.0,0.0,0.1,0.1,0.1,0.1,0.0,0.0,0.05,False,25
TMEM132C,0.04,0,0,0,13.0,4.0,13.25,0.4166666666666667,0.25,0.0,0.25,0.0,0.0,0.0,0.0,0.05,0.1,0.0,0.0,0.05,0.0,0.25,False,25
ABCA1,0.04,0,0,0,13.0,5.0,13.75,1.0,0.0,0.0,0.0,0.0,0.0,0.0,0.0,0.0,0.0,0.2,0.2,0.0,0.0,0.0,False,25
CHSY1,0.04,0,0,0,15.5,8.0,15.25,0.5,0.0,0.0,0.2,0.0,0.0,0.2,0.0,0.0,0.0,0.0,0.0,0.0,0.0,0.0,False,25
DENND2A,0.04,0,0,0,15.5,8.0,16.125,0.42857142857142855,0.0,0.0,0.1,0.0,0.05,0.15,0.1,0.0,0.0,0.0,0.0,0.0,0.05,0.0,False,25
STK35,0.04,0,0,0,15.0,10.0,16.125,1.0,0.3,0.0,0.0,0.0,0.0,0.0,0.0,0.1,0.2,0.05,0.05,0.0,0.0,0.3,False,25
FBXO32,0.04,0,0,0,17.5,14.0,17.75,1.0,0.0,0.0,0.0,0.0,0.0,0.0,0.0,0.1,0.1,0.1,0.1,0.0,0.0,0.0,False,25
SULF2,0.04,0,0,0,21.0,9.0,17.75,1.0,0.0,0.0,0.1,0.0,0.0,0.0,0.0,0.05,0.05,0.1,0.1,0.0,0.0,0.0,False,25
LOC101928409,0.04,0,0,0,17.5,13.0,17.875,0.125,0.0,0.1,0.0,0.0,0.1,0.0,0.1,0.0,0.0,0.05,0.05,0.05,0.1,0.0,False,25
IGSF10,0.04,0,0,0,21.0,11.0,19.125,0.5,0.0,0.0,0.15,0.0,0.0,0.0,0.0,0.1,0.15,0.0,0.0,0.05,0.0,0.0,False,25
TAT,0.04,0,0,0,22.0,5.0,20.5,0.5,0.0,0.0,0.05,0.25,0.0,0.1,0.0,0.0,0.0,0.0,0.0,0.0,0.05,0.0,False,25
TRA2A,0.039999999999999994,0,0,0,11.0,3.0,11.0,1.0,0.1,0.0,0.0,0.0,0.0,0.0,0.0,0.15,0.15,0.05,0.05,0.0,0.0,0.1,False,25
CPM,0.039999999999999994,0,0,0,13.0,3.0,14.25,0.25,0.0,0.1,0.1,0.05,0.05,0.05,0.05,0.0,0.0,0.0,0.0,0.05,0.05,0.0,False,25
IDH1-AS1,0.039999999999999994,0,0,0,16.0,1.0,14.25,0.15384615384615385,0.0,0.1,0.25,0.0,0.0,0.05,0.0,0.0,0.0,0.0,0.0,0.25,0.0,0.0,False,25
TMED3,0.039999999999999994,0,0,0,17.5,9.0,16.625,0.42857142857142855,0.0,0.0,0.05,0.0,0.0,0.25,0.0,0.05,0.05,0.0,0.0,0.0,0.0,0.0,False,25
ADH1A,0.039999999999999994,0,0,0,20.5,6.0,19.625,0.2857142857142857,0.0,0.05,0.0,0.0,0.1,0.1,0.05,0.05,0.05,0.0,0.0,0.0,0.05,0.0,False,25
LRRC2,0.035,0,0,0,16.0,12.0,18.0,0.0,0.0,0.1,0.0,0.05,0.15,0.0,0.05,0.0,0.0,0.0,0.0,0.1,0.1,0.0,False,25
GPC3,0.034999999999999996,0,0,0,13.0,1.0,10.857142857142858,0.6666666666666666,0.0,0.0,0.2,0.0,0.0,0.05,0.0,0.0,0.0,0.05,0.05,0.0,0.0,0.0,False,25
COL10A1,0.034999999999999996,0,0,0,14.0,3.0,11.428571428571429,0.8181818181818182,0.3,0.0,0.15,0.0,0.0,0.0,0.0,0.0,0.0,0.1,0.1,0.0,0.0,0.3,False,25
STX7,0.034999999999999996,0,0,0,13.0,2.0,12.142857142857142,0.5,0.15,0.0,0.0,0.0,0.0,0.0,0.0,0.15,0.2,0.0,0.0,0.0,0.0,0.15,False,25
ABCC5,0.034999999999999996,0,0,0,8.0,6.0,12.285714285714286,1.0,0.05,0.0,0.0,0.0,0.0,0.0,0.0,0.0,0.05,0.15,0.15,0.0,0.0,0.05,False,25
PDE11A,0.034999999999999996,0,0,0,13.0,3.0,12.714285714285714,0.3333333333333333,0.0,0.1,0.0,0.05,0.0,0.0,0.1,0.05,0.05,0.0,0.0,0.0,0.0,0.0,False,25
ARNT2,0.034999999999999996,0,0,0,14.0,9.0,13.857142857142858,0.8571428571428571,0.15,0.0,0.05,0.0,0.0,0.0,0.0,0.05,0.05,0.1,0.1,0.0,0.0,0.15,False,25
ADRA1A,0.034999999999999996,0,0,0,13.0,7.0,14.0,0.0,0.0,0.05,0.0,0.05,0.15,0.0,0.1,0.0,0.0,0.0,0.0,0.1,0.15,0.0,False,25
ENTPD7,0.034999999999999996,0,0,0,16.0,5.0,14.428571428571429,0.8333333333333334,0.0,0.05,0.1,0.0,0.0,0.1,0.0,0.0,0.0,0.05,0.05,0.0,0.0,0.0,False,25
RBM12B,0.034999999999999996,0,0,0,15.0,4.0,14.571428571428571,1.0,0.1,0.0,0.0,0.0,0.0,0.0,0.0,0.1,0.15,0.05,0.05,0.0,0.0,0.1,False,25
KLF15,0.034999999999999996,0,0,0,18.0,4.0,15.428571428571429,0.5714285714285714,0.0,0.0,0.25,0.0,0.0,0.1,0.0,0.0,0.0,0.0,0.0,0.0,0.0,0.0,False,25
MYO5B,0.034999999999999996,0,0,0,14.0,9.0,16.0,0.8,0.05,0.0,0.0,0.0,0.0,0.1,0.0,0.1,0.15,0.0,0.0,0.0,0.0,0.05,False,25
EIF3C,0.034999999999999996,0,0,0,13.0,13.0,16.142857142857142,1.0,0.15,0.0,0.0,0.0,0.0,0.0,0.0,0.05,0.05,0.15,0.1,0.0,0.0,0.15,False,25
KCNA2,0.034999999999999996,0,0,0,21.0,3.0,16.428571428571427,0.4,0.0,0.05,0.1,0.05,0.05,0.05,0.0,0.0,0.05,0.0,0.0,0.0,0.0,0.0,False,25
C1QTNF7,0.034999999999999996,0,0,0,14.0,10.0,16.714285714285715,0.16666666666666666,0.0,0.05,0.05,0.0,0.05,0.05,0.05,0.05,0.05,0.0,0.0,0.0,0.05,0.0,False,25
NKAPL,0.034999999999999996,0,0,0,19.0,14.0,17.285714285714285,1.0,0.0,0.0,0.0,0.0,0.0,0.05,0.0,0.05,0.05,0.1,0.1,0.0,0.0,0.0,False,25
MYOC,0.034999999999999996,0,0,0,18.0,14.0,17.857142857142858,0.0,0.0,0.0,0.0,0.0,0.15,0.0,0.2,0.0,0.0,0.0,0.0,0.0,0.2,0.0,False,25
PAFAH1B3,0.034999999999999996,0,0,0,20.0,10.0,18.142857142857142,1.0,0.0,0.0,0.0,0.0,0.0,0.0,0.0,0.2,0.15,0.0,0.0,0.0,0.0,0.0,False,25
MMP28,0.034999999999999996,0,0,0,23.0,4.0,19.571428571428573,0.4,0.0,0.05,0.15,0.0,0.0,0.05,0.0,0.0,0.1,0.0,0.0,0.0,0.0,0.0,False,25
PLPP7,0.034999999999999996,0,0,0,19.0,15.0,19.714285714285715,0.0,0.0,0.1,0.0,0.0,0.1,0.0,0.15,0.0,0.0,0.0,0.0,0.05,0.05,0.0,False,25
CIDEA,0.034999999999999996,0,0,0,19.0,12.0,19.857142857142858,0.14285714285714285,0.05,0.0,0.0,0.0,0.05,0.0,0.2,0.05,0.05,0.0,0.0,0.15,0.05,0.05,False,25
RHOXF1,0.034999999999999996,0,0,0,24.0,13.0,21.571428571428573,0.2857142857142857,0.0,0.05,0.0,0.0,0.1,0.1,0.1,0.0,0.0,0.0,0.0,0.0,0.1,0.0,False,25
ADRB1,0.030000000000000006,0,0,0,9.0,2.0,9.833333333333334,0.3,0.2,0.0,0.1,0.0,0.0,0.2,0.0,0.0,0.0,0.0,0.0,0.0,0.0,0.2,False,25
SNCG,0.030000000000000006,0,0,0,12.0,4.0,11.333333333333334,0.25,0.0,0.0,0.0,0.0,0.1,0.2,0.0,0.0,0.0,0.0,0.0,0.0,0.1,0.0,False,25
CREB5,0.030000000000000006,0,0,0,15.0,2.0,12.666666666666666,0.1111111111111111,0.0,0.1,0.05,0.15,0.0,0.0,0.0,0.0,0.0,0.0,0.0,0.3,0.0,0.0,False,25
SOX5,0.030000000000000006,0,0,0,16.0,7.0,15.5,0.42857142857142855,0.0,0.05,0.05,0.0,0.05,0.15,0.0,0.0,0.0,0.0,0.0,0.0,0.05,0.0,False,25
PYGM,0.030000000000000006,0,0,0,17.5,12.0,17.5,0.0,0.0,0.1,0.0,0.0,0.1,0.0,0.1,0.0,0.0,0.0,0.0,0.05,0.05,0.0,False,25
RDH5,0.030000000000000006,0,0,0,19.0,14.0,19.166666666666668,0.25,0.0,0.0,0.05,0.0,0.0,0.1,0.0,0.05,0.1,0.0,0.0,0.0,0.0,0.0,False,25
DNMT3A,0.03,0,0,0,7.5,3.0,6.5,1.0,0.05,0.0,0.0,0.0,0.0,0.0,0.0,0.1,0.1,0.05,0.05,0.0,0.0,0.05,False,25
SMARCA4,0.03,0,0,0,7.0,5.0,7.833333333333333,1.0,0.0,0.0,0.0,0.0,0.0,0.0,0.0,0.15,0.15,0.0,0.0,0.0,0.0,0.0,False,25
PLCL2,0.03,0,0,0,5.0,2.0,9.5,1.0,0.0,0.0,0.0,0.0,0.0,0.0,0.0,0.15,0.15,0.0,0.0,0.0,0.0,0.0,False,25
BGN,0.03,0,0,0,9.0,6.0,10.5,1.0,0.4,0.0,0.0,0.0,0.0,0.0,0.0,0.0,0.0,0.15,0.15,0.0,0.0,0.4,False,25
ADCY6,0.03,0,0,0,13.0,3.0,11.333333333333334,0.3333333333333333,0.0,0.0,0.0,0.0,0.0,0.3,0.0,0.0,0.0,0.0,0.0,0.0,0.0,0.0,False,25
MRAS,0.03,0,0,0,10.5,7.0,11.666666666666666,1.0,0.0,0.0,0.0,0.0,0.0,0.0,0.0,0.15,0.15,0.0,0.0,0.0,0.0,0.0,False,25
ANLN,0.03,0,0,0,10.0,5.0,12.166666666666666,1.0,0.0,0.0,0.0,0.0,0.0,0.0,0.0,0.15,0.15,0.0,0.0,0.0,0.0,0.0,False,25
MYO19,0.03,0,0,0,14.0,7.0,13.166666666666666,1.0,0.05,0.0,0.0,0.0,0.0,0.0,0.0,0.15,0.15,0.0,0.0,0.0,0.0,0.05,False,25
AHCY,0.03,0,0,0,12.0,9.0,13.333333333333334,1.0,0.0,0.0,0.0,0.0,0.0,0.0,0.0,0.0,0.0,0.15,0.15,0.0,0.0,0.0,False,25
PDE2A,0.03,0,0,0,17.5,1.0,13.5,1.0,0.0,0.0,0.15,0.0,0.0,0.0,0.0,0.1,0.05,0.0,0.0,0.0,0.0,0.0,False,25
ANGPTL8,0.03,0,0,0,16.0,5.0,14.666666666666666,0.0,0.0,0.0,0.0,0.05,0.2,0.0,0.05,0.0,0.0,0.0,0.0,0.05,0.2,0.0,False,25
ABHD15,0.03,0,0,0,17.5,8.0,14.833333333333334,1.0,0.0,0.0,0.0,0.0,0.0,0.0,0.0,0.0,0.0,0.15,0.15,0.0,0.0,0.0,False,25
SLC16A7,0.03,0,0,0,16.0,4.0,15.333333333333334,1.0,0.0,0.0,0.0,0.0,0.0,0.0,0.0,0.15,0.15,0.0,0.0,0.0,0.0,0.0,False,25
CLK2,0.03,0,0,0,19.5,18.0,19.333333333333332,1.0,0.0,0.0,0.0,0.0,0.0,0.0,0.0,0.0,0.0,0.15,0.15,0.0,0.0,0.0,False,25
DACT2,0.03,0,0,0,21.5,16.0,21.0,0.0,0.0,0.15,0.1,0.05,0.0,0.0,0.0,0.0,0.0,0.0,0.0,0.0,0.0,0.0,False,25
PIGW,0.03,0,0,0,21.0,20.0,21.333333333333332,1.0,0.0,0.0,0.0,0.0,0.0,0.0,0.0,0.0,0.0,0.15,0.15,0.0,0.0,0.0,False,25
MGARP,0.025,0,0,0,6.0,2.0,6.2,0.75,0.0,0.05,0.05,0.1,0.0,0.05,0.0,0.0,0.0,0.0,0.0,0.0,0.05,0.0,False,25
MARC1,0.025,0,0,0,4.0,2.0,9.4,0.0,0.0,0.1,0.1,0.0,0.0,0.05,0.0,0.0,0.0,0.0,0.0,0.0,0.0,0.0,False,25
ADIRF,0.025,0,0,0,8.0,5.0,10.2,1.0,0.0,0.0,0.0,0.0,0.0,0.0,0.0,0.05,0.0,0.1,0.1,0.0,0.0,0.0,False,25
OR51E1,0.025,0,0,0,9.0,3.0,10.2,0.6,0.0,0.05,0.1,0.05,0.0,0.05,0.0,0.0,0.0,0.0,0.0,0.05,0.0,0.0,False,25
PCDHGA9,0.025,0,0,0,10.0,1.0,10.8,0.0,0.0,0.15,0.0,0.1,0.0,0.0,0.0,0.0,0.0,0.0,0.0,0.2,0.0,0.0,False,25
LEF1,0.025,0,0,0,8.0,5.0,11.2,0.25,0.0,0.0,0.2,0.05,0.0,0.0,0.0,0.0,0.0,0.0,0.0,0.0,0.0,0.0,False,25
LINC00667,0.025,0,0,0,15.0,2.0,12.0,0.5,0.0,0.0,0.2,0.0,0.0,0.0,0.0,0.0,0.05,0.0,0.0,0.0,0.0,0.0,False,25
SLC46A2,0.025,0,0,0,7.0,3.0,12.0,,0.0,0.0,0.0,0.25,0.0,0.0,0.0,0.0,0.0,0.0,0.0,0.0,0.0,0.0,False,25
TRMT13,0.025,0,0,0,9.0,8.0,12.0,0.5,0.0,0.0,0.15,0.05,0.0,0.05,0.0,0.0,0.0,0.0,0.0,0.0,0.0,0.0,False,25
FAM149A,0.025,0,0,0,6.0,4.0,12.4,0.6,0.0,0.0,0.1,0.0,0.0,0.15,0.0,0.0,0.0,0.0,0.0,0.0,0.0,0.0,False,25
F2R,0.025,0,0,0,12.0,8.0,12.8,0.5,0.0,0.0,0.0,0.15,0.0,0.1,0.0,0.0,0.0,0.0,0.0,0.0,0.0,0.0,False,25
LSM6,0.025,0,0,0,13.0,10.0,12.8,0.75,0.05,0.0,0.05,0.0,0.0,0.0,0.0,0.05,0.05,0.05,0.05,0.0,0.0,0.05,False,25
FGFRL1,0.025,0,0,0,18.0,5.0,14.0,0.4,0.0,0.05,0.05,0.0,0.0,0.15,0.0,0.0,0.0,0.0,0.0,0.0,0.0,0.0,False,25
KLHL31,0.025,0,0,0,12.0,3.0,14.2,0.4,0.0,0.05,0.1,0.0,0.0,0.1,0.0,0.0,0.0,0.0,0.0,0.0,0.0,0.0,False,25
LINC00968,0.025,0,0,0,14.0,8.0,14.6,0.14285714285714285,0.0,0.15,0.05,0.05,0.0,0.0,0.0,0.0,0.0,0.0,0.0,0.15,0.0,0.0,False,25
CA4,0.025,0,0,0,16.0,8.0,15.0,0.6666666666666666,0.0,0.05,0.0,0.0,0.0,0.0,0.0,0.1,0.1,0.0,0.0,0.0,0.0,0.0,False,25
LOC101928068,0.025,0,0,0,13.0,6.0,15.0,0.6666666666666666,0.0,0.0,0.05,0.0,0.0,0.0,0.05,0.1,0.05,0.0,0.0,0.0,0.0,0.0,False,25
TRDN,0.025,0,0,0,24.0,2.0,15.6,0.0,0.0,0.1,0.0,0.0,0.1,0.0,0.05,0.0,0.0,0.0,0.0,0.05,0.05,0.0,False,25
ALCAM,0.025,0,0,0,16.0,7.0,16.0,0.75,0.0,0.0,0.0,0.0,0.0,0.15,0.0,0.0,0.0,0.05,0.05,0.0,0.0,0.0,False,25
DDX31,0.025,0,0,0,23.0,4.0,16.0,0.6666666666666666,0.0,0.0,0.05,0.0,0.0,0.0,0.0,0.0,0.0,0.1,0.1,0.0,0.0,0.0,False,25
KIAA0907,0.025,0,0,0,17.0,14.0,17.4,1.0,0.1,0.0,0.0,0.0,0.0,0.0,0.0,0.15,0.1,0.0,0.0,0.0,0.0,0.1,False,25
ROGDI,0.025,0,0,0,18.0,12.0,17.4,1.0,0.0,0.0,0.0,0.0,0.0,0.0,0.0,0.15,0.1,0.0,0.0,0.0,0.0,0.0,False,25
KLB,0.025,0,0,0,17.0,12.0,17.6,0.2,0.05,0.05,0.0,0.05,0.0,0.0,0.05,0.05,0.05,0.0,0.0,0.1,0.0,0.05,False,25
ALDOC,0.025,0,0,0,20.0,12.0,17.8,0.75,0.0,0.0,0.05,0.0,0.0,0.0,0.0,0.1,0.0,0.05,0.05,0.0,0.0,0.0,False,25
IFNLR1,0.025,0,0,0,19.0,6.0,18.2,0.0,0.0,0.0,0.05,0.2,0.0,0.0,0.0,0.0,0.0,0.0,0.0,0.0,0.0,0.0,False,25
ADAMTS9-AS1,0.025,0,0,0,22.0,8.0,19.4,0.0,0.0,0.2,0.0,0.05,0.0,0.0,0.0,0.0,0.0,0.0,0.0,0.25,0.0,0.0,False,25
SLC44A1,0.025,0,0,0,22.0,15.0,20.0,0.6666666666666666,0.0,0.0,0.05,0.0,0.0,0.05,0.0,0.05,0.1,0.0,0.0,0.0,0.0,0.0,False,25
FHL5,0.025,0,0,0,21.0,19.0,20.8,0.0,0.0,0.1,0.0,0.0,0.1,0.0,0.05,0.0,0.0,0.0,0.0,0.0,0.05,0.0,False,25
CNRIP1,0.02,0,0,0,4.5,2.0,5.0,0.6666666666666666,0.05,0.0,0.0,0.0,0.0,0.0,0.0,0.1,0.1,0.0,0.0,0.0,0.0,0.05,False,25
GNAI1,0.02,0,0,0,5.5,2.0,5.75,1.0,0.0,0.0,0.0,0.0,0.0,0.0,0.0,0.1,0.1,0.0,0.0,0.0,0.0,0.0,False,25
SLC16A6,0.02,0,0,0,6.0,4.0,5.75,0.5,0.0,0.0,0.2,0.0,0.0,0.0,0.0,0.0,0.0,0.0,0.0,0.0,0.0,0.0,False,25
ANGPTL2,0.02,0,0,0,6.5,5.0,6.25,1.0,0.0,0.0,0.0,0.0,0.0,0.0,0.0,0.1,0.1,0.0,0.0,0.0,0.0,0.0,False,25
RUSC1-AS1,0.02,0,0,0,6.5,3.0,6.25,1.0,0.0,0.0,0.0,0.0,0.0,0.0,0.0,0.1,0.1,0.0,0.0,0.0,0.0,0.0,False,25
AAED1,0.02,0,0,0,8.0,7.0,8.5,1.0,0.0,0.0,0.0,0.0,0.0,0.0,0.0,0.0,0.0,0.1,0.1,0.0,0.0,0.0,False,25
CCDC15,0.02,0,0,0,8.5,2.0,8.5,0.75,0.0,0.0,0.2,0.0,0.0,0.0,0.0,0.0,0.0,0.0,0.0,0.0,0.0,0.0,False,25
DTX1,0.02,0,0,0,8.5,7.0,8.75,1.0,0.0,0.0,0.0,0.0,0.0,0.0,0.0,0.1,0.1,0.0,0.0,0.0,0.0,0.0,False,25
HCAR3,0.02,0,0,0,9.0,1.0,9.0,0.5,0.0,0.0,0.0,0.0,0.0,0.2,0.0,0.0,0.0,0.0,0.0,0.0,0.0,0.0,False,25
SPINT2,0.02,0,0,0,9.5,3.0,9.25,1.0,0.0,0.0,0.0,0.0,0.0,0.0,0.0,0.1,0.1,0.0,0.0,0.0,0.0,0.0,False,25
ALDH1L1-AS2,0.02,0,0,0,9.0,8.0,9.5,1.0,0.0,0.0,0.0,0.0,0.0,0.0,0.0,0.0,0.0,0.1,0.1,0.0,0.0,0.0,False,25
PCOLCE2,0.02,0,0,0,9.0,6.0,9.75,1.0,0.0,0.0,0.0,0.0,0.0,0.0,0.0,0.1,0.1,0.0,0.0,0.0,0.0,0.0,False,25
SNTA1,0.02,0,0,0,9.0,5.0,9.75,0.0,0.0,0.0,0.15,0.05,0.0,0.0,0.0,0.0,0.0,0.0,0.0,0.0,0.0,0.0,False,25
ESRP1,0.02,0,0,0,10.0,8.0,10.25,1.0,0.0,0.0,0.0,0.0,0.0,0.0,0.0,0.05,0.05,0.05,0.05,0.0,0.0,0.0,False,25
PGM2L1,0.02,0,0,0,7.5,2.0,10.25,1.0,0.0,0.0,0.0,0.05,0.0,0.0,0.0,0.05,0.05,0.0,0.05,0.0,0.0,0.0,False,25
LOC283588,0.02,0,0,0,9.5,5.0,10.5,0.6666666666666666,0.0,0.0,0.1,0.05,0.0,0.05,0.0,0.0,0.0,0.0,0.0,0.0,0.0,0.0,False,25
MSH3,0.02,0,0,0,10.5,6.0,10.5,0.25,0.0,0.1,0.1,0.0,0.0,0.0,0.0,0.0,0.0,0.0,0.0,0.0,0.0,0.0,False,25
NPR1,0.02,0,0,0,11.5,7.0,11.25,1.0,0.0,0.0,0.0,0.0,0.0,0.0,0.0,0.05,0.05,0.05,0.05,0.0,0.0,0.0,False,25
LAMA4,0.02,0,0,0,11.5,11.0,11.75,1.0,0.0,0.0,0.0,0.0,0.0,0.0,0.0,0.1,0.1,0.0,0.0,0.0,0.0,0.0,False,25
GSTM5,0.02,0,0,0,12.5,7.0,12.25,0.0,0.0,0.15,0.05,0.0,0.0,0.0,0.0,0.0,0.0,0.0,0.0,0.15,0.0,0.0,False,25
AFAP1L1,0.02,0,0,0,13.5,9.0,12.5,1.0,0.0,0.0,0.0,0.0,0.0,0.0,0.0,0.05,0.05,0.05,0.05,0.0,0.0,0.0,False,25
AMIGO1,0.02,0,0,0,14.0,5.0,13.0,1.0,0.0,0.0,0.2,0.0,0.0,0.0,0.0,0.0,0.0,0.0,0.0,0.0,0.0,0.0,False,25
ANK2,0.02,0,0,0,11.5,9.0,13.0,1.0,0.0,0.0,0.05,0.0,0.0,0.0,0.0,0.1,0.05,0.0,0.0,0.0,0.0,0.0,False,25
CADM2,0.02,0,0,0,10.5,7.0,13.0,0.0,0.0,0.05,0.05,0.0,0.05,0.05,0.0,0.0,0.0,0.0,0.0,0.0,0.0,0.0,False,25
CMA1,0.02,0,0,0,12.0,10.0,13.25,1.0,0.0,0.0,0.0,0.0,0.0,0.0,0.0,0.05,0.05,0.05,0.05,0.0,0.0,0.0,False,25
FCN2,0.02,0,0,0,13.5,1.0,13.25,0.5,0.0,0.05,0.05,0.0,0.0,0.0,0.0,0.0,0.0,0.05,0.05,0.05,0.0,0.0,False,25
SLC52A2,0.02,0,0,0,13.0,5.0,13.25,1.0,0.0,0.0,0.0,0.0,0.0,0.0,0.0,0.05,0.05,0.05,0.05,0.0,0.0,0.0,False,25
ITGA7,0.02,0,0,0,12.5,11.0,13.5,1.0,0.0,0.0,0.0,0.0,0.0,0.0,0.0,0.1,0.1,0.0,0.0,0.0,0.0,0.0,False,25
PPP1R26-AS1,0.02,0,0,0,12.0,11.0,13.5,1.0,0.0,0.0,0.0,0.0,0.0,0.0,0.0,0.1,0.1,0.0,0.0,0.0,0.0,0.0,False,25
ERVFRD-1,0.02,0,0,0,13.0,5.0,14.0,0.25,0.0,0.0,0.0,0.0,0.1,0.0,0.0,0.0,0.0,0.05,0.05,0.0,0.05,0.0,False,25
LRFN5,0.02,0,0,0,14.5,3.0,14.25,0.25,0.0,0.05,0.15,0.0,0.0,0.0,0.0,0.0,0.0,0.0,0.0,0.0,0.0,0.0,False,25
PTPRM,0.02,0,0,0,17.0,5.0,14.25,1.0,0.0,0.0,0.0,0.0,0.0,0.0,0.0,0.1,0.1,0.0,0.0,0.0,0.0,0.0,False,25
SIGLEC9,0.02,0,0,0,14.5,7.0,14.25,,0.0,0.0,0.0,0.2,0.0,0.0,0.0,0.0,0.0,0.0,0.0,0.0,0.0,0.0,False,25
WDR6,0.02,0,0,0,15.0,7.0,14.25,1.0,0.0,0.0,0.0,0.0,0.0,0.0,0.0,0.05,0.05,0.05,0.05,0.0,0.0,0.0,False,25
ZAK,0.02,0,0,0,14.5,3.0,14.25,1.0,0.0,0.0,0.0,0.0,0.0,0.0,0.0,0.1,0.1,0.0,0.0,0.0,0.0,0.0,False,25
CEBPA,0.02,0,0,0,15.0,6.0,14.5,0.75,0.05,0.0,0.0,0.0,0.0,0.0,0.0,0.15,0.05,0.0,0.0,0.0,0.0,0.05,False,25
USP43,0.02,0,0,0,13.5,7.0,14.5,0.3333333333333333,0.0,0.0,0.0,0.05,0.0,0.15,0.0,0.0,0.0,0.0,0.0,0.0,0.0,0.0,False,25
WDR34,0.02,0,0,0,14.0,12.0,14.5,1.0,0.0,0.0,0.0,0.0,0.0,0.0,0.0,0.1,0.1,0.0,0.0,0.0,0.0,0.0,False,25
C10orf2,0.02,0,0,0,14.5,9.0,14.75,1.0,0.1,0.0,0.0,0.0,0.0,0.0,0.0,0.0,0.0,0.1,0.1,0.0,0.0,0.1,False,25
LINC00665,0.02,0,0,0,14.5,13.0,14.75,1.0,0.1,0.0,0.0,0.0,0.0,0.0,0.0,0.05,0.05,0.05,0.05,0.0,0.0,0.1,False,25
THSD7B,0.02,0,0,0,16.0,8.0,14.75,0.5,0.0,0.0,0.05,0.0,0.0,0.1,0.0,0.05,0.0,0.0,0.0,0.0,0.0,0.0,False,25
RHOT2,0.02,0,0,0,14.5,14.0,15.25,1.0,0.0,0.0,0.0,0.0,0.0,0.0,0.0,0.05,0.05,0.05,0.05,0.0,0.0,0.0,False,25
PPP2R1B,0.02,0,0,0,17.5,8.0,15.5,1.0,0.0,0.0,0.0,0.0,0.0,0.0,0.0,0.1,0.1,0.0,0.0,0.0,0.0,0.0,False,25
CCNE2,0.02,0,0,0,16.0,15.0,15.75,1.0,0.0,0.0,0.0,0.0,0.0,0.0,0.0,0.0,0.0,0.1,0.1,0.0,0.0,0.0,False,25
FAM169B,0.02,0,0,0,15.0,12.0,15.75,1.0,0.0,0.0,0.0,0.2,0.0,0.0,0.0,0.0,0.0,0.0,0.0,0.0,0.05,0.0,False,25
LOC101928429,0.02,0,0,0,17.5,5.0,15.75,,0.0,0.0,0.0,0.2,0.0,0.0,0.0,0.0,0.0,0.0,0.0,0.0,0.0,0.0,False,25
SKAP2,0.02,0,0,0,16.0,12.0,15.75,1.0,0.0,0.0,0.0,0.0,0.0,0.0,0.0,0.05,0.05,0.05,0.05,0.0,0.0,0.0,False,25
ANKRD10-IT1,0.02,0,0,0,16.5,14.0,16.0,1.0,0.0,0.0,0.0,0.0,0.0,0.0,0.0,0.05,0.05,0.05,0.05,0.0,0.0,0.0,False,25
FTCDNL1,0.02,0,0,0,15.5,9.0,16.0,0.0,0.0,0.0,0.1,0.1,0.0,0.0,0.0,0.0,0.0,0.0,0.0,0.0,0.0,0.0,False,25
RAI14,0.02,0,0,0,16.0,15.0,16.0,1.0,0.0,0.0,0.0,0.0,0.0,0.0,0.0,0.0,0.0,0.1,0.1,0.0,0.0,0.0,False,25
ZNF692,0.02,0,0,0,17.5,11.0,16.5,1.0,0.2,0.0,0.0,0.0,0.0,0.0,0.0,0.1,0.1,0.0,0.0,0.0,0.0,0.2,False,25
LOC102723886,0.02,0,0,0,20.0,4.0,17.0,0.14285714285714285,0.0,0.1,0.0,0.0,0.0,0.0,0.0,0.0,0.0,0.05,0.05,0.2,0.0,0.0,False,25
SUGT1P3,0.02,0,0,0,19.5,5.0,17.0,,0.0,0.0,0.0,0.2,0.0,0.0,0.0,0.0,0.0,0.0,0.0,0.0,0.0,0.0,False,25
AKR1C3,0.02,0,0,0,17.0,15.0,17.25,1.0,0.0,0.0,0.0,0.0,0.0,0.0,0.0,0.05,0.05,0.05,0.05,0.0,0.0,0.0,False,25
ECM2,0.02,0,0,0,16.5,15.0,17.25,1.0,0.0,0.0,0.0,0.0,0.0,0.0,0.0,0.1,0.1,0.0,0.0,0.0,0.0,0.0,False,25
MOCS1,0.02,0,0,0,18.0,8.0,17.25,0.5,0.0,0.05,0.15,0.0,0.0,0.0,0.0,0.0,0.0,0.0,0.0,0.0,0.0,0.0,False,25
PRICKLE2,0.02,0,0,0,17.5,13.0,17.25,1.0,0.0,0.0,0.0,0.0,0.0,0.0,0.0,0.1,0.1,0.0,0.0,0.0,0.0,0.0,False,25
ZNF764,0.02,0,0,0,18.5,12.0,17.25,1.0,0.0,0.0,0.0,0.0,0.0,0.0,0.0,0.05,0.05,0.05,0.05,0.0,0.0,0.0,False,25
APIP,0.02,0,0,0,17.5,16.0,17.5,1.0,0.0,0.0,0.0,0.0,0.0,0.0,0.0,0.0,0.0,0.1,0.1,0.0,0.0,0.0,False,25
CDC42EP2,0.02,0,0,0,19.5,8.0,17.75,0.3333333333333333,0.0,0.05,0.0,0.05,0.05,0.05,0.0,0.0,0.0,0.0,0.0,0.0,0.0,0.0,False,25
GLYCTK,0.02,0,0,0,20.0,8.0,18.0,0.5,0.0,0.05,0.05,0.0,0.0,0.1,0.0,0.0,0.0,0.0,0.0,0.0,0.0,0.0,False,25
ANXA2P3,0.02,0,0,0,17.5,14.0,18.25,0.5,0.0,0.0,0.2,0.0,0.0,0.0,0.0,0.0,0.0,0.0,0.0,0.0,0.0,0.0,False,25
MFSD6,0.02,0,0,0,18.5,15.0,18.5,1.0,0.0,0.0,0.0,0.0,0.0,0.0,0.0,0.0,0.0,0.1,0.1,0.0,0.0,0.0,False,25
PHACTR4,0.02,0,0,0,19.5,10.0,18.5,0.5,0.0,0.0,0.05,0.05,0.0,0.0,0.0,0.0,0.0,0.05,0.05,0.0,0.0,0.0,False,25
TMEM246,0.02,0,0,0,17.5,16.0,18.5,0.0,0.0,0.05,0.0,0.0,0.05,0.0,0.1,0.0,0.0,0.0,0.0,0.0,0.1,0.0,False,25
DCUN1D3,0.02,0,0,0,23.5,3.0,18.75,1.0,0.0,0.0,0.0,0.1,0.0,0.0,0.0,0.1,0.0,0.0,0.0,0.0,0.0,0.0,False,25
CBX4,0.02,0,0,0,22.5,10.0,19.5,1.0,0.0,0.0,0.0,0.0,0.0,0.0,0.0,0.1,0.1,0.0,0.0,0.0,0.0,0.0,False,25
PKD1L2,0.02,0,0,0,20.5,14.0,19.5,0.0,0.0,0.0,0.0,0.05,0.05,0.05,0.05,0.0,0.0,0.0,0.0,0.0,0.05,0.0,False,25
RORB,0.02,0,0,0,21.0,15.0,20.5,0.0,0.0,0.05,0.0,0.05,0.05,0.0,0.05,0.0,0.0,0.0,0.0,0.05,0.0,0.0,False,25
SGK2,0.02,0,0,0,20.5,17.0,20.75,0.0,0.0,0.0,0.0,0.0,0.1,0.0,0.1,0.0,0.0,0.0,0.0,0.0,0.05,0.0,False,25
PFKFB4,0.02,0,0,0,22.5,15.0,21.25,1.0,0.1,0.0,0.0,0.0,0.0,0.0,0.0,0.15,0.05,0.0,0.0,0.0,0.0,0.1,False,25
LOC90768,0.02,0,0,0,21.0,20.0,21.75,0.0,0.0,0.0,0.0,0.05,0.05,0.0,0.1,0.0,0.0,0.0,0.0,0.0,0.05,0.0,False,25
RUNDC3B,0.02,0,0,0,22.0,21.0,21.75,1.0,0.0,0.0,0.0,0.0,0.0,0.0,0.0,0.0,0.0,0.1,0.1,0.0,0.0,0.0,False,25
SPATA9,0.02,0,0,0,23.0,21.0,22.75,0.0,0.0,0.0,0.0,0.0,0.1,0.0,0.1,0.0,0.0,0.0,0.0,0.0,0.05,0.0,False,25
MANEAL,0.02,0,0,0,22.5,22.0,23.0,1.0,0.0,0.0,0.0,0.0,0.0,0.0,0.0,0.0,0.0,0.1,0.1,0.0,0.0,0.0,False,25
ARHGAP20,0.015000000000000003,0,0,0,1.0,1.0,4.666666666666667,1.0,0.0,0.0,0.0,0.0,0.0,0.0,0.0,0.1,0.05,0.0,0.0,0.0,0.0,0.0,False,25
SLC12A7,0.015000000000000003,0,0,0,1.0,1.0,6.333333333333333,1.0,0.0,0.0,0.0,0.0,0.0,0.0,0.0,0.05,0.1,0.0,0.0,0.0,0.0,0.0,False,25
SCRN2,0.015000000000000003,0,0,0,7.0,3.0,6.666666666666667,1.0,0.0,0.0,0.0,0.0,0.0,0.0,0.0,0.1,0.05,0.0,0.0,0.0,0.0,0.0,False,25
PLPP3,0.015000000000000003,0,0,0,1.0,1.0,7.666666666666667,1.0,0.0,0.0,0.0,0.0,0.0,0.0,0.0,0.1,0.05,0.0,0.0,0.0,0.0,0.0,False,25
TET3,0.015000000000000003,0,0,0,4.0,3.0,8.333333333333334,1.0,0.05,0.0,0.0,0.0,0.0,0.0,0.0,0.1,0.05,0.0,0.0,0.0,0.0,0.05,False,25
TLN2,0.015000000000000003,0,0,0,8.0,7.0,8.333333333333334,0.5,0.0,0.0,0.0,0.0,0.0,0.05,0.0,0.05,0.05,0.0,0.0,0.0,0.0,0.0,False,25
PFKFB3,0.015000000000000003,0,0,0,4.0,4.0,8.666666666666666,1.0,0.0,0.0,0.0,0.05,0.0,0.0,0.0,0.05,0.05,0.0,0.0,0.0,0.0,0.0,False,25
LAMP5,0.015000000000000003,0,0,0,8.0,4.0,9.0,1.0,0.0,0.0,0.0,0.05,0.0,0.1,0.0,0.0,0.0,0.0,0.0,0.0,0.0,0.0,False,25
MICAL2,0.015000000000000003,0,0,0,5.0,4.0,9.666666666666666,1.0,0.0,0.0,0.0,0.0,0.0,0.0,0.0,0.05,0.1,0.0,0.0,0.0,0.0,0.0,False,25
EML5,0.015000000000000003,0,0,0,7.0,6.0,10.333333333333334,1.0,0.0,0.0,0.0,0.05,0.05,0.05,0.0,0.0,0.0,0.0,0.0,0.0,0.05,0.0,False,25
TEF,0.015000000000000003,0,0,0,12.0,5.0,10.666666666666666,0.5,0.0,0.0,0.05,0.05,0.0,0.05,0.0,0.0,0.0,0.0,0.0,0.0,0.0,0.0,False,25
NIPSNAP1,0.015000000000000003,0,0,0,11.0,9.0,11.333333333333334,1.0,0.0,0.0,0.0,0.0,0.0,0.0,0.0,0.05,0.1,0.0,0.0,0.0,0.0,0.0,False,25
FOXO6,0.015000000000000003,0,0,0,12.0,11.0,12.0,1.0,0.05,0.0,0.0,0.0,0.0,0.0,0.0,0.0,0.05,0.05,0.05,0.0,0.0,0.05,False,25
CDKN2C,0.015000000000000003,0,0,0,13.0,11.0,12.333333333333334,1.0,0.0,0.0,0.0,0.0,0.0,0.0,0.0,0.1,0.05,0.0,0.0,0.0,0.0,0.0,False,25
TM7SF2,0.015000000000000003,0,0,0,11.0,8.0,12.333333333333334,0.0,0.0,0.0,0.1,0.0,0.0,0.05,0.0,0.0,0.0,0.0,0.0,0.0,0.0,0.0,False,25
IRF2BP2,0.015000000000000003,0,0,0,12.0,2.0,12.666666666666666,1.0,0.0,0.0,0.05,0.05,0.0,0.05,0.0,0.0,0.0,0.0,0.0,0.0,0.0,0.0,False,25
YTHDF1,0.015000000000000003,0,0,0,13.0,10.0,12.666666666666666,1.0,0.0,0.0,0.0,0.0,0.0,0.0,0.0,0.05,0.1,0.0,0.0,0.0,0.0,0.0,False,25
ANKRD35,0.015000000000000003,0,0,0,7.0,7.0,13.0,1.0,0.0,0.0,0.0,0.0,0.0,0.0,0.0,0.0,0.05,0.05,0.05,0.0,0.0,0.0,False,25
CKAP4,0.015000000000000003,0,0,0,11.0,10.0,13.333333333333334,1.0,0.0,0.0,0.0,0.0,0.0,0.0,0.0,0.05,0.1,0.0,0.0,0.0,0.0,0.0,False,25
PDE8B,0.015000000000000003,0,0,0,18.0,2.0,13.333333333333334,0.6666666666666666,0.0,0.0,0.05,0.0,0.0,0.1,0.0,0.0,0.0,0.0,0.0,0.0,0.0,0.0,False,25
PDIA4,0.015000000000000003,0,0,0,11.0,8.0,13.333333333333334,1.0,0.0,0.0,0.1,0.0,0.0,0.05,0.0,0.0,0.0,0.0,0.0,0.0,0.0,0.0,False,25
ENC1,0.015000000000000003,0,0,0,18.0,5.0,13.666666666666666,1.0,0.0,0.0,0.05,0.0,0.0,0.0,0.0,0.0,0.0,0.05,0.05,0.0,0.0,0.0,False,25
HADH,0.015000000000000003,0,0,0,10.0,7.0,13.666666666666666,0.5,0.0,0.0,0.05,0.0,0.0,0.0,0.0,0.05,0.05,0.0,0.0,0.0,0.0,0.0,False,25
ALDH3B2,0.015000000000000003,0,0,0,9.0,9.0,14.333333333333334,1.0,0.0,0.0,0.0,0.0,0.0,0.0,0.0,0.05,0.0,0.05,0.05,0.0,0.0,0.0,False,25
NPR3,0.015000000000000003,0,0,0,13.0,13.0,14.666666666666666,0.6666666666666666,0.0,0.0,0.05,0.0,0.0,0.1,0.0,0.0,0.0,0.0,0.0,0.0,0.0,0.0,False,25
DGAT1,0.015000000000000003,0,0,0,18.0,7.0,15.0,1.0,0.0,0.0,0.05,0.0,0.0,0.1,0.0,0.0,0.0,0.0,0.0,0.0,0.0,0.0,False,25
CCM2L,0.015000000000000003,0,0,0,14.0,13.0,15.333333333333334,1.0,0.0,0.0,0.0,0.0,0.0,0.0,0.0,0.05,0.0,0.05,0.05,0.0,0.0,0.0,False,25
CDC14B,0.015000000000000003,0,0,0,12.0,12.0,15.333333333333334,1.0,0.0,0.0,0.0,0.0,0.0,0.0,0.0,0.05,0.0,0.05,0.05,0.0,0.0,0.0,False,25
C14orf180,0.015000000000000003,0,0,0,20.0,8.0,16.333333333333332,1.0,0.0,0.0,0.0,0.0,0.0,0.0,0.0,0.1,0.05,0.0,0.0,0.0,0.0,0.0,False,25
F8,0.015000000000000003,0,0,0,17.0,13.0,16.333333333333332,1.0,0.0,0.0,0.0,0.0,0.0,0.0,0.0,0.1,0.05,0.0,0.0,0.0,0.0,0.0,False,25
CHML,0.015000000000000003,0,0,0,16.0,12.0,16.666666666666668,1.0,0.0,0.0,0.0,0.0,0.0,0.0,0.0,0.05,0.1,0.0,0.0,0.0,0.0,0.0,False,25
CTTNBP2,0.015000000000000003,0,0,0,16.0,11.0,16.666666666666668,0.6666666666666666,0.0,0.0,0.1,0.0,0.0,0.05,0.0,0.0,0.0,0.0,0.0,0.0,0.0,0.0,False,25
LYPD6,0.015000000000000003,0,0,0,17.0,13.0,17.0,1.0,0.0,0.0,0.0,0.1,0.0,0.05,0.0,0.0,0.0,0.0,0.0,0.0,0.0,0.0,False,25
SLC19A3,0.015000000000000003,0,0,0,17.0,14.0,17.333333333333332,0.2,0.05,0.05,0.0,0.0,0.0,0.0,0.0,0.05,0.05,0.0,0.0,0.1,0.0,0.05,False,25
WISP2,0.015000000000000003,0,0,0,17.0,15.0,17.333333333333332,1.0,0.0,0.0,0.0,0.0,0.0,0.0,0.0,0.05,0.1,0.0,0.0,0.0,0.0,0.0,False,25
FGF14-AS2,0.015000000000000003,0,0,0,22.0,9.0,17.666666666666668,0.6666666666666666,0.0,0.0,0.1,0.0,0.0,0.0,0.0,0.05,0.0,0.0,0.0,0.0,0.0,0.0,False,25
ID2-AS1,0.015000000000000003,0,0,0,18.0,11.0,17.666666666666668,0.5,0.0,0.0,0.1,0.05,0.0,0.0,0.0,0.0,0.0,0.0,0.0,0.0,0.0,0.0,False,25
DNASE1L3,0.015000000000000003,0,0,0,17.0,14.0,18.333333333333332,0.25,0.15,0.0,0.0,0.0,0.0,0.0,0.0,0.05,0.1,0.0,0.0,0.0,0.0,0.15,False,25
NRIP3,0.015000000000000003,0,0,0,19.0,16.0,18.333333333333332,0.0,0.0,0.0,0.0,0.1,0.0,0.05,0.0,0.0,0.0,0.0,0.0,0.0,0.0,0.0,False,25
ADHFE1,0.015000000000000003,0,0,0,17.0,15.0,18.666666666666668,0.6666666666666666,0.0,0.0,0.05,0.0,0.0,0.1,0.0,0.0,0.0,0.0,0.0,0.0,0.0,0.0,False,25
PHYKPL,0.015000000000000003,0,0,0,18.0,17.0,18.666666666666668,1.0,0.0,0.0,0.0,0.0,0.0,0.0,0.0,0.0,0.05,0.05,0.05,0.0,0.0,0.0,False,25
PTPN4,0.015000000000000003,0,0,0,21.0,14.0,18.666666666666668,1.0,0.0,0.0,0.05,0.0,0.0,0.0,0.0,0.05,0.05,0.0,0.0,0.0,0.0,0.0,False,25
CASKIN1,0.015000000000000003,0,0,0,20.0,17.0,19.0,1.0,0.0,0.0,0.0,0.0,0.0,0.0,0.0,0.0,0.05,0.05,0.05,0.0,0.0,0.0,False,25
LURAP1,0.015000000000000003,0,0,0,18.0,17.0,19.0,0.3333333333333333,0.0,0.05,0.05,0.0,0.0,0.05,0.0,0.0,0.0,0.0,0.0,0.0,0.0,0.0,False,25
AGXT,0.015000000000000003,0,0,0,17.0,16.0,19.333333333333332,0.5,0.0,0.0,0.0,0.0,0.05,0.0,0.0,0.0,0.0,0.05,0.05,0.0,0.0,0.0,False,25
LOC100506368,0.015000000000000003,0,0,0,21.0,13.0,19.333333333333332,0.3333333333333333,0.0,0.05,0.1,0.0,0.0,0.0,0.0,0.0,0.0,0.0,0.0,0.0,0.0,0.0,False,25
TSTA3,0.015000000000000003,0,0,0,18.0,17.0,20.0,1.0,0.2,0.0,0.0,0.0,0.0,0.0,0.0,0.05,0.1,0.0,0.0,0.0,0.0,0.2,False,25
C19orf12,0.015000000000000003,0,0,0,20.0,19.0,20.333333333333332,0.5,0.0,0.0,0.05,0.0,0.0,0.0,0.0,0.05,0.05,0.0,0.0,0.0,0.0,0.0,False,25
LOC101929726,0.015000000000000003,0,0,0,22.0,18.0,21.0,0.0,0.0,0.0,0.0,0.0,0.1,0.0,0.05,0.0,0.0,0.0,0.0,0.0,0.1,0.0,False,25
ATP1A2,0.015000000000000003,0,0,0,21.0,21.0,21.333333333333332,1.0,0.0,0.0,0.0,0.0,0.0,0.0,0.0,0.1,0.05,0.0,0.0,0.0,0.0,0.0,False,25
CPA2,0.015000000000000003,0,0,0,22.0,17.0,21.333333333333332,0.0,0.0,0.0,0.0,0.0,0.1,0.0,0.05,0.0,0.0,0.0,0.0,0.0,0.05,0.0,False,25
DIRC3,0.015000000000000003,0,0,0,23.0,16.0,21.333333333333332,0.3333333333333333,0.0,0.05,0.05,0.05,0.0,0.0,0.0,0.0,0.0,0.0,0.0,0.05,0.0,0.0,False,25
COPS2,0.015000000000000003,0,0,0,22.0,21.0,22.0,1.0,0.0,0.0,0.0,0.0,0.0,0.0,0.0,0.05,0.0,0.05,0.05,0.0,0.0,0.0,False,25
ANXA6,0.015000000000000003,0,0,0,22.0,22.0,22.333333333333332,0.5,0.0,0.0,0.05,0.0,0.0,0.0,0.0,0.0,0.0,0.05,0.05,0.0,0.0,0.0,False,25
CNTFR-AS1,0.015000000000000003,0,0,0,21.0,21.0,22.333333333333332,1.0,0.0,0.0,0.0,0.0,0.0,0.1,0.05,0.0,0.0,0.0,0.0,0.0,0.0,0.0,False,25
GPX4,0.015000000000000003,0,0,0,23.0,20.0,22.333333333333332,1.0,0.0,0.0,0.0,0.0,0.0,0.0,0.0,0.1,0.05,0.0,0.0,0.0,0.0,0.0,False,25
ANGPT1,0.015000000000000003,0,0,0,24.0,21.0,23.333333333333332,0.3333333333333333,0.0,0.05,0.0,0.05,0.0,0.0,0.0,0.05,0.0,0.0,0.0,0.05,0.0,0.0,False,25
SLAMF9,0.015,0,0,0,4.0,3.0,5.666666666666667,,0.0,0.0,0.0,0.15,0.0,0.0,0.0,0.0,0.0,0.0,0.0,0.0,0.0,0.0,False,25
MAPK10,0.015,0,0,0,13.0,1.0,9.0,0.3333333333333333,0.0,0.0,0.0,0.0,0.0,0.15,0.0,0.0,0.0,0.0,0.0,0.0,0.0,0.0,False,25
PRIMA1,0.015,0,0,0,8.0,7.0,9.333333333333334,0.3333333333333333,0.0,0.0,0.15,0.0,0.0,0.0,0.0,0.0,0.0,0.0,0.0,0.0,0.0,0.0,False,25
DLX1,0.015,0,0,0,7.0,3.0,11.333333333333334,,0.0,0.0,0.0,0.15,0.0,0.0,0.0,0.0,0.0,0.0,0.0,0.0,0.0,0.0,False,25
KIAA0753,0.015,0,0,0,8.0,3.0,11.666666666666666,0.6666666666666666,0.0,0.0,0.15,0.0,0.0,0.0,0.0,0.0,0.0,0.0,0.0,0.0,0.0,0.0,False,25
HS3ST2,0.015,0,0,0,11.0,10.0,13.0,,0.0,0.0,0.0,0.15,0.0,0.0,0.0,0.0,0.0,0.0,0.0,0.0,0.0,0.0,False,25
LOC101928461,0.015,0,0,0,12.0,10.0,13.0,0.0,0.0,0.15,0.0,0.0,0.0,0.0,0.0,0.0,0.0,0.0,0.0,0.25,0.0,0.0,False,25
HAPLN4,0.015,0,0,0,10.0,10.0,14.333333333333334,,0.0,0.0,0.0,0.15,0.0,0.0,0.0,0.0,0.0,0.0,0.0,0.0,0.0,0.0,False,25
STMN2,0.015,0,0,0,13.0,8.0,14.333333333333334,,0.0,0.0,0.0,0.15,0.0,0.0,0.0,0.0,0.0,0.0,0.0,0.0,0.0,0.0,False,25
NUDT7,0.015,0,0,0,17.0,7.0,15.0,0.6666666666666666,0.0,0.0,0.15,0.0,0.0,0.0,0.0,0.0,0.0,0.0,0.0,0.0,0.0,0.0,False,25
SPRNP1,0.015,0,0,0,20.0,4.0,15.333333333333334,1.0,0.0,0.0,0.0,0.15,0.0,0.0,0.0,0.0,0.0,0.0,0.0,0.0,0.05,0.0,False,25
CA3,0.015,0,0,0,16.0,12.0,16.333333333333332,0.0,0.0,0.0,0.15,0.0,0.0,0.0,0.0,0.0,0.0,0.0,0.0,0.0,0.0,0.0,False,25
LINC00900,0.015,0,0,0,13.0,13.0,16.666666666666668,,0.0,0.0,0.0,0.15,0.0,0.0,0.0,0.0,0.0,0.0,0.0,0.0,0.0,0.0,False,25
HCN2,0.015,0,0,0,20.0,17.0,20.666666666666668,,0.0,0.0,0.0,0.15,0.0,0.0,0.0,0.0,0.0,0.0,0.0,0.0,0.0,0.0,False,25
AKAP12,0.015,0,0,0,21.0,20.0,21.666666666666668,0.5,0.15,0.0,0.0,0.0,0.0,0.0,0.0,0.15,0.0,0.0,0.0,0.0,0.0,0.15,False,25
FOXO1,0.01,0,0,0,1.0,1.0,1.0,0.25,0.15,0.0,0.0,0.0,0.0,0.0,0.0,0.05,0.05,0.0,0.0,0.0,0.0,0.15,False,25
PTGIS,0.01,0,0,0,1.0,1.0,1.0,1.0,0.0,0.0,0.0,0.0,0.0,0.0,0.0,0.05,0.05,0.0,0.0,0.0,0.0,0.0,False,25
SLC25A29,0.01,0,0,0,1.0,1.0,1.0,1.0,0.0,0.0,0.0,0.0,0.0,0.0,0.0,0.05,0.05,0.0,0.0,0.0,0.0,0.0,False,25
C1orf123,0.01,0,0,0,2.0,2.0,2.0,1.0,0.0,0.0,0.0,0.0,0.0,0.0,0.0,0.05,0.05,0.0,0.0,0.0,0.0,0.0,False,25
CLMP,0.01,0,0,0,2.0,2.0,2.0,1.0,0.0,0.0,0.0,0.0,0.0,0.0,0.0,0.05,0.05,0.0,0.0,0.0,0.0,0.0,False,25
SEMA4C,0.01,0,0,0,2.0,2.0,2.0,1.0,0.0,0.0,0.0,0.0,0.0,0.0,0.0,0.05,0.05,0.0,0.0,0.0,0.0,0.0,False,25
KIF26B,0.01,0,0,0,2.5,1.0,2.5,0.5,0.0,0.0,0.1,0.0,0.0,0.0,0.0,0.0,0.0,0.0,0.0,0.0,0.0,0.0,False,25
FAM200B,0.01,0,0,0,3.0,2.0,3.0,1.0,0.0,0.0,0.0,0.0,0.0,0.0,0.0,0.05,0.05,0.0,0.0,0.0,0.0,0.0,False,25
ITIH5,0.01,0,0,0,3.0,3.0,3.0,0.2,0.2,0.0,0.0,0.0,0.0,0.0,0.0,0.05,0.05,0.0,0.0,0.0,0.0,0.2,False,25
ETV6,0.01,0,0,0,3.5,3.0,3.5,1.0,0.0,0.0,0.0,0.0,0.0,0.0,0.0,0.05,0.05,0.0,0.0,0.0,0.0,0.0,False,25
TRAF7,0.01,0,0,0,3.5,3.0,3.5,1.0,0.0,0.0,0.0,0.0,0.0,0.0,0.0,0.05,0.05,0.0,0.0,0.0,0.0,0.0,False,25
SUCO,0.01,0,0,0,4.0,4.0,4.0,1.0,0.1,0.0,0.0,0.0,0.0,0.0,0.0,0.0,0.0,0.05,0.05,0.0,0.0,0.1,False,25
ZNF587,0.01,0,0,0,4.0,4.0,4.0,1.0,0.0,0.0,0.0,0.0,0.0,0.0,0.0,0.05,0.05,0.0,0.0,0.0,0.0,0.0,False,25
CD36,0.01,0,0,0,4.5,4.0,4.5,1.0,0.0,0.0,0.0,0.0,0.0,0.0,0.0,0.05,0.05,0.0,0.0,0.0,0.0,0.0,False,25
OR2H4P,0.01,0,0,0,4.5,4.0,4.5,1.0,0.0,0.0,0.0,0.05,0.05,0.0,0.0,0.0,0.0,0.0,0.0,0.0,0.05,0.0,False,25
SNX3,0.01,0,0,0,4.5,3.0,4.5,1.0,0.0,0.0,0.0,0.0,0.0,0.0,0.0,0.05,0.05,0.0,0.0,0.0,0.0,0.0,False,25
TBC1D32,0.01,0,0,0,4.5,1.0,4.5,1.0,0.0,0.0,0.05,0.05,0.0,0.0,0.0,0.0,0.0,0.0,0.0,0.0,0.0,0.0,False,25
TLDC1,0.01,0,0,0,4.5,3.0,4.5,1.0,0.0,0.0,0.0,0.0,0.0,0.0,0.0,0.05,0.05,0.0,0.0,0.0,0.0,0.0,False,25
ATG4B,0.01,0,0,0,5.0,5.0,5.0,1.0,0.0,0.0,0.0,0.0,0.0,0.0,0.0,0.0,0.0,0.05,0.05,0.0,0.0,0.0,False,25
PPARG,0.01,0,0,0,5.0,5.0,5.0,0.16666666666666666,0.25,0.0,0.0,0.0,0.0,0.0,0.0,0.05,0.05,0.0,0.0,0.0,0.0,0.25,False,25
RAI1,0.01,0,0,0,5.0,4.0,5.0,1.0,0.0,0.0,0.0,0.0,0.0,0.0,0.0,0.05,0.05,0.0,0.0,0.0,0.0,0.0,False,25
RNF180,0.01,0,0,0,5.0,5.0,5.0,1.0,0.0,0.0,0.0,0.0,0.0,0.0,0.0,0.05,0.05,0.0,0.0,0.0,0.0,0.0,False,25
SLC26A11,0.01,0,0,0,5.0,4.0,5.0,1.0,0.0,0.0,0.0,0.0,0.0,0.0,0.0,0.05,0.05,0.0,0.0,0.0,0.0,0.0,False,25
UCP1,0.01,0,0,0,5.0,2.0,5.0,1.0,0.0,0.0,0.0,0.05,0.05,0.0,0.0,0.0,0.0,0.0,0.0,0.0,0.05,0.0,False,25
ACADM,0.01,0,0,0,6.0,6.0,6.0,1.0,0.0,0.0,0.0,0.0,0.0,0.0,0.0,0.0,0.0,0.05,0.05,0.0,0.0,0.0,False,25
ESYT1,0.01,0,0,0,6.0,6.0,6.0,1.0,0.0,0.0,0.0,0.0,0.0,0.0,0.0,0.05,0.05,0.0,0.0,0.0,0.0,0.0,False,25
TWIST2,0.01,0,0,0,6.0,6.0,6.0,1.0,0.0,0.0,0.0,0.0,0.0,0.0,0.0,0.05,0.05,0.0,0.0,0.0,0.0,0.0,False,25
AP1M2,0.01,0,0,0,6.5,6.0,6.5,1.0,0.2,0.0,0.0,0.0,0.0,0.0,0.0,0.0,0.0,0.05,0.05,0.0,0.0,0.2,False,25
FOXN3,0.01,0,0,0,6.5,6.0,6.5,1.0,0.0,0.0,0.0,0.0,0.0,0.0,0.0,0.05,0.05,0.0,0.0,0.0,0.0,0.0,False,25
LOC102723845,0.01,0,0,0,6.5,5.0,6.5,0.0,0.0,0.1,0.0,0.0,0.0,0.0,0.0,0.0,0.0,0.0,0.0,0.1,0.0,0.0,False,25
PUS7,0.01,0,0,0,6.5,6.0,6.5,1.0,0.0,0.0,0.0,0.0,0.0,0.0,0.0,0.05,0.05,0.0,0.0,0.0,0.0,0.0,False,25
ABCA9,0.01,0,0,0,7.0,7.0,7.0,1.0,0.0,0.0,0.0,0.0,0.0,0.0,0.0,0.0,0.0,0.05,0.05,0.0,0.0,0.0,False,25
ANGPTL4,0.01,0,0,0,7.0,7.0,7.0,1.0,0.0,0.0,0.0,0.0,0.0,0.0,0.0,0.0,0.0,0.05,0.05,0.0,0.0,0.0,False,25
B3GALT6,0.01,0,0,0,7.0,7.0,7.0,1.0,0.0,0.0,0.0,0.0,0.0,0.0,0.0,0.0,0.0,0.05,0.05,0.0,0.0,0.0,False,25
BPHL,0.01,0,0,0,7.0,5.0,7.0,0.5,0.0,0.0,0.0,0.0,0.0,0.1,0.0,0.0,0.0,0.0,0.0,0.0,0.0,0.0,False,25
GKAP1,0.01,0,0,0,7.0,7.0,7.0,1.0,0.0,0.0,0.0,0.0,0.0,0.0,0.0,0.05,0.05,0.0,0.0,0.0,0.0,0.0,False,25
TMEM100,0.01,0,0,0,7.0,7.0,7.0,1.0,0.0,0.0,0.0,0.0,0.0,0.0,0.0,0.05,0.05,0.0,0.0,0.0,0.0,0.0,False,25
TRIM11,0.01,0,0,0,7.0,6.0,7.0,1.0,0.0,0.0,0.0,0.0,0.0,0.0,0.0,0.05,0.05,0.0,0.0,0.0,0.0,0.0,False,25
ZFP37,0.01,0,0,0,7.0,3.0,7.0,0.5,0.0,0.05,0.05,0.0,0.0,0.0,0.0,0.0,0.0,0.0,0.0,0.0,0.0,0.0,False,25
ADH5,0.01,0,0,0,7.5,7.0,7.5,1.0,0.0,0.0,0.0,0.0,0.0,0.0,0.0,0.05,0.05,0.0,0.0,0.0,0.0,0.0,False,25
GRK3,0.01,0,0,0,7.5,6.0,7.5,1.0,0.0,0.0,0.0,0.0,0.0,0.0,0.0,0.05,0.05,0.0,0.0,0.0,0.0,0.0,False,25
C3orf52,0.01,0,0,0,8.0,8.0,8.0,1.0,0.3,0.0,0.0,0.0,0.0,0.0,0.0,0.0,0.0,0.05,0.05,0.0,0.0,0.3,False,25
FAM83H,0.01,0,0,0,8.0,7.0,8.0,1.0,0.0,0.0,0.0,0.0,0.0,0.0,0.0,0.0,0.0,0.05,0.05,0.0,0.0,0.0,False,25
TPPP,0.01,0,0,0,8.0,5.0,8.0,0.5,0.0,0.0,0.1,0.0,0.0,0.0,0.0,0.0,0.0,0.0,0.0,0.0,0.0,0.0,False,25
UBXN10-AS1,0.01,0,0,0,8.0,5.0,8.0,1.0,0.0,0.0,0.0,0.0,0.0,0.0,0.0,0.05,0.05,0.0,0.0,0.0,0.0,0.0,False,25
WNT9B,0.01,0,0,0,8.0,2.0,8.0,0.0,0.0,0.1,0.0,0.0,0.0,0.0,0.0,0.0,0.0,0.0,0.0,0.1,0.0,0.0,False,25
CSTL1,0.01,0,0,0,8.5,8.0,8.5,,0.0,0.0,0.0,0.1,0.0,0.0,0.0,0.0,0.0,0.0,0.0,0.0,0.0,0.0,False,25
LOC101928731,0.01,0,0,0,8.5,2.0,8.5,1.0,0.0,0.0,0.0,0.05,0.05,0.0,0.0,0.0,0.0,0.0,0.0,0.0,0.05,0.0,False,25
NAT8L,0.01,0,0,0,8.5,2.0,8.5,1.0,0.0,0.0,0.0,0.0,0.0,0.0,0.0,0.05,0.05,0.0,0.0,0.0,0.0,0.0,False,25
CCDC69,0.01,0,0,0,9.0,8.0,9.0,1.0,0.0,0.0,0.0,0.0,0.0,0.0,0.0,0.05,0.05,0.0,0.0,0.0,0.0,0.0,False,25
CRLS1,0.01,0,0,0,9.0,9.0,9.0,1.0,0.0,0.0,0.0,0.0,0.0,0.0,0.0,0.05,0.05,0.0,0.0,0.0,0.0,0.0,False,25
ABHD14B,0.01,0,0,0,9.5,9.0,9.5,1.0,0.0,0.0,0.0,0.0,0.0,0.0,0.0,0.0,0.0,0.05,0.05,0.0,0.0,0.0,False,25
CCBE1,0.01,0,0,0,9.5,9.0,9.5,0.5,0.0,0.0,0.0,0.0,0.0,0.0,0.0,0.0,0.0,0.05,0.05,0.05,0.0,0.0,False,25
DLG3,0.01,0,0,0,9.5,9.0,9.5,1.0,0.0,0.0,0.0,0.0,0.0,0.0,0.0,0.0,0.0,0.05,0.05,0.0,0.0,0.0,False,25
DOCK11,0.01,0,0,0,9.5,7.0,9.5,1.0,0.0,0.0,0.0,0.0,0.0,0.0,0.0,0.0,0.0,0.05,0.05,0.0,0.0,0.0,False,25
ACSS3,0.01,0,0,0,10.0,10.0,10.0,1.0,0.0,0.0,0.0,0.0,0.0,0.0,0.0,0.0,0.0,0.05,0.05,0.0,0.0,0.0,False,25
DLC1,0.01,0,0,0,10.0,10.0,10.0,1.0,0.0,0.0,0.0,0.0,0.0,0.0,0.0,0.05,0.05,0.0,0.0,0.0,0.0,0.0,False,25
FERMT2,0.01,0,0,0,10.0,10.0,10.0,1.0,0.0,0.0,0.0,0.0,0.0,0.0,0.0,0.05,0.05,0.0,0.0,0.0,0.0,0.0,False,25
LOC105378419,0.01,0,0,0,10.0,3.0,10.0,0.0,0.0,0.05,0.0,0.05,0.0,0.0,0.0,0.0,0.0,0.0,0.0,0.05,0.0,0.0,False,25
MAZ,0.01,0,0,0,10.0,9.0,10.0,1.0,0.0,0.0,0.0,0.0,0.0,0.0,0.0,0.05,0.05,0.0,0.0,0.0,0.0,0.0,False,25
PENK,0.01,0,0,0,10.0,3.0,10.0,0.25,0.0,0.05,0.05,0.0,0.0,0.0,0.0,0.0,0.0,0.0,0.0,0.1,0.0,0.0,False,25
PPP3CB,0.01,0,0,0,10.0,7.0,10.0,1.0,0.0,0.0,0.0,0.0,0.0,0.0,0.0,0.05,0.05,0.0,0.0,0.0,0.0,0.0,False,25
LINC00543,0.01,0,0,0,10.5,2.0,10.5,0.0,0.0,0.1,0.0,0.0,0.0,0.0,0.0,0.0,0.0,0.0,0.0,0.1,0.0,0.0,False,25
CHTF18,0.01,0,0,0,11.0,11.0,11.0,1.0,0.0,0.0,0.0,0.0,0.0,0.0,0.0,0.0,0.0,0.05,0.05,0.0,0.0,0.0,False,25
TNIP1,0.01,0,0,0,11.0,10.0,11.0,1.0,0.0,0.0,0.0,0.0,0.0,0.0,0.0,0.05,0.05,0.0,0.0,0.0,0.0,0.0,False,25
TUFT1,0.01,0,0,0,11.0,8.0,11.0,1.0,0.0,0.0,0.0,0.0,0.0,0.0,0.0,0.0,0.0,0.05,0.05,0.0,0.0,0.0,False,25
ANKRD33B,0.01,0,0,0,11.5,9.0,11.5,0.0,0.0,0.05,0.05,0.0,0.0,0.0,0.0,0.0,0.0,0.0,0.0,0.0,0.0,0.0,False,25
AP1G2,0.01,0,0,0,11.5,11.0,11.5,1.0,0.0,0.0,0.0,0.0,0.0,0.0,0.0,0.0,0.0,0.05,0.05,0.0,0.0,0.0,False,25
CNNM4,0.01,0,0,0,11.5,11.0,11.5,1.0,0.0,0.0,0.0,0.0,0.0,0.0,0.0,0.05,0.05,0.0,0.0,0.0,0.0,0.0,False,25
EPB41L2,0.01,0,0,0,11.5,11.0,11.5,1.0,0.0,0.0,0.0,0.0,0.0,0.0,0.0,0.05,0.05,0.0,0.0,0.0,0.0,0.0,False,25
MSI2,0.01,0,0,0,11.5,3.0,11.5,1.0,0.0,0.0,0.05,0.0,0.0,0.05,0.0,0.0,0.0,0.0,0.0,0.0,0.0,0.0,False,25
SPI1,0.01,0,0,0,11.5,7.0,11.5,,0.0,0.0,0.0,0.1,0.0,0.0,0.0,0.0,0.0,0.0,0.0,0.0,0.0,0.0,False,25
TMC4,0.01,0,0,0,11.5,10.0,11.5,1.0,0.0,0.0,0.0,0.0,0.0,0.0,0.0,0.05,0.05,0.0,0.0,0.0,0.0,0.0,False,25
TNFSF11,0.01,0,0,0,11.5,10.0,11.5,,0.0,0.0,0.0,0.1,0.0,0.0,0.0,0.0,0.0,0.0,0.0,0.0,0.0,0.0,False,25
ZEB2,0.01,0,0,0,11.5,10.0,11.5,1.0,0.0,0.0,0.0,0.0,0.0,0.0,0.0,0.05,0.05,0.0,0.0,0.0,0.0,0.0,False,25
ABI3BP,0.01,0,0,0,12.0,12.0,12.0,1.0,0.0,0.0,0.0,0.0,0.0,0.0,0.0,0.0,0.0,0.05,0.05,0.0,0.0,0.0,False,25
ATP1A1,0.01,0,0,0,12.0,12.0,12.0,1.0,0.0,0.0,0.0,0.0,0.0,0.0,0.0,0.0,0.0,0.05,0.05,0.0,0.0,0.0,False,25
IL17B,0.01,0,0,0,12.0,9.0,12.0,0.5,0.0,0.05,0.05,0.0,0.0,0.0,0.0,0.0,0.0,0.0,0.0,0.0,0.0,0.0,False,25
MGST1,0.01,0,0,0,12.0,12.0,12.0,1.0,0.0,0.0,0.0,0.0,0.0,0.0,0.0,0.05,0.05,0.0,0.0,0.0,0.0,0.0,False,25
PDK2,0.01,0,0,0,12.0,1.0,12.0,0.5,0.0,0.0,0.1,0.0,0.0,0.0,0.0,0.0,0.0,0.0,0.0,0.0,0.0,0.0,False,25
SLC25A33,0.01,0,0,0,12.0,4.0,12.0,1.0,0.0,0.0,0.1,0.0,0.0,0.0,0.0,0.0,0.0,0.0,0.0,0.0,0.0,0.0,False,25
WNT11,0.01,0,0,0,12.0,11.0,12.0,1.0,0.0,0.0,0.1,0.0,0.0,0.0,0.0,0.0,0.0,0.0,0.0,0.0,0.0,0.0,False,25
CNIH3,0.01,0,0,0,12.5,1.0,12.5,,0.0,0.0,0.0,0.1,0.0,0.0,0.0,0.0,0.0,0.0,0.0,0.0,0.0,0.0,False,25
GPATCH2L,0.01,0,0,0,12.5,7.0,12.5,1.0,0.0,0.0,0.0,0.0,0.0,0.0,0.0,0.05,0.05,0.0,0.0,0.0,0.0,0.0,False,25
PIK3R2,0.01,0,0,0,12.5,10.0,12.5,1.0,0.0,0.0,0.0,0.0,0.0,0.0,0.0,0.05,0.05,0.0,0.0,0.0,0.0,0.0,False,25
ACER2,0.01,0,0,0,13.0,13.0,13.0,1.0,0.0,0.0,0.0,0.0,0.0,0.0,0.0,0.0,0.0,0.05,0.05,0.0,0.0,0.0,False,25
ATP6AP1,0.01,0,0,0,13.0,13.0,13.0,1.0,0.0,0.0,0.0,0.0,0.0,0.0,0.0,0.0,0.0,0.05,0.05,0.0,0.0,0.0,False,25
FOXN3-AS1,0.01,0,0,0,13.0,10.0,13.0,0.0,0.0,0.0,0.1,0.0,0.0,0.0,0.0,0.0,0.0,0.0,0.0,0.0,0.0,0.0,False,25
IQCH,0.01,0,0,0,13.0,11.0,13.0,,0.0,0.0,0.0,0.1,0.0,0.0,0.0,0.0,0.0,0.0,0.0,0.0,0.0,0.0,False,25
KIAA1522,0.01,0,0,0,13.0,12.0,13.0,1.0,0.0,0.0,0.0,0.0,0.0,0.0,0.0,0.05,0.05,0.0,0.0,0.0,0.0,0.0,False,25
MTHFD1,0.01,0,0,0,13.0,4.0,13.0,,0.0,0.0,0.0,0.1,0.0,0.0,0.0,0.0,0.0,0.0,0.0,0.0,0.0,0.0,False,25
MYOM1,0.01,0,0,0,13.0,6.0,13.0,1.0,0.0,0.0,0.05,0.05,0.0,0.0,0.0,0.0,0.0,0.0,0.0,0.0,0.0,0.0,False,25
NTS,0.01,0,0,0,13.0,4.0,13.0,0.0,0.0,0.1,0.0,0.0,0.0,0.0,0.0,0.0,0.0,0.0,0.0,0.1,0.0,0.0,False,25
PTPA,0.01,0,0,0,13.0,13.0,13.0,1.0,0.0,0.0,0.0,0.0,0.0,0.0,0.0,0.05,0.05,0.0,0.0,0.0,0.0,0.0,False,25
SNX5,0.01,0,0,0,13.0,10.0,13.0,1.0,0.0,0.0,0.0,0.0,0.0,0.0,0.0,0.05,0.05,0.0,0.0,0.0,0.0,0.0,False,25
TMEM97,0.01,0,0,0,13.0,13.0,13.0,1.0,0.0,0.0,0.0,0.0,0.0,0.0,0.0,0.05,0.05,0.0,0.0,0.0,0.0,0.0,False,25
EEPD1,0.01,0,0,0,13.5,11.0,13.5,1.0,0.0,0.0,0.0,0.0,0.0,0.0,0.0,0.05,0.05,0.0,0.0,0.0,0.0,0.0,False,25
EGFR,0.01,0,0,0,13.5,13.0,13.5,1.0,0.0,0.0,0.0,0.0,0.0,0.0,0.0,0.0,0.0,0.05,0.05,0.0,0.0,0.0,False,25
LILRA3,0.01,0,0,0,13.5,8.0,13.5,,0.0,0.0,0.0,0.1,0.0,0.0,0.0,0.0,0.0,0.0,0.0,0.0,0.0,0.0,False,25
MAP7D3,0.01,0,0,0,13.5,11.0,13.5,0.6666666666666666,0.0,0.0,0.1,0.0,0.0,0.0,0.0,0.0,0.0,0.0,0.0,0.05,0.0,0.0,False,25
SLC26A6,0.01,0,0,0,13.5,9.0,13.5,1.0,0.1,0.0,0.0,0.0,0.0,0.0,0.0,0.05,0.05,0.0,0.0,0.0,0.0,0.1,False,25
SQLE,0.01,0,0,0,13.5,9.0,13.5,1.0,0.0,0.0,0.0,0.0,0.0,0.0,0.0,0.05,0.05,0.0,0.0,0.0,0.0,0.0,False,25
ARHGAP39,0.01,0,0,0,14.0,14.0,14.0,1.0,0.1,0.0,0.0,0.0,0.0,0.0,0.0,0.0,0.0,0.05,0.05,0.0,0.0,0.1,False,25
COPG2IT1,0.01,0,0,0,14.0,14.0,14.0,1.0,0.0,0.0,0.0,0.0,0.0,0.0,0.0,0.05,0.05,0.0,0.0,0.0,0.0,0.0,False,25
DMTN,0.01,0,0,0,14.0,6.0,14.0,0.0,0.0,0.0,0.05,0.0,0.0,0.05,0.0,0.0,0.0,0.0,0.0,0.0,0.0,0.0,False,25
GRHL2,0.01,0,0,0,14.0,14.0,14.0,1.0,0.0,0.0,0.0,0.0,0.0,0.0,0.0,0.05,0.05,0.0,0.0,0.0,0.0,0.0,False,25
KCNB1,0.01,0,0,0,14.0,4.0,14.0,0.0,0.0,0.0,0.0,0.05,0.0,0.05,0.0,0.0,0.0,0.0,0.0,0.0,0.0,0.0,False,25
LRRC8E,0.01,0,0,0,14.0,12.0,14.0,1.0,0.2,0.0,0.0,0.0,0.0,0.0,0.0,0.05,0.05,0.0,0.0,0.0,0.0,0.2,False,25
MAPK13,0.01,0,0,0,14.0,14.0,14.0,1.0,0.0,0.0,0.0,0.0,0.0,0.0,0.0,0.0,0.0,0.05,0.05,0.0,0.0,0.0,False,25
METTL1,0.01,0,0,0,14.0,14.0,14.0,1.0,0.0,0.0,0.0,0.0,0.0,0.0,0.0,0.0,0.0,0.05,0.05,0.0,0.0,0.0,False,25
NCAPG2,0.01,0,0,0,14.0,13.0,14.0,1.0,0.0,0.0,0.0,0.0,0.0,0.0,0.0,0.0,0.0,0.05,0.05,0.0,0.0,0.0,False,25
RNU6-501P,0.01,0,0,0,14.0,10.0,14.0,0.5,0.0,0.05,0.05,0.0,0.0,0.0,0.0,0.0,0.0,0.0,0.0,0.0,0.0,0.0,False,25
CHD4,0.01,0,0,0,14.5,14.0,14.5,1.0,0.0,0.0,0.0,0.0,0.0,0.0,0.0,0.0,0.0,0.05,0.05,0.0,0.0,0.0,False,25
FAM110A,0.01,0,0,0,14.5,12.0,14.5,1.0,0.0,0.0,0.0,0.0,0.0,0.0,0.0,0.05,0.05,0.0,0.0,0.0,0.0,0.0,False,25
FAM124B,0.01,0,0,0,14.5,5.0,14.5,,0.0,0.0,0.0,0.1,0.0,0.0,0.0,0.0,0.0,0.0,0.0,0.0,0.0,0.0,False,25
PPP1R1A,0.01,0,0,0,14.5,14.0,14.5,1.0,0.0,0.0,0.0,0.0,0.0,0.0,0.0,0.05,0.05,0.0,0.0,0.0,0.0,0.0,False,25
ADD3,0.01,0,0,0,15.0,15.0,15.0,1.0,0.0,0.0,0.0,0.0,0.0,0.0,0.0,0.0,0.0,0.05,0.05,0.0,0.0,0.0,False,25
GPR34,0.01,0,0,0,15.0,13.0,15.0,1.0,0.0,0.0,0.0,0.0,0.0,0.0,0.0,0.05,0.05,0.0,0.0,0.0,0.0,0.0,False,25
HCG11,0.01,0,0,0,15.0,14.0,15.0,0.0,0.0,0.0,0.0,0.0,0.05,0.0,0.05,0.0,0.0,0.0,0.0,0.0,0.1,0.0,False,25
JDP2,0.01,0,0,0,15.0,15.0,15.0,1.0,0.0,0.0,0.0,0.0,0.0,0.0,0.0,0.0,0.0,0.05,0.05,0.0,0.0,0.0,False,25
TRPS1,0.01,0,0,0,15.0,14.0,15.0,1.0,0.15,0.0,0.0,0.0,0.0,0.0,0.0,0.05,0.05,0.0,0.0,0.0,0.0,0.15,False,25
ZMYND19,0.01,0,0,0,15.0,15.0,15.0,1.0,0.0,0.0,0.0,0.0,0.0,0.0,0.0,0.0,0.0,0.05,0.05,0.0,0.0,0.0,False,25
AKR1D1,0.01,0,0,0,15.5,9.0,15.5,0.0,0.0,0.1,0.0,0.0,0.0,0.0,0.0,0.0,0.0,0.0,0.0,0.2,0.0,0.0,False,25
ASPA,0.01,0,0,0,15.5,14.0,15.5,0.0,0.25,0.05,0.0,0.0,0.0,0.0,0.05,0.0,0.0,0.0,0.0,0.05,0.0,0.25,False,25
CLEC7A,0.01,0,0,0,15.5,15.0,15.5,1.0,0.0,0.0,0.0,0.0,0.0,0.0,0.0,0.0,0.0,0.05,0.05,0.0,0.0,0.0,False,25
DNAH17,0.01,0,0,0,15.5,12.0,15.5,0.0,0.0,0.1,0.0,0.0,0.0,0.0,0.0,0.0,0.0,0.0,0.0,0.05,0.0,0.0,False,25
LOC107985971,0.01,0,0,0,15.5,12.0,15.5,1.0,0.0,0.0,0.0,0.0,0.0,0.0,0.0,0.05,0.05,0.0,0.0,0.0,0.0,0.0,False,25
MBD2,0.01,0,0,0,15.5,15.0,15.5,1.0,0.0,0.0,0.0,0.0,0.0,0.0,0.0,0.0,0.0,0.05,0.05,0.0,0.0,0.0,False,25
MBNL1,0.01,0,0,0,15.5,12.0,15.5,1.0,0.0,0.0,0.0,0.0,0.0,0.0,0.0,0.05,0.05,0.0,0.0,0.0,0.0,0.0,False,25
NATD1,0.01,0,0,0,15.5,10.0,15.5,0.5,0.05,0.0,0.0,0.0,0.0,0.0,0.0,0.05,0.05,0.0,0.0,0.0,0.0,0.05,False,25
ULK3,0.01,0,0,0,15.5,15.0,15.5,1.0,0.0,0.0,0.0,0.0,0.0,0.0,0.0,0.05,0.05,0.0,0.0,0.0,0.0,0.0,False,25
ASS1,0.01,0,0,0,16.0,16.0,16.0,1.0,0.0,0.0,0.0,0.0,0.0,0.0,0.0,0.0,0.0,0.05,0.05,0.0,0.0,0.0,False,25
CHTOP,0.01,0,0,0,16.0,16.0,16.0,1.0,0.0,0.0,0.0,0.0,0.0,0.0,0.0,0.0,0.0,0.05,0.05,0.0,0.0,0.0,False,25
CTHRC1,0.01,0,0,0,16.0,13.0,16.0,0.0,0.0,0.0,0.05,0.05,0.0,0.0,0.0,0.0,0.0,0.0,0.0,0.0,0.0,0.0,False,25
ERN1,0.01,0,0,0,16.0,14.0,16.0,1.0,0.0,0.0,0.0,0.0,0.0,0.0,0.0,0.05,0.05,0.0,0.0,0.0,0.0,0.0,False,25
GALNT6,0.01,0,0,0,16.0,12.0,16.0,1.0,0.5,0.0,0.0,0.0,0.0,0.0,0.0,0.05,0.05,0.0,0.0,0.0,0.0,0.5,False,25
ITGAE,0.01,0,0,0,16.0,16.0,16.0,1.0,0.0,0.0,0.0,0.0,0.0,0.0,0.0,0.0,0.0,0.05,0.05,0.0,0.0,0.0,False,25
JADE1,0.01,0,0,0,16.0,10.0,16.0,1.0,0.0,0.0,0.0,0.0,0.0,0.0,0.0,0.05,0.05,0.0,0.0,0.0,0.0,0.0,False,25
LOC100272216,0.01,0,0,0,16.0,12.0,16.0,1.0,0.0,0.0,0.0,0.0,0.0,0.0,0.0,0.05,0.05,0.0,0.0,0.0,0.0,0.0,False,25
LOC101060553,0.01,0,0,0,16.0,12.0,16.0,0.0,0.0,0.1,0.0,0.0,0.0,0.0,0.0,0.0,0.0,0.0,0.0,0.05,0.0,0.0,False,25
LOC158402,0.01,0,0,0,16.0,16.0,16.0,,0.0,0.0,0.0,0.1,0.0,0.0,0.0,0.0,0.0,0.0,0.0,0.0,0.0,0.0,False,25
PARK2,0.01,0,0,0,16.0,10.0,16.0,0.0,0.0,0.05,0.0,0.05,0.0,0.0,0.0,0.0,0.0,0.0,0.0,0.0,0.0,0.0,False,25
TMEM56,0.01,0,0,0,16.0,15.0,16.0,1.0,0.0,0.0,0.0,0.0,0.0,0.0,0.0,0.0,0.0,0.05,0.05,0.0,0.0,0.0,False,25
TOMM40,0.01,0,0,0,16.0,8.0,16.0,1.0,0.0,0.0,0.0,0.0,0.0,0.0,0.0,0.05,0.05,0.0,0.0,0.0,0.0,0.0,False,25
ASNS,0.01,0,0,0,16.5,16.0,16.5,1.0,0.0,0.0,0.0,0.0,0.0,0.0,0.0,0.0,0.0,0.05,0.05,0.0,0.0,0.0,False,25
BMPER,0.01,0,0,0,16.5,11.0,16.5,0.0,0.0,0.05,0.0,0.0,0.0,0.0,0.05,0.0,0.0,0.0,0.0,0.1,0.0,0.0,False,25
CTBP2,0.01,0,0,0,16.5,16.0,16.5,1.0,0.0,0.0,0.0,0.0,0.0,0.0,0.0,0.05,0.05,0.0,0.0,0.0,0.0,0.0,False,25
EZH1,0.01,0,0,0,16.5,13.0,16.5,1.0,0.0,0.0,0.0,0.05,0.0,0.0,0.0,0.05,0.0,0.0,0.0,0.0,0.0,0.0,False,25
HPGD,0.01,0,0,0,16.5,15.0,16.5,0.0,0.0,0.1,0.0,0.0,0.0,0.0,0.0,0.0,0.0,0.0,0.0,0.1,0.0,0.0,False,25
MSL1,0.01,0,0,0,16.5,16.0,16.5,1.0,0.0,0.0,0.0,0.0,0.0,0.0,0.0,0.0,0.0,0.05,0.05,0.0,0.0,0.0,False,25
P2RY12,0.01,0,0,0,16.5,15.0,16.5,1.0,0.0,0.0,0.0,0.0,0.0,0.0,0.0,0.05,0.05,0.0,0.0,0.0,0.0,0.0,False,25
POLD1,0.01,0,0,0,16.5,16.0,16.5,1.0,0.1,0.0,0.0,0.0,0.0,0.0,0.0,0.05,0.05,0.0,0.0,0.0,0.0,0.1,False,25
SLC25A51,0.01,0,0,0,16.5,16.0,16.5,1.0,0.0,0.0,0.0,0.0,0.0,0.0,0.0,0.0,0.0,0.05,0.05,0.0,0.0,0.0,False,25
TDRD9,0.01,0,0,0,16.5,16.0,16.5,1.0,0.0,0.0,0.0,0.05,0.0,0.05,0.0,0.0,0.0,0.0,0.0,0.0,0.05,0.0,False,25
TSPAN13,0.01,0,0,0,16.5,15.0,16.5,1.0,0.0,0.0,0.0,0.0,0.0,0.0,0.0,0.05,0.05,0.0,0.0,0.0,0.0,0.0,False,25
VEGFB,0.01,0,0,0,16.5,15.0,16.5,1.0,0.0,0.0,0.0,0.0,0.0,0.0,0.0,0.05,0.05,0.0,0.0,0.0,0.0,0.0,False,25
ZDHHC13,0.01,0,0,0,16.5,16.0,16.5,1.0,0.05,0.0,0.0,0.0,0.0,0.0,0.0,0.0,0.0,0.05,0.05,0.0,0.0,0.05,False,25
BICDL2,0.01,0,0,0,17.0,16.0,17.0,1.0,0.1,0.0,0.0,0.0,0.0,0.0,0.0,0.05,0.05,0.0,0.0,0.0,0.0,0.1,False,25
BUB3,0.01,0,0,0,17.0,17.0,17.0,1.0,0.0,0.0,0.0,0.0,0.0,0.0,0.0,0.0,0.0,0.05,0.05,0.0,0.0,0.0,False,25
CCDC59,0.01,0,0,0,17.0,17.0,17.0,1.0,0.0,0.0,0.0,0.0,0.0,0.0,0.0,0.0,0.0,0.05,0.05,0.0,0.0,0.0,False,25
CCDC85C,0.01,0,0,0,17.0,17.0,17.0,1.0,0.0,0.0,0.0,0.0,0.0,0.0,0.0,0.05,0.05,0.0,0.0,0.0,0.0,0.0,False,25
EFEMP1,0.01,0,0,0,17.0,9.0,17.0,1.0,0.0,0.0,0.0,0.0,0.0,0.0,0.0,0.05,0.05,0.0,0.0,0.0,0.0,0.0,False,25
EHD2,0.01,0,0,0,17.0,16.0,17.0,1.0,0.0,0.0,0.0,0.0,0.0,0.0,0.0,0.05,0.05,0.0,0.0,0.0,0.0,0.0,False,25
GPATCH11,0.01,0,0,0,17.0,10.0,17.0,0.5,0.0,0.0,0.0,0.0,0.0,0.1,0.0,0.0,0.0,0.0,0.0,0.0,0.0,0.0,False,25
LOC401052,0.01,0,0,0,17.0,14.0,17.0,1.0,0.0,0.0,0.05,0.0,0.0,0.05,0.0,0.0,0.0,0.0,0.0,0.0,0.0,0.0,False,25
PDCD4,0.01,0,0,0,17.0,17.0,17.0,,0.0,0.0,0.0,0.1,0.0,0.0,0.0,0.0,0.0,0.0,0.0,0.0,0.0,0.0,False,25
SH3KBP1,0.01,0,0,0,17.0,15.0,17.0,0.0625,0.75,0.0,0.0,0.0,0.0,0.0,0.0,0.05,0.05,0.0,0.0,0.0,0.0,0.75,False,25
SLC52A3,0.01,0,0,0,17.0,17.0,17.0,1.0,0.0,0.0,0.0,0.0,0.0,0.0,0.0,0.0,0.0,0.05,0.05,0.0,0.0,0.0,False,25
STX1A,0.01,0,0,0,17.0,17.0,17.0,1.0,0.0,0.0,0.0,0.0,0.0,0.0,0.0,0.0,0.0,0.05,0.05,0.0,0.0,0.0,False,25
TELO2,0.01,0,0,0,17.0,17.0,17.0,1.0,0.0,0.0,0.0,0.0,0.0,0.0,0.0,0.0,0.0,0.05,0.05,0.0,0.0,0.0,False,25
ZDHHC21,0.01,0,0,0,17.0,17.0,17.0,1.0,0.0,0.0,0.0,0.0,0.0,0.0,0.0,0.0,0.0,0.05,0.05,0.0,0.0,0.0,False,25
ELMO3,0.01,0,0,0,17.5,17.0,17.5,1.0,0.2,0.0,0.0,0.0,0.0,0.0,0.0,0.0,0.0,0.05,0.05,0.0,0.0,0.2,False,25
GTF3C2,0.01,0,0,0,17.5,17.0,17.5,1.0,0.0,0.0,0.0,0.0,0.0,0.0,0.0,0.0,0.0,0.05,0.05,0.0,0.0,0.0,False,25
KLRG2,0.01,0,0,0,17.5,17.0,17.5,1.0,0.0,0.0,0.0,0.0,0.0,0.0,0.0,0.0,0.0,0.05,0.05,0.0,0.0,0.0,False,25
LARP7,0.01,0,0,0,17.5,17.0,17.5,1.0,0.0,0.0,0.0,0.0,0.0,0.0,0.0,0.0,0.0,0.05,0.05,0.0,0.0,0.0,False,25
LOC102724938,0.01,0,0,0,17.5,15.0,17.5,0.0,0.0,0.05,0.0,0.05,0.0,0.0,0.0,0.0,0.0,0.0,0.0,0.1,0.0,0.0,False,25
PRIM2,0.01,0,0,0,17.5,15.0,17.5,,0.0,0.0,0.0,0.1,0.0,0.0,0.0,0.0,0.0,0.0,0.0,0.0,0.0,0.0,False,25
PWP2,0.01,0,0,0,17.5,17.0,17.5,1.0,0.0,0.0,0.0,0.0,0.0,0.0,0.0,0.0,0.0,0.05,0.05,0.0,0.0,0.0,False,25
RASSF3,0.01,0,0,0,17.5,16.0,17.5,1.0,0.0,0.0,0.0,0.0,0.0,0.0,0.0,0.0,0.0,0.05,0.05,0.0,0.0,0.0,False,25
ZCCHC4,0.01,0,0,0,17.5,15.0,17.5,0.0,0.0,0.0,0.05,0.05,0.0,0.0,0.0,0.0,0.0,0.0,0.0,0.05,0.0,0.0,False,25
ADRB2,0.01,0,0,0,18.0,17.0,18.0,1.0,0.0,0.0,0.0,0.0,0.0,0.0,0.0,0.1,0.0,0.0,0.0,0.0,0.0,0.0,False,25
AGAP4,0.01,0,0,0,18.0,18.0,18.0,1.0,0.0,0.0,0.0,0.0,0.0,0.0,0.0,0.0,0.0,0.05,0.05,0.0,0.0,0.0,False,25
BAALC,0.01,0,0,0,18.0,18.0,18.0,1.0,0.0,0.0,0.0,0.0,0.0,0.0,0.0,0.0,0.0,0.05,0.05,0.0,0.0,0.0,False,25
GNAL,0.01,0,0,0,18.0,18.0,18.0,1.0,0.0,0.0,0.0,0.0,0.0,0.0,0.0,0.0,0.0,0.05,0.05,0.0,0.0,0.0,False,25
ISCU,0.01,0,0,0,18.0,17.0,18.0,1.0,0.0,0.0,0.0,0.0,0.0,0.0,0.0,0.05,0.05,0.0,0.0,0.0,0.0,0.0,False,25
PHKA2,0.01,0,0,0,18.0,16.0,18.0,1.0,0.0,0.0,0.0,0.0,0.0,0.0,0.0,0.0,0.0,0.05,0.05,0.0,0.0,0.0,False,25
POLR2H,0.01,0,0,0,18.0,15.0,18.0,,0.0,0.0,0.0,0.0,0.0,0.0,0.0,0.0,0.1,0.0,0.0,0.0,0.0,0.0,False,25
RGAG4,0.01,0,0,0,18.0,17.0,18.0,1.0,0.0,0.0,0.0,0.0,0.0,0.0,0.0,0.05,0.05,0.0,0.0,0.0,0.0,0.0,False,25
VMP1,0.01,0,0,0,18.0,18.0,18.0,1.0,0.0,0.0,0.0,0.0,0.0,0.0,0.0,0.0,0.0,0.05,0.05,0.0,0.0,0.0,False,25
ADAMTS3,0.01,0,0,0,18.5,14.0,18.5,0.5,0.0,0.05,0.05,0.0,0.0,0.0,0.0,0.0,0.0,0.0,0.0,0.0,0.0,0.0,False,25
CCDC92,0.01,0,0,0,18.5,18.0,18.5,1.0,0.0,0.0,0.0,0.0,0.0,0.0,0.0,0.0,0.0,0.05,0.05,0.0,0.0,0.0,False,25
CDH2,0.01,0,0,0,18.5,18.0,18.5,1.0,0.0,0.0,0.0,0.0,0.0,0.0,0.0,0.0,0.0,0.05,0.05,0.0,0.0,0.0,False,25
EGOT,0.01,0,0,0,18.5,14.0,18.5,0.5,0.0,0.0,0.1,0.0,0.0,0.0,0.0,0.0,0.0,0.0,0.0,0.0,0.0,0.0,False,25
FJX1,0.01,0,0,0,18.5,17.0,18.5,1.0,0.0,0.0,0.0,0.0,0.0,0.0,0.0,0.0,0.0,0.05,0.05,0.0,0.0,0.0,False,25
LMBR1L,0.01,0,0,0,18.5,18.0,18.5,1.0,0.0,0.0,0.0,0.0,0.0,0.0,0.0,0.0,0.0,0.05,0.05,0.0,0.0,0.0,False,25
LOC100288911,0.01,0,0,0,18.5,18.0,18.5,1.0,0.0,0.0,0.0,0.0,0.0,0.0,0.0,0.0,0.0,0.05,0.05,0.0,0.0,0.0,False,25
LOC101929465,0.01,0,0,0,18.5,17.0,18.5,1.0,0.0,0.0,0.0,0.0,0.0,0.0,0.0,0.05,0.05,0.0,0.0,0.0,0.0,0.0,False,25
OSR2,0.01,0,0,0,18.5,18.0,18.5,1.0,0.0,0.0,0.0,0.0,0.0,0.0,0.0,0.0,0.0,0.05,0.05,0.0,0.0,0.0,False,25
TFAP2A,0.01,0,0,0,18.5,16.0,18.5,1.0,0.0,0.0,0.0,0.0,0.0,0.0,0.0,0.05,0.05,0.0,0.0,0.0,0.0,0.0,False,25
TJP3,0.01,0,0,0,18.5,17.0,18.5,1.0,0.0,0.0,0.0,0.0,0.0,0.0,0.0,0.05,0.05,0.0,0.0,0.0,0.0,0.0,False,25
TRIM52-AS1,0.01,0,0,0,18.5,16.0,18.5,1.0,0.0,0.0,0.0,0.0,0.0,0.0,0.0,0.05,0.05,0.0,0.0,0.0,0.0,0.0,False,25
ZNF780B,0.01,0,0,0,18.5,12.0,18.5,1.0,0.0,0.0,0.05,0.05,0.0,0.0,0.0,0.0,0.0,0.0,0.0,0.0,0.0,0.0,False,25
ALPK3,0.01,0,0,0,19.0,19.0,19.0,1.0,0.0,0.0,0.0,0.0,0.0,0.0,0.0,0.0,0.0,0.05,0.05,0.0,0.0,0.0,False,25
ATAD3A,0.01,0,0,0,19.0,18.0,19.0,1.0,0.0,0.0,0.0,0.0,0.0,0.0,0.0,0.0,0.0,0.05,0.05,0.0,0.0,0.0,False,25
ATG16L1,0.01,0,0,0,19.0,17.0,19.0,1.0,0.0,0.0,0.0,0.0,0.0,0.0,0.0,0.0,0.0,0.05,0.05,0.0,0.0,0.0,False,25
CASQ2,0.01,0,0,0,19.0,15.0,19.0,1.0,0.0,0.0,0.0,0.0,0.0,0.0,0.0,0.05,0.05,0.0,0.0,0.0,0.0,0.0,False,25
CHD3,0.01,0,0,0,19.0,19.0,19.0,1.0,0.0,0.0,0.0,0.0,0.0,0.0,0.0,0.0,0.0,0.05,0.05,0.0,0.0,0.0,False,25
FNTA,0.01,0,0,0,19.0,19.0,19.0,1.0,0.0,0.0,0.0,0.0,0.0,0.0,0.0,0.0,0.0,0.05,0.05,0.0,0.0,0.0,False,25
HDDC2,0.01,0,0,0,19.0,18.0,19.0,1.0,0.0,0.0,0.0,0.0,0.0,0.0,0.0,0.0,0.0,0.05,0.05,0.0,0.0,0.0,False,25
ILF3,0.01,0,0,0,19.0,18.0,19.0,1.0,0.0,0.0,0.0,0.0,0.0,0.0,0.0,0.05,0.05,0.0,0.0,0.0,0.0,0.0,False,25
LILRB5,0.01,0,0,0,19.0,17.0,19.0,0.0,0.0,0.0,0.0,0.0,0.05,0.0,0.05,0.0,0.0,0.0,0.0,0.0,0.05,0.0,False,25
LOC389831,0.01,0,0,0,19.0,16.0,19.0,0.0,0.0,0.0,0.0,0.0,0.0,0.1,0.0,0.0,0.0,0.0,0.0,0.0,0.0,0.0,False,25
RGAG1,0.01,0,0,0,19.0,19.0,19.0,1.0,0.0,0.0,0.0,0.0,0.0,0.0,0.0,0.0,0.0,0.05,0.05,0.0,0.0,0.0,False,25
SOD3,0.01,0,0,0,19.0,19.0,19.0,1.0,0.0,0.0,0.0,0.0,0.0,0.0,0.0,0.0,0.0,0.05,0.05,0.0,0.0,0.0,False,25
EXOC7,0.01,0,0,0,19.5,14.0,19.5,,0.0,0.0,0.0,0.0,0.0,0.0,0.0,0.0,0.1,0.0,0.0,0.0,0.0,0.0,False,25
MAGED1,0.01,0,0,0,19.5,19.0,19.5,1.0,0.0,0.0,0.0,0.0,0.0,0.0,0.0,0.0,0.0,0.05,0.05,0.0,0.0,0.0,False,25
RUSC1,0.01,0,0,0,19.5,19.0,19.5,1.0,0.0,0.0,0.0,0.0,0.0,0.0,0.0,0.0,0.0,0.05,0.05,0.0,0.0,0.0,False,25
UPK3B,0.01,0,0,0,19.5,18.0,19.5,,0.0,0.0,0.0,0.1,0.0,0.0,0.0,0.0,0.0,0.0,0.0,0.0,0.0,0.0,False,25
UVSSA,0.01,0,0,0,19.5,19.0,19.5,1.0,0.0,0.0,0.0,0.0,0.0,0.0,0.0,0.0,0.0,0.05,0.05,0.0,0.0,0.0,False,25
ZNF718,0.01,0,0,0,19.5,14.0,19.5,,0.0,0.0,0.0,0.1,0.0,0.0,0.0,0.0,0.0,0.0,0.0,0.0,0.0,0.0,False,25
CFL1,0.01,0,0,0,20.0,20.0,20.0,1.0,0.0,0.0,0.0,0.0,0.0,0.0,0.0,0.0,0.0,0.05,0.05,0.0,0.0,0.0,False,25
CITED2,0.01,0,0,0,20.0,20.0,20.0,1.0,0.0,0.0,0.0,0.0,0.0,0.0,0.0,0.0,0.0,0.05,0.05,0.0,0.0,0.0,False,25
EEF1AKMT1,0.01,0,0,0,20.0,20.0,20.0,1.0,0.0,0.0,0.0,0.0,0.0,0.0,0.0,0.0,0.0,0.05,0.05,0.0,0.0,0.0,False,25
JAK1,0.01,0,0,0,20.0,20.0,20.0,1.0,0.0,0.0,0.0,0.0,0.0,0.0,0.0,0.0,0.0,0.05,0.05,0.0,0.0,0.0,False,25
LOC284513,0.01,0,0,0,20.0,19.0,20.0,1.0,0.0,0.0,0.0,0.0,0.0,0.0,0.0,0.0,0.0,0.05,0.05,0.0,0.0,0.0,False,25
MCM5,0.01,0,0,0,20.0,20.0,20.0,1.0,0.0,0.0,0.0,0.0,0.0,0.0,0.0,0.0,0.0,0.05,0.05,0.0,0.0,0.0,False,25
PCK1,0.01,0,0,0,20.0,17.0,20.0,0.4,0.15,0.0,0.0,0.0,0.0,0.0,0.0,0.1,0.0,0.0,0.0,0.0,0.0,0.15,False,25
PLCD1,0.01,0,0,0,20.0,20.0,20.0,1.0,0.0,0.0,0.0,0.0,0.0,0.0,0.0,0.0,0.0,0.05,0.05,0.0,0.0,0.0,False,25
SGTA,0.01,0,0,0,20.0,19.0,20.0,1.0,0.0,0.0,0.0,0.0,0.0,0.0,0.0,0.0,0.0,0.05,0.05,0.0,0.0,0.0,False,25
TMEM134,0.01,0,0,0,20.0,20.0,20.0,1.0,0.0,0.0,0.0,0.0,0.0,0.0,0.0,0.0,0.0,0.05,0.05,0.0,0.0,0.0,False,25
APOF,0.01,0,0,0,20.5,18.0,20.5,1.0,0.0,0.0,0.0,0.05,0.05,0.0,0.0,0.0,0.0,0.0,0.0,0.0,0.0,0.0,False,25
DIAPH2,0.01,0,0,0,20.5,19.0,20.5,1.0,0.0,0.0,0.0,0.0,0.0,0.0,0.0,0.05,0.05,0.0,0.0,0.0,0.0,0.0,False,25
IQSEC3,0.01,0,0,0,20.5,20.0,20.5,1.0,0.0,0.0,0.0,0.0,0.0,0.0,0.0,0.0,0.0,0.05,0.05,0.0,0.0,0.0,False,25
KLHL42,0.01,0,0,0,20.5,20.0,20.5,1.0,0.0,0.0,0.0,0.0,0.0,0.0,0.0,0.0,0.0,0.05,0.05,0.0,0.0,0.0,False,25
S100A14,0.01,0,0,0,20.5,17.0,20.5,1.0,0.75,0.0,0.0,0.0,0.0,0.0,0.0,0.05,0.05,0.0,0.0,0.0,0.0,0.75,False,25
ADAM10,0.01,0,0,0,21.0,21.0,21.0,1.0,0.0,0.0,0.0,0.0,0.0,0.0,0.0,0.0,0.0,0.05,0.05,0.0,0.0,0.0,False,25
ATP6V0E2-AS1,0.01,0,0,0,21.0,21.0,21.0,0.0,0.0,0.0,0.05,0.0,0.0,0.05,0.0,0.0,0.0,0.0,0.0,0.0,0.0,0.0,False,25
CEP85,0.01,0,0,0,21.0,20.0,21.0,1.0,0.0,0.0,0.0,0.0,0.0,0.0,0.0,0.0,0.0,0.05,0.05,0.0,0.0,0.0,False,25
EHBP1L1,0.01,0,0,0,21.0,21.0,21.0,1.0,0.0,0.0,0.0,0.0,0.0,0.0,0.0,0.0,0.0,0.05,0.05,0.0,0.0,0.0,False,25
FKBP2,0.01,0,0,0,21.0,21.0,21.0,1.0,0.0,0.0,0.0,0.0,0.0,0.0,0.0,0.0,0.0,0.05,0.05,0.0,0.0,0.0,False,25
INO80D,0.01,0,0,0,21.0,20.0,21.0,1.0,0.0,0.0,0.0,0.0,0.0,0.0,0.0,0.0,0.0,0.05,0.05,0.0,0.0,0.0,False,25
LOC101927151,0.01,0,0,0,21.0,20.0,21.0,1.0,0.0,0.0,0.0,0.0,0.0,0.0,0.0,0.0,0.0,0.05,0.05,0.0,0.0,0.0,False,25
SLC6A6,0.01,0,0,0,21.0,18.0,21.0,0.5,0.0,0.0,0.1,0.0,0.0,0.0,0.0,0.0,0.0,0.0,0.0,0.0,0.0,0.0,False,25
TACSTD2,0.01,0,0,0,21.0,17.0,21.0,1.0,0.0,0.0,0.0,0.0,0.0,0.0,0.0,0.05,0.05,0.0,0.0,0.0,0.0,0.0,False,25
ADPRHL2,0.01,0,0,0,21.5,21.0,21.5,1.0,0.0,0.0,0.0,0.0,0.0,0.0,0.0,0.0,0.0,0.05,0.05,0.0,0.0,0.0,False,25
ARHGAP6,0.01,0,0,0,21.5,21.0,21.5,1.0,0.0,0.0,0.0,0.0,0.0,0.0,0.0,0.0,0.0,0.05,0.05,0.0,0.0,0.0,False,25
BHLHE40,0.01,0,0,0,21.5,21.0,21.5,1.0,0.0,0.0,0.0,0.0,0.0,0.0,0.0,0.0,0.0,0.05,0.05,0.0,0.0,0.0,False,25
DAAM2,0.01,0,0,0,21.5,20.0,21.5,1.0,0.0,0.0,0.0,0.0,0.0,0.0,0.0,0.05,0.05,0.0,0.0,0.0,0.0,0.0,False,25
HDGF,0.01,0,0,0,21.5,21.0,21.5,1.0,0.0,0.0,0.0,0.0,0.0,0.0,0.0,0.0,0.0,0.05,0.05,0.0,0.0,0.0,False,25
MED16,0.01,0,0,0,21.5,21.0,21.5,1.0,0.0,0.0,0.0,0.0,0.0,0.0,0.0,0.0,0.0,0.05,0.05,0.0,0.0,0.0,False,25
PPP1R35,0.01,0,0,0,21.5,21.0,21.5,1.0,0.0,0.0,0.0,0.0,0.0,0.0,0.0,0.05,0.05,0.0,0.0,0.0,0.0,0.0,False,25
RBM8A,0.01,0,0,0,21.5,21.0,21.5,1.0,0.0,0.0,0.0,0.0,0.0,0.0,0.0,0.0,0.0,0.05,0.05,0.0,0.0,0.0,False,25
SLIT2,0.01,0,0,0,21.5,21.0,21.5,1.0,0.0,0.0,0.0,0.0,0.0,0.0,0.0,0.0,0.0,0.05,0.05,0.0,0.0,0.0,False,25
THRSP,0.01,0,0,0,21.5,20.0,21.5,1.0,0.0,0.0,0.0,0.0,0.0,0.0,0.0,0.05,0.05,0.0,0.0,0.0,0.0,0.0,False,25
TRIT1,0.01,0,0,0,21.5,21.0,21.5,1.0,0.0,0.0,0.0,0.0,0.0,0.0,0.0,0.0,0.0,0.05,0.05,0.0,0.0,0.0,False,25
ZNF25,0.01,0,0,0,21.5,20.0,21.5,1.0,0.0,0.0,0.0,0.0,0.0,0.0,0.0,0.0,0.0,0.05,0.05,0.0,0.0,0.0,False,25
ZNF788,0.01,0,0,0,21.5,18.0,21.5,,0.0,0.0,0.0,0.1,0.0,0.0,0.0,0.0,0.0,0.0,0.0,0.0,0.0,0.0,False,25
C18orf21,0.01,0,0,0,22.0,21.0,22.0,1.0,0.0,0.0,0.0,0.0,0.0,0.0,0.0,0.0,0.0,0.05,0.05,0.0,0.0,0.0,False,25
CSPG4,0.01,0,0,0,22.0,22.0,22.0,1.0,0.0,0.0,0.0,0.0,0.0,0.0,0.0,0.0,0.0,0.05,0.05,0.0,0.0,0.0,False,25
FN1,0.01,0,0,0,22.0,21.0,22.0,1.0,0.0,0.0,0.0,0.0,0.0,0.0,0.0,0.0,0.0,0.05,0.05,0.0,0.0,0.0,False,25
KDM5B,0.01,0,0,0,22.0,21.0,22.0,1.0,0.0,0.0,0.0,0.0,0.0,0.0,0.0,0.05,0.05,0.0,0.0,0.0,0.0,0.0,False,25
PPP1R16B,0.01,0,0,0,22.0,22.0,22.0,1.0,0.0,0.0,0.0,0.0,0.0,0.0,0.0,0.0,0.0,0.05,0.05,0.0,0.0,0.0,False,25
SCN3A,0.01,0,0,0,22.0,22.0,22.0,1.0,0.0,0.0,0.0,0.0,0.0,0.0,0.0,0.0,0.0,0.05,0.05,0.0,0.0,0.0,False,25
VAV3,0.01,0,0,0,22.0,20.0,22.0,0.5,0.0,0.0,0.05,0.0,0.0,0.0,0.0,0.05,0.0,0.0,0.0,0.0,0.0,0.0,False,25
ZNF124,0.01,0,0,0,22.0,19.0,22.0,1.0,0.0,0.0,0.05,0.05,0.0,0.0,0.0,0.0,0.0,0.0,0.0,0.0,0.0,0.0,False,25
ACSL1,0.01,0,0,0,22.5,22.0,22.5,1.0,0.0,0.0,0.0,0.0,0.0,0.0,0.0,0.05,0.05,0.0,0.0,0.0,0.0,0.0,False,25
ARL6IP5,0.01,0,0,0,22.5,22.0,22.5,1.0,0.0,0.0,0.0,0.0,0.0,0.0,0.0,0.0,0.0,0.05,0.05,0.0,0.0,0.0,False,25
CC2D1A,0.01,0,0,0,22.5,22.0,22.5,1.0,0.0,0.0,0.0,0.0,0.0,0.0,0.0,0.0,0.0,0.05,0.05,0.0,0.0,0.0,False,25
FABP4,0.01,0,0,0,22.5,22.0,22.5,1.0,0.0,0.0,0.0,0.0,0.0,0.0,0.0,0.05,0.05,0.0,0.0,0.0,0.0,0.0,False,25
FAM160B1,0.01,0,0,0,22.5,22.0,22.5,1.0,0.0,0.0,0.0,0.0,0.0,0.0,0.0,0.0,0.0,0.05,0.05,0.0,0.0,0.0,False,25
FAM228A,0.01,0,0,0,22.5,20.0,22.5,0.3333333333333333,0.0,0.05,0.05,0.0,0.0,0.0,0.0,0.0,0.0,0.0,0.0,0.05,0.0,0.0,False,25
KIFC3,0.01,0,0,0,22.5,22.0,22.5,1.0,0.0,0.0,0.0,0.0,0.0,0.0,0.0,0.0,0.0,0.05,0.05,0.0,0.0,0.0,False,25
KLHDC1,0.01,0,0,0,22.5,21.0,22.5,1.0,0.0,0.0,0.0,0.0,0.0,0.0,0.0,0.0,0.0,0.05,0.05,0.0,0.0,0.0,False,25
LZTS1,0.01,0,0,0,22.5,22.0,22.5,0.0,0.0,0.0,0.05,0.0,0.0,0.05,0.0,0.0,0.0,0.0,0.0,0.0,0.0,0.0,False,25
MAP3K1,0.01,0,0,0,22.5,22.0,22.5,1.0,0.0,0.0,0.05,0.05,0.0,0.0,0.0,0.0,0.0,0.0,0.0,0.0,0.0,0.0,False,25
AGPAT2,0.01,0,0,0,23.0,23.0,23.0,1.0,0.0,0.0,0.0,0.05,0.0,0.0,0.0,0.05,0.0,0.0,0.0,0.0,0.0,0.0,False,25
BLOC1S1,0.01,0,0,0,23.0,23.0,23.0,1.0,0.0,0.0,0.0,0.0,0.0,0.0,0.0,0.0,0.0,0.05,0.05,0.0,0.0,0.0,False,25
F9,0.01,0,0,0,23.0,23.0,23.0,1.0,0.0,0.0,0.0,0.0,0.0,0.0,0.0,0.0,0.0,0.05,0.05,0.0,0.0,0.0,False,25
GMFG,0.01,0,0,0,23.0,22.0,23.0,1.0,0.0,0.0,0.0,0.0,0.0,0.0,0.0,0.0,0.0,0.05,0.05,0.0,0.0,0.0,False,25
GSTM4,0.01,0,0,0,23.0,23.0,23.0,1.0,0.0,0.0,0.0,0.0,0.0,0.0,0.0,0.0,0.0,0.05,0.05,0.0,0.0,0.0,False,25
NUFIP2,0.01,0,0,0,23.0,23.0,23.0,1.0,0.0,0.0,0.0,0.0,0.0,0.0,0.0,0.0,0.0,0.05,0.05,0.0,0.0,0.0,False,25
PABPC1,0.01,0,0,0,23.0,23.0,23.0,1.0,0.0,0.0,0.0,0.0,0.0,0.0,0.0,0.0,0.0,0.05,0.05,0.0,0.0,0.0,False,25
PDE3B,0.01,0,0,0,23.0,21.0,23.0,0.5,0.05,0.0,0.0,0.0,0.0,0.0,0.0,0.05,0.05,0.0,0.0,0.0,0.0,0.05,False,25
RNASE4,0.01,0,0,0,23.0,22.0,23.0,1.0,0.0,0.0,0.0,0.0,0.0,0.0,0.0,0.05,0.05,0.0,0.0,0.0,0.0,0.0,False,25
TMEM230,0.01,0,0,0,23.0,22.0,23.0,1.0,0.0,0.0,0.0,0.0,0.0,0.0,0.0,0.0,0.0,0.05,0.05,0.0,0.0,0.0,False,25
ADI1,0.01,0,0,0,23.5,23.0,23.5,1.0,0.0,0.0,0.0,0.0,0.0,0.0,0.0,0.0,0.0,0.05,0.05,0.0,0.0,0.0,False,25
CELF2,0.01,0,0,0,23.5,23.0,23.5,1.0,0.0,0.0,0.0,0.0,0.0,0.0,0.0,0.05,0.05,0.0,0.0,0.0,0.0,0.0,False,25
FCGR1B,0.01,0,0,0,23.5,23.0,23.5,1.0,0.0,0.0,0.0,0.0,0.0,0.0,0.0,0.0,0.0,0.05,0.05,0.0,0.0,0.0,False,25
CD24,0.01,0,0,0,24.0,23.0,24.0,0.0,0.0,0.0,0.0,0.0,0.0,0.1,0.0,0.0,0.0,0.0,0.0,0.0,0.0,0.0,False,25
CEP126,0.01,0,0,0,24.0,23.0,24.0,1.0,0.0,0.0,0.0,0.0,0.0,0.0,0.0,0.0,0.0,0.05,0.05,0.0,0.0,0.0,False,25
CSNK1G2,0.01,0,0,0,24.0,24.0,24.0,1.0,0.0,0.0,0.0,0.0,0.0,0.0,0.0,0.0,0.0,0.05,0.05,0.0,0.0,0.0,False,25
FAM65C,0.01,0,0,0,24.0,24.0,24.0,1.0,0.0,0.0,0.0,0.0,0.0,0.0,0.0,0.0,0.0,0.05,0.05,0.0,0.0,0.0,False,25
HOMER3,0.01,0,0,0,24.0,24.0,24.0,1.0,0.0,0.0,0.0,0.0,0.0,0.0,0.0,0.0,0.0,0.05,0.05,0.0,0.0,0.0,False,25
NAMPT,0.01,0,0,0,24.0,24.0,24.0,1.0,0.0,0.0,0.0,0.0,0.0,0.0,0.0,0.0,0.0,0.05,0.05,0.0,0.0,0.0,False,25
PDP2,0.01,0,0,0,24.0,24.0,24.0,1.0,0.0,0.0,0.0,0.0,0.0,0.0,0.0,0.05,0.05,0.0,0.0,0.0,0.0,0.0,False,25
PTTG1IP,0.01,0,0,0,24.0,24.0,24.0,1.0,0.0,0.0,0.0,0.0,0.0,0.0,0.0,0.0,0.0,0.05,0.05,0.0,0.0,0.0,False,25
TIMP4,0.01,0,0,0,24.0,23.0,24.0,0.5,0.0,0.0,0.05,0.0,0.0,0.0,0.0,0.05,0.0,0.0,0.0,0.0,0.0,0.0,False,25
CHRDL1,0.01,0,0,0,24.5,24.0,24.5,1.0,0.0,0.0,0.0,0.0,0.0,0.0,0.0,0.05,0.05,0.0,0.0,0.0,0.0,0.0,False,25
FOXK2,0.01,0,0,0,24.5,24.0,24.5,1.0,0.0,0.0,0.0,0.0,0.0,0.0,0.0,0.0,0.0,0.05,0.05,0.0,0.0,0.0,False,25
DNAL1,0.01,0,0,0,25.0,25.0,25.0,1.0,0.0,0.0,0.0,0.0,0.0,0.0,0.0,0.0,0.0,0.05,0.05,0.0,0.0,0.0,False,25
LINC01354,0.01,0,0,0,25.0,25.0,25.0,1.0,0.0,0.0,0.0,0.0,0.0,0.0,0.0,0.0,0.0,0.05,0.05,0.0,0.0,0.0,False,25
VASH1,0.01,0,0,0,25.0,25.0,25.0,1.0,0.0,0.0,0.0,0.0,0.0,0.0,0.0,0.0,0.0,0.05,0.05,0.0,0.0,0.0,False,25
SEC24D,0.005,0,0,0,1.0,1.0,1.0,0.0,0.0,0.0,0.05,0.0,0.0,0.0,0.0,0.0,0.0,0.0,0.0,0.0,0.0,0.0,False,25
SEL1L2,0.005,0,0,0,1.0,1.0,1.0,1.0,0.0,0.0,0.0,0.05,0.0,0.0,0.0,0.0,0.0,0.0,0.0,0.0,0.05,0.0,False,25
ST6GALNAC5,0.005,0,0,0,1.0,1.0,1.0,,0.0,0.0,0.0,0.05,0.0,0.0,0.0,0.0,0.0,0.0,0.0,0.0,0.0,0.0,False,25
C1orf115,0.005,0,0,0,2.0,2.0,2.0,,0.0,0.0,0.0,0.05,0.0,0.0,0.0,0.0,0.0,0.0,0.0,0.0,0.0,0.0,False,25
LOC728730,0.005,0,0,0,2.0,2.0,2.0,0.0,0.0,0.0,0.05,0.0,0.0,0.0,0.0,0.0,0.0,0.0,0.0,0.0,0.0,0.0,False,25
RFX6,0.005,0,0,0,2.0,2.0,2.0,,0.0,0.0,0.0,0.05,0.0,0.0,0.0,0.0,0.0,0.0,0.0,0.0,0.0,0.0,False,25
CDH26,0.005,0,0,0,3.0,3.0,3.0,0.0,0.0,0.0,0.0,0.0,0.0,0.05,0.0,0.0,0.0,0.0,0.0,0.0,0.0,0.0,False,25
LINC00922,0.005,0,0,0,3.0,3.0,3.0,1.0,0.0,0.0,0.05,0.0,0.0,0.0,0.0,0.0,0.0,0.0,0.0,0.0,0.0,0.0,False,25
LINC00944,0.005,0,0,0,3.0,3.0,3.0,,0.0,0.0,0.0,0.05,0.0,0.0,0.0,0.0,0.0,0.0,0.0,0.0,0.0,0.0,False,25
MDK,0.005,0,0,0,3.0,3.0,3.0,0.0,0.0,0.0,0.05,0.0,0.0,0.0,0.0,0.0,0.0,0.0,0.0,0.0,0.0,0.0,False,25
RNLS,0.005,0,0,0,3.0,3.0,3.0,,0.0,0.0,0.0,0.05,0.0,0.0,0.0,0.0,0.0,0.0,0.0,0.0,0.0,0.0,False,25
AGPAT5,0.005,0,0,0,4.0,4.0,4.0,1.0,0.0,0.0,0.05,0.0,0.0,0.0,0.0,0.0,0.0,0.0,0.0,0.0,0.0,0.0,False,25
CATSPER1,0.005,0,0,0,4.0,4.0,4.0,,0.0,0.0,0.0,0.05,0.0,0.0,0.0,0.0,0.0,0.0,0.0,0.0,0.0,0.0,False,25
LOC100653086,0.005,0,0,0,4.0,4.0,4.0,0.0,0.0,0.05,0.0,0.0,0.0,0.0,0.0,0.0,0.0,0.0,0.0,0.05,0.0,0.0,False,25
RAB15,0.005,0,0,0,4.0,4.0,4.0,1.0,0.0,0.0,0.05,0.0,0.0,0.0,0.0,0.0,0.0,0.0,0.0,0.0,0.0,0.0,False,25
IGF1R,0.005,0,0,0,5.0,5.0,5.0,0.0,0.0,0.0,0.05,0.0,0.0,0.0,0.0,0.0,0.0,0.0,0.0,0.0,0.0,0.0,False,25
LOC100506691,0.005,0,0,0,5.0,5.0,5.0,,0.0,0.0,0.0,0.05,0.0,0.0,0.0,0.0,0.0,0.0,0.0,0.0,0.0,0.0,False,25
LOC105373876,0.005,0,0,0,5.0,5.0,5.0,0.0,0.0,0.05,0.0,0.0,0.0,0.0,0.0,0.0,0.0,0.0,0.0,0.05,0.0,0.0,False,25
MPC1,0.005,0,0,0,5.0,5.0,5.0,1.0,0.0,0.0,0.05,0.0,0.0,0.0,0.0,0.0,0.0,0.0,0.0,0.0,0.0,0.0,False,25
PDHA1,0.005,0,0,0,5.0,5.0,5.0,,0.0,0.0,0.0,0.05,0.0,0.0,0.0,0.0,0.0,0.0,0.0,0.0,0.0,0.0,False,25
SGCG,0.005,0,0,0,5.0,5.0,5.0,,0.0,0.0,0.0,0.05,0.0,0.0,0.0,0.0,0.0,0.0,0.0,0.0,0.0,0.0,False,25
CHURC1,0.005,0,0,0,6.0,6.0,6.0,0.0,0.0,0.0,0.05,0.0,0.0,0.0,0.0,0.0,0.0,0.0,0.0,0.0,0.0,0.0,False,25
COL4A5,0.005,0,0,0,6.0,6.0,6.0,0.0,0.0,0.0,0.05,0.0,0.0,0.0,0.0,0.0,0.0,0.0,0.0,0.0,0.0,0.0,False,25
LOC100289361,0.005,0,0,0,6.0,6.0,6.0,1.0,0.0,0.0,0.05,0.0,0.0,0.0,0.0,0.0,0.0,0.0,0.0,0.0,0.0,0.0,False,25
MYO1C,0.005,0,0,0,6.0,6.0,6.0,1.0,0.0,0.0,0.0,0.0,0.0,0.05,0.0,0.0,0.0,0.0,0.0,0.0,0.0,0.0,False,25
OR9A1P,0.005,0,0,0,6.0,6.0,6.0,,0.0,0.0,0.0,0.05,0.0,0.0,0.0,0.0,0.0,0.0,0.0,0.0,0.0,0.0,False,25
PHF8,0.005,0,0,0,6.0,6.0,6.0,1.0,0.0,0.0,0.0,0.0,0.0,0.05,0.0,0.0,0.0,0.0,0.0,0.0,0.0,0.0,False,25
PNLIPRP3,0.005,0,0,0,6.0,6.0,6.0,0.0,0.0,0.05,0.0,0.0,0.0,0.0,0.0,0.0,0.0,0.0,0.0,0.1,0.0,0.0,False,25
ST6GAL2,0.005,0,0,0,6.0,6.0,6.0,1.0,0.0,0.0,0.05,0.0,0.0,0.0,0.0,0.0,0.0,0.0,0.0,0.0,0.0,0.0,False,25
TLCD2,0.005,0,0,0,6.0,6.0,6.0,1.0,0.0,0.0,0.05,0.0,0.0,0.0,0.0,0.0,0.0,0.0,0.0,0.0,0.0,0.0,False,25
TRMT44,0.005,0,0,0,6.0,6.0,6.0,,0.0,0.0,0.0,0.05,0.0,0.0,0.0,0.0,0.0,0.0,0.0,0.0,0.0,0.0,False,25
UTS2,0.005,0,0,0,6.0,6.0,6.0,,0.0,0.0,0.0,0.05,0.0,0.0,0.0,0.0,0.0,0.0,0.0,0.0,0.0,0.0,False,25
ADGRL3,0.005,0,0,0,7.0,7.0,7.0,0.0,0.0,0.0,0.05,0.0,0.0,0.0,0.0,0.0,0.0,0.0,0.0,0.0,0.0,0.0,False,25
CYP26A1,0.005,0,0,0,7.0,7.0,7.0,1.0,0.0,0.05,0.0,0.0,0.0,0.0,0.0,0.0,0.0,0.0,0.0,0.0,0.0,0.0,False,25
ERMP1,0.005,0,0,0,7.0,7.0,7.0,1.0,0.0,0.0,0.05,0.0,0.0,0.0,0.0,0.0,0.0,0.0,0.0,0.0,0.0,0.0,False,25
GALNT15,0.005,0,0,0,7.0,7.0,7.0,,0.0,0.0,0.0,0.05,0.0,0.0,0.0,0.0,0.0,0.0,0.0,0.0,0.0,0.0,False,25
IGF1,0.005,0,0,0,7.0,7.0,7.0,1.0,0.0,0.0,0.0,0.0,0.0,0.0,0.0,0.05,0.0,0.0,0.0,0.0,0.0,0.0,False,25
MARK1,0.005,0,0,0,7.0,7.0,7.0,1.0,0.0,0.0,0.05,0.0,0.0,0.0,0.0,0.0,0.0,0.0,0.0,0.0,0.0,0.0,False,25
MC3R,0.005,0,0,0,7.0,7.0,7.0,1.0,0.0,0.0,0.0,0.05,0.0,0.0,0.0,0.0,0.0,0.0,0.0,0.0,0.05,0.0,False,25
MSX2,0.005,0,0,0,7.0,7.0,7.0,1.0,0.0,0.0,0.0,0.0,0.0,0.05,0.0,0.0,0.0,0.0,0.0,0.0,0.0,0.0,False,25
P4HA3,0.005,0,0,0,7.0,7.0,7.0,0.0,0.0,0.0,0.05,0.0,0.0,0.0,0.0,0.0,0.0,0.0,0.0,0.0,0.0,0.0,False,25
PC,0.005,0,0,0,7.0,7.0,7.0,0.0,0.1,0.0,0.0,0.05,0.0,0.0,0.0,0.0,0.0,0.0,0.0,0.0,0.0,0.1,False,25
RAB8A,0.005,0,0,0,7.0,7.0,7.0,1.0,0.0,0.0,0.05,0.0,0.0,0.0,0.0,0.0,0.0,0.0,0.0,0.0,0.0,0.0,False,25
RARRES2,0.005,0,0,0,7.0,7.0,7.0,1.0,0.0,0.0,0.0,0.0,0.0,0.0,0.0,0.05,0.0,0.0,0.0,0.0,0.0,0.0,False,25
CDH11,0.005,0,0,0,8.0,8.0,8.0,,0.0,0.0,0.0,0.05,0.0,0.0,0.0,0.0,0.0,0.0,0.0,0.0,0.0,0.0,False,25
LINC01119,0.005,0,0,0,8.0,8.0,8.0,,0.0,0.0,0.0,0.05,0.0,0.0,0.0,0.0,0.0,0.0,0.0,0.0,0.0,0.0,False,25
LOC285000,0.005,0,0,0,8.0,8.0,8.0,1.0,0.0,0.05,0.0,0.0,0.0,0.0,0.0,0.0,0.0,0.0,0.0,0.0,0.0,0.0,False,25
PEG10,0.005,0,0,0,8.0,8.0,8.0,0.0,0.0,0.0,0.05,0.0,0.0,0.0,0.0,0.0,0.0,0.0,0.0,0.0,0.0,0.0,False,25
POLR2E,0.005,0,0,0,8.0,8.0,8.0,1.0,0.0,0.0,0.0,0.0,0.0,0.0,0.0,0.05,0.0,0.0,0.0,0.0,0.0,0.0,False,25
ZBTB16,0.005,0,0,0,8.0,8.0,8.0,1.0,0.0,0.0,0.0,0.0,0.0,0.0,0.0,0.05,0.0,0.0,0.0,0.0,0.0,0.0,False,25
CST13P,0.005,0,0,0,9.0,9.0,9.0,1.0,0.0,0.05,0.0,0.0,0.0,0.0,0.0,0.0,0.0,0.0,0.0,0.0,0.0,0.0,False,25
GDF5,0.005,0,0,0,9.0,9.0,9.0,1.0,0.0,0.0,0.05,0.0,0.0,0.0,0.0,0.0,0.0,0.0,0.0,0.0,0.0,0.0,False,25
KIF11,0.005,0,0,0,9.0,9.0,9.0,1.0,0.0,0.0,0.0,0.0,0.0,0.0,0.0,0.05,0.0,0.0,0.0,0.0,0.0,0.0,False,25
LILRA6,0.005,0,0,0,9.0,9.0,9.0,,0.0,0.0,0.0,0.05,0.0,0.0,0.0,0.0,0.0,0.0,0.0,0.0,0.0,0.0,False,25
LIMK1,0.005,0,0,0,9.0,9.0,9.0,,0.0,0.0,0.0,0.05,0.0,0.0,0.0,0.0,0.0,0.0,0.0,0.0,0.0,0.0,False,25
SNTB2,0.005,0,0,0,9.0,9.0,9.0,1.0,0.0,0.0,0.0,0.0,0.0,0.0,0.0,0.05,0.0,0.0,0.0,0.0,0.0,0.0,False,25
STK11IP,0.005,0,0,0,9.0,9.0,9.0,0.0,0.0,0.0,0.05,0.0,0.0,0.0,0.0,0.0,0.0,0.0,0.0,0.0,0.0,0.0,False,25
TMEM108,0.005,0,0,0,9.0,9.0,9.0,,0.0,0.0,0.0,0.05,0.0,0.0,0.0,0.0,0.0,0.0,0.0,0.0,0.0,0.0,False,25
ZNF468,0.005,0,0,0,9.0,9.0,9.0,1.0,0.0,0.0,0.05,0.0,0.0,0.0,0.0,0.0,0.0,0.0,0.0,0.0,0.0,0.0,False,25
CADM4,0.005,0,0,0,10.0,10.0,10.0,0.0,0.0,0.0,0.05,0.0,0.0,0.0,0.0,0.0,0.0,0.0,0.0,0.0,0.0,0.0,False,25
EHHADH,0.005,0,0,0,10.0,10.0,10.0,1.0,0.0,0.0,0.0,0.0,0.0,0.0,0.0,0.05,0.0,0.0,0.0,0.0,0.0,0.0,False,25
KERA,0.005,0,0,0,10.0,10.0,10.0,,0.0,0.0,0.0,0.05,0.0,0.0,0.0,0.0,0.0,0.0,0.0,0.0,0.0,0.0,False,25
KIAA0895,0.005,0,0,0,10.0,10.0,10.0,,0.0,0.0,0.0,0.05,0.0,0.0,0.0,0.0,0.0,0.0,0.0,0.0,0.0,0.0,False,25
NAPRT,0.005,0,0,0,10.0,10.0,10.0,,0.0,0.0,0.0,0.05,0.0,0.0,0.0,0.0,0.0,0.0,0.0,0.0,0.0,0.0,False,25
RETSAT,0.005,0,0,0,10.0,10.0,10.0,1.0,0.0,0.0,0.0,0.0,0.0,0.0,0.0,0.05,0.0,0.0,0.0,0.0,0.0,0.0,False,25
TMEM220,0.005,0,0,0,10.0,10.0,10.0,0.0,0.05,0.0,0.05,0.0,0.0,0.0,0.0,0.0,0.0,0.0,0.0,0.0,0.0,0.05,False,25
TTC21A,0.005,0,0,0,10.0,10.0,10.0,1.0,0.0,0.0,0.05,0.0,0.0,0.0,0.0,0.0,0.0,0.0,0.0,0.0,0.0,0.0,False,25
ZNF689,0.005,0,0,0,10.0,10.0,10.0,,0.0,0.0,0.0,0.05,0.0,0.0,0.0,0.0,0.0,0.0,0.0,0.0,0.0,0.0,False,25
KY,0.005,0,0,0,11.0,11.0,11.0,,0.0,0.0,0.0,0.05,0.0,0.0,0.0,0.0,0.0,0.0,0.0,0.0,0.0,0.0,False,25
LINC01010,0.005,0,0,0,11.0,11.0,11.0,,0.0,0.0,0.0,0.05,0.0,0.0,0.0,0.0,0.0,0.0,0.0,0.0,0.0,0.0,False,25
MAPKAPK2,0.005,0,0,0,11.0,11.0,11.0,,0.0,0.0,0.0,0.0,0.0,0.0,0.0,0.0,0.05,0.0,0.0,0.0,0.0,0.0,False,25
PGLYRP2,0.005,0,0,0,11.0,11.0,11.0,0.0,0.0,0.0,0.05,0.0,0.0,0.0,0.0,0.0,0.0,0.0,0.0,0.0,0.0,0.0,False,25
RBP4,0.005,0,0,0,11.0,11.0,11.0,0.16666666666666666,0.25,0.0,0.0,0.0,0.0,0.0,0.0,0.05,0.0,0.0,0.0,0.0,0.0,0.25,False,25
SDK1,0.005,0,0,0,11.0,11.0,11.0,1.0,0.0,0.0,0.05,0.0,0.0,0.0,0.0,0.0,0.0,0.0,0.0,0.0,0.0,0.0,False,25
TESK1,0.005,0,0,0,11.0,11.0,11.0,,0.0,0.0,0.0,0.05,0.0,0.0,0.0,0.0,0.0,0.0,0.0,0.0,0.0,0.0,False,25
ZNF266,0.005,0,0,0,11.0,11.0,11.0,,0.0,0.0,0.0,0.05,0.0,0.0,0.0,0.0,0.0,0.0,0.0,0.0,0.0,0.0,False,25
GRP,0.005,0,0,0,12.0,12.0,12.0,1.0,0.0,0.0,0.05,0.0,0.0,0.0,0.0,0.0,0.0,0.0,0.0,0.0,0.0,0.0,False,25
NDUFB5,0.005,0,0,0,12.0,12.0,12.0,1.0,0.0,0.0,0.0,0.0,0.0,0.0,0.0,0.05,0.0,0.0,0.0,0.0,0.0,0.0,False,25
RASSF6,0.005,0,0,0,12.0,12.0,12.0,0.0,0.0,0.0,0.05,0.0,0.0,0.0,0.0,0.0,0.0,0.0,0.0,0.0,0.0,0.0,False,25
RBPMS2,0.005,0,0,0,12.0,12.0,12.0,1.0,0.0,0.0,0.0,0.0,0.0,0.0,0.0,0.05,0.0,0.0,0.0,0.0,0.0,0.0,False,25
SFRP5,0.005,0,0,0,12.0,12.0,12.0,0.0,0.0,0.0,0.05,0.0,0.0,0.0,0.0,0.0,0.0,0.0,0.0,0.0,0.0,0.0,False,25
SIGLEC16,0.005,0,0,0,12.0,12.0,12.0,,0.0,0.0,0.0,0.05,0.0,0.0,0.0,0.0,0.0,0.0,0.0,0.0,0.0,0.0,False,25
UBE2Q2L,0.005,0,0,0,12.0,12.0,12.0,,0.0,0.0,0.0,0.05,0.0,0.0,0.0,0.0,0.0,0.0,0.0,0.0,0.0,0.0,False,25
ZNF184,0.005,0,0,0,12.0,12.0,12.0,1.0,0.0,0.0,0.05,0.0,0.0,0.0,0.0,0.0,0.0,0.0,0.0,0.0,0.0,0.0,False,25
DCTPP1,0.005,0,0,0,13.0,13.0,13.0,,0.0,0.0,0.0,0.05,0.0,0.0,0.0,0.0,0.0,0.0,0.0,0.0,0.0,0.0,False,25
GPBAR1,0.005,0,0,0,13.0,13.0,13.0,,0.0,0.0,0.0,0.0,0.0,0.0,0.0,0.0,0.05,0.0,0.0,0.0,0.0,0.0,False,25
H2AFY2,0.005,0,0,0,13.0,13.0,13.0,0.0,0.0,0.0,0.05,0.0,0.0,0.0,0.0,0.0,0.0,0.0,0.0,0.0,0.0,0.0,False,25
KCNE1,0.005,0,0,0,13.0,13.0,13.0,,0.0,0.0,0.0,0.05,0.0,0.0,0.0,0.0,0.0,0.0,0.0,0.0,0.0,0.0,False,25
LAYN,0.005,0,0,0,13.0,13.0,13.0,,0.0,0.0,0.0,0.05,0.0,0.0,0.0,0.0,0.0,0.0,0.0,0.0,0.0,0.0,False,25
MIF,0.005,0,0,0,13.0,13.0,13.0,,0.0,0.0,0.0,0.0,0.0,0.0,0.0,0.0,0.05,0.0,0.0,0.0,0.0,0.0,False,25
PDE10A,0.005,0,0,0,13.0,13.0,13.0,,0.0,0.0,0.0,0.05,0.0,0.0,0.0,0.0,0.0,0.0,0.0,0.0,0.0,0.0,False,25
PLCE1,0.005,0,0,0,13.0,13.0,13.0,1.0,0.0,0.0,0.05,0.0,0.0,0.0,0.0,0.0,0.0,0.0,0.0,0.0,0.0,0.0,False,25
RAB42,0.005,0,0,0,13.0,13.0,13.0,,0.0,0.0,0.0,0.05,0.0,0.0,0.0,0.0,0.0,0.0,0.0,0.0,0.0,0.0,False,25
ZXDC,0.005,0,0,0,13.0,13.0,13.0,0.0,0.0,0.0,0.05,0.0,0.0,0.0,0.0,0.0,0.0,0.0,0.0,0.0,0.0,0.0,False,25
ADGRG7,0.005,0,0,0,14.0,14.0,14.0,,0.0,0.0,0.0,0.05,0.0,0.0,0.0,0.0,0.0,0.0,0.0,0.0,0.0,0.0,False,25
AIFM2,0.005,0,0,0,14.0,14.0,14.0,1.0,0.0,0.0,0.05,0.0,0.0,0.0,0.0,0.0,0.0,0.0,0.0,0.0,0.0,0.0,False,25
CHIT1,0.005,0,0,0,14.0,14.0,14.0,,0.0,0.0,0.0,0.05,0.0,0.0,0.0,0.0,0.0,0.0,0.0,0.0,0.0,0.0,False,25
COBLL1,0.005,0,0,0,14.0,14.0,14.0,1.0,0.0,0.0,0.0,0.0,0.0,0.0,0.0,0.05,0.0,0.0,0.0,0.0,0.0,0.0,False,25
DIRAS3,0.005,0,0,0,14.0,14.0,14.0,1.0,0.0,0.05,0.0,0.0,0.0,0.0,0.0,0.0,0.0,0.0,0.0,0.0,0.0,0.0,False,25
FAM118A,0.005,0,0,0,14.0,14.0,14.0,0.0,0.0,0.0,0.05,0.0,0.0,0.0,0.0,0.0,0.0,0.0,0.0,0.0,0.0,0.0,False,25
METTL21A,0.005,0,0,0,14.0,14.0,14.0,1.0,0.0,0.0,0.05,0.0,0.0,0.0,0.0,0.0,0.0,0.0,0.0,0.0,0.0,0.0,False,25
RUNX2,0.005,0,0,0,14.0,14.0,14.0,,0.0,0.0,0.0,0.05,0.0,0.0,0.0,0.0,0.0,0.0,0.0,0.0,0.0,0.0,False,25
SUCLG1,0.005,0,0,0,14.0,14.0,14.0,0.0,0.0,0.0,0.0,0.0,0.0,0.05,0.0,0.0,0.0,0.0,0.0,0.0,0.0,0.0,False,25
TSSK3,0.005,0,0,0,14.0,14.0,14.0,,0.0,0.0,0.0,0.05,0.0,0.0,0.0,0.0,0.0,0.0,0.0,0.0,0.0,0.0,False,25
YPEL1,0.005,0,0,0,14.0,14.0,14.0,,0.0,0.0,0.0,0.05,0.0,0.0,0.0,0.0,0.0,0.0,0.0,0.0,0.0,0.0,False,25
ZNF708,0.005,0,0,0,14.0,14.0,14.0,,0.0,0.0,0.0,0.05,0.0,0.0,0.0,0.0,0.0,0.0,0.0,0.0,0.0,0.0,False,25
ZNF92,0.005,0,0,0,14.0,14.0,14.0,0.0,0.0,0.0,0.05,0.0,0.0,0.0,0.0,0.0,0.0,0.0,0.0,0.0,0.0,0.0,False,25
ARSG,0.005,0,0,0,15.0,15.0,15.0,0.0,0.0,0.0,0.05,0.0,0.0,0.0,0.0,0.0,0.0,0.0,0.0,0.0,0.0,0.0,False,25
LOC285097,0.005,0,0,0,15.0,15.0,15.0,0.0,0.0,0.0,0.05,0.0,0.0,0.0,0.0,0.0,0.0,0.0,0.0,0.0,0.0,0.0,False,25
MFAP5,0.005,0,0,0,15.0,15.0,15.0,0.0,0.0,0.0,0.05,0.0,0.0,0.0,0.0,0.0,0.0,0.0,0.0,0.0,0.0,0.0,False,25
MOP-1,0.005,0,0,0,15.0,15.0,15.0,,0.0,0.0,0.0,0.05,0.0,0.0,0.0,0.0,0.0,0.0,0.0,0.0,0.0,0.0,False,25
MXRA5,0.005,0,0,0,15.0,15.0,15.0,,0.0,0.0,0.0,0.05,0.0,0.0,0.0,0.0,0.0,0.0,0.0,0.0,0.0,0.0,False,25
NFU1,0.005,0,0,0,15.0,15.0,15.0,1.0,0.0,0.0,0.0,0.0,0.0,0.0,0.0,0.05,0.0,0.0,0.0,0.0,0.0,0.0,False,25
NPR2,0.005,0,0,0,15.0,15.0,15.0,0.0,0.0,0.05,0.0,0.0,0.0,0.0,0.0,0.0,0.0,0.0,0.0,0.0,0.0,0.0,False,25
PLIN5,0.005,0,0,0,15.0,15.0,15.0,1.0,0.0,0.0,0.05,0.0,0.0,0.0,0.0,0.0,0.0,0.0,0.0,0.0,0.0,0.0,False,25
PMEL,0.005,0,0,0,15.0,15.0,15.0,,0.0,0.0,0.0,0.05,0.0,0.0,0.0,0.0,0.0,0.0,0.0,0.0,0.0,0.0,False,25
ST6GALNAC6,0.005,0,0,0,15.0,15.0,15.0,1.0,0.0,0.0,0.05,0.0,0.0,0.0,0.0,0.0,0.0,0.0,0.0,0.0,0.0,0.0,False,25
TCEAL7,0.005,0,0,0,15.0,15.0,15.0,,0.0,0.0,0.0,0.0,0.0,0.0,0.0,0.0,0.05,0.0,0.0,0.0,0.0,0.0,False,25
APOL6,0.005,0,0,0,16.0,16.0,16.0,,0.0,0.0,0.0,0.05,0.0,0.0,0.0,0.0,0.0,0.0,0.0,0.0,0.0,0.0,False,25
CYP4F2,0.005,0,0,0,16.0,16.0,16.0,,0.0,0.0,0.0,0.05,0.0,0.0,0.0,0.0,0.0,0.0,0.0,0.0,0.0,0.0,False,25
ITPK1,0.005,0,0,0,16.0,16.0,16.0,,0.0,0.0,0.0,0.05,0.0,0.0,0.0,0.0,0.0,0.0,0.0,0.0,0.0,0.0,False,25
LIPJ,0.005,0,0,0,16.0,16.0,16.0,0.0,0.0,0.0,0.05,0.0,0.0,0.0,0.0,0.0,0.0,0.0,0.0,0.0,0.0,0.0,False,25
LOC101928069,0.005,0,0,0,16.0,16.0,16.0,0.0,0.0,0.05,0.0,0.0,0.0,0.0,0.0,0.0,0.0,0.0,0.0,0.0,0.0,0.0,False,25
LONRF3,0.005,0,0,0,16.0,16.0,16.0,,0.0,0.0,0.0,0.05,0.0,0.0,0.0,0.0,0.0,0.0,0.0,0.0,0.0,0.0,False,25
TBX15,0.005,0,0,0,16.0,16.0,16.0,0.3333333333333333,0.1,0.0,0.0,0.0,0.0,0.0,0.0,0.05,0.0,0.0,0.0,0.0,0.0,0.1,False,25
XYLT2,0.005,0,0,0,16.0,16.0,16.0,1.0,0.0,0.0,0.05,0.0,0.0,0.0,0.0,0.0,0.0,0.0,0.0,0.0,0.0,0.0,False,25
ACO1,0.005,0,0,0,17.0,17.0,17.0,,0.0,0.0,0.0,0.0,0.0,0.0,0.0,0.0,0.05,0.0,0.0,0.0,0.0,0.0,False,25
GPR65,0.005,0,0,0,17.0,17.0,17.0,,0.0,0.0,0.0,0.05,0.0,0.0,0.0,0.0,0.0,0.0,0.0,0.0,0.0,0.0,False,25
LINC01004,0.005,0,0,0,17.0,17.0,17.0,1.0,0.0,0.0,0.05,0.0,0.0,0.0,0.0,0.0,0.0,0.0,0.0,0.0,0.0,0.0,False,25
LOC100506585,0.005,0,0,0,17.0,17.0,17.0,,0.0,0.0,0.0,0.05,0.0,0.0,0.0,0.0,0.0,0.0,0.0,0.0,0.0,0.0,False,25
MKX,0.005,0,0,0,17.0,17.0,17.0,1.0,0.0,0.0,0.0,0.0,0.0,0.05,0.0,0.0,0.0,0.0,0.0,0.0,0.0,0.0,False,25
PNMAL1,0.005,0,0,0,17.0,17.0,17.0,0.0,0.0,0.0,0.05,0.0,0.0,0.0,0.0,0.0,0.0,0.0,0.0,0.0,0.0,0.0,False,25
POSTN,0.005,0,0,0,17.0,17.0,17.0,,0.0,0.0,0.0,0.05,0.0,0.0,0.0,0.0,0.0,0.0,0.0,0.0,0.0,0.0,False,25
WISP1,0.005,0,0,0,17.0,17.0,17.0,0.0,0.0,0.0,0.05,0.0,0.0,0.0,0.0,0.0,0.0,0.0,0.0,0.0,0.0,0.0,False,25
ZNF492,0.005,0,0,0,17.0,17.0,17.0,,0.0,0.0,0.0,0.05,0.0,0.0,0.0,0.0,0.0,0.0,0.0,0.0,0.0,0.0,False,25
CGN,0.005,0,0,0,18.0,18.0,18.0,1.0,0.75,0.0,0.0,0.0,0.0,0.0,0.0,0.0,0.05,0.0,0.0,0.0,0.0,0.75,False,25
COL3A1,0.005,0,0,0,18.0,18.0,18.0,,0.0,0.0,0.0,0.05,0.0,0.0,0.0,0.0,0.0,0.0,0.0,0.0,0.0,0.0,False,25
ETNK2,0.005,0,0,0,18.0,18.0,18.0,0.0,0.0,0.0,0.05,0.0,0.0,0.0,0.0,0.0,0.0,0.0,0.0,0.0,0.0,0.0,False,25
HINT3,0.005,0,0,0,18.0,18.0,18.0,0.0,0.0,0.0,0.05,0.0,0.0,0.0,0.0,0.0,0.0,0.0,0.0,0.0,0.0,0.0,False,25
KNDC1,0.005,0,0,0,18.0,18.0,18.0,,0.0,0.0,0.0,0.05,0.0,0.0,0.0,0.0,0.0,0.0,0.0,0.0,0.0,0.0,False,25
LOC100131532,0.005,0,0,0,18.0,18.0,18.0,,0.0,0.0,0.0,0.05,0.0,0.0,0.0,0.0,0.0,0.0,0.0,0.0,0.0,0.0,False,25
LOC101928806,0.005,0,0,0,18.0,18.0,18.0,1.0,0.0,0.0,0.0,0.0,0.0,0.05,0.0,0.0,0.0,0.0,0.0,0.0,0.0,0.0,False,25
RASD1,0.005,0,0,0,18.0,18.0,18.0,1.0,0.0,0.0,0.0,0.0,0.0,0.0,0.0,0.05,0.0,0.0,0.0,0.0,0.0,0.0,False,25
SPOCD1,0.005,0,0,0,18.0,18.0,18.0,,0.0,0.0,0.0,0.05,0.0,0.0,0.0,0.0,0.0,0.0,0.0,0.0,0.0,0.0,False,25
ABCC3,0.005,0,0,0,19.0,19.0,19.0,0.0,0.0,0.0,0.05,0.0,0.0,0.0,0.0,0.0,0.0,0.0,0.0,0.0,0.0,0.0,False,25
CORO2A,0.005,0,0,0,19.0,19.0,19.0,1.0,0.35,0.0,0.0,0.0,0.0,0.0,0.0,0.0,0.05,0.0,0.0,0.0,0.0,0.35,False,25
EPHX1,0.005,0,0,0,19.0,19.0,19.0,0.0,0.0,0.0,0.05,0.0,0.0,0.0,0.0,0.0,0.0,0.0,0.0,0.0,0.0,0.0,False,25
LINC00312,0.005,0,0,0,19.0,19.0,19.0,0.0,0.0,0.0,0.0,0.0,0.0,0.05,0.0,0.0,0.0,0.0,0.0,0.0,0.0,0.0,False,25
NAB2,0.005,0,0,0,19.0,19.0,19.0,,0.0,0.0,0.0,0.05,0.0,0.0,0.0,0.0,0.0,0.0,0.0,0.0,0.0,0.0,False,25
RAB25,0.005,0,0,0,19.0,19.0,19.0,1.0,0.2,0.0,0.0,0.0,0.0,0.0,0.0,0.0,0.05,0.0,0.0,0.0,0.0,0.2,False,25
RAP1GAP,0.005,0,0,0,19.0,19.0,19.0,,0.0,0.0,0.0,0.0,0.0,0.0,0.0,0.0,0.05,0.0,0.0,0.0,0.0,0.0,False,25
RASL10A,0.005,0,0,0,19.0,19.0,19.0,1.0,0.0,0.0,0.05,0.0,0.0,0.0,0.0,0.0,0.0,0.0,0.0,0.0,0.0,0.0,False,25
WIF1,0.005,0,0,0,19.0,19.0,19.0,,0.0,0.0,0.0,0.05,0.0,0.0,0.0,0.0,0.0,0.0,0.0,0.0,0.0,0.0,False,25
ANKRD30BP2,0.005,0,0,0,20.0,20.0,20.0,,0.0,0.0,0.0,0.05,0.0,0.0,0.0,0.0,0.0,0.0,0.0,0.0,0.0,0.0,False,25
ATP1B1,0.005,0,0,0,20.0,20.0,20.0,1.0,0.0,0.0,0.05,0.0,0.0,0.0,0.0,0.0,0.0,0.0,0.0,0.0,0.0,0.0,False,25
CCNG1,0.005,0,0,0,20.0,20.0,20.0,0.0,0.1,0.0,0.0,0.0,0.0,0.0,0.0,0.0,0.05,0.0,0.0,0.0,0.0,0.1,False,25
CYSTM1,0.005,0,0,0,20.0,20.0,20.0,1.0,0.0,0.0,0.0,0.0,0.0,0.0,0.0,0.05,0.0,0.0,0.0,0.0,0.0,0.0,False,25
DENND6A,0.005,0,0,0,20.0,20.0,20.0,1.0,0.0,0.0,0.05,0.0,0.0,0.0,0.0,0.0,0.0,0.0,0.0,0.0,0.0,0.0,False,25
DHRS3,0.005,0,0,0,20.0,20.0,20.0,1.0,0.0,0.0,0.0,0.0,0.0,0.0,0.0,0.05,0.0,0.0,0.0,0.0,0.0,0.0,False,25
DNAH10,0.005,0,0,0,20.0,20.0,20.0,0.0,0.0,0.05,0.0,0.0,0.0,0.0,0.0,0.0,0.0,0.0,0.0,0.0,0.0,0.0,False,25
KIAA0930,0.005,0,0,0,20.0,20.0,20.0,,0.0,0.0,0.0,0.05,0.0,0.0,0.0,0.0,0.0,0.0,0.0,0.0,0.0,0.0,False,25
OLFM1,0.005,0,0,0,20.0,20.0,20.0,0.0,0.0,0.0,0.05,0.0,0.0,0.0,0.0,0.0,0.0,0.0,0.0,0.0,0.0,0.0,False,25
PEBP4,0.005,0,0,0,20.0,20.0,20.0,,0.0,0.0,0.0,0.05,0.0,0.0,0.0,0.0,0.0,0.0,0.0,0.0,0.0,0.0,False,25
COPS4,0.005,0,0,0,21.0,21.0,21.0,1.0,0.0,0.0,0.0,0.0,0.0,0.0,0.0,0.0,0.0,0.05,0.0,0.0,0.0,0.0,False,25
FAM213A,0.005,0,0,0,21.0,21.0,21.0,1.0,0.0,0.0,0.0,0.0,0.0,0.0,0.0,0.05,0.0,0.0,0.0,0.0,0.0,0.0,False,25
FKBP11,0.005,0,0,0,21.0,21.0,21.0,,0.0,0.0,0.0,0.05,0.0,0.0,0.0,0.0,0.0,0.0,0.0,0.0,0.0,0.0,False,25
ITGA1,0.005,0,0,0,21.0,21.0,21.0,1.0,0.0,0.0,0.0,0.0,0.0,0.0,0.0,0.05,0.0,0.0,0.0,0.0,0.0,0.0,False,25
ITM2B,0.005,0,0,0,21.0,21.0,21.0,1.0,0.0,0.0,0.0,0.0,0.0,0.0,0.0,0.05,0.0,0.0,0.0,0.0,0.0,0.0,False,25
LMNB2,0.005,0,0,0,21.0,21.0,21.0,,0.0,0.0,0.0,0.0,0.0,0.0,0.0,0.0,0.05,0.0,0.0,0.0,0.0,0.0,False,25
LOC388692,0.005,0,0,0,21.0,21.0,21.0,0.0,0.0,0.0,0.05,0.0,0.0,0.0,0.0,0.0,0.0,0.0,0.0,0.0,0.0,0.0,False,25
MME,0.005,0,0,0,21.0,21.0,21.0,1.0,0.0,0.0,0.0,0.0,0.0,0.0,0.0,0.05,0.0,0.0,0.0,0.0,0.0,0.0,False,25
NAA40,0.005,0,0,0,21.0,21.0,21.0,1.0,0.0,0.0,0.05,0.0,0.0,0.0,0.0,0.0,0.0,0.0,0.0,0.0,0.0,0.0,False,25
NDUFA6,0.005,0,0,0,21.0,21.0,21.0,1.0,0.0,0.0,0.05,0.0,0.0,0.0,0.0,0.0,0.0,0.0,0.0,0.0,0.0,0.0,False,25
OR1F2P,0.005,0,0,0,21.0,21.0,21.0,,0.0,0.0,0.0,0.05,0.0,0.0,0.0,0.0,0.0,0.0,0.0,0.0,0.0,0.0,False,25
PCDH17,0.005,0,0,0,21.0,21.0,21.0,0.0,0.0,0.0,0.05,0.0,0.0,0.0,0.0,0.0,0.0,0.0,0.0,0.0,0.0,0.0,False,25
PLEKHA4,0.005,0,0,0,21.0,21.0,21.0,,0.0,0.0,0.0,0.05,0.0,0.0,0.0,0.0,0.0,0.0,0.0,0.0,0.0,0.0,False,25
SPX,0.005,0,0,0,21.0,21.0,21.0,0.0,0.0,0.0,0.0,0.0,0.05,0.0,0.0,0.0,0.0,0.0,0.0,0.0,0.05,0.0,False,25
SYCP3,0.005,0,0,0,21.0,21.0,21.0,,0.0,0.0,0.0,0.05,0.0,0.0,0.0,0.0,0.0,0.0,0.0,0.0,0.0,0.0,False,25
ADAM12,0.005,0,0,0,22.0,22.0,22.0,,0.0,0.0,0.0,0.05,0.0,0.0,0.0,0.0,0.0,0.0,0.0,0.0,0.0,0.0,False,25
ADM,0.005,0,0,0,22.0,22.0,22.0,0.5,0.05,0.0,0.0,0.0,0.0,0.0,0.0,0.05,0.0,0.0,0.0,0.0,0.0,0.05,False,25
C1QTNF2,0.005,0,0,0,22.0,22.0,22.0,0.0,0.0,0.05,0.0,0.0,0.0,0.0,0.0,0.0,0.0,0.0,0.0,0.0,0.0,0.0,False,25
CCDC185,0.005,0,0,0,22.0,22.0,22.0,,0.0,0.0,0.0,0.05,0.0,0.0,0.0,0.0,0.0,0.0,0.0,0.0,0.0,0.0,False,25
CD276,0.005,0,0,0,22.0,22.0,22.0,,0.0,0.0,0.0,0.05,0.0,0.0,0.0,0.0,0.0,0.0,0.0,0.0,0.0,0.0,False,25
CRYBB1,0.005,0,0,0,22.0,22.0,22.0,,0.0,0.0,0.0,0.05,0.0,0.0,0.0,0.0,0.0,0.0,0.0,0.0,0.0,0.0,False,25
FMO1,0.005,0,0,0,22.0,22.0,22.0,,0.0,0.0,0.0,0.05,0.0,0.0,0.0,0.0,0.0,0.0,0.0,0.0,0.0,0.0,False,25
MRPL2,0.005,0,0,0,22.0,22.0,22.0,0.0,0.0,0.0,0.05,0.0,0.0,0.0,0.0,0.0,0.0,0.0,0.0,0.0,0.0,0.0,False,25
PHTF2,0.005,0,0,0,22.0,22.0,22.0,,0.0,0.0,0.0,0.05,0.0,0.0,0.0,0.0,0.0,0.0,0.0,0.0,0.0,0.0,False,25
POMP,0.005,0,0,0,22.0,22.0,22.0,0.0,0.05,0.0,0.0,0.0,0.0,0.0,0.0,0.0,0.05,0.0,0.0,0.0,0.0,0.05,False,25
SERTM1,0.005,0,0,0,22.0,22.0,22.0,,0.0,0.0,0.0,0.05,0.0,0.0,0.0,0.0,0.0,0.0,0.0,0.0,0.0,0.0,False,25
SMPD2,0.005,0,0,0,22.0,22.0,22.0,1.0,0.1,0.0,0.0,0.0,0.0,0.0,0.0,0.0,0.05,0.0,0.0,0.0,0.0,0.1,False,25
ATP23,0.005,0,0,0,23.0,23.0,23.0,1.0,0.0,0.0,0.0,0.0,0.0,0.05,0.0,0.0,0.0,0.0,0.0,0.0,0.0,0.0,False,25
BTBD19,0.005,0,0,0,23.0,23.0,23.0,0.0,0.0,0.05,0.0,0.0,0.0,0.0,0.0,0.0,0.0,0.0,0.0,0.0,0.0,0.0,False,25
C11orf80,0.005,0,0,0,23.0,23.0,23.0,1.0,0.0,0.0,0.0,0.0,0.0,0.0,0.0,0.05,0.0,0.0,0.0,0.0,0.0,0.0,False,25
CASP6,0.005,0,0,0,23.0,23.0,23.0,,0.0,0.0,0.0,0.05,0.0,0.0,0.0,0.0,0.0,0.0,0.0,0.0,0.0,0.0,False,25
CYP4F8,0.005,0,0,0,23.0,23.0,23.0,,0.0,0.0,0.0,0.05,0.0,0.0,0.0,0.0,0.0,0.0,0.0,0.0,0.0,0.0,False,25
DYNC2H1,0.005,0,0,0,23.0,23.0,23.0,1.0,0.0,0.0,0.0,0.0,0.0,0.05,0.0,0.0,0.0,0.0,0.0,0.0,0.0,0.0,False,25
EDNRB,0.005,0,0,0,23.0,23.0,23.0,,0.0,0.0,0.0,0.0,0.0,0.0,0.0,0.0,0.05,0.0,0.0,0.0,0.0,0.0,False,25
FAM155A,0.005,0,0,0,23.0,23.0,23.0,,0.0,0.0,0.0,0.05,0.0,0.0,0.0,0.0,0.0,0.0,0.0,0.0,0.0,0.0,False,25
GCNT1,0.005,0,0,0,23.0,23.0,23.0,0.0,0.0,0.0,0.05,0.0,0.0,0.0,0.0,0.0,0.0,0.0,0.0,0.0,0.0,0.0,False,25
GHRH,0.005,0,0,0,23.0,23.0,23.0,,0.0,0.0,0.0,0.05,0.0,0.0,0.0,0.0,0.0,0.0,0.0,0.0,0.0,0.0,False,25
KIAA1217,0.005,0,0,0,23.0,23.0,23.0,,0.0,0.0,0.0,0.05,0.0,0.0,0.0,0.0,0.0,0.0,0.0,0.0,0.0,0.0,False,25
LINC00675,0.005,0,0,0,23.0,23.0,23.0,1.0,0.0,0.0,0.05,0.0,0.0,0.0,0.0,0.0,0.0,0.0,0.0,0.0,0.0,0.0,False,25
NECTIN2,0.005,0,0,0,23.0,23.0,23.0,1.0,0.0,0.0,0.0,0.0,0.0,0.0,0.0,0.05,0.0,0.0,0.0,0.0,0.0,0.0,False,25
PDZK1,0.005,0,0,0,23.0,23.0,23.0,0.0,0.0,0.0,0.0,0.0,0.0,0.05,0.0,0.0,0.0,0.0,0.0,0.0,0.0,0.0,False,25
RGS7BP,0.005,0,0,0,23.0,23.0,23.0,,0.0,0.0,0.0,0.0,0.0,0.0,0.05,0.0,0.0,0.0,0.0,0.0,0.0,0.0,False,25
SLC4A4,0.005,0,0,0,23.0,23.0,23.0,,0.0,0.0,0.0,0.0,0.0,0.0,0.0,0.0,0.05,0.0,0.0,0.0,0.0,0.0,False,25
SOX4,0.005,0,0,0,23.0,23.0,23.0,,0.0,0.0,0.0,0.0,0.0,0.0,0.0,0.0,0.05,0.0,0.0,0.0,0.0,0.0,False,25
TUSC5,0.005,0,0,0,23.0,23.0,23.0,0.16666666666666666,0.25,0.0,0.0,0.0,0.0,0.0,0.0,0.05,0.0,0.0,0.0,0.0,0.0,0.25,False,25
ANG,0.005,0,0,0,24.0,24.0,24.0,1.0,0.0,0.0,0.0,0.0,0.0,0.0,0.0,0.05,0.0,0.0,0.0,0.0,0.0,0.0,False,25
AREG,0.005,0,0,0,24.0,24.0,24.0,0.0,0.0,0.0,0.05,0.0,0.0,0.0,0.0,0.0,0.0,0.0,0.0,0.0,0.0,0.0,False,25
CEMIP,0.005,0,0,0,24.0,24.0,24.0,,0.0,0.0,0.0,0.0,0.0,0.0,0.0,0.0,0.05,0.0,0.0,0.0,0.0,0.0,False,25
CLIC6,0.005,0,0,0,24.0,24.0,24.0,1.0,0.0,0.0,0.05,0.0,0.0,0.0,0.0,0.0,0.0,0.0,0.0,0.0,0.0,0.0,False,25
DYX1C1,0.005,0,0,0,24.0,24.0,24.0,0.0,0.0,0.0,0.0,0.0,0.0,0.05,0.0,0.0,0.0,0.0,0.0,0.0,0.0,0.0,False,25
FAM13A,0.005,0,0,0,24.0,24.0,24.0,1.0,0.0,0.0,0.0,0.0,0.0,0.0,0.0,0.05,0.0,0.0,0.0,0.0,0.0,0.0,False,25
FFAR4,0.005,0,0,0,24.0,24.0,24.0,0.0,0.0,0.0,0.0,0.0,0.05,0.0,0.0,0.0,0.0,0.0,0.0,0.0,0.0,0.0,False,25
PYROXD2,0.005,0,0,0,24.0,24.0,24.0,0.0,0.0,0.0,0.0,0.0,0.0,0.05,0.0,0.0,0.0,0.0,0.0,0.0,0.0,0.0,False,25
SLC25A1,0.005,0,0,0,24.0,24.0,24.0,,0.0,0.0,0.0,0.05,0.0,0.0,0.0,0.0,0.0,0.0,0.0,0.0,0.0,0.0,False,25
SLC26A3,0.005,0,0,0,24.0,24.0,24.0,,0.0,0.0,0.0,0.05,0.0,0.0,0.0,0.0,0.0,0.0,0.0,0.0,0.0,0.0,False,25
SLC4A7,0.005,0,0,0,24.0,24.0,24.0,1.0,0.0,0.0,0.05,0.0,0.0,0.0,0.0,0.0,0.0,0.0,0.0,0.0,0.0,0.0,False,25
VDR,0.005,0,0,0,24.0,24.0,24.0,,0.0,0.0,0.0,0.0,0.0,0.0,0.0,0.0,0.05,0.0,0.0,0.0,0.0,0.0,False,25
ZFHX4,0.005,0,0,0,24.0,24.0,24.0,0.0,0.0,0.0,0.05,0.0,0.0,0.0,0.0,0.0,0.0,0.0,0.0,0.0,0.0,0.0,False,25
ABCB5,0.005,0,0,0,25.0,25.0,25.0,,0.0,0.0,0.0,0.05,0.0,0.0,0.0,0.0,0.0,0.0,0.0,0.0,0.0,0.0,False,25
ABCC8,0.005,0,0,0,25.0,25.0,25.0,,0.0,0.0,0.0,0.05,0.0,0.0,0.0,0.0,0.0,0.0,0.0,0.0,0.0,0.0,False,25
ANKRD13D,0.005,0,0,0,25.0,25.0,25.0,,0.0,0.0,0.0,0.0,0.0,0.0,0.0,0.0,0.05,0.0,0.0,0.0,0.0,0.0,False,25
CCDC7,0.005,0,0,0,25.0,25.0,25.0,0.0,0.0,0.0,0.0,0.0,0.0,0.05,0.0,0.0,0.0,0.0,0.0,0.0,0.0,0.0,False,25
CDS1,0.005,0,0,0,25.0,25.0,25.0,,0.0,0.0,0.0,0.0,0.0,0.0,0.0,0.0,0.05,0.0,0.0,0.0,0.0,0.0,False,25
DNAL4,0.005,0,0,0,25.0,25.0,25.0,,0.0,0.0,0.0,0.05,0.0,0.0,0.0,0.0,0.0,0.0,0.0,0.0,0.0,0.0,False,25
EGFLAM,0.005,0,0,0,25.0,25.0,25.0,1.0,0.0,0.0,0.0,0.0,0.0,0.0,0.0,0.05,0.0,0.0,0.0,0.0,0.0,0.0,False,25
FAXDC2,0.005,0,0,0,25.0,25.0,25.0,1.0,0.0,0.0,0.0,0.0,0.0,0.0,0.0,0.05,0.0,0.0,0.0,0.0,0.0,0.0,False,25
FXYD1,0.005,0,0,0,25.0,25.0,25.0,1.0,0.0,0.0,0.0,0.0,0.0,0.0,0.0,0.05,0.0,0.0,0.0,0.0,0.0,0.0,False,25
KRT8,0.005,0,0,0,25.0,25.0,25.0,1.0,0.2,0.0,0.0,0.0,0.0,0.0,0.0,0.05,0.0,0.0,0.0,0.0,0.0,0.2,False,25
KRTAP1-3,0.005,0,0,0,25.0,25.0,25.0,0.0,0.0,0.05,0.0,0.0,0.0,0.0,0.0,0.0,0.0,0.0,0.0,0.0,0.0,0.0,False,25
MYO1D,0.005,0,0,0,25.0,25.0,25.0,1.0,0.0,0.0,0.05,0.0,0.0,0.0,0.0,0.0,0.0,0.0,0.0,0.0,0.0,0.0,False,25
NR6A1,0.005,0,0,0,25.0,25.0,25.0,1.0,0.0,0.0,0.05,0.0,0.0,0.0,0.0,0.0,0.0,0.0,0.0,0.0,0.0,0.0,False,25
PLA2G16,0.005,0,0,0,25.0,25.0,25.0,1.0,0.0,0.0,0.0,0.0,0.0,0.0,0.0,0.05,0.0,0.0,0.0,0.0,0.0,0.0,False,25
RAPSN,0.005,0,0,0,25.0,25.0,25.0,,0.0,0.0,0.0,0.05,0.0,0.0,0.0,0.0,0.0,0.0,0.0,0.0,0.0,0.0,False,25
RGS3,0.005,0,0,0,25.0,25.0,25.0,1.0,0.0,0.0,0.05,0.0,0.0,0.0,0.0,0.0,0.0,0.0,0.0,0.0,0.0,0.0,False,25
SH3PXD2A,0.005,0,0,0,25.0,25.0,25.0,,0.0,0.0,0.0,0.05,0.0,0.0,0.0,0.0,0.0,0.0,0.0,0.0,0.0,0.0,False,25
SPATA13,0.005,0,0,0,25.0,25.0,25.0,0.0,0.0,0.0,0.0,0.0,0.0,0.05,0.0,0.0,0.0,0.0,0.0,0.0,0.0,0.0,False,25
SSB,0.005,0,0,0,25.0,25.0,25.0,1.0,0.0,0.0,0.0,0.0,0.0,0.0,0.0,0.05,0.0,0.0,0.0,0.0,0.0,0.0,False,25
STON1,0.005,0,0,0,25.0,25.0,25.0,,0.0,0.0,0.0,0.0,0.0,0.0,0.0,0.0,0.0,0.0,0.05,0.0,0.0,0.0,False,25
TRMU,0.005,0,0,0,25.0,25.0,25.0,,0.0,0.0,0.0,0.0,0.0,0.0,0.0,0.0,0.05,0.0,0.0,0.0,0.0,0.0,False,25
YPEL4,0.005,0,0,0,25.0,25.0,25.0,,0.0,0.0,0.0,0.05,0.0,0.0,0.0,0.0,0.0,0.0,0.0,0.0,0.0,0.0,False,25
ZNF146,0.005,0,0,0,25.0,25.0,25.0,1.0,0.0,0.0,0.05,0.0,0.0,0.0,0.0,0.0,0.0,0.0,0.0,0.0,0.0,0.0,False,25
AOC3,0.0,0,0,0,,,,0.0,0.05,0.0,0.0,0.0,0.0,0.0,0.0,0.0,0.0,0.0,0.0,0.0,0.0,0.05,False,25
ATP13A4-AS1,0.0,0,0,0,,,,0.0,0.0,0.0,0.0,0.0,0.0,0.0,0.0,0.0,0.0,0.0,0.0,0.05,0.0,0.0,False,25
CIDEC,0.0,0,0,0,,,,0.0,0.2,0.0,0.0,0.0,0.0,0.0,0.0,0.0,0.0,0.0,0.0,0.0,0.0,0.2,False,25
CNKSR1,0.0,0,0,0,,,,1.0,0.05,0.0,0.0,0.0,0.0,0.0,0.0,0.0,0.0,0.0,0.0,0.0,0.0,0.05,False,25
COBL,0.0,0,0,0,,,,1.0,0.1,0.0,0.0,0.0,0.0,0.0,0.0,0.0,0.0,0.0,0.0,0.0,0.0,0.1,False,25
COL11A1,0.0,0,0,0,,,,1.0,0.2,0.0,0.0,0.0,0.0,0.0,0.0,0.0,0.0,0.0,0.0,0.0,0.0,0.2,False,25
COPZ2,0.0,0,0,0,,,,0.0,0.1,0.0,0.0,0.0,0.0,0.0,0.0,0.0,0.0,0.0,0.0,0.0,0.0,0.1,False,25
COX7A1,0.0,0,0,0,,,,0.0,0.1,0.0,0.0,0.0,0.0,0.0,0.0,0.0,0.0,0.0,0.0,0.0,0.0,0.1,False,25
CYP11A1,0.0,0,0,0,,,,0.0,0.0,0.0,0.0,0.0,0.0,0.0,0.0,0.0,0.0,0.0,0.0,0.1,0.0,0.0,False,25
DDC,0.0,0,0,0,,,,0.0,0.0,0.0,0.0,0.0,0.0,0.0,0.0,0.0,0.0,0.0,0.0,0.05,0.0,0.0,False,25
DENND5B,0.0,0,0,0,,,,0.0,0.15,0.0,0.0,0.0,0.0,0.0,0.0,0.0,0.0,0.0,0.0,0.0,0.0,0.15,False,25
DIO3,0.0,0,0,0,,,,0.0,0.0,0.0,0.0,0.0,0.0,0.0,0.0,0.0,0.0,0.0,0.0,0.05,0.0,0.0,False,25
EBF1,0.0,0,0,0,,,,0.0,0.05,0.0,0.0,0.0,0.0,0.0,0.0,0.0,0.0,0.0,0.0,0.0,0.0,0.05,False,25
FABP5,0.0,0,0,0,,,,0.0,0.1,0.0,0.0,0.0,0.0,0.0,0.0,0.0,0.0,0.0,0.0,0.0,0.0,0.1,False,25
FGF7P3,0.0,0,0,0,,,,0.0,0.1,0.0,0.0,0.0,0.0,0.0,0.0,0.0,0.0,0.0,0.0,0.0,0.0,0.1,False,25
FZD4,0.0,0,0,0,,,,0.0,0.05,0.0,0.0,0.0,0.0,0.0,0.0,0.0,0.0,0.0,0.0,0.0,0.0,0.05,False,25
GJB2,0.0,0,0,0,,,,1.0,0.15,0.0,0.0,0.0,0.0,0.0,0.0,0.0,0.0,0.0,0.0,0.0,0.0,0.15,False,25
GLTSCR1,0.0,0,0,0,,,,1.0,0.05,0.0,0.0,0.0,0.0,0.0,0.0,0.0,0.0,0.0,0.0,0.0,0.0,0.05,False,25
GPD1,0.0,0,0,0,,,,0.0,0.25,0.0,0.0,0.0,0.0,0.0,0.0,0.0,0.0,0.0,0.0,0.0,0.0,0.25,False,25
GPRC5A,0.0,0,0,0,,,,1.0,0.25,0.0,0.0,0.0,0.0,0.0,0.0,0.0,0.0,0.0,0.0,0.0,0.0,0.25,False,25
GYG2,0.0,0,0,0,,,,0.0,0.05,0.0,0.0,0.0,0.0,0.0,0.0,0.0,0.0,0.0,0.0,0.0,0.0,0.05,False,25
HAS1,0.0,0,0,0,,,,0.0,0.0,0.0,0.0,0.0,0.0,0.0,0.0,0.0,0.0,0.0,0.0,0.1,0.0,0.0,False,25
HN1L,0.0,0,0,0,,,,1.0,0.05,0.0,0.0,0.0,0.0,0.0,0.0,0.0,0.0,0.0,0.0,0.0,0.0,0.05,False,25
HYKK,0.0,0,0,0,,,,0.0,0.0,0.0,0.0,0.0,0.0,0.0,0.0,0.0,0.0,0.0,0.0,0.05,0.0,0.0,False,25
IGFBP6,0.0,0,0,0,,,,0.0,0.1,0.0,0.0,0.0,0.0,0.0,0.0,0.0,0.0,0.0,0.0,0.0,0.0,0.1,False,25
IGSF9,0.0,0,0,0,,,,1.0,0.25,0.0,0.0,0.0,0.0,0.0,0.0,0.0,0.0,0.0,0.0,0.0,0.0,0.25,False,25
ITGA2,0.0,0,0,0,,,,1.0,0.15,0.0,0.0,0.0,0.0,0.0,0.0,0.0,0.0,0.0,0.0,0.0,0.0,0.15,False,25
LCNL1,0.0,0,0,0,,,,0.0,0.0,0.0,0.0,0.0,0.0,0.0,0.0,0.0,0.0,0.0,0.0,0.05,0.0,0.0,False,25
LEP,0.0,0,0,0,,,,0.0,0.05,0.0,0.0,0.0,0.0,0.0,0.0,0.0,0.0,0.0,0.0,0.0,0.0,0.05,False,25
LGALS12,0.0,0,0,0,,,,0.0,0.25,0.0,0.0,0.0,0.0,0.0,0.0,0.0,0.0,0.0,0.0,0.0,0.0,0.25,False,25
LGALS14,0.0,0,0,0,,,,0.0,0.0,0.0,0.0,0.0,0.0,0.0,0.0,0.0,0.0,0.0,0.0,0.1,0.0,0.0,False,25
LIPE,0.0,0,0,0,,,,0.0,0.25,0.0,0.0,0.0,0.0,0.0,0.0,0.0,0.0,0.0,0.0,0.0,0.0,0.25,False,25
LLGL2,0.0,0,0,0,,,,1.0,0.05,0.0,0.0,0.0,0.0,0.0,0.0,0.0,0.0,0.0,0.0,0.0,0.0,0.05,False,25
LOC100128554,0.0,0,0,0,,,,0.0,0.0,0.0,0.0,0.0,0.0,0.0,0.0,0.0,0.0,0.0,0.0,0.05,0.0,0.0,False,25
LOC101928943,0.0,0,0,0,,,,0.0,0.0,0.0,0.0,0.0,0.0,0.0,0.0,0.0,0.0,0.0,0.0,0.05,0.0,0.0,False,25
LOC101929486,0.0,0,0,0,,,,0.0,0.0,0.0,0.0,0.0,0.0,0.0,0.0,0.0,0.0,0.0,0.0,0.05,0.0,0.0,False,25
LY96,0.0,0,0,0,,,,0.0,0.1,0.0,0.0,0.0,0.0,0.0,0.0,0.0,0.0,0.0,0.0,0.0,0.0,0.1,False,25
MYZAP,0.0,0,0,0,,,,0.0,0.25,0.0,0.0,0.0,0.0,0.0,0.0,0.0,0.0,0.0,0.0,0.0,0.0,0.25,False,25
NECTIN4,0.0,0,0,0,,,,1.0,0.55,0.0,0.0,0.0,0.0,0.0,0.0,0.0,0.0,0.0,0.0,0.0,0.0,0.55,False,25
NRG1-IT1,0.0,0,0,0,,,,1.0,0.0,0.0,0.0,0.0,0.0,0.0,0.0,0.0,0.0,0.0,0.0,0.0,0.05,0.0,False,25
OR2F2,0.0,0,0,0,,,,0.0,0.0,0.0,0.0,0.0,0.0,0.0,0.0,0.0,0.0,0.0,0.0,0.1,0.0,0.0,False,25
PLAC9,0.0,0,0,0,,,,0.0,0.2,0.0,0.0,0.0,0.0,0.0,0.0,0.0,0.0,0.0,0.0,0.0,0.0,0.2,False,25
PLIN1,0.0,0,0,0,,,,0.0,0.05,0.0,0.0,0.0,0.0,0.0,0.0,0.0,0.0,0.0,0.0,0.0,0.0,0.05,False,25
PLIN4,0.0,0,0,0,,,,0.0,0.25,0.0,0.0,0.0,0.0,0.0,0.0,0.0,0.0,0.0,0.0,0.0,0.0,0.25,False,25
PLPP2,0.0,0,0,0,,,,1.0,0.2,0.0,0.0,0.0,0.0,0.0,0.0,0.0,0.0,0.0,0.0,0.0,0.0,0.2,False,25
PRSS8,0.0,0,0,0,,,,1.0,0.2,0.0,0.0,0.0,0.0,0.0,0.0,0.0,0.0,0.0,0.0,0.0,0.0,0.2,False,25
RALGPS1,0.0,0,0,0,,,,1.0,0.05,0.0,0.0,0.0,0.0,0.0,0.0,0.0,0.0,0.0,0.0,0.0,0.0,0.05,False,25
RECQL4,0.0,0,0,0,,,,1.0,0.1,0.0,0.0,0.0,0.0,0.0,0.0,0.0,0.0,0.0,0.0,0.0,0.0,0.1,False,25
RRAS2,0.0,0,0,0,,,,0.0,0.15,0.0,0.0,0.0,0.0,0.0,0.0,0.0,0.0,0.0,0.0,0.0,0.0,0.15,False,25
RSPH1,0.0,0,0,0,,,,1.0,0.15,0.0,0.0,0.0,0.0,0.0,0.0,0.0,0.0,0.0,0.0,0.0,0.0,0.15,False,25
S100P,0.0,0,0,0,,,,1.0,0.05,0.0,0.0,0.0,0.0,0.0,0.0,0.0,0.0,0.0,0.0,0.0,0.0,0.05,False,25
SDPR,0.0,0,0,0,,,,0.0,0.05,0.0,0.0,0.0,0.0,0.0,0.0,0.0,0.0,0.0,0.0,0.0,0.0,0.05,False,25
SERINC2,0.0,0,0,0,,,,1.0,0.15,0.0,0.0,0.0,0.0,0.0,0.0,0.0,0.0,0.0,0.0,0.0,0.0,0.15,False,25
SHANK2,0.0,0,0,0,,,,1.0,0.05,0.0,0.0,0.0,0.0,0.0,0.0,0.0,0.0,0.0,0.0,0.0,0.0,0.05,False,25
SMTNL2,0.0,0,0,0,,,,0.0,0.0,0.0,0.0,0.0,0.0,0.0,0.0,0.0,0.0,0.0,0.0,0.05,0.0,0.0,False,25
STBD1,0.0,0,0,0,,,,0.0,0.0,0.0,0.0,0.0,0.0,0.0,0.0,0.0,0.0,0.0,0.0,0.05,0.0,0.0,False,25
SUGP2,0.0,0,0,0,,,,1.0,0.1,0.0,0.0,0.0,0.0,0.0,0.0,0.0,0.0,0.0,0.0,0.0,0.0,0.1,False,25
SVEP1,0.0,0,0,0,,,,0.0,0.25,0.0,0.0,0.0,0.0,0.0,0.0,0.0,0.0,0.0,0.0,0.0,0.0,0.25,False,25
SYCP2,0.0,0,0,0,,,,1.0,0.05,0.0,0.0,0.0,0.0,0.0,0.0,0.0,0.0,0.0,0.0,0.0,0.0,0.05,False,25
TESMIN,0.0,0,0,0,,,,1.0,0.2,0.0,0.0,0.0,0.0,0.0,0.0,0.0,0.0,0.0,0.0,0.0,0.0,0.2,False,25
TF,0.0,0,0,0,,,,0.0,0.05,0.0,0.0,0.0,0.0,0.0,0.0,0.0,0.0,0.0,0.0,0.0,0.0,0.05,False,25
TMEM125,0.0,0,0,0,,,,1.0,0.15,0.0,0.0,0.0,0.0,0.0,0.0,0.0,0.0,0.0,0.0,0.0,0.0,0.15,False,25
TMEM37,0.0,0,0,0,,,,0.0,0.1,0.0,0.0,0.0,0.0,0.0,0.0,0.0,0.0,0.0,0.0,0.0,0.0,0.1,False,25
TOP1MT,0.0,0,0,0,,,,1.0,0.5,0.0,0.0,0.0,0.0,0.0,0.0,0.0,0.0,0.0,0.0,0.0,0.0,0.5,False,25
TSC22D4,0.0,0,0,0,,,,1.0,0.1,0.0,0.0,0.0,0.0,0.0,0.0,0.0,0.0,0.0,0.0,0.0,0.0,0.1,False,25
TSPAN17,0.0,0,0,0,,,,1.0,0.3,0.0,0.0,0.0,0.0,0.0,0.0,0.0,0.0,0.0,0.0,0.0,0.0,0.3,False,25
TYRO3,0.0,0,0,0,,,,0.0,0.05,0.0,0.0,0.0,0.0,0.0,0.0,0.0,0.0,0.0,0.0,0.0,0.0,0.05,False,25
USP54,0.0,0,0,0,,,,1.0,0.1,0.0,0.0,0.0,0.0,0.0,0.0,0.0,0.0,0.0,0.0,0.0,0.0,0.1,False,25
