gene,mean_selection_frequency,n_pipelines_ge50,n_models_ge50,n_explainers_ge50,median_rank,best_rank,mean_rank,frac_signed_positive,ttest_frequency,freq:logreg|coef,freq:logreg|shap,freq:logreg|perm,freq:svm|coef,freq:svm|shap,freq:svm|perm,freq:rf|shap,freq:rf|perm,freq:xgb|shap,freq:xgb|perm,freq:logreg_C0.1|coef,freq:logreg_C100|coef,freq:ttest|ttest,consensus,k
DKFZp779M0652,0.58,6,2,3,6.0,1.0,8.448275862068966,0.1885245901639344,0.05,1.0,1.0,0.65,1.0,1.0,1.0,0.05,0.1,0.0,0.0,1.0,1.0,0.05,True,50
CCDC141,0.5499999999999999,8,3,3,8.0,1.0,13.536363636363637,0.205607476635514,0.0,0.95,0.85,0.55,0.7,0.55,0.7,0.05,0.05,0.55,0.55,1.0,0.7,0.0,True,50
LYVE1,0.5050000000000001,5,2,3,8.0,1.0,16.019801980198018,0.16666666666666666,0.0,1.0,0.45,0.5,1.0,0.8,1.0,0.15,0.15,0.0,0.0,1.0,1.0,0.0,True,50
SLC7A10,0.505,5,2,3,13.0,1.0,16.356435643564357,0.10476190476190476,0.0,1.0,0.45,0.8,1.0,0.75,1.0,0.05,0.0,0.0,0.0,1.0,1.0,0.0,True,50
ACSM5,0.45,5,3,2,9.5,1.0,18.022222222222222,0.4383561643835616,0.8,0.15,0.3,0.05,0.1,0.3,0.9,0.6,0.6,0.75,0.75,0.55,0.1,0.8,True,50
MLXIPL,0.44499999999999995,5,2,3,14.0,3.0,17.640449438202246,0.17142857142857143,0.1,0.75,0.55,0.2,1.0,0.85,1.0,0.05,0.05,0.0,0.0,0.95,1.0,0.1,True,50
NAALAD2,0.43499999999999994,5,3,3,15.0,1.0,18.666666666666668,0.1728395061728395,0.0,0.75,0.0,0.2,1.0,0.2,1.0,0.55,0.55,0.05,0.05,0.5,1.0,0.0,True,50
C6,0.4050000000000001,4,2,3,22.0,2.0,24.246913580246915,0.2236842105263158,0.0,0.65,0.5,0.35,0.55,0.35,0.8,0.15,0.2,0.25,0.25,0.8,0.55,0.0,False,50
LOC102723493,0.395,3,2,2,22.0,1.0,23.78481012658228,0.12222222222222222,0.0,0.8,0.2,0.35,1.0,0.45,1.0,0.1,0.05,0.0,0.0,0.95,1.0,0.0,False,50
NLGN1,0.39,5,2,3,16.0,1.0,20.307692307692307,0.17333333333333334,0.0,0.7,0.5,0.55,0.7,0.35,0.6,0.05,0.15,0.15,0.15,0.75,0.55,0.0,True,50
APOB,0.36,3,2,2,9.0,1.0,16.47222222222222,0.07317073170731707,0.0,0.85,0.0,0.3,1.0,0.35,1.0,0.05,0.05,0.0,0.0,0.85,1.0,0.0,False,50
C8orf34,0.355,3,2,2,31.0,13.0,32.11267605633803,0.13157894736842105,0.0,0.7,0.3,0.0,0.9,0.4,1.0,0.15,0.1,0.0,0.0,0.5,0.85,0.0,False,50
ABCD2,0.3350000000000001,4,2,3,9.0,1.0,17.970149253731343,0.44680851063829785,0.0,0.0,0.0,0.0,0.7,0.0,0.55,0.35,0.35,0.7,0.7,0.0,0.6,0.0,False,50
LDHD,0.33499999999999996,4,2,3,26.0,1.0,26.746268656716417,0.14864864864864866,0.0,0.6,0.45,0.2,0.75,0.65,0.7,0.0,0.0,0.0,0.0,0.5,0.75,0.0,False,50
LINC00310,0.33,3,2,2,16.5,1.0,19.863636363636363,0.07692307692307693,0.0,0.5,0.0,0.3,0.95,0.25,0.95,0.15,0.2,0.0,0.0,0.45,0.95,0.0,False,50
PFKFB1,0.32999999999999996,4,2,3,30.0,2.0,30.40909090909091,0.17391304347826086,0.2,0.7,0.35,0.1,0.5,0.5,0.95,0.1,0.1,0.0,0.0,0.8,0.3,0.2,False,50
DMGDH,0.325,3,2,2,17.0,2.0,19.984615384615385,0.16363636363636364,0.0,0.25,0.0,0.05,0.95,0.25,0.95,0.3,0.5,0.0,0.0,0.05,0.95,0.0,False,50
NIPSNAP3B,0.31999999999999995,3,2,2,14.0,6.0,17.171875,0.02702702702702703,0.0,0.85,0.0,0.2,1.0,0.0,1.0,0.1,0.05,0.0,0.0,0.75,1.0,0.0,False,50
PALM,0.30999999999999994,3,1,3,37.5,12.0,35.5,0.3018867924528302,0.0,0.05,0.2,0.05,0.8,0.95,0.85,0.15,0.05,0.0,0.0,0.0,0.5,0.0,False,50
STX11,0.305,2,2,2,23.0,3.0,23.639344262295083,0.2545454545454545,0.0,0.65,0.4,0.15,0.25,0.2,0.95,0.2,0.25,0.0,0.0,0.8,0.25,0.0,False,50
ALDH1L1,0.30000000000000004,2,2,2,24.5,2.0,24.983333333333334,0.16129032258064516,0.2,0.8,0.25,0.15,0.25,0.05,0.85,0.15,0.1,0.2,0.2,1.0,0.2,0.2,False,50
PQLC2L,0.3,3,1,3,29.5,8.0,30.683333333333334,0.13114754098360656,0.0,0.2,0.0,0.05,1.0,0.7,1.0,0.05,0.0,0.0,0.0,0.1,1.0,0.0,False,50
HSPB7,0.29,3,2,2,25.5,3.0,26.82758620689655,0.06779661016949153,0.0,0.75,0.0,0.05,0.85,0.0,1.0,0.2,0.05,0.0,0.0,0.75,0.4,0.0,False,50
RGS17,0.285,3,2,2,14.0,2.0,19.19298245614035,0.0625,0.0,0.6,0.3,0.35,0.65,0.2,0.55,0.05,0.05,0.05,0.05,0.8,0.55,0.0,False,50
ACADL,0.285,2,2,2,22.0,1.0,24.36842105263158,0.06666666666666667,0.2,0.5,0.2,0.1,0.4,0.3,1.0,0.05,0.0,0.15,0.15,0.9,0.3,0.2,False,50
EPB42,0.27999999999999997,3,2,2,11.0,5.0,16.732142857142858,0.017543859649122806,0.0,0.55,0.0,0.2,1.0,0.0,1.0,0.05,0.0,0.0,0.0,0.25,1.0,0.0,False,50
GDF10,0.27999999999999997,2,1,2,16.0,1.0,19.125,0.07017543859649122,0.0,0.4,0.0,0.1,1.0,0.3,1.0,0.0,0.0,0.0,0.0,0.2,0.95,0.0,False,50
TSLP,0.275,2,1,2,24.0,11.0,26.90909090909091,0.15517241379310345,0.0,0.3,0.05,0.05,0.9,0.45,0.95,0.0,0.05,0.0,0.0,0.35,0.85,0.0,False,50
CCDC178,0.275,1,1,1,27.0,1.0,27.363636363636363,0.4,0.0,0.4,0.7,0.05,0.0,0.35,0.35,0.3,0.4,0.1,0.1,0.65,0.0,0.0,False,50
WDFY3-AS2,0.265,2,2,1,21.0,2.0,22.81132075471698,0.3148148148148148,0.0,0.4,0.65,0.05,0.35,0.75,0.3,0.1,0.05,0.0,0.0,0.05,0.4,0.0,False,50
DMRT2,0.255,3,1,3,23.0,7.0,25.607843137254903,0.1320754716981132,0.0,0.35,0.2,0.15,0.6,0.6,0.65,0.0,0.0,0.0,0.0,0.25,0.65,0.0,False,50
LOC100506476,0.22999999999999998,1,1,1,15.0,1.0,18.152173913043477,0.391304347826087,0.0,0.1,0.3,0.1,0.3,0.95,0.25,0.1,0.1,0.05,0.05,0.15,0.35,0.0,False,50
LOC284825,0.225,1,1,1,22.0,2.0,21.11111111111111,0.18181818181818182,0.0,0.3,0.0,0.2,0.25,0.1,0.8,0.25,0.35,0.0,0.0,0.5,0.25,0.0,False,50
C1QTNF1,0.225,0,0,0,28.0,4.0,27.333333333333332,0.23684210526315788,0.0,0.2,0.15,0.05,0.4,0.4,0.4,0.2,0.25,0.1,0.1,0.15,0.3,0.0,False,50
ZNRF2P1,0.22000000000000003,3,2,3,5.0,2.0,9.522727272727273,0.782608695652174,0.0,0.25,0.0,0.65,0.75,0.55,0.0,0.0,0.0,0.0,0.0,0.0,0.75,0.0,False,50
KIAA1107,0.22000000000000003,2,2,1,12.5,1.0,15.386363636363637,0.4666666666666667,0.1,0.1,0.55,0.0,0.15,0.9,0.0,0.15,0.15,0.1,0.1,0.0,0.2,0.1,False,50
HSPB6,0.215,1,1,1,29.0,1.0,29.302325581395348,0.17391304347826086,0.0,0.35,0.3,0.05,0.45,0.55,0.45,0.0,0.0,0.0,0.0,0.2,0.45,0.0,False,50
TMOD1,0.21000000000000002,2,1,2,34.5,8.0,31.285714285714285,0.29545454545454547,0.0,0.2,0.2,0.05,0.5,0.8,0.35,0.0,0.0,0.0,0.0,0.1,0.4,0.0,False,50
MYO16,0.205,2,1,2,29.0,3.0,27.0,0.06382978723404255,0.0,0.25,0.0,0.05,0.8,0.3,0.6,0.05,0.0,0.0,0.0,0.15,0.8,0.0,False,50
C22orf39,0.2,2,1,2,8.5,2.0,15.575,0.9047619047619048,0.1,0.0,0.05,0.0,0.0,0.0,0.0,0.3,0.45,0.6,0.6,0.0,0.0,0.1,False,50
KCNIP2,0.195,1,1,1,32.0,4.0,30.94871794871795,0.20588235294117646,0.05,0.35,0.05,0.1,0.15,0.1,0.6,0.25,0.35,0.0,0.0,0.6,0.15,0.05,False,50
C15orf48,0.19,1,1,1,11.0,2.0,17.736842105263158,0.6206896551724138,0.0,0.1,0.3,0.15,0.05,0.75,0.0,0.05,0.2,0.15,0.15,0.0,0.05,0.0,False,50
CNKSR2,0.19,3,1,3,22.5,5.0,25.55263157894737,0.13157894736842105,0.0,0.0,0.0,0.1,0.7,0.5,0.6,0.0,0.0,0.0,0.0,0.0,0.7,0.0,False,50
ACVR1C,0.185,0,0,0,13.0,2.0,20.216216216216218,0.6538461538461539,0.05,0.05,0.25,0.05,0.0,0.15,0.1,0.25,0.3,0.35,0.35,0.2,0.0,0.05,False,50
GPIHBP1,0.185,2,2,2,26.0,3.0,26.81081081081081,0.175,0.05,0.5,0.45,0.05,0.05,0.0,0.6,0.1,0.1,0.0,0.0,0.85,0.0,0.05,False,50
ACKR4,0.18,1,1,1,19.5,2.0,21.36111111111111,0.53125,0.0,0.05,0.4,0.05,0.0,0.95,0.0,0.15,0.1,0.05,0.05,0.0,0.0,0.0,False,50
ELMOD3,0.18,2,2,2,29.0,4.0,29.944444444444443,0.030303030303030304,0.0,0.5,0.05,0.1,0.35,0.0,0.75,0.05,0.0,0.0,0.0,0.55,0.15,0.0,False,50
ADGRD1,0.18,2,1,2,27.0,7.0,30.416666666666668,0.029411764705882353,0.0,0.35,0.05,0.05,0.55,0.0,0.8,0.0,0.0,0.0,0.0,0.25,0.5,0.0,False,50
C11orf70,0.17500000000000002,0,0,0,26.0,7.0,25.428571428571427,0.18518518518518517,0.0,0.05,0.0,0.15,0.35,0.45,0.3,0.1,0.25,0.05,0.05,0.0,0.35,0.0,False,50
LOC101927420,0.175,2,2,2,24.0,3.0,25.542857142857144,0.16666666666666666,0.0,0.0,0.25,0.5,0.2,0.75,0.0,0.0,0.05,0.0,0.0,0.0,0.3,0.0,False,50
DCAF12L2,0.16999999999999998,2,2,2,3.0,1.0,5.294117647058823,1.0,0.0,0.25,0.0,0.65,0.75,0.05,0.0,0.0,0.0,0.0,0.0,0.0,0.75,0.0,False,50
FLVCR1,0.16999999999999998,0,0,0,4.0,1.0,8.264705882352942,0.9629629629629629,0.45,0.0,0.1,0.0,0.0,0.0,0.0,0.35,0.35,0.45,0.45,0.0,0.0,0.45,False,50
CIDEA,0.16,1,1,1,34.5,12.0,32.4375,0.030303030303030304,0.05,0.4,0.0,0.05,0.15,0.0,0.9,0.05,0.05,0.0,0.0,0.9,0.1,0.05,False,50
SCN9A,0.155,2,1,2,29.0,14.0,31.322580645161292,0.0,0.0,0.15,0.0,0.15,0.75,0.0,0.5,0.0,0.0,0.0,0.0,0.05,0.6,0.0,False,50
CORO2B,0.155,2,1,2,32.0,14.0,32.03225806451613,0.07142857142857142,0.0,0.1,0.0,0.05,0.6,0.0,0.65,0.1,0.05,0.0,0.0,0.0,0.6,0.0,False,50
LHCGR,0.15,0,0,0,24.0,1.0,25.333333333333332,0.02857142857142857,0.0,0.45,0.05,0.25,0.45,0.0,0.3,0.0,0.0,0.0,0.0,0.35,0.45,0.0,False,50
CREB5,0.15,0,0,0,38.0,2.0,34.7,0.027777777777777776,0.0,0.4,0.05,0.45,0.3,0.05,0.25,0.0,0.0,0.0,0.0,0.7,0.3,0.0,False,50
ADH1C,0.14500000000000005,0,0,0,33.0,5.0,30.24137931034483,0.15384615384615385,0.25,0.3,0.1,0.0,0.25,0.15,0.4,0.1,0.05,0.05,0.05,0.5,0.25,0.25,False,50
ABCA8,0.14500000000000002,2,1,2,5.0,1.0,6.482758620689655,0.9375,0.05,0.0,0.0,0.0,0.0,0.0,0.0,0.1,0.05,0.65,0.65,0.0,0.0,0.05,False,50
CELSR1,0.145,0,0,0,7.0,1.0,14.96551724137931,0.90625,0.8,0.0,0.25,0.0,0.0,0.0,0.0,0.25,0.35,0.3,0.3,0.0,0.0,0.8,False,50
TMEM44-AS1,0.14,1,1,1,18.0,1.0,20.821428571428573,0.3076923076923077,0.0,0.2,0.8,0.1,0.0,0.2,0.0,0.05,0.05,0.0,0.0,0.05,0.0,0.0,False,50
TREM2,0.13999999999999999,1,1,1,11.0,1.0,16.0,0.75,0.0,0.0,0.0,0.75,0.25,0.4,0.0,0.0,0.0,0.0,0.0,0.0,0.35,0.0,False,50
SDC1,0.13999999999999999,2,1,2,12.0,2.0,20.321428571428573,0.9655172413793104,0.75,0.0,0.05,0.0,0.0,0.0,0.0,0.65,0.7,0.0,0.0,0.0,0.0,0.75,False,50
PRKCZ,0.135,0,0,0,19.0,1.0,23.14814814814815,0.8421052631578947,0.0,0.0,0.05,0.0,0.15,0.2,0.15,0.4,0.4,0.0,0.0,0.0,0.15,0.0,False,50
ADH1A,0.135,0,0,0,33.0,6.0,30.62962962962963,0.2,0.0,0.15,0.05,0.05,0.3,0.35,0.3,0.05,0.1,0.0,0.0,0.05,0.3,0.0,False,50
PKD1L2,0.135,0,0,0,37.0,14.0,35.925925925925924,0.11538461538461539,0.0,0.1,0.0,0.05,0.45,0.4,0.35,0.0,0.0,0.0,0.0,0.0,0.35,0.0,False,50
FGF2,0.13499999999999998,1,1,1,32.0,10.0,30.962962962962962,0.2692307692307692,0.0,0.1,0.35,0.05,0.0,0.6,0.15,0.05,0.05,0.0,0.0,0.2,0.0,0.0,False,50
GLA,0.13,1,1,1,12.5,1.0,16.307692307692307,0.6666666666666666,0.0,0.15,0.25,0.5,0.15,0.25,0.0,0.0,0.0,0.0,0.0,0.0,0.25,0.0,False,50
TPPP3,0.13,2,2,1,13.5,2.0,18.076923076923077,0.5555555555555556,0.0,0.0,0.55,0.0,0.0,0.75,0.0,0.0,0.0,0.0,0.0,0.0,0.05,0.0,False,50
AADAC,0.13,0,0,0,19.5,3.0,22.0,0.3,0.0,0.2,0.0,0.05,0.2,0.0,0.2,0.05,0.1,0.25,0.25,0.15,0.15,0.0,False,50
MYOC,0.13,1,1,1,32.5,14.0,30.53846153846154,0.0,0.0,0.0,0.0,0.0,0.85,0.0,0.45,0.0,0.0,0.0,0.0,0.0,0.85,0.0,False,50
HPD,0.12500000000000003,1,1,1,18.0,1.0,20.8,0.10344827586206896,0.0,0.65,0.0,0.25,0.0,0.0,0.0,0.05,0.1,0.1,0.1,0.65,0.0,0.0,False,50
KCNA2,0.12500000000000003,0,0,0,32.0,3.0,32.6,0.14814814814814814,0.0,0.1,0.2,0.15,0.3,0.25,0.1,0.05,0.1,0.0,0.0,0.15,0.3,0.0,False,50
LOC643733,0.125,0,0,0,13.0,3.0,15.12,0.7058823529411765,0.25,0.0,0.0,0.0,0.0,0.0,0.0,0.4,0.45,0.2,0.2,0.0,0.0,0.25,False,50
CPS1,0.12000000000000002,2,2,1,15.0,1.0,17.333333333333332,0.34782608695652173,0.0,0.1,0.5,0.05,0.0,0.55,0.0,0.0,0.0,0.0,0.0,0.0,0.0,0.0,False,50
FGFBP2,0.12000000000000002,1,1,1,31.5,10.0,30.041666666666668,0.10526315789473684,0.0,0.45,0.55,0.1,0.0,0.1,0.0,0.0,0.0,0.0,0.0,0.8,0.0,0.0,False,50
HEPACAM2,0.12,1,1,1,22.5,5.0,24.791666666666668,0.6666666666666666,0.0,0.0,0.1,0.6,0.15,0.35,0.0,0.0,0.0,0.0,0.0,0.0,0.15,0.0,False,50
ADRA1A,0.12,1,1,1,35.0,7.0,31.666666666666668,0.0,0.0,0.3,0.0,0.1,0.3,0.0,0.5,0.0,0.0,0.0,0.0,0.45,0.25,0.0,False,50
ALPI,0.11499999999999999,1,1,1,16.0,1.0,20.0,0.90625,0.0,0.1,0.0,0.35,0.5,0.2,0.0,0.0,0.0,0.0,0.0,0.05,0.75,0.0,False,50
ZNF436-AS1,0.11499999999999999,0,0,0,23.0,3.0,23.608695652173914,0.3125,0.0,0.1,0.15,0.2,0.05,0.2,0.05,0.2,0.2,0.0,0.0,0.05,0.05,0.0,False,50
ABHD5,0.11000000000000001,0,0,0,12.5,2.0,15.318181818181818,0.6428571428571429,0.0,0.0,0.2,0.05,0.0,0.1,0.0,0.05,0.0,0.35,0.35,0.0,0.0,0.0,False,50
ACSM3,0.11000000000000001,1,1,1,14.5,1.0,17.272727272727273,0.0,0.0,0.65,0.05,0.4,0.0,0.0,0.0,0.0,0.0,0.0,0.0,0.75,0.0,0.0,False,50
PNMA2,0.11000000000000001,1,1,1,18.5,3.0,20.863636363636363,0.7777777777777778,0.0,0.0,0.0,0.55,0.15,0.4,0.0,0.0,0.0,0.0,0.0,0.0,0.35,0.0,False,50
PRG4,0.10500000000000001,0,0,0,22.0,6.0,23.761904761904763,0.03225806451612903,0.0,0.4,0.25,0.3,0.1,0.0,0.0,0.0,0.0,0.0,0.0,0.7,0.1,0.0,False,50
THAP3,0.10500000000000001,0,0,0,22.0,2.0,25.714285714285715,0.2727272727272727,0.0,0.2,0.2,0.0,0.1,0.3,0.05,0.1,0.1,0.0,0.0,0.05,0.15,0.0,False,50
CHSY1,0.10500000000000001,1,1,1,27.0,8.0,29.047619047619047,0.3,0.0,0.0,0.4,0.05,0.0,0.6,0.0,0.0,0.0,0.0,0.0,0.0,0.0,0.0,False,50
RBPMS-AS1,0.10500000000000001,0,0,0,24.0,12.0,29.047619047619047,0.0,0.0,0.45,0.0,0.1,0.2,0.0,0.3,0.0,0.0,0.0,0.0,0.5,0.15,0.0,False,50
TMEM132C,0.10500000000000001,0,0,0,32.0,4.0,29.761904761904763,0.2222222222222222,0.25,0.25,0.4,0.0,0.0,0.0,0.15,0.1,0.15,0.0,0.0,0.8,0.0,0.25,False,50
LVRN,0.10500000000000001,0,0,0,27.0,12.0,30.19047619047619,0.13636363636363635,0.0,0.25,0.0,0.05,0.25,0.0,0.25,0.15,0.1,0.0,0.0,0.25,0.2,0.0,False,50
LOC90768,0.10500000000000001,0,0,0,37.0,20.0,35.666666666666664,0.043478260869565216,0.0,0.1,0.05,0.05,0.45,0.05,0.3,0.0,0.05,0.0,0.0,0.0,0.5,0.0,False,50
SPP1,0.1,1,1,1,11.0,2.0,15.95,0.35294117647058826,0.0,0.0,0.05,0.1,0.0,0.8,0.0,0.0,0.05,0.0,0.0,0.0,0.0,0.0,False,50
SEPT8,0.1,0,0,0,14.0,3.0,17.55,0.6923076923076923,0.05,0.0,0.35,0.0,0.0,0.0,0.0,0.05,0.2,0.2,0.2,0.0,0.0,0.05,False,50
CDR1,0.1,1,1,1,22.5,1.0,22.2,0.0,0.0,0.5,0.05,0.35,0.05,0.0,0.05,0.0,0.0,0.0,0.0,0.75,0.05,0.0,False,50
GLYAT,0.1,0,0,0,21.5,3.0,24.2,0.0,0.0,0.25,0.0,0.15,0.25,0.0,0.35,0.0,0.0,0.0,0.0,0.25,0.25,0.0,False,50
DENND2A,0.1,0,0,0,31.5,8.0,31.1,0.3888888888888889,0.0,0.15,0.25,0.0,0.1,0.2,0.15,0.1,0.05,0.0,0.0,0.0,0.1,0.0,False,50
FTCDNL1,0.1,0,0,0,33.5,9.0,33.05,0.1,0.0,0.35,0.25,0.15,0.1,0.1,0.05,0.0,0.0,0.0,0.0,0.15,0.05,0.0,False,50
FHL5,0.1,0,0,0,34.5,19.0,34.2,0.1111111111111111,0.0,0.15,0.05,0.15,0.3,0.05,0.3,0.0,0.0,0.0,0.0,0.05,0.3,0.0,False,50
LOC100132735,0.09500000000000001,0,0,0,28.0,2.0,27.57894736842105,0.18181818181818182,0.0,0.2,0.1,0.15,0.05,0.0,0.1,0.15,0.2,0.0,0.0,0.55,0.05,0.0,False,50
SCGB1A1,0.095,0,0,0,2.0,1.0,3.526315789473684,1.0,0.0,0.2,0.0,0.35,0.4,0.0,0.0,0.0,0.0,0.0,0.0,0.0,0.4,0.0,False,50
LINC01088,0.095,1,1,1,4.0,1.0,10.789473684210526,0.0,0.0,0.75,0.0,0.2,0.0,0.0,0.0,0.0,0.0,0.0,0.0,0.85,0.0,0.0,False,50
PGC,0.095,1,1,1,18.0,3.0,16.789473684210527,0.0,0.0,0.7,0.0,0.25,0.0,0.0,0.0,0.0,0.0,0.0,0.0,0.75,0.0,0.0,False,50
TRHDE,0.095,0,0,0,22.0,12.0,25.0,0.0,0.0,0.25,0.05,0.1,0.25,0.0,0.25,0.0,0.05,0.0,0.0,0.3,0.25,0.0,False,50
SLC29A4,0.095,0,0,0,21.0,13.0,25.473684210526315,0.1111111111111111,0.0,0.15,0.0,0.05,0.25,0.25,0.25,0.0,0.0,0.0,0.0,0.0,0.25,0.0,False,50
OR51E1,0.095,0,0,0,33.0,3.0,31.0,0.2777777777777778,0.0,0.15,0.35,0.1,0.1,0.15,0.1,0.0,0.0,0.0,0.0,0.05,0.1,0.0,False,50
MAP7D3,0.095,0,0,0,35.0,11.0,33.421052631578945,0.3888888888888889,0.0,0.2,0.3,0.0,0.0,0.1,0.15,0.1,0.1,0.0,0.0,0.2,0.0,0.0,False,50
TMEM246,0.095,0,0,0,36.0,16.0,34.36842105263158,0.0,0.0,0.05,0.0,0.1,0.4,0.0,0.4,0.0,0.0,0.0,0.0,0.0,0.35,0.0,False,50
PPP2R3C,0.09000000000000001,0,0,0,13.0,1.0,12.833333333333334,1.0,0.0,0.0,0.0,0.0,0.0,0.0,0.0,0.4,0.4,0.05,0.05,0.0,0.0,0.0,False,50
GTDC1,0.09000000000000001,0,0,0,8.0,1.0,17.22222222222222,0.8888888888888888,0.0,0.0,0.0,0.0,0.0,0.1,0.0,0.2,0.3,0.15,0.15,0.0,0.0,0.0,False,50
LOC101928409,0.09000000000000001,0,0,0,27.0,13.0,26.444444444444443,0.058823529411764705,0.0,0.2,0.0,0.0,0.3,0.0,0.3,0.0,0.0,0.05,0.05,0.05,0.25,0.0,False,50
RHOXF1,0.09000000000000001,0,0,0,32.0,13.0,31.77777777777778,0.2222222222222222,0.0,0.15,0.05,0.05,0.2,0.2,0.2,0.0,0.05,0.0,0.0,0.1,0.2,0.0,False,50
ACACB,0.09,0,0,0,5.0,2.0,9.444444444444445,1.0,0.0,0.0,0.0,0.0,0.0,0.0,0.0,0.1,0.1,0.35,0.35,0.0,0.0,0.0,False,50
HIGD1B,0.09,0,0,0,18.5,6.0,19.11111111111111,0.6666666666666666,0.0,0.05,0.3,0.0,0.0,0.25,0.0,0.0,0.0,0.15,0.15,0.0,0.0,0.0,False,50
SGK494,0.09,0,0,0,16.0,3.0,19.38888888888889,1.0,0.15,0.0,0.0,0.0,0.0,0.0,0.0,0.2,0.3,0.2,0.2,0.0,0.0,0.15,False,50
KLB,0.09,0,0,0,35.5,12.0,33.77777777777778,0.125,0.05,0.1,0.05,0.1,0.1,0.1,0.25,0.1,0.1,0.0,0.0,0.25,0.05,0.05,False,50
FLJ27354,0.085,0,0,0,23.0,4.0,23.11764705882353,0.08,0.0,0.45,0.1,0.3,0.0,0.0,0.0,0.0,0.0,0.0,0.0,0.7,0.0,0.0,False,50
CLEC4GP1,0.085,1,1,1,23.0,7.0,25.58823529411765,0.0,0.0,0.6,0.0,0.05,0.15,0.0,0.05,0.0,0.0,0.0,0.0,0.45,0.15,0.0,False,50
PLA2G7,0.085,0,0,0,24.0,3.0,25.705882352941178,0.4444444444444444,0.0,0.0,0.0,0.4,0.0,0.45,0.0,0.0,0.0,0.0,0.0,0.0,0.0,0.0,False,50
DDR2,0.08499999999999999,0,0,0,7.0,2.0,12.882352941176471,0.6666666666666666,0.2,0.0,0.0,0.0,0.0,0.0,0.0,0.3,0.35,0.1,0.1,0.0,0.0,0.2,False,50
PDE11A,0.08499999999999999,0,0,0,27.0,3.0,25.88235294117647,0.2857142857142857,0.0,0.1,0.05,0.05,0.15,0.05,0.25,0.15,0.05,0.0,0.0,0.05,0.15,0.0,False,50
IDH1-AS1,0.08499999999999999,0,0,0,27.0,1.0,27.647058823529413,0.09090909090909091,0.0,0.3,0.35,0.15,0.0,0.05,0.0,0.0,0.0,0.0,0.0,0.4,0.0,0.0,False,50
ADAMTS8,0.08,0,0,0,12.5,1.0,13.4375,0.8461538461538461,0.0,0.05,0.1,0.35,0.15,0.15,0.0,0.0,0.0,0.0,0.0,0.0,0.2,0.0,False,50
MICALL2,0.08,0,0,0,7.5,1.0,13.625,1.0,0.2,0.0,0.0,0.0,0.0,0.0,0.0,0.3,0.4,0.05,0.05,0.0,0.0,0.2,False,50
ACSS2,0.08,0,0,0,20.0,4.0,19.9375,1.0,0.0,0.0,0.0,0.05,0.0,0.0,0.0,0.3,0.15,0.15,0.15,0.0,0.0,0.0,False,50
FRMD1,0.08,1,1,1,18.5,7.0,23.9375,0.038461538461538464,0.0,0.5,0.05,0.1,0.0,0.0,0.1,0.0,0.05,0.0,0.0,0.75,0.0,0.0,False,50
KLF15,0.08,0,0,0,28.5,4.0,27.375,0.625,0.0,0.05,0.45,0.0,0.0,0.2,0.0,0.05,0.05,0.0,0.0,0.05,0.0,0.0,False,50
RAE1,0.07999999999999999,0,0,0,9.5,4.0,15.4375,1.0,0.2,0.0,0.0,0.0,0.0,0.0,0.0,0.3,0.3,0.1,0.1,0.0,0.0,0.2,False,50
PARD3B,0.07999999999999999,0,0,0,19.0,2.0,22.0,0.35714285714285715,0.0,0.05,0.25,0.0,0.0,0.15,0.05,0.15,0.15,0.0,0.0,0.05,0.05,0.0,False,50
FDXACB1,0.07999999999999999,0,0,0,19.0,5.0,23.0,0.9375,0.0,0.05,0.0,0.45,0.2,0.1,0.0,0.0,0.0,0.0,0.0,0.0,0.45,0.0,False,50
PLA2G2A,0.07500000000000001,0,0,0,23.0,4.0,22.866666666666667,0.08333333333333333,0.0,0.1,0.1,0.1,0.1,0.2,0.15,0.0,0.0,0.0,0.0,0.0,0.1,0.0,False,50
MMP28,0.07500000000000001,0,0,0,28.0,4.0,28.333333333333332,0.5454545454545454,0.0,0.1,0.15,0.0,0.0,0.3,0.05,0.0,0.15,0.0,0.0,0.0,0.0,0.0,False,50
ABCA6,0.075,0,0,0,7.0,1.0,9.533333333333333,1.0,0.0,0.0,0.0,0.0,0.0,0.0,0.0,0.05,0.0,0.35,0.35,0.0,0.0,0.0,False,50
RAB11FIP3,0.075,0,0,0,7.0,2.0,10.8,1.0,0.35,0.0,0.0,0.0,0.0,0.0,0.0,0.3,0.35,0.05,0.05,0.0,0.0,0.35,False,50
CACNB3,0.075,0,0,0,10.0,2.0,11.933333333333334,1.0,0.2,0.0,0.0,0.0,0.0,0.0,0.0,0.15,0.2,0.2,0.2,0.0,0.0,0.2,False,50
PAQR4,0.075,0,0,0,15.0,6.0,17.0,1.0,0.7,0.0,0.0,0.0,0.0,0.0,0.0,0.05,0.1,0.3,0.3,0.0,0.0,0.7,False,50
LOC100422526,0.075,0,0,0,16.0,3.0,19.466666666666665,0.9230769230769231,0.0,0.05,0.05,0.45,0.1,0.1,0.0,0.0,0.0,0.0,0.0,0.0,0.35,0.0,False,50
LRRC15,0.075,0,0,0,22.0,5.0,20.8,0.9565217391304348,0.75,0.0,0.15,0.0,0.0,0.0,0.0,0.2,0.3,0.05,0.05,0.0,0.0,0.75,False,50
CLGN,0.075,1,1,1,20.0,4.0,22.333333333333332,0.5384615384615384,0.0,0.0,0.15,0.1,0.0,0.5,0.0,0.0,0.0,0.0,0.0,0.0,0.0,0.0,False,50
BANK1,0.075,1,1,1,25.0,2.0,26.2,0.5333333333333333,0.0,0.0,0.2,0.0,0.0,0.55,0.0,0.0,0.0,0.0,0.0,0.0,0.0,0.0,False,50
IGSF10,0.075,0,0,0,24.0,11.0,27.8,0.5714285714285714,0.0,0.0,0.25,0.0,0.0,0.0,0.0,0.25,0.25,0.0,0.0,0.2,0.0,0.0,False,50
NKAPL,0.075,0,0,0,30.0,14.0,29.0,0.35294117647058826,0.0,0.05,0.0,0.0,0.2,0.15,0.0,0.1,0.05,0.1,0.1,0.0,0.25,0.0,False,50
RDH5,0.075,0,0,0,30.0,14.0,29.333333333333332,0.3333333333333333,0.0,0.0,0.2,0.05,0.0,0.35,0.0,0.05,0.1,0.0,0.0,0.0,0.0,0.0,False,50
MOCS1,0.075,0,0,0,34.0,8.0,32.86666666666667,0.5,0.0,0.05,0.45,0.0,0.0,0.2,0.05,0.0,0.0,0.0,0.0,0.0,0.0,0.0,False,50
HCG11,0.075,0,0,0,33.0,14.0,33.6,0.0,0.0,0.0,0.0,0.0,0.45,0.0,0.3,0.0,0.0,0.0,0.0,0.0,0.4,0.0,False,50
SNCG,0.07499999999999998,0,0,0,34.0,4.0,28.933333333333334,0.2,0.0,0.0,0.0,0.05,0.3,0.3,0.1,0.0,0.0,0.0,0.0,0.0,0.15,0.0,False,50
APOH,0.07000000000000002,0,0,0,18.5,3.0,21.642857142857142,0.21428571428571427,0.0,0.15,0.1,0.15,0.1,0.05,0.05,0.05,0.05,0.0,0.0,0.2,0.05,0.0,False,50
SLC35C2,0.07,0,0,0,14.0,2.0,12.928571428571429,1.0,0.0,0.0,0.0,0.0,0.0,0.0,0.0,0.15,0.25,0.15,0.15,0.0,0.0,0.0,False,50
VN1R3,0.07,1,1,1,9.5,3.0,14.714285714285714,1.0,0.0,0.0,0.0,0.55,0.15,0.0,0.0,0.0,0.0,0.0,0.0,0.0,0.55,0.0,False,50
CPEB1,0.07,1,1,1,17.0,2.0,15.428571428571429,0.4666666666666667,0.0,0.0,0.1,0.0,0.05,0.55,0.0,0.0,0.0,0.0,0.0,0.0,0.05,0.0,False,50
CDC42EP2,0.07,0,0,0,29.5,8.0,29.714285714285715,0.1111111111111111,0.0,0.1,0.1,0.05,0.2,0.2,0.05,0.0,0.0,0.0,0.0,0.05,0.25,0.0,False,50
TRDN,0.07,0,0,0,27.0,2.0,30.142857142857142,0.13333333333333333,0.0,0.15,0.05,0.05,0.2,0.05,0.15,0.0,0.05,0.0,0.0,0.15,0.15,0.0,False,50
PLPP7,0.07,0,0,0,30.0,15.0,31.071428571428573,0.058823529411764705,0.0,0.25,0.0,0.0,0.25,0.05,0.15,0.0,0.0,0.0,0.0,0.1,0.2,0.0,False,50
INHBA,0.06999999999999999,0,0,0,12.5,4.0,16.357142857142858,0.75,0.2,0.0,0.15,0.05,0.0,0.0,0.0,0.15,0.15,0.1,0.1,0.0,0.0,0.2,False,50
CLDN4,0.06999999999999999,0,0,0,12.5,6.0,19.857142857142858,0.8571428571428571,0.0,0.0,0.05,0.0,0.0,0.0,0.0,0.2,0.25,0.1,0.1,0.0,0.0,0.0,False,50
CPM,0.06999999999999999,0,0,0,24.0,3.0,23.928571428571427,0.2,0.05,0.1,0.25,0.05,0.05,0.15,0.1,0.0,0.0,0.0,0.0,0.1,0.05,0.05,False,50
KLHL31,0.06999999999999999,0,0,0,36.0,3.0,32.285714285714285,0.4666666666666667,0.0,0.1,0.2,0.0,0.05,0.15,0.1,0.1,0.0,0.0,0.0,0.1,0.05,0.0,False,50
RBM12B,0.06500000000000002,0,0,0,24.0,4.0,24.692307692307693,1.0,0.3,0.0,0.0,0.0,0.0,0.0,0.0,0.3,0.25,0.05,0.05,0.0,0.0,0.3,False,50
SOX5,0.06500000000000002,0,0,0,26.0,7.0,29.615384615384617,0.375,0.0,0.1,0.1,0.0,0.15,0.2,0.05,0.05,0.0,0.0,0.0,0.0,0.2,0.0,False,50
AGRN,0.065,0,0,0,12.0,5.0,12.384615384615385,1.0,0.2,0.0,0.0,0.0,0.0,0.0,0.0,0.1,0.05,0.25,0.25,0.0,0.0,0.2,False,50
DSP,0.065,0,0,0,18.0,7.0,24.53846153846154,0.8571428571428571,0.0,0.0,0.0,0.0,0.05,0.1,0.05,0.0,0.15,0.15,0.15,0.0,0.05,0.0,False,50
TMED3,0.065,0,0,0,21.0,9.0,24.615384615384617,0.6363636363636364,0.0,0.0,0.05,0.05,0.0,0.4,0.0,0.1,0.05,0.0,0.0,0.0,0.0,0.0,False,50
ST6GALNAC6,0.065,0,0,0,38.0,15.0,37.07692307692308,0.42857142857142855,0.0,0.05,0.2,0.0,0.05,0.3,0.05,0.0,0.0,0.0,0.0,0.05,0.05,0.0,False,50
SCN2A,0.06499999999999999,0,0,0,8.0,1.0,12.307692307692308,1.0,0.0,0.1,0.0,0.35,0.2,0.0,0.0,0.0,0.0,0.0,0.0,0.0,0.2,0.0,False,50
SLC35A2,0.06499999999999999,0,0,0,13.0,6.0,17.0,1.0,0.15,0.0,0.0,0.0,0.0,0.0,0.0,0.35,0.3,0.0,0.0,0.0,0.0,0.15,False,50
TRA2A,0.06000000000000001,0,0,0,17.0,3.0,18.75,0.875,0.1,0.0,0.05,0.0,0.0,0.0,0.0,0.2,0.25,0.05,0.05,0.0,0.0,0.1,False,50
ANGPTL8,0.06000000000000001,0,0,0,24.5,5.0,24.0,0.0,0.0,0.1,0.0,0.05,0.2,0.05,0.2,0.0,0.0,0.0,0.0,0.05,0.2,0.0,False,50
C1QTNF7,0.06000000000000001,0,0,0,22.5,10.0,26.0,0.18181818181818182,0.0,0.1,0.05,0.05,0.1,0.1,0.1,0.05,0.05,0.0,0.0,0.05,0.1,0.0,False,50
LOC101928068,0.06000000000000001,0,0,0,28.0,6.0,26.166666666666668,0.2727272727272727,0.0,0.15,0.05,0.0,0.05,0.15,0.05,0.1,0.05,0.0,0.0,0.0,0.05,0.0,False,50
VDR,0.06000000000000001,0,0,0,44.0,24.0,41.583333333333336,1.0,0.0,0.0,0.05,0.0,0.0,0.1,0.0,0.15,0.3,0.0,0.0,0.0,0.0,0.0,False,50
A2M-AS1,0.06,0,0,0,7.0,2.0,8.083333333333334,1.0,0.0,0.0,0.0,0.0,0.0,0.0,0.0,0.0,0.0,0.3,0.3,0.0,0.0,0.0,False,50
STIL,0.06,0,0,0,16.5,1.0,16.083333333333332,1.0,0.0,0.0,0.0,0.0,0.0,0.0,0.0,0.25,0.35,0.0,0.0,0.0,0.0,0.0,False,50
LOC101928751,0.06,0,0,0,9.5,2.0,16.25,0.3333333333333333,0.0,0.25,0.0,0.25,0.1,0.0,0.0,0.0,0.0,0.0,0.0,0.35,0.2,0.0,False,50
WDR90,0.06,0,0,0,15.0,2.0,20.833333333333332,1.0,0.6,0.0,0.0,0.0,0.0,0.0,0.0,0.25,0.35,0.0,0.0,0.0,0.0,0.6,False,50
COL10A1,0.06,0,0,0,19.0,3.0,21.666666666666668,0.75,0.4,0.0,0.25,0.0,0.0,0.0,0.0,0.05,0.1,0.1,0.1,0.0,0.0,0.4,False,50
SULF2,0.06,0,0,0,22.0,9.0,24.833333333333332,0.75,0.0,0.0,0.25,0.0,0.0,0.0,0.0,0.05,0.1,0.1,0.1,0.0,0.0,0.0,False,50
TAT,0.06,0,0,0,25.0,5.0,26.0,0.5714285714285714,0.0,0.0,0.05,0.35,0.0,0.2,0.0,0.0,0.0,0.0,0.0,0.0,0.1,0.0,False,50
MYO19,0.06,0,0,0,23.5,7.0,27.25,1.0,0.05,0.0,0.0,0.0,0.0,0.0,0.0,0.25,0.35,0.0,0.0,0.0,0.0,0.05,False,50
CCBE1,0.06,0,0,0,35.0,9.0,31.666666666666668,0.21428571428571427,0.0,0.2,0.05,0.05,0.05,0.1,0.05,0.0,0.0,0.05,0.05,0.15,0.1,0.0,False,50
LOC105378828,0.06,0,0,0,39.5,31.0,39.916666666666664,0.0,0.0,0.0,0.0,0.0,0.25,0.0,0.35,0.0,0.0,0.0,0.0,0.0,0.25,0.0,False,50
ACAA2,0.05500000000000001,0,0,0,10.0,2.0,13.636363636363637,1.0,0.0,0.0,0.0,0.0,0.0,0.0,0.0,0.1,0.05,0.2,0.2,0.0,0.0,0.0,False,50
LINC00471,0.05500000000000001,0,0,0,16.0,4.0,16.818181818181817,1.0,0.0,0.0,0.0,0.45,0.1,0.0,0.0,0.0,0.0,0.0,0.0,0.0,0.4,0.0,False,50
MYCBP2,0.05500000000000001,0,0,0,14.0,6.0,17.818181818181817,0.3333333333333333,0.4,0.0,0.0,0.0,0.0,0.0,0.0,0.05,0.2,0.15,0.15,0.0,0.0,0.4,False,50
UCP3,0.05500000000000001,0,0,0,21.0,1.0,19.09090909090909,0.5,0.0,0.1,0.3,0.05,0.0,0.0,0.0,0.0,0.0,0.05,0.05,0.05,0.0,0.0,False,50
LINC00968,0.05500000000000001,0,0,0,27.0,8.0,25.454545454545453,0.125,0.0,0.2,0.1,0.1,0.1,0.0,0.05,0.0,0.0,0.0,0.0,0.3,0.1,0.0,False,50
DACT2,0.05500000000000001,0,0,0,24.0,16.0,28.454545454545453,0.0,0.0,0.3,0.1,0.15,0.0,0.0,0.0,0.0,0.0,0.0,0.0,0.3,0.0,0.0,False,50
SLC19A3,0.05500000000000001,0,0,0,36.0,14.0,32.54545454545455,0.0625,0.25,0.1,0.0,0.05,0.1,0.0,0.2,0.05,0.05,0.0,0.0,0.25,0.05,0.25,False,50
SGK2,0.05500000000000001,0,0,0,39.0,17.0,34.09090909090909,0.0,0.0,0.0,0.0,0.0,0.2,0.0,0.35,0.0,0.0,0.0,0.0,0.0,0.2,0.0,False,50
STK35,0.05499999999999999,0,0,0,17.0,10.0,22.545454545454547,1.0,0.35,0.0,0.0,0.0,0.0,0.0,0.0,0.15,0.3,0.05,0.05,0.0,0.0,0.35,False,50
ADAMTS9-AS1,0.05499999999999999,0,0,0,31.0,8.0,29.90909090909091,0.0,0.0,0.2,0.0,0.15,0.1,0.0,0.1,0.0,0.0,0.0,0.0,0.3,0.1,0.0,False,50
ACAT1,0.05,0,0,0,11.5,5.0,11.4,1.0,0.0,0.0,0.0,0.0,0.0,0.0,0.0,0.0,0.0,0.25,0.25,0.0,0.0,0.0,False,50
C14orf80,0.05,0,0,0,9.5,2.0,15.4,1.0,0.0,0.0,0.0,0.0,0.0,0.0,0.0,0.05,0.05,0.2,0.2,0.0,0.0,0.0,False,50
LOC101927870,0.05,0,0,0,17.0,3.0,17.5,0.5714285714285714,0.0,0.1,0.1,0.2,0.05,0.05,0.0,0.0,0.0,0.0,0.0,0.0,0.05,0.0,False,50
GNG2,0.05,0,0,0,17.0,3.0,17.9,1.0,0.0,0.0,0.0,0.0,0.0,0.0,0.0,0.2,0.2,0.05,0.05,0.0,0.0,0.0,False,50
LIMK2,0.05,0,0,0,14.5,3.0,18.1,1.0,0.55,0.0,0.0,0.0,0.0,0.0,0.0,0.2,0.3,0.0,0.0,0.0,0.0,0.55,False,50
IER3,0.05,0,0,0,16.5,3.0,18.8,1.0,0.2,0.0,0.0,0.0,0.0,0.0,0.0,0.15,0.15,0.1,0.1,0.0,0.0,0.2,False,50
GPC3,0.05,0,0,0,15.0,1.0,19.0,0.4444444444444444,0.0,0.1,0.2,0.0,0.0,0.1,0.0,0.0,0.0,0.05,0.05,0.0,0.0,0.0,False,50
STX7,0.05,0,0,0,15.5,2.0,19.0,0.6666666666666666,0.15,0.0,0.0,0.0,0.0,0.0,0.0,0.3,0.2,0.0,0.0,0.0,0.0,0.15,False,50
ADRB1,0.05,0,0,0,18.0,2.0,20.4,0.4,0.25,0.05,0.2,0.0,0.0,0.25,0.0,0.0,0.0,0.0,0.0,0.0,0.0,0.25,False,50
LRRC2,0.05,0,0,0,22.5,12.0,21.2,0.0,0.0,0.15,0.0,0.05,0.15,0.0,0.15,0.0,0.0,0.0,0.0,0.15,0.15,0.0,False,50
MGARP,0.05,0,0,0,20.5,2.0,22.0,0.7777777777777778,0.0,0.05,0.05,0.2,0.1,0.1,0.0,0.0,0.0,0.0,0.0,0.0,0.15,0.0,False,50
BGN,0.05,0,0,0,15.5,6.0,22.9,1.0,0.65,0.0,0.05,0.0,0.0,0.0,0.0,0.05,0.1,0.15,0.15,0.0,0.0,0.65,False,50
LOC283588,0.05,0,0,0,29.5,5.0,24.3,0.8333333333333334,0.0,0.05,0.15,0.2,0.0,0.1,0.0,0.0,0.0,0.0,0.0,0.0,0.0,0.0,False,50
FGFRL1,0.05,0,0,0,24.5,5.0,24.7,0.3076923076923077,0.0,0.05,0.05,0.0,0.15,0.25,0.0,0.0,0.0,0.0,0.0,0.0,0.15,0.0,False,50
PAFAH1B3,0.05,0,0,0,21.5,10.0,25.4,1.0,0.2,0.0,0.0,0.0,0.0,0.0,0.0,0.25,0.25,0.0,0.0,0.0,0.0,0.2,False,50
PDE2A,0.05,0,0,0,22.0,1.0,25.6,0.75,0.0,0.05,0.2,0.0,0.0,0.0,0.0,0.15,0.1,0.0,0.0,0.0,0.0,0.0,False,50
PYGM,0.05,0,0,0,23.0,12.0,26.2,0.0,0.0,0.15,0.0,0.0,0.2,0.0,0.15,0.0,0.0,0.0,0.0,0.1,0.2,0.0,False,50
SLC46A2,0.05,1,1,1,29.5,3.0,26.7,1.0,0.0,0.0,0.0,0.5,0.0,0.0,0.0,0.0,0.0,0.0,0.0,0.0,0.05,0.0,False,50
CNTFR-AS1,0.05,0,0,0,33.5,21.0,33.2,0.4,0.0,0.0,0.1,0.05,0.1,0.15,0.1,0.0,0.0,0.0,0.0,0.05,0.1,0.0,False,50
PDK2,0.05,0,0,0,38.0,1.0,33.8,0.1,0.0,0.05,0.3,0.0,0.0,0.15,0.0,0.0,0.0,0.0,0.0,0.0,0.0,0.0,False,50
CASQ2,0.05,0,0,0,34.0,15.0,34.0,0.6666666666666666,0.0,0.05,0.05,0.0,0.0,0.0,0.25,0.05,0.1,0.0,0.0,0.0,0.0,0.0,False,50
FAM149A,0.049999999999999996,0,0,0,26.0,4.0,24.3,0.6,0.0,0.05,0.15,0.0,0.0,0.15,0.0,0.1,0.05,0.0,0.0,0.0,0.05,0.0,False,50
MARC1,0.049999999999999996,0,0,0,25.0,2.0,24.9,0.3,0.0,0.1,0.1,0.0,0.05,0.05,0.0,0.15,0.05,0.0,0.0,0.0,0.05,0.0,False,50
CANT1,0.045000000000000005,0,0,0,12.0,4.0,13.777777777777779,1.0,0.0,0.0,0.0,0.0,0.0,0.0,0.0,0.05,0.1,0.15,0.15,0.0,0.0,0.0,False,50
ATP2A2,0.045000000000000005,0,0,0,12.0,10.0,16.22222222222222,1.0,0.0,0.0,0.0,0.0,0.0,0.0,0.0,0.05,0.1,0.15,0.15,0.0,0.0,0.0,False,50
MYO5B,0.045000000000000005,0,0,0,20.0,9.0,22.11111111111111,0.8888888888888888,0.2,0.0,0.0,0.05,0.0,0.15,0.0,0.1,0.15,0.0,0.0,0.0,0.0,0.2,False,50
LOC100506368,0.045000000000000005,0,0,0,29.0,13.0,28.444444444444443,0.5714285714285714,0.0,0.1,0.2,0.0,0.0,0.05,0.0,0.0,0.1,0.0,0.0,0.0,0.0,0.0,False,50
DPY19L2P3,0.045,0,0,0,1.0,1.0,2.5555555555555554,1.0,0.0,0.15,0.0,0.15,0.15,0.0,0.0,0.0,0.0,0.0,0.0,0.0,0.15,0.0,False,50
ARRDC1,0.045,0,0,0,12.0,8.0,12.666666666666666,1.0,0.0,0.0,0.0,0.0,0.0,0.0,0.0,0.0,0.05,0.2,0.2,0.0,0.0,0.0,False,50
ABHD6,0.045,0,0,0,10.0,7.0,13.666666666666666,1.0,0.0,0.0,0.05,0.0,0.0,0.0,0.0,0.0,0.0,0.2,0.2,0.0,0.0,0.0,False,50
ENTPD7,0.045,0,0,0,16.0,5.0,19.444444444444443,0.75,0.0,0.1,0.1,0.0,0.0,0.15,0.0,0.0,0.0,0.05,0.05,0.0,0.0,0.0,False,50
F2R,0.045,0,0,0,18.0,8.0,22.0,0.3333333333333333,0.0,0.0,0.05,0.3,0.0,0.1,0.0,0.0,0.0,0.0,0.0,0.0,0.0,0.0,False,50
ADCY6,0.045,0,0,0,17.0,3.0,22.333333333333332,0.3333333333333333,0.0,0.0,0.0,0.0,0.0,0.45,0.0,0.0,0.0,0.0,0.0,0.0,0.0,0.0,False,50
THSD7B,0.045,0,0,0,27.0,8.0,24.444444444444443,0.2222222222222222,0.0,0.05,0.05,0.0,0.0,0.25,0.05,0.05,0.0,0.0,0.0,0.0,0.05,0.0,False,50
HCAR3,0.045,0,0,0,32.0,1.0,26.444444444444443,0.4444444444444444,0.0,0.0,0.1,0.0,0.1,0.2,0.05,0.0,0.0,0.0,0.0,0.0,0.05,0.0,False,50
NPR1,0.045,0,0,0,29.0,7.0,26.666666666666668,0.6666666666666666,0.05,0.0,0.1,0.0,0.0,0.0,0.0,0.1,0.15,0.05,0.05,0.0,0.0,0.05,False,50
FGF14-AS2,0.045,0,0,0,27.0,9.0,27.0,0.375,0.0,0.1,0.15,0.0,0.0,0.1,0.0,0.05,0.05,0.0,0.0,0.0,0.0,0.0,False,50
LOC102723886,0.045,0,0,0,34.0,4.0,27.77777777777778,0.09090909090909091,0.0,0.25,0.0,0.05,0.0,0.0,0.0,0.0,0.05,0.05,0.05,0.25,0.0,0.0,False,50
ANXA2P3,0.045,0,0,0,28.0,14.0,29.22222222222222,0.3,0.0,0.05,0.35,0.0,0.0,0.05,0.0,0.0,0.0,0.0,0.0,0.05,0.0,0.0,False,50
NRIP3,0.045,0,0,0,30.0,16.0,29.22222222222222,0.6,0.0,0.0,0.05,0.2,0.0,0.2,0.0,0.0,0.0,0.0,0.0,0.0,0.0,0.0,False,50
FAM228A,0.045,0,0,0,30.0,20.0,33.333333333333336,0.08333333333333333,0.0,0.2,0.05,0.05,0.05,0.0,0.1,0.0,0.0,0.0,0.0,0.25,0.05,0.0,False,50
CTTNBP2,0.045,0,0,0,35.0,11.0,33.44444444444444,0.3333333333333333,0.0,0.05,0.15,0.0,0.05,0.15,0.05,0.0,0.0,0.0,0.0,0.0,0.05,0.0,False,50
PDIA4,0.045,0,0,0,42.0,8.0,34.888888888888886,0.8888888888888888,0.05,0.05,0.15,0.0,0.0,0.15,0.0,0.05,0.05,0.0,0.0,0.0,0.0,0.05,False,50
AGXT,0.045,0,0,0,44.0,16.0,36.333333333333336,0.08333333333333333,0.0,0.05,0.0,0.0,0.25,0.0,0.05,0.0,0.0,0.05,0.05,0.0,0.25,0.0,False,50
RBPMS2,0.045,0,0,0,41.0,12.0,38.77777777777778,0.5,0.0,0.0,0.0,0.0,0.0,0.2,0.1,0.1,0.05,0.0,0.0,0.0,0.0,0.0,False,50
BRMS1,0.04,0,0,0,8.0,1.0,6.625,1.0,0.2,0.0,0.0,0.0,0.0,0.0,0.0,0.05,0.05,0.15,0.15,0.0,0.0,0.2,False,50
ABCA1,0.04,0,0,0,13.0,5.0,13.75,1.0,0.0,0.0,0.0,0.0,0.0,0.0,0.0,0.0,0.0,0.2,0.2,0.0,0.0,0.0,False,50
ABCC5,0.04,0,0,0,12.0,6.0,16.375,1.0,0.1,0.0,0.0,0.0,0.0,0.0,0.0,0.0,0.1,0.15,0.15,0.0,0.0,0.1,False,50
ARNT2,0.04,0,0,0,14.0,9.0,17.0,0.9285714285714286,0.5,0.0,0.05,0.0,0.0,0.0,0.0,0.05,0.1,0.1,0.1,0.0,0.0,0.5,False,50
EIF3C,0.04,0,0,0,15.0,13.0,17.5,1.0,0.35,0.0,0.0,0.0,0.0,0.0,0.0,0.05,0.05,0.15,0.15,0.0,0.0,0.35,False,50
FBXO32,0.04,0,0,0,17.5,14.0,17.75,1.0,0.0,0.0,0.0,0.0,0.0,0.0,0.0,0.1,0.1,0.1,0.1,0.0,0.0,0.0,False,50
SMARCA4,0.04,0,0,0,9.5,5.0,18.0,1.0,0.0,0.0,0.0,0.0,0.0,0.0,0.0,0.2,0.2,0.0,0.0,0.0,0.0,0.0,False,50
SLC16A6,0.04,0,0,0,17.5,4.0,22.375,0.7142857142857143,0.0,0.0,0.2,0.05,0.0,0.15,0.0,0.0,0.0,0.0,0.0,0.0,0.0,0.0,False,50
CA4,0.04,0,0,0,21.5,8.0,23.125,0.21428571428571427,0.0,0.05,0.0,0.0,0.05,0.0,0.05,0.15,0.1,0.0,0.0,0.4,0.05,0.0,False,50
ARHGAP20,0.04,0,0,0,33.0,1.0,24.25,0.75,0.0,0.0,0.0,0.05,0.0,0.0,0.1,0.15,0.1,0.0,0.0,0.0,0.05,0.0,False,50
GSTM5,0.04,0,0,0,22.5,7.0,24.375,0.1111111111111111,0.0,0.25,0.15,0.0,0.0,0.0,0.0,0.0,0.0,0.0,0.0,0.5,0.0,0.0,False,50
LRFN5,0.04,0,0,0,28.0,3.0,25.625,0.25,0.0,0.1,0.3,0.0,0.0,0.0,0.0,0.0,0.0,0.0,0.0,0.0,0.0,0.0,False,50
LOC102723845,0.04,0,0,0,29.5,5.0,27.125,0.0,0.0,0.2,0.0,0.1,0.05,0.0,0.05,0.0,0.0,0.0,0.0,0.2,0.05,0.0,False,50
WDR34,0.04,0,0,0,24.5,12.0,27.125,1.0,0.0,0.0,0.0,0.0,0.0,0.0,0.0,0.2,0.2,0.0,0.0,0.0,0.0,0.0,False,50
TM7SF2,0.04,0,0,0,29.5,8.0,28.0,0.0,0.0,0.0,0.2,0.0,0.0,0.2,0.0,0.0,0.0,0.0,0.0,0.0,0.0,0.0,False,50
GPATCH11,0.04,0,0,0,32.0,10.0,30.625,0.6,0.0,0.0,0.0,0.0,0.0,0.2,0.0,0.05,0.15,0.0,0.0,0.0,0.0,0.0,False,50
ANGPT1,0.04,0,0,0,32.0,21.0,33.0,0.14285714285714285,0.0,0.15,0.05,0.1,0.0,0.0,0.05,0.05,0.0,0.0,0.0,0.1,0.0,0.0,False,50
LOC100653086,0.04,0,0,0,36.5,4.0,34.5,0.0,0.0,0.1,0.0,0.1,0.1,0.0,0.1,0.0,0.0,0.0,0.0,0.15,0.1,0.0,False,50
ATP6V0E2-AS1,0.04,0,0,0,32.5,21.0,35.125,0.5,0.0,0.0,0.15,0.0,0.0,0.25,0.0,0.0,0.0,0.0,0.0,0.0,0.0,0.0,False,50
APOL6,0.04,0,0,0,33.0,16.0,35.25,0.5714285714285714,0.0,0.0,0.2,0.05,0.0,0.15,0.0,0.0,0.0,0.0,0.0,0.0,0.0,0.0,False,50
RGS7BP,0.04,0,0,0,41.0,23.0,38.875,0.0,0.0,0.0,0.0,0.0,0.2,0.0,0.2,0.0,0.0,0.0,0.0,0.0,0.2,0.0,False,50
DNMT3A,0.039999999999999994,0,0,0,8.0,3.0,15.25,1.0,0.25,0.0,0.0,0.0,0.0,0.0,0.0,0.15,0.15,0.05,0.05,0.0,0.0,0.25,False,50
LEF1,0.039999999999999994,0,0,0,18.0,5.0,21.875,0.3333333333333333,0.0,0.0,0.25,0.1,0.0,0.05,0.0,0.0,0.0,0.0,0.0,0.0,0.0,0.0,False,50
MAPK10,0.039999999999999994,0,0,0,28.0,1.0,24.125,0.5,0.0,0.0,0.1,0.0,0.0,0.25,0.0,0.05,0.0,0.0,0.0,0.0,0.0,0.0,False,50
AMIGO1,0.039999999999999994,0,0,0,27.5,5.0,28.75,0.5714285714285714,0.0,0.05,0.25,0.05,0.0,0.05,0.0,0.0,0.0,0.0,0.0,0.0,0.0,0.0,False,50
LOC101929726,0.039999999999999994,0,0,0,30.0,18.0,33.0,0.1,0.0,0.0,0.0,0.0,0.2,0.05,0.1,0.05,0.0,0.0,0.0,0.0,0.2,0.0,False,50
GLYCTK,0.035,0,0,0,24.0,8.0,29.714285714285715,0.42857142857142855,0.0,0.05,0.1,0.0,0.0,0.15,0.0,0.05,0.0,0.0,0.0,0.0,0.0,0.0,False,50
PDP2,0.035,0,0,0,28.0,24.0,31.142857142857142,0.8333333333333334,0.0,0.0,0.15,0.0,0.0,0.05,0.0,0.1,0.05,0.0,0.0,0.0,0.0,0.0,False,50
PLCL2,0.034999999999999996,0,0,0,5.0,2.0,12.571428571428571,0.3,0.35,0.0,0.0,0.0,0.0,0.0,0.0,0.15,0.2,0.0,0.0,0.0,0.0,0.35,False,50
ANLN,0.034999999999999996,0,0,0,12.0,5.0,16.857142857142858,1.0,0.0,0.0,0.0,0.0,0.0,0.0,0.0,0.2,0.15,0.0,0.0,0.0,0.0,0.0,False,50
SLC16A7,0.034999999999999996,0,0,0,16.0,4.0,17.142857142857142,1.0,0.0,0.0,0.0,0.0,0.0,0.0,0.0,0.2,0.15,0.0,0.0,0.0,0.0,0.0,False,50
TRMT13,0.034999999999999996,0,0,0,10.0,8.0,18.142857142857142,0.6666666666666666,0.0,0.0,0.2,0.05,0.0,0.1,0.0,0.0,0.0,0.0,0.0,0.0,0.0,0.0,False,50
CCDC15,0.034999999999999996,0,0,0,15.0,2.0,21.285714285714285,0.5,0.0,0.1,0.25,0.0,0.0,0.0,0.0,0.0,0.0,0.0,0.0,0.05,0.0,0.0,False,50
KIAA0907,0.034999999999999996,0,0,0,20.0,14.0,21.571428571428573,1.0,0.15,0.0,0.0,0.0,0.0,0.0,0.0,0.15,0.2,0.0,0.0,0.0,0.0,0.15,False,50
ERVFRD-1,0.034999999999999996,0,0,0,25.0,5.0,21.714285714285715,0.16666666666666666,0.0,0.0,0.0,0.0,0.15,0.0,0.1,0.0,0.0,0.05,0.05,0.0,0.1,0.0,False,50
ALCAM,0.034999999999999996,0,0,0,20.0,7.0,21.857142857142858,0.6,0.0,0.0,0.0,0.05,0.0,0.2,0.0,0.0,0.0,0.05,0.05,0.0,0.0,0.0,False,50
ROGDI,0.034999999999999996,0,0,0,21.0,12.0,22.285714285714285,1.0,0.0,0.0,0.0,0.0,0.0,0.0,0.0,0.2,0.15,0.0,0.0,0.0,0.0,0.0,False,50
LSM6,0.034999999999999996,0,0,0,14.0,10.0,22.428571428571427,0.6666666666666666,0.1,0.0,0.1,0.0,0.0,0.0,0.0,0.05,0.1,0.05,0.05,0.0,0.0,0.1,False,50
SLC44A1,0.034999999999999996,0,0,0,23.0,15.0,23.428571428571427,0.75,0.0,0.0,0.05,0.0,0.0,0.1,0.0,0.05,0.15,0.0,0.0,0.0,0.0,0.0,False,50
IFNLR1,0.034999999999999996,0,0,0,23.0,6.0,24.285714285714285,0.0,0.0,0.0,0.05,0.3,0.0,0.0,0.0,0.0,0.0,0.0,0.0,0.0,0.0,0.0,False,50
LOC101928429,0.034999999999999996,0,0,0,23.0,5.0,25.142857142857142,1.0,0.0,0.0,0.0,0.3,0.05,0.0,0.0,0.0,0.0,0.0,0.0,0.0,0.05,0.0,False,50
LURAP1,0.034999999999999996,0,0,0,27.0,17.0,25.714285714285715,0.1111111111111111,0.0,0.1,0.05,0.0,0.1,0.1,0.0,0.0,0.0,0.0,0.0,0.0,0.1,0.0,False,50
ZAK,0.034999999999999996,0,0,0,25.0,3.0,26.571428571428573,1.0,0.0,0.0,0.05,0.0,0.0,0.0,0.0,0.2,0.1,0.0,0.0,0.0,0.0,0.0,False,50
DCUN1D3,0.034999999999999996,0,0,0,25.0,3.0,27.285714285714285,0.6,0.05,0.05,0.05,0.15,0.0,0.0,0.0,0.1,0.0,0.0,0.0,0.0,0.0,0.05,False,50
NIPSNAP1,0.034999999999999996,0,0,0,28.0,9.0,27.428571428571427,1.0,0.0,0.0,0.0,0.0,0.0,0.0,0.0,0.2,0.15,0.0,0.0,0.0,0.0,0.0,False,50
FOXN3-AS1,0.034999999999999996,0,0,0,34.0,10.0,28.428571428571427,0.5,0.0,0.0,0.25,0.0,0.0,0.0,0.0,0.05,0.05,0.0,0.0,0.0,0.0,0.0,False,50
HS3ST2,0.034999999999999996,0,0,0,32.0,10.0,29.285714285714285,,0.0,0.0,0.0,0.35,0.0,0.0,0.0,0.0,0.0,0.0,0.0,0.0,0.0,0.0,False,50
CPA2,0.034999999999999996,0,0,0,30.0,17.0,29.428571428571427,0.0,0.0,0.0,0.0,0.0,0.2,0.0,0.15,0.0,0.0,0.0,0.0,0.0,0.2,0.0,False,50
LYPD6,0.034999999999999996,0,0,0,28.0,13.0,29.428571428571427,1.0,0.0,0.0,0.0,0.25,0.0,0.1,0.0,0.0,0.0,0.0,0.0,0.0,0.0,0.0,False,50
RORB,0.034999999999999996,0,0,0,25.0,15.0,30.142857142857142,0.0,0.0,0.05,0.05,0.1,0.05,0.05,0.05,0.0,0.0,0.0,0.0,0.05,0.05,0.0,False,50
ASPA,0.034999999999999996,0,0,0,33.0,14.0,32.142857142857146,0.0,0.25,0.15,0.0,0.05,0.05,0.0,0.1,0.0,0.0,0.0,0.0,0.25,0.05,0.25,False,50
FAM124B,0.034999999999999996,0,0,0,38.0,5.0,32.857142857142854,,0.0,0.0,0.0,0.35,0.0,0.0,0.0,0.0,0.0,0.0,0.0,0.0,0.0,0.0,False,50
EXOC7,0.034999999999999996,0,0,0,33.0,14.0,34.142857142857146,1.0,0.0,0.0,0.0,0.0,0.0,0.0,0.0,0.1,0.25,0.0,0.0,0.0,0.0,0.0,False,50
RAB42,0.034999999999999996,0,0,0,35.0,13.0,34.142857142857146,,0.0,0.0,0.0,0.35,0.0,0.0,0.0,0.0,0.0,0.0,0.0,0.0,0.0,0.0,False,50
CGN,0.034999999999999996,0,0,0,37.0,18.0,35.142857142857146,1.0,0.75,0.0,0.0,0.0,0.0,0.0,0.0,0.1,0.25,0.0,0.0,0.0,0.0,0.75,False,50
SPX,0.034999999999999996,0,0,0,34.0,21.0,35.42857142857143,0.0,0.0,0.0,0.0,0.0,0.15,0.0,0.2,0.0,0.0,0.0,0.0,0.05,0.05,0.0,False,50
ZNF124,0.034999999999999996,0,0,0,37.0,19.0,35.857142857142854,0.5,0.0,0.0,0.15,0.15,0.0,0.05,0.0,0.0,0.0,0.0,0.0,0.0,0.0,0.0,False,50
EMX2,0.034999999999999996,0,0,0,37.0,28.0,37.714285714285715,0.0,0.0,0.05,0.0,0.05,0.15,0.0,0.1,0.0,0.0,0.0,0.0,0.0,0.15,0.0,False,50
NPR2,0.034999999999999996,0,0,0,44.0,15.0,38.0,0.2,0.0,0.1,0.0,0.05,0.05,0.0,0.05,0.05,0.05,0.0,0.0,0.0,0.05,0.0,False,50
L3HYPDH,0.034999999999999996,0,0,0,38.0,29.0,38.57142857142857,0.2857142857142857,0.0,0.05,0.0,0.0,0.1,0.0,0.1,0.1,0.0,0.0,0.0,0.0,0.1,0.0,False,50
ADIRF,0.030000000000000006,0,0,0,8.0,5.0,14.166666666666666,1.0,0.0,0.0,0.0,0.0,0.0,0.0,0.0,0.1,0.0,0.1,0.1,0.0,0.0,0.0,False,50
PCDHGA9,0.030000000000000006,0,0,0,12.0,1.0,15.333333333333334,0.0,0.0,0.2,0.0,0.1,0.0,0.0,0.0,0.0,0.0,0.0,0.0,0.25,0.0,0.0,False,50
CNRIP1,0.030000000000000006,0,0,0,8.0,2.0,17.5,0.4444444444444444,0.25,0.0,0.0,0.0,0.0,0.0,0.0,0.2,0.1,0.0,0.0,0.0,0.0,0.25,False,50
LAMA4,0.030000000000000006,0,0,0,12.5,11.0,19.333333333333332,0.8,0.05,0.0,0.0,0.0,0.0,0.0,0.0,0.2,0.1,0.0,0.0,0.0,0.0,0.05,False,50
SPINT2,0.030000000000000006,0,0,0,14.5,3.0,20.666666666666668,1.0,0.0,0.0,0.0,0.0,0.0,0.0,0.0,0.1,0.2,0.0,0.0,0.0,0.0,0.0,False,50
DDX31,0.030000000000000006,0,0,0,23.0,4.0,21.166666666666668,0.5,0.0,0.0,0.1,0.0,0.0,0.0,0.0,0.0,0.0,0.1,0.1,0.0,0.0,0.0,False,50
PPP2R1B,0.030000000000000006,0,0,0,18.5,8.0,21.166666666666668,1.0,0.0,0.0,0.05,0.0,0.0,0.0,0.0,0.15,0.1,0.0,0.0,0.0,0.0,0.0,False,50
CEBPA,0.030000000000000006,0,0,0,21.5,6.0,22.333333333333332,0.8,0.05,0.0,0.0,0.0,0.0,0.0,0.0,0.2,0.1,0.0,0.0,0.0,0.0,0.05,False,50
YTHDF1,0.030000000000000006,0,0,0,20.5,10.0,22.833333333333332,1.0,0.0,0.0,0.0,0.0,0.0,0.0,0.0,0.1,0.2,0.0,0.0,0.0,0.0,0.0,False,50
KIAA0753,0.030000000000000006,0,0,0,26.0,3.0,23.333333333333332,0.6666666666666666,0.0,0.0,0.2,0.0,0.0,0.1,0.0,0.0,0.0,0.0,0.0,0.0,0.0,0.0,False,50
RAI14,0.030000000000000006,0,0,0,17.0,15.0,25.833333333333332,1.0,0.0,0.0,0.0,0.0,0.0,0.0,0.0,0.05,0.05,0.1,0.1,0.0,0.0,0.0,False,50
SH3KBP1,0.030000000000000006,0,0,0,29.0,15.0,29.333333333333332,0.11764705882352941,0.75,0.0,0.0,0.0,0.0,0.0,0.0,0.1,0.2,0.0,0.0,0.0,0.0,0.75,False,50
SPATA9,0.030000000000000006,0,0,0,24.0,21.0,30.666666666666668,0.0,0.0,0.0,0.0,0.0,0.2,0.0,0.1,0.0,0.0,0.0,0.0,0.0,0.2,0.0,False,50
MYO1C,0.030000000000000006,0,0,0,31.5,6.0,32.333333333333336,0.75,0.0,0.0,0.1,0.1,0.0,0.1,0.0,0.0,0.0,0.0,0.0,0.0,0.0,0.0,False,50
LOC389831,0.030000000000000006,0,0,0,35.0,16.0,32.666666666666664,0.6,0.0,0.0,0.05,0.05,0.0,0.2,0.0,0.0,0.0,0.0,0.0,0.0,0.0,0.0,False,50
GRP,0.030000000000000006,0,0,0,34.0,12.0,33.666666666666664,0.2,0.0,0.0,0.1,0.05,0.0,0.15,0.0,0.0,0.0,0.0,0.0,0.0,0.0,0.0,False,50
ITGA1,0.030000000000000006,0,0,0,35.5,21.0,33.833333333333336,1.0,0.0,0.0,0.0,0.0,0.0,0.0,0.0,0.2,0.1,0.0,0.0,0.0,0.0,0.0,False,50
BICDL2,0.030000000000000006,0,0,0,38.0,16.0,34.0,1.0,0.25,0.0,0.0,0.0,0.0,0.0,0.0,0.1,0.2,0.0,0.0,0.0,0.0,0.25,False,50
GPR146,0.030000000000000006,0,0,0,34.5,27.0,34.5,0.8,0.0,0.0,0.0,0.0,0.0,0.0,0.0,0.2,0.1,0.0,0.0,0.05,0.0,0.0,False,50
BSPRY,0.030000000000000006,0,0,0,37.0,26.0,37.166666666666664,0.8333333333333334,0.05,0.0,0.05,0.05,0.0,0.2,0.0,0.0,0.0,0.0,0.0,0.0,0.0,0.05,False,50
FFAR4,0.030000000000000006,0,0,0,39.5,24.0,38.0,0.0,0.0,0.0,0.0,0.05,0.15,0.0,0.1,0.0,0.0,0.0,0.0,0.0,0.15,0.0,False,50
FAM76A,0.030000000000000006,0,0,0,39.5,27.0,38.5,1.0,0.0,0.0,0.0,0.0,0.0,0.0,0.0,0.1,0.2,0.0,0.0,0.0,0.0,0.0,False,50
ADAMTSL3,0.030000000000000006,0,0,0,44.0,37.0,42.833333333333336,0.0,0.0,0.05,0.0,0.0,0.15,0.0,0.1,0.0,0.0,0.0,0.0,0.0,0.15,0.0,False,50
MRAS,0.03,0,0,0,10.5,7.0,11.666666666666666,1.0,0.0,0.0,0.0,0.0,0.0,0.0,0.0,0.15,0.15,0.0,0.0,0.0,0.0,0.0,False,50
AHCY,0.03,0,0,0,12.0,9.0,13.333333333333334,1.0,0.0,0.0,0.0,0.0,0.0,0.0,0.0,0.0,0.0,0.15,0.15,0.0,0.0,0.0,False,50
ABHD15,0.03,0,0,0,17.5,8.0,14.833333333333334,1.0,0.0,0.0,0.0,0.0,0.0,0.0,0.0,0.0,0.0,0.15,0.15,0.0,0.0,0.0,False,50
LINC00667,0.03,0,0,0,15.5,2.0,16.166666666666668,0.4,0.0,0.05,0.2,0.0,0.0,0.0,0.0,0.0,0.05,0.0,0.0,0.0,0.0,0.0,False,50
MSH3,0.03,0,0,0,14.0,6.0,18.666666666666668,0.2,0.0,0.1,0.15,0.05,0.0,0.0,0.0,0.0,0.0,0.0,0.0,0.0,0.0,0.0,False,50
CLK2,0.03,0,0,0,19.5,18.0,19.333333333333332,1.0,0.0,0.0,0.0,0.0,0.0,0.0,0.0,0.0,0.0,0.15,0.15,0.0,0.0,0.0,False,50
FAM169B,0.03,0,0,0,19.5,12.0,19.333333333333332,1.0,0.0,0.0,0.0,0.3,0.0,0.0,0.0,0.0,0.0,0.0,0.0,0.0,0.15,0.0,False,50
SNTA1,0.03,0,0,0,14.0,5.0,20.0,0.25,0.0,0.0,0.15,0.1,0.0,0.05,0.0,0.0,0.0,0.0,0.0,0.0,0.0,0.0,False,50
CADM2,0.03,0,0,0,17.5,7.0,20.333333333333332,0.0,0.0,0.05,0.05,0.05,0.05,0.05,0.05,0.0,0.0,0.0,0.0,0.05,0.05,0.0,False,50
PIGW,0.03,0,0,0,21.0,20.0,21.333333333333332,1.0,0.0,0.0,0.0,0.0,0.0,0.0,0.0,0.0,0.0,0.15,0.15,0.0,0.0,0.0,False,50
SKAP2,0.03,0,0,0,18.5,12.0,21.333333333333332,1.0,0.0,0.0,0.0,0.0,0.0,0.0,0.0,0.05,0.15,0.05,0.05,0.0,0.0,0.0,False,50
LOC101928461,0.03,0,0,0,22.5,10.0,22.333333333333332,0.0,0.0,0.25,0.0,0.05,0.0,0.0,0.0,0.0,0.0,0.0,0.0,0.45,0.0,0.0,False,50
SLAMF9,0.03,0,0,0,22.5,3.0,22.666666666666668,,0.0,0.0,0.0,0.3,0.0,0.0,0.0,0.0,0.0,0.0,0.0,0.0,0.0,0.0,False,50
PDE8B,0.03,0,0,0,23.0,2.0,23.333333333333332,0.5,0.0,0.0,0.15,0.0,0.0,0.15,0.0,0.0,0.0,0.0,0.0,0.0,0.0,0.0,False,50
F8,0.03,0,0,0,23.5,13.0,24.833333333333332,1.0,0.0,0.0,0.0,0.0,0.0,0.0,0.0,0.15,0.15,0.0,0.0,0.0,0.0,0.0,False,50
BMPER,0.03,0,0,0,27.0,11.0,26.666666666666668,0.0,0.0,0.15,0.0,0.05,0.05,0.0,0.05,0.0,0.0,0.0,0.0,0.15,0.05,0.0,False,50
RNF180,0.03,0,0,0,31.0,5.0,27.0,0.8,0.0,0.0,0.05,0.0,0.0,0.05,0.0,0.15,0.05,0.0,0.0,0.0,0.0,0.0,False,50
TSTA3,0.03,0,0,0,28.0,17.0,28.0,1.0,0.2,0.0,0.0,0.0,0.0,0.0,0.0,0.15,0.15,0.0,0.0,0.0,0.0,0.2,False,50
EHD2,0.03,0,0,0,32.0,16.0,28.666666666666668,1.0,0.0,0.0,0.0,0.0,0.0,0.0,0.0,0.15,0.15,0.0,0.0,0.0,0.0,0.0,False,50
EZH1,0.03,0,0,0,29.0,13.0,29.166666666666668,1.0,0.0,0.0,0.0,0.05,0.0,0.0,0.0,0.2,0.05,0.0,0.0,0.0,0.0,0.0,False,50
ANKRD33B,0.03,0,0,0,34.0,9.0,29.333333333333332,0.0,0.0,0.05,0.1,0.1,0.0,0.0,0.0,0.0,0.05,0.0,0.0,0.15,0.0,0.0,False,50
FOXO6,0.03,0,0,0,28.5,11.0,29.333333333333332,1.0,0.2,0.0,0.0,0.0,0.0,0.0,0.0,0.1,0.1,0.05,0.05,0.0,0.0,0.2,False,50
SFRP5,0.03,0,0,0,29.0,12.0,29.333333333333332,0.0,0.0,0.1,0.15,0.05,0.0,0.0,0.0,0.0,0.0,0.0,0.0,0.05,0.0,0.0,False,50
LOC401052,0.03,0,0,0,32.5,14.0,30.0,0.6666666666666666,0.05,0.0,0.2,0.0,0.0,0.05,0.0,0.0,0.05,0.0,0.0,0.0,0.0,0.05,False,50
ID2-AS1,0.03,0,0,0,30.5,11.0,30.333333333333332,0.2,0.0,0.0,0.2,0.05,0.0,0.05,0.0,0.0,0.0,0.0,0.0,0.0,0.0,0.0,False,50
MBNL1,0.03,0,0,0,29.5,12.0,30.666666666666668,0.5,0.15,0.0,0.0,0.0,0.0,0.0,0.0,0.15,0.15,0.0,0.0,0.0,0.0,0.15,False,50
PARK2,0.03,0,0,0,34.5,10.0,30.666666666666668,0.0,0.0,0.1,0.0,0.15,0.05,0.0,0.0,0.0,0.0,0.0,0.0,0.05,0.05,0.0,False,50
MYOM1,0.03,0,0,0,35.0,6.0,31.0,0.2857142857142857,0.0,0.15,0.05,0.05,0.0,0.0,0.0,0.05,0.0,0.0,0.0,0.1,0.0,0.0,False,50
POLR2H,0.03,0,0,0,33.0,15.0,32.166666666666664,1.0,0.0,0.0,0.0,0.0,0.0,0.0,0.0,0.05,0.25,0.0,0.0,0.0,0.0,0.0,False,50
PTH1R,0.03,0,0,0,35.0,28.0,35.333333333333336,0.0,0.0,0.15,0.0,0.05,0.05,0.0,0.05,0.0,0.0,0.0,0.0,0.1,0.05,0.0,False,50
PEBP4,0.03,0,0,0,39.0,20.0,35.833333333333336,,0.0,0.0,0.0,0.3,0.0,0.0,0.0,0.0,0.0,0.0,0.0,0.0,0.0,0.0,False,50
GNAI1,0.025,0,0,0,8.0,2.0,9.8,0.75,0.05,0.0,0.0,0.0,0.0,0.0,0.0,0.15,0.1,0.0,0.0,0.0,0.0,0.05,False,50
PGM2L1,0.025,0,0,0,9.0,2.0,13.4,1.0,0.0,0.0,0.0,0.05,0.0,0.0,0.0,0.05,0.05,0.05,0.05,0.0,0.0,0.0,False,50
RUSC1-AS1,0.025,0,0,0,7.0,3.0,13.8,1.0,0.0,0.0,0.0,0.0,0.0,0.0,0.0,0.1,0.15,0.0,0.0,0.0,0.0,0.0,False,50
PCOLCE2,0.025,0,0,0,12.0,6.0,14.8,0.6,0.1,0.0,0.0,0.0,0.0,0.0,0.0,0.15,0.1,0.0,0.0,0.0,0.0,0.1,False,50
ESRP1,0.025,0,0,0,10.0,8.0,15.2,1.0,0.0,0.0,0.0,0.0,0.0,0.0,0.0,0.05,0.1,0.05,0.05,0.0,0.0,0.0,False,50
SCRN2,0.025,0,0,0,10.0,3.0,16.8,1.0,0.0,0.0,0.0,0.0,0.0,0.0,0.0,0.15,0.1,0.0,0.0,0.0,0.0,0.0,False,50
USP43,0.025,0,0,0,16.0,7.0,17.0,0.3333333333333333,0.0,0.0,0.0,0.1,0.0,0.15,0.0,0.0,0.0,0.0,0.0,0.0,0.0,0.0,False,50
PTPRM,0.025,0,0,0,18.0,5.0,17.2,1.0,0.0,0.0,0.0,0.0,0.0,0.0,0.0,0.15,0.1,0.0,0.0,0.0,0.0,0.0,False,50
ALDH1L1-AS2,0.025,0,0,0,9.0,8.0,17.4,0.6666666666666666,0.0,0.0,0.0,0.0,0.0,0.05,0.0,0.0,0.0,0.1,0.1,0.0,0.0,0.0,False,50
C10orf2,0.025,0,0,0,19.0,9.0,17.4,0.875,0.25,0.0,0.05,0.0,0.0,0.0,0.0,0.0,0.0,0.1,0.1,0.0,0.0,0.25,False,50
CMA1,0.025,0,0,0,13.0,10.0,17.6,1.0,0.0,0.0,0.0,0.0,0.0,0.0,0.0,0.05,0.1,0.05,0.05,0.0,0.0,0.0,False,50
ALDOC,0.025,0,0,0,20.0,12.0,17.8,0.75,0.0,0.0,0.05,0.0,0.0,0.0,0.0,0.1,0.0,0.05,0.05,0.0,0.0,0.0,False,50
ANKRD10-IT1,0.025,0,0,0,17.0,14.0,18.0,0.6666666666666666,0.0,0.0,0.05,0.0,0.0,0.0,0.0,0.05,0.05,0.05,0.05,0.0,0.0,0.0,False,50
MICAL2,0.025,0,0,0,20.0,4.0,18.4,1.0,0.0,0.0,0.0,0.0,0.0,0.0,0.0,0.1,0.15,0.0,0.0,0.0,0.0,0.0,False,50
RHOT2,0.025,0,0,0,15.0,14.0,18.4,1.0,0.05,0.0,0.0,0.0,0.0,0.0,0.0,0.05,0.1,0.05,0.05,0.0,0.0,0.05,False,50
SLC52A2,0.025,0,0,0,21.0,5.0,18.8,1.0,0.0,0.0,0.0,0.0,0.0,0.0,0.0,0.05,0.1,0.05,0.05,0.0,0.0,0.0,False,50
AKR1C3,0.025,0,0,0,19.0,15.0,19.4,1.0,0.0,0.0,0.0,0.0,0.0,0.0,0.0,0.1,0.05,0.05,0.05,0.0,0.0,0.0,False,50
KIF26B,0.025,0,0,0,26.0,1.0,19.4,0.75,0.2,0.05,0.15,0.05,0.0,0.0,0.0,0.0,0.0,0.0,0.0,0.0,0.0,0.2,False,50
SIGLEC9,0.025,0,0,0,18.0,7.0,20.0,,0.0,0.0,0.0,0.25,0.0,0.0,0.0,0.0,0.0,0.0,0.0,0.0,0.0,0.0,False,50
TEF,0.025,0,0,0,15.0,5.0,20.6,0.5,0.0,0.0,0.05,0.05,0.0,0.15,0.0,0.0,0.0,0.0,0.0,0.0,0.0,0.0,False,50
TLN2,0.025,0,0,0,10.0,7.0,21.0,0.4,0.0,0.0,0.0,0.0,0.05,0.05,0.0,0.1,0.05,0.0,0.0,0.0,0.05,0.0,False,50
ECM2,0.025,0,0,0,18.0,15.0,21.8,0.6,0.1,0.0,0.0,0.0,0.0,0.0,0.0,0.15,0.1,0.0,0.0,0.0,0.0,0.1,False,50
STMN2,0.025,0,0,0,22.0,8.0,21.8,1.0,0.0,0.0,0.0,0.25,0.0,0.0,0.0,0.0,0.0,0.0,0.0,0.0,0.05,0.0,False,50
SUGT1P3,0.025,0,0,0,20.0,5.0,21.8,,0.0,0.0,0.0,0.25,0.0,0.0,0.0,0.0,0.0,0.0,0.0,0.0,0.0,0.0,False,50
DGAT1,0.025,0,0,0,20.0,7.0,22.2,1.0,0.0,0.0,0.1,0.05,0.0,0.1,0.0,0.0,0.0,0.0,0.0,0.0,0.0,0.0,False,50
WISP2,0.025,0,0,0,20.0,15.0,22.6,1.0,0.0,0.0,0.0,0.0,0.0,0.0,0.0,0.15,0.1,0.0,0.0,0.0,0.0,0.0,False,50
CBX4,0.025,0,0,0,23.0,10.0,22.8,1.0,0.15,0.0,0.0,0.0,0.0,0.0,0.0,0.1,0.15,0.0,0.0,0.0,0.0,0.15,False,50
GKAP1,0.025,0,0,0,30.0,7.0,23.0,1.0,0.0,0.0,0.0,0.0,0.0,0.0,0.0,0.15,0.1,0.0,0.0,0.0,0.0,0.0,False,50
CKAP4,0.025,0,0,0,19.0,10.0,23.4,1.0,0.0,0.0,0.0,0.0,0.0,0.0,0.0,0.1,0.15,0.0,0.0,0.0,0.0,0.0,False,50
NPR3,0.025,0,0,0,18.0,13.0,23.8,0.4,0.0,0.05,0.05,0.0,0.0,0.15,0.0,0.0,0.0,0.0,0.0,0.0,0.0,0.0,False,50
WNT11,0.025,0,0,0,26.0,11.0,24.4,1.0,0.0,0.0,0.15,0.0,0.0,0.1,0.0,0.0,0.0,0.0,0.0,0.0,0.0,0.0,False,50
DNASE1L3,0.025,0,0,0,24.0,14.0,24.6,0.125,0.35,0.0,0.0,0.0,0.0,0.0,0.0,0.05,0.2,0.0,0.0,0.0,0.0,0.35,False,50
C14orf180,0.025,0,0,0,21.0,8.0,24.8,0.5,0.05,0.05,0.0,0.0,0.0,0.0,0.0,0.15,0.05,0.0,0.0,0.05,0.0,0.05,False,50
ISCU,0.025,0,0,0,26.0,17.0,25.6,1.0,0.0,0.0,0.0,0.0,0.0,0.0,0.0,0.15,0.1,0.0,0.0,0.0,0.0,0.0,False,50
SPRNP1,0.025,0,0,0,22.0,4.0,26.0,1.0,0.0,0.0,0.0,0.25,0.0,0.0,0.0,0.0,0.0,0.0,0.0,0.0,0.05,0.0,False,50
AGPAT2,0.025,0,0,0,26.0,23.0,26.2,1.0,0.0,0.0,0.0,0.05,0.0,0.0,0.0,0.15,0.05,0.0,0.0,0.0,0.0,0.0,False,50
ADHFE1,0.025,0,0,0,24.0,15.0,26.4,0.6,0.0,0.0,0.1,0.0,0.0,0.15,0.0,0.0,0.0,0.0,0.0,0.0,0.0,0.0,False,50
HCN2,0.025,0,0,0,25.0,17.0,27.0,,0.0,0.0,0.0,0.25,0.0,0.0,0.0,0.0,0.0,0.0,0.0,0.0,0.0,0.0,False,50
RUNDC3B,0.025,0,0,0,22.0,21.0,27.4,1.0,0.0,0.0,0.0,0.0,0.0,0.0,0.0,0.0,0.05,0.1,0.1,0.0,0.0,0.0,False,50
MGST1,0.025,0,0,0,36.0,12.0,28.0,1.0,0.0,0.0,0.0,0.0,0.0,0.0,0.0,0.15,0.1,0.0,0.0,0.0,0.0,0.0,False,50
ATP1A2,0.025,0,0,0,22.0,21.0,28.2,0.6666666666666666,0.1,0.0,0.05,0.0,0.0,0.0,0.0,0.15,0.05,0.0,0.0,0.0,0.0,0.1,False,50
NUDT7,0.025,0,0,0,21.0,7.0,28.2,0.75,0.0,0.0,0.2,0.0,0.0,0.0,0.0,0.0,0.05,0.0,0.0,0.0,0.0,0.0,False,50
CCDC85C,0.025,0,0,0,33.0,17.0,28.6,1.0,0.0,0.0,0.0,0.0,0.0,0.0,0.0,0.05,0.2,0.0,0.0,0.0,0.0,0.0,False,50
DIRC3,0.025,0,0,0,25.0,16.0,29.0,0.2857142857142857,0.0,0.1,0.1,0.05,0.0,0.0,0.0,0.0,0.0,0.0,0.0,0.15,0.0,0.0,False,50
LOC105378419,0.025,0,0,0,40.0,3.0,29.0,0.0,0.0,0.15,0.0,0.1,0.0,0.0,0.0,0.0,0.0,0.0,0.0,0.05,0.0,0.0,False,50
NTS,0.025,0,0,0,35.0,4.0,29.6,0.16666666666666666,0.0,0.15,0.05,0.05,0.0,0.0,0.0,0.0,0.0,0.0,0.0,0.1,0.0,0.0,False,50
THRSP,0.025,0,0,0,33.0,20.0,29.6,0.6,0.05,0.0,0.05,0.0,0.0,0.0,0.0,0.15,0.05,0.0,0.0,0.0,0.0,0.05,False,50
SLC25A51,0.025,0,0,0,30.0,16.0,29.8,0.6666666666666666,0.0,0.0,0.05,0.0,0.0,0.05,0.0,0.0,0.05,0.05,0.05,0.0,0.0,0.0,False,50
UPK3B,0.025,0,0,0,30.0,18.0,30.0,0.0,0.0,0.0,0.0,0.25,0.0,0.0,0.0,0.0,0.0,0.0,0.0,0.0,0.1,0.0,False,50
SCN4A,0.025,0,0,0,30.0,26.0,31.0,0.0,0.0,0.2,0.05,0.0,0.0,0.0,0.0,0.0,0.0,0.0,0.0,0.15,0.0,0.0,False,50
BHMT2,0.025,0,0,0,31.0,26.0,31.6,0.25,0.0,0.05,0.0,0.05,0.05,0.05,0.05,0.0,0.0,0.0,0.0,0.0,0.05,0.0,False,50
GYG2,0.025,0,0,0,31.0,27.0,31.8,0.6,0.1,0.0,0.0,0.0,0.0,0.0,0.0,0.15,0.1,0.0,0.0,0.0,0.0,0.1,False,50
PCK1,0.025,0,0,0,33.0,17.0,31.8,0.3333333333333333,0.25,0.0,0.0,0.0,0.0,0.0,0.1,0.15,0.0,0.0,0.0,0.05,0.0,0.25,False,50
LOC728730,0.025,0,0,0,40.0,2.0,32.0,0.2,0.0,0.05,0.1,0.0,0.0,0.1,0.0,0.0,0.0,0.0,0.0,0.0,0.0,0.0,False,50
MAP3K1,0.025,0,0,0,32.0,22.0,32.2,1.0,0.0,0.0,0.05,0.2,0.0,0.0,0.0,0.0,0.0,0.0,0.0,0.0,0.0,0.0,False,50
ZFYVE9,0.025,0,0,0,32.0,26.0,33.2,1.0,0.0,0.0,0.1,0.1,0.0,0.05,0.0,0.0,0.0,0.0,0.0,0.0,0.0,0.0,False,50
CCDC3,0.025,0,0,0,30.0,29.0,34.0,1.0,0.0,0.0,0.05,0.0,0.0,0.0,0.0,0.1,0.1,0.0,0.0,0.0,0.0,0.0,False,50
AIFM2,0.025,0,0,0,33.0,14.0,34.4,0.25,0.0,0.05,0.1,0.05,0.0,0.05,0.0,0.0,0.0,0.0,0.0,0.0,0.0,0.0,False,50
GPBAR1,0.025,0,0,0,39.0,13.0,34.6,0.2,0.0,0.0,0.0,0.0,0.1,0.0,0.05,0.05,0.05,0.0,0.0,0.0,0.1,0.0,False,50
LOC100289361,0.025,0,0,0,40.0,6.0,35.2,0.6,0.0,0.05,0.1,0.0,0.0,0.1,0.0,0.0,0.0,0.0,0.0,0.0,0.0,0.0,False,50
TOP1MT,0.025,0,0,0,33.0,31.0,35.4,1.0,0.6,0.0,0.0,0.0,0.0,0.0,0.0,0.05,0.2,0.0,0.0,0.0,0.0,0.6,False,50
TUSC5,0.025,0,0,0,37.0,23.0,35.8,0.3,0.25,0.05,0.0,0.05,0.0,0.0,0.0,0.15,0.0,0.0,0.0,0.05,0.0,0.25,False,50
MRPL2,0.025,0,0,0,38.0,22.0,36.0,0.0,0.0,0.0,0.15,0.1,0.0,0.0,0.0,0.0,0.0,0.0,0.0,0.0,0.0,0.0,False,50
LMNB2,0.025,0,0,0,38.0,21.0,37.2,1.0,0.0,0.0,0.0,0.0,0.0,0.0,0.0,0.05,0.2,0.0,0.0,0.0,0.0,0.0,False,50
GHR,0.025,0,0,0,36.0,34.0,40.0,0.75,0.0,0.0,0.1,0.0,0.0,0.0,0.0,0.1,0.05,0.0,0.0,0.0,0.0,0.0,False,50
TPD52,0.025,0,0,0,39.0,32.0,40.8,1.0,0.0,0.05,0.05,0.0,0.0,0.1,0.0,0.05,0.0,0.0,0.0,0.0,0.0,0.0,False,50
LIPE-AS1,0.025,0,0,0,41.0,37.0,41.0,0.3333333333333333,0.0,0.0,0.0,0.0,0.05,0.0,0.05,0.05,0.1,0.0,0.0,0.0,0.05,0.0,False,50
NDN,0.025,0,0,0,41.0,35.0,41.0,1.0,0.0,0.0,0.0,0.0,0.0,0.0,0.0,0.2,0.05,0.0,0.0,0.0,0.0,0.0,False,50
TNMD,0.025,0,0,0,42.0,36.0,41.4,0.0,0.0,0.05,0.0,0.0,0.1,0.0,0.1,0.0,0.0,0.0,0.0,0.0,0.0,0.0,False,50
FLJ37786,0.025,0,0,0,46.0,26.0,41.8,0.4,0.0,0.0,0.0,0.05,0.1,0.1,0.0,0.0,0.0,0.0,0.0,0.0,0.05,0.0,False,50
EMX2OS,0.025,0,0,0,43.0,31.0,42.2,0.0,0.0,0.0,0.1,0.0,0.0,0.15,0.0,0.0,0.0,0.0,0.0,0.0,0.0,0.0,False,50
ANGPTL2,0.02,0,0,0,6.5,5.0,6.25,1.0,0.0,0.0,0.0,0.0,0.0,0.0,0.0,0.1,0.1,0.0,0.0,0.0,0.0,0.0,False,50
AAED1,0.02,0,0,0,8.0,7.0,8.5,1.0,0.0,0.0,0.0,0.0,0.0,0.0,0.0,0.0,0.0,0.1,0.1,0.0,0.0,0.0,False,50
DTX1,0.02,0,0,0,8.5,7.0,8.75,1.0,0.0,0.0,0.0,0.0,0.0,0.0,0.0,0.1,0.1,0.0,0.0,0.0,0.0,0.0,False,50
SLC12A7,0.02,0,0,0,9.0,1.0,11.75,1.0,0.0,0.0,0.0,0.0,0.0,0.0,0.0,0.1,0.1,0.0,0.0,0.0,0.0,0.0,False,50
AFAP1L1,0.02,0,0,0,13.5,9.0,12.5,0.4,0.05,0.0,0.0,0.0,0.0,0.0,0.0,0.05,0.05,0.05,0.05,0.1,0.0,0.05,False,50
ANK2,0.02,0,0,0,11.5,9.0,13.0,1.0,0.0,0.0,0.05,0.0,0.0,0.0,0.0,0.1,0.05,0.0,0.0,0.0,0.0,0.0,False,50
TET3,0.02,0,0,0,11.0,3.0,13.0,1.0,0.25,0.0,0.0,0.0,0.0,0.0,0.0,0.1,0.1,0.0,0.0,0.0,0.0,0.25,False,50
FCN2,0.02,0,0,0,13.5,1.0,13.25,0.5,0.0,0.05,0.05,0.0,0.0,0.0,0.0,0.0,0.0,0.05,0.05,0.05,0.0,0.0,False,50
ITGA7,0.02,0,0,0,12.5,11.0,13.5,0.4,0.15,0.0,0.0,0.0,0.0,0.0,0.0,0.1,0.1,0.0,0.0,0.0,0.0,0.15,False,50
PPP1R26-AS1,0.02,0,0,0,12.0,11.0,13.5,1.0,0.0,0.0,0.0,0.0,0.0,0.0,0.0,0.1,0.1,0.0,0.0,0.0,0.0,0.0,False,50
WDR6,0.02,0,0,0,15.0,7.0,14.25,1.0,0.1,0.0,0.0,0.0,0.0,0.0,0.0,0.05,0.05,0.05,0.05,0.0,0.0,0.1,False,50
LINC00665,0.02,0,0,0,14.5,13.0,14.75,1.0,0.1,0.0,0.0,0.0,0.0,0.0,0.0,0.05,0.05,0.05,0.05,0.0,0.0,0.1,False,50
LAMP5,0.02,0,0,0,11.5,4.0,15.25,0.6666666666666666,0.0,0.0,0.05,0.05,0.0,0.1,0.0,0.0,0.0,0.0,0.0,0.0,0.0,0.0,False,50
CCNE2,0.02,0,0,0,16.0,15.0,15.75,1.0,0.0,0.0,0.0,0.0,0.0,0.0,0.0,0.0,0.0,0.1,0.1,0.0,0.0,0.0,False,50
FOXO1,0.02,0,0,0,15.0,1.0,15.75,0.16666666666666666,0.25,0.0,0.0,0.0,0.0,0.0,0.0,0.05,0.15,0.0,0.0,0.0,0.0,0.25,False,50
CLMP,0.02,0,0,0,14.5,2.0,16.25,1.0,0.0,0.0,0.0,0.0,0.0,0.0,0.0,0.1,0.1,0.0,0.0,0.0,0.0,0.0,False,50
ZNF692,0.02,0,0,0,17.5,11.0,16.5,1.0,0.3,0.0,0.0,0.0,0.0,0.0,0.0,0.1,0.1,0.0,0.0,0.0,0.0,0.3,False,50
PLPP3,0.02,0,0,0,11.0,1.0,17.25,1.0,0.0,0.0,0.0,0.0,0.0,0.0,0.0,0.15,0.05,0.0,0.0,0.0,0.0,0.0,False,50
PRICKLE2,0.02,0,0,0,17.5,13.0,17.25,1.0,0.0,0.0,0.0,0.0,0.0,0.0,0.0,0.1,0.1,0.0,0.0,0.0,0.0,0.0,False,50
ZNF764,0.02,0,0,0,18.5,12.0,17.25,1.0,0.0,0.0,0.0,0.0,0.0,0.0,0.0,0.05,0.05,0.05,0.05,0.0,0.0,0.0,False,50
APIP,0.02,0,0,0,17.5,16.0,17.5,1.0,0.0,0.0,0.0,0.0,0.0,0.0,0.0,0.0,0.0,0.1,0.1,0.0,0.0,0.0,False,50
IRF2BP2,0.02,0,0,0,18.0,2.0,17.5,1.0,0.0,0.0,0.1,0.05,0.0,0.05,0.0,0.0,0.0,0.0,0.0,0.0,0.0,0.0,False,50
CDKN2C,0.02,0,0,0,13.0,11.0,17.75,1.0,0.0,0.0,0.0,0.0,0.0,0.0,0.0,0.15,0.05,0.0,0.0,0.0,0.0,0.0,False,50
HAPLN4,0.02,0,0,0,16.5,10.0,18.0,,0.0,0.0,0.0,0.2,0.0,0.0,0.0,0.0,0.0,0.0,0.0,0.0,0.0,0.0,False,50
EML5,0.02,0,0,0,12.5,6.0,18.25,1.0,0.0,0.0,0.0,0.1,0.05,0.05,0.0,0.0,0.0,0.0,0.0,0.0,0.05,0.0,False,50
ITIH5,0.02,0,0,0,16.5,3.0,18.25,0.3333333333333333,0.2,0.0,0.0,0.0,0.0,0.0,0.0,0.1,0.1,0.0,0.0,0.0,0.0,0.2,False,50
ANKRD35,0.02,0,0,0,16.0,7.0,18.5,1.0,0.0,0.0,0.0,0.0,0.0,0.0,0.0,0.0,0.1,0.05,0.05,0.0,0.0,0.0,False,50
MFSD6,0.02,0,0,0,18.5,15.0,18.5,1.0,0.0,0.0,0.0,0.0,0.0,0.0,0.0,0.0,0.0,0.1,0.1,0.0,0.0,0.0,False,50
PHACTR4,0.02,0,0,0,19.5,10.0,18.5,0.5,0.0,0.0,0.05,0.05,0.0,0.0,0.0,0.0,0.0,0.05,0.05,0.0,0.0,0.0,False,50
HADH,0.02,0,0,0,17.0,7.0,19.25,0.6666666666666666,0.0,0.0,0.05,0.0,0.0,0.0,0.0,0.1,0.05,0.0,0.0,0.0,0.0,0.0,False,50
LINC00900,0.02,0,0,0,18.5,13.0,19.75,,0.0,0.0,0.0,0.2,0.0,0.0,0.0,0.0,0.0,0.0,0.0,0.0,0.0,0.0,False,50
CDC14B,0.02,0,0,0,17.0,12.0,20.75,1.0,0.0,0.0,0.0,0.0,0.0,0.0,0.0,0.1,0.0,0.05,0.05,0.0,0.0,0.0,False,50
PFKFB4,0.02,0,0,0,22.5,15.0,21.25,1.0,0.4,0.0,0.0,0.0,0.0,0.0,0.0,0.15,0.05,0.0,0.0,0.0,0.0,0.4,False,50
PPARG,0.02,0,0,0,16.5,5.0,21.25,0.375,0.25,0.0,0.05,0.0,0.0,0.0,0.0,0.1,0.05,0.0,0.0,0.0,0.0,0.25,False,50
SNX3,0.02,0,0,0,16.5,3.0,21.5,1.0,0.0,0.0,0.0,0.0,0.0,0.0,0.0,0.05,0.15,0.0,0.0,0.0,0.0,0.0,False,50
FERMT2,0.02,0,0,0,21.5,10.0,22.0,0.6666666666666666,0.05,0.0,0.0,0.0,0.0,0.0,0.0,0.1,0.1,0.0,0.0,0.0,0.0,0.05,False,50
LOC101928731,0.02,0,0,0,22.5,2.0,22.25,1.0,0.0,0.0,0.0,0.15,0.05,0.0,0.0,0.0,0.0,0.0,0.0,0.0,0.05,0.0,False,50
CNIH3,0.02,0,0,0,25.5,1.0,22.5,,0.0,0.0,0.0,0.2,0.0,0.0,0.0,0.0,0.0,0.0,0.0,0.0,0.0,0.0,False,50
FAM110A,0.02,0,0,0,22.0,12.0,22.5,1.0,0.0,0.0,0.0,0.0,0.0,0.0,0.0,0.05,0.15,0.0,0.0,0.0,0.0,0.0,False,50
LOC101060553,0.02,0,0,0,23.0,12.0,22.5,0.0,0.0,0.15,0.0,0.05,0.0,0.0,0.0,0.0,0.0,0.0,0.0,0.05,0.0,0.0,False,50
PPP1R1A,0.02,0,0,0,22.0,14.0,22.5,0.6,0.1,0.0,0.0,0.0,0.0,0.0,0.0,0.15,0.05,0.0,0.0,0.0,0.0,0.1,False,50
MANEAL,0.02,0,0,0,22.5,22.0,23.0,1.0,0.0,0.0,0.0,0.0,0.0,0.0,0.0,0.0,0.0,0.1,0.1,0.0,0.0,0.0,False,50
CHML,0.02,0,0,0,19.0,12.0,23.25,1.0,0.0,0.0,0.0,0.0,0.0,0.0,0.0,0.05,0.15,0.0,0.0,0.0,0.0,0.0,False,50
DIAPH2,0.02,0,0,0,24.0,19.0,23.25,1.0,0.0,0.0,0.0,0.0,0.0,0.0,0.0,0.1,0.1,0.0,0.0,0.0,0.0,0.0,False,50
IQCH,0.02,0,0,0,21.5,11.0,23.5,,0.0,0.0,0.0,0.2,0.0,0.0,0.0,0.0,0.0,0.0,0.0,0.0,0.0,0.0,False,50
CCDC69,0.02,0,0,0,21.0,8.0,24.25,1.0,0.0,0.0,0.0,0.0,0.0,0.0,0.0,0.1,0.1,0.0,0.0,0.0,0.0,0.0,False,50
MSI2,0.02,0,0,0,23.5,3.0,24.5,0.5,0.0,0.0,0.1,0.0,0.0,0.1,0.0,0.0,0.0,0.0,0.0,0.0,0.0,0.0,False,50
TMC4,0.02,0,0,0,23.5,10.0,24.75,1.0,0.0,0.0,0.0,0.0,0.0,0.0,0.0,0.05,0.15,0.0,0.0,0.0,0.0,0.0,False,50
WNT9B,0.02,0,0,0,26.5,2.0,24.75,0.0,0.0,0.15,0.0,0.05,0.0,0.0,0.0,0.0,0.0,0.0,0.0,0.1,0.0,0.0,False,50
CNNM4,0.02,0,0,0,24.0,11.0,25.25,1.0,0.0,0.0,0.0,0.0,0.0,0.0,0.0,0.05,0.15,0.0,0.0,0.0,0.0,0.0,False,50
ALPK3,0.02,0,0,0,24.0,19.0,25.5,0.3333333333333333,0.0,0.0,0.0,0.0,0.05,0.0,0.05,0.0,0.0,0.05,0.05,0.0,0.05,0.0,False,50
DNAH17,0.02,0,0,0,23.5,12.0,25.75,0.0,0.0,0.2,0.0,0.0,0.0,0.0,0.0,0.0,0.0,0.0,0.0,0.25,0.0,0.0,False,50
SLC6A6,0.02,0,0,0,27.0,18.0,25.75,0.25,0.0,0.0,0.15,0.0,0.0,0.05,0.0,0.0,0.0,0.0,0.0,0.0,0.0,0.0,False,50
HPGD,0.02,0,0,0,22.0,15.0,26.25,0.14285714285714285,0.0,0.15,0.05,0.0,0.0,0.0,0.0,0.0,0.0,0.0,0.0,0.15,0.0,0.0,False,50
COPG2IT1,0.02,0,0,0,24.5,14.0,27.0,1.0,0.0,0.0,0.0,0.0,0.0,0.0,0.0,0.15,0.05,0.0,0.0,0.0,0.0,0.0,False,50
ACER2,0.02,0,0,0,24.5,13.0,27.25,0.5,0.0,0.0,0.0,0.05,0.0,0.05,0.0,0.0,0.0,0.05,0.05,0.0,0.0,0.0,False,50
ADAM10,0.02,0,0,0,26.5,21.0,27.25,1.0,0.0,0.0,0.05,0.05,0.0,0.0,0.0,0.0,0.0,0.05,0.05,0.0,0.0,0.0,False,50
CHURC1,0.02,0,0,0,32.0,6.0,27.25,0.3333333333333333,0.0,0.0,0.15,0.0,0.0,0.0,0.0,0.0,0.05,0.0,0.0,0.0,0.0,0.0,False,50
TSPAN13,0.02,0,0,0,23.5,15.0,27.25,1.0,0.15,0.0,0.0,0.05,0.0,0.0,0.0,0.05,0.1,0.0,0.0,0.0,0.0,0.15,False,50
AKR1D1,0.02,0,0,0,27.0,9.0,27.5,0.0,0.0,0.15,0.0,0.05,0.0,0.0,0.0,0.0,0.0,0.0,0.0,0.4,0.0,0.0,False,50
RUSC1,0.02,0,0,0,25.0,19.0,27.75,1.0,0.0,0.0,0.0,0.0,0.0,0.0,0.0,0.05,0.05,0.05,0.05,0.0,0.0,0.0,False,50
SLC25A33,0.02,0,0,0,32.0,4.0,28.0,0.75,0.0,0.0,0.15,0.0,0.0,0.05,0.0,0.0,0.0,0.0,0.0,0.0,0.0,0.0,False,50
STK11IP,0.02,0,0,0,29.0,9.0,28.0,0.3333333333333333,0.0,0.0,0.15,0.05,0.0,0.0,0.0,0.0,0.0,0.0,0.0,0.0,0.0,0.0,False,50
PDE3B,0.02,0,0,0,26.5,21.0,28.25,0.75,0.05,0.0,0.05,0.0,0.0,0.0,0.0,0.1,0.05,0.0,0.0,0.0,0.0,0.05,False,50
ZNF780B,0.02,0,0,0,27.5,12.0,28.25,0.5,0.0,0.0,0.1,0.1,0.0,0.0,0.0,0.0,0.0,0.0,0.0,0.0,0.0,0.0,False,50
PC,0.02,0,0,0,33.5,7.0,28.5,0.5,0.1,0.0,0.0,0.05,0.0,0.0,0.0,0.1,0.05,0.0,0.0,0.0,0.0,0.1,False,50
SNTB2,0.02,0,0,0,31.0,9.0,28.5,1.0,0.0,0.0,0.0,0.0,0.0,0.0,0.0,0.1,0.1,0.0,0.0,0.0,0.0,0.0,False,50
LOC158402,0.02,0,0,0,28.0,16.0,28.75,0.0,0.0,0.0,0.0,0.15,0.0,0.05,0.0,0.0,0.0,0.0,0.0,0.0,0.0,0.0,False,50
CCL13,0.02,0,0,0,29.5,26.0,29.25,0.5,0.0,0.0,0.0,0.0,0.0,0.2,0.0,0.0,0.0,0.0,0.0,0.0,0.0,0.0,False,50
COBLL1,0.02,0,0,0,33.0,14.0,30.0,0.75,0.0,0.0,0.1,0.0,0.0,0.0,0.0,0.1,0.0,0.0,0.0,0.0,0.0,0.0,False,50
GDF5,0.02,0,0,0,31.5,9.0,30.25,0.75,0.0,0.0,0.15,0.0,0.0,0.05,0.0,0.0,0.0,0.0,0.0,0.0,0.0,0.0,False,50
ACSL1,0.02,0,0,0,25.0,22.0,30.5,1.0,0.0,0.0,0.0,0.0,0.0,0.0,0.0,0.1,0.1,0.0,0.0,0.0,0.0,0.0,False,50
SUCLG1,0.02,0,0,0,32.0,14.0,30.75,0.0,0.0,0.0,0.1,0.0,0.0,0.05,0.0,0.0,0.05,0.0,0.0,0.0,0.0,0.0,False,50
CDS1,0.02,0,0,0,29.5,25.0,31.0,1.0,0.0,0.0,0.0,0.0,0.0,0.0,0.0,0.05,0.15,0.0,0.0,0.0,0.0,0.0,False,50
LCNL1,0.02,0,0,0,31.5,26.0,31.0,0.0,0.0,0.15,0.0,0.05,0.0,0.0,0.0,0.0,0.0,0.0,0.0,0.1,0.0,0.0,False,50
SGCG,0.02,0,0,0,37.0,5.0,31.75,0.3333333333333333,0.0,0.1,0.0,0.05,0.0,0.0,0.0,0.05,0.0,0.0,0.0,0.0,0.0,0.0,False,50
RBP4,0.02,0,0,0,38.5,11.0,32.0,0.2857142857142857,0.25,0.0,0.0,0.0,0.0,0.0,0.0,0.1,0.1,0.0,0.0,0.0,0.0,0.25,False,50
POMP,0.02,0,0,0,33.5,22.0,32.5,0.6666666666666666,0.05,0.0,0.0,0.0,0.0,0.0,0.0,0.1,0.1,0.0,0.0,0.0,0.0,0.05,False,50
LINC01354,0.02,0,0,0,32.5,25.0,33.25,0.3333333333333333,0.0,0.0,0.0,0.0,0.05,0.0,0.05,0.0,0.0,0.05,0.05,0.0,0.05,0.0,False,50
PNLIPRP3,0.02,0,0,0,39.0,6.0,33.25,0.0,0.0,0.2,0.0,0.0,0.0,0.0,0.0,0.0,0.0,0.0,0.0,0.15,0.0,0.0,False,50
APOF,0.02,0,0,0,33.5,18.0,33.5,1.0,0.0,0.0,0.0,0.15,0.05,0.0,0.0,0.0,0.0,0.0,0.0,0.0,0.1,0.0,False,50
VIT,0.02,0,0,0,31.0,29.0,33.5,0.5,0.0,0.0,0.05,0.0,0.0,0.15,0.0,0.0,0.0,0.0,0.0,0.0,0.0,0.0,False,50
CYSTM1,0.02,0,0,0,34.0,20.0,34.0,1.0,0.0,0.0,0.0,0.0,0.0,0.0,0.0,0.1,0.1,0.0,0.0,0.0,0.0,0.0,False,50
ZNF518A,0.02,0,0,0,32.0,26.0,34.0,1.0,0.0,0.0,0.05,0.05,0.0,0.0,0.0,0.0,0.0,0.05,0.05,0.0,0.0,0.0,False,50
STOX1,0.02,0,0,0,35.5,28.0,35.0,0.25,0.0,0.0,0.05,0.0,0.0,0.15,0.0,0.0,0.0,0.0,0.0,0.0,0.0,0.0,False,50
LIPE,0.02,0,0,0,37.5,27.0,35.5,0.25,0.25,0.0,0.0,0.0,0.0,0.0,0.0,0.1,0.1,0.0,0.0,0.05,0.0,0.25,False,50
ANKRD13D,0.02,0,0,0,36.5,25.0,36.5,1.0,0.0,0.0,0.0,0.0,0.0,0.0,0.0,0.15,0.05,0.0,0.0,0.0,0.0,0.0,False,50
PKM,0.02,0,0,0,37.0,29.0,36.5,0.0,0.0,0.0,0.05,0.0,0.0,0.05,0.0,0.0,0.1,0.0,0.0,0.0,0.0,0.0,False,50
NFU1,0.02,0,0,0,43.5,15.0,36.75,1.0,0.0,0.0,0.0,0.0,0.0,0.0,0.0,0.1,0.1,0.0,0.0,0.0,0.0,0.0,False,50
RPL32P3,0.02,0,0,0,37.0,33.0,37.25,1.0,0.05,0.0,0.0,0.0,0.0,0.0,0.0,0.05,0.15,0.0,0.0,0.0,0.0,0.05,False,50
KRT8,0.02,0,0,0,39.5,25.0,38.0,1.0,0.2,0.0,0.0,0.0,0.0,0.0,0.0,0.15,0.05,0.0,0.0,0.0,0.0,0.2,False,50
PKDCC,0.02,0,0,0,36.5,32.0,38.75,0.6666666666666666,0.0,0.0,0.05,0.0,0.0,0.0,0.0,0.1,0.05,0.0,0.0,0.0,0.0,0.0,False,50
SOX4,0.02,0,0,0,41.5,23.0,39.0,1.0,0.0,0.0,0.0,0.0,0.0,0.0,0.0,0.1,0.1,0.0,0.0,0.0,0.0,0.0,False,50
SLC4A7,0.02,0,0,0,42.0,24.0,39.25,1.0,0.0,0.0,0.05,0.15,0.0,0.0,0.0,0.0,0.0,0.0,0.0,0.0,0.0,0.0,False,50
NMB,0.02,0,0,0,39.5,31.0,39.75,1.0,0.0,0.0,0.0,0.0,0.0,0.0,0.0,0.2,0.0,0.0,0.0,0.0,0.0,0.0,False,50
MYZAP,0.02,0,0,0,41.5,38.0,41.25,0.2857142857142857,0.25,0.0,0.0,0.0,0.0,0.0,0.0,0.1,0.1,0.0,0.0,0.0,0.0,0.25,False,50
PLEKHG6,0.02,0,0,0,46.0,28.0,42.5,0.5,0.0,0.0,0.0,0.1,0.0,0.1,0.0,0.0,0.0,0.0,0.0,0.0,0.0,0.0,False,50
HSPA12A,0.02,0,0,0,45.5,34.0,43.25,0.75,0.0,0.0,0.05,0.0,0.0,0.15,0.0,0.0,0.0,0.0,0.0,0.0,0.0,0.0,False,50
ST14,0.02,0,0,0,46.0,40.0,44.75,1.0,0.0,0.0,0.0,0.0,0.0,0.1,0.0,0.05,0.05,0.0,0.0,0.0,0.0,0.0,False,50
PFKFB3,0.015000000000000003,0,0,0,4.0,4.0,8.666666666666666,1.0,0.0,0.0,0.0,0.05,0.0,0.0,0.0,0.05,0.05,0.0,0.0,0.0,0.0,0.0,False,50
TRAF7,0.015000000000000003,0,0,0,4.0,3.0,12.0,1.0,0.0,0.0,0.0,0.0,0.0,0.0,0.0,0.05,0.1,0.0,0.0,0.0,0.0,0.0,False,50
ZNF587,0.015000000000000003,0,0,0,4.0,4.0,12.333333333333334,1.0,0.0,0.0,0.0,0.0,0.0,0.0,0.0,0.1,0.05,0.0,0.0,0.0,0.0,0.0,False,50
C1orf123,0.015000000000000003,0,0,0,2.0,2.0,12.666666666666666,1.0,0.0,0.0,0.0,0.0,0.0,0.0,0.0,0.1,0.05,0.0,0.0,0.0,0.0,0.0,False,50
ENC1,0.015000000000000003,0,0,0,18.0,5.0,13.666666666666666,1.0,0.05,0.0,0.05,0.0,0.0,0.0,0.0,0.0,0.0,0.05,0.05,0.0,0.0,0.05,False,50
GRK3,0.015000000000000003,0,0,0,9.0,6.0,13.666666666666666,1.0,0.0,0.0,0.0,0.0,0.0,0.0,0.0,0.1,0.05,0.0,0.0,0.0,0.0,0.0,False,50
ALDH3B2,0.015000000000000003,0,0,0,9.0,9.0,14.333333333333334,1.0,0.0,0.0,0.0,0.0,0.0,0.0,0.0,0.05,0.0,0.05,0.05,0.0,0.0,0.0,False,50
ESYT1,0.015000000000000003,0,0,0,6.0,6.0,15.0,1.0,0.0,0.0,0.0,0.0,0.0,0.0,0.0,0.1,0.05,0.0,0.0,0.0,0.0,0.0,False,50
CCM2L,0.015000000000000003,0,0,0,14.0,13.0,15.333333333333334,1.0,0.0,0.0,0.0,0.0,0.0,0.0,0.0,0.05,0.0,0.05,0.05,0.0,0.0,0.0,False,50
PPP3CB,0.015000000000000003,0,0,0,13.0,7.0,15.333333333333334,1.0,0.0,0.0,0.0,0.0,0.0,0.0,0.0,0.1,0.05,0.0,0.0,0.0,0.0,0.0,False,50
FAM83H,0.015000000000000003,0,0,0,9.0,7.0,16.0,1.0,0.0,0.0,0.0,0.0,0.0,0.0,0.0,0.0,0.05,0.05,0.05,0.0,0.0,0.0,False,50
SUCO,0.015000000000000003,0,0,0,4.0,4.0,16.0,1.0,0.2,0.0,0.0,0.0,0.0,0.0,0.0,0.0,0.05,0.05,0.05,0.0,0.0,0.2,False,50
UCP1,0.015000000000000003,0,0,0,8.0,2.0,17.333333333333332,1.0,0.0,0.0,0.0,0.1,0.05,0.0,0.0,0.0,0.0,0.0,0.0,0.0,0.05,0.0,False,50
TBC1D32,0.015000000000000003,0,0,0,8.0,1.0,18.0,1.0,0.0,0.0,0.05,0.1,0.0,0.0,0.0,0.0,0.0,0.0,0.0,0.0,0.0,0.0,False,50
PHYKPL,0.015000000000000003,0,0,0,18.0,17.0,18.666666666666668,1.0,0.0,0.0,0.0,0.0,0.0,0.0,0.0,0.0,0.05,0.05,0.05,0.0,0.0,0.0,False,50
PTPN4,0.015000000000000003,0,0,0,21.0,14.0,18.666666666666668,1.0,0.0,0.0,0.05,0.0,0.0,0.0,0.0,0.05,0.05,0.0,0.0,0.0,0.0,0.0,False,50
CASKIN1,0.015000000000000003,0,0,0,20.0,17.0,19.0,1.0,0.0,0.0,0.0,0.0,0.0,0.0,0.0,0.0,0.05,0.05,0.05,0.0,0.0,0.0,False,50
TLDC1,0.015000000000000003,0,0,0,6.0,3.0,19.0,1.0,0.0,0.0,0.0,0.0,0.0,0.0,0.0,0.1,0.05,0.0,0.0,0.0,0.0,0.0,False,50
MAPK13,0.015000000000000003,0,0,0,14.0,14.0,19.333333333333332,1.0,0.0,0.0,0.0,0.0,0.0,0.05,0.0,0.0,0.0,0.05,0.05,0.0,0.0,0.0,False,50
TRPS1,0.015000000000000003,0,0,0,16.0,14.0,19.333333333333332,1.0,0.25,0.0,0.0,0.0,0.0,0.0,0.0,0.05,0.1,0.0,0.0,0.0,0.0,0.25,False,50
DOCK11,0.015000000000000003,0,0,0,12.0,7.0,20.0,1.0,0.0,0.0,0.0,0.0,0.0,0.0,0.0,0.0,0.05,0.05,0.05,0.0,0.0,0.0,False,50
TDRD9,0.015000000000000003,0,0,0,17.0,16.0,20.0,1.0,0.0,0.0,0.0,0.1,0.0,0.05,0.0,0.0,0.0,0.0,0.0,0.0,0.1,0.0,False,50
TMEM100,0.015000000000000003,0,0,0,7.0,7.0,20.0,0.5,0.05,0.0,0.0,0.0,0.0,0.0,0.0,0.05,0.1,0.0,0.0,0.0,0.0,0.05,False,50
C19orf12,0.015000000000000003,0,0,0,20.0,19.0,20.333333333333332,0.3333333333333333,0.05,0.0,0.05,0.0,0.0,0.0,0.0,0.05,0.05,0.0,0.0,0.0,0.0,0.05,False,50
CHTOP,0.015000000000000003,0,0,0,16.0,16.0,20.666666666666668,1.0,0.0,0.0,0.0,0.0,0.0,0.0,0.0,0.0,0.05,0.05,0.05,0.0,0.0,0.0,False,50
TNFSF11,0.015000000000000003,0,0,0,13.0,10.0,20.666666666666668,1.0,0.0,0.05,0.0,0.1,0.0,0.0,0.0,0.0,0.0,0.0,0.0,0.0,0.0,0.0,False,50
GRHL2,0.015000000000000003,0,0,0,14.0,14.0,21.0,1.0,0.0,0.0,0.0,0.0,0.0,0.0,0.0,0.05,0.1,0.0,0.0,0.0,0.0,0.0,False,50
P2RY12,0.015000000000000003,0,0,0,18.0,15.0,21.0,1.0,0.0,0.0,0.0,0.0,0.0,0.0,0.0,0.05,0.1,0.0,0.0,0.0,0.0,0.0,False,50
CSTL1,0.015000000000000003,0,0,0,9.0,8.0,21.333333333333332,1.0,0.0,0.05,0.0,0.1,0.0,0.0,0.0,0.0,0.0,0.0,0.0,0.0,0.0,0.0,False,50
VMP1,0.015000000000000003,0,0,0,18.0,18.0,21.666666666666668,1.0,0.0,0.0,0.0,0.0,0.0,0.0,0.0,0.0,0.05,0.05,0.05,0.0,0.0,0.0,False,50
ACSS3,0.015000000000000003,0,0,0,10.0,10.0,22.0,1.0,0.0,0.0,0.0,0.05,0.0,0.0,0.0,0.0,0.0,0.05,0.05,0.0,0.0,0.0,False,50
COPS2,0.015000000000000003,0,0,0,22.0,21.0,22.0,1.0,0.0,0.0,0.0,0.0,0.0,0.0,0.0,0.05,0.0,0.05,0.05,0.0,0.0,0.0,False,50
PENK,0.015000000000000003,0,0,0,17.0,3.0,22.0,0.16666666666666666,0.0,0.1,0.05,0.0,0.0,0.0,0.0,0.0,0.0,0.0,0.0,0.15,0.0,0.0,False,50
RARRES2,0.015000000000000003,0,0,0,27.0,7.0,22.0,1.0,0.0,0.0,0.0,0.0,0.0,0.0,0.0,0.1,0.05,0.0,0.0,0.0,0.0,0.0,False,50
ANXA6,0.015000000000000003,0,0,0,22.0,22.0,22.333333333333332,0.5,0.0,0.0,0.05,0.0,0.0,0.0,0.0,0.0,0.0,0.05,0.05,0.0,0.0,0.0,False,50
GPX4,0.015000000000000003,0,0,0,23.0,20.0,22.333333333333332,1.0,0.0,0.0,0.0,0.0,0.0,0.0,0.0,0.1,0.05,0.0,0.0,0.0,0.0,0.0,False,50
ITGAE,0.015000000000000003,0,0,0,16.0,16.0,22.333333333333332,1.0,0.0,0.0,0.05,0.0,0.0,0.0,0.0,0.0,0.0,0.05,0.05,0.0,0.0,0.0,False,50
IL17B,0.015000000000000003,0,0,0,15.0,9.0,23.0,0.5,0.0,0.05,0.05,0.05,0.0,0.0,0.0,0.0,0.0,0.0,0.0,0.0,0.0,0.0,False,50
ATP1A1,0.015000000000000003,0,0,0,12.0,12.0,23.333333333333332,1.0,0.0,0.0,0.0,0.0,0.0,0.05,0.0,0.0,0.0,0.05,0.05,0.0,0.0,0.0,False,50
LRRC8E,0.015000000000000003,0,0,0,16.0,12.0,23.333333333333332,1.0,0.2,0.0,0.0,0.0,0.0,0.0,0.0,0.1,0.05,0.0,0.0,0.0,0.0,0.2,False,50
KIAA1522,0.015000000000000003,0,0,0,14.0,12.0,23.666666666666668,1.0,0.1,0.0,0.0,0.0,0.0,0.0,0.0,0.05,0.1,0.0,0.0,0.0,0.0,0.1,False,50
MTHFD1,0.015000000000000003,0,0,0,22.0,4.0,23.666666666666668,,0.0,0.0,0.0,0.1,0.0,0.0,0.0,0.0,0.05,0.0,0.0,0.0,0.0,0.0,False,50
TOMM40,0.015000000000000003,0,0,0,24.0,8.0,23.666666666666668,0.5,0.0,0.0,0.05,0.0,0.0,0.0,0.0,0.05,0.05,0.0,0.0,0.0,0.0,0.0,False,50
DMTN,0.015000000000000003,0,0,0,22.0,6.0,24.0,0.0,0.0,0.0,0.1,0.0,0.0,0.05,0.0,0.0,0.0,0.0,0.0,0.0,0.0,0.0,False,50
ZEB2,0.015000000000000003,0,0,0,13.0,10.0,24.0,1.0,0.0,0.0,0.0,0.0,0.0,0.0,0.0,0.05,0.1,0.0,0.0,0.0,0.0,0.0,False,50
HDGF,0.015000000000000003,0,0,0,22.0,21.0,24.333333333333332,1.0,0.0,0.0,0.0,0.0,0.0,0.0,0.0,0.05,0.0,0.05,0.05,0.0,0.0,0.0,False,50
PPP1R35,0.015000000000000003,0,0,0,22.0,21.0,24.333333333333332,1.0,0.0,0.0,0.0,0.0,0.0,0.0,0.0,0.05,0.1,0.0,0.0,0.0,0.0,0.0,False,50
GALNT6,0.015000000000000003,0,0,0,20.0,12.0,24.666666666666668,1.0,0.75,0.0,0.0,0.0,0.0,0.0,0.0,0.1,0.05,0.0,0.0,0.0,0.0,0.75,False,50
YPEL1,0.015000000000000003,0,0,0,26.0,14.0,24.666666666666668,1.0,0.0,0.0,0.05,0.1,0.0,0.0,0.0,0.0,0.0,0.0,0.0,0.0,0.0,0.0,False,50
CELF2,0.015000000000000003,0,0,0,24.0,23.0,25.333333333333332,1.0,0.0,0.0,0.0,0.0,0.0,0.0,0.0,0.1,0.05,0.0,0.0,0.0,0.0,0.0,False,50
COPS4,0.015000000000000003,0,0,0,26.0,21.0,25.333333333333332,1.0,0.0,0.0,0.0,0.0,0.0,0.0,0.0,0.05,0.0,0.05,0.05,0.0,0.0,0.0,False,50
DIRAS3,0.015000000000000003,0,0,0,26.0,14.0,25.333333333333332,1.0,0.0,0.05,0.05,0.05,0.0,0.0,0.0,0.0,0.0,0.0,0.0,0.0,0.0,0.0,False,50
LZTS1,0.015000000000000003,0,0,0,23.0,22.0,25.333333333333332,0.3333333333333333,0.0,0.0,0.1,0.0,0.0,0.05,0.0,0.0,0.0,0.0,0.0,0.0,0.0,0.0,False,50
MSX2,0.015000000000000003,0,0,0,28.0,7.0,25.666666666666668,0.5,0.0,0.0,0.05,0.05,0.0,0.05,0.0,0.0,0.0,0.0,0.0,0.0,0.0,0.0,False,50
ZCCHC4,0.015000000000000003,0,0,0,20.0,15.0,25.666666666666668,0.0,0.0,0.05,0.05,0.05,0.0,0.0,0.0,0.0,0.0,0.0,0.0,0.05,0.0,0.0,False,50
SEL1L2,0.015000000000000003,0,0,0,30.0,1.0,26.333333333333332,0.6666666666666666,0.0,0.0,0.0,0.1,0.05,0.0,0.0,0.0,0.0,0.0,0.0,0.05,0.05,0.0,False,50
CCDC92,0.015000000000000003,0,0,0,19.0,18.0,26.666666666666668,1.0,0.0,0.0,0.0,0.05,0.0,0.0,0.0,0.0,0.0,0.05,0.05,0.0,0.0,0.0,False,50
CHRDL1,0.015000000000000003,0,0,0,25.0,24.0,26.666666666666668,0.2,0.2,0.0,0.0,0.0,0.0,0.0,0.0,0.05,0.1,0.0,0.0,0.0,0.0,0.2,False,50
FABP4,0.015000000000000003,0,0,0,23.0,22.0,26.666666666666668,1.0,0.0,0.0,0.0,0.0,0.0,0.0,0.0,0.1,0.05,0.0,0.0,0.0,0.0,0.0,False,50
LILRB5,0.015000000000000003,0,0,0,21.0,17.0,27.0,0.0,0.0,0.0,0.0,0.0,0.05,0.0,0.1,0.0,0.0,0.0,0.0,0.0,0.05,0.0,False,50
SOD3,0.015000000000000003,0,0,0,19.0,19.0,27.0,1.0,0.0,0.0,0.0,0.0,0.0,0.0,0.0,0.05,0.0,0.05,0.05,0.0,0.0,0.0,False,50
ADGRL3,0.015000000000000003,0,0,0,30.0,7.0,27.333333333333332,0.0,0.0,0.05,0.05,0.05,0.0,0.0,0.0,0.0,0.0,0.0,0.0,0.05,0.0,0.0,False,50
ATAD3A,0.015000000000000003,0,0,0,20.0,18.0,27.333333333333332,1.0,0.0,0.0,0.0,0.0,0.0,0.0,0.0,0.0,0.05,0.05,0.05,0.0,0.0,0.0,False,50
ILF3,0.015000000000000003,0,0,0,20.0,18.0,27.333333333333332,1.0,0.05,0.0,0.0,0.0,0.0,0.0,0.0,0.05,0.1,0.0,0.0,0.0,0.0,0.05,False,50
PDCD4,0.015000000000000003,0,0,0,17.0,17.0,27.333333333333332,0.0,0.0,0.0,0.05,0.1,0.0,0.0,0.0,0.0,0.0,0.0,0.0,0.0,0.0,0.0,False,50
PGLYRP2,0.015000000000000003,0,0,0,26.0,11.0,27.333333333333332,0.5,0.0,0.05,0.05,0.05,0.0,0.0,0.0,0.0,0.0,0.0,0.0,0.0,0.0,0.0,False,50
TIMP4,0.015000000000000003,0,0,0,25.0,23.0,27.333333333333332,0.2857142857142857,0.2,0.0,0.05,0.0,0.0,0.0,0.0,0.1,0.0,0.0,0.0,0.0,0.0,0.2,False,50
LOC101927151,0.015000000000000003,0,0,0,22.0,20.0,27.666666666666668,0.5,0.0,0.0,0.0,0.0,0.0,0.05,0.0,0.0,0.0,0.05,0.05,0.0,0.0,0.0,False,50
LOC100288911,0.015000000000000003,0,0,0,19.0,18.0,28.0,1.0,0.0,0.0,0.0,0.05,0.0,0.0,0.0,0.0,0.0,0.05,0.05,0.0,0.0,0.0,False,50
KDM5B,0.015000000000000003,0,0,0,23.0,21.0,28.333333333333332,1.0,0.0,0.0,0.0,0.0,0.0,0.0,0.0,0.05,0.1,0.0,0.0,0.0,0.0,0.0,False,50
TJP3,0.015000000000000003,0,0,0,20.0,17.0,28.333333333333332,1.0,0.1,0.0,0.0,0.0,0.0,0.0,0.0,0.05,0.1,0.0,0.0,0.0,0.0,0.1,False,50
MME,0.015000000000000003,0,0,0,28.0,21.0,29.0,1.0,0.0,0.0,0.0,0.0,0.0,0.0,0.0,0.1,0.05,0.0,0.0,0.0,0.0,0.0,False,50
ZNF689,0.015000000000000003,0,0,0,36.0,10.0,29.0,1.0,0.0,0.0,0.05,0.1,0.0,0.0,0.0,0.0,0.0,0.0,0.0,0.0,0.0,0.0,False,50
CLIC6,0.015000000000000003,0,0,0,30.0,24.0,29.666666666666668,1.0,0.0,0.0,0.05,0.1,0.0,0.0,0.0,0.0,0.0,0.0,0.0,0.0,0.0,0.0,False,50
TLCD2,0.015000000000000003,0,0,0,41.0,6.0,31.333333333333332,1.0,0.0,0.0,0.1,0.0,0.0,0.05,0.0,0.0,0.0,0.0,0.0,0.0,0.0,0.0,False,50
MAPKAPK2,0.015000000000000003,0,0,0,38.0,11.0,31.666666666666668,1.0,0.1,0.0,0.0,0.0,0.0,0.0,0.0,0.05,0.1,0.0,0.0,0.0,0.0,0.1,False,50
LOC101928806,0.015000000000000003,0,0,0,31.0,18.0,32.0,0.3333333333333333,0.0,0.0,0.0,0.0,0.05,0.05,0.05,0.0,0.0,0.0,0.0,0.0,0.05,0.0,False,50
RHOQ,0.015000000000000003,0,0,0,28.0,27.0,32.0,0.5,0.1,0.0,0.0,0.0,0.0,0.0,0.0,0.1,0.05,0.0,0.0,0.0,0.0,0.1,False,50
CD276,0.015000000000000003,0,0,0,36.0,22.0,35.0,,0.0,0.0,0.0,0.05,0.0,0.0,0.0,0.0,0.1,0.0,0.0,0.0,0.0,0.0,False,50
LLGL2,0.015000000000000003,0,0,0,38.0,29.0,35.0,1.0,0.15,0.0,0.05,0.0,0.0,0.0,0.0,0.0,0.1,0.0,0.0,0.0,0.0,0.15,False,50
FXYD1,0.015000000000000003,0,0,0,34.0,25.0,36.333333333333336,1.0,0.0,0.0,0.0,0.0,0.0,0.0,0.0,0.1,0.05,0.0,0.0,0.0,0.0,0.0,False,50
LOC729970,0.015000000000000003,0,0,0,36.0,27.0,36.333333333333336,0.3333333333333333,0.0,0.0,0.1,0.0,0.0,0.05,0.0,0.0,0.0,0.0,0.0,0.0,0.0,0.0,False,50
EGFLAM,0.015000000000000003,0,0,0,39.0,25.0,36.666666666666664,1.0,0.0,0.0,0.05,0.0,0.0,0.0,0.0,0.1,0.0,0.0,0.0,0.0,0.0,0.0,False,50
SPATA22,0.015000000000000003,0,0,0,39.0,27.0,36.666666666666664,0.0,0.0,0.0,0.0,0.0,0.05,0.0,0.1,0.0,0.0,0.0,0.0,0.0,0.05,0.0,False,50
MGC16275,0.015000000000000003,0,0,0,41.0,26.0,37.0,0.5,0.0,0.05,0.05,0.05,0.0,0.0,0.0,0.0,0.0,0.0,0.0,0.0,0.0,0.0,False,50
ST6GALNAC3,0.015000000000000003,0,0,0,37.0,31.0,37.666666666666664,0.0,0.0,0.05,0.0,0.0,0.05,0.0,0.05,0.0,0.0,0.0,0.0,0.0,0.05,0.0,False,50
LGALS12,0.015000000000000003,0,0,0,41.0,30.0,38.333333333333336,0.2857142857142857,0.25,0.0,0.0,0.0,0.0,0.0,0.0,0.1,0.05,0.0,0.0,0.0,0.0,0.25,False,50
NECTIN2,0.015000000000000003,0,0,0,47.0,23.0,39.333333333333336,1.0,0.0,0.0,0.0,0.0,0.0,0.0,0.0,0.05,0.1,0.0,0.0,0.0,0.0,0.0,False,50
HSDL2,0.015000000000000003,0,0,0,37.0,36.0,39.666666666666664,1.0,0.0,0.0,0.0,0.0,0.0,0.0,0.0,0.1,0.05,0.0,0.0,0.0,0.0,0.0,False,50
LOC101930114,0.015000000000000003,0,0,0,38.0,37.0,39.666666666666664,0.5,0.0,0.0,0.0,0.05,0.0,0.0,0.05,0.05,0.0,0.0,0.0,0.05,0.0,0.0,False,50
FHL1,0.015000000000000003,0,0,0,39.0,31.0,40.0,0.2857142857142857,0.25,0.0,0.0,0.0,0.0,0.0,0.0,0.1,0.05,0.0,0.0,0.0,0.0,0.25,False,50
ITSN1,0.015000000000000003,0,0,0,39.0,39.0,40.0,1.0,0.0,0.0,0.0,0.0,0.0,0.0,0.0,0.1,0.05,0.0,0.0,0.0,0.0,0.0,False,50
GFRA2,0.015000000000000003,0,0,0,40.0,33.0,41.0,0.0,0.0,0.0,0.0,0.05,0.05,0.0,0.05,0.0,0.0,0.0,0.0,0.0,0.05,0.0,False,50
MCAM,0.015000000000000003,0,0,0,42.0,41.0,41.666666666666664,0.6666666666666666,0.05,0.0,0.0,0.0,0.0,0.0,0.0,0.1,0.05,0.0,0.0,0.0,0.0,0.05,False,50
ACSM1,0.015000000000000003,0,0,0,42.0,38.0,42.333333333333336,0.0,0.0,0.05,0.0,0.1,0.0,0.0,0.0,0.0,0.0,0.0,0.0,0.05,0.0,0.0,False,50
TYRO3,0.015000000000000003,0,0,0,41.0,36.0,42.333333333333336,0.5,0.05,0.0,0.05,0.1,0.0,0.0,0.0,0.0,0.0,0.0,0.0,0.0,0.0,0.05,False,50
LINC00348,0.015000000000000003,0,0,0,46.0,36.0,42.666666666666664,0.0,0.0,0.0,0.0,0.0,0.1,0.0,0.05,0.0,0.0,0.0,0.0,0.0,0.1,0.0,False,50
EPS8L2,0.015000000000000003,0,0,0,46.0,37.0,43.333333333333336,1.0,0.0,0.0,0.0,0.0,0.0,0.0,0.0,0.1,0.05,0.0,0.0,0.0,0.0,0.0,False,50
OSBPL1A,0.015000000000000003,0,0,0,47.0,36.0,44.333333333333336,1.0,0.0,0.0,0.0,0.0,0.0,0.0,0.0,0.05,0.1,0.0,0.0,0.0,0.0,0.0,False,50
MRAP,0.015000000000000003,0,0,0,46.0,39.0,45.0,1.0,0.0,0.0,0.0,0.0,0.0,0.0,0.0,0.1,0.05,0.0,0.0,0.0,0.0,0.0,False,50
SEMA4B,0.015000000000000003,0,0,0,50.0,38.0,46.0,0.5,0.0,0.0,0.0,0.05,0.0,0.05,0.0,0.05,0.0,0.0,0.0,0.0,0.0,0.0,False,50
CDCP1,0.015000000000000003,0,0,0,48.0,45.0,47.333333333333336,1.0,0.0,0.0,0.0,0.0,0.0,0.0,0.0,0.05,0.1,0.0,0.0,0.0,0.0,0.0,False,50
PRIMA1,0.015,0,0,0,8.0,7.0,9.333333333333334,0.3333333333333333,0.0,0.0,0.15,0.0,0.0,0.0,0.0,0.0,0.0,0.0,0.0,0.0,0.0,0.0,False,50
DLX1,0.015,0,0,0,7.0,3.0,11.333333333333334,,0.0,0.0,0.0,0.15,0.0,0.0,0.0,0.0,0.0,0.0,0.0,0.0,0.0,0.0,False,50
CA3,0.015,0,0,0,16.0,12.0,16.333333333333332,0.0,0.0,0.0,0.15,0.0,0.0,0.0,0.0,0.0,0.0,0.0,0.0,0.0,0.0,0.0,False,50
SPI1,0.015,0,0,0,16.0,7.0,19.666666666666668,,0.0,0.0,0.0,0.15,0.0,0.0,0.0,0.0,0.0,0.0,0.0,0.0,0.0,0.0,False,50
PRIM2,0.015,0,0,0,20.0,15.0,21.333333333333332,,0.0,0.0,0.0,0.15,0.0,0.0,0.0,0.0,0.0,0.0,0.0,0.0,0.0,0.0,False,50
AKAP12,0.015,0,0,0,21.0,20.0,21.666666666666668,0.375,0.25,0.0,0.0,0.0,0.0,0.0,0.0,0.15,0.0,0.0,0.0,0.0,0.0,0.25,False,50
AGPAT5,0.015,0,0,0,29.0,4.0,24.0,0.6666666666666666,0.0,0.0,0.15,0.0,0.0,0.0,0.0,0.0,0.0,0.0,0.0,0.0,0.0,0.0,False,50
ZNF788,0.015,0,0,0,25.0,18.0,24.666666666666668,,0.0,0.0,0.0,0.15,0.0,0.0,0.0,0.0,0.0,0.0,0.0,0.0,0.0,0.0,False,50
KCNE1,0.015,0,0,0,27.0,13.0,26.0,,0.0,0.0,0.0,0.15,0.0,0.0,0.0,0.0,0.0,0.0,0.0,0.0,0.0,0.0,False,50
ZNF718,0.015,0,0,0,25.0,14.0,26.666666666666668,,0.0,0.0,0.0,0.15,0.0,0.0,0.0,0.0,0.0,0.0,0.0,0.0,0.0,0.0,False,50
TMEM220,0.015,0,0,0,31.0,10.0,27.0,0.5,0.05,0.0,0.15,0.0,0.0,0.0,0.0,0.0,0.0,0.0,0.0,0.0,0.0,0.05,False,50
ARSG,0.015,0,0,0,31.0,15.0,29.333333333333332,0.3333333333333333,0.0,0.0,0.15,0.0,0.0,0.0,0.0,0.0,0.0,0.0,0.0,0.0,0.0,0.0,False,50
SIGLEC16,0.015,0,0,0,36.0,12.0,30.333333333333332,,0.0,0.0,0.0,0.15,0.0,0.0,0.0,0.0,0.0,0.0,0.0,0.0,0.0,0.0,False,50
CD24,0.015,0,0,0,25.0,23.0,31.333333333333332,0.3333333333333333,0.0,0.0,0.0,0.0,0.0,0.15,0.0,0.0,0.0,0.0,0.0,0.0,0.0,0.0,False,50
H2AFY2,0.015,0,0,0,40.0,13.0,32.333333333333336,0.0,0.0,0.0,0.15,0.0,0.0,0.0,0.0,0.0,0.0,0.0,0.0,0.0,0.0,0.0,False,50
DIP2C,0.015,0,0,0,30.0,30.0,33.333333333333336,1.0,0.0,0.0,0.0,0.0,0.0,0.0,0.0,0.15,0.0,0.0,0.0,0.0,0.0,0.0,False,50
ATP13A4-AS1,0.015,0,0,0,39.0,28.0,35.333333333333336,0.0,0.0,0.15,0.0,0.0,0.0,0.0,0.0,0.0,0.0,0.0,0.0,0.35,0.0,0.0,False,50
VTI1B,0.015,0,0,0,36.0,27.0,35.333333333333336,1.0,0.0,0.0,0.0,0.0,0.0,0.0,0.0,0.15,0.0,0.0,0.0,0.0,0.0,0.0,False,50
IL1RN,0.015,0,0,0,36.0,32.0,35.666666666666664,,0.0,0.0,0.0,0.15,0.0,0.0,0.0,0.0,0.0,0.0,0.0,0.0,0.0,0.0,False,50
RIN3,0.015,0,0,0,36.0,35.0,36.0,,0.0,0.0,0.0,0.15,0.0,0.0,0.0,0.0,0.0,0.0,0.0,0.0,0.0,0.0,False,50
PRKAR2B,0.015,0,0,0,38.0,37.0,39.666666666666664,1.0,0.0,0.0,0.0,0.0,0.0,0.0,0.0,0.15,0.0,0.0,0.0,0.0,0.0,0.0,False,50
PRSS8,0.015,0,0,0,44.0,32.0,41.333333333333336,1.0,0.2,0.0,0.0,0.0,0.0,0.0,0.0,0.0,0.15,0.0,0.0,0.0,0.0,0.2,False,50
PTGIS,0.01,0,0,0,1.0,1.0,1.0,1.0,0.0,0.0,0.0,0.0,0.0,0.0,0.0,0.05,0.05,0.0,0.0,0.0,0.0,0.0,False,50
SLC25A29,0.01,0,0,0,1.0,1.0,1.0,1.0,0.0,0.0,0.0,0.0,0.0,0.0,0.0,0.05,0.05,0.0,0.0,0.0,0.0,0.0,False,50
SEMA4C,0.01,0,0,0,2.0,2.0,2.0,1.0,0.0,0.0,0.0,0.0,0.0,0.0,0.0,0.05,0.05,0.0,0.0,0.0,0.0,0.0,False,50
FAM200B,0.01,0,0,0,3.0,2.0,3.0,1.0,0.0,0.0,0.0,0.0,0.0,0.0,0.0,0.05,0.05,0.0,0.0,0.0,0.0,0.0,False,50
ETV6,0.01,0,0,0,3.5,3.0,3.5,1.0,0.15,0.0,0.0,0.0,0.0,0.0,0.0,0.05,0.05,0.0,0.0,0.0,0.0,0.15,False,50
CD36,0.01,0,0,0,4.5,4.0,4.5,1.0,0.0,0.0,0.0,0.0,0.0,0.0,0.0,0.05,0.05,0.0,0.0,0.0,0.0,0.0,False,50
OR2H4P,0.01,0,0,0,4.5,4.0,4.5,1.0,0.0,0.0,0.0,0.05,0.05,0.0,0.0,0.0,0.0,0.0,0.0,0.0,0.05,0.0,False,50
ATG4B,0.01,0,0,0,5.0,5.0,5.0,1.0,0.0,0.0,0.0,0.0,0.0,0.0,0.0,0.0,0.0,0.05,0.05,0.0,0.0,0.0,False,50
RAI1,0.01,0,0,0,5.0,4.0,5.0,1.0,0.0,0.0,0.0,0.0,0.0,0.0,0.0,0.05,0.05,0.0,0.0,0.0,0.0,0.0,False,50
SLC26A11,0.01,0,0,0,5.0,4.0,5.0,1.0,0.0,0.0,0.0,0.0,0.0,0.0,0.0,0.05,0.05,0.0,0.0,0.0,0.0,0.0,False,50
ACADM,0.01,0,0,0,6.0,6.0,6.0,1.0,0.0,0.0,0.0,0.0,0.0,0.0,0.0,0.0,0.0,0.05,0.05,0.0,0.0,0.0,False,50
TWIST2,0.01,0,0,0,6.0,6.0,6.0,1.0,0.0,0.0,0.0,0.0,0.0,0.0,0.0,0.05,0.05,0.0,0.0,0.0,0.0,0.0,False,50
AP1M2,0.01,0,0,0,6.5,6.0,6.5,1.0,0.2,0.0,0.0,0.0,0.0,0.0,0.0,0.0,0.0,0.05,0.05,0.0,0.0,0.2,False,50
FOXN3,0.01,0,0,0,6.5,6.0,6.5,1.0,0.0,0.0,0.0,0.0,0.0,0.0,0.0,0.05,0.05,0.0,0.0,0.0,0.0,0.0,False,50
PUS7,0.01,0,0,0,6.5,6.0,6.5,1.0,0.0,0.0,0.0,0.0,0.0,0.0,0.0,0.05,0.05,0.0,0.0,0.0,0.0,0.0,False,50
ABCA9,0.01,0,0,0,7.0,7.0,7.0,1.0,0.0,0.0,0.0,0.0,0.0,0.0,0.0,0.0,0.0,0.05,0.05,0.0,0.0,0.0,False,50
ANGPTL4,0.01,0,0,0,7.0,7.0,7.0,1.0,0.0,0.0,0.0,0.0,0.0,0.0,0.0,0.0,0.0,0.05,0.05,0.0,0.0,0.0,False,50
B3GALT6,0.01,0,0,0,7.0,7.0,7.0,1.0,0.0,0.0,0.0,0.0,0.0,0.0,0.0,0.0,0.0,0.05,0.05,0.0,0.0,0.0,False,50
BPHL,0.01,0,0,0,7.0,5.0,7.0,0.5,0.0,0.0,0.0,0.0,0.0,0.1,0.0,0.0,0.0,0.0,0.0,0.0,0.0,0.0,False,50
TRIM11,0.01,0,0,0,7.0,6.0,7.0,1.0,0.05,0.0,0.0,0.0,0.0,0.0,0.0,0.05,0.05,0.0,0.0,0.0,0.0,0.05,False,50
ZFP37,0.01,0,0,0,7.0,3.0,7.0,0.5,0.0,0.05,0.05,0.0,0.0,0.0,0.0,0.0,0.0,0.0,0.0,0.0,0.0,0.0,False,50
ADH5,0.01,0,0,0,7.5,7.0,7.5,1.0,0.0,0.0,0.0,0.0,0.0,0.0,0.0,0.05,0.05,0.0,0.0,0.0,0.0,0.0,False,50
C3orf52,0.01,0,0,0,8.0,8.0,8.0,1.0,0.5,0.0,0.0,0.0,0.0,0.0,0.0,0.0,0.0,0.05,0.05,0.0,0.0,0.5,False,50
TPPP,0.01,0,0,0,8.0,5.0,8.0,0.5,0.0,0.0,0.1,0.0,0.0,0.0,0.0,0.0,0.0,0.0,0.0,0.0,0.0,0.0,False,50
UBXN10-AS1,0.01,0,0,0,8.0,5.0,8.0,1.0,0.0,0.0,0.0,0.0,0.0,0.0,0.0,0.05,0.05,0.0,0.0,0.0,0.0,0.0,False,50
NAT8L,0.01,0,0,0,8.5,2.0,8.5,1.0,0.0,0.0,0.0,0.0,0.0,0.0,0.0,0.05,0.05,0.0,0.0,0.0,0.0,0.0,False,50
CRLS1,0.01,0,0,0,9.0,9.0,9.0,1.0,0.0,0.0,0.0,0.0,0.0,0.0,0.0,0.05,0.05,0.0,0.0,0.0,0.0,0.0,False,50
ABHD14B,0.01,0,0,0,9.5,9.0,9.5,1.0,0.0,0.0,0.0,0.0,0.0,0.0,0.0,0.0,0.0,0.05,0.05,0.0,0.0,0.0,False,50
DLG3,0.01,0,0,0,9.5,9.0,9.5,1.0,0.0,0.0,0.0,0.0,0.0,0.0,0.0,0.0,0.0,0.05,0.05,0.0,0.0,0.0,False,50
DLC1,0.01,0,0,0,10.0,10.0,10.0,1.0,0.0,0.0,0.0,0.0,0.0,0.0,0.0,0.05,0.05,0.0,0.0,0.0,0.0,0.0,False,50
MAZ,0.01,0,0,0,10.0,9.0,10.0,1.0,0.0,0.0,0.0,0.0,0.0,0.0,0.0,0.05,0.05,0.0,0.0,0.0,0.0,0.0,False,50
LINC00543,0.01,0,0,0,10.5,2.0,10.5,0.0,0.0,0.1,0.0,0.0,0.0,0.0,0.0,0.0,0.0,0.0,0.0,0.1,0.0,0.0,False,50
CHTF18,0.01,0,0,0,11.0,11.0,11.0,1.0,0.2,0.0,0.0,0.0,0.0,0.0,0.0,0.0,0.0,0.05,0.05,0.0,0.0,0.2,False,50
TNIP1,0.01,0,0,0,11.0,10.0,11.0,1.0,0.0,0.0,0.0,0.0,0.0,0.0,0.0,0.05,0.05,0.0,0.0,0.0,0.0,0.0,False,50
TUFT1,0.01,0,0,0,11.0,8.0,11.0,1.0,0.0,0.0,0.0,0.0,0.0,0.0,0.0,0.0,0.0,0.05,0.05,0.0,0.0,0.0,False,50
AP1G2,0.01,0,0,0,11.5,11.0,11.5,1.0,0.0,0.0,0.0,0.0,0.0,0.0,0.0,0.0,0.0,0.05,0.05,0.0,0.0,0.0,False,50
EPB41L2,0.01,0,0,0,11.5,11.0,11.5,1.0,0.0,0.0,0.0,0.0,0.0,0.0,0.0,0.05,0.05,0.0,0.0,0.0,0.0,0.0,False,50
ABI3BP,0.01,0,0,0,12.0,12.0,12.0,1.0,0.0,0.0,0.0,0.0,0.0,0.0,0.0,0.0,0.0,0.05,0.05,0.0,0.0,0.0,False,50
GPATCH2L,0.01,0,0,0,12.5,7.0,12.5,1.0,0.0,0.0,0.0,0.0,0.0,0.0,0.0,0.05,0.05,0.0,0.0,0.0,0.0,0.0,False,50
PIK3R2,0.01,0,0,0,12.5,10.0,12.5,1.0,0.0,0.0,0.0,0.0,0.0,0.0,0.0,0.05,0.05,0.0,0.0,0.0,0.0,0.0,False,50
ATP6AP1,0.01,0,0,0,13.0,13.0,13.0,1.0,0.0,0.0,0.0,0.0,0.0,0.0,0.0,0.0,0.0,0.05,0.05,0.0,0.0,0.0,False,50
PTPA,0.01,0,0,0,13.0,13.0,13.0,1.0,0.0,0.0,0.0,0.0,0.0,0.0,0.0,0.05,0.05,0.0,0.0,0.0,0.0,0.0,False,50
SNX5,0.01,0,0,0,13.0,10.0,13.0,1.0,0.0,0.0,0.0,0.0,0.0,0.0,0.0,0.05,0.05,0.0,0.0,0.0,0.0,0.0,False,50
TMEM97,0.01,0,0,0,13.0,13.0,13.0,1.0,0.0,0.0,0.0,0.0,0.0,0.0,0.0,0.05,0.05,0.0,0.0,0.0,0.0,0.0,False,50
EEPD1,0.01,0,0,0,13.5,11.0,13.5,1.0,0.0,0.0,0.0,0.0,0.0,0.0,0.0,0.05,0.05,0.0,0.0,0.0,0.0,0.0,False,50
EGFR,0.01,0,0,0,13.5,13.0,13.5,1.0,0.0,0.0,0.0,0.0,0.0,0.0,0.0,0.0,0.0,0.05,0.05,0.0,0.0,0.0,False,50
LILRA3,0.01,0,0,0,13.5,8.0,13.5,,0.0,0.0,0.0,0.1,0.0,0.0,0.0,0.0,0.0,0.0,0.0,0.0,0.0,0.0,False,50
SLC26A6,0.01,0,0,0,13.5,9.0,13.5,1.0,0.25,0.0,0.0,0.0,0.0,0.0,0.0,0.05,0.05,0.0,0.0,0.0,0.0,0.25,False,50
SQLE,0.01,0,0,0,13.5,9.0,13.5,1.0,0.0,0.0,0.0,0.0,0.0,0.0,0.0,0.05,0.05,0.0,0.0,0.0,0.0,0.0,False,50
ARHGAP39,0.01,0,0,0,14.0,14.0,14.0,1.0,0.1,0.0,0.0,0.0,0.0,0.0,0.0,0.0,0.0,0.05,0.05,0.0,0.0,0.1,False,50
KCNB1,0.01,0,0,0,14.0,4.0,14.0,0.0,0.0,0.0,0.0,0.05,0.0,0.05,0.0,0.0,0.0,0.0,0.0,0.0,0.0,0.0,False,50
METTL1,0.01,0,0,0,14.0,14.0,14.0,1.0,0.0,0.0,0.0,0.0,0.0,0.0,0.0,0.0,0.0,0.05,0.05,0.0,0.0,0.0,False,50
NCAPG2,0.01,0,0,0,14.0,13.0,14.0,1.0,0.0,0.0,0.0,0.0,0.0,0.0,0.0,0.0,0.0,0.05,0.05,0.0,0.0,0.0,False,50
RNU6-501P,0.01,0,0,0,14.0,10.0,14.0,0.5,0.0,0.05,0.05,0.0,0.0,0.0,0.0,0.0,0.0,0.0,0.0,0.0,0.0,0.0,False,50
CHD4,0.01,0,0,0,14.5,14.0,14.5,1.0,0.0,0.0,0.0,0.0,0.0,0.0,0.0,0.0,0.0,0.05,0.05,0.0,0.0,0.0,False,50
ADD3,0.01,0,0,0,15.0,15.0,15.0,1.0,0.0,0.0,0.0,0.0,0.0,0.0,0.0,0.0,0.0,0.05,0.05,0.0,0.0,0.0,False,50
GPR34,0.01,0,0,0,15.0,13.0,15.0,1.0,0.0,0.0,0.0,0.0,0.0,0.0,0.0,0.05,0.05,0.0,0.0,0.0,0.0,0.0,False,50
JDP2,0.01,0,0,0,15.0,15.0,15.0,1.0,0.0,0.0,0.0,0.0,0.0,0.0,0.0,0.0,0.0,0.05,0.05,0.0,0.0,0.0,False,50
ZMYND19,0.01,0,0,0,15.0,15.0,15.0,1.0,0.05,0.0,0.0,0.0,0.0,0.0,0.0,0.0,0.0,0.05,0.05,0.0,0.0,0.05,False,50
CLEC7A,0.01,0,0,0,15.5,15.0,15.5,1.0,0.0,0.0,0.0,0.0,0.0,0.0,0.0,0.0,0.0,0.05,0.05,0.0,0.0,0.0,False,50
LOC107985971,0.01,0,0,0,15.5,12.0,15.5,1.0,0.0,0.0,0.0,0.0,0.0,0.0,0.0,0.05,0.05,0.0,0.0,0.0,0.0,0.0,False,50
MBD2,0.01,0,0,0,15.5,15.0,15.5,1.0,0.0,0.0,0.0,0.0,0.0,0.0,0.0,0.0,0.0,0.05,0.05,0.0,0.0,0.0,False,50
NATD1,0.01,0,0,0,15.5,10.0,15.5,0.5,0.05,0.0,0.0,0.0,0.0,0.0,0.0,0.05,0.05,0.0,0.0,0.0,0.0,0.05,False,50
ULK3,0.01,0,0,0,15.5,15.0,15.5,1.0,0.0,0.0,0.0,0.0,0.0,0.0,0.0,0.05,0.05,0.0,0.0,0.0,0.0,0.0,False,50
ASS1,0.01,0,0,0,16.0,16.0,16.0,1.0,0.0,0.0,0.0,0.0,0.0,0.0,0.0,0.0,0.0,0.05,0.05,0.0,0.0,0.0,False,50
CTHRC1,0.01,0,0,0,16.0,13.0,16.0,0.0,0.0,0.0,0.05,0.05,0.0,0.0,0.0,0.0,0.0,0.0,0.0,0.0,0.0,0.0,False,50
ERN1,0.01,0,0,0,16.0,14.0,16.0,1.0,0.05,0.0,0.0,0.0,0.0,0.0,0.0,0.05,0.05,0.0,0.0,0.0,0.0,0.05,False,50
JADE1,0.01,0,0,0,16.0,10.0,16.0,1.0,0.0,0.0,0.0,0.0,0.0,0.0,0.0,0.05,0.05,0.0,0.0,0.0,0.0,0.0,False,50
LOC100272216,0.01,0,0,0,16.0,12.0,16.0,1.0,0.0,0.0,0.0,0.0,0.0,0.0,0.0,0.05,0.05,0.0,0.0,0.0,0.0,0.0,False,50
TMEM56,0.01,0,0,0,16.0,15.0,16.0,1.0,0.0,0.0,0.0,0.0,0.0,0.0,0.0,0.0,0.0,0.05,0.05,0.0,0.0,0.0,False,50
ASNS,0.01,0,0,0,16.5,16.0,16.5,1.0,0.0,0.0,0.0,0.0,0.0,0.0,0.0,0.0,0.0,0.05,0.05,0.0,0.0,0.0,False,50
CTBP2,0.01,0,0,0,16.5,16.0,16.5,1.0,0.0,0.0,0.0,0.0,0.0,0.0,0.0,0.05,0.05,0.0,0.0,0.0,0.0,0.0,False,50
LOC100506691,0.01,0,0,0,16.5,5.0,16.5,,0.0,0.0,0.0,0.1,0.0,0.0,0.0,0.0,0.0,0.0,0.0,0.0,0.0,0.0,False,50
MSL1,0.01,0,0,0,16.5,16.0,16.5,1.0,0.0,0.0,0.0,0.0,0.0,0.0,0.0,0.0,0.0,0.05,0.05,0.0,0.0,0.0,False,50
POLD1,0.01,0,0,0,16.5,16.0,16.5,1.0,0.1,0.0,0.0,0.0,0.0,0.0,0.0,0.05,0.05,0.0,0.0,0.0,0.0,0.1,False,50
VEGFB,0.01,0,0,0,16.5,15.0,16.5,1.0,0.0,0.0,0.0,0.0,0.0,0.0,0.0,0.05,0.05,0.0,0.0,0.0,0.0,0.0,False,50
ZDHHC13,0.01,0,0,0,16.5,16.0,16.5,1.0,0.2,0.0,0.0,0.0,0.0,0.0,0.0,0.0,0.0,0.05,0.05,0.0,0.0,0.2,False,50
BUB3,0.01,0,0,0,17.0,17.0,17.0,1.0,0.0,0.0,0.0,0.0,0.0,0.0,0.0,0.0,0.0,0.05,0.05,0.0,0.0,0.0,False,50
CCDC59,0.01,0,0,0,17.0,17.0,17.0,1.0,0.0,0.0,0.0,0.0,0.0,0.0,0.0,0.0,0.0,0.05,0.05,0.0,0.0,0.0,False,50
EFEMP1,0.01,0,0,0,17.0,9.0,17.0,1.0,0.0,0.0,0.0,0.0,0.0,0.0,0.0,0.05,0.05,0.0,0.0,0.0,0.0,0.0,False,50
IGF1,0.01,0,0,0,17.0,7.0,17.0,1.0,0.0,0.0,0.0,0.0,0.0,0.0,0.0,0.05,0.05,0.0,0.0,0.0,0.0,0.0,False,50
SLC52A3,0.01,0,0,0,17.0,17.0,17.0,1.0,0.0,0.0,0.0,0.0,0.0,0.0,0.0,0.0,0.0,0.05,0.05,0.0,0.0,0.0,False,50
STX1A,0.01,0,0,0,17.0,17.0,17.0,1.0,0.0,0.0,0.0,0.0,0.0,0.0,0.0,0.0,0.0,0.05,0.05,0.0,0.0,0.0,False,50
TELO2,0.01,0,0,0,17.0,17.0,17.0,1.0,0.15,0.0,0.0,0.0,0.0,0.0,0.0,0.0,0.0,0.05,0.05,0.0,0.0,0.15,False,50
ZDHHC21,0.01,0,0,0,17.0,17.0,17.0,1.0,0.0,0.0,0.0,0.0,0.0,0.0,0.0,0.0,0.0,0.05,0.05,0.0,0.0,0.0,False,50
ELMO3,0.01,0,0,0,17.5,17.0,17.5,1.0,0.2,0.0,0.0,0.0,0.0,0.0,0.0,0.0,0.0,0.05,0.05,0.0,0.0,0.2,False,50
GTF3C2,0.01,0,0,0,17.5,17.0,17.5,1.0,0.0,0.0,0.0,0.0,0.0,0.0,0.0,0.0,0.0,0.05,0.05,0.0,0.0,0.0,False,50
KLRG2,0.01,0,0,0,17.5,17.0,17.5,1.0,0.0,0.0,0.0,0.0,0.0,0.0,0.0,0.0,0.0,0.05,0.05,0.0,0.0,0.0,False,50
LARP7,0.01,0,0,0,17.5,17.0,17.5,1.0,0.0,0.0,0.0,0.0,0.0,0.0,0.0,0.0,0.0,0.05,0.05,0.0,0.0,0.0,False,50
LOC102724938,0.01,0,0,0,17.5,15.0,17.5,0.0,0.0,0.05,0.0,0.05,0.0,0.0,0.0,0.0,0.0,0.0,0.0,0.15,0.0,0.0,False,50
PWP2,0.01,0,0,0,17.5,17.0,17.5,1.0,0.0,0.0,0.0,0.0,0.0,0.0,0.0,0.0,0.0,0.05,0.05,0.0,0.0,0.0,False,50
RASSF3,0.01,0,0,0,17.5,16.0,17.5,1.0,0.0,0.0,0.0,0.0,0.0,0.0,0.0,0.0,0.0,0.05,0.05,0.0,0.0,0.0,False,50
ADRB2,0.01,0,0,0,18.0,17.0,18.0,0.6666666666666666,0.05,0.0,0.0,0.0,0.0,0.0,0.0,0.1,0.0,0.0,0.0,0.0,0.0,0.05,False,50
AGAP4,0.01,0,0,0,18.0,18.0,18.0,1.0,0.0,0.0,0.0,0.0,0.0,0.0,0.0,0.0,0.0,0.05,0.05,0.0,0.0,0.0,False,50
BAALC,0.01,0,0,0,18.0,18.0,18.0,1.0,0.0,0.0,0.0,0.0,0.0,0.0,0.0,0.0,0.0,0.05,0.05,0.0,0.0,0.0,False,50
GNAL,0.01,0,0,0,18.0,18.0,18.0,1.0,0.0,0.0,0.0,0.0,0.0,0.0,0.0,0.0,0.0,0.05,0.05,0.0,0.0,0.0,False,50
PHKA2,0.01,0,0,0,18.0,16.0,18.0,1.0,0.0,0.0,0.0,0.0,0.0,0.0,0.0,0.0,0.0,0.05,0.05,0.0,0.0,0.0,False,50
RGAG4,0.01,0,0,0,18.0,17.0,18.0,1.0,0.0,0.0,0.0,0.0,0.0,0.0,0.0,0.05,0.05,0.0,0.0,0.0,0.0,0.0,False,50
ADAMTS3,0.01,0,0,0,18.5,14.0,18.5,0.5,0.0,0.05,0.05,0.0,0.0,0.0,0.0,0.0,0.0,0.0,0.0,0.0,0.0,0.0,False,50
CDH2,0.01,0,0,0,18.5,18.0,18.5,1.0,0.0,0.0,0.0,0.0,0.0,0.0,0.0,0.0,0.0,0.05,0.05,0.0,0.0,0.0,False,50
EGOT,0.01,0,0,0,18.5,14.0,18.5,0.5,0.0,0.0,0.1,0.0,0.0,0.0,0.0,0.0,0.0,0.0,0.0,0.0,0.0,0.0,False,50
FJX1,0.01,0,0,0,18.5,17.0,18.5,1.0,0.0,0.0,0.0,0.0,0.0,0.0,0.0,0.0,0.0,0.05,0.05,0.0,0.0,0.0,False,50
GALNT15,0.01,0,0,0,18.5,7.0,18.5,0.5,0.0,0.0,0.0,0.05,0.0,0.0,0.0,0.05,0.0,0.0,0.0,0.05,0.0,0.0,False,50
LMBR1L,0.01,0,0,0,18.5,18.0,18.5,1.0,0.0,0.0,0.0,0.0,0.0,0.0,0.0,0.0,0.0,0.05,0.05,0.0,0.0,0.0,False,50
LOC101929465,0.01,0,0,0,18.5,17.0,18.5,1.0,0.0,0.0,0.0,0.0,0.0,0.0,0.0,0.05,0.05,0.0,0.0,0.0,0.0,0.0,False,50
OSR2,0.01,0,0,0,18.5,18.0,18.5,1.0,0.0,0.0,0.0,0.0,0.0,0.0,0.0,0.0,0.0,0.05,0.05,0.0,0.0,0.0,False,50
TFAP2A,0.01,0,0,0,18.5,16.0,18.5,1.0,0.0,0.0,0.0,0.0,0.0,0.0,0.0,0.05,0.05,0.0,0.0,0.0,0.0,0.0,False,50
TRIM52-AS1,0.01,0,0,0,18.5,16.0,18.5,1.0,0.0,0.0,0.0,0.0,0.0,0.0,0.0,0.05,0.05,0.0,0.0,0.0,0.0,0.0,False,50
ATG16L1,0.01,0,0,0,19.0,17.0,19.0,1.0,0.0,0.0,0.0,0.0,0.0,0.0,0.0,0.0,0.0,0.05,0.05,0.0,0.0,0.0,False,50
CHD3,0.01,0,0,0,19.0,19.0,19.0,1.0,0.0,0.0,0.0,0.0,0.0,0.0,0.0,0.0,0.0,0.05,0.05,0.0,0.0,0.0,False,50
FNTA,0.01,0,0,0,19.0,19.0,19.0,1.0,0.0,0.0,0.0,0.0,0.0,0.0,0.0,0.0,0.0,0.05,0.05,0.0,0.0,0.0,False,50
HDDC2,0.01,0,0,0,19.0,18.0,19.0,1.0,0.0,0.0,0.0,0.0,0.0,0.0,0.0,0.0,0.0,0.05,0.05,0.0,0.0,0.0,False,50
RGAG1,0.01,0,0,0,19.0,19.0,19.0,1.0,0.0,0.0,0.0,0.0,0.0,0.0,0.0,0.0,0.0,0.05,0.05,0.0,0.0,0.0,False,50
CATSPER1,0.01,0,0,0,19.5,4.0,19.5,,0.0,0.0,0.0,0.1,0.0,0.0,0.0,0.0,0.0,0.0,0.0,0.0,0.0,0.0,False,50
MAGED1,0.01,0,0,0,19.5,19.0,19.5,1.0,0.0,0.0,0.0,0.0,0.0,0.0,0.0,0.0,0.0,0.05,0.05,0.0,0.0,0.0,False,50
UVSSA,0.01,0,0,0,19.5,19.0,19.5,1.0,0.0,0.0,0.0,0.0,0.0,0.0,0.0,0.0,0.0,0.05,0.05,0.0,0.0,0.0,False,50
CFL1,0.01,0,0,0,20.0,20.0,20.0,1.0,0.0,0.0,0.0,0.0,0.0,0.0,0.0,0.0,0.0,0.05,0.05,0.0,0.0,0.0,False,50
CITED2,0.01,0,0,0,20.0,20.0,20.0,1.0,0.0,0.0,0.0,0.0,0.0,0.0,0.0,0.0,0.0,0.05,0.05,0.0,0.0,0.0,False,50
EEF1AKMT1,0.01,0,0,0,20.0,20.0,20.0,1.0,0.0,0.0,0.0,0.0,0.0,0.0,0.0,0.0,0.0,0.05,0.05,0.0,0.0,0.0,False,50
JAK1,0.01,0,0,0,20.0,20.0,20.0,1.0,0.0,0.0,0.0,0.0,0.0,0.0,0.0,0.0,0.0,0.05,0.05,0.0,0.0,0.0,False,50
KIAA0895,0.01,0,0,0,20.0,10.0,20.0,,0.0,0.0,0.0,0.05,0.0,0.0,0.0,0.0,0.05,0.0,0.0,0.0,0.0,0.0,False,50
LOC284513,0.01,0,0,0,20.0,19.0,20.0,1.0,0.0,0.0,0.0,0.0,0.0,0.0,0.0,0.0,0.0,0.05,0.05,0.0,0.0,0.0,False,50
MCM5,0.01,0,0,0,20.0,20.0,20.0,1.0,0.0,0.0,0.0,0.0,0.0,0.0,0.0,0.0,0.0,0.05,0.05,0.0,0.0,0.0,False,50
MIF,0.01,0,0,0,20.0,13.0,20.0,1.0,0.0,0.0,0.0,0.0,0.0,0.0,0.0,0.05,0.05,0.0,0.0,0.0,0.0,0.0,False,50
PLCD1,0.01,0,0,0,20.0,20.0,20.0,1.0,0.0,0.0,0.0,0.0,0.0,0.0,0.0,0.0,0.0,0.05,0.05,0.0,0.0,0.0,False,50
SEC24D,0.01,0,0,0,20.0,1.0,20.0,0.0,0.0,0.0,0.05,0.0,0.0,0.05,0.0,0.0,0.0,0.0,0.0,0.0,0.0,0.0,False,50
SGTA,0.01,0,0,0,20.0,19.0,20.0,1.0,0.0,0.0,0.0,0.0,0.0,0.0,0.0,0.0,0.0,0.05,0.05,0.0,0.0,0.0,False,50
TMEM134,0.01,0,0,0,20.0,20.0,20.0,1.0,0.0,0.0,0.0,0.0,0.0,0.0,0.0,0.0,0.0,0.05,0.05,0.0,0.0,0.0,False,50
IQSEC3,0.01,0,0,0,20.5,20.0,20.5,1.0,0.0,0.0,0.0,0.0,0.0,0.0,0.0,0.0,0.0,0.05,0.05,0.0,0.0,0.0,False,50
KLHL42,0.01,0,0,0,20.5,20.0,20.5,1.0,0.0,0.0,0.0,0.0,0.0,0.0,0.0,0.0,0.0,0.05,0.05,0.0,0.0,0.0,False,50
S100A14,0.01,0,0,0,20.5,17.0,20.5,1.0,0.75,0.0,0.0,0.0,0.0,0.0,0.0,0.05,0.05,0.0,0.0,0.0,0.0,0.75,False,50
CEP85,0.01,0,0,0,21.0,20.0,21.0,1.0,0.0,0.0,0.0,0.0,0.0,0.0,0.0,0.0,0.0,0.05,0.05,0.0,0.0,0.0,False,50
EHBP1L1,0.01,0,0,0,21.0,21.0,21.0,1.0,0.0,0.0,0.0,0.0,0.0,0.0,0.0,0.0,0.0,0.05,0.05,0.0,0.0,0.0,False,50
FKBP2,0.01,0,0,0,21.0,21.0,21.0,1.0,0.0,0.0,0.0,0.0,0.0,0.0,0.0,0.0,0.0,0.05,0.05,0.0,0.0,0.0,False,50
INO80D,0.01,0,0,0,21.0,20.0,21.0,1.0,0.0,0.0,0.0,0.0,0.0,0.0,0.0,0.0,0.0,0.05,0.05,0.0,0.0,0.0,False,50
SDK1,0.01,0,0,0,21.0,11.0,21.0,1.0,0.0,0.0,0.05,0.0,0.0,0.05,0.0,0.0,0.0,0.0,0.0,0.0,0.0,0.0,False,50
TACSTD2,0.01,0,0,0,21.0,17.0,21.0,1.0,0.0,0.0,0.0,0.0,0.0,0.0,0.0,0.05,0.05,0.0,0.0,0.0,0.0,0.0,False,50
ADPRHL2,0.01,0,0,0,21.5,21.0,21.5,1.0,0.0,0.0,0.0,0.0,0.0,0.0,0.0,0.0,0.0,0.05,0.05,0.0,0.0,0.0,False,50
ARHGAP6,0.01,0,0,0,21.5,21.0,21.5,1.0,0.0,0.0,0.0,0.0,0.0,0.0,0.0,0.0,0.0,0.05,0.05,0.0,0.0,0.0,False,50
BHLHE40,0.01,0,0,0,21.5,21.0,21.5,1.0,0.0,0.0,0.0,0.0,0.0,0.0,0.0,0.0,0.0,0.05,0.05,0.0,0.0,0.0,False,50
DAAM2,0.01,0,0,0,21.5,20.0,21.5,1.0,0.0,0.0,0.0,0.0,0.0,0.0,0.0,0.05,0.05,0.0,0.0,0.0,0.0,0.0,False,50
MED16,0.01,0,0,0,21.5,21.0,21.5,1.0,0.0,0.0,0.0,0.0,0.0,0.0,0.0,0.0,0.0,0.05,0.05,0.0,0.0,0.0,False,50
RBM8A,0.01,0,0,0,21.5,21.0,21.5,1.0,0.0,0.0,0.0,0.0,0.0,0.0,0.0,0.0,0.0,0.05,0.05,0.0,0.0,0.0,False,50
SLIT2,0.01,0,0,0,21.5,21.0,21.5,1.0,0.0,0.0,0.0,0.0,0.0,0.0,0.0,0.0,0.0,0.05,0.05,0.0,0.0,0.0,False,50
TRIT1,0.01,0,0,0,21.5,21.0,21.5,1.0,0.0,0.0,0.0,0.0,0.0,0.0,0.0,0.0,0.0,0.05,0.05,0.0,0.0,0.0,False,50
ZNF25,0.01,0,0,0,21.5,20.0,21.5,1.0,0.0,0.0,0.0,0.0,0.0,0.0,0.0,0.0,0.0,0.05,0.05,0.0,0.0,0.0,False,50
C18orf21,0.01,0,0,0,22.0,21.0,22.0,1.0,0.0,0.0,0.0,0.0,0.0,0.0,0.0,0.0,0.0,0.05,0.05,0.0,0.0,0.0,False,50
CSPG4,0.01,0,0,0,22.0,22.0,22.0,1.0,0.0,0.0,0.0,0.0,0.0,0.0,0.0,0.0,0.0,0.05,0.05,0.0,0.0,0.0,False,50
FN1,0.01,0,0,0,22.0,21.0,22.0,1.0,0.0,0.0,0.0,0.0,0.0,0.0,0.0,0.0,0.0,0.05,0.05,0.0,0.0,0.0,False,50
PPP1R16B,0.01,0,0,0,22.0,22.0,22.0,1.0,0.0,0.0,0.0,0.0,0.0,0.0,0.0,0.0,0.0,0.05,0.05,0.0,0.0,0.0,False,50
RASSF6,0.01,0,0,0,22.0,12.0,22.0,0.0,0.0,0.0,0.05,0.05,0.0,0.0,0.0,0.0,0.0,0.0,0.0,0.0,0.0,0.0,False,50
SCN3A,0.01,0,0,0,22.0,22.0,22.0,1.0,0.0,0.0,0.0,0.0,0.0,0.0,0.0,0.0,0.0,0.05,0.05,0.0,0.0,0.0,False,50
VAV3,0.01,0,0,0,22.0,20.0,22.0,0.5,0.0,0.0,0.05,0.0,0.0,0.0,0.0,0.05,0.0,0.0,0.0,0.0,0.0,0.0,False,50
ARL6IP5,0.01,0,0,0,22.5,22.0,22.5,1.0,0.0,0.0,0.0,0.0,0.0,0.0,0.0,0.0,0.0,0.05,0.05,0.0,0.0,0.0,False,50
CC2D1A,0.01,0,0,0,22.5,22.0,22.5,1.0,0.0,0.0,0.0,0.0,0.0,0.0,0.0,0.0,0.0,0.05,0.05,0.0,0.0,0.0,False,50
FAM160B1,0.01,0,0,0,22.5,22.0,22.5,1.0,0.0,0.0,0.0,0.0,0.0,0.0,0.0,0.0,0.0,0.05,0.05,0.0,0.0,0.0,False,50
KIFC3,0.01,0,0,0,22.5,22.0,22.5,1.0,0.0,0.0,0.0,0.0,0.0,0.0,0.0,0.0,0.0,0.05,0.05,0.0,0.0,0.0,False,50
KLHDC1,0.01,0,0,0,22.5,21.0,22.5,1.0,0.0,0.0,0.0,0.0,0.0,0.0,0.0,0.0,0.0,0.05,0.05,0.0,0.0,0.0,False,50
PNMAL1,0.01,0,0,0,22.5,17.0,22.5,0.5,0.0,0.0,0.1,0.0,0.0,0.0,0.0,0.0,0.0,0.0,0.0,0.0,0.0,0.0,False,50
BLOC1S1,0.01,0,0,0,23.0,23.0,23.0,1.0,0.0,0.0,0.0,0.0,0.0,0.0,0.0,0.0,0.0,0.05,0.05,0.0,0.0,0.0,False,50
CDH26,0.01,0,0,0,23.0,3.0,23.0,0.0,0.0,0.0,0.0,0.0,0.05,0.05,0.0,0.0,0.0,0.0,0.0,0.0,0.05,0.0,False,50
F9,0.01,0,0,0,23.0,23.0,23.0,1.0,0.0,0.0,0.0,0.0,0.0,0.0,0.0,0.0,0.0,0.05,0.05,0.0,0.0,0.0,False,50
GMFG,0.01,0,0,0,23.0,22.0,23.0,1.0,0.0,0.0,0.0,0.0,0.0,0.0,0.0,0.0,0.0,0.05,0.05,0.0,0.0,0.0,False,50
GSTM4,0.01,0,0,0,23.0,23.0,23.0,1.0,0.0,0.0,0.0,0.0,0.0,0.0,0.0,0.0,0.0,0.05,0.05,0.0,0.0,0.0,False,50
KIAA0930,0.01,0,0,0,23.0,20.0,23.0,,0.0,0.0,0.0,0.1,0.0,0.0,0.0,0.0,0.0,0.0,0.0,0.0,0.0,0.0,False,50
KIF11,0.01,0,0,0,23.0,9.0,23.0,1.0,0.0,0.0,0.0,0.0,0.0,0.0,0.0,0.05,0.05,0.0,0.0,0.0,0.0,0.0,False,50
NUFIP2,0.01,0,0,0,23.0,23.0,23.0,1.0,0.0,0.0,0.0,0.0,0.0,0.0,0.0,0.0,0.0,0.05,0.05,0.0,0.0,0.0,False,50
PABPC1,0.01,0,0,0,23.0,23.0,23.0,1.0,0.0,0.0,0.0,0.0,0.0,0.0,0.0,0.0,0.0,0.05,0.05,0.0,0.0,0.0,False,50
RNASE4,0.01,0,0,0,23.0,22.0,23.0,1.0,0.0,0.0,0.0,0.0,0.0,0.0,0.0,0.05,0.05,0.0,0.0,0.0,0.0,0.0,False,50
TMEM230,0.01,0,0,0,23.0,22.0,23.0,1.0,0.0,0.0,0.0,0.0,0.0,0.0,0.0,0.0,0.0,0.05,0.05,0.0,0.0,0.0,False,50
WISP1,0.01,0,0,0,23.0,17.0,23.0,0.0,0.0,0.0,0.1,0.0,0.0,0.0,0.0,0.0,0.0,0.0,0.0,0.0,0.0,0.0,False,50
ADI1,0.01,0,0,0,23.5,23.0,23.5,1.0,0.0,0.0,0.0,0.0,0.0,0.0,0.0,0.0,0.0,0.05,0.05,0.0,0.0,0.0,False,50
FCGR1B,0.01,0,0,0,23.5,23.0,23.5,1.0,0.0,0.0,0.0,0.0,0.0,0.0,0.0,0.0,0.0,0.05,0.05,0.0,0.0,0.0,False,50
MARK1,0.01,0,0,0,23.5,7.0,23.5,0.5,0.0,0.0,0.1,0.0,0.0,0.0,0.0,0.0,0.0,0.0,0.0,0.0,0.0,0.0,False,50
CEP126,0.01,0,0,0,24.0,23.0,24.0,1.0,0.0,0.0,0.0,0.0,0.0,0.0,0.0,0.0,0.0,0.05,0.05,0.0,0.0,0.0,False,50
CSNK1G2,0.01,0,0,0,24.0,24.0,24.0,1.0,0.05,0.0,0.0,0.0,0.0,0.0,0.0,0.0,0.0,0.05,0.05,0.0,0.0,0.05,False,50
FAM65C,0.01,0,0,0,24.0,24.0,24.0,1.0,0.0,0.0,0.0,0.0,0.0,0.0,0.0,0.0,0.0,0.05,0.05,0.0,0.0,0.0,False,50
HOMER3,0.01,0,0,0,24.0,24.0,24.0,1.0,0.0,0.0,0.0,0.0,0.0,0.0,0.0,0.0,0.0,0.05,0.05,0.0,0.0,0.0,False,50
LOC100506585,0.01,0,0,0,24.0,17.0,24.0,,0.0,0.0,0.0,0.1,0.0,0.0,0.0,0.0,0.0,0.0,0.0,0.0,0.0,0.0,False,50
MC3R,0.01,0,0,0,24.0,7.0,24.0,1.0,0.0,0.0,0.0,0.05,0.05,0.0,0.0,0.0,0.0,0.0,0.0,0.0,0.05,0.0,False,50
NAMPT,0.01,0,0,0,24.0,24.0,24.0,1.0,0.0,0.0,0.0,0.0,0.0,0.0,0.0,0.0,0.0,0.05,0.05,0.0,0.0,0.0,False,50
PTTG1IP,0.01,0,0,0,24.0,24.0,24.0,1.0,0.0,0.0,0.0,0.0,0.0,0.0,0.0,0.0,0.0,0.05,0.05,0.0,0.0,0.0,False,50
UTS2,0.01,0,0,0,24.0,6.0,24.0,,0.0,0.0,0.0,0.1,0.0,0.0,0.0,0.0,0.0,0.0,0.0,0.0,0.0,0.0,False,50
FOXK2,0.01,0,0,0,24.5,24.0,24.5,1.0,0.0,0.0,0.0,0.0,0.0,0.0,0.0,0.0,0.0,0.05,0.05,0.0,0.0,0.0,False,50
COL4A5,0.01,0,0,0,25.0,6.0,25.0,0.5,0.0,0.0,0.05,0.0,0.0,0.05,0.0,0.0,0.0,0.0,0.0,0.0,0.0,0.0,False,50
DNAL1,0.01,0,0,0,25.0,25.0,25.0,1.0,0.0,0.0,0.0,0.0,0.0,0.0,0.0,0.0,0.0,0.05,0.05,0.0,0.0,0.0,False,50
PDHA1,0.01,0,0,0,25.0,5.0,25.0,1.0,0.0,0.0,0.05,0.05,0.0,0.0,0.0,0.0,0.0,0.0,0.0,0.0,0.0,0.0,False,50
VASH1,0.01,0,0,0,25.0,25.0,25.0,1.0,0.0,0.0,0.0,0.0,0.0,0.0,0.0,0.0,0.0,0.05,0.05,0.0,0.0,0.0,False,50
FMO1,0.01,0,0,0,25.5,22.0,25.5,1.0,0.0,0.0,0.05,0.05,0.0,0.0,0.0,0.0,0.0,0.0,0.0,0.0,0.0,0.0,False,50
SSB,0.01,0,0,0,25.5,25.0,25.5,1.0,0.0,0.0,0.0,0.0,0.0,0.0,0.0,0.1,0.0,0.0,0.0,0.0,0.0,0.0,False,50
STON1,0.01,0,0,0,25.5,25.0,25.5,1.0,0.0,0.0,0.0,0.0,0.0,0.0,0.0,0.0,0.0,0.05,0.05,0.0,0.0,0.0,False,50
ADH1B,0.01,0,0,0,26.0,26.0,26.0,0.5,0.05,0.0,0.0,0.0,0.0,0.0,0.0,0.0,0.0,0.05,0.05,0.0,0.0,0.05,False,50
C11orf80,0.01,0,0,0,26.0,23.0,26.0,1.0,0.0,0.0,0.0,0.0,0.0,0.0,0.0,0.05,0.05,0.0,0.0,0.0,0.0,0.0,False,50
RUNX2,0.01,0,0,0,26.0,14.0,26.0,0.0,0.0,0.0,0.05,0.05,0.0,0.0,0.0,0.0,0.0,0.0,0.0,0.0,0.0,0.0,False,50
ZNF720,0.01,0,0,0,26.0,26.0,26.0,1.0,0.0,0.0,0.0,0.0,0.0,0.0,0.0,0.0,0.0,0.05,0.05,0.0,0.0,0.0,False,50
CYP4F2,0.01,0,0,0,26.5,16.0,26.5,,0.0,0.0,0.0,0.1,0.0,0.0,0.0,0.0,0.0,0.0,0.0,0.0,0.0,0.0,False,50
KIAA1328,0.01,0,0,0,26.5,26.0,26.5,0.0,0.0,0.0,0.1,0.0,0.0,0.0,0.0,0.0,0.0,0.0,0.0,0.0,0.0,0.0,False,50
SLC4A4,0.01,0,0,0,26.5,23.0,26.5,,0.0,0.0,0.0,0.0,0.0,0.0,0.0,0.0,0.1,0.0,0.0,0.0,0.0,0.0,False,50
UBA6,0.01,0,0,0,26.5,26.0,26.5,0.0,0.0,0.0,0.05,0.05,0.0,0.0,0.0,0.0,0.0,0.0,0.0,0.0,0.0,0.0,False,50
ZNF184,0.01,0,0,0,26.5,12.0,26.5,0.5,0.0,0.0,0.1,0.0,0.0,0.0,0.0,0.0,0.0,0.0,0.0,0.0,0.0,0.0,False,50
ZNF324,0.01,0,0,0,26.5,26.0,26.5,1.0,0.0,0.0,0.0,0.0,0.0,0.0,0.0,0.0,0.0,0.05,0.05,0.0,0.0,0.0,False,50
MESDC2,0.01,0,0,0,27.0,27.0,27.0,1.0,0.0,0.0,0.0,0.0,0.0,0.0,0.0,0.0,0.0,0.05,0.05,0.0,0.0,0.0,False,50
P4HA3,0.01,0,0,0,27.0,7.0,27.0,0.0,0.0,0.0,0.05,0.05,0.0,0.0,0.0,0.0,0.0,0.0,0.0,0.0,0.0,0.0,False,50
ART4,0.01,0,0,0,27.5,27.0,27.5,1.0,0.0,0.0,0.0,0.0,0.0,0.0,0.0,0.0,0.0,0.05,0.05,0.0,0.0,0.0,False,50
EDNRB,0.01,0,0,0,27.5,23.0,27.5,1.0,0.0,0.0,0.0,0.0,0.0,0.0,0.0,0.05,0.05,0.0,0.0,0.0,0.0,0.0,False,50
EMP1,0.01,0,0,0,27.5,27.0,27.5,1.0,0.0,0.0,0.0,0.0,0.0,0.0,0.0,0.05,0.05,0.0,0.0,0.0,0.0,0.0,False,50
LIX1L,0.01,0,0,0,27.5,27.0,27.5,1.0,0.0,0.0,0.0,0.0,0.0,0.0,0.0,0.1,0.0,0.0,0.0,0.0,0.0,0.0,False,50
PACSIN2,0.01,0,0,0,27.5,27.0,27.5,1.0,0.0,0.0,0.0,0.0,0.0,0.0,0.0,0.0,0.0,0.05,0.05,0.0,0.0,0.0,False,50
RASL10A,0.01,0,0,0,28.0,19.0,28.0,1.0,0.0,0.0,0.1,0.0,0.0,0.0,0.0,0.0,0.0,0.0,0.0,0.0,0.0,0.0,False,50
LMO3,0.01,0,0,0,28.5,27.0,28.5,0.5,0.0,0.0,0.05,0.0,0.0,0.05,0.0,0.0,0.0,0.0,0.0,0.0,0.0,0.0,False,50
METTL21A,0.01,0,0,0,28.5,14.0,28.5,0.5,0.0,0.0,0.05,0.0,0.0,0.05,0.0,0.0,0.0,0.0,0.0,0.0,0.0,0.0,False,50
LINC01119,0.01,0,0,0,29.0,8.0,29.0,,0.0,0.0,0.0,0.1,0.0,0.0,0.0,0.0,0.0,0.0,0.0,0.0,0.0,0.0,False,50
RNASE1,0.01,0,0,0,29.0,26.0,29.0,1.0,0.0,0.0,0.1,0.0,0.0,0.0,0.0,0.0,0.0,0.0,0.0,0.0,0.0,0.0,False,50
SMIM20,0.01,0,0,0,29.0,26.0,29.0,0.0,0.15,0.0,0.0,0.0,0.0,0.0,0.0,0.0,0.1,0.0,0.0,0.0,0.0,0.15,False,50
SMPD2,0.01,0,0,0,29.0,22.0,29.0,1.0,0.1,0.0,0.0,0.0,0.0,0.0,0.0,0.05,0.05,0.0,0.0,0.0,0.0,0.1,False,50
CGRRF1,0.01,0,0,0,29.5,26.0,29.5,1.0,0.0,0.0,0.0,0.0,0.0,0.0,0.0,0.05,0.05,0.0,0.0,0.0,0.0,0.0,False,50
DNAH9,0.01,0,0,0,29.5,26.0,29.5,0.0,0.0,0.0,0.0,0.0,0.05,0.0,0.05,0.0,0.0,0.0,0.0,0.0,0.05,0.0,False,50
FAXDC2,0.01,0,0,0,29.5,25.0,29.5,1.0,0.0,0.0,0.0,0.0,0.0,0.0,0.0,0.1,0.0,0.0,0.0,0.0,0.0,0.0,False,50
ACO1,0.01,0,0,0,30.5,17.0,30.5,0.5,0.05,0.0,0.0,0.0,0.0,0.0,0.0,0.05,0.05,0.0,0.0,0.0,0.0,0.05,False,50
GNG11,0.01,0,0,0,30.5,26.0,30.5,0.5,0.05,0.0,0.0,0.0,0.0,0.0,0.0,0.05,0.05,0.0,0.0,0.0,0.0,0.05,False,50
ALDH2,0.01,0,0,0,31.0,29.0,31.0,1.0,0.0,0.0,0.0,0.0,0.0,0.0,0.0,0.1,0.0,0.0,0.0,0.0,0.0,0.0,False,50
COX7A1,0.01,0,0,0,31.0,30.0,31.0,0.16666666666666666,0.25,0.0,0.0,0.0,0.0,0.0,0.0,0.05,0.05,0.0,0.0,0.0,0.0,0.25,False,50
EPT1,0.01,0,0,0,31.0,28.0,31.0,,0.0,0.0,0.0,0.0,0.0,0.0,0.0,0.0,0.1,0.0,0.0,0.0,0.0,0.0,False,50
PIK3R6,0.01,0,0,0,31.0,29.0,31.0,,0.0,0.0,0.0,0.1,0.0,0.0,0.0,0.0,0.0,0.0,0.0,0.0,0.0,0.0,False,50
CORO2A,0.01,0,0,0,32.0,19.0,32.0,1.0,0.6,0.0,0.0,0.0,0.0,0.0,0.0,0.05,0.05,0.0,0.0,0.0,0.0,0.6,False,50
DENND6A,0.01,0,0,0,32.0,20.0,32.0,1.0,0.0,0.0,0.05,0.05,0.0,0.0,0.0,0.0,0.0,0.0,0.0,0.0,0.0,0.0,False,50
NDUFS4,0.01,0,0,0,32.0,27.0,32.0,1.0,0.0,0.0,0.0,0.0,0.0,0.0,0.0,0.05,0.05,0.0,0.0,0.0,0.0,0.0,False,50
PYROXD2,0.01,0,0,0,32.0,24.0,32.0,0.0,0.0,0.0,0.0,0.05,0.0,0.05,0.0,0.0,0.0,0.0,0.0,0.0,0.0,0.0,False,50
ZNF385B,0.01,0,0,0,32.0,32.0,32.0,0.0,0.0,0.0,0.05,0.05,0.0,0.0,0.0,0.0,0.0,0.0,0.0,0.0,0.0,0.0,False,50
ABCC8,0.01,0,0,0,32.5,25.0,32.5,,0.0,0.0,0.0,0.1,0.0,0.0,0.0,0.0,0.0,0.0,0.0,0.0,0.0,0.0,False,50
ETNK2,0.01,0,0,0,32.5,18.0,32.5,0.0,0.0,0.0,0.05,0.05,0.0,0.0,0.0,0.0,0.0,0.0,0.0,0.0,0.0,0.0,False,50
FLNB,0.01,0,0,0,32.5,29.0,32.5,1.0,0.0,0.0,0.0,0.0,0.0,0.0,0.0,0.05,0.05,0.0,0.0,0.0,0.0,0.0,False,50
SLC16A10,0.01,0,0,0,32.5,31.0,32.5,,0.0,0.0,0.0,0.1,0.0,0.0,0.0,0.0,0.0,0.0,0.0,0.0,0.0,0.0,False,50
ZFHX4,0.01,0,0,0,32.5,24.0,32.5,0.5,0.0,0.0,0.05,0.0,0.0,0.0,0.0,0.05,0.0,0.0,0.0,0.0,0.0,0.0,False,50
LIPJ,0.01,0,0,0,33.0,16.0,33.0,0.5,0.0,0.0,0.1,0.0,0.0,0.0,0.0,0.0,0.0,0.0,0.0,0.0,0.0,0.0,False,50
STARD10,0.01,0,0,0,33.0,30.0,33.0,1.0,0.0,0.0,0.0,0.0,0.0,0.0,0.0,0.05,0.05,0.0,0.0,0.0,0.0,0.0,False,50
GYPC,0.01,0,0,0,33.5,31.0,33.5,1.0,0.0,0.0,0.0,0.0,0.0,0.0,0.0,0.05,0.05,0.0,0.0,0.0,0.0,0.0,False,50
ZNF146,0.01,0,0,0,33.5,25.0,33.5,1.0,0.0,0.0,0.05,0.05,0.0,0.0,0.0,0.0,0.0,0.0,0.0,0.0,0.0,0.0,False,50
CRYBB1,0.01,0,0,0,34.0,22.0,34.0,,0.0,0.0,0.0,0.1,0.0,0.0,0.0,0.0,0.0,0.0,0.0,0.0,0.0,0.0,False,50
PROM2,0.01,0,0,0,34.0,31.0,34.0,1.0,0.0,0.0,0.0,0.0,0.0,0.0,0.0,0.05,0.05,0.0,0.0,0.0,0.0,0.0,False,50
TRMU,0.01,0,0,0,34.0,25.0,34.0,,0.0,0.0,0.0,0.0,0.0,0.0,0.0,0.0,0.1,0.0,0.0,0.0,0.0,0.0,False,50
EVI5,0.01,0,0,0,34.5,31.0,34.5,1.0,0.0,0.0,0.0,0.0,0.0,0.0,0.0,0.1,0.0,0.0,0.0,0.0,0.0,0.0,False,50
LPL,0.01,0,0,0,34.5,33.0,34.5,1.0,0.0,0.0,0.0,0.0,0.0,0.0,0.0,0.05,0.05,0.0,0.0,0.0,0.0,0.0,False,50
TRHDE-AS1,0.01,0,0,0,34.5,33.0,34.5,0.0,0.0,0.0,0.0,0.0,0.05,0.0,0.05,0.0,0.0,0.0,0.0,0.0,0.05,0.0,False,50
ATP23,0.01,0,0,0,35.0,23.0,35.0,1.0,0.0,0.0,0.0,0.0,0.0,0.05,0.0,0.05,0.0,0.0,0.0,0.0,0.0,0.0,False,50
CDK1,0.01,0,0,0,35.0,26.0,35.0,1.0,0.0,0.0,0.0,0.0,0.0,0.0,0.0,0.1,0.0,0.0,0.0,0.0,0.0,0.0,False,50
GRAMD1C,0.01,0,0,0,35.0,32.0,35.0,0.5,0.0,0.0,0.0,0.0,0.0,0.1,0.0,0.0,0.0,0.0,0.0,0.0,0.0,0.0,False,50
LOC101928943,0.01,0,0,0,35.0,26.0,35.0,0.0,0.0,0.1,0.0,0.0,0.0,0.0,0.0,0.0,0.0,0.0,0.0,0.15,0.0,0.0,False,50
RAMP2,0.01,0,0,0,35.0,29.0,35.0,0.5,0.0,0.05,0.05,0.0,0.0,0.0,0.0,0.0,0.0,0.0,0.0,0.0,0.0,0.0,False,50
RFTN1,0.01,0,0,0,35.0,33.0,35.0,0.0,0.05,0.0,0.0,0.0,0.0,0.0,0.0,0.0,0.1,0.0,0.0,0.0,0.0,0.05,False,50
STAT5B,0.01,0,0,0,35.0,29.0,35.0,1.0,0.0,0.0,0.0,0.0,0.0,0.0,0.0,0.05,0.05,0.0,0.0,0.0,0.0,0.0,False,50
FOLR2,0.01,0,0,0,35.5,35.0,35.5,1.0,0.0,0.0,0.0,0.0,0.0,0.0,0.0,0.05,0.05,0.0,0.0,0.0,0.0,0.0,False,50
G0S2,0.01,0,0,0,35.5,31.0,35.5,0.5,0.05,0.0,0.0,0.0,0.0,0.0,0.0,0.05,0.05,0.0,0.0,0.0,0.0,0.05,False,50
KRTAP1-3,0.01,0,0,0,35.5,25.0,35.5,0.0,0.0,0.1,0.0,0.0,0.0,0.0,0.0,0.0,0.0,0.0,0.0,0.0,0.0,0.0,False,50
SLC38A1,0.01,0,0,0,35.5,35.0,35.5,0.5,0.0,0.0,0.0,0.0,0.0,0.1,0.0,0.0,0.0,0.0,0.0,0.0,0.0,0.0,False,50
SPATA1,0.01,0,0,0,35.5,29.0,35.5,,0.0,0.0,0.0,0.1,0.0,0.0,0.0,0.0,0.0,0.0,0.0,0.0,0.0,0.0,False,50
COL11A1,0.01,0,0,0,36.0,27.0,36.0,1.0,0.2,0.0,0.0,0.0,0.0,0.0,0.0,0.05,0.05,0.0,0.0,0.0,0.0,0.2,False,50
PRR26,0.01,0,0,0,36.0,27.0,36.0,0.0,0.0,0.0,0.0,0.0,0.05,0.0,0.05,0.0,0.0,0.0,0.0,0.0,0.05,0.0,False,50
TSPAN3,0.01,0,0,0,36.0,30.0,36.0,1.0,0.0,0.0,0.0,0.0,0.0,0.0,0.0,0.1,0.0,0.0,0.0,0.0,0.0,0.0,False,50
BMP2K,0.01,0,0,0,36.5,31.0,36.5,,0.0,0.0,0.0,0.1,0.0,0.0,0.0,0.0,0.0,0.0,0.0,0.0,0.0,0.0,False,50
MTIF3,0.01,0,0,0,36.5,33.0,36.5,1.0,0.0,0.0,0.0,0.0,0.0,0.0,0.0,0.05,0.05,0.0,0.0,0.0,0.0,0.0,False,50
EBF1,0.01,0,0,0,37.5,27.0,37.5,0.2,0.2,0.0,0.0,0.0,0.0,0.0,0.0,0.05,0.05,0.0,0.0,0.0,0.0,0.2,False,50
ENAH,0.01,0,0,0,37.5,26.0,37.5,1.0,0.0,0.0,0.0,0.0,0.0,0.0,0.0,0.05,0.05,0.0,0.0,0.0,0.0,0.0,False,50
ARHGAP42,0.01,0,0,0,38.0,27.0,38.0,1.0,0.0,0.0,0.0,0.0,0.0,0.1,0.0,0.0,0.0,0.0,0.0,0.0,0.0,0.0,False,50
CD109,0.01,0,0,0,38.0,32.0,38.0,1.0,0.0,0.0,0.0,0.05,0.0,0.05,0.0,0.0,0.0,0.0,0.0,0.0,0.0,0.0,False,50
ZNF541,0.01,0,0,0,38.0,27.0,38.0,0.0,0.0,0.0,0.05,0.0,0.0,0.05,0.0,0.0,0.0,0.0,0.0,0.0,0.0,0.0,False,50
ATOH8,0.01,0,0,0,38.5,29.0,38.5,0.0,0.0,0.0,0.05,0.0,0.0,0.0,0.0,0.0,0.05,0.0,0.0,0.0,0.0,0.0,False,50
CASP12,0.01,0,0,0,38.5,35.0,38.5,,0.0,0.0,0.0,0.1,0.0,0.0,0.0,0.0,0.0,0.0,0.0,0.0,0.0,0.0,False,50
FAAH2,0.01,0,0,0,38.5,27.0,38.5,1.0,0.0,0.0,0.0,0.0,0.0,0.0,0.0,0.05,0.05,0.0,0.0,0.0,0.0,0.0,False,50
LINC01140,0.01,0,0,0,38.5,38.0,38.5,1.0,0.0,0.0,0.0,0.0,0.0,0.0,0.0,0.05,0.05,0.0,0.0,0.0,0.0,0.0,False,50
MBOAT7,0.01,0,0,0,38.5,33.0,38.5,1.0,0.0,0.0,0.0,0.0,0.0,0.0,0.0,0.1,0.0,0.0,0.0,0.0,0.0,0.0,False,50
NECTIN3,0.01,0,0,0,38.5,38.0,38.5,0.25,0.0,0.0,0.1,0.0,0.0,0.0,0.0,0.0,0.0,0.0,0.0,0.1,0.0,0.0,False,50
OR2F2,0.01,0,0,0,38.5,34.0,38.5,0.0,0.0,0.1,0.0,0.0,0.0,0.0,0.0,0.0,0.0,0.0,0.0,0.2,0.0,0.0,False,50
PITPNA-AS1,0.01,0,0,0,38.5,28.0,38.5,1.0,0.0,0.0,0.0,0.0,0.0,0.0,0.0,0.05,0.05,0.0,0.0,0.0,0.0,0.0,False,50
POLR1C,0.01,0,0,0,38.5,37.0,38.5,,0.0,0.0,0.0,0.0,0.0,0.0,0.0,0.0,0.1,0.0,0.0,0.0,0.0,0.0,False,50
AOC4P,0.01,0,0,0,39.0,31.0,39.0,,0.0,0.0,0.0,0.1,0.0,0.0,0.0,0.0,0.0,0.0,0.0,0.0,0.0,0.0,False,50
NECTIN4,0.01,0,0,0,39.0,33.0,39.0,1.0,0.75,0.0,0.0,0.0,0.0,0.0,0.0,0.0,0.1,0.0,0.0,0.0,0.0,0.75,False,50
OVOL2,0.01,0,0,0,39.0,39.0,39.0,0.0,0.0,0.0,0.0,0.0,0.0,0.05,0.0,0.0,0.05,0.0,0.0,0.0,0.0,0.0,False,50
STRADB,0.01,0,0,0,39.0,30.0,39.0,0.5,0.0,0.0,0.0,0.0,0.0,0.05,0.0,0.05,0.0,0.0,0.0,0.0,0.0,0.0,False,50
IGFBP6,0.01,0,0,0,39.5,38.0,39.5,0.2,0.2,0.0,0.0,0.0,0.0,0.0,0.0,0.05,0.05,0.0,0.0,0.0,0.0,0.2,False,50
RBMS3-AS3,0.01,0,0,0,39.5,33.0,39.5,0.0,0.0,0.0,0.0,0.0,0.1,0.0,0.0,0.0,0.0,0.0,0.0,0.0,0.1,0.0,False,50
BLOC1S6,0.01,0,0,0,40.0,39.0,40.0,,0.0,0.0,0.0,0.0,0.0,0.0,0.0,0.0,0.1,0.0,0.0,0.0,0.0,0.0,False,50
FANK1,0.01,0,0,0,40.0,37.0,40.0,0.6666666666666666,0.05,0.0,0.1,0.0,0.0,0.0,0.0,0.0,0.0,0.0,0.0,0.0,0.0,0.05,False,50
MESP1,0.01,0,0,0,40.0,35.0,40.0,1.0,0.0,0.0,0.1,0.0,0.0,0.0,0.0,0.0,0.0,0.0,0.0,0.0,0.0,0.0,False,50
LOC105376292,0.01,0,0,0,40.5,37.0,40.5,0.0,0.0,0.05,0.0,0.05,0.0,0.0,0.0,0.0,0.0,0.0,0.0,0.1,0.0,0.0,False,50
TMF1,0.01,0,0,0,40.5,37.0,40.5,1.0,0.0,0.0,0.0,0.0,0.0,0.0,0.0,0.05,0.05,0.0,0.0,0.0,0.0,0.0,False,50
ALDH1A1,0.01,0,0,0,41.0,36.0,41.0,0.5,0.05,0.0,0.0,0.0,0.0,0.0,0.0,0.05,0.05,0.0,0.0,0.0,0.0,0.05,False,50
EDN3,0.01,0,0,0,41.0,35.0,41.0,1.0,0.0,0.05,0.0,0.05,0.0,0.0,0.0,0.0,0.0,0.0,0.0,0.0,0.0,0.0,False,50
GFPT2,0.01,0,0,0,41.0,41.0,41.0,1.0,0.0,0.0,0.05,0.0,0.0,0.05,0.0,0.0,0.0,0.0,0.0,0.0,0.0,0.0,False,50
HHIP,0.01,0,0,0,41.0,35.0,41.0,0.0,0.0,0.0,0.0,0.0,0.05,0.0,0.05,0.0,0.0,0.0,0.0,0.0,0.05,0.0,False,50
MMP8,0.01,0,0,0,41.0,33.0,41.0,,0.0,0.0,0.0,0.1,0.0,0.0,0.0,0.0,0.0,0.0,0.0,0.0,0.0,0.0,False,50
CEP112,0.01,0,0,0,41.5,41.0,41.5,0.0,0.0,0.0,0.1,0.0,0.0,0.0,0.0,0.0,0.0,0.0,0.0,0.0,0.0,0.0,False,50
CHRNA1,0.01,0,0,0,41.5,38.0,41.5,,0.0,0.0,0.0,0.1,0.0,0.0,0.0,0.0,0.0,0.0,0.0,0.0,0.0,0.0,False,50
GPRC5A,0.01,0,0,0,41.5,34.0,41.5,1.0,0.45,0.0,0.0,0.0,0.0,0.0,0.0,0.05,0.05,0.0,0.0,0.0,0.0,0.45,False,50
KNL1,0.01,0,0,0,41.5,36.0,41.5,1.0,0.0,0.0,0.0,0.0,0.0,0.0,0.0,0.05,0.05,0.0,0.0,0.0,0.0,0.0,False,50
LEP,0.01,0,0,0,41.5,40.0,41.5,0.25,0.15,0.0,0.0,0.0,0.0,0.0,0.0,0.05,0.05,0.0,0.0,0.0,0.0,0.15,False,50
RPS8,0.01,0,0,0,41.5,34.0,41.5,0.0,0.0,0.1,0.0,0.0,0.0,0.0,0.0,0.0,0.0,0.0,0.0,0.15,0.0,0.0,False,50
SNX21,0.01,0,0,0,41.5,39.0,41.5,1.0,0.0,0.0,0.0,0.0,0.0,0.0,0.0,0.05,0.05,0.0,0.0,0.0,0.0,0.0,False,50
MS4A6E,0.01,0,0,0,42.0,39.0,42.0,,0.0,0.0,0.0,0.1,0.0,0.0,0.0,0.0,0.0,0.0,0.0,0.0,0.0,0.0,False,50
PPEF1,0.01,0,0,0,42.0,36.0,42.0,0.0,0.0,0.1,0.0,0.0,0.0,0.0,0.0,0.0,0.0,0.0,0.0,0.0,0.0,0.0,False,50
TMEM245,0.01,0,0,0,42.0,42.0,42.0,1.0,0.0,0.0,0.0,0.0,0.0,0.0,0.0,0.05,0.05,0.0,0.0,0.0,0.0,0.0,False,50
COL6A6,0.01,0,0,0,42.5,36.0,42.5,0.5,0.0,0.05,0.05,0.0,0.0,0.0,0.0,0.0,0.0,0.0,0.0,0.0,0.0,0.0,False,50
CYP4B1,0.01,0,0,0,42.5,42.0,42.5,0.5,0.0,0.0,0.1,0.0,0.0,0.0,0.0,0.0,0.0,0.0,0.0,0.0,0.0,0.0,False,50
GBAP1,0.01,0,0,0,42.5,37.0,42.5,,0.0,0.0,0.0,0.0,0.0,0.0,0.0,0.0,0.1,0.0,0.0,0.0,0.0,0.0,False,50
PCCA,0.01,0,0,0,42.5,38.0,42.5,0.0,0.0,0.0,0.05,0.0,0.0,0.0,0.0,0.0,0.05,0.0,0.0,0.0,0.0,0.0,False,50
TRAPPC10,0.01,0,0,0,42.5,37.0,42.5,0.5,0.0,0.0,0.05,0.0,0.0,0.0,0.0,0.05,0.0,0.0,0.0,0.0,0.0,0.0,False,50
APOC1,0.01,0,0,0,43.0,38.0,43.0,,0.0,0.0,0.0,0.1,0.0,0.0,0.0,0.0,0.0,0.0,0.0,0.0,0.0,0.0,False,50
FKBPL,0.01,0,0,0,43.0,36.0,43.0,1.0,0.0,0.0,0.0,0.0,0.0,0.0,0.0,0.05,0.05,0.0,0.0,0.0,0.0,0.0,False,50
TYMP,0.01,0,0,0,43.0,38.0,43.0,1.0,0.0,0.0,0.0,0.0,0.0,0.0,0.0,0.05,0.05,0.0,0.0,0.0,0.0,0.0,False,50
C1orf226,0.01,0,0,0,43.5,40.0,43.5,0.5,0.0,0.0,0.1,0.0,0.0,0.0,0.0,0.0,0.0,0.0,0.0,0.0,0.0,0.0,False,50
FOXP2,0.01,0,0,0,43.5,40.0,43.5,1.0,0.0,0.0,0.0,0.0,0.0,0.05,0.05,0.0,0.0,0.0,0.0,0.0,0.0,0.0,False,50
PDZD2,0.01,0,0,0,43.5,38.0,43.5,1.0,0.0,0.0,0.0,0.0,0.0,0.0,0.0,0.05,0.05,0.0,0.0,0.0,0.0,0.0,False,50
LINC00982,0.01,0,0,0,44.0,39.0,44.0,0.5,0.0,0.05,0.05,0.0,0.0,0.0,0.0,0.0,0.0,0.0,0.0,0.0,0.0,0.0,False,50
QTRT2,0.01,0,0,0,44.0,42.0,44.0,,0.0,0.0,0.0,0.0,0.0,0.0,0.0,0.0,0.1,0.0,0.0,0.0,0.0,0.0,False,50
RTKN,0.01,0,0,0,44.0,43.0,44.0,,0.0,0.0,0.0,0.0,0.0,0.0,0.0,0.0,0.1,0.0,0.0,0.0,0.0,0.0,False,50
CHP1,0.01,0,0,0,44.5,41.0,44.5,1.0,0.0,0.0,0.0,0.0,0.0,0.0,0.0,0.1,0.0,0.0,0.0,0.0,0.0,0.0,False,50
CSN1S1,0.01,0,0,0,44.5,44.0,44.5,,0.0,0.0,0.0,0.0,0.0,0.0,0.0,0.0,0.1,0.0,0.0,0.0,0.0,0.0,False,50
LOC728061,0.01,0,0,0,44.5,39.0,44.5,,0.0,0.0,0.0,0.05,0.0,0.0,0.0,0.0,0.05,0.0,0.0,0.0,0.0,0.0,False,50
RHPN2,0.01,0,0,0,44.5,39.0,44.5,0.0,0.0,0.0,0.05,0.0,0.0,0.0,0.0,0.0,0.05,0.0,0.0,0.0,0.0,0.0,False,50
TSKU,0.01,0,0,0,45.0,40.0,45.0,1.0,0.0,0.0,0.0,0.05,0.0,0.0,0.0,0.05,0.0,0.0,0.0,0.0,0.0,0.0,False,50
DEFB132,0.01,0,0,0,45.5,45.0,45.5,,0.0,0.0,0.0,0.0,0.0,0.0,0.1,0.0,0.0,0.0,0.0,0.0,0.0,0.0,False,50
MYH9,0.01,0,0,0,45.5,43.0,45.5,0.5,0.0,0.0,0.05,0.0,0.0,0.05,0.0,0.0,0.0,0.0,0.0,0.0,0.0,0.0,False,50
ENPP5,0.01,0,0,0,46.0,43.0,46.0,0.5,0.0,0.0,0.0,0.0,0.0,0.1,0.0,0.0,0.0,0.0,0.0,0.0,0.0,0.0,False,50
MMD,0.01,0,0,0,46.0,43.0,46.0,,0.0,0.0,0.0,0.0,0.0,0.0,0.0,0.0,0.1,0.0,0.0,0.0,0.0,0.0,False,50
FAM213B,0.01,0,0,0,47.0,44.0,47.0,1.0,0.05,0.0,0.0,0.0,0.0,0.0,0.0,0.05,0.05,0.0,0.0,0.0,0.0,0.05,False,50
NR3C1,0.01,0,0,0,47.0,46.0,47.0,1.0,0.0,0.0,0.0,0.0,0.0,0.0,0.0,0.05,0.05,0.0,0.0,0.0,0.0,0.0,False,50
FCGBP,0.01,0,0,0,47.5,46.0,47.5,0.0,0.0,0.0,0.05,0.05,0.0,0.0,0.0,0.0,0.0,0.0,0.0,0.0,0.0,0.0,False,50
FEZ1,0.01,0,0,0,48.0,47.0,48.0,1.0,0.0,0.0,0.05,0.0,0.0,0.0,0.0,0.0,0.05,0.0,0.0,0.0,0.0,0.0,False,50
PLXNA4,0.01,0,0,0,48.0,46.0,48.0,1.0,0.0,0.0,0.0,0.0,0.0,0.0,0.0,0.05,0.05,0.0,0.0,0.0,0.0,0.0,False,50
TRAF4,0.01,0,0,0,48.0,47.0,48.0,1.0,0.0,0.0,0.0,0.0,0.0,0.0,0.0,0.05,0.05,0.0,0.0,0.0,0.0,0.0,False,50
F12,0.01,0,0,0,48.5,48.0,48.5,1.0,0.05,0.0,0.0,0.0,0.0,0.0,0.0,0.1,0.0,0.0,0.0,0.0,0.0,0.05,False,50
ADGRG5,0.01,0,0,0,49.5,49.0,49.5,,0.0,0.0,0.0,0.1,0.0,0.0,0.0,0.0,0.0,0.0,0.0,0.0,0.0,0.0,False,50
ERICH1-AS1,0.01,0,0,0,49.5,49.0,49.5,0.0,0.0,0.1,0.0,0.0,0.0,0.0,0.0,0.0,0.0,0.0,0.0,0.0,0.0,0.0,False,50
ST6GALNAC5,0.005,0,0,0,1.0,1.0,1.0,,0.0,0.0,0.0,0.05,0.0,0.0,0.0,0.0,0.0,0.0,0.0,0.0,0.0,0.0,False,50
C1orf115,0.005,0,0,0,2.0,2.0,2.0,,0.0,0.0,0.0,0.05,0.0,0.0,0.0,0.0,0.0,0.0,0.0,0.0,0.0,0.0,False,50
RFX6,0.005,0,0,0,2.0,2.0,2.0,,0.0,0.0,0.0,0.05,0.0,0.0,0.0,0.0,0.0,0.0,0.0,0.0,0.0,0.0,False,50
LINC00922,0.005,0,0,0,3.0,3.0,3.0,1.0,0.0,0.0,0.05,0.0,0.0,0.0,0.0,0.0,0.0,0.0,0.0,0.0,0.0,0.0,False,50
LINC00944,0.005,0,0,0,3.0,3.0,3.0,,0.0,0.0,0.0,0.05,0.0,0.0,0.0,0.0,0.0,0.0,0.0,0.0,0.0,0.0,False,50
MDK,0.005,0,0,0,3.0,3.0,3.0,0.0,0.0,0.0,0.05,0.0,0.0,0.0,0.0,0.0,0.0,0.0,0.0,0.0,0.0,0.0,False,50
RNLS,0.005,0,0,0,3.0,3.0,3.0,,0.0,0.0,0.0,0.05,0.0,0.0,0.0,0.0,0.0,0.0,0.0,0.0,0.0,0.0,False,50
RAB15,0.005,0,0,0,4.0,4.0,4.0,1.0,0.0,0.0,0.05,0.0,0.0,0.0,0.0,0.0,0.0,0.0,0.0,0.0,0.0,0.0,False,50
IGF1R,0.005,0,0,0,5.0,5.0,5.0,0.0,0.0,0.0,0.05,0.0,0.0,0.0,0.0,0.0,0.0,0.0,0.0,0.0,0.0,0.0,False,50
LOC105373876,0.005,0,0,0,5.0,5.0,5.0,0.0,0.0,0.05,0.0,0.0,0.0,0.0,0.0,0.0,0.0,0.0,0.0,0.1,0.0,0.0,False,50
MPC1,0.005,0,0,0,5.0,5.0,5.0,1.0,0.0,0.0,0.05,0.0,0.0,0.0,0.0,0.0,0.0,0.0,0.0,0.0,0.0,0.0,False,50
OR9A1P,0.005,0,0,0,6.0,6.0,6.0,1.0,0.0,0.0,0.0,0.05,0.0,0.0,0.0,0.0,0.0,0.0,0.0,0.0,0.05,0.0,False,50
PHF8,0.005,0,0,0,6.0,6.0,6.0,1.0,0.0,0.0,0.0,0.0,0.0,0.05,0.0,0.0,0.0,0.0,0.0,0.0,0.0,0.0,False,50
ST6GAL2,0.005,0,0,0,6.0,6.0,6.0,1.0,0.0,0.0,0.05,0.0,0.0,0.0,0.0,0.0,0.0,0.0,0.0,0.0,0.0,0.0,False,50
TRMT44,0.005,0,0,0,6.0,6.0,6.0,,0.0,0.0,0.0,0.05,0.0,0.0,0.0,0.0,0.0,0.0,0.0,0.0,0.0,0.0,False,50
CYP26A1,0.005,0,0,0,7.0,7.0,7.0,1.0,0.0,0.05,0.0,0.0,0.0,0.0,0.0,0.0,0.0,0.0,0.0,0.0,0.0,0.0,False,50
ERMP1,0.005,0,0,0,7.0,7.0,7.0,1.0,0.0,0.0,0.05,0.0,0.0,0.0,0.0,0.0,0.0,0.0,0.0,0.0,0.0,0.0,False,50
RAB8A,0.005,0,0,0,7.0,7.0,7.0,1.0,0.0,0.0,0.05,0.0,0.0,0.0,0.0,0.0,0.0,0.0,0.0,0.0,0.0,0.0,False,50
CDH11,0.005,0,0,0,8.0,8.0,8.0,,0.0,0.0,0.0,0.05,0.0,0.0,0.0,0.0,0.0,0.0,0.0,0.0,0.0,0.0,False,50
LOC285000,0.005,0,0,0,8.0,8.0,8.0,1.0,0.0,0.05,0.0,0.0,0.0,0.0,0.0,0.0,0.0,0.0,0.0,0.0,0.0,0.0,False,50
PEG10,0.005,0,0,0,8.0,8.0,8.0,0.0,0.0,0.0,0.05,0.0,0.0,0.0,0.0,0.0,0.0,0.0,0.0,0.0,0.0,0.0,False,50
POLR2E,0.005,0,0,0,8.0,8.0,8.0,1.0,0.0,0.0,0.0,0.0,0.0,0.0,0.0,0.05,0.0,0.0,0.0,0.0,0.0,0.0,False,50
ZBTB16,0.005,0,0,0,8.0,8.0,8.0,1.0,0.0,0.0,0.0,0.0,0.0,0.0,0.0,0.05,0.0,0.0,0.0,0.0,0.0,0.0,False,50
CST13P,0.005,0,0,0,9.0,9.0,9.0,1.0,0.0,0.05,0.0,0.0,0.0,0.0,0.0,0.0,0.0,0.0,0.0,0.0,0.0,0.0,False,50
LILRA6,0.005,0,0,0,9.0,9.0,9.0,,0.0,0.0,0.0,0.05,0.0,0.0,0.0,0.0,0.0,0.0,0.0,0.0,0.0,0.0,False,50
LIMK1,0.005,0,0,0,9.0,9.0,9.0,,0.0,0.0,0.0,0.05,0.0,0.0,0.0,0.0,0.0,0.0,0.0,0.0,0.0,0.0,False,50
TMEM108,0.005,0,0,0,9.0,9.0,9.0,,0.0,0.0,0.0,0.05,0.0,0.0,0.0,0.0,0.0,0.0,0.0,0.0,0.0,0.0,False,50
ZNF468,0.005,0,0,0,9.0,9.0,9.0,1.0,0.0,0.0,0.05,0.0,0.0,0.0,0.0,0.0,0.0,0.0,0.0,0.0,0.0,0.0,False,50
CADM4,0.005,0,0,0,10.0,10.0,10.0,0.0,0.0,0.0,0.05,0.0,0.0,0.0,0.0,0.0,0.0,0.0,0.0,0.0,0.0,0.0,False,50
EHHADH,0.005,0,0,0,10.0,10.0,10.0,1.0,0.0,0.0,0.0,0.0,0.0,0.0,0.0,0.05,0.0,0.0,0.0,0.0,0.0,0.0,False,50
KERA,0.005,0,0,0,10.0,10.0,10.0,,0.0,0.0,0.0,0.05,0.0,0.0,0.0,0.0,0.0,0.0,0.0,0.0,0.0,0.0,False,50
NAPRT,0.005,0,0,0,10.0,10.0,10.0,,0.0,0.0,0.0,0.05,0.0,0.0,0.0,0.0,0.0,0.0,0.0,0.0,0.0,0.0,False,50
RETSAT,0.005,0,0,0,10.0,10.0,10.0,1.0,0.0,0.0,0.0,0.0,0.0,0.0,0.0,0.05,0.0,0.0,0.0,0.0,0.0,0.0,False,50
TTC21A,0.005,0,0,0,10.0,10.0,10.0,1.0,0.0,0.0,0.05,0.0,0.0,0.0,0.0,0.0,0.0,0.0,0.0,0.0,0.0,0.0,False,50
KY,0.005,0,0,0,11.0,11.0,11.0,,0.0,0.0,0.0,0.05,0.0,0.0,0.0,0.0,0.0,0.0,0.0,0.0,0.0,0.0,False,50
LINC01010,0.005,0,0,0,11.0,11.0,11.0,,0.0,0.0,0.0,0.05,0.0,0.0,0.0,0.0,0.0,0.0,0.0,0.0,0.0,0.0,False,50
TESK1,0.005,0,0,0,11.0,11.0,11.0,,0.0,0.0,0.0,0.05,0.0,0.0,0.0,0.0,0.0,0.0,0.0,0.0,0.0,0.0,False,50
ZNF266,0.005,0,0,0,11.0,11.0,11.0,,0.0,0.0,0.0,0.05,0.0,0.0,0.0,0.0,0.0,0.0,0.0,0.0,0.0,0.0,False,50
NDUFB5,0.005,0,0,0,12.0,12.0,12.0,1.0,0.0,0.0,0.0,0.0,0.0,0.0,0.0,0.05,0.0,0.0,0.0,0.0,0.0,0.0,False,50
UBE2Q2L,0.005,0,0,0,12.0,12.0,12.0,,0.0,0.0,0.0,0.05,0.0,0.0,0.0,0.0,0.0,0.0,0.0,0.0,0.0,0.0,False,50
DCTPP1,0.005,0,0,0,13.0,13.0,13.0,,0.0,0.0,0.0,0.05,0.0,0.0,0.0,0.0,0.0,0.0,0.0,0.0,0.0,0.0,False,50
LAYN,0.005,0,0,0,13.0,13.0,13.0,,0.0,0.0,0.0,0.05,0.0,0.0,0.0,0.0,0.0,0.0,0.0,0.0,0.0,0.0,False,50
PDE10A,0.005,0,0,0,13.0,13.0,13.0,,0.0,0.0,0.0,0.05,0.0,0.0,0.0,0.0,0.0,0.0,0.0,0.0,0.0,0.0,False,50
PLCE1,0.005,0,0,0,13.0,13.0,13.0,1.0,0.0,0.0,0.05,0.0,0.0,0.0,0.0,0.0,0.0,0.0,0.0,0.0,0.0,0.0,False,50
ZXDC,0.005,0,0,0,13.0,13.0,13.0,0.0,0.0,0.0,0.05,0.0,0.0,0.0,0.0,0.0,0.0,0.0,0.0,0.0,0.0,0.0,False,50
ADGRG7,0.005,0,0,0,14.0,14.0,14.0,,0.0,0.0,0.0,0.05,0.0,0.0,0.0,0.0,0.0,0.0,0.0,0.0,0.0,0.0,False,50
CHIT1,0.005,0,0,0,14.0,14.0,14.0,,0.0,0.0,0.0,0.05,0.0,0.0,0.0,0.0,0.0,0.0,0.0,0.0,0.0,0.0,False,50
FAM118A,0.005,0,0,0,14.0,14.0,14.0,0.0,0.0,0.0,0.05,0.0,0.0,0.0,0.0,0.0,0.0,0.0,0.0,0.0,0.0,0.0,False,50
TSSK3,0.005,0,0,0,14.0,14.0,14.0,,0.0,0.0,0.0,0.05,0.0,0.0,0.0,0.0,0.0,0.0,0.0,0.0,0.0,0.0,False,50
ZNF708,0.005,0,0,0,14.0,14.0,14.0,,0.0,0.0,0.0,0.05,0.0,0.0,0.0,0.0,0.0,0.0,0.0,0.0,0.0,0.0,False,50
ZNF92,0.005,0,0,0,14.0,14.0,14.0,0.0,0.0,0.0,0.05,0.0,0.0,0.0,0.0,0.0,0.0,0.0,0.0,0.0,0.0,0.0,False,50
LOC285097,0.005,0,0,0,15.0,15.0,15.0,0.0,0.0,0.0,0.05,0.0,0.0,0.0,0.0,0.0,0.0,0.0,0.0,0.0,0.0,0.0,False,50
MFAP5,0.005,0,0,0,15.0,15.0,15.0,0.0,0.0,0.0,0.05,0.0,0.0,0.0,0.0,0.0,0.0,0.0,0.0,0.0,0.0,0.0,False,50
MOP-1,0.005,0,0,0,15.0,15.0,15.0,,0.0,0.0,0.0,0.05,0.0,0.0,0.0,0.0,0.0,0.0,0.0,0.0,0.0,0.0,False,50
MXRA5,0.005,0,0,0,15.0,15.0,15.0,,0.0,0.0,0.0,0.05,0.0,0.0,0.0,0.0,0.0,0.0,0.0,0.0,0.0,0.0,False,50
PLIN5,0.005,0,0,0,15.0,15.0,15.0,1.0,0.0,0.0,0.05,0.0,0.0,0.0,0.0,0.0,0.0,0.0,0.0,0.0,0.0,0.0,False,50
PMEL,0.005,0,0,0,15.0,15.0,15.0,,0.0,0.0,0.0,0.05,0.0,0.0,0.0,0.0,0.0,0.0,0.0,0.0,0.0,0.0,False,50
TCEAL7,0.005,0,0,0,15.0,15.0,15.0,,0.0,0.0,0.0,0.0,0.0,0.0,0.0,0.0,0.05,0.0,0.0,0.0,0.0,0.0,False,50
ITPK1,0.005,0,0,0,16.0,16.0,16.0,,0.0,0.0,0.0,0.05,0.0,0.0,0.0,0.0,0.0,0.0,0.0,0.0,0.0,0.0,False,50
LOC101928069,0.005,0,0,0,16.0,16.0,16.0,0.0,0.0,0.05,0.0,0.0,0.0,0.0,0.0,0.0,0.0,0.0,0.0,0.0,0.0,0.0,False,50
LONRF3,0.005,0,0,0,16.0,16.0,16.0,,0.0,0.0,0.0,0.05,0.0,0.0,0.0,0.0,0.0,0.0,0.0,0.0,0.0,0.0,False,50
TBX15,0.005,0,0,0,16.0,16.0,16.0,0.2,0.2,0.0,0.0,0.0,0.0,0.0,0.0,0.05,0.0,0.0,0.0,0.0,0.0,0.2,False,50
XYLT2,0.005,0,0,0,16.0,16.0,16.0,1.0,0.0,0.0,0.05,0.0,0.0,0.0,0.0,0.0,0.0,0.0,0.0,0.0,0.0,0.0,False,50
GPR65,0.005,0,0,0,17.0,17.0,17.0,,0.0,0.0,0.0,0.05,0.0,0.0,0.0,0.0,0.0,0.0,0.0,0.0,0.0,0.0,False,50
LINC01004,0.005,0,0,0,17.0,17.0,17.0,1.0,0.0,0.0,0.05,0.0,0.0,0.0,0.0,0.0,0.0,0.0,0.0,0.0,0.0,0.0,False,50
MKX,0.005,0,0,0,17.0,17.0,17.0,1.0,0.0,0.0,0.0,0.0,0.0,0.05,0.0,0.0,0.0,0.0,0.0,0.0,0.0,0.0,False,50
POSTN,0.005,0,0,0,17.0,17.0,17.0,,0.0,0.0,0.0,0.05,0.0,0.0,0.0,0.0,0.0,0.0,0.0,0.0,0.0,0.0,False,50
ZNF492,0.005,0,0,0,17.0,17.0,17.0,,0.0,0.0,0.0,0.05,0.0,0.0,0.0,0.0,0.0,0.0,0.0,0.0,0.0,0.0,False,50
COL3A1,0.005,0,0,0,18.0,18.0,18.0,,0.0,0.0,0.0,0.05,0.0,0.0,0.0,0.0,0.0,0.0,0.0,0.0,0.0,0.0,False,50
HINT3,0.005,0,0,0,18.0,18.0,18.0,0.0,0.0,0.0,0.05,0.0,0.0,0.0,0.0,0.0,0.0,0.0,0.0,0.0,0.0,0.0,False,50
KNDC1,0.005,0,0,0,18.0,18.0,18.0,,0.0,0.0,0.0,0.05,0.0,0.0,0.0,0.0,0.0,0.0,0.0,0.0,0.0,0.0,False,50
LOC100131532,0.005,0,0,0,18.0,18.0,18.0,,0.0,0.0,0.0,0.05,0.0,0.0,0.0,0.0,0.0,0.0,0.0,0.0,0.0,0.0,False,50
RASD1,0.005,0,0,0,18.0,18.0,18.0,1.0,0.0,0.0,0.0,0.0,0.0,0.0,0.0,0.05,0.0,0.0,0.0,0.0,0.0,0.0,False,50
SPOCD1,0.005,0,0,0,18.0,18.0,18.0,,0.0,0.0,0.0,0.05,0.0,0.0,0.0,0.0,0.0,0.0,0.0,0.0,0.0,0.0,False,50
ABCC3,0.005,0,0,0,19.0,19.0,19.0,0.0,0.0,0.0,0.05,0.0,0.0,0.0,0.0,0.0,0.0,0.0,0.0,0.0,0.0,0.0,False,50
EPHX1,0.005,0,0,0,19.0,19.0,19.0,0.0,0.0,0.0,0.05,0.0,0.0,0.0,0.0,0.0,0.0,0.0,0.0,0.0,0.0,0.0,False,50
LINC00312,0.005,0,0,0,19.0,19.0,19.0,0.0,0.0,0.0,0.0,0.0,0.0,0.05,0.0,0.0,0.0,0.0,0.0,0.0,0.0,0.0,False,50
NAB2,0.005,0,0,0,19.0,19.0,19.0,,0.0,0.0,0.0,0.05,0.0,0.0,0.0,0.0,0.0,0.0,0.0,0.0,0.0,0.0,False,50
RAB25,0.005,0,0,0,19.0,19.0,19.0,1.0,0.2,0.0,0.0,0.0,0.0,0.0,0.0,0.0,0.05,0.0,0.0,0.0,0.0,0.2,False,50
RAP1GAP,0.005,0,0,0,19.0,19.0,19.0,1.0,0.25,0.0,0.0,0.0,0.0,0.0,0.0,0.0,0.05,0.0,0.0,0.0,0.0,0.25,False,50
WIF1,0.005,0,0,0,19.0,19.0,19.0,,0.0,0.0,0.0,0.05,0.0,0.0,0.0,0.0,0.0,0.0,0.0,0.0,0.0,0.0,False,50
ANKRD30BP2,0.005,0,0,0,20.0,20.0,20.0,,0.0,0.0,0.0,0.05,0.0,0.0,0.0,0.0,0.0,0.0,0.0,0.0,0.0,0.0,False,50
ATP1B1,0.005,0,0,0,20.0,20.0,20.0,1.0,0.0,0.0,0.05,0.0,0.0,0.0,0.0,0.0,0.0,0.0,0.0,0.0,0.0,0.0,False,50
CCNG1,0.005,0,0,0,20.0,20.0,20.0,0.0,0.2,0.0,0.0,0.0,0.0,0.0,0.0,0.0,0.05,0.0,0.0,0.0,0.0,0.2,False,50
DHRS3,0.005,0,0,0,20.0,20.0,20.0,1.0,0.0,0.0,0.0,0.0,0.0,0.0,0.0,0.05,0.0,0.0,0.0,0.0,0.0,0.0,False,50
DNAH10,0.005,0,0,0,20.0,20.0,20.0,0.0,0.0,0.05,0.0,0.0,0.0,0.0,0.0,0.0,0.0,0.0,0.0,0.0,0.0,0.0,False,50
OLFM1,0.005,0,0,0,20.0,20.0,20.0,0.0,0.0,0.0,0.05,0.0,0.0,0.0,0.0,0.0,0.0,0.0,0.0,0.0,0.0,0.0,False,50
FAM213A,0.005,0,0,0,21.0,21.0,21.0,1.0,0.0,0.0,0.0,0.0,0.0,0.0,0.0,0.05,0.0,0.0,0.0,0.0,0.0,0.0,False,50
FKBP11,0.005,0,0,0,21.0,21.0,21.0,,0.0,0.0,0.0,0.05,0.0,0.0,0.0,0.0,0.0,0.0,0.0,0.0,0.0,0.0,False,50
ITM2B,0.005,0,0,0,21.0,21.0,21.0,1.0,0.0,0.0,0.0,0.0,0.0,0.0,0.0,0.05,0.0,0.0,0.0,0.0,0.0,0.0,False,50
LOC388692,0.005,0,0,0,21.0,21.0,21.0,0.0,0.0,0.0,0.05,0.0,0.0,0.0,0.0,0.0,0.0,0.0,0.0,0.0,0.0,0.0,False,50
NAA40,0.005,0,0,0,21.0,21.0,21.0,1.0,0.0,0.0,0.05,0.0,0.0,0.0,0.0,0.0,0.0,0.0,0.0,0.0,0.0,0.0,False,50
NDUFA6,0.005,0,0,0,21.0,21.0,21.0,1.0,0.0,0.0,0.05,0.0,0.0,0.0,0.0,0.0,0.0,0.0,0.0,0.0,0.0,0.0,False,50
OR1F2P,0.005,0,0,0,21.0,21.0,21.0,,0.0,0.0,0.0,0.05,0.0,0.0,0.0,0.0,0.0,0.0,0.0,0.0,0.0,0.0,False,50
PCDH17,0.005,0,0,0,21.0,21.0,21.0,0.0,0.0,0.0,0.05,0.0,0.0,0.0,0.0,0.0,0.0,0.0,0.0,0.0,0.0,0.0,False,50
PLEKHA4,0.005,0,0,0,21.0,21.0,21.0,,0.0,0.0,0.0,0.05,0.0,0.0,0.0,0.0,0.0,0.0,0.0,0.0,0.0,0.0,False,50
SYCP3,0.005,0,0,0,21.0,21.0,21.0,,0.0,0.0,0.0,0.05,0.0,0.0,0.0,0.0,0.0,0.0,0.0,0.0,0.0,0.0,False,50
ADAM12,0.005,0,0,0,22.0,22.0,22.0,,0.0,0.0,0.0,0.05,0.0,0.0,0.0,0.0,0.0,0.0,0.0,0.0,0.0,0.0,False,50
ADM,0.005,0,0,0,22.0,22.0,22.0,0.5,0.05,0.0,0.0,0.0,0.0,0.0,0.0,0.05,0.0,0.0,0.0,0.0,0.0,0.05,False,50
C1QTNF2,0.005,0,0,0,22.0,22.0,22.0,0.0,0.0,0.05,0.0,0.0,0.0,0.0,0.0,0.0,0.0,0.0,0.0,0.0,0.0,0.0,False,50
CCDC185,0.005,0,0,0,22.0,22.0,22.0,,0.0,0.0,0.0,0.05,0.0,0.0,0.0,0.0,0.0,0.0,0.0,0.0,0.0,0.0,False,50
PHTF2,0.005,0,0,0,22.0,22.0,22.0,,0.0,0.0,0.0,0.05,0.0,0.0,0.0,0.0,0.0,0.0,0.0,0.0,0.0,0.0,False,50
SERTM1,0.005,0,0,0,22.0,22.0,22.0,,0.0,0.0,0.0,0.05,0.0,0.0,0.0,0.0,0.0,0.0,0.0,0.0,0.0,0.0,False,50
BTBD19,0.005,0,0,0,23.0,23.0,23.0,0.0,0.0,0.05,0.0,0.0,0.0,0.0,0.0,0.0,0.0,0.0,0.0,0.0,0.0,0.0,False,50
CASP6,0.005,0,0,0,23.0,23.0,23.0,,0.0,0.0,0.0,0.05,0.0,0.0,0.0,0.0,0.0,0.0,0.0,0.0,0.0,0.0,False,50
CYP4F8,0.005,0,0,0,23.0,23.0,23.0,,0.0,0.0,0.0,0.05,0.0,0.0,0.0,0.0,0.0,0.0,0.0,0.0,0.0,0.0,False,50
DYNC2H1,0.005,0,0,0,23.0,23.0,23.0,1.0,0.0,0.0,0.0,0.0,0.0,0.05,0.0,0.0,0.0,0.0,0.0,0.0,0.0,0.0,False,50
FAM155A,0.005,0,0,0,23.0,23.0,23.0,,0.0,0.0,0.0,0.05,0.0,0.0,0.0,0.0,0.0,0.0,0.0,0.0,0.0,0.0,False,50
GCNT1,0.005,0,0,0,23.0,23.0,23.0,0.0,0.0,0.0,0.05,0.0,0.0,0.0,0.0,0.0,0.0,0.0,0.0,0.0,0.0,0.0,False,50
GHRH,0.005,0,0,0,23.0,23.0,23.0,,0.0,0.0,0.0,0.05,0.0,0.0,0.0,0.0,0.0,0.0,0.0,0.0,0.0,0.0,False,50
KIAA1217,0.005,0,0,0,23.0,23.0,23.0,,0.0,0.0,0.0,0.05,0.0,0.0,0.0,0.0,0.0,0.0,0.0,0.0,0.0,0.0,False,50
LINC00675,0.005,0,0,0,23.0,23.0,23.0,1.0,0.0,0.0,0.05,0.0,0.0,0.0,0.0,0.0,0.0,0.0,0.0,0.0,0.0,0.0,False,50
PDZK1,0.005,0,0,0,23.0,23.0,23.0,0.0,0.0,0.0,0.0,0.0,0.0,0.05,0.0,0.0,0.0,0.0,0.0,0.0,0.0,0.0,False,50
ANG,0.005,0,0,0,24.0,24.0,24.0,1.0,0.0,0.0,0.0,0.0,0.0,0.0,0.0,0.05,0.0,0.0,0.0,0.0,0.0,0.0,False,50
AREG,0.005,0,0,0,24.0,24.0,24.0,0.0,0.0,0.0,0.05,0.0,0.0,0.0,0.0,0.0,0.0,0.0,0.0,0.0,0.0,0.0,False,50
CEMIP,0.005,0,0,0,24.0,24.0,24.0,,0.0,0.0,0.0,0.0,0.0,0.0,0.0,0.0,0.05,0.0,0.0,0.0,0.0,0.0,False,50
DYX1C1,0.005,0,0,0,24.0,24.0,24.0,0.0,0.0,0.0,0.0,0.0,0.0,0.05,0.0,0.0,0.0,0.0,0.0,0.0,0.0,0.0,False,50
FAM13A,0.005,0,0,0,24.0,24.0,24.0,1.0,0.0,0.0,0.0,0.0,0.0,0.0,0.0,0.05,0.0,0.0,0.0,0.0,0.0,0.0,False,50
SLC25A1,0.005,0,0,0,24.0,24.0,24.0,,0.0,0.0,0.0,0.05,0.0,0.0,0.0,0.0,0.0,0.0,0.0,0.0,0.0,0.0,False,50
SLC26A3,0.005,0,0,0,24.0,24.0,24.0,,0.0,0.0,0.0,0.05,0.0,0.0,0.0,0.0,0.0,0.0,0.0,0.0,0.0,0.0,False,50
ABCB5,0.005,0,0,0,25.0,25.0,25.0,,0.0,0.0,0.0,0.05,0.0,0.0,0.0,0.0,0.0,0.0,0.0,0.0,0.0,0.0,False,50
CCDC7,0.005,0,0,0,25.0,25.0,25.0,0.0,0.0,0.0,0.0,0.0,0.0,0.05,0.0,0.0,0.0,0.0,0.0,0.0,0.0,0.0,False,50
DNAL4,0.005,0,0,0,25.0,25.0,25.0,,0.0,0.0,0.0,0.05,0.0,0.0,0.0,0.0,0.0,0.0,0.0,0.0,0.0,0.0,False,50
MYO1D,0.005,0,0,0,25.0,25.0,25.0,1.0,0.0,0.0,0.05,0.0,0.0,0.0,0.0,0.0,0.0,0.0,0.0,0.0,0.0,0.0,False,50
NR6A1,0.005,0,0,0,25.0,25.0,25.0,1.0,0.0,0.0,0.05,0.0,0.0,0.0,0.0,0.0,0.0,0.0,0.0,0.0,0.0,0.0,False,50
PLA2G16,0.005,0,0,0,25.0,25.0,25.0,1.0,0.0,0.0,0.0,0.0,0.0,0.0,0.0,0.05,0.0,0.0,0.0,0.0,0.0,0.0,False,50
RAPSN,0.005,0,0,0,25.0,25.0,25.0,,0.0,0.0,0.0,0.05,0.0,0.0,0.0,0.0,0.0,0.0,0.0,0.0,0.0,0.0,False,50
RGS3,0.005,0,0,0,25.0,25.0,25.0,1.0,0.0,0.0,0.05,0.0,0.0,0.0,0.0,0.0,0.0,0.0,0.0,0.0,0.0,0.0,False,50
SH3PXD2A,0.005,0,0,0,25.0,25.0,25.0,,0.0,0.0,0.0,0.05,0.0,0.0,0.0,0.0,0.0,0.0,0.0,0.0,0.0,0.0,False,50
SPATA13,0.005,0,0,0,25.0,25.0,25.0,0.0,0.0,0.0,0.0,0.0,0.0,0.05,0.0,0.0,0.0,0.0,0.0,0.0,0.0,0.0,False,50
YPEL4,0.005,0,0,0,25.0,25.0,25.0,,0.0,0.0,0.0,0.05,0.0,0.0,0.0,0.0,0.0,0.0,0.0,0.0,0.0,0.0,False,50
AVPI1,0.005,0,0,0,26.0,26.0,26.0,1.0,0.0,0.0,0.0,0.0,0.0,0.0,0.0,0.05,0.0,0.0,0.0,0.0,0.0,0.0,False,50
BARD1,0.005,0,0,0,26.0,26.0,26.0,1.0,0.0,0.0,0.05,0.0,0.0,0.0,0.0,0.0,0.0,0.0,0.0,0.0,0.0,0.0,False,50
BNIP2,0.005,0,0,0,26.0,26.0,26.0,1.0,0.0,0.0,0.0,0.0,0.0,0.0,0.0,0.05,0.0,0.0,0.0,0.0,0.0,0.0,False,50
BTBD6,0.005,0,0,0,26.0,26.0,26.0,1.0,0.0,0.0,0.05,0.0,0.0,0.0,0.0,0.0,0.0,0.0,0.0,0.0,0.0,0.0,False,50
CYP4F11,0.005,0,0,0,26.0,26.0,26.0,,0.0,0.0,0.0,0.05,0.0,0.0,0.0,0.0,0.0,0.0,0.0,0.0,0.0,0.0,False,50
PIH2,0.005,0,0,0,26.0,26.0,26.0,0.0,0.0,0.05,0.0,0.0,0.0,0.0,0.0,0.0,0.0,0.0,0.0,0.0,0.0,0.0,False,50
SCD,0.005,0,0,0,26.0,26.0,26.0,0.0,0.0,0.0,0.0,0.0,0.0,0.05,0.0,0.0,0.0,0.0,0.0,0.0,0.0,0.0,False,50
ECHDC1,0.005,0,0,0,27.0,27.0,27.0,,0.0,0.0,0.0,0.0,0.0,0.0,0.0,0.0,0.05,0.0,0.0,0.0,0.0,0.0,False,50
ITGAX,0.005,0,0,0,27.0,27.0,27.0,,0.0,0.0,0.0,0.05,0.0,0.0,0.0,0.0,0.0,0.0,0.0,0.0,0.0,0.0,False,50
LAMC1,0.005,0,0,0,27.0,27.0,27.0,1.0,0.0,0.0,0.0,0.0,0.0,0.0,0.0,0.05,0.0,0.0,0.0,0.0,0.0,0.0,False,50
LOC101927929,0.005,0,0,0,27.0,27.0,27.0,,0.0,0.0,0.0,0.05,0.0,0.0,0.0,0.0,0.0,0.0,0.0,0.0,0.0,0.0,False,50
ODF4,0.005,0,0,0,27.0,27.0,27.0,0.0,0.0,0.05,0.0,0.0,0.0,0.0,0.0,0.0,0.0,0.0,0.0,0.0,0.0,0.0,False,50
PLCB2,0.005,0,0,0,27.0,27.0,27.0,,0.0,0.0,0.0,0.05,0.0,0.0,0.0,0.0,0.0,0.0,0.0,0.0,0.0,0.0,False,50
USP27X-AS1,0.005,0,0,0,27.0,27.0,27.0,,0.0,0.0,0.0,0.05,0.0,0.0,0.0,0.0,0.0,0.0,0.0,0.0,0.0,0.0,False,50
AOC3,0.005,0,0,0,28.0,28.0,28.0,0.0,0.2,0.0,0.0,0.0,0.0,0.0,0.0,0.0,0.05,0.0,0.0,0.0,0.0,0.2,False,50
B3GALT1,0.005,0,0,0,28.0,28.0,28.0,0.0,0.0,0.05,0.0,0.0,0.0,0.0,0.0,0.0,0.0,0.0,0.0,0.0,0.0,0.0,False,50
CD1D,0.005,0,0,0,28.0,28.0,28.0,,0.0,0.0,0.0,0.05,0.0,0.0,0.0,0.0,0.0,0.0,0.0,0.0,0.0,0.0,False,50
CLDND2,0.005,0,0,0,28.0,28.0,28.0,0.0,0.0,0.05,0.0,0.0,0.0,0.0,0.0,0.0,0.0,0.0,0.0,0.0,0.0,0.0,False,50
ITFG2,0.005,0,0,0,28.0,28.0,28.0,1.0,0.0,0.0,0.0,0.0,0.0,0.0,0.0,0.05,0.0,0.0,0.0,0.0,0.0,0.0,False,50
LINC00526,0.005,0,0,0,28.0,28.0,28.0,0.0,0.0,0.0,0.05,0.0,0.0,0.0,0.0,0.0,0.0,0.0,0.0,0.0,0.0,0.0,False,50
MIR205,0.005,0,0,0,28.0,28.0,28.0,1.0,0.0,0.05,0.0,0.0,0.0,0.0,0.0,0.0,0.0,0.0,0.0,0.0,0.0,0.0,False,50
PDE1C,0.005,0,0,0,28.0,28.0,28.0,,0.0,0.0,0.0,0.05,0.0,0.0,0.0,0.0,0.0,0.0,0.0,0.0,0.0,0.0,False,50
PILRA,0.005,0,0,0,28.0,28.0,28.0,,0.0,0.0,0.0,0.05,0.0,0.0,0.0,0.0,0.0,0.0,0.0,0.0,0.0,0.0,False,50
RNF150,0.005,0,0,0,28.0,28.0,28.0,1.0,0.0,0.0,0.05,0.0,0.0,0.0,0.0,0.0,0.0,0.0,0.0,0.0,0.0,0.0,False,50
ZNF180,0.005,0,0,0,28.0,28.0,28.0,,0.0,0.0,0.0,0.05,0.0,0.0,0.0,0.0,0.0,0.0,0.0,0.0,0.0,0.0,False,50
ZNF562,0.005,0,0,0,28.0,28.0,28.0,,0.0,0.0,0.0,0.0,0.0,0.0,0.0,0.0,0.05,0.0,0.0,0.0,0.0,0.0,False,50
ANTXR2,0.005,0,0,0,29.0,29.0,29.0,1.0,0.0,0.0,0.0,0.0,0.0,0.0,0.0,0.05,0.0,0.0,0.0,0.0,0.0,0.0,False,50
GDPD5,0.005,0,0,0,29.0,29.0,29.0,,0.0,0.0,0.0,0.05,0.0,0.0,0.0,0.0,0.0,0.0,0.0,0.0,0.0,0.0,False,50
IQCF4,0.005,0,0,0,29.0,29.0,29.0,,0.0,0.0,0.0,0.05,0.0,0.0,0.0,0.0,0.0,0.0,0.0,0.0,0.0,0.0,False,50
MEST,0.005,0,0,0,29.0,29.0,29.0,1.0,0.0,0.0,0.0,0.0,0.0,0.0,0.0,0.05,0.0,0.0,0.0,0.0,0.0,0.0,False,50
NDUFA12,0.005,0,0,0,29.0,29.0,29.0,,0.0,0.0,0.0,0.05,0.0,0.0,0.0,0.0,0.0,0.0,0.0,0.0,0.0,0.0,False,50
NLRX1,0.005,0,0,0,29.0,29.0,29.0,1.0,0.0,0.0,0.05,0.0,0.0,0.0,0.0,0.0,0.0,0.0,0.0,0.0,0.0,0.0,False,50
PDZRN3-AS1,0.005,0,0,0,29.0,29.0,29.0,0.0,0.0,0.05,0.0,0.0,0.0,0.0,0.0,0.0,0.0,0.0,0.0,0.0,0.0,0.0,False,50
SOX6,0.005,0,0,0,29.0,29.0,29.0,1.0,0.0,0.0,0.05,0.0,0.0,0.0,0.0,0.0,0.0,0.0,0.0,0.0,0.0,0.0,False,50
TNS1,0.005,0,0,0,29.0,29.0,29.0,0.25,0.15,0.0,0.0,0.0,0.0,0.0,0.0,0.05,0.0,0.0,0.0,0.0,0.0,0.15,False,50
ADAM22,0.005,0,0,0,30.0,30.0,30.0,,0.0,0.0,0.0,0.05,0.0,0.0,0.0,0.0,0.0,0.0,0.0,0.0,0.0,0.0,False,50
BNIP3L,0.005,0,0,0,30.0,30.0,30.0,1.0,0.0,0.0,0.0,0.0,0.0,0.0,0.0,0.05,0.0,0.0,0.0,0.0,0.0,0.0,False,50
COPZ2,0.005,0,0,0,30.0,30.0,30.0,0.3333333333333333,0.1,0.0,0.0,0.0,0.0,0.0,0.0,0.05,0.0,0.0,0.0,0.0,0.0,0.1,False,50
COQ8A,0.005,0,0,0,30.0,30.0,30.0,0.0,0.0,0.0,0.05,0.0,0.0,0.0,0.0,0.0,0.0,0.0,0.0,0.0,0.0,0.0,False,50
FOXF1,0.005,0,0,0,30.0,30.0,30.0,,0.0,0.0,0.0,0.05,0.0,0.0,0.0,0.0,0.0,0.0,0.0,0.0,0.0,0.0,False,50
PRRT3-AS1,0.005,0,0,0,30.0,30.0,30.0,1.0,0.0,0.0,0.05,0.0,0.0,0.0,0.0,0.0,0.0,0.0,0.0,0.0,0.0,0.0,False,50
PTEN,0.005,0,0,0,30.0,30.0,30.0,,0.0,0.0,0.0,0.0,0.0,0.0,0.0,0.0,0.05,0.0,0.0,0.0,0.0,0.0,False,50
PXMP2,0.005,0,0,0,30.0,30.0,30.0,1.0,0.0,0.0,0.05,0.0,0.0,0.0,0.0,0.0,0.0,0.0,0.0,0.0,0.0,0.0,False,50
SH3D19,0.005,0,0,0,30.0,30.0,30.0,1.0,0.0,0.0,0.0,0.0,0.0,0.0,0.0,0.05,0.0,0.0,0.0,0.0,0.0,0.0,False,50
TBXAS1,0.005,0,0,0,30.0,30.0,30.0,,0.0,0.0,0.0,0.05,0.0,0.0,0.0,0.0,0.0,0.0,0.0,0.0,0.0,0.0,False,50
ABHD4,0.005,0,0,0,31.0,31.0,31.0,0.0,0.0,0.0,0.0,0.0,0.0,0.05,0.0,0.0,0.0,0.0,0.0,0.0,0.0,0.0,False,50
ADGRF5,0.005,0,0,0,31.0,31.0,31.0,1.0,0.0,0.0,0.0,0.0,0.0,0.0,0.0,0.05,0.0,0.0,0.0,0.0,0.0,0.0,False,50
COL4A1,0.005,0,0,0,31.0,31.0,31.0,1.0,0.0,0.0,0.0,0.0,0.0,0.0,0.0,0.05,0.0,0.0,0.0,0.0,0.0,0.0,False,50
CYB561,0.005,0,0,0,31.0,31.0,31.0,1.0,0.0,0.0,0.0,0.0,0.0,0.0,0.0,0.05,0.0,0.0,0.0,0.0,0.0,0.0,False,50
DCBLD1,0.005,0,0,0,31.0,31.0,31.0,1.0,0.0,0.0,0.05,0.0,0.0,0.0,0.0,0.0,0.0,0.0,0.0,0.0,0.0,0.0,False,50
ETNK1,0.005,0,0,0,31.0,31.0,31.0,,0.0,0.0,0.0,0.0,0.0,0.0,0.0,0.0,0.05,0.0,0.0,0.0,0.0,0.0,False,50
FAM46C,0.005,0,0,0,31.0,31.0,31.0,,0.0,0.0,0.0,0.05,0.0,0.0,0.0,0.0,0.0,0.0,0.0,0.0,0.0,0.0,False,50
HAS3,0.005,0,0,0,31.0,31.0,31.0,,0.0,0.0,0.0,0.05,0.0,0.0,0.0,0.0,0.0,0.0,0.0,0.0,0.0,0.0,False,50
HMGCLL1,0.005,0,0,0,31.0,31.0,31.0,1.0,0.0,0.05,0.0,0.0,0.0,0.0,0.0,0.0,0.0,0.0,0.0,0.0,0.0,0.0,False,50
MED7,0.005,0,0,0,31.0,31.0,31.0,1.0,0.0,0.0,0.05,0.0,0.0,0.0,0.0,0.0,0.0,0.0,0.0,0.0,0.0,0.0,False,50
MYB,0.005,0,0,0,31.0,31.0,31.0,1.0,0.0,0.0,0.05,0.0,0.0,0.0,0.0,0.0,0.0,0.0,0.0,0.0,0.0,0.0,False,50
PCDH18,0.005,0,0,0,31.0,31.0,31.0,1.0,0.0,0.0,0.0,0.0,0.0,0.0,0.0,0.05,0.0,0.0,0.0,0.0,0.0,0.0,False,50
SLC25A34,0.005,0,0,0,31.0,31.0,31.0,0.0,0.0,0.0,0.05,0.0,0.0,0.0,0.0,0.0,0.0,0.0,0.0,0.0,0.0,0.0,False,50
TMC2,0.005,0,0,0,31.0,31.0,31.0,0.0,0.0,0.05,0.0,0.0,0.0,0.0,0.0,0.0,0.0,0.0,0.0,0.0,0.0,0.0,False,50
UHRF1,0.005,0,0,0,31.0,31.0,31.0,1.0,0.0,0.0,0.0,0.0,0.0,0.0,0.0,0.05,0.0,0.0,0.0,0.0,0.0,0.0,False,50
AHR,0.005,0,0,0,32.0,32.0,32.0,,0.0,0.0,0.0,0.05,0.0,0.0,0.0,0.0,0.0,0.0,0.0,0.0,0.0,0.0,False,50
ANO6,0.005,0,0,0,32.0,32.0,32.0,1.0,0.0,0.0,0.0,0.0,0.0,0.0,0.0,0.05,0.0,0.0,0.0,0.0,0.0,0.0,False,50
C6orf132,0.005,0,0,0,32.0,32.0,32.0,,0.0,0.0,0.0,0.0,0.0,0.0,0.0,0.0,0.05,0.0,0.0,0.0,0.0,0.0,False,50
ESD,0.005,0,0,0,32.0,32.0,32.0,1.0,0.0,0.0,0.0,0.0,0.0,0.0,0.0,0.05,0.0,0.0,0.0,0.0,0.0,0.0,False,50
FBLN5,0.005,0,0,0,32.0,32.0,32.0,,0.0,0.0,0.0,0.0,0.0,0.0,0.0,0.0,0.05,0.0,0.0,0.0,0.0,0.0,False,50
FZD4,0.005,0,0,0,32.0,32.0,32.0,0.5,0.05,0.0,0.0,0.0,0.0,0.0,0.0,0.05,0.0,0.0,0.0,0.0,0.0,0.05,False,50
LOC100128554,0.005,0,0,0,32.0,32.0,32.0,0.0,0.0,0.05,0.0,0.0,0.0,0.0,0.0,0.0,0.0,0.0,0.0,0.1,0.0,0.0,False,50
LRRC25,0.005,0,0,0,32.0,32.0,32.0,,0.0,0.0,0.0,0.05,0.0,0.0,0.0,0.0,0.0,0.0,0.0,0.0,0.0,0.0,False,50
METTL7A,0.005,0,0,0,32.0,32.0,32.0,1.0,0.0,0.0,0.0,0.0,0.0,0.0,0.0,0.05,0.0,0.0,0.0,0.0,0.0,0.0,False,50
NOTCH4,0.005,0,0,0,32.0,32.0,32.0,,0.0,0.0,0.0,0.05,0.0,0.0,0.0,0.0,0.0,0.0,0.0,0.0,0.0,0.0,False,50
C11orf96,0.005,0,0,0,33.0,33.0,33.0,1.0,0.0,0.0,0.0,0.0,0.0,0.0,0.0,0.05,0.0,0.0,0.0,0.0,0.0,0.0,False,50
CALB2,0.005,0,0,0,33.0,33.0,33.0,1.0,0.0,0.0,0.05,0.0,0.0,0.0,0.0,0.0,0.0,0.0,0.0,0.0,0.0,0.0,False,50
CD300LF,0.005,0,0,0,33.0,33.0,33.0,,0.0,0.0,0.0,0.05,0.0,0.0,0.0,0.0,0.0,0.0,0.0,0.0,0.0,0.0,False,50
CYS1,0.005,0,0,0,33.0,33.0,33.0,1.0,0.0,0.0,0.0,0.0,0.0,0.05,0.0,0.0,0.0,0.0,0.0,0.0,0.0,0.0,False,50
DTL,0.005,0,0,0,33.0,33.0,33.0,1.0,0.0,0.0,0.0,0.0,0.0,0.0,0.0,0.05,0.0,0.0,0.0,0.0,0.0,0.0,False,50
GID4,0.005,0,0,0,33.0,33.0,33.0,,0.0,0.0,0.0,0.0,0.0,0.0,0.0,0.0,0.05,0.0,0.0,0.0,0.0,0.0,False,50
KCTD15,0.005,0,0,0,33.0,33.0,33.0,,0.0,0.0,0.0,0.0,0.0,0.0,0.0,0.0,0.05,0.0,0.0,0.0,0.0,0.0,False,50
PLA1A,0.005,0,0,0,33.0,33.0,33.0,,0.0,0.0,0.0,0.05,0.0,0.0,0.0,0.0,0.0,0.0,0.0,0.0,0.0,0.0,False,50
SDHAF4,0.005,0,0,0,33.0,33.0,33.0,1.0,0.0,0.0,0.0,0.0,0.0,0.0,0.0,0.05,0.0,0.0,0.0,0.0,0.0,0.0,False,50
SOWAHA,0.005,0,0,0,33.0,33.0,33.0,,0.0,0.0,0.0,0.05,0.0,0.0,0.0,0.0,0.0,0.0,0.0,0.0,0.0,0.0,False,50
SOX12,0.005,0,0,0,33.0,33.0,33.0,0.0,0.0,0.0,0.05,0.0,0.0,0.0,0.0,0.0,0.0,0.0,0.0,0.0,0.0,0.0,False,50
TNFRSF10A,0.005,0,0,0,33.0,33.0,33.0,0.0,0.0,0.0,0.05,0.0,0.0,0.0,0.0,0.0,0.0,0.0,0.0,0.0,0.0,0.0,False,50
ZNF749,0.005,0,0,0,33.0,33.0,33.0,1.0,0.0,0.0,0.05,0.0,0.0,0.0,0.0,0.0,0.0,0.0,0.0,0.0,0.0,0.0,False,50
ARHGEF3,0.005,0,0,0,34.0,34.0,34.0,,0.0,0.0,0.0,0.05,0.0,0.0,0.0,0.0,0.0,0.0,0.0,0.0,0.0,0.0,False,50
CIDECP,0.005,0,0,0,34.0,34.0,34.0,,0.0,0.0,0.0,0.0,0.0,0.0,0.0,0.0,0.05,0.0,0.0,0.0,0.0,0.0,False,50
DCSTAMP,0.005,0,0,0,34.0,34.0,34.0,,0.0,0.0,0.0,0.05,0.0,0.0,0.0,0.0,0.0,0.0,0.0,0.0,0.0,0.0,False,50
FAM129B,0.005,0,0,0,34.0,34.0,34.0,,0.0,0.0,0.0,0.0,0.0,0.0,0.0,0.0,0.05,0.0,0.0,0.0,0.0,0.0,False,50
MYL9,0.005,0,0,0,34.0,34.0,34.0,1.0,0.0,0.0,0.0,0.0,0.0,0.0,0.0,0.05,0.0,0.0,0.0,0.0,0.0,0.0,False,50
PPRC1,0.005,0,0,0,34.0,34.0,34.0,,0.0,0.0,0.0,0.0,0.0,0.0,0.0,0.0,0.05,0.0,0.0,0.0,0.0,0.0,False,50
RDH13,0.005,0,0,0,34.0,34.0,34.0,,0.0,0.0,0.0,0.0,0.0,0.0,0.0,0.0,0.05,0.0,0.0,0.0,0.0,0.0,False,50
SESN2,0.005,0,0,0,34.0,34.0,34.0,0.0,0.0,0.0,0.05,0.0,0.0,0.0,0.0,0.0,0.0,0.0,0.0,0.0,0.0,0.0,False,50
STAP2,0.005,0,0,0,34.0,34.0,34.0,,0.0,0.0,0.0,0.0,0.0,0.0,0.0,0.0,0.05,0.0,0.0,0.0,0.0,0.0,False,50
ZNF594,0.005,0,0,0,34.0,34.0,34.0,,0.0,0.0,0.0,0.05,0.0,0.0,0.0,0.0,0.0,0.0,0.0,0.0,0.0,0.0,False,50
C9orf66,0.005,0,0,0,35.0,35.0,35.0,1.0,0.0,0.0,0.05,0.0,0.0,0.0,0.0,0.0,0.0,0.0,0.0,0.0,0.0,0.0,False,50
CAV2,0.005,0,0,0,35.0,35.0,35.0,1.0,0.0,0.0,0.0,0.0,0.0,0.0,0.0,0.05,0.0,0.0,0.0,0.0,0.0,0.0,False,50
CHKA,0.005,0,0,0,35.0,35.0,35.0,,0.0,0.0,0.0,0.0,0.0,0.0,0.0,0.0,0.05,0.0,0.0,0.0,0.0,0.0,False,50
ITGB1BP1,0.005,0,0,0,35.0,35.0,35.0,1.0,0.0,0.0,0.0,0.0,0.0,0.0,0.0,0.05,0.0,0.0,0.0,0.0,0.0,0.0,False,50
LARP6,0.005,0,0,0,35.0,35.0,35.0,1.0,0.0,0.0,0.0,0.0,0.0,0.0,0.0,0.05,0.0,0.0,0.0,0.0,0.0,0.0,False,50
LMOD1,0.005,0,0,0,35.0,35.0,35.0,1.0,0.0,0.0,0.0,0.0,0.0,0.0,0.0,0.05,0.0,0.0,0.0,0.0,0.0,0.0,False,50
LOC100506047,0.005,0,0,0,35.0,35.0,35.0,0.0,0.0,0.0,0.0,0.05,0.0,0.0,0.0,0.0,0.0,0.0,0.0,0.05,0.0,0.0,False,50
LOC642620,0.005,0,0,0,35.0,35.0,35.0,0.0,0.0,0.05,0.0,0.0,0.0,0.0,0.0,0.0,0.0,0.0,0.0,0.0,0.0,0.0,False,50
PAMR1,0.005,0,0,0,35.0,35.0,35.0,0.0,0.0,0.0,0.05,0.0,0.0,0.0,0.0,0.0,0.0,0.0,0.0,0.0,0.0,0.0,False,50
PLOD2,0.005,0,0,0,35.0,35.0,35.0,1.0,0.0,0.0,0.0,0.0,0.0,0.0,0.0,0.05,0.0,0.0,0.0,0.0,0.0,0.0,False,50
PRDM1,0.005,0,0,0,35.0,35.0,35.0,,0.0,0.0,0.0,0.05,0.0,0.0,0.0,0.0,0.0,0.0,0.0,0.0,0.0,0.0,False,50
PTPN21,0.005,0,0,0,35.0,35.0,35.0,1.0,0.0,0.0,0.0,0.0,0.0,0.0,0.0,0.05,0.0,0.0,0.0,0.0,0.0,0.0,False,50
TRABD2B,0.005,0,0,0,35.0,35.0,35.0,,0.0,0.0,0.0,0.05,0.0,0.0,0.0,0.0,0.0,0.0,0.0,0.0,0.0,0.0,False,50
AZI2,0.005,0,0,0,36.0,36.0,36.0,1.0,0.0,0.0,0.0,0.0,0.0,0.0,0.0,0.05,0.0,0.0,0.0,0.0,0.0,0.0,False,50
B3GAT1,0.005,0,0,0,36.0,36.0,36.0,,0.0,0.0,0.0,0.05,0.0,0.0,0.0,0.0,0.0,0.0,0.0,0.0,0.0,0.0,False,50
CHAMP1,0.005,0,0,0,36.0,36.0,36.0,0.0,0.0,0.0,0.0,0.0,0.0,0.05,0.0,0.0,0.0,0.0,0.0,0.0,0.0,0.0,False,50
CYP11A1,0.005,0,0,0,36.0,36.0,36.0,0.0,0.0,0.05,0.0,0.0,0.0,0.0,0.0,0.0,0.0,0.0,0.0,0.15,0.0,0.0,False,50
EME2,0.005,0,0,0,36.0,36.0,36.0,,0.0,0.0,0.0,0.0,0.0,0.0,0.0,0.0,0.05,0.0,0.0,0.0,0.0,0.0,False,50
FREM1,0.005,0,0,0,36.0,36.0,36.0,,0.0,0.0,0.0,0.0,0.0,0.0,0.0,0.0,0.05,0.0,0.0,0.0,0.0,0.0,False,50
GSN,0.005,0,0,0,36.0,36.0,36.0,,0.0,0.0,0.0,0.0,0.0,0.0,0.0,0.0,0.05,0.0,0.0,0.0,0.0,0.0,False,50
INPPL1,0.005,0,0,0,36.0,36.0,36.0,,0.0,0.0,0.0,0.0,0.0,0.0,0.0,0.0,0.05,0.0,0.0,0.0,0.0,0.0,False,50
KANSL1-AS1,0.005,0,0,0,36.0,36.0,36.0,1.0,0.0,0.0,0.05,0.0,0.0,0.0,0.0,0.0,0.0,0.0,0.0,0.0,0.0,0.0,False,50
LINC01133,0.005,0,0,0,36.0,36.0,36.0,,0.0,0.0,0.0,0.05,0.0,0.0,0.0,0.0,0.0,0.0,0.0,0.0,0.0,0.0,False,50
MAF,0.005,0,0,0,36.0,36.0,36.0,1.0,0.0,0.0,0.0,0.0,0.0,0.0,0.0,0.05,0.0,0.0,0.0,0.0,0.0,0.0,False,50
MFAP2,0.005,0,0,0,36.0,36.0,36.0,0.0,0.0,0.0,0.05,0.0,0.0,0.0,0.0,0.0,0.0,0.0,0.0,0.0,0.0,0.0,False,50
SOX5P1,0.005,0,0,0,36.0,36.0,36.0,,0.0,0.0,0.0,0.05,0.0,0.0,0.0,0.0,0.0,0.0,0.0,0.0,0.0,0.0,False,50
TTC23,0.005,0,0,0,36.0,36.0,36.0,1.0,0.0,0.05,0.0,0.0,0.0,0.0,0.0,0.0,0.0,0.0,0.0,0.0,0.0,0.0,False,50
ACTL9,0.005,0,0,0,37.0,37.0,37.0,1.0,0.0,0.05,0.0,0.0,0.0,0.0,0.0,0.0,0.0,0.0,0.0,0.0,0.0,0.0,False,50
C22orf34,0.005,0,0,0,37.0,37.0,37.0,,0.0,0.0,0.0,0.05,0.0,0.0,0.0,0.0,0.0,0.0,0.0,0.0,0.0,0.0,False,50
CHL1,0.005,0,0,0,37.0,37.0,37.0,1.0,0.0,0.0,0.0,0.0,0.0,0.0,0.0,0.05,0.0,0.0,0.0,0.0,0.0,0.0,False,50
DPEP2,0.005,0,0,0,37.0,37.0,37.0,,0.0,0.0,0.0,0.05,0.0,0.0,0.0,0.0,0.0,0.0,0.0,0.0,0.0,0.0,False,50
FAM83D,0.005,0,0,0,37.0,37.0,37.0,,0.0,0.0,0.0,0.0,0.0,0.0,0.0,0.0,0.05,0.0,0.0,0.0,0.0,0.0,False,50
GPAM,0.005,0,0,0,37.0,37.0,37.0,,0.0,0.0,0.0,0.0,0.0,0.0,0.0,0.0,0.05,0.0,0.0,0.0,0.0,0.0,False,50
SPA17,0.005,0,0,0,37.0,37.0,37.0,0.0,0.0,0.0,0.05,0.0,0.0,0.0,0.0,0.0,0.0,0.0,0.0,0.0,0.0,0.0,False,50
TBC1D5,0.005,0,0,0,37.0,37.0,37.0,,0.0,0.0,0.0,0.05,0.0,0.0,0.0,0.0,0.0,0.0,0.0,0.0,0.0,0.0,False,50
ZNF101,0.005,0,0,0,37.0,37.0,37.0,1.0,0.0,0.0,0.05,0.0,0.0,0.0,0.0,0.0,0.0,0.0,0.0,0.0,0.0,0.0,False,50
ZNF154,0.005,0,0,0,37.0,37.0,37.0,0.0,0.0,0.05,0.0,0.0,0.0,0.0,0.0,0.0,0.0,0.0,0.0,0.05,0.0,0.0,False,50
ABLIM2,0.005,0,0,0,38.0,38.0,38.0,,0.0,0.0,0.0,0.05,0.0,0.0,0.0,0.0,0.0,0.0,0.0,0.0,0.0,0.0,False,50
CFH,0.005,0,0,0,38.0,38.0,38.0,1.0,0.0,0.0,0.0,0.0,0.0,0.0,0.0,0.05,0.0,0.0,0.0,0.0,0.0,0.0,False,50
CHD6,0.005,0,0,0,38.0,38.0,38.0,,0.0,0.0,0.0,0.0,0.0,0.0,0.0,0.0,0.05,0.0,0.0,0.0,0.0,0.0,False,50
CXCL6,0.005,0,0,0,38.0,38.0,38.0,1.0,0.0,0.05,0.0,0.0,0.0,0.0,0.0,0.0,0.0,0.0,0.0,0.0,0.0,0.0,False,50
DDX43,0.005,0,0,0,38.0,38.0,38.0,,0.0,0.0,0.0,0.0,0.0,0.0,0.0,0.0,0.05,0.0,0.0,0.0,0.0,0.0,False,50
DEFB123,0.005,0,0,0,38.0,38.0,38.0,0.0,0.0,0.05,0.0,0.0,0.0,0.0,0.0,0.0,0.0,0.0,0.0,0.05,0.0,0.0,False,50
E2F3,0.005,0,0,0,38.0,38.0,38.0,1.0,0.0,0.0,0.0,0.0,0.0,0.0,0.0,0.05,0.0,0.0,0.0,0.0,0.0,0.0,False,50
FASTKD1,0.005,0,0,0,38.0,38.0,38.0,0.0,0.0,0.0,0.05,0.0,0.0,0.0,0.0,0.0,0.0,0.0,0.0,0.0,0.0,0.0,False,50
HFM1,0.005,0,0,0,38.0,38.0,38.0,0.0,0.0,0.05,0.0,0.0,0.0,0.0,0.0,0.0,0.0,0.0,0.0,0.0,0.0,0.0,False,50
KCNJ8,0.005,0,0,0,38.0,38.0,38.0,1.0,0.0,0.0,0.0,0.0,0.0,0.0,0.0,0.05,0.0,0.0,0.0,0.0,0.0,0.0,False,50
MED23,0.005,0,0,0,38.0,38.0,38.0,,0.0,0.0,0.0,0.05,0.0,0.0,0.0,0.0,0.0,0.0,0.0,0.0,0.0,0.0,False,50
OPN5,0.005,0,0,0,38.0,38.0,38.0,0.0,0.0,0.05,0.0,0.0,0.0,0.0,0.0,0.0,0.0,0.0,0.0,0.1,0.0,0.0,False,50
PTPN11,0.005,0,0,0,38.0,38.0,38.0,0.0,0.0,0.0,0.05,0.0,0.0,0.0,0.0,0.0,0.0,0.0,0.0,0.0,0.0,0.0,False,50
RWDD1,0.005,0,0,0,38.0,38.0,38.0,,0.0,0.0,0.0,0.0,0.0,0.0,0.0,0.0,0.05,0.0,0.0,0.0,0.0,0.0,False,50
SORD,0.005,0,0,0,38.0,38.0,38.0,0.0,0.0,0.0,0.0,0.0,0.0,0.05,0.0,0.0,0.0,0.0,0.0,0.0,0.0,0.0,False,50
SUSD6,0.005,0,0,0,38.0,38.0,38.0,,0.0,0.0,0.0,0.0,0.0,0.0,0.0,0.0,0.05,0.0,0.0,0.0,0.0,0.0,False,50
TDG,0.005,0,0,0,38.0,38.0,38.0,1.0,0.0,0.0,0.0,0.0,0.0,0.0,0.0,0.05,0.0,0.0,0.0,0.0,0.0,0.0,False,50
ZNF251,0.005,0,0,0,38.0,38.0,38.0,,0.0,0.0,0.0,0.0,0.0,0.0,0.0,0.0,0.05,0.0,0.0,0.0,0.0,0.0,False,50
C11orf74,0.005,0,0,0,39.0,39.0,39.0,1.0,0.0,0.0,0.05,0.0,0.0,0.0,0.0,0.0,0.0,0.0,0.0,0.0,0.0,0.0,False,50
CKB,0.005,0,0,0,39.0,39.0,39.0,0.0,0.0,0.0,0.05,0.0,0.0,0.0,0.0,0.0,0.0,0.0,0.0,0.0,0.0,0.0,False,50
DNAJC8,0.005,0,0,0,39.0,39.0,39.0,,0.0,0.0,0.0,0.05,0.0,0.0,0.0,0.0,0.0,0.0,0.0,0.0,0.0,0.0,False,50
ERBB3,0.005,0,0,0,39.0,39.0,39.0,1.0,0.0,0.0,0.0,0.0,0.0,0.0,0.0,0.05,0.0,0.0,0.0,0.0,0.0,0.0,False,50
FBXO42,0.005,0,0,0,39.0,39.0,39.0,,0.0,0.0,0.0,0.05,0.0,0.0,0.0,0.0,0.0,0.0,0.0,0.0,0.0,0.0,False,50
HELLS,0.005,0,0,0,39.0,39.0,39.0,1.0,0.0,0.0,0.0,0.0,0.0,0.0,0.0,0.05,0.0,0.0,0.0,0.0,0.0,0.0,False,50
KAT2B,0.005,0,0,0,39.0,39.0,39.0,,0.0,0.0,0.0,0.0,0.0,0.0,0.0,0.0,0.05,0.0,0.0,0.0,0.0,0.0,False,50
LOC101927650,0.005,0,0,0,39.0,39.0,39.0,,0.0,0.0,0.0,0.05,0.0,0.0,0.0,0.0,0.0,0.0,0.0,0.0,0.0,0.0,False,50
LOC284023,0.005,0,0,0,39.0,39.0,39.0,1.0,0.0,0.0,0.0,0.0,0.0,0.05,0.0,0.0,0.0,0.0,0.0,0.0,0.0,0.0,False,50
LY6K,0.005,0,0,0,39.0,39.0,39.0,1.0,0.0,0.0,0.05,0.0,0.0,0.0,0.0,0.0,0.0,0.0,0.0,0.0,0.0,0.0,False,50
PALMD,0.005,0,0,0,39.0,39.0,39.0,1.0,0.0,0.0,0.0,0.0,0.0,0.0,0.0,0.05,0.0,0.0,0.0,0.0,0.0,0.0,False,50
PGM1,0.005,0,0,0,39.0,39.0,39.0,,0.0,0.0,0.0,0.0,0.0,0.0,0.0,0.0,0.05,0.0,0.0,0.0,0.0,0.0,False,50
PRRC2C,0.005,0,0,0,39.0,39.0,39.0,1.0,0.0,0.0,0.0,0.0,0.0,0.0,0.0,0.05,0.0,0.0,0.0,0.0,0.0,0.0,False,50
PRSS35,0.005,0,0,0,39.0,39.0,39.0,,0.0,0.0,0.0,0.05,0.0,0.0,0.0,0.0,0.0,0.0,0.0,0.0,0.0,0.0,False,50
S100A2,0.005,0,0,0,39.0,39.0,39.0,0.0,0.0,0.0,0.05,0.0,0.0,0.0,0.0,0.0,0.0,0.0,0.0,0.0,0.0,0.0,False,50
SEMA3F,0.005,0,0,0,39.0,39.0,39.0,,0.0,0.0,0.0,0.0,0.0,0.0,0.0,0.0,0.05,0.0,0.0,0.0,0.0,0.0,False,50
TOP2A,0.005,0,0,0,39.0,39.0,39.0,1.0,0.1,0.0,0.0,0.0,0.0,0.0,0.0,0.05,0.0,0.0,0.0,0.0,0.0,0.1,False,50
ZNF829,0.005,0,0,0,39.0,39.0,39.0,,0.0,0.0,0.0,0.05,0.0,0.0,0.0,0.0,0.0,0.0,0.0,0.0,0.0,0.0,False,50
DGCR11,0.005,0,0,0,40.0,40.0,40.0,,0.0,0.0,0.0,0.05,0.0,0.0,0.0,0.0,0.0,0.0,0.0,0.0,0.0,0.0,False,50
GALE,0.005,0,0,0,40.0,40.0,40.0,1.0,0.0,0.0,0.0,0.0,0.0,0.0,0.0,0.05,0.0,0.0,0.0,0.0,0.0,0.0,False,50
HOMER2,0.005,0,0,0,40.0,40.0,40.0,,0.0,0.0,0.0,0.05,0.0,0.0,0.0,0.0,0.0,0.0,0.0,0.0,0.0,0.0,False,50
KCNT2,0.005,0,0,0,40.0,40.0,40.0,1.0,0.0,0.0,0.05,0.0,0.0,0.0,0.0,0.0,0.0,0.0,0.0,0.0,0.0,0.0,False,50
LMNB1,0.005,0,0,0,40.0,40.0,40.0,1.0,0.0,0.0,0.0,0.0,0.0,0.0,0.0,0.05,0.0,0.0,0.0,0.0,0.0,0.0,False,50
LOC101928433,0.005,0,0,0,40.0,40.0,40.0,1.0,0.0,0.0,0.05,0.0,0.0,0.0,0.0,0.0,0.0,0.0,0.0,0.0,0.0,0.0,False,50
MMP12,0.005,0,0,0,40.0,40.0,40.0,1.0,0.0,0.0,0.0,0.0,0.0,0.05,0.0,0.0,0.0,0.0,0.0,0.0,0.0,0.0,False,50
MT4,0.005,0,0,0,40.0,40.0,40.0,,0.0,0.0,0.0,0.05,0.0,0.0,0.0,0.0,0.0,0.0,0.0,0.0,0.0,0.0,False,50
MYO9B,0.005,0,0,0,40.0,40.0,40.0,,0.0,0.0,0.0,0.05,0.0,0.0,0.0,0.0,0.0,0.0,0.0,0.0,0.0,0.0,False,50
RGS12,0.005,0,0,0,40.0,40.0,40.0,1.0,0.0,0.0,0.05,0.0,0.0,0.0,0.0,0.0,0.0,0.0,0.0,0.0,0.0,0.0,False,50
RIDA,0.005,0,0,0,40.0,40.0,40.0,1.0,0.0,0.0,0.05,0.0,0.0,0.0,0.0,0.0,0.0,0.0,0.0,0.0,0.0,0.0,False,50
THRB,0.005,0,0,0,40.0,40.0,40.0,1.0,0.0,0.0,0.05,0.0,0.0,0.0,0.0,0.0,0.0,0.0,0.0,0.0,0.0,0.0,False,50
TRIM59,0.005,0,0,0,40.0,40.0,40.0,1.0,0.0,0.0,0.0,0.0,0.0,0.0,0.0,0.05,0.0,0.0,0.0,0.0,0.0,0.0,False,50
UNC5B,0.005,0,0,0,40.0,40.0,40.0,,0.0,0.0,0.0,0.0,0.0,0.0,0.0,0.0,0.05,0.0,0.0,0.0,0.0,0.0,False,50
ASPM,0.005,0,0,0,41.0,41.0,41.0,1.0,0.0,0.0,0.0,0.0,0.0,0.0,0.0,0.05,0.0,0.0,0.0,0.0,0.0,0.0,False,50
CCRL2,0.005,0,0,0,41.0,41.0,41.0,,0.0,0.0,0.0,0.05,0.0,0.0,0.0,0.0,0.0,0.0,0.0,0.0,0.0,0.0,False,50
CIDEC,0.005,0,0,0,41.0,41.0,41.0,0.16666666666666666,0.25,0.0,0.0,0.0,0.0,0.0,0.0,0.05,0.0,0.0,0.0,0.0,0.0,0.25,False,50
CTSH,0.005,0,0,0,41.0,41.0,41.0,1.0,0.0,0.0,0.0,0.0,0.0,0.05,0.0,0.0,0.0,0.0,0.0,0.0,0.0,0.0,False,50
CYB5R3,0.005,0,0,0,41.0,41.0,41.0,1.0,0.0,0.0,0.0,0.0,0.0,0.0,0.0,0.05,0.0,0.0,0.0,0.0,0.0,0.0,False,50
EPPK1,0.005,0,0,0,41.0,41.0,41.0,,0.0,0.0,0.0,0.0,0.0,0.0,0.0,0.0,0.05,0.0,0.0,0.0,0.0,0.0,False,50
GRIN2B,0.005,0,0,0,41.0,41.0,41.0,,0.0,0.0,0.0,0.05,0.0,0.0,0.0,0.0,0.0,0.0,0.0,0.0,0.0,0.0,False,50
LSG1,0.005,0,0,0,41.0,41.0,41.0,,0.0,0.0,0.0,0.0,0.0,0.0,0.0,0.0,0.05,0.0,0.0,0.0,0.0,0.0,False,50
MRPL35,0.005,0,0,0,41.0,41.0,41.0,1.0,0.0,0.0,0.05,0.0,0.0,0.0,0.0,0.0,0.0,0.0,0.0,0.0,0.0,0.0,False,50
MTRF1L,0.005,0,0,0,41.0,41.0,41.0,0.0,0.0,0.0,0.05,0.0,0.0,0.0,0.0,0.0,0.0,0.0,0.0,0.0,0.0,0.0,False,50
NMRAL1,0.005,0,0,0,41.0,41.0,41.0,,0.0,0.0,0.0,0.0,0.0,0.0,0.0,0.0,0.05,0.0,0.0,0.0,0.0,0.0,False,50
SIGLEC17P,0.005,0,0,0,41.0,41.0,41.0,,0.0,0.0,0.0,0.05,0.0,0.0,0.0,0.0,0.0,0.0,0.0,0.0,0.0,0.0,False,50
ZC3HAV1L,0.005,0,0,0,41.0,41.0,41.0,0.0,0.0,0.0,0.05,0.0,0.0,0.0,0.0,0.0,0.0,0.0,0.0,0.0,0.0,0.0,False,50
ZNF667-AS1,0.005,0,0,0,41.0,41.0,41.0,0.0,0.0,0.0,0.05,0.0,0.0,0.0,0.0,0.0,0.0,0.0,0.0,0.0,0.0,0.0,False,50
CDH13,0.005,0,0,0,42.0,42.0,42.0,,0.0,0.0,0.0,0.05,0.0,0.0,0.0,0.0,0.0,0.0,0.0,0.0,0.0,0.0,False,50
DGKH,0.005,0,0,0,42.0,42.0,42.0,0.0,0.0,0.0,0.05,0.0,0.0,0.0,0.0,0.0,0.0,0.0,0.0,0.0,0.0,0.0,False,50
EXOC6B,0.005,0,0,0,42.0,42.0,42.0,1.0,0.0,0.0,0.05,0.0,0.0,0.0,0.0,0.0,0.0,0.0,0.0,0.0,0.0,0.0,False,50
FAM109B,0.005,0,0,0,42.0,42.0,42.0,0.0,0.0,0.0,0.05,0.0,0.0,0.0,0.0,0.0,0.0,0.0,0.0,0.0,0.0,0.0,False,50
HNMT,0.005,0,0,0,42.0,42.0,42.0,1.0,0.0,0.0,0.0,0.0,0.0,0.0,0.0,0.05,0.0,0.0,0.0,0.0,0.0,0.0,False,50
MAN2A2,0.005,0,0,0,42.0,42.0,42.0,1.0,0.0,0.0,0.0,0.0,0.0,0.05,0.0,0.0,0.0,0.0,0.0,0.0,0.0,0.0,False,50
NRG1-IT1,0.005,0,0,0,42.0,42.0,42.0,1.0,0.0,0.0,0.0,0.05,0.0,0.0,0.0,0.0,0.0,0.0,0.0,0.0,0.05,0.0,False,50
PLVAP,0.005,0,0,0,42.0,42.0,42.0,0.0,0.0,0.0,0.0,0.0,0.0,0.05,0.0,0.0,0.0,0.0,0.0,0.0,0.0,0.0,False,50
PRPF19,0.005,0,0,0,42.0,42.0,42.0,,0.0,0.0,0.0,0.0,0.0,0.0,0.0,0.0,0.05,0.0,0.0,0.0,0.0,0.0,False,50
SIK2,0.005,0,0,0,42.0,42.0,42.0,,0.0,0.0,0.0,0.0,0.0,0.0,0.0,0.0,0.05,0.0,0.0,0.0,0.0,0.0,False,50
SLC25A18,0.005,0,0,0,42.0,42.0,42.0,1.0,0.0,0.0,0.0,0.0,0.0,0.0,0.0,0.05,0.0,0.0,0.0,0.0,0.0,0.0,False,50
VWDE,0.005,0,0,0,42.0,42.0,42.0,0.0,0.0,0.0,0.05,0.0,0.0,0.0,0.0,0.0,0.0,0.0,0.0,0.0,0.0,0.0,False,50
ARC,0.005,0,0,0,43.0,43.0,43.0,,0.0,0.0,0.0,0.05,0.0,0.0,0.0,0.0,0.0,0.0,0.0,0.0,0.0,0.0,False,50
CENPK,0.005,0,0,0,43.0,43.0,43.0,1.0,0.0,0.0,0.0,0.0,0.0,0.0,0.0,0.05,0.0,0.0,0.0,0.0,0.0,0.0,False,50
EYS,0.005,0,0,0,43.0,43.0,43.0,0.0,0.0,0.05,0.0,0.0,0.0,0.0,0.0,0.0,0.0,0.0,0.0,0.05,0.0,0.0,False,50
GPER1,0.005,0,0,0,43.0,43.0,43.0,1.0,0.0,0.0,0.05,0.0,0.0,0.0,0.0,0.0,0.0,0.0,0.0,0.0,0.0,0.0,False,50
LAMTOR5,0.005,0,0,0,43.0,43.0,43.0,,0.0,0.0,0.0,0.05,0.0,0.0,0.0,0.0,0.0,0.0,0.0,0.0,0.0,0.0,False,50
LOC101927636,0.005,0,0,0,43.0,43.0,43.0,0.0,0.0,0.05,0.0,0.0,0.0,0.0,0.0,0.0,0.0,0.0,0.0,0.0,0.0,0.0,False,50
MAGI2-AS3,0.005,0,0,0,43.0,43.0,43.0,0.5,0.05,0.0,0.0,0.0,0.0,0.0,0.0,0.05,0.0,0.0,0.0,0.0,0.0,0.05,False,50
MAOA,0.005,0,0,0,43.0,43.0,43.0,1.0,0.0,0.0,0.05,0.0,0.0,0.0,0.0,0.0,0.0,0.0,0.0,0.0,0.0,0.0,False,50
MTMR10,0.005,0,0,0,43.0,43.0,43.0,1.0,0.0,0.0,0.0,0.0,0.0,0.0,0.0,0.05,0.0,0.0,0.0,0.0,0.0,0.0,False,50
RALGPS1,0.005,0,0,0,43.0,43.0,43.0,1.0,0.3,0.0,0.0,0.0,0.0,0.0,0.0,0.0,0.05,0.0,0.0,0.0,0.0,0.3,False,50
RCC2,0.005,0,0,0,43.0,43.0,43.0,1.0,0.0,0.0,0.0,0.0,0.0,0.0,0.0,0.05,0.0,0.0,0.0,0.0,0.0,0.0,False,50
SCARA5,0.005,0,0,0,43.0,43.0,43.0,0.5,0.05,0.0,0.0,0.0,0.0,0.0,0.0,0.05,0.0,0.0,0.0,0.0,0.0,0.05,False,50
SLC22A12,0.005,0,0,0,43.0,43.0,43.0,,0.0,0.0,0.0,0.05,0.0,0.0,0.0,0.0,0.0,0.0,0.0,0.0,0.0,0.0,False,50
SPINK6,0.005,0,0,0,43.0,43.0,43.0,,0.0,0.0,0.0,0.05,0.0,0.0,0.0,0.0,0.0,0.0,0.0,0.0,0.0,0.0,False,50
STK40,0.005,0,0,0,43.0,43.0,43.0,0.0,0.0,0.0,0.05,0.0,0.0,0.0,0.0,0.0,0.0,0.0,0.0,0.0,0.0,0.0,False,50
TRDMT1,0.005,0,0,0,43.0,43.0,43.0,0.0,0.0,0.0,0.05,0.0,0.0,0.0,0.0,0.0,0.0,0.0,0.0,0.0,0.0,0.0,False,50
TRIM69,0.005,0,0,0,43.0,43.0,43.0,0.0,0.0,0.0,0.05,0.0,0.0,0.0,0.0,0.0,0.0,0.0,0.0,0.0,0.0,0.0,False,50
ZBTB42,0.005,0,0,0,43.0,43.0,43.0,,0.0,0.0,0.0,0.0,0.0,0.0,0.0,0.0,0.05,0.0,0.0,0.0,0.0,0.0,False,50
ZNRF2,0.005,0,0,0,43.0,43.0,43.0,,0.0,0.0,0.0,0.05,0.0,0.0,0.0,0.0,0.0,0.0,0.0,0.0,0.0,0.0,False,50
ASTN1,0.005,0,0,0,44.0,44.0,44.0,1.0,0.0,0.05,0.0,0.0,0.0,0.0,0.0,0.0,0.0,0.0,0.0,0.0,0.0,0.0,False,50
CBX8,0.005,0,0,0,44.0,44.0,44.0,,0.0,0.0,0.0,0.05,0.0,0.0,0.0,0.0,0.0,0.0,0.0,0.0,0.0,0.0,False,50
COL19A1,0.005,0,0,0,44.0,44.0,44.0,,0.0,0.0,0.0,0.05,0.0,0.0,0.0,0.0,0.0,0.0,0.0,0.0,0.0,0.0,False,50
EBF2,0.005,0,0,0,44.0,44.0,44.0,0.0,0.0,0.0,0.05,0.0,0.0,0.0,0.0,0.0,0.0,0.0,0.0,0.0,0.0,0.0,False,50
HAND2-AS1,0.005,0,0,0,44.0,44.0,44.0,0.0,0.0,0.0,0.0,0.0,0.0,0.05,0.0,0.0,0.0,0.0,0.0,0.0,0.05,0.0,False,50
HOTAIR,0.005,0,0,0,44.0,44.0,44.0,0.0,0.0,0.0,0.05,0.0,0.0,0.0,0.0,0.0,0.0,0.0,0.0,0.0,0.0,0.0,False,50
LINC01278,0.005,0,0,0,44.0,44.0,44.0,1.0,0.0,0.0,0.05,0.0,0.0,0.0,0.0,0.0,0.0,0.0,0.0,0.0,0.0,0.0,False,50
MYOZ1,0.005,0,0,0,44.0,44.0,44.0,,0.0,0.0,0.0,0.05,0.0,0.0,0.0,0.0,0.0,0.0,0.0,0.0,0.0,0.0,False,50
NUSAP1,0.005,0,0,0,44.0,44.0,44.0,1.0,0.05,0.0,0.0,0.0,0.0,0.0,0.0,0.05,0.0,0.0,0.0,0.0,0.0,0.05,False,50
SAMD4A,0.005,0,0,0,44.0,44.0,44.0,1.0,0.0,0.0,0.0,0.0,0.0,0.0,0.0,0.05,0.0,0.0,0.0,0.0,0.0,0.0,False,50
SPRYD3,0.005,0,0,0,44.0,44.0,44.0,1.0,0.0,0.0,0.0,0.0,0.0,0.05,0.0,0.0,0.0,0.0,0.0,0.0,0.0,0.0,False,50
STAB1,0.005,0,0,0,44.0,44.0,44.0,0.0,0.0,0.0,0.05,0.0,0.0,0.0,0.0,0.0,0.0,0.0,0.0,0.0,0.0,0.0,False,50
VILL,0.005,0,0,0,44.0,44.0,44.0,,0.0,0.0,0.0,0.05,0.0,0.0,0.0,0.0,0.0,0.0,0.0,0.0,0.0,0.0,False,50
APOL4,0.005,0,0,0,45.0,45.0,45.0,0.0,0.0,0.0,0.0,0.0,0.0,0.05,0.0,0.0,0.0,0.0,0.0,0.0,0.0,0.0,False,50
DIO3,0.005,0,0,0,45.0,45.0,45.0,0.0,0.0,0.05,0.0,0.0,0.0,0.0,0.0,0.0,0.0,0.0,0.0,0.05,0.0,0.0,False,50
DIS3L,0.005,0,0,0,45.0,45.0,45.0,0.0,0.0,0.0,0.0,0.0,0.0,0.05,0.0,0.0,0.0,0.0,0.0,0.0,0.0,0.0,False,50
EPCAM,0.005,0,0,0,45.0,45.0,45.0,,0.0,0.0,0.0,0.0,0.0,0.0,0.05,0.0,0.0,0.0,0.0,0.0,0.0,0.0,False,50
ETFB,0.005,0,0,0,45.0,45.0,45.0,1.0,0.0,0.0,0.0,0.0,0.0,0.0,0.0,0.05,0.0,0.0,0.0,0.0,0.0,0.0,False,50
FGR,0.005,0,0,0,45.0,45.0,45.0,,0.0,0.0,0.0,0.05,0.0,0.0,0.0,0.0,0.0,0.0,0.0,0.0,0.0,0.0,False,50
GAB3,0.005,0,0,0,45.0,45.0,45.0,1.0,0.0,0.0,0.05,0.0,0.0,0.0,0.0,0.0,0.0,0.0,0.0,0.0,0.0,0.0,False,50
LAMA1,0.005,0,0,0,45.0,45.0,45.0,1.0,0.0,0.05,0.0,0.0,0.0,0.0,0.0,0.0,0.0,0.0,0.0,0.0,0.0,0.0,False,50
LATS2,0.005,0,0,0,45.0,45.0,45.0,1.0,0.0,0.0,0.0,0.0,0.0,0.0,0.0,0.05,0.0,0.0,0.0,0.0,0.0,0.0,False,50
MLLT11,0.005,0,0,0,45.0,45.0,45.0,1.0,0.0,0.0,0.0,0.0,0.0,0.0,0.0,0.05,0.0,0.0,0.0,0.0,0.0,0.0,False,50
NMT2,0.005,0,0,0,45.0,45.0,45.0,0.0,0.05,0.0,0.0,0.0,0.0,0.0,0.0,0.0,0.05,0.0,0.0,0.0,0.0,0.05,False,50
PALLD,0.005,0,0,0,45.0,45.0,45.0,,0.0,0.0,0.0,0.05,0.0,0.0,0.0,0.0,0.0,0.0,0.0,0.0,0.0,0.0,False,50
PIR,0.005,0,0,0,45.0,45.0,45.0,1.0,0.0,0.0,0.05,0.0,0.0,0.0,0.0,0.0,0.0,0.0,0.0,0.0,0.0,0.0,False,50
RAB38,0.005,0,0,0,45.0,45.0,45.0,,0.0,0.0,0.0,0.05,0.0,0.0,0.0,0.0,0.0,0.0,0.0,0.0,0.0,0.0,False,50
RRAS2,0.005,0,0,0,45.0,45.0,45.0,0.0,0.2,0.0,0.0,0.0,0.0,0.0,0.0,0.0,0.05,0.0,0.0,0.0,0.0,0.2,False,50
SP3P,0.005,0,0,0,45.0,45.0,45.0,1.0,0.0,0.05,0.0,0.0,0.0,0.0,0.0,0.0,0.0,0.0,0.0,0.0,0.0,0.0,False,50
SPP2,0.005,0,0,0,45.0,45.0,45.0,0.0,0.0,0.05,0.0,0.0,0.0,0.0,0.0,0.0,0.0,0.0,0.0,0.05,0.0,0.0,False,50
TMEM140,0.005,0,0,0,45.0,45.0,45.0,1.0,0.0,0.0,0.0,0.0,0.0,0.0,0.0,0.05,0.0,0.0,0.0,0.0,0.0,0.0,False,50
ADAMTS9-AS2,0.005,0,0,0,46.0,46.0,46.0,,0.0,0.0,0.0,0.05,0.0,0.0,0.0,0.0,0.0,0.0,0.0,0.0,0.0,0.0,False,50
B4GALT1,0.005,0,0,0,46.0,46.0,46.0,,0.0,0.0,0.0,0.0,0.0,0.0,0.0,0.0,0.05,0.0,0.0,0.0,0.0,0.0,False,50
COX14,0.005,0,0,0,46.0,46.0,46.0,,0.0,0.0,0.0,0.05,0.0,0.0,0.0,0.0,0.0,0.0,0.0,0.0,0.0,0.0,False,50
EPS8L1,0.005,0,0,0,46.0,46.0,46.0,1.0,0.05,0.0,0.0,0.0,0.0,0.0,0.0,0.0,0.05,0.0,0.0,0.0,0.0,0.05,False,50
FAM13A-AS1,0.005,0,0,0,46.0,46.0,46.0,0.0,0.0,0.0,0.05,0.0,0.0,0.0,0.0,0.0,0.0,0.0,0.0,0.0,0.0,0.0,False,50
GCLC,0.005,0,0,0,46.0,46.0,46.0,1.0,0.0,0.0,0.05,0.0,0.0,0.0,0.0,0.0,0.0,0.0,0.0,0.0,0.0,0.0,False,50
LOC100190986,0.005,0,0,0,46.0,46.0,46.0,,0.0,0.0,0.0,0.0,0.0,0.0,0.0,0.0,0.05,0.0,0.0,0.0,0.0,0.0,False,50
LOC105377925,0.005,0,0,0,46.0,46.0,46.0,1.0,0.0,0.05,0.0,0.0,0.0,0.0,0.0,0.0,0.0,0.0,0.0,0.0,0.0,0.0,False,50
MILR1,0.005,0,0,0,46.0,46.0,46.0,,0.0,0.0,0.0,0.05,0.0,0.0,0.0,0.0,0.0,0.0,0.0,0.0,0.0,0.0,False,50
MTURN,0.005,0,0,0,46.0,46.0,46.0,1.0,0.0,0.0,0.0,0.0,0.0,0.0,0.0,0.05,0.0,0.0,0.0,0.0,0.0,0.0,False,50
MYO6,0.005,0,0,0,46.0,46.0,46.0,,0.0,0.0,0.0,0.0,0.0,0.0,0.0,0.0,0.05,0.0,0.0,0.0,0.0,0.0,False,50
PDIA3,0.005,0,0,0,46.0,46.0,46.0,,0.0,0.0,0.0,0.0,0.0,0.0,0.0,0.0,0.05,0.0,0.0,0.0,0.0,0.0,False,50
PLPP2,0.005,0,0,0,46.0,46.0,46.0,1.0,0.2,0.0,0.0,0.0,0.0,0.0,0.0,0.05,0.0,0.0,0.0,0.0,0.0,0.2,False,50
RRAS,0.005,0,0,0,46.0,46.0,46.0,1.0,0.0,0.0,0.0,0.0,0.0,0.0,0.0,0.05,0.0,0.0,0.0,0.0,0.0,0.0,False,50
SMYD3,0.005,0,0,0,46.0,46.0,46.0,1.0,0.0,0.0,0.05,0.0,0.0,0.0,0.0,0.0,0.0,0.0,0.0,0.0,0.0,0.0,False,50
TRPM4,0.005,0,0,0,46.0,46.0,46.0,1.0,0.05,0.0,0.0,0.0,0.0,0.0,0.0,0.0,0.05,0.0,0.0,0.0,0.0,0.05,False,50
USP2,0.005,0,0,0,46.0,46.0,46.0,,0.0,0.0,0.0,0.05,0.0,0.0,0.0,0.0,0.0,0.0,0.0,0.0,0.0,0.0,False,50
WDR73,0.005,0,0,0,46.0,46.0,46.0,0.0,0.0,0.0,0.05,0.0,0.0,0.0,0.0,0.0,0.0,0.0,0.0,0.0,0.0,0.0,False,50
ZNF343,0.005,0,0,0,46.0,46.0,46.0,,0.0,0.0,0.0,0.05,0.0,0.0,0.0,0.0,0.0,0.0,0.0,0.0,0.0,0.0,False,50
ADIPOQ,0.005,0,0,0,47.0,47.0,47.0,0.5,0.05,0.0,0.0,0.0,0.0,0.0,0.0,0.05,0.0,0.0,0.0,0.0,0.0,0.05,False,50
C15orf39,0.005,0,0,0,47.0,47.0,47.0,,0.0,0.0,0.0,0.05,0.0,0.0,0.0,0.0,0.0,0.0,0.0,0.0,0.0,0.0,False,50
CCDC121,0.005,0,0,0,47.0,47.0,47.0,,0.0,0.0,0.0,0.05,0.0,0.0,0.0,0.0,0.0,0.0,0.0,0.0,0.0,0.0,False,50
CYB5A,0.005,0,0,0,47.0,47.0,47.0,1.0,0.0,0.0,0.0,0.0,0.0,0.0,0.0,0.05,0.0,0.0,0.0,0.0,0.0,0.0,False,50
DCN,0.005,0,0,0,47.0,47.0,47.0,1.0,0.0,0.0,0.0,0.0,0.0,0.0,0.0,0.05,0.0,0.0,0.0,0.0,0.0,0.0,False,50
FAM184A,0.005,0,0,0,47.0,47.0,47.0,0.0,0.0,0.0,0.0,0.0,0.0,0.05,0.0,0.0,0.0,0.0,0.0,0.0,0.0,0.0,False,50
FAM69A,0.005,0,0,0,47.0,47.0,47.0,1.0,0.0,0.0,0.05,0.0,0.0,0.0,0.0,0.0,0.0,0.0,0.0,0.0,0.0,0.0,False,50
GFRA4,0.005,0,0,0,47.0,47.0,47.0,,0.0,0.0,0.0,0.05,0.0,0.0,0.0,0.0,0.0,0.0,0.0,0.0,0.0,0.0,False,50
LGALS14,0.005,0,0,0,47.0,47.0,47.0,0.0,0.0,0.05,0.0,0.0,0.0,0.0,0.0,0.0,0.0,0.0,0.0,0.1,0.0,0.0,False,50
LINC01087,0.005,0,0,0,47.0,47.0,47.0,0.0,0.0,0.0,0.05,0.0,0.0,0.0,0.0,0.0,0.0,0.0,0.0,0.0,0.0,0.0,False,50
MIR181A2HG,0.005,0,0,0,47.0,47.0,47.0,1.0,0.0,0.0,0.05,0.0,0.0,0.0,0.0,0.0,0.0,0.0,0.0,0.0,0.0,0.0,False,50
MYBPC1,0.005,0,0,0,47.0,47.0,47.0,,0.0,0.0,0.0,0.05,0.0,0.0,0.0,0.0,0.0,0.0,0.0,0.0,0.0,0.0,False,50
PGM2,0.005,0,0,0,47.0,47.0,47.0,1.0,0.0,0.0,0.05,0.0,0.0,0.0,0.0,0.0,0.0,0.0,0.0,0.0,0.0,0.0,False,50
PKD2L1,0.005,0,0,0,47.0,47.0,47.0,,0.0,0.0,0.0,0.05,0.0,0.0,0.0,0.0,0.0,0.0,0.0,0.0,0.0,0.0,False,50
REEP4,0.005,0,0,0,47.0,47.0,47.0,1.0,0.0,0.0,0.0,0.0,0.0,0.0,0.0,0.05,0.0,0.0,0.0,0.0,0.0,0.0,False,50
RRM2,0.005,0,0,0,47.0,47.0,47.0,1.0,0.05,0.0,0.05,0.0,0.0,0.0,0.0,0.0,0.0,0.0,0.0,0.0,0.0,0.05,False,50
SHANK2,0.005,0,0,0,47.0,47.0,47.0,1.0,0.1,0.0,0.0,0.0,0.0,0.0,0.0,0.0,0.05,0.0,0.0,0.0,0.0,0.1,False,50
SSX2IP,0.005,0,0,0,47.0,47.0,47.0,1.0,0.0,0.0,0.0,0.0,0.0,0.0,0.0,0.05,0.0,0.0,0.0,0.0,0.0,0.0,False,50
SUCLA2,0.005,0,0,0,47.0,47.0,47.0,1.0,0.0,0.0,0.0,0.0,0.0,0.0,0.0,0.05,0.0,0.0,0.0,0.0,0.0,0.0,False,50
ZNF106,0.005,0,0,0,47.0,47.0,47.0,,0.0,0.0,0.0,0.0,0.0,0.0,0.0,0.0,0.05,0.0,0.0,0.0,0.0,0.0,False,50
ADAR,0.005,0,0,0,48.0,48.0,48.0,,0.0,0.0,0.0,0.0,0.0,0.0,0.0,0.0,0.05,0.0,0.0,0.0,0.0,0.0,False,50
AGTRAP,0.005,0,0,0,48.0,48.0,48.0,1.0,0.0,0.0,0.0,0.0,0.0,0.0,0.0,0.05,0.0,0.0,0.0,0.0,0.0,0.0,False,50
B3GALNT1,0.005,0,0,0,48.0,48.0,48.0,,0.0,0.0,0.0,0.0,0.0,0.0,0.0,0.0,0.05,0.0,0.0,0.0,0.0,0.0,False,50
C3orf79,0.005,0,0,0,48.0,48.0,48.0,,0.0,0.0,0.0,0.05,0.0,0.0,0.0,0.0,0.0,0.0,0.0,0.0,0.0,0.0,False,50
CAPN1,0.005,0,0,0,48.0,48.0,48.0,,0.0,0.0,0.0,0.0,0.0,0.0,0.0,0.0,0.05,0.0,0.0,0.0,0.0,0.0,False,50
CEP120,0.005,0,0,0,48.0,48.0,48.0,1.0,0.0,0.0,0.0,0.0,0.0,0.0,0.0,0.05,0.0,0.0,0.0,0.0,0.0,0.0,False,50
CTSB,0.005,0,0,0,48.0,48.0,48.0,,0.0,0.0,0.0,0.05,0.0,0.0,0.0,0.0,0.0,0.0,0.0,0.0,0.0,0.0,False,50
GRM5,0.005,0,0,0,48.0,48.0,48.0,1.0,0.0,0.0,0.05,0.0,0.0,0.0,0.0,0.0,0.0,0.0,0.0,0.0,0.0,0.0,False,50
IDI1,0.005,0,0,0,48.0,48.0,48.0,0.0,0.0,0.0,0.05,0.0,0.0,0.0,0.0,0.0,0.0,0.0,0.0,0.0,0.0,0.0,False,50
LDHAL6A,0.005,0,0,0,48.0,48.0,48.0,,0.0,0.0,0.0,0.05,0.0,0.0,0.0,0.0,0.0,0.0,0.0,0.0,0.0,0.0,False,50
LOC102724640,0.005,0,0,0,48.0,48.0,48.0,0.0,0.0,0.0,0.0,0.0,0.05,0.0,0.0,0.0,0.0,0.0,0.0,0.0,0.0,0.0,False,50
MBNL3,0.005,0,0,0,48.0,48.0,48.0,0.0,0.2,0.0,0.0,0.0,0.0,0.0,0.0,0.0,0.05,0.0,0.0,0.0,0.0,0.2,False,50
MTFMT,0.005,0,0,0,48.0,48.0,48.0,1.0,0.0,0.0,0.05,0.0,0.0,0.0,0.0,0.0,0.0,0.0,0.0,0.0,0.0,0.0,False,50
RGL1,0.005,0,0,0,48.0,48.0,48.0,1.0,0.0,0.0,0.0,0.0,0.0,0.0,0.0,0.05,0.0,0.0,0.0,0.0,0.0,0.0,False,50
RGS18,0.005,0,0,0,48.0,48.0,48.0,,0.0,0.0,0.0,0.05,0.0,0.0,0.0,0.0,0.0,0.0,0.0,0.0,0.0,0.0,False,50
SIM1,0.005,0,0,0,48.0,48.0,48.0,1.0,0.0,0.0,0.0,0.0,0.0,0.05,0.0,0.0,0.0,0.0,0.0,0.0,0.0,0.0,False,50
SVEP1,0.005,0,0,0,48.0,48.0,48.0,0.16666666666666666,0.25,0.0,0.0,0.0,0.0,0.0,0.0,0.05,0.0,0.0,0.0,0.0,0.0,0.25,False,50
TRAIP,0.005,0,0,0,48.0,48.0,48.0,,0.0,0.0,0.0,0.05,0.0,0.0,0.0,0.0,0.0,0.0,0.0,0.0,0.0,0.0,False,50
VLDLR,0.005,0,0,0,48.0,48.0,48.0,,0.0,0.0,0.0,0.0,0.0,0.0,0.0,0.0,0.05,0.0,0.0,0.0,0.0,0.0,False,50
CENPU,0.005,0,0,0,49.0,49.0,49.0,1.0,0.0,0.0,0.0,0.0,0.0,0.0,0.0,0.05,0.0,0.0,0.0,0.0,0.0,0.0,False,50
DNAH5,0.005,0,0,0,49.0,49.0,49.0,1.0,0.0,0.0,0.05,0.0,0.0,0.0,0.0,0.0,0.0,0.0,0.0,0.0,0.0,0.0,False,50
EPB41L1,0.005,0,0,0,49.0,49.0,49.0,1.0,0.0,0.0,0.0,0.0,0.0,0.05,0.0,0.0,0.0,0.0,0.0,0.0,0.0,0.0,False,50
ERBB2,0.005,0,0,0,49.0,49.0,49.0,,0.0,0.0,0.0,0.0,0.0,0.0,0.0,0.0,0.05,0.0,0.0,0.0,0.0,0.0,False,50
FAM84B,0.005,0,0,0,49.0,49.0,49.0,,0.0,0.0,0.0,0.0,0.0,0.0,0.0,0.0,0.05,0.0,0.0,0.0,0.0,0.0,False,50
FLI1,0.005,0,0,0,49.0,49.0,49.0,1.0,0.0,0.0,0.0,0.0,0.0,0.0,0.0,0.05,0.0,0.0,0.0,0.0,0.0,0.0,False,50
LGALS1,0.005,0,0,0,49.0,49.0,49.0,1.0,0.0,0.0,0.0,0.0,0.0,0.0,0.0,0.05,0.0,0.0,0.0,0.0,0.0,0.0,False,50
LINC00537,0.005,0,0,0,49.0,49.0,49.0,0.0,0.0,0.0,0.0,0.0,0.0,0.05,0.0,0.0,0.0,0.0,0.0,0.0,0.0,0.0,False,50
LOC101929398,0.005,0,0,0,49.0,49.0,49.0,0.0,0.0,0.0,0.0,0.0,0.05,0.0,0.0,0.0,0.0,0.0,0.0,0.0,0.0,0.0,False,50
MPZL2,0.005,0,0,0,49.0,49.0,49.0,,0.0,0.0,0.0,0.0,0.0,0.0,0.0,0.0,0.05,0.0,0.0,0.0,0.0,0.0,False,50
PID1,0.005,0,0,0,49.0,49.0,49.0,1.0,0.0,0.0,0.0,0.0,0.0,0.0,0.0,0.05,0.0,0.0,0.0,0.0,0.0,0.0,False,50
PYGL,0.005,0,0,0,49.0,49.0,49.0,0.0,0.0,0.0,0.05,0.0,0.0,0.0,0.0,0.0,0.0,0.0,0.0,0.0,0.0,0.0,False,50
RNF183,0.005,0,0,0,49.0,49.0,49.0,,0.0,0.0,0.0,0.05,0.0,0.0,0.0,0.0,0.0,0.0,0.0,0.0,0.0,0.0,False,50
SETD5,0.005,0,0,0,49.0,49.0,49.0,,0.0,0.0,0.0,0.0,0.0,0.0,0.0,0.0,0.05,0.0,0.0,0.0,0.0,0.0,False,50
SFN,0.005,0,0,0,49.0,49.0,49.0,,0.0,0.0,0.0,0.0,0.0,0.0,0.0,0.0,0.05,0.0,0.0,0.0,0.0,0.0,False,50
SLC35G1,0.005,0,0,0,49.0,49.0,49.0,,0.0,0.0,0.0,0.0,0.0,0.0,0.05,0.0,0.0,0.0,0.0,0.0,0.0,0.0,False,50
TNFAIP8L1,0.005,0,0,0,49.0,49.0,49.0,1.0,0.0,0.0,0.05,0.0,0.0,0.0,0.0,0.0,0.0,0.0,0.0,0.0,0.0,0.0,False,50
ZCCHC24,0.005,0,0,0,49.0,49.0,49.0,,0.0,0.0,0.0,0.0,0.0,0.0,0.0,0.0,0.05,0.0,0.0,0.0,0.0,0.0,False,50
ADORA3,0.005,0,0,0,50.0,50.0,50.0,,0.0,0.0,0.0,0.05,0.0,0.0,0.0,0.0,0.0,0.0,0.0,0.0,0.0,0.0,False,50
DHDDS,0.005,0,0,0,50.0,50.0,50.0,1.0,0.0,0.0,0.0,0.0,0.0,0.0,0.0,0.05,0.0,0.0,0.0,0.0,0.0,0.0,False,50
DKFZP586B0319,0.005,0,0,0,50.0,50.0,50.0,,0.0,0.0,0.0,0.0,0.0,0.0,0.0,0.0,0.05,0.0,0.0,0.0,0.0,0.0,False,50
GBE1,0.005,0,0,0,50.0,50.0,50.0,0.0,0.05,0.0,0.0,0.0,0.0,0.0,0.0,0.0,0.05,0.0,0.0,0.0,0.0,0.05,False,50
GLUD2,0.005,0,0,0,50.0,50.0,50.0,1.0,0.0,0.0,0.0,0.0,0.0,0.0,0.0,0.05,0.0,0.0,0.0,0.0,0.0,0.0,False,50
KCNQ1-AS1,0.005,0,0,0,50.0,50.0,50.0,,0.0,0.0,0.0,0.0,0.0,0.0,0.0,0.0,0.05,0.0,0.0,0.0,0.0,0.0,False,50
LIG3,0.005,0,0,0,50.0,50.0,50.0,,0.0,0.0,0.0,0.0,0.0,0.0,0.0,0.0,0.05,0.0,0.0,0.0,0.0,0.0,False,50
LOC100506388,0.005,0,0,0,50.0,50.0,50.0,0.0,0.0,0.0,0.0,0.0,0.05,0.0,0.0,0.0,0.0,0.0,0.0,0.0,0.0,0.0,False,50
LOC101929504,0.005,0,0,0,50.0,50.0,50.0,,0.0,0.0,0.0,0.05,0.0,0.0,0.0,0.0,0.0,0.0,0.0,0.0,0.0,0.0,False,50
MAPK14,0.005,0,0,0,50.0,50.0,50.0,,0.0,0.0,0.0,0.05,0.0,0.0,0.0,0.0,0.0,0.0,0.0,0.0,0.0,0.0,False,50
MCCC1,0.005,0,0,0,50.0,50.0,50.0,1.0,0.0,0.0,0.05,0.0,0.0,0.0,0.0,0.0,0.0,0.0,0.0,0.0,0.0,0.0,False,50
NREP,0.005,0,0,0,50.0,50.0,50.0,1.0,0.0,0.0,0.05,0.0,0.0,0.0,0.0,0.0,0.0,0.0,0.0,0.0,0.0,0.0,False,50
NSA2,0.005,0,0,0,50.0,50.0,50.0,,0.0,0.0,0.0,0.0,0.0,0.0,0.0,0.0,0.05,0.0,0.0,0.0,0.0,0.0,False,50
PCDHB7,0.005,0,0,0,50.0,50.0,50.0,,0.0,0.0,0.0,0.05,0.0,0.0,0.0,0.0,0.0,0.0,0.0,0.0,0.0,0.0,False,50
PHKG2,0.005,0,0,0,50.0,50.0,50.0,,0.0,0.0,0.0,0.0,0.0,0.0,0.0,0.0,0.05,0.0,0.0,0.0,0.0,0.0,False,50
PKNOX2,0.005,0,0,0,50.0,50.0,50.0,1.0,0.0,0.0,0.0,0.0,0.0,0.05,0.0,0.0,0.0,0.0,0.0,0.0,0.0,0.0,False,50
PPP1R13L,0.005,0,0,0,50.0,50.0,50.0,1.0,0.0,0.0,0.0,0.0,0.0,0.0,0.0,0.05,0.0,0.0,0.0,0.0,0.0,0.0,False,50
PPP1R14A,0.005,0,0,0,50.0,50.0,50.0,1.0,0.0,0.0,0.0,0.0,0.0,0.0,0.0,0.05,0.0,0.0,0.0,0.0,0.0,0.0,False,50
SLC5A11,0.005,0,0,0,50.0,50.0,50.0,0.0,0.0,0.05,0.0,0.0,0.0,0.0,0.0,0.0,0.0,0.0,0.0,0.0,0.0,0.0,False,50
SRR,0.005,0,0,0,50.0,50.0,50.0,0.0,0.0,0.0,0.05,0.0,0.0,0.0,0.0,0.0,0.0,0.0,0.0,0.0,0.0,0.0,False,50
SYTL3,0.005,0,0,0,50.0,50.0,50.0,1.0,0.0,0.0,0.05,0.0,0.0,0.0,0.0,0.0,0.0,0.0,0.0,0.0,0.0,0.0,False,50
VGLL3,0.005,0,0,0,50.0,50.0,50.0,1.0,0.0,0.0,0.0,0.0,0.0,0.0,0.0,0.05,0.0,0.0,0.0,0.0,0.0,0.0,False,50
ZNF555,0.005,0,0,0,50.0,50.0,50.0,,0.0,0.0,0.0,0.05,0.0,0.0,0.0,0.0,0.0,0.0,0.0,0.0,0.0,0.0,False,50
ZNF736,0.005,0,0,0,50.0,50.0,50.0,0.0,0.0,0.0,0.05,0.0,0.0,0.0,0.0,0.0,0.0,0.0,0.0,0.0,0.0,0.0,False,50
ADGRA2,0.0,0,0,0,,,,0.0,0.05,0.0,0.0,0.0,0.0,0.0,0.0,0.0,0.0,0.0,0.0,0.0,0.0,0.05,False,50
AKR1C1,0.0,0,0,0,,,,0.0,0.1,0.0,0.0,0.0,0.0,0.0,0.0,0.0,0.0,0.0,0.0,0.0,0.0,0.1,False,50
AKR1C4,0.0,0,0,0,,,,0.0,0.0,0.0,0.0,0.0,0.0,0.0,0.0,0.0,0.0,0.0,0.0,0.05,0.0,0.0,False,50
ALLC,0.0,0,0,0,,,,0.0,0.0,0.0,0.0,0.0,0.0,0.0,0.0,0.0,0.0,0.0,0.0,0.05,0.0,0.0,False,50
ANGPTL1,0.0,0,0,0,,,,0.0,0.1,0.0,0.0,0.0,0.0,0.0,0.0,0.0,0.0,0.0,0.0,0.0,0.0,0.1,False,50
C1orf56,0.0,0,0,0,,,,1.0,0.05,0.0,0.0,0.0,0.0,0.0,0.0,0.0,0.0,0.0,0.0,0.0,0.0,0.05,False,50
CEACAM6,0.0,0,0,0,,,,1.0,0.2,0.0,0.0,0.0,0.0,0.0,0.0,0.0,0.0,0.0,0.0,0.0,0.0,0.2,False,50
CFD,0.0,0,0,0,,,,0.0,0.05,0.0,0.0,0.0,0.0,0.0,0.0,0.0,0.0,0.0,0.0,0.0,0.0,0.05,False,50
CNKSR1,0.0,0,0,0,,,,1.0,0.1,0.0,0.0,0.0,0.0,0.0,0.0,0.0,0.0,0.0,0.0,0.0,0.0,0.1,False,50
CNOT11,0.0,0,0,0,,,,1.0,0.05,0.0,0.0,0.0,0.0,0.0,0.0,0.0,0.0,0.0,0.0,0.0,0.0,0.05,False,50
COBL,0.0,0,0,0,,,,1.0,0.15,0.0,0.0,0.0,0.0,0.0,0.0,0.0,0.0,0.0,0.0,0.0,0.0,0.15,False,50
COL18A1-AS1,0.0,0,0,0,,,,0.0,0.0,0.0,0.0,0.0,0.0,0.0,0.0,0.0,0.0,0.0,0.0,0.05,0.0,0.0,False,50
DDC,0.0,0,0,0,,,,0.0,0.0,0.0,0.0,0.0,0.0,0.0,0.0,0.0,0.0,0.0,0.0,0.05,0.0,0.0,False,50
DENND5B,0.0,0,0,0,,,,0.0,0.55,0.0,0.0,0.0,0.0,0.0,0.0,0.0,0.0,0.0,0.0,0.0,0.0,0.55,False,50
EIF2B5,0.0,0,0,0,,,,1.0,0.05,0.0,0.0,0.0,0.0,0.0,0.0,0.0,0.0,0.0,0.0,0.0,0.0,0.05,False,50
ENSA,0.0,0,0,0,,,,1.0,0.05,0.0,0.0,0.0,0.0,0.0,0.0,0.0,0.0,0.0,0.0,0.0,0.0,0.05,False,50
FABP5,0.0,0,0,0,,,,0.0,0.25,0.0,0.0,0.0,0.0,0.0,0.0,0.0,0.0,0.0,0.0,0.0,0.0,0.25,False,50
FAM83B,0.0,0,0,0,,,,1.0,0.05,0.0,0.0,0.0,0.0,0.0,0.0,0.0,0.0,0.0,0.0,0.0,0.0,0.05,False,50
FBXL16,0.0,0,0,0,,,,1.0,0.45,0.0,0.0,0.0,0.0,0.0,0.0,0.0,0.0,0.0,0.0,0.0,0.0,0.45,False,50
FGF7P3,0.0,0,0,0,,,,0.0,0.1,0.0,0.0,0.0,0.0,0.0,0.0,0.0,0.0,0.0,0.0,0.0,0.0,0.1,False,50
FGFR3,0.0,0,0,0,,,,1.0,0.1,0.0,0.0,0.0,0.0,0.0,0.0,0.0,0.0,0.0,0.0,0.0,0.0,0.1,False,50
FKBP4,0.0,0,0,0,,,,1.0,0.05,0.0,0.0,0.0,0.0,0.0,0.0,0.0,0.0,0.0,0.0,0.0,0.0,0.05,False,50
FMO3,0.0,0,0,0,,,,0.0,0.0,0.0,0.0,0.0,0.0,0.0,0.0,0.0,0.0,0.0,0.0,0.05,0.0,0.0,False,50
FOXA1,0.0,0,0,0,,,,1.0,0.15,0.0,0.0,0.0,0.0,0.0,0.0,0.0,0.0,0.0,0.0,0.0,0.0,0.15,False,50
FOXN2,0.0,0,0,0,,,,0.0,0.05,0.0,0.0,0.0,0.0,0.0,0.0,0.0,0.0,0.0,0.0,0.0,0.0,0.05,False,50
FUS,0.0,0,0,0,,,,1.0,0.05,0.0,0.0,0.0,0.0,0.0,0.0,0.0,0.0,0.0,0.0,0.0,0.0,0.05,False,50
GATA3,0.0,0,0,0,,,,1.0,0.05,0.0,0.0,0.0,0.0,0.0,0.0,0.0,0.0,0.0,0.0,0.0,0.0,0.05,False,50
GJB2,0.0,0,0,0,,,,1.0,0.4,0.0,0.0,0.0,0.0,0.0,0.0,0.0,0.0,0.0,0.0,0.0,0.0,0.4,False,50
GLTSCR1,0.0,0,0,0,,,,1.0,0.1,0.0,0.0,0.0,0.0,0.0,0.0,0.0,0.0,0.0,0.0,0.0,0.0,0.1,False,50
GPD1,0.0,0,0,0,,,,0.0,0.25,0.0,0.0,0.0,0.0,0.0,0.0,0.0,0.0,0.0,0.0,0.0,0.0,0.25,False,50
HAAO,0.0,0,0,0,,,,0.0,0.0,0.0,0.0,0.0,0.0,0.0,0.0,0.0,0.0,0.0,0.0,0.05,0.0,0.0,False,50
HAS1,0.0,0,0,0,,,,0.0,0.0,0.0,0.0,0.0,0.0,0.0,0.0,0.0,0.0,0.0,0.0,0.15,0.0,0.0,False,50
HN1L,0.0,0,0,0,,,,1.0,0.2,0.0,0.0,0.0,0.0,0.0,0.0,0.0,0.0,0.0,0.0,0.0,0.0,0.2,False,50
HYKK,0.0,0,0,0,,,,0.0,0.0,0.0,0.0,0.0,0.0,0.0,0.0,0.0,0.0,0.0,0.0,0.1,0.0,0.0,False,50
IGSF9,0.0,0,0,0,,,,1.0,0.45,0.0,0.0,0.0,0.0,0.0,0.0,0.0,0.0,0.0,0.0,0.0,0.0,0.45,False,50
IL17RB,0.0,0,0,0,,,,1.0,0.05,0.0,0.0,0.0,0.0,0.0,0.0,0.0,0.0,0.0,0.0,0.0,0.0,0.05,False,50
IPO4,0.0,0,0,0,,,,1.0,0.1,0.0,0.0,0.0,0.0,0.0,0.0,0.0,0.0,0.0,0.0,0.0,0.0,0.1,False,50
ITGA2,0.0,0,0,0,,,,1.0,0.2,0.0,0.0,0.0,0.0,0.0,0.0,0.0,0.0,0.0,0.0,0.0,0.0,0.2,False,50
KRTCAP3,0.0,0,0,0,,,,1.0,0.05,0.0,0.0,0.0,0.0,0.0,0.0,0.0,0.0,0.0,0.0,0.0,0.0,0.05,False,50
LAMA5,0.0,0,0,0,,,,1.0,0.15,0.0,0.0,0.0,0.0,0.0,0.0,0.0,0.0,0.0,0.0,0.0,0.0,0.15,False,50
LINC00445,0.0,0,0,0,,,,0.0,0.0,0.0,0.0,0.0,0.0,0.0,0.0,0.0,0.0,0.0,0.0,0.1,0.0,0.0,False,50
LINC01114,0.0,0,0,0,,,,0.0,0.0,0.0,0.0,0.0,0.0,0.0,0.0,0.0,0.0,0.0,0.0,0.05,0.0,0.0,False,50
LINC01511,0.0,0,0,0,,,,0.0,0.0,0.0,0.0,0.0,0.0,0.0,0.0,0.0,0.0,0.0,0.0,0.05,0.0,0.0,False,50
LOC100507336,0.0,0,0,0,,,,0.0,0.0,0.0,0.0,0.0,0.0,0.0,0.0,0.0,0.0,0.0,0.0,0.05,0.0,0.0,False,50
LOC101928847,0.0,0,0,0,,,,0.0,0.0,0.0,0.0,0.0,0.0,0.0,0.0,0.0,0.0,0.0,0.0,0.05,0.0,0.0,False,50
LOC101929486,0.0,0,0,0,,,,0.0,0.0,0.0,0.0,0.0,0.0,0.0,0.0,0.0,0.0,0.0,0.0,0.1,0.0,0.0,False,50
LOC647115,0.0,0,0,0,,,,0.0,0.0,0.0,0.0,0.0,0.0,0.0,0.0,0.0,0.0,0.0,0.0,0.05,0.0,0.0,False,50
LY96,0.0,0,0,0,,,,0.0,0.1,0.0,0.0,0.0,0.0,0.0,0.0,0.0,0.0,0.0,0.0,0.0,0.0,0.1,False,50
MMP1,0.0,0,0,0,,,,1.0,0.1,0.0,0.0,0.0,0.0,0.0,0.0,0.0,0.0,0.0,0.0,0.0,0.0,0.1,False,50
MMP11,0.0,0,0,0,,,,1.0,0.1,0.0,0.0,0.0,0.0,0.0,0.0,0.0,0.0,0.0,0.0,0.0,0.0,0.1,False,50
MST1R,0.0,0,0,0,,,,1.0,0.05,0.0,0.0,0.0,0.0,0.0,0.0,0.0,0.0,0.0,0.0,0.0,0.0,0.05,False,50
NOL4L,0.0,0,0,0,,,,1.0,0.1,0.0,0.0,0.0,0.0,0.0,0.0,0.0,0.0,0.0,0.0,0.0,0.0,0.1,False,50
NRN1,0.0,0,0,0,,,,0.0,0.1,0.0,0.0,0.0,0.0,0.0,0.0,0.0,0.0,0.0,0.0,0.0,0.0,0.1,False,50
ODF2,0.0,0,0,0,,,,1.0,0.1,0.0,0.0,0.0,0.0,0.0,0.0,0.0,0.0,0.0,0.0,0.0,0.0,0.1,False,50
PARD6B,0.0,0,0,0,,,,1.0,0.05,0.0,0.0,0.0,0.0,0.0,0.0,0.0,0.0,0.0,0.0,0.0,0.0,0.05,False,50
PCDH9,0.0,0,0,0,,,,0.0,0.05,0.0,0.0,0.0,0.0,0.0,0.0,0.0,0.0,0.0,0.0,0.05,0.0,0.05,False,50
PHF12,0.0,0,0,0,,,,1.0,0.15,0.0,0.0,0.0,0.0,0.0,0.0,0.0,0.0,0.0,0.0,0.0,0.0,0.15,False,50
PLAC9,0.0,0,0,0,,,,0.0,0.2,0.0,0.0,0.0,0.0,0.0,0.0,0.0,0.0,0.0,0.0,0.0,0.0,0.2,False,50
PLIN1,0.0,0,0,0,,,,0.0,0.25,0.0,0.0,0.0,0.0,0.0,0.0,0.0,0.0,0.0,0.0,0.0,0.0,0.25,False,50
PLIN4,0.0,0,0,0,,,,0.0,0.25,0.0,0.0,0.0,0.0,0.0,0.0,0.0,0.0,0.0,0.0,0.0,0.0,0.25,False,50
POU2F1,0.0,0,0,0,,,,1.0,0.05,0.0,0.0,0.0,0.0,0.0,0.0,0.0,0.0,0.0,0.0,0.0,0.0,0.05,False,50
RAB26,0.0,0,0,0,,,,1.0,0.05,0.0,0.0,0.0,0.0,0.0,0.0,0.0,0.0,0.0,0.0,0.0,0.0,0.05,False,50
RAP1GAP2,0.0,0,0,0,,,,1.0,0.05,0.0,0.0,0.0,0.0,0.0,0.0,0.0,0.0,0.0,0.0,0.0,0.0,0.05,False,50
RECQL4,0.0,0,0,0,,,,1.0,0.4,0.0,0.0,0.0,0.0,0.0,0.0,0.0,0.0,0.0,0.0,0.0,0.0,0.4,False,50
RPS25,0.0,0,0,0,,,,0.0,0.05,0.0,0.0,0.0,0.0,0.0,0.0,0.0,0.0,0.0,0.0,0.0,0.0,0.05,False,50
RSPH1,0.0,0,0,0,,,,1.0,0.5,0.0,0.0,0.0,0.0,0.0,0.0,0.0,0.0,0.0,0.0,0.0,0.0,0.5,False,50
S100B,0.0,0,0,0,,,,0.0,0.2,0.0,0.0,0.0,0.0,0.0,0.0,0.0,0.0,0.0,0.0,0.0,0.0,0.2,False,50
S100P,0.0,0,0,0,,,,1.0,0.4,0.0,0.0,0.0,0.0,0.0,0.0,0.0,0.0,0.0,0.0,0.0,0.0,0.4,False,50
SDPR,0.0,0,0,0,,,,0.0,0.05,0.0,0.0,0.0,0.0,0.0,0.0,0.0,0.0,0.0,0.0,0.0,0.0,0.05,False,50
SEC61A2,0.0,0,0,0,,,,1.0,0.05,0.0,0.0,0.0,0.0,0.0,0.0,0.0,0.0,0.0,0.0,0.0,0.0,0.05,False,50
SERINC2,0.0,0,0,0,,,,1.0,0.2,0.0,0.0,0.0,0.0,0.0,0.0,0.0,0.0,0.0,0.0,0.0,0.0,0.2,False,50
SETD1B,0.0,0,0,0,,,,1.0,0.05,0.0,0.0,0.0,0.0,0.0,0.0,0.0,0.0,0.0,0.0,0.0,0.0,0.05,False,50
SFR1,0.0,0,0,0,,,,0.0,0.2,0.0,0.0,0.0,0.0,0.0,0.0,0.0,0.0,0.0,0.0,0.0,0.0,0.2,False,50
SLC18A3,0.0,0,0,0,,,,0.0,0.0,0.0,0.0,0.0,0.0,0.0,0.0,0.0,0.0,0.0,0.0,0.05,0.0,0.0,False,50
SMTNL2,0.0,0,0,0,,,,0.0,0.0,0.0,0.0,0.0,0.0,0.0,0.0,0.0,0.0,0.0,0.0,0.05,0.0,0.0,False,50
SNHG24,0.0,0,0,0,,,,0.0,0.0,0.0,0.0,0.0,0.0,0.0,0.0,0.0,0.0,0.0,0.0,0.05,0.0,0.0,False,50
SOBP,0.0,0,0,0,,,,0.0,0.1,0.0,0.0,0.0,0.0,0.0,0.0,0.0,0.0,0.0,0.0,0.0,0.0,0.1,False,50
SPDEF,0.0,0,0,0,,,,1.0,0.05,0.0,0.0,0.0,0.0,0.0,0.0,0.0,0.0,0.0,0.0,0.0,0.0,0.05,False,50
STARD13-AS,0.0,0,0,0,,,,0.0,0.0,0.0,0.0,0.0,0.0,0.0,0.0,0.0,0.0,0.0,0.0,0.1,0.0,0.0,False,50
STBD1,0.0,0,0,0,,,,0.0,0.0,0.0,0.0,0.0,0.0,0.0,0.0,0.0,0.0,0.0,0.0,0.05,0.0,0.0,False,50
SUGP2,0.0,0,0,0,,,,1.0,0.1,0.0,0.0,0.0,0.0,0.0,0.0,0.0,0.0,0.0,0.0,0.0,0.0,0.1,False,50
SUSD2,0.0,0,0,0,,,,1.0,0.05,0.0,0.0,0.0,0.0,0.0,0.0,0.0,0.0,0.0,0.0,0.0,0.0,0.05,False,50
SYCP2,0.0,0,0,0,,,,1.0,0.15,0.0,0.0,0.0,0.0,0.0,0.0,0.0,0.0,0.0,0.0,0.0,0.0,0.15,False,50
TENM3,0.0,0,0,0,,,,0.0,0.05,0.0,0.0,0.0,0.0,0.0,0.0,0.0,0.0,0.0,0.0,0.0,0.0,0.05,False,50
TESMIN,0.0,0,0,0,,,,1.0,0.55,0.0,0.0,0.0,0.0,0.0,0.0,0.0,0.0,0.0,0.0,0.0,0.0,0.55,False,50
TF,0.0,0,0,0,,,,0.0,0.2,0.0,0.0,0.0,0.0,0.0,0.0,0.0,0.0,0.0,0.0,0.0,0.0,0.2,False,50
TMED6,0.0,0,0,0,,,,0.0,0.0,0.0,0.0,0.0,0.0,0.0,0.0,0.0,0.0,0.0,0.0,0.1,0.0,0.0,False,50
TMEM125,0.0,0,0,0,,,,1.0,0.7,0.0,0.0,0.0,0.0,0.0,0.0,0.0,0.0,0.0,0.0,0.0,0.0,0.7,False,50
TMEM221,0.0,0,0,0,,,,0.0,0.0,0.0,0.0,0.0,0.0,0.0,0.0,0.0,0.0,0.0,0.0,0.05,0.0,0.0,False,50
TMEM37,0.0,0,0,0,,,,0.0,0.1,0.0,0.0,0.0,0.0,0.0,0.0,0.0,0.0,0.0,0.0,0.0,0.0,0.1,False,50
TSC22D4,0.0,0,0,0,,,,1.0,0.2,0.0,0.0,0.0,0.0,0.0,0.0,0.0,0.0,0.0,0.0,0.0,0.0,0.2,False,50
TSPAN17,0.0,0,0,0,,,,1.0,0.7,0.0,0.0,0.0,0.0,0.0,0.0,0.0,0.0,0.0,0.0,0.0,0.0,0.7,False,50
TUBBP5,0.0,0,0,0,,,,1.0,0.1,0.0,0.0,0.0,0.0,0.0,0.0,0.0,0.0,0.0,0.0,0.0,0.0,0.1,False,50
USP54,0.0,0,0,0,,,,1.0,0.2,0.0,0.0,0.0,0.0,0.0,0.0,0.0,0.0,0.0,0.0,0.0,0.0,0.2,False,50
VPS37C,0.0,0,0,0,,,,1.0,0.2,0.0,0.0,0.0,0.0,0.0,0.0,0.0,0.0,0.0,0.0,0.0,0.0,0.2,False,50
ZDHHC19,0.0,0,0,0,,,,0.0,0.0,0.0,0.0,0.0,0.0,0.0,0.0,0.0,0.0,0.0,0.0,0.05,0.0,0.0,False,50
ZDHHC23,0.0,0,0,0,,,,1.0,0.05,0.0,0.0,0.0,0.0,0.0,0.0,0.0,0.0,0.0,0.0,0.0,0.0,0.05,False,50
