gene,mean_selection_frequency,n_pipelines_ge50,n_models_ge50,n_explainers_ge50,median_rank,best_rank,mean_rank,frac_signed_positive,ttest_frequency,freq:logreg|coef,freq:logreg|shap,freq:logreg|perm,freq:svm|coef,freq:svm|shap,freq:svm|perm,freq:rf|shap,freq:rf|perm,freq:xgb|shap,freq:xgb|perm,freq:logreg_C0.1|coef,freq:logreg_C100|coef,freq:ttest|ttest,consensus,k
MMP28,0.58,8,4,3,14.0,1.0,18.896551724137932,0.3541666666666667,0.0,0.8,0.8,0.1,0.3,0.7,0.8,0.5,0.8,0.5,0.5,0.6,0.6,0.0,True,50
DMGDH,0.5399999999999999,6,3,3,13.5,1.0,17.75925925925926,0.29545454545454547,0.0,0.8,0.0,0.0,1.0,0.6,1.0,0.4,0.4,0.6,0.6,0.0,1.0,0.0,True,50
DKFZp779M0652,0.52,5,2,3,4.0,1.0,8.288461538461538,0.13793103448275862,0.0,0.9,0.9,0.4,1.0,1.0,1.0,0.0,0.0,0.0,0.0,1.0,1.0,0.0,True,50
LYVE1,0.47000000000000003,5,2,3,8.0,1.0,12.23404255319149,0.05555555555555555,0.0,0.9,0.5,0.3,1.0,1.0,1.0,0.0,0.0,0.0,0.0,1.0,1.0,0.0,True,50
ABHD1,0.4699999999999999,3,2,2,11.0,1.0,14.617021276595745,0.15217391304347827,0.0,1.0,0.3,0.2,0.9,0.2,1.0,0.3,0.2,0.3,0.3,0.7,0.9,0.0,False,50
HSPB6,0.4699999999999999,5,2,3,15.0,1.0,18.425531914893618,0.1568627450980392,0.0,0.8,0.8,0.2,0.8,0.8,0.8,0.2,0.1,0.1,0.1,0.8,0.8,0.0,True,50
NIPSNAP3B,0.44999999999999984,4,2,3,13.0,1.0,16.933333333333334,0.19230769230769232,0.0,1.0,0.0,0.1,1.0,1.0,1.0,0.1,0.1,0.1,0.1,1.0,1.0,0.0,False,50
LOC284825,0.43999999999999995,5,3,3,19.0,1.0,19.818181818181817,0.25,0.1,0.6,0.5,0.1,0.2,0.2,1.0,0.3,0.3,0.6,0.6,0.8,0.3,0.1,True,50
LOC102723493,0.43,4,2,3,17.0,3.0,18.023255813953487,0.13333333333333333,0.0,0.8,0.4,0.1,1.0,0.8,1.0,0.0,0.0,0.1,0.1,0.4,1.0,0.0,False,50
PQLC2L,0.36000000000000004,4,2,3,15.5,1.0,18.36111111111111,0.16216216216216217,0.0,0.5,0.1,0.0,1.0,0.8,1.0,0.1,0.1,0.0,0.0,0.2,1.0,0.0,False,50
ABCD2,0.36,4,2,3,23.0,3.0,21.63888888888889,0.2962962962962963,0.0,0.0,0.0,0.0,1.0,0.0,0.9,0.2,0.3,0.6,0.6,0.0,0.9,0.0,False,50
STX11,0.35,3,2,3,16.0,2.0,16.34285714285714,0.2857142857142857,0.0,0.6,0.5,0.0,0.2,0.2,1.0,0.3,0.3,0.2,0.2,0.5,0.3,0.0,False,50
FLVCR1,0.33999999999999997,4,2,2,7.5,1.0,10.088235294117647,1.0,0.5,0.0,0.0,0.1,0.0,0.0,0.0,0.6,0.7,1.0,1.0,0.0,0.0,0.5,False,50
SLC7A10,0.32999999999999996,3,1,3,17.0,3.0,18.636363636363637,0.13157894736842105,0.0,0.4,0.0,0.0,1.0,0.7,1.0,0.1,0.1,0.0,0.0,0.6,1.0,0.0,False,50
ACADL,0.32,2,2,2,21.5,5.0,24.75,0.17142857142857143,0.0,0.9,0.4,0.0,0.3,0.4,1.0,0.0,0.0,0.1,0.1,0.9,0.5,0.0,False,50
RAE1,0.31000000000000005,4,2,2,13.0,1.0,13.96774193548387,1.0,0.6,0.0,0.0,0.0,0.0,0.0,0.0,0.8,0.9,0.7,0.7,0.0,0.0,0.6,False,50
C11orf70,0.31,3,1,3,22.0,9.0,22.35483870967742,0.1,0.0,0.4,0.3,0.1,0.7,0.8,0.6,0.1,0.1,0.0,0.0,0.0,0.7,0.0,False,50
LOC101927420,0.29,3,2,3,14.0,4.0,20.413793103448278,0.10344827586206896,0.0,0.3,0.2,0.5,0.8,0.8,0.3,0.0,0.0,0.0,0.0,0.1,0.7,0.0,False,50
ZNRF2P1,0.27,3,2,3,3.0,2.0,7.37037037037037,0.8518518518518519,0.0,0.3,0.0,0.8,0.8,0.8,0.0,0.0,0.0,0.0,0.0,0.0,0.8,0.0,False,50
DCAF12L2,0.27,4,2,3,2.0,1.0,8.37037037037037,0.9259259259259259,0.0,0.5,0.0,0.8,0.8,0.6,0.0,0.0,0.0,0.0,0.0,0.0,0.8,0.0,False,50
ANKRD10-IT1,0.27,2,1,2,17.0,1.0,16.962962962962962,0.8571428571428571,0.0,0.6,0.8,0.0,0.0,0.4,0.1,0.1,0.3,0.2,0.2,0.7,0.0,0.0,False,50
PALM,0.27,3,1,3,36.0,18.0,35.03703703703704,0.22727272727272727,0.0,0.2,0.0,0.0,0.8,0.8,0.9,0.0,0.0,0.0,0.0,0.0,0.4,0.0,False,50
APOB,0.26,3,1,3,17.5,4.0,20.76923076923077,0.038461538461538464,0.0,0.1,0.0,0.0,1.0,0.5,1.0,0.0,0.0,0.0,0.0,0.0,1.0,0.0,False,50
PRKCZ,0.25999999999999995,1,1,1,15.0,1.0,17.153846153846153,0.8947368421052632,0.2,0.2,0.2,0.0,0.1,0.2,0.2,0.4,0.5,0.4,0.4,0.1,0.1,0.2,False,50
SDC1,0.25,4,2,2,12.0,5.0,15.88,0.9545454545454546,0.9,0.0,0.1,0.0,0.0,0.0,0.0,0.7,0.7,0.5,0.5,0.0,0.0,0.9,False,50
CCDC178,0.25,1,1,1,17.0,4.0,21.12,0.30434782608695654,0.0,0.3,0.3,0.0,0.0,0.2,0.7,0.4,0.4,0.1,0.1,0.9,0.1,0.0,False,50
C22orf39,0.24000000000000005,3,2,2,14.0,1.0,18.875,0.8,0.1,0.1,0.2,0.0,0.0,0.0,0.0,0.5,0.4,0.6,0.6,0.0,0.0,0.1,False,50
HSPB7,0.24,2,1,2,19.0,7.0,26.541666666666668,0.09090909090909091,0.0,0.3,0.0,0.0,0.9,0.2,1.0,0.0,0.0,0.0,0.0,0.0,0.8,0.0,False,50
TMOD1,0.24,3,1,3,31.5,8.0,29.166666666666668,0.15384615384615385,0.0,0.2,0.2,0.0,0.7,0.7,0.6,0.0,0.0,0.0,0.0,0.0,0.8,0.0,False,50
MYO16,0.23000000000000004,2,1,2,20.0,7.0,21.52173913043478,0.08695652173913043,0.0,0.2,0.0,0.1,0.9,0.3,0.8,0.0,0.0,0.0,0.0,0.0,0.9,0.0,False,50
ALPI,0.22999999999999998,3,2,3,5.0,1.0,8.608695652173912,0.8695652173913043,0.0,0.2,0.0,0.6,0.8,0.7,0.0,0.0,0.0,0.0,0.0,0.0,0.6,0.0,False,50
INHBA,0.22999999999999998,1,1,1,16.0,2.0,18.130434782608695,0.7368421052631579,0.1,0.2,0.5,0.0,0.0,0.2,0.0,0.4,0.4,0.3,0.3,0.2,0.0,0.1,False,50
CELSR1,0.22000000000000003,2,1,2,4.5,1.0,10.181818181818182,0.9333333333333333,0.2,0.0,0.4,0.0,0.0,0.0,0.0,0.2,0.2,0.7,0.7,0.0,0.0,0.2,False,50
PFKFB1,0.22000000000000003,1,1,1,27.0,8.0,28.5,0.09090909090909091,0.0,0.3,0.2,0.0,0.4,0.4,0.9,0.0,0.0,0.0,0.0,0.2,0.7,0.0,False,50
TET3,0.21999999999999997,2,1,2,10.0,2.0,13.818181818181818,1.0,1.0,0.0,0.0,0.0,0.0,0.0,0.0,0.6,0.8,0.4,0.4,0.0,0.0,1.0,False,50
ADCY6,0.21000000000000002,2,1,2,14.0,3.0,18.523809523809526,0.17391304347826086,0.0,0.1,0.1,0.2,0.7,1.0,0.0,0.0,0.0,0.0,0.0,0.0,0.4,0.0,False,50
ADH1C,0.21000000000000002,1,1,1,29.0,7.0,27.61904761904762,0.19047619047619047,0.1,0.4,0.2,0.0,0.2,0.2,0.7,0.1,0.1,0.1,0.1,0.5,0.3,0.1,False,50
PNMA2,0.20999999999999996,3,2,3,6.0,2.0,9.476190476190476,0.8181818181818182,0.0,0.1,0.0,0.6,0.7,0.7,0.0,0.0,0.0,0.0,0.0,0.0,0.7,0.0,False,50
PAFAH1B3,0.20999999999999996,2,1,2,18.0,5.0,19.80952380952381,1.0,0.8,0.0,0.1,0.0,0.0,0.0,0.0,0.3,0.3,0.7,0.7,0.0,0.0,0.8,False,50
C15orf48,0.20999999999999996,2,2,1,22.0,3.0,20.285714285714285,0.75,0.0,0.1,0.6,0.2,0.4,0.8,0.0,0.0,0.0,0.0,0.0,0.0,0.5,0.0,False,50
PAQR4,0.2,2,1,2,12.0,1.0,15.7,1.0,1.0,0.0,0.1,0.0,0.0,0.0,0.0,0.5,0.6,0.4,0.4,0.0,0.0,1.0,False,50
LOC100506368,0.2,0,0,0,19.5,3.0,20.65,0.5,0.0,0.0,0.0,0.0,0.2,0.3,0.3,0.4,0.4,0.2,0.2,0.1,0.2,0.0,False,50
NAALAD2,0.2,2,1,2,21.0,8.0,22.6,0.0,0.0,0.0,0.0,0.0,1.0,0.0,1.0,0.0,0.0,0.0,0.0,0.0,0.9,0.0,False,50
C8orf34,0.2,2,1,2,26.5,9.0,25.75,0.0,0.0,0.0,0.0,0.0,1.0,0.0,1.0,0.0,0.0,0.0,0.0,0.1,0.9,0.0,False,50
DENND2A,0.2,2,1,2,32.5,11.0,31.25,0.14285714285714285,0.0,0.2,0.4,0.1,0.2,0.6,0.5,0.0,0.0,0.0,0.0,0.5,0.2,0.0,False,50
CIDEA,0.19000000000000003,1,1,1,23.0,10.0,21.789473684210527,0.25,0.0,0.2,0.0,0.0,0.1,0.0,0.9,0.2,0.3,0.1,0.1,0.3,0.3,0.0,False,50
CCDC85C,0.19,3,2,2,9.0,2.0,14.210526315789474,1.0,0.0,0.0,0.0,0.0,0.0,0.0,0.0,0.4,0.5,0.5,0.5,0.0,0.0,0.0,False,50
ARF1,0.19,2,1,2,15.0,2.0,16.736842105263158,1.0,0.0,0.1,0.0,0.0,0.0,0.0,0.0,0.4,0.4,0.5,0.5,0.0,0.0,0.0,False,50
EPB42,0.19,2,1,2,17.0,8.0,18.473684210526315,0.0,0.0,0.0,0.0,0.0,1.0,0.0,0.9,0.0,0.0,0.0,0.0,0.0,0.9,0.0,False,50
C11orf80,0.19,2,1,2,21.0,4.0,23.0,0.875,0.5,0.1,0.3,0.0,0.0,0.0,0.0,0.5,0.6,0.2,0.2,0.0,0.0,0.5,False,50
GLYAT,0.19,1,1,1,33.0,8.0,31.157894736842106,0.4166666666666667,0.0,0.1,0.0,0.0,0.2,0.2,0.7,0.3,0.2,0.1,0.1,0.1,0.2,0.0,False,50
DNMT1,0.18,2,1,2,11.5,1.0,13.722222222222221,0.9166666666666666,0.2,0.0,0.1,0.0,0.0,0.0,0.0,0.4,0.3,0.5,0.5,0.0,0.0,0.2,False,50
TREM2,0.18,3,2,3,15.5,2.0,18.22222222222222,0.9,0.0,0.0,0.0,0.5,0.7,0.6,0.0,0.0,0.0,0.0,0.0,0.0,0.7,0.0,False,50
TMEM132C,0.18,2,1,2,23.5,4.0,24.77777777777778,0.42857142857142855,0.2,0.0,0.0,0.1,0.0,0.0,0.1,0.4,0.2,0.5,0.5,1.0,0.0,0.2,False,50
LOC105378828,0.18,2,1,2,28.0,14.0,28.38888888888889,0.0,0.0,0.3,0.0,0.1,0.6,0.0,0.8,0.0,0.0,0.0,0.0,0.0,0.5,0.0,False,50
ATOH8,0.17,2,1,2,9.0,2.0,12.705882352941176,0.5714285714285714,0.0,0.1,0.2,0.0,0.0,0.0,0.0,0.6,0.6,0.1,0.1,0.4,0.0,0.0,False,50
DSP,0.16,2,1,2,20.5,7.0,24.1875,0.8,0.0,0.1,0.1,0.0,0.1,0.1,0.2,0.5,0.5,0.0,0.0,0.0,0.1,0.0,False,50
HEPACAM2,0.16,2,1,2,23.5,4.0,25.5,0.6666666666666666,0.0,0.0,0.0,0.4,0.6,0.6,0.0,0.0,0.0,0.0,0.0,0.0,0.3,0.0,False,50
ESRP1,0.15,1,1,1,12.0,1.0,16.533333333333335,1.0,0.0,0.0,0.0,0.0,0.0,0.0,0.2,0.4,0.5,0.2,0.2,0.0,0.0,0.0,False,50
ST6GALNAC6,0.15,2,1,2,31.0,17.0,33.06666666666667,0.25,0.0,0.0,0.1,0.0,0.1,0.7,0.5,0.1,0.0,0.0,0.0,0.1,0.1,0.0,False,50
TSLP,0.15,1,1,1,32.0,17.0,34.13333333333333,0.07142857142857142,0.0,0.4,0.0,0.0,0.3,0.2,0.6,0.0,0.0,0.0,0.0,0.1,0.4,0.0,False,50
FGFBP2,0.15,1,1,1,38.0,20.0,36.46666666666667,0.17391304347826086,0.0,0.3,0.5,0.0,0.2,0.2,0.2,0.1,0.0,0.0,0.0,0.7,0.3,0.0,False,50
LDHD,0.15,2,1,2,40.0,18.0,37.46666666666667,0.0625,0.0,0.1,0.0,0.0,0.7,0.2,0.5,0.0,0.0,0.0,0.0,0.0,0.6,0.0,False,50
TPPP3,0.14,1,1,1,23.5,1.0,23.642857142857142,0.2,0.0,0.2,0.4,0.3,0.0,0.5,0.0,0.0,0.0,0.0,0.0,0.4,0.0,0.0,False,50
CTTNBP2,0.14,1,1,1,25.5,9.0,24.5,0.15384615384615385,0.0,0.0,0.0,0.0,0.4,0.5,0.3,0.1,0.1,0.0,0.0,0.0,0.3,0.0,False,50
STIL,0.13999999999999999,0,0,0,7.0,2.0,12.714285714285714,1.0,0.0,0.0,0.0,0.0,0.0,0.0,0.0,0.3,0.3,0.4,0.4,0.0,0.0,0.0,False,50
ARRDC1,0.13999999999999999,0,0,0,16.0,3.0,16.071428571428573,1.0,0.1,0.0,0.0,0.0,0.0,0.0,0.0,0.3,0.3,0.4,0.4,0.0,0.0,0.1,False,50
ELMOD3,0.13999999999999999,1,1,1,33.0,19.0,32.785714285714285,0.0,0.0,0.1,0.0,0.0,0.3,0.0,1.0,0.0,0.0,0.0,0.0,0.0,0.2,0.0,False,50
MOCS1,0.13999999999999999,0,0,0,30.5,15.0,32.785714285714285,0.4166666666666667,0.0,0.3,0.4,0.1,0.0,0.3,0.3,0.0,0.0,0.0,0.0,0.2,0.0,0.0,False,50
CDS1,0.13000000000000003,2,1,2,13.0,1.0,14.692307692307692,1.0,0.0,0.0,0.0,0.0,0.0,0.0,0.0,0.5,0.6,0.1,0.1,0.0,0.0,0.0,False,50
LOC90768,0.13000000000000003,1,1,1,31.0,2.0,29.46153846153846,0.15384615384615385,0.0,0.0,0.0,0.0,0.6,0.2,0.3,0.0,0.0,0.1,0.1,0.0,0.4,0.0,False,50
NLGN1,0.13000000000000003,0,0,0,26.0,8.0,29.76923076923077,0.14285714285714285,0.0,0.2,0.0,0.1,0.4,0.2,0.4,0.0,0.0,0.0,0.0,0.3,0.3,0.0,False,50
MMP11,0.13,0,0,0,17.0,3.0,20.153846153846153,1.0,1.0,0.0,0.0,0.0,0.0,0.0,0.0,0.4,0.3,0.3,0.3,0.0,0.0,1.0,False,50
FABP4,0.13,0,0,0,24.0,3.0,20.307692307692307,0.7777777777777778,0.2,0.0,0.0,0.0,0.0,0.0,0.0,0.3,0.2,0.4,0.4,0.0,0.0,0.2,False,50
MICAL2,0.13,1,1,1,32.0,10.0,29.076923076923077,1.0,0.0,0.0,0.0,0.0,0.0,0.0,0.0,0.4,0.5,0.2,0.2,0.0,0.0,0.0,False,50
SLC46A2,0.12999999999999998,2,2,2,7.0,2.0,10.153846153846153,1.0,0.0,0.0,0.0,0.7,0.6,0.0,0.0,0.0,0.0,0.0,0.0,0.0,0.6,0.0,False,50
VN1R3,0.12999999999999998,2,2,2,14.0,4.0,15.384615384615385,1.0,0.0,0.0,0.0,0.6,0.7,0.0,0.0,0.0,0.0,0.0,0.0,0.0,0.5,0.0,False,50
CASQ2,0.12999999999999998,1,1,1,40.0,14.0,36.38461538461539,0.14285714285714285,0.0,0.3,0.2,0.1,0.1,0.0,0.6,0.0,0.0,0.0,0.0,0.0,0.1,0.0,False,50
CKAP4,0.12000000000000002,0,0,0,17.5,1.0,20.416666666666668,0.8571428571428571,0.0,0.1,0.1,0.0,0.0,0.0,0.0,0.4,0.4,0.1,0.1,0.0,0.0,0.0,False,50
LRRC1,0.12000000000000002,0,0,0,25.0,12.0,28.0,1.0,0.0,0.0,0.0,0.1,0.0,0.0,0.0,0.1,0.4,0.3,0.3,0.0,0.0,0.0,False,50
LOC100506476,0.12000000000000002,1,1,1,37.5,14.0,32.416666666666664,0.4,0.0,0.0,0.1,0.0,0.3,0.7,0.1,0.0,0.0,0.0,0.0,0.0,0.4,0.0,False,50
FAM134A,0.12,0,0,0,14.5,7.0,16.916666666666668,1.0,0.0,0.0,0.0,0.0,0.0,0.0,0.0,0.3,0.3,0.3,0.3,0.0,0.0,0.0,False,50
CANT1,0.12,0,0,0,14.0,1.0,17.083333333333332,1.0,0.0,0.0,0.0,0.0,0.0,0.0,0.0,0.3,0.3,0.3,0.3,0.0,0.0,0.0,False,50
SLC35A2,0.12,0,0,0,21.0,1.0,17.5,1.0,0.4,0.0,0.0,0.0,0.0,0.0,0.0,0.4,0.4,0.2,0.2,0.0,0.0,0.4,False,50
LRRC15,0.12,0,0,0,25.0,7.0,21.75,0.8823529411764706,1.0,0.0,0.3,0.0,0.0,0.0,0.0,0.2,0.3,0.2,0.2,0.0,0.0,1.0,False,50
GDF10,0.12,2,1,2,30.5,17.0,32.25,0.0,0.0,0.0,0.0,0.0,0.7,0.0,0.5,0.0,0.0,0.0,0.0,0.0,0.5,0.0,False,50
COL10A1,0.11000000000000003,0,0,0,22.0,3.0,23.09090909090909,0.8235294117647058,0.9,0.0,0.3,0.0,0.0,0.1,0.0,0.2,0.3,0.1,0.1,0.1,0.0,0.9,False,50
CLGN,0.11000000000000001,1,1,1,4.0,1.0,8.363636363636363,0.7857142857142857,0.0,0.0,0.0,0.0,0.3,0.8,0.0,0.0,0.0,0.0,0.0,0.0,0.3,0.0,False,50
CCNE2,0.11000000000000001,0,0,0,10.0,1.0,15.363636363636363,0.875,0.2,0.0,0.1,0.0,0.0,0.0,0.0,0.2,0.2,0.3,0.3,0.0,0.0,0.2,False,50
BANK1,0.11000000000000001,1,1,1,11.0,5.0,17.636363636363637,0.45454545454545453,0.0,0.3,0.5,0.0,0.0,0.3,0.0,0.0,0.0,0.0,0.0,0.0,0.0,0.0,False,50
LIMK2,0.11000000000000001,0,0,0,11.0,3.0,20.363636363636363,0.8571428571428571,0.2,0.0,0.1,0.0,0.0,0.0,0.0,0.1,0.3,0.3,0.3,0.0,0.0,0.2,False,50
GINS1,0.11000000000000001,1,1,1,17.0,10.0,22.272727272727273,1.0,0.2,0.0,0.0,0.0,0.0,0.0,0.0,0.5,0.4,0.1,0.1,0.0,0.0,0.2,False,50
TLCD2,0.11000000000000001,0,0,0,27.0,6.0,26.454545454545453,0.2222222222222222,0.0,0.2,0.4,0.0,0.0,0.2,0.0,0.0,0.1,0.1,0.1,0.0,0.0,0.0,False,50
TRMT13,0.11000000000000001,0,0,0,26.0,9.0,28.181818181818183,0.375,0.0,0.2,0.3,0.3,0.0,0.3,0.0,0.0,0.0,0.0,0.0,0.0,0.0,0.0,False,50
TMEM246,0.11000000000000001,1,1,1,33.0,17.0,32.54545454545455,0.0,0.0,0.2,0.0,0.0,0.3,0.0,0.6,0.0,0.0,0.0,0.0,0.0,0.4,0.0,False,50
CREB5,0.11000000000000001,2,1,2,32.0,17.0,33.63636363636363,0.0,0.0,0.1,0.0,0.0,0.5,0.0,0.5,0.0,0.0,0.0,0.0,0.1,0.5,0.0,False,50
ADRA1A,0.11000000000000001,1,1,1,40.0,24.0,38.27272727272727,0.0,0.0,0.0,0.0,0.0,0.3,0.0,0.8,0.0,0.0,0.0,0.0,0.1,0.1,0.0,False,50
DIS3L,0.11000000000000001,0,0,0,39.0,21.0,38.72727272727273,0.2222222222222222,0.0,0.2,0.3,0.2,0.0,0.4,0.0,0.0,0.0,0.0,0.0,0.0,0.0,0.0,False,50
BMPER,0.10999999999999999,0,0,0,18.0,5.0,19.09090909090909,0.375,0.0,0.1,0.0,0.0,0.2,0.0,0.2,0.1,0.1,0.2,0.2,0.1,0.1,0.0,False,50
CBX4,0.10999999999999999,0,0,0,27.0,4.0,24.636363636363637,1.0,0.7,0.0,0.0,0.0,0.0,0.0,0.0,0.4,0.3,0.2,0.2,0.0,0.0,0.7,False,50
CCDC141,0.10999999999999999,0,0,0,24.0,3.0,25.09090909090909,0.05555555555555555,0.0,0.4,0.1,0.2,0.2,0.0,0.2,0.0,0.0,0.0,0.0,1.0,0.1,0.0,False,50
DLG3,0.1,0,0,0,6.0,1.0,8.1,1.0,0.2,0.0,0.0,0.0,0.0,0.0,0.0,0.1,0.1,0.4,0.4,0.0,0.0,0.2,False,50
ZNF764,0.1,0,0,0,13.5,2.0,15.9,1.0,0.0,0.0,0.0,0.0,0.0,0.0,0.0,0.4,0.4,0.1,0.1,0.0,0.0,0.0,False,50
EZH2,0.1,0,0,0,16.5,4.0,16.8,1.0,0.2,0.0,0.0,0.0,0.0,0.0,0.0,0.2,0.2,0.3,0.3,0.0,0.0,0.2,False,50
EFNA1,0.1,0,0,0,18.5,2.0,18.5,1.0,0.0,0.0,0.0,0.0,0.0,0.0,0.0,0.3,0.3,0.2,0.2,0.0,0.0,0.0,False,50
FAM110A,0.1,1,1,1,17.5,2.0,18.9,1.0,0.0,0.0,0.0,0.0,0.0,0.0,0.0,0.3,0.5,0.1,0.1,0.0,0.0,0.0,False,50
FHL5,0.1,0,0,0,18.5,11.0,22.3,0.1,0.0,0.2,0.0,0.1,0.2,0.1,0.2,0.0,0.0,0.1,0.1,0.2,0.2,0.0,False,50
CPS1,0.1,1,1,1,18.5,3.0,23.1,0.7,0.0,0.0,0.0,0.0,0.1,0.8,0.0,0.0,0.1,0.0,0.0,0.0,0.1,0.0,False,50
IGSF10,0.1,0,0,0,24.0,15.0,26.7,0.25,0.0,0.1,0.2,0.0,0.0,0.0,0.0,0.2,0.3,0.1,0.1,1.0,0.0,0.0,False,50
CYB561,0.1,0,0,0,26.0,13.0,29.9,1.0,0.0,0.0,0.0,0.0,0.0,0.0,0.0,0.3,0.3,0.2,0.2,0.0,0.0,0.0,False,50
ACVR1C,0.1,0,0,0,36.0,10.0,31.6,0.3,0.2,0.0,0.1,0.0,0.0,0.1,0.3,0.1,0.2,0.1,0.1,0.3,0.1,0.2,False,50
RBPMS-AS1,0.1,1,1,1,33.0,20.0,32.3,0.0,0.0,0.2,0.0,0.0,0.1,0.0,0.7,0.0,0.0,0.0,0.0,0.1,0.4,0.0,False,50
MLXIPL,0.1,1,1,1,36.5,9.0,34.9,0.16666666666666666,0.0,0.0,0.0,0.0,0.2,0.1,0.7,0.0,0.0,0.0,0.0,0.1,0.2,0.0,False,50
IFNLR1,0.1,1,1,1,39.0,12.0,37.3,0.7272727272727273,0.0,0.0,0.0,0.0,0.3,0.7,0.0,0.0,0.0,0.0,0.0,0.0,0.1,0.0,False,50
CHML,0.09000000000000001,0,0,0,15.0,6.0,18.88888888888889,1.0,0.3,0.0,0.0,0.0,0.0,0.0,0.0,0.1,0.2,0.3,0.3,0.0,0.0,0.3,False,50
ADAMTS8,0.09000000000000001,0,0,0,18.0,1.0,20.77777777777778,0.8888888888888888,0.0,0.1,0.0,0.2,0.4,0.2,0.0,0.0,0.0,0.0,0.0,0.0,0.2,0.0,False,50
PSRC1,0.09000000000000001,0,0,0,25.0,9.0,25.555555555555557,1.0,0.3,0.0,0.0,0.0,0.0,0.0,0.0,0.2,0.1,0.3,0.3,0.0,0.0,0.3,False,50
FDXACB1,0.09,0,0,0,14.0,6.0,20.11111111111111,0.875,0.0,0.0,0.0,0.4,0.4,0.1,0.0,0.0,0.0,0.0,0.0,0.0,0.3,0.0,False,50
SPP1,0.09,1,1,1,21.0,7.0,21.22222222222222,0.5714285714285714,0.0,0.0,0.0,0.2,0.1,0.6,0.0,0.0,0.0,0.0,0.0,0.0,0.0,0.0,False,50
RCC2,0.09,0,0,0,22.0,14.0,24.77777777777778,1.0,0.2,0.0,0.0,0.0,0.0,0.0,0.0,0.4,0.3,0.1,0.1,0.0,0.0,0.2,False,50
KDM2A,0.09,0,0,0,26.0,9.0,25.11111111111111,0.8888888888888888,0.2,0.2,0.2,0.0,0.0,0.0,0.0,0.3,0.2,0.0,0.0,0.0,0.0,0.2,False,50
SGK2,0.09,1,1,1,28.0,17.0,30.88888888888889,0.0,0.0,0.1,0.0,0.0,0.2,0.0,0.6,0.0,0.0,0.0,0.0,0.0,0.3,0.0,False,50
DMRT2,0.09,1,1,1,36.0,29.0,38.111111111111114,0.0,0.0,0.0,0.0,0.0,0.5,0.0,0.4,0.0,0.0,0.0,0.0,0.2,0.5,0.0,False,50
ADH1A,0.09,0,0,0,41.0,18.0,39.77777777777778,0.0,0.0,0.2,0.0,0.0,0.3,0.0,0.4,0.0,0.0,0.0,0.0,0.0,0.4,0.0,False,50
PPP2R3C,0.08,0,0,0,12.5,6.0,17.375,1.0,0.0,0.0,0.0,0.0,0.0,0.0,0.0,0.2,0.2,0.2,0.2,0.0,0.0,0.0,False,50
LVRN,0.08,0,0,0,13.0,10.0,19.125,0.1,0.0,0.1,0.0,0.0,0.2,0.1,0.2,0.1,0.1,0.0,0.0,0.3,0.2,0.0,False,50
AP1M2,0.08,0,0,0,20.5,7.0,20.875,1.0,0.2,0.0,0.0,0.0,0.0,0.0,0.0,0.2,0.2,0.2,0.2,0.0,0.0,0.2,False,50
TRHDE,0.08,0,0,0,25.0,2.0,24.5,0.0,0.0,0.2,0.0,0.1,0.2,0.1,0.2,0.0,0.0,0.0,0.0,0.3,0.2,0.0,False,50
LCOR,0.08,0,0,0,29.5,9.0,27.0,0.75,0.0,0.2,0.4,0.0,0.0,0.2,0.0,0.0,0.0,0.0,0.0,0.0,0.0,0.0,False,50
ATP2A2,0.08,0,0,0,27.5,10.0,27.125,1.0,0.3,0.0,0.0,0.0,0.0,0.0,0.0,0.4,0.4,0.0,0.0,0.0,0.0,0.3,False,50
TRDN,0.08,0,0,0,24.5,10.0,27.875,0.0,0.0,0.3,0.0,0.1,0.2,0.0,0.2,0.0,0.0,0.0,0.0,0.1,0.2,0.0,False,50
CDC42EP2,0.08,0,0,0,27.0,10.0,28.75,0.2857142857142857,0.0,0.1,0.1,0.0,0.2,0.2,0.2,0.0,0.0,0.0,0.0,0.0,0.1,0.0,False,50
NPR1,0.08,0,0,0,31.0,6.0,29.75,0.5714285714285714,0.2,0.0,0.3,0.1,0.0,0.0,0.0,0.2,0.2,0.0,0.0,0.0,0.0,0.2,False,50
LOC100289361,0.08,1,1,1,27.0,22.0,29.875,0.8571428571428571,0.0,0.0,0.1,0.1,0.0,0.6,0.0,0.0,0.0,0.0,0.0,0.0,0.0,0.0,False,50
ALPK3,0.08,0,0,0,28.5,19.0,30.375,0.2222222222222222,0.0,0.0,0.0,0.0,0.3,0.2,0.3,0.0,0.0,0.0,0.0,0.1,0.3,0.0,False,50
WDR90,0.08,0,0,0,32.0,11.0,31.375,1.0,0.7,0.0,0.0,0.0,0.0,0.0,0.0,0.4,0.4,0.0,0.0,0.0,0.0,0.7,False,50
PLA2G2A,0.08,0,0,0,39.0,13.0,33.75,0.6,0.0,0.0,0.0,0.0,0.2,0.2,0.2,0.1,0.1,0.0,0.0,0.0,0.0,0.0,False,50
KLHL31,0.08,0,0,0,37.5,21.0,35.375,0.16666666666666666,0.0,0.1,0.1,0.0,0.1,0.2,0.3,0.0,0.0,0.0,0.0,0.0,0.1,0.0,False,50
CORO2B,0.08,1,1,1,40.0,24.0,38.375,0.0,0.0,0.0,0.0,0.0,0.3,0.0,0.5,0.0,0.0,0.0,0.0,0.0,0.1,0.0,False,50
OR9A1P,0.07999999999999999,0,0,0,14.5,3.0,16.0,0.8333333333333334,0.0,0.1,0.0,0.4,0.2,0.1,0.0,0.0,0.0,0.0,0.0,0.0,0.2,0.0,False,50
SGK494,0.07999999999999999,0,0,0,19.0,12.0,19.625,1.0,0.0,0.0,0.0,0.0,0.0,0.0,0.0,0.3,0.3,0.1,0.1,0.0,0.0,0.0,False,50
MCM2,0.07999999999999999,0,0,0,21.0,9.0,20.875,1.0,0.2,0.0,0.0,0.0,0.0,0.0,0.0,0.3,0.3,0.1,0.1,0.0,0.0,0.2,False,50
COMP,0.07999999999999999,1,1,1,25.0,4.0,28.375,0.8,0.3,0.1,0.5,0.0,0.0,0.0,0.0,0.0,0.0,0.1,0.1,0.0,0.0,0.3,False,50
CGN,0.07999999999999999,0,0,0,37.0,13.0,32.125,1.0,0.7,0.0,0.0,0.0,0.0,0.0,0.0,0.3,0.3,0.1,0.1,0.0,0.0,0.7,False,50
CD109,0.07,0,0,0,20.0,2.0,21.0,0.8,0.0,0.2,0.2,0.2,0.0,0.1,0.0,0.0,0.0,0.0,0.0,0.0,0.0,0.0,False,50
CMA1,0.07,0,0,0,36.0,16.0,32.0,0.5,0.0,0.2,0.1,0.1,0.0,0.0,0.0,0.2,0.1,0.0,0.0,0.1,0.0,0.0,False,50
PDE11A,0.07,0,0,0,35.0,16.0,33.285714285714285,0.14285714285714285,0.0,0.1,0.0,0.0,0.2,0.1,0.2,0.1,0.0,0.0,0.0,0.0,0.2,0.0,False,50
TMED3,0.07,0,0,0,37.0,18.0,35.0,0.6666666666666666,0.0,0.1,0.1,0.1,0.0,0.4,0.0,0.0,0.0,0.0,0.0,0.0,0.0,0.0,False,50
MYO5B,0.06999999999999999,0,0,0,13.0,5.0,12.285714285714286,0.8571428571428571,0.0,0.2,0.2,0.0,0.1,0.1,0.1,0.0,0.0,0.0,0.0,0.0,0.1,0.0,False,50
GDPGP1,0.06999999999999999,0,0,0,14.0,5.0,13.0,1.0,0.0,0.2,0.2,0.3,0.0,0.0,0.0,0.0,0.0,0.0,0.0,0.0,0.0,0.0,False,50
LINC00471,0.06999999999999999,0,0,0,11.0,3.0,13.857142857142858,1.0,0.0,0.0,0.0,0.4,0.3,0.0,0.0,0.0,0.0,0.0,0.0,0.0,0.3,0.0,False,50
SEPT8,0.06999999999999999,0,0,0,9.0,2.0,15.0,0.8333333333333334,0.0,0.2,0.3,0.0,0.0,0.0,0.0,0.0,0.0,0.1,0.1,0.0,0.0,0.0,False,50
CDR1,0.06999999999999999,1,1,1,19.0,1.0,17.714285714285715,0.0,0.0,0.5,0.0,0.2,0.0,0.0,0.0,0.0,0.0,0.0,0.0,1.0,0.0,0.0,False,50
ADAR,0.06999999999999999,0,0,0,23.0,4.0,18.428571428571427,1.0,0.7,0.0,0.0,0.0,0.0,0.0,0.0,0.2,0.1,0.2,0.2,0.0,0.0,0.7,False,50
BGN,0.06999999999999999,0,0,0,16.0,8.0,19.857142857142858,1.0,0.0,0.1,0.1,0.0,0.0,0.0,0.0,0.2,0.3,0.0,0.0,0.0,0.0,0.0,False,50
LINC01140,0.06999999999999999,0,0,0,10.0,9.0,20.714285714285715,1.0,0.0,0.0,0.0,0.0,0.0,0.0,0.0,0.2,0.1,0.2,0.2,0.0,0.0,0.0,False,50
LOC101929726,0.06999999999999999,0,0,0,18.0,12.0,20.714285714285715,0.14285714285714285,0.0,0.1,0.0,0.0,0.2,0.2,0.2,0.0,0.0,0.0,0.0,0.0,0.2,0.0,False,50
AGRN,0.06999999999999999,0,0,0,13.0,9.0,21.714285714285715,0.875,0.3,0.1,0.2,0.0,0.0,0.0,0.0,0.0,0.0,0.2,0.2,0.0,0.0,0.3,False,50
TMEM44-AS1,0.06999999999999999,1,1,1,29.0,11.0,24.142857142857142,0.5555555555555556,0.0,0.1,0.1,0.0,0.0,0.5,0.0,0.0,0.0,0.0,0.0,0.1,0.1,0.0,False,50
TDRD9,0.06999999999999999,0,0,0,23.0,5.0,25.714285714285715,1.0,0.0,0.0,0.0,0.3,0.1,0.3,0.0,0.0,0.0,0.0,0.0,0.0,0.1,0.0,False,50
C11orf74,0.06999999999999999,1,1,1,27.0,14.0,27.714285714285715,0.2857142857142857,0.0,0.0,0.1,0.0,0.0,0.6,0.0,0.0,0.0,0.0,0.0,0.0,0.0,0.0,False,50
GTDC1,0.06999999999999999,0,0,0,40.0,12.0,31.714285714285715,0.8,0.0,0.1,0.2,0.0,0.0,0.1,0.0,0.1,0.2,0.0,0.0,0.0,0.0,0.0,False,50
USP43,0.06999999999999999,1,1,1,27.0,16.0,31.714285714285715,0.6666666666666666,0.0,0.0,0.0,0.2,0.0,0.5,0.0,0.0,0.0,0.0,0.0,0.0,0.1,0.0,False,50
FTCDNL1,0.06999999999999999,0,0,0,32.0,11.0,32.714285714285715,0.1111111111111111,0.0,0.1,0.1,0.0,0.3,0.1,0.1,0.0,0.0,0.0,0.0,0.1,0.2,0.0,False,50
PYGM,0.06999999999999999,0,0,0,34.0,17.0,34.57142857142857,0.2,0.0,0.0,0.0,0.1,0.2,0.0,0.2,0.1,0.1,0.0,0.0,0.0,0.2,0.0,False,50
RBP7,0.06999999999999999,0,0,0,33.0,26.0,36.0,1.0,0.0,0.0,0.0,0.0,0.0,0.0,0.0,0.3,0.2,0.1,0.1,0.0,0.0,0.0,False,50
LINC00968,0.06999999999999999,0,0,0,44.0,19.0,37.0,0.0,0.0,0.2,0.0,0.0,0.2,0.0,0.3,0.0,0.0,0.0,0.0,0.5,0.2,0.0,False,50
SNCG,0.06999999999999999,1,1,1,42.0,21.0,39.285714285714285,0.09090909090909091,0.0,0.0,0.0,0.0,0.5,0.2,0.0,0.0,0.0,0.0,0.0,0.0,0.4,0.0,False,50
WDFY3-AS2,0.06999999999999999,1,1,1,42.0,26.0,41.285714285714285,0.2857142857142857,0.0,0.0,0.0,0.0,0.1,0.5,0.1,0.0,0.0,0.0,0.0,0.1,0.0,0.0,False,50
ADAM22,0.06999999999999999,0,0,0,44.0,25.0,41.57142857142857,0.0,0.0,0.0,0.0,0.0,0.3,0.0,0.4,0.0,0.0,0.0,0.0,0.0,0.3,0.0,False,50
DPY19L2P3,0.06000000000000001,0,0,0,1.0,1.0,1.6666666666666667,1.0,0.0,0.2,0.0,0.2,0.2,0.0,0.0,0.0,0.0,0.0,0.0,0.0,0.2,0.0,False,50
LOC102723886,0.06000000000000001,0,0,0,6.0,1.0,12.333333333333334,0.0,0.0,0.3,0.1,0.2,0.0,0.0,0.0,0.0,0.0,0.0,0.0,0.9,0.0,0.0,False,50
KIAA0907,0.06000000000000001,0,0,0,7.0,5.0,18.5,1.0,0.6,0.0,0.0,0.0,0.0,0.0,0.0,0.2,0.4,0.0,0.0,0.0,0.0,0.6,False,50
CBFA2T2,0.06000000000000001,0,0,0,21.5,14.0,21.333333333333332,1.0,0.0,0.0,0.0,0.0,0.0,0.0,0.0,0.1,0.1,0.2,0.2,0.0,0.0,0.0,False,50
FAM83H,0.06000000000000001,0,0,0,21.0,15.0,22.333333333333332,1.0,0.2,0.0,0.0,0.0,0.0,0.0,0.0,0.1,0.1,0.2,0.2,0.0,0.0,0.2,False,50
LEF1,0.06000000000000001,0,0,0,23.0,4.0,24.166666666666668,0.4,0.0,0.0,0.1,0.1,0.1,0.3,0.0,0.0,0.0,0.0,0.0,0.0,0.0,0.0,False,50
DNASE1L3,0.06000000000000001,0,0,0,25.0,19.0,24.666666666666668,0.4,0.1,0.1,0.1,0.0,0.0,0.0,0.0,0.2,0.2,0.0,0.0,0.0,0.0,0.1,False,50
SLC35C2,0.06000000000000001,0,0,0,25.0,21.0,25.333333333333332,1.0,0.0,0.0,0.0,0.0,0.0,0.0,0.0,0.1,0.1,0.2,0.2,0.0,0.0,0.0,False,50
BHMT2,0.06000000000000001,0,0,0,29.0,9.0,26.833333333333332,0.2,0.0,0.0,0.0,0.1,0.2,0.1,0.2,0.0,0.0,0.0,0.0,0.0,0.2,0.0,False,50
GALE,0.06000000000000001,0,0,0,19.0,17.0,28.5,1.0,0.1,0.0,0.0,0.0,0.0,0.0,0.0,0.1,0.1,0.2,0.2,0.0,0.0,0.1,False,50
ST6GALNAC3,0.06000000000000001,0,0,0,25.0,16.0,29.166666666666668,0.3333333333333333,0.0,0.0,0.0,0.0,0.2,0.2,0.2,0.0,0.0,0.0,0.0,0.0,0.2,0.0,False,50
EMX2,0.06000000000000001,0,0,0,32.5,12.0,31.166666666666668,0.16666666666666666,0.0,0.0,0.0,0.1,0.2,0.1,0.2,0.0,0.0,0.0,0.0,0.0,0.3,0.0,False,50
TRA2A,0.06000000000000001,0,0,0,30.0,17.0,31.166666666666668,0.8333333333333334,0.1,0.1,0.2,0.0,0.0,0.0,0.0,0.1,0.2,0.0,0.0,0.1,0.0,0.1,False,50
ARHGAP42,0.06000000000000001,0,0,0,34.5,18.0,32.5,0.14285714285714285,0.0,0.0,0.1,0.0,0.1,0.4,0.0,0.0,0.0,0.0,0.0,0.0,0.1,0.0,False,50
MAP3K1,0.06000000000000001,0,0,0,35.0,24.0,35.833333333333336,0.5,0.0,0.0,0.2,0.4,0.0,0.0,0.0,0.0,0.0,0.0,0.0,0.0,0.0,0.0,False,50
MYOC,0.06000000000000001,0,0,0,38.5,23.0,36.5,0.0,0.0,0.0,0.0,0.0,0.4,0.0,0.2,0.0,0.0,0.0,0.0,0.0,0.2,0.0,False,50
ADGRD1,0.06000000000000001,0,0,0,43.0,21.0,38.0,0.0,0.0,0.1,0.0,0.0,0.2,0.0,0.3,0.0,0.0,0.0,0.0,0.1,0.1,0.0,False,50
PLEKHG6,0.06000000000000001,0,0,0,44.5,33.0,42.833333333333336,0.6,0.0,0.0,0.2,0.1,0.0,0.3,0.0,0.0,0.0,0.0,0.0,0.0,0.0,0.0,False,50
CLDN4,0.06,0,0,0,18.5,8.0,17.666666666666668,1.0,0.0,0.0,0.0,0.0,0.0,0.0,0.0,0.2,0.2,0.1,0.1,0.0,0.0,0.0,False,50
SMARCA4,0.06,0,0,0,16.0,5.0,17.833333333333332,1.0,0.3,0.0,0.0,0.0,0.0,0.0,0.0,0.2,0.2,0.1,0.1,0.0,0.0,0.3,False,50
HCAR3,0.06,0,0,0,18.0,4.0,21.0,0.6,0.0,0.2,0.2,0.1,0.0,0.1,0.0,0.0,0.0,0.0,0.0,0.0,0.0,0.0,False,50
SLC29A4,0.06,0,0,0,16.5,9.0,21.0,0.0,0.0,0.0,0.0,0.0,0.2,0.1,0.2,0.0,0.1,0.0,0.0,0.0,0.2,0.0,False,50
ADRB1,0.06,0,0,0,17.0,12.0,22.5,0.5,0.0,0.1,0.4,0.0,0.0,0.1,0.0,0.0,0.0,0.0,0.0,0.0,0.0,0.0,False,50
LYPD6,0.06,1,1,1,25.0,7.0,22.666666666666668,0.0,0.0,0.0,0.0,0.5,0.0,0.1,0.0,0.0,0.0,0.0,0.0,0.0,0.0,0.0,False,50
ALCAM,0.06,1,1,1,17.0,11.0,23.666666666666668,0.3333333333333333,0.0,0.0,0.0,0.0,0.0,0.6,0.0,0.0,0.0,0.0,0.0,0.0,0.0,0.0,False,50
ENTPD7,0.06,0,0,0,24.0,14.0,24.833333333333332,0.6666666666666666,0.0,0.3,0.3,0.0,0.0,0.0,0.0,0.0,0.0,0.0,0.0,0.0,0.0,0.0,False,50
TLDC1,0.06,0,0,0,30.0,7.0,25.166666666666668,1.0,0.0,0.0,0.0,0.0,0.0,0.0,0.0,0.2,0.2,0.1,0.1,0.0,0.0,0.0,False,50
EDNRB,0.06,0,0,0,28.5,7.0,26.0,0.6,0.2,0.0,0.0,0.0,0.0,0.0,0.0,0.2,0.2,0.1,0.1,0.0,0.0,0.2,False,50
TMEM125,0.06,0,0,0,19.5,5.0,26.0,1.0,0.2,0.0,0.0,0.0,0.0,0.0,0.0,0.3,0.3,0.0,0.0,0.0,0.0,0.2,False,50
CTHRC1,0.06,0,0,0,32.5,6.0,30.166666666666668,0.75,0.0,0.2,0.3,0.0,0.0,0.1,0.0,0.0,0.0,0.0,0.0,0.2,0.0,0.0,False,50
AADAC,0.06,0,0,0,33.0,13.0,31.166666666666668,0.0,0.0,0.2,0.0,0.0,0.1,0.1,0.1,0.0,0.1,0.0,0.0,0.1,0.1,0.0,False,50
ACSM5,0.06,0,0,0,39.5,11.0,34.0,0.5,0.0,0.0,0.0,0.0,0.0,0.0,0.4,0.0,0.0,0.1,0.1,0.0,0.1,0.0,False,50
FTX,0.06,0,0,0,34.0,28.0,34.166666666666664,1.0,0.0,0.3,0.3,0.0,0.0,0.0,0.0,0.0,0.0,0.0,0.0,0.0,0.0,0.0,False,50
SPATS2,0.06,0,0,0,39.5,20.0,36.0,1.0,0.1,0.0,0.0,0.0,0.0,0.0,0.0,0.2,0.2,0.1,0.1,0.0,0.0,0.1,False,50
CNIH3,0.05,0,0,0,7.0,2.0,10.2,0.75,0.0,0.2,0.2,0.1,0.0,0.0,0.0,0.0,0.0,0.0,0.0,0.0,0.0,0.0,False,50
GLA,0.05,0,0,0,12.0,2.0,10.8,0.6666666666666666,0.0,0.0,0.0,0.1,0.2,0.2,0.0,0.0,0.0,0.0,0.0,0.0,0.2,0.0,False,50
CDON,0.05,0,0,0,3.0,2.0,11.6,0.25,0.0,0.2,0.2,0.1,0.0,0.0,0.0,0.0,0.0,0.0,0.0,0.0,0.0,0.0,False,50
DDR2,0.05,0,0,0,19.0,4.0,16.6,1.0,0.0,0.0,0.0,0.0,0.0,0.0,0.0,0.1,0.0,0.2,0.2,0.0,0.0,0.0,False,50
SEC14L2,0.05,0,0,0,14.0,2.0,17.6,0.5,0.0,0.1,0.1,0.3,0.0,0.0,0.0,0.0,0.0,0.0,0.0,0.0,0.0,0.0,False,50
ARFGAP1,0.05,0,0,0,18.0,6.0,17.8,1.0,0.1,0.0,0.0,0.0,0.0,0.0,0.0,0.0,0.1,0.2,0.2,0.0,0.0,0.1,False,50
FANCI,0.05,0,0,0,11.0,5.0,18.0,1.0,0.0,0.0,0.0,0.0,0.0,0.0,0.0,0.1,0.2,0.1,0.1,0.0,0.0,0.0,False,50
COL11A1,0.05,0,0,0,17.0,14.0,19.4,0.8888888888888888,0.6,0.0,0.1,0.0,0.0,0.0,0.0,0.2,0.2,0.0,0.0,0.0,0.0,0.6,False,50
EGFLAM,0.05,0,0,0,25.0,5.0,20.2,1.0,0.0,0.0,0.0,0.1,0.0,0.0,0.0,0.2,0.2,0.0,0.0,0.0,0.0,0.0,False,50
KL,0.05,0,0,0,18.0,9.0,20.6,0.0,0.0,0.1,0.0,0.1,0.1,0.1,0.1,0.0,0.0,0.0,0.0,0.1,0.0,0.0,False,50
NRIP3,0.05,0,0,0,16.0,8.0,21.2,1.0,0.0,0.0,0.0,0.2,0.1,0.2,0.0,0.0,0.0,0.0,0.0,0.0,0.1,0.0,False,50
CHSY1,0.05,0,0,0,24.0,3.0,22.6,0.75,0.0,0.1,0.2,0.1,0.0,0.1,0.0,0.0,0.0,0.0,0.0,0.0,0.0,0.0,False,50
CEP112,0.05,0,0,0,18.0,11.0,23.6,0.6,0.0,0.1,0.1,0.0,0.0,0.0,0.0,0.1,0.0,0.1,0.1,0.1,0.0,0.0,False,50
AGPAT5,0.05,0,0,0,21.0,12.0,24.4,0.6,0.0,0.0,0.1,0.0,0.0,0.4,0.0,0.0,0.0,0.0,0.0,0.0,0.0,0.0,False,50
KRT8,0.05,0,0,0,28.0,9.0,25.4,1.0,0.2,0.0,0.0,0.0,0.0,0.0,0.0,0.2,0.3,0.0,0.0,0.0,0.0,0.2,False,50
RAB25,0.05,0,0,0,29.0,3.0,25.6,1.0,0.2,0.0,0.0,0.0,0.0,0.0,0.0,0.3,0.2,0.0,0.0,0.0,0.0,0.2,False,50
RPL32P3,0.05,0,0,0,30.0,10.0,26.0,1.0,0.0,0.0,0.0,0.0,0.0,0.0,0.0,0.2,0.3,0.0,0.0,0.0,0.0,0.0,False,50
SLC38A1,0.05,0,0,0,21.0,3.0,26.2,0.8,0.0,0.0,0.0,0.1,0.2,0.2,0.0,0.0,0.0,0.0,0.0,0.0,0.1,0.0,False,50
TOP2A,0.05,0,0,0,23.0,13.0,26.4,1.0,0.2,0.0,0.0,0.0,0.0,0.0,0.0,0.2,0.1,0.1,0.1,0.0,0.0,0.2,False,50
TPD52,0.05,0,0,0,23.0,20.0,26.6,0.8,0.0,0.1,0.1,0.0,0.1,0.1,0.1,0.0,0.0,0.0,0.0,0.0,0.1,0.0,False,50
RNASE1,0.05,0,0,0,29.0,14.0,26.8,1.0,0.0,0.0,0.0,0.0,0.0,0.0,0.0,0.3,0.2,0.0,0.0,0.0,0.0,0.0,False,50
ERMP1,0.05,0,0,0,29.0,11.0,27.0,1.0,0.0,0.0,0.0,0.0,0.0,0.0,0.0,0.2,0.3,0.0,0.0,0.0,0.0,0.0,False,50
PDE2A,0.05,0,0,0,27.0,22.0,29.6,0.75,0.0,0.0,0.0,0.0,0.0,0.0,0.0,0.1,0.0,0.2,0.2,0.1,0.0,0.0,False,50
DNMT3A,0.05,0,0,0,34.0,21.0,30.0,1.0,0.2,0.0,0.0,0.0,0.0,0.0,0.0,0.1,0.2,0.1,0.1,0.0,0.0,0.2,False,50
MT1M,0.05,0,0,0,30.0,19.0,30.0,0.25,0.0,0.1,0.1,0.0,0.0,0.0,0.0,0.0,0.1,0.1,0.1,0.1,0.0,0.0,False,50
P2RX4,0.05,0,0,0,30.0,16.0,30.0,0.75,0.0,0.0,0.3,0.1,0.0,0.1,0.0,0.0,0.0,0.0,0.0,0.0,0.0,0.0,False,50
RGS17,0.05,0,0,0,37.0,5.0,30.6,0.0,0.0,0.2,0.0,0.1,0.1,0.0,0.1,0.0,0.0,0.0,0.0,0.4,0.0,0.0,False,50
LOC107985971,0.05,0,0,0,32.0,24.0,30.8,1.0,0.5,0.0,0.0,0.0,0.0,0.0,0.0,0.1,0.2,0.1,0.1,0.0,0.0,0.5,False,50
THAP3,0.05,0,0,0,35.0,14.0,32.4,0.16666666666666666,0.0,0.1,0.0,0.0,0.1,0.3,0.0,0.0,0.0,0.0,0.0,0.0,0.1,0.0,False,50
HSPA12A,0.05,0,0,0,38.0,7.0,32.6,0.0,0.0,0.0,0.2,0.0,0.1,0.1,0.1,0.0,0.0,0.0,0.0,0.0,0.1,0.0,False,50
CPEB1,0.05,0,0,0,43.0,7.0,33.4,0.5,0.0,0.0,0.0,0.0,0.1,0.4,0.0,0.0,0.0,0.0,0.0,0.0,0.1,0.0,False,50
NAT14,0.05,0,0,0,31.0,21.0,33.6,1.0,0.7,0.0,0.1,0.0,0.0,0.0,0.0,0.2,0.2,0.0,0.0,0.0,0.0,0.7,False,50
OR51E1,0.05,0,0,0,37.0,12.0,34.8,0.14285714285714285,0.0,0.1,0.1,0.0,0.1,0.1,0.0,0.1,0.0,0.0,0.0,0.0,0.2,0.0,False,50
LINC00310,0.05,0,0,0,31.0,22.0,35.4,0.0,0.0,0.1,0.0,0.0,0.2,0.0,0.2,0.0,0.0,0.0,0.0,0.1,0.2,0.0,False,50
TRIM14,0.05,0,0,0,40.0,17.0,36.4,0.3333333333333333,0.0,0.0,0.2,0.2,0.0,0.1,0.0,0.0,0.0,0.0,0.0,0.0,0.0,0.0,False,50
VAV3,0.05,0,0,0,41.0,21.0,36.6,0.8,0.0,0.0,0.2,0.0,0.0,0.3,0.0,0.0,0.0,0.0,0.0,0.0,0.0,0.0,False,50
ALDH1L1,0.05,0,0,0,39.0,23.0,37.0,0.0,0.0,0.0,0.0,0.0,0.1,0.0,0.4,0.0,0.0,0.0,0.0,0.2,0.2,0.0,False,50
KCNIP2,0.05,0,0,0,44.0,19.0,37.0,0.0,0.0,0.0,0.0,0.0,0.1,0.0,0.4,0.0,0.0,0.0,0.0,0.0,0.2,0.0,False,50
GPIHBP1,0.05,1,1,1,38.0,35.0,39.2,,0.0,0.0,0.0,0.0,0.0,0.0,0.5,0.0,0.0,0.0,0.0,0.0,0.0,0.0,False,50
RBMS3-AS3,0.05,0,0,0,48.0,43.0,47.0,0.0,0.0,0.0,0.0,0.0,0.4,0.0,0.1,0.0,0.0,0.0,0.0,0.0,0.3,0.0,False,50
CAPN1,0.04,0,0,0,9.0,5.0,8.25,1.0,0.0,0.0,0.0,0.0,0.0,0.0,0.0,0.1,0.1,0.1,0.1,0.0,0.0,0.0,False,50
GCNT1,0.04,0,0,0,9.5,1.0,9.75,0.6666666666666666,0.0,0.1,0.2,0.1,0.0,0.0,0.0,0.0,0.0,0.0,0.0,0.0,0.0,0.0,False,50
LLGL2,0.04,0,0,0,10.0,4.0,10.75,1.0,0.9,0.0,0.0,0.0,0.0,0.0,0.0,0.2,0.2,0.0,0.0,0.0,0.0,0.9,False,50
ADH1B,0.04,0,0,0,5.5,1.0,11.5,0.6666666666666666,0.1,0.0,0.0,0.0,0.0,0.0,0.0,0.2,0.2,0.0,0.0,0.0,0.0,0.1,False,50
FRAS1,0.04,0,0,0,11.5,5.0,12.25,0.3333333333333333,0.0,0.1,0.2,0.1,0.0,0.0,0.0,0.0,0.0,0.0,0.0,0.0,0.0,0.0,False,50
GRHL2,0.04,0,0,0,13.0,7.0,12.75,1.0,0.0,0.0,0.0,0.0,0.0,0.0,0.0,0.1,0.1,0.1,0.1,0.0,0.0,0.0,False,50
BARD1,0.04,0,0,0,14.0,3.0,13.75,1.0,0.1,0.0,0.0,0.0,0.0,0.0,0.0,0.1,0.1,0.1,0.1,0.0,0.0,0.1,False,50
ZNF48,0.04,0,0,0,13.0,6.0,14.5,1.0,0.0,0.0,0.0,0.0,0.0,0.0,0.0,0.2,0.2,0.0,0.0,0.0,0.0,0.0,False,50
FAAH2,0.04,0,0,0,15.0,5.0,15.0,1.0,0.3,0.0,0.0,0.0,0.0,0.0,0.0,0.2,0.2,0.0,0.0,0.0,0.0,0.3,False,50
CHIT1,0.04,0,0,0,16.5,9.0,15.5,1.0,0.0,0.0,0.0,0.2,0.1,0.1,0.0,0.0,0.0,0.0,0.0,0.0,0.1,0.0,False,50
CDC14A,0.04,0,0,0,14.0,10.0,15.75,0.0,0.0,0.0,0.2,0.2,0.0,0.0,0.0,0.0,0.0,0.0,0.0,0.0,0.0,0.0,False,50
YPEL1,0.04,0,0,0,5.0,4.0,15.75,0.5,0.0,0.1,0.1,0.2,0.0,0.0,0.0,0.0,0.0,0.0,0.0,0.0,0.0,0.0,False,50
RUSC1-AS1,0.04,0,0,0,17.5,9.0,16.0,1.0,0.0,0.0,0.0,0.0,0.0,0.0,0.0,0.2,0.2,0.0,0.0,0.0,0.0,0.0,False,50
RANGAP1,0.04,0,0,0,15.5,6.0,16.25,1.0,0.0,0.0,0.0,0.0,0.0,0.0,0.0,0.0,0.0,0.2,0.2,0.0,0.0,0.0,False,50
FREM1,0.04,0,0,0,16.5,11.0,16.5,1.0,0.0,0.0,0.0,0.0,0.0,0.0,0.0,0.0,0.0,0.2,0.2,0.0,0.0,0.0,False,50
TBC1D2,0.04,0,0,0,10.0,8.0,16.75,0.3333333333333333,0.0,0.0,0.0,0.2,0.0,0.2,0.0,0.0,0.0,0.0,0.0,0.0,0.1,0.0,False,50
TPMT,0.04,0,0,0,20.0,14.0,20.25,0.6666666666666666,0.0,0.1,0.2,0.1,0.0,0.0,0.0,0.0,0.0,0.0,0.0,0.0,0.0,0.0,False,50
LOC101928433,0.04,0,0,0,18.5,6.0,21.5,0.75,0.0,0.1,0.3,0.0,0.0,0.0,0.0,0.0,0.0,0.0,0.0,0.0,0.0,0.0,False,50
SOGA1,0.04,0,0,0,19.0,4.0,21.75,1.0,0.2,0.1,0.2,0.0,0.0,0.0,0.0,0.0,0.1,0.0,0.0,0.0,0.0,0.2,False,50
ROR2,0.04,0,0,0,25.5,2.0,22.0,1.0,0.0,0.1,0.3,0.0,0.0,0.0,0.0,0.0,0.0,0.0,0.0,0.0,0.0,0.0,False,50
IPO4,0.04,0,0,0,14.5,11.0,22.25,1.0,0.0,0.0,0.0,0.0,0.0,0.0,0.0,0.2,0.2,0.0,0.0,0.0,0.0,0.0,False,50
MAPK10,0.04,0,0,0,21.0,3.0,22.25,0.0,0.0,0.0,0.1,0.0,0.1,0.2,0.0,0.0,0.0,0.0,0.0,0.0,0.0,0.0,False,50
ZNF718,0.04,0,0,0,21.5,12.0,23.0,,0.0,0.0,0.0,0.4,0.0,0.0,0.0,0.0,0.0,0.0,0.0,0.0,0.0,0.0,False,50
KIF26B,0.04,0,0,0,19.5,6.0,23.75,0.25,0.1,0.0,0.3,0.0,0.0,0.0,0.0,0.0,0.1,0.0,0.0,0.0,0.0,0.1,False,50
BICDL2,0.04,0,0,0,26.5,13.0,24.75,1.0,0.3,0.0,0.0,0.0,0.0,0.0,0.0,0.2,0.2,0.0,0.0,0.0,0.0,0.3,False,50
KRT75,0.04,0,0,0,29.0,9.0,24.75,1.0,0.0,0.4,0.0,0.0,0.0,0.0,0.0,0.0,0.0,0.0,0.0,0.0,0.0,0.0,False,50
PGC,0.04,0,0,0,23.5,11.0,25.5,0.0,0.0,0.3,0.0,0.1,0.0,0.0,0.0,0.0,0.0,0.0,0.0,0.9,0.0,0.0,False,50
F2RL2,0.04,0,0,0,25.5,5.0,26.0,0.0,0.0,0.0,0.4,0.0,0.0,0.0,0.0,0.0,0.0,0.0,0.0,0.0,0.0,0.0,False,50
ZNF562,0.04,0,0,0,28.0,14.0,26.25,1.0,0.0,0.0,0.1,0.0,0.0,0.0,0.0,0.1,0.2,0.0,0.0,0.0,0.0,0.0,False,50
SLC6A6,0.04,0,0,0,25.5,8.0,27.0,0.5,0.0,0.1,0.3,0.0,0.0,0.0,0.0,0.0,0.0,0.0,0.0,0.0,0.0,0.0,False,50
LOC728730,0.04,0,0,0,23.0,22.0,28.0,0.75,0.0,0.0,0.4,0.0,0.0,0.0,0.0,0.0,0.0,0.0,0.0,0.0,0.0,0.0,False,50
TSPAN17,0.04,0,0,0,27.0,18.0,29.25,1.0,0.2,0.0,0.0,0.0,0.0,0.0,0.0,0.2,0.2,0.0,0.0,0.0,0.0,0.2,False,50
RBPMS2,0.04,0,0,0,28.5,24.0,31.5,0.25,0.0,0.1,0.0,0.0,0.1,0.1,0.1,0.0,0.0,0.0,0.0,0.0,0.1,0.0,False,50
ZNF124,0.04,0,0,0,33.5,25.0,31.75,0.75,0.0,0.0,0.1,0.1,0.0,0.2,0.0,0.0,0.0,0.0,0.0,0.0,0.1,0.0,False,50
EVC,0.04,0,0,0,33.5,16.0,32.75,0.6666666666666666,0.0,0.1,0.2,0.1,0.0,0.0,0.0,0.0,0.0,0.0,0.0,0.0,0.0,0.0,False,50
F2R,0.04,0,0,0,32.0,17.0,32.75,1.0,0.0,0.1,0.0,0.3,0.0,0.0,0.0,0.0,0.0,0.0,0.0,0.0,0.0,0.0,False,50
FGF14-AS2,0.04,0,0,0,32.0,23.0,32.75,0.0,0.0,0.0,0.0,0.0,0.1,0.2,0.1,0.0,0.0,0.0,0.0,0.4,0.1,0.0,False,50
FFAR4,0.04,0,0,0,34.0,23.0,33.5,0.0,0.0,0.0,0.0,0.0,0.2,0.0,0.2,0.0,0.0,0.0,0.0,0.0,0.1,0.0,False,50
BSPRY,0.04,0,0,0,38.0,12.0,33.75,1.0,0.0,0.0,0.1,0.0,0.1,0.2,0.0,0.0,0.0,0.0,0.0,0.0,0.1,0.0,False,50
ZNF541,0.04,0,0,0,35.5,17.0,34.5,0.0,0.0,0.0,0.0,0.0,0.2,0.2,0.0,0.0,0.0,0.0,0.0,0.0,0.1,0.0,False,50
ANGPT1,0.04,0,0,0,35.0,29.0,35.75,0.4,0.0,0.0,0.0,0.1,0.0,0.0,0.0,0.2,0.1,0.0,0.0,0.2,0.1,0.0,False,50
CNNM4,0.04,0,0,0,39.0,19.0,36.25,1.0,0.0,0.0,0.0,0.0,0.0,0.0,0.0,0.2,0.2,0.0,0.0,0.0,0.0,0.0,False,50
SYN2,0.04,0,0,0,42.5,12.0,36.5,0.0,0.0,0.0,0.0,0.0,0.1,0.0,0.2,0.0,0.1,0.0,0.0,0.0,0.2,0.0,False,50
OVOL2,0.04,0,0,0,39.0,23.0,36.75,1.0,0.0,0.0,0.0,0.0,0.0,0.1,0.0,0.2,0.1,0.0,0.0,0.0,0.0,0.0,False,50
RHOXF1,0.04,0,0,0,41.5,21.0,37.25,0.0,0.0,0.1,0.0,0.0,0.2,0.0,0.1,0.0,0.0,0.0,0.0,0.0,0.1,0.0,False,50
SPINT2,0.04,0,0,0,39.0,26.0,38.0,1.0,0.0,0.0,0.0,0.0,0.0,0.0,0.1,0.2,0.1,0.0,0.0,0.0,0.0,0.0,False,50
ASPA,0.04,0,0,0,38.5,32.0,38.25,0.0,0.0,0.1,0.0,0.0,0.0,0.0,0.2,0.0,0.1,0.0,0.0,0.1,0.1,0.0,False,50
WISP1,0.04,0,0,0,40.5,26.0,38.5,0.8,0.2,0.0,0.2,0.0,0.0,0.0,0.0,0.1,0.1,0.0,0.0,0.0,0.0,0.2,False,50
GRP,0.04,0,0,0,36.0,34.0,38.75,0.3333333333333333,0.0,0.0,0.1,0.1,0.0,0.2,0.0,0.0,0.0,0.0,0.0,0.0,0.0,0.0,False,50
ACKR4,0.04,0,0,0,43.5,36.0,43.25,1.0,0.0,0.0,0.0,0.0,0.0,0.4,0.0,0.0,0.0,0.0,0.0,0.0,0.0,0.0,False,50
SLC44A1,0.04,0,0,0,47.0,30.0,43.25,0.6666666666666666,0.0,0.0,0.1,0.1,0.0,0.2,0.0,0.0,0.0,0.0,0.0,0.0,0.0,0.0,False,50
LOC101929486,0.030000000000000006,0,0,0,3.0,2.0,9.0,0.0,0.0,0.2,0.0,0.1,0.0,0.0,0.0,0.0,0.0,0.0,0.0,0.8,0.0,0.0,False,50
SUSD6,0.030000000000000006,0,0,0,4.0,4.0,11.0,1.0,0.1,0.0,0.1,0.0,0.0,0.0,0.0,0.1,0.1,0.0,0.0,0.0,0.0,0.1,False,50
LOC101929378,0.030000000000000006,0,0,0,11.0,4.0,12.0,0.0,0.0,0.2,0.0,0.1,0.0,0.0,0.0,0.0,0.0,0.0,0.0,0.8,0.0,0.0,False,50
FAM124B,0.030000000000000006,0,0,0,12.0,10.0,13.333333333333334,1.0,0.0,0.0,0.0,0.2,0.1,0.0,0.0,0.0,0.0,0.0,0.0,0.0,0.1,0.0,False,50
KLF15,0.030000000000000006,0,0,0,16.0,2.0,13.333333333333334,0.16666666666666666,0.0,0.1,0.2,0.0,0.0,0.0,0.0,0.0,0.0,0.0,0.0,0.1,0.2,0.0,False,50
MCM4,0.030000000000000006,0,0,0,16.0,8.0,13.666666666666666,1.0,0.0,0.0,0.1,0.0,0.0,0.0,0.0,0.1,0.1,0.0,0.0,0.0,0.0,0.0,False,50
CD209,0.030000000000000006,0,0,0,15.0,13.0,14.666666666666666,1.0,0.0,0.0,0.0,0.1,0.0,0.0,0.0,0.1,0.1,0.0,0.0,0.0,0.0,0.0,False,50
KCNE1,0.030000000000000006,0,0,0,9.0,2.0,15.0,1.0,0.0,0.1,0.0,0.2,0.0,0.0,0.0,0.0,0.0,0.0,0.0,0.0,0.2,0.0,False,50
LOC101927870,0.030000000000000006,0,0,0,8.0,5.0,15.333333333333334,0.6666666666666666,0.0,0.0,0.0,0.1,0.1,0.1,0.0,0.0,0.0,0.0,0.0,0.0,0.1,0.0,False,50
SLITRK6,0.030000000000000006,0,0,0,12.0,7.0,15.333333333333334,0.5,0.0,0.0,0.2,0.1,0.0,0.0,0.0,0.0,0.0,0.0,0.0,0.0,0.0,0.0,False,50
PTPRK,0.030000000000000006,0,0,0,15.0,4.0,16.333333333333332,0.5,0.0,0.1,0.1,0.1,0.0,0.0,0.0,0.0,0.0,0.0,0.0,0.0,0.0,0.0,False,50
GPATCH11,0.030000000000000006,0,0,0,10.0,9.0,17.0,0.5,0.0,0.0,0.0,0.0,0.0,0.1,0.0,0.1,0.1,0.0,0.0,0.0,0.0,0.0,False,50
LOC101929406,0.030000000000000006,0,0,0,15.0,5.0,17.333333333333332,0.0,0.0,0.2,0.0,0.1,0.0,0.0,0.0,0.0,0.0,0.0,0.0,0.5,0.0,0.0,False,50
SLC25A25,0.030000000000000006,0,0,0,14.0,6.0,17.333333333333332,0.0,0.0,0.1,0.1,0.1,0.0,0.0,0.0,0.0,0.0,0.0,0.0,0.0,0.0,0.0,False,50
ANXA2P3,0.030000000000000006,0,0,0,8.0,7.0,18.333333333333332,0.0,0.0,0.1,0.1,0.0,0.0,0.1,0.0,0.0,0.0,0.0,0.0,0.2,0.0,0.0,False,50
VPS37C,0.030000000000000006,0,0,0,9.0,7.0,18.666666666666668,1.0,0.1,0.0,0.0,0.0,0.0,0.0,0.0,0.1,0.2,0.0,0.0,0.0,0.0,0.1,False,50
HINT3,0.030000000000000006,0,0,0,13.0,9.0,19.333333333333332,0.3333333333333333,0.0,0.1,0.2,0.0,0.0,0.0,0.0,0.0,0.0,0.0,0.0,0.0,0.0,0.0,False,50
BICD1,0.030000000000000006,0,0,0,23.0,9.0,19.666666666666668,0.3333333333333333,0.0,0.1,0.2,0.0,0.0,0.0,0.0,0.0,0.0,0.0,0.0,0.0,0.0,0.0,False,50
HDGF,0.030000000000000006,0,0,0,6.0,6.0,19.666666666666668,1.0,0.0,0.0,0.0,0.0,0.0,0.0,0.0,0.0,0.1,0.1,0.1,0.0,0.0,0.0,False,50
ALDH18A1,0.030000000000000006,0,0,0,11.0,8.0,20.0,1.0,0.0,0.0,0.1,0.0,0.0,0.0,0.0,0.0,0.0,0.1,0.1,0.0,0.0,0.0,False,50
KIAA1107,0.030000000000000006,0,0,0,24.0,6.0,20.0,0.6666666666666666,0.0,0.1,0.1,0.0,0.0,0.1,0.0,0.0,0.0,0.0,0.0,0.0,0.0,0.0,False,50
LOC101928409,0.030000000000000006,0,0,0,23.0,15.0,20.333333333333332,0.3333333333333333,0.0,0.1,0.0,0.0,0.0,0.0,0.0,0.0,0.0,0.1,0.1,0.1,0.0,0.0,False,50
S1PR1,0.030000000000000006,0,0,0,24.0,6.0,20.333333333333332,0.0,0.0,0.1,0.1,0.1,0.0,0.0,0.0,0.0,0.0,0.0,0.0,0.1,0.0,0.0,False,50
TMED9,0.030000000000000006,0,0,0,16.0,13.0,20.333333333333332,1.0,0.0,0.1,0.1,0.1,0.0,0.0,0.0,0.0,0.0,0.0,0.0,0.0,0.0,0.0,False,50
RABEP2,0.030000000000000006,0,0,0,19.0,19.0,20.666666666666668,0.5,0.0,0.0,0.1,0.0,0.0,0.0,0.0,0.1,0.1,0.0,0.0,0.0,0.0,0.0,False,50
LSR,0.030000000000000006,0,0,0,12.0,8.0,21.666666666666668,0.5,0.0,0.0,0.1,0.0,0.0,0.0,0.0,0.1,0.1,0.0,0.0,0.0,0.0,0.0,False,50
SCARF2,0.030000000000000006,0,0,0,21.0,8.0,22.333333333333332,1.0,0.0,0.1,0.0,0.2,0.0,0.0,0.0,0.0,0.0,0.0,0.0,0.0,0.0,0.0,False,50
TAT,0.030000000000000006,0,0,0,18.0,8.0,22.333333333333332,0.5,0.0,0.0,0.0,0.1,0.1,0.1,0.0,0.0,0.0,0.0,0.0,0.0,0.0,0.0,False,50
C6,0.030000000000000006,0,0,0,17.0,16.0,23.0,0.0,0.0,0.1,0.0,0.0,0.1,0.0,0.1,0.0,0.0,0.0,0.0,0.2,0.2,0.0,False,50
ARC,0.030000000000000006,0,0,0,28.0,12.0,23.333333333333332,1.0,0.0,0.1,0.0,0.2,0.0,0.0,0.0,0.0,0.0,0.0,0.0,0.0,0.0,0.0,False,50
MMP3,0.030000000000000006,0,0,0,31.0,7.0,23.333333333333332,0.5,0.0,0.1,0.1,0.1,0.0,0.0,0.0,0.0,0.0,0.0,0.0,0.0,0.0,0.0,False,50
FAM118A,0.030000000000000006,0,0,0,26.0,9.0,23.666666666666668,0.6666666666666666,0.0,0.1,0.2,0.0,0.0,0.0,0.0,0.0,0.0,0.0,0.0,0.0,0.0,0.0,False,50
CHERP,0.030000000000000006,0,0,0,17.0,9.0,24.0,1.0,0.0,0.0,0.0,0.0,0.0,0.0,0.0,0.1,0.2,0.0,0.0,0.0,0.0,0.0,False,50
SIX4,0.030000000000000006,0,0,0,17.0,10.0,24.333333333333332,1.0,0.0,0.1,0.1,0.0,0.0,0.0,0.0,0.0,0.1,0.0,0.0,0.0,0.0,0.0,False,50
DPT,0.030000000000000006,0,0,0,14.0,14.0,24.666666666666668,1.0,0.0,0.0,0.0,0.0,0.0,0.0,0.0,0.1,0.0,0.1,0.1,0.0,0.0,0.0,False,50
RRM2,0.030000000000000006,0,0,0,28.0,17.0,24.666666666666668,1.0,0.0,0.0,0.0,0.0,0.0,0.0,0.0,0.2,0.1,0.0,0.0,0.0,0.0,0.0,False,50
C1QTNF7,0.030000000000000006,0,0,0,22.0,22.0,25.0,0.0,0.0,0.0,0.0,0.0,0.1,0.1,0.1,0.0,0.0,0.0,0.0,0.0,0.1,0.0,False,50
SCN2A,0.030000000000000006,0,0,0,25.0,19.0,25.0,1.0,0.0,0.0,0.0,0.2,0.1,0.0,0.0,0.0,0.0,0.0,0.0,0.0,0.1,0.0,False,50
RWDD1,0.030000000000000006,0,0,0,25.0,16.0,25.666666666666668,1.0,0.0,0.0,0.0,0.0,0.0,0.0,0.0,0.1,0.2,0.0,0.0,0.0,0.0,0.0,False,50
DCAF8,0.030000000000000006,0,0,0,19.0,17.0,26.0,1.0,0.0,0.0,0.0,0.0,0.0,0.0,0.0,0.1,0.0,0.1,0.1,0.0,0.0,0.0,False,50
PDK4,0.030000000000000006,0,0,0,18.0,15.0,26.0,0.3333333333333333,0.2,0.0,0.0,0.0,0.0,0.0,0.0,0.1,0.2,0.0,0.0,0.0,0.0,0.2,False,50
KDM5B,0.030000000000000006,0,0,0,24.0,15.0,26.333333333333332,1.0,0.0,0.0,0.0,0.0,0.0,0.0,0.0,0.1,0.2,0.0,0.0,0.0,0.0,0.0,False,50
KIF1C,0.030000000000000006,0,0,0,28.0,8.0,26.333333333333332,1.0,0.0,0.0,0.1,0.2,0.0,0.0,0.0,0.0,0.0,0.0,0.0,0.0,0.0,0.0,False,50
ZNF555,0.030000000000000006,0,0,0,27.0,11.0,26.333333333333332,1.0,0.0,0.0,0.0,0.2,0.0,0.1,0.0,0.0,0.0,0.0,0.0,0.0,0.0,0.0,False,50
RAB11FIP3,0.030000000000000006,0,0,0,15.0,15.0,26.666666666666668,1.0,0.2,0.0,0.0,0.0,0.0,0.0,0.0,0.1,0.0,0.1,0.1,0.0,0.0,0.2,False,50
ANLN,0.030000000000000006,0,0,0,18.0,17.0,27.0,1.0,0.2,0.0,0.1,0.0,0.0,0.0,0.0,0.0,0.0,0.1,0.1,0.0,0.0,0.2,False,50
RUNX2,0.030000000000000006,0,0,0,26.0,17.0,27.666666666666668,1.0,0.0,0.0,0.2,0.1,0.0,0.0,0.0,0.0,0.0,0.0,0.0,0.0,0.0,0.0,False,50
WDR6,0.030000000000000006,0,0,0,28.0,8.0,27.666666666666668,0.5,0.0,0.1,0.1,0.0,0.0,0.0,0.0,0.0,0.1,0.0,0.0,0.0,0.0,0.0,False,50
HS3ST1,0.030000000000000006,0,0,0,26.0,18.0,28.333333333333332,0.0,0.0,0.0,0.0,0.1,0.0,0.2,0.0,0.0,0.0,0.0,0.0,0.0,0.0,0.0,False,50
PTGFRN,0.030000000000000006,0,0,0,28.0,22.0,28.666666666666668,1.0,0.0,0.1,0.2,0.0,0.0,0.0,0.0,0.0,0.0,0.0,0.0,0.0,0.0,0.0,False,50
SLC12A7,0.030000000000000006,0,0,0,25.0,22.0,28.666666666666668,1.0,0.0,0.0,0.0,0.0,0.0,0.0,0.0,0.0,0.1,0.1,0.1,0.0,0.0,0.0,False,50
TPX2,0.030000000000000006,0,0,0,25.0,17.0,28.666666666666668,1.0,0.1,0.0,0.0,0.0,0.0,0.0,0.0,0.1,0.2,0.0,0.0,0.0,0.0,0.1,False,50
LOC389831,0.030000000000000006,0,0,0,20.0,18.0,29.333333333333332,0.5,0.0,0.0,0.0,0.1,0.1,0.1,0.0,0.0,0.0,0.0,0.0,0.0,0.0,0.0,False,50
FAM76A,0.030000000000000006,0,0,0,28.0,21.0,30.0,1.0,0.0,0.0,0.0,0.0,0.0,0.0,0.0,0.2,0.1,0.0,0.0,0.0,0.0,0.0,False,50
PHYKPL,0.030000000000000006,0,0,0,30.0,20.0,30.666666666666668,0.5,0.0,0.1,0.1,0.1,0.0,0.0,0.0,0.0,0.0,0.0,0.0,0.0,0.0,0.0,False,50
POLD1,0.030000000000000006,0,0,0,30.0,29.0,31.0,1.0,0.0,0.0,0.1,0.0,0.0,0.0,0.0,0.0,0.0,0.1,0.1,0.0,0.0,0.0,False,50
RILP,0.030000000000000006,0,0,0,30.0,19.0,31.0,0.0,0.0,0.1,0.1,0.1,0.0,0.0,0.0,0.0,0.0,0.0,0.0,0.0,0.0,0.0,False,50
CNRIP1,0.030000000000000006,0,0,0,24.0,21.0,31.333333333333332,1.0,0.0,0.0,0.0,0.0,0.0,0.0,0.0,0.2,0.1,0.0,0.0,0.0,0.0,0.0,False,50
CD24,0.030000000000000006,0,0,0,34.0,19.0,32.0,1.0,0.0,0.1,0.1,0.0,0.0,0.0,0.1,0.0,0.0,0.0,0.0,0.0,0.1,0.0,False,50
LOC101928069,0.030000000000000006,0,0,0,34.0,23.0,32.0,0.0,0.0,0.2,0.0,0.1,0.0,0.0,0.0,0.0,0.0,0.0,0.0,0.2,0.0,0.0,False,50
LOC101928806,0.030000000000000006,0,0,0,31.0,30.0,32.0,0.0,0.0,0.2,0.0,0.1,0.0,0.0,0.0,0.0,0.0,0.0,0.0,0.0,0.0,0.0,False,50
TRMT10A,0.030000000000000006,0,0,0,30.0,21.0,32.0,0.5,0.0,0.1,0.1,0.1,0.0,0.0,0.0,0.0,0.0,0.0,0.0,0.0,0.0,0.0,False,50
AMIGO1,0.030000000000000006,0,0,0,32.0,23.0,32.333333333333336,0.5,0.0,0.0,0.2,0.1,0.0,0.0,0.0,0.0,0.0,0.0,0.0,0.0,0.0,0.0,False,50
HIGD1B,0.030000000000000006,0,0,0,33.0,24.0,32.333333333333336,0.3333333333333333,0.0,0.0,0.2,0.0,0.0,0.1,0.0,0.0,0.0,0.0,0.0,0.0,0.0,0.0,False,50
NAT8L,0.030000000000000006,0,0,0,38.0,22.0,33.333333333333336,0.3333333333333333,0.0,0.1,0.1,0.1,0.0,0.0,0.0,0.0,0.0,0.0,0.0,0.0,0.1,0.0,False,50
WISP2,0.030000000000000006,0,0,0,31.0,23.0,33.333333333333336,1.0,0.0,0.0,0.0,0.1,0.0,0.0,0.0,0.1,0.1,0.0,0.0,0.0,0.0,0.0,False,50
RTKN,0.030000000000000006,0,0,0,30.0,30.0,33.666666666666664,1.0,0.3,0.0,0.0,0.0,0.0,0.0,0.0,0.1,0.2,0.0,0.0,0.0,0.0,0.3,False,50
FAM162B,0.030000000000000006,0,0,0,39.0,19.0,34.0,0.5,0.1,0.0,0.0,0.0,0.0,0.0,0.0,0.1,0.2,0.0,0.0,0.0,0.0,0.1,False,50
GHRH,0.030000000000000006,0,0,0,46.0,8.0,34.0,1.0,0.0,0.0,0.0,0.2,0.1,0.0,0.0,0.0,0.0,0.0,0.0,0.0,0.0,0.0,False,50
KLHDC7A,0.030000000000000006,0,0,0,37.0,18.0,34.333333333333336,0.0,0.0,0.0,0.1,0.2,0.0,0.0,0.0,0.0,0.0,0.0,0.0,0.0,0.0,0.0,False,50
ATG16L1,0.030000000000000006,0,0,0,31.0,24.0,35.0,1.0,0.1,0.0,0.1,0.0,0.0,0.0,0.0,0.1,0.1,0.0,0.0,0.0,0.0,0.1,False,50
FZD2,0.030000000000000006,0,0,0,36.0,24.0,35.666666666666664,0.3333333333333333,0.0,0.1,0.2,0.0,0.0,0.0,0.0,0.0,0.0,0.0,0.0,0.0,0.0,0.0,False,50
CTSH,0.030000000000000006,0,0,0,43.0,18.0,36.333333333333336,0.0,0.0,0.0,0.1,0.1,0.0,0.1,0.0,0.0,0.0,0.0,0.0,0.0,0.0,0.0,False,50
UHRF1,0.030000000000000006,0,0,0,33.0,32.0,36.333333333333336,1.0,0.0,0.0,0.0,0.0,0.0,0.0,0.0,0.2,0.1,0.0,0.0,0.0,0.0,0.0,False,50
FGF2,0.030000000000000006,0,0,0,34.0,27.0,36.666666666666664,0.25,0.0,0.1,0.1,0.0,0.0,0.1,0.0,0.0,0.0,0.0,0.0,0.1,0.0,0.0,False,50
PRPF38B,0.030000000000000006,0,0,0,37.0,36.0,36.666666666666664,0.5,0.0,0.0,0.1,0.0,0.0,0.0,0.0,0.1,0.1,0.0,0.0,0.0,0.0,0.0,False,50
ST14,0.030000000000000006,0,0,0,46.0,15.0,36.666666666666664,1.0,0.0,0.0,0.0,0.0,0.0,0.2,0.1,0.0,0.0,0.0,0.0,0.0,0.0,0.0,False,50
TMEM108,0.030000000000000006,0,0,0,37.0,30.0,36.666666666666664,1.0,0.0,0.1,0.0,0.2,0.0,0.0,0.0,0.0,0.0,0.0,0.0,0.0,0.0,0.0,False,50
DCUN1D3,0.030000000000000006,0,0,0,37.0,26.0,37.0,0.0,0.0,0.1,0.0,0.2,0.0,0.0,0.0,0.0,0.0,0.0,0.0,0.1,0.1,0.0,False,50
KRT19,0.030000000000000006,0,0,0,35.0,34.0,37.333333333333336,1.0,0.0,0.0,0.0,0.0,0.0,0.0,0.0,0.1,0.2,0.0,0.0,0.0,0.0,0.0,False,50
MGARP,0.030000000000000006,0,0,0,36.0,32.0,37.333333333333336,1.0,0.0,0.0,0.0,0.2,0.1,0.0,0.0,0.0,0.0,0.0,0.0,0.0,0.0,0.0,False,50
DLX1,0.030000000000000006,0,0,0,40.0,30.0,37.666666666666664,1.0,0.0,0.1,0.0,0.2,0.0,0.0,0.0,0.0,0.0,0.0,0.0,0.0,0.0,0.0,False,50
ENPP5,0.030000000000000006,0,0,0,38.0,38.0,40.666666666666664,0.6666666666666666,0.0,0.0,0.2,0.0,0.0,0.1,0.0,0.0,0.0,0.0,0.0,0.0,0.0,0.0,False,50
GPLD1,0.030000000000000006,0,0,0,42.0,39.0,41.0,0.0,0.0,0.0,0.0,0.0,0.1,0.0,0.2,0.0,0.0,0.0,0.0,0.0,0.2,0.0,False,50
LINC00537,0.030000000000000006,0,0,0,49.0,24.0,41.0,0.0,0.0,0.0,0.1,0.0,0.0,0.2,0.0,0.0,0.0,0.0,0.0,0.0,0.0,0.0,False,50
MSX2,0.030000000000000006,0,0,0,43.0,36.0,41.666666666666664,0.5,0.0,0.0,0.0,0.1,0.0,0.2,0.0,0.0,0.0,0.0,0.0,0.0,0.0,0.0,False,50
SHB,0.030000000000000006,0,0,0,44.0,40.0,43.666666666666664,0.0,0.0,0.0,0.1,0.0,0.0,0.0,0.0,0.0,0.2,0.0,0.0,0.0,0.0,0.0,False,50
ARPP21,0.03,0,0,0,20.0,18.0,19.666666666666668,1.0,0.0,0.3,0.0,0.0,0.0,0.0,0.0,0.0,0.0,0.0,0.0,0.0,0.0,0.0,False,50
IGF1R,0.03,0,0,0,33.0,10.0,25.666666666666668,0.3333333333333333,0.0,0.0,0.3,0.0,0.0,0.0,0.0,0.0,0.0,0.0,0.0,0.0,0.0,0.0,False,50
ZFP37,0.03,0,0,0,20.0,14.0,26.0,,0.0,0.0,0.0,0.3,0.0,0.0,0.0,0.0,0.0,0.0,0.0,0.0,0.0,0.0,False,50
BAMBI,0.03,0,0,0,29.0,13.0,27.333333333333332,1.0,0.0,0.0,0.3,0.0,0.0,0.0,0.0,0.0,0.0,0.0,0.0,0.0,0.0,0.0,False,50
RFX6,0.03,0,0,0,31.0,4.0,28.333333333333332,,0.0,0.0,0.0,0.3,0.0,0.0,0.0,0.0,0.0,0.0,0.0,0.0,0.0,0.0,False,50
MYH9,0.03,0,0,0,29.0,24.0,28.666666666666668,0.6666666666666666,0.0,0.0,0.3,0.0,0.0,0.0,0.0,0.0,0.0,0.0,0.0,0.0,0.0,0.0,False,50
ZNF788,0.03,0,0,0,33.0,20.0,32.0,,0.0,0.0,0.0,0.3,0.0,0.0,0.0,0.0,0.0,0.0,0.0,0.0,0.0,0.0,False,50
LOC283588,0.03,0,0,0,41.0,13.0,33.666666666666664,0.3333333333333333,0.0,0.0,0.0,0.0,0.0,0.3,0.0,0.0,0.0,0.0,0.0,0.0,0.0,0.0,False,50
C4orf19,0.03,0,0,0,39.0,28.0,36.333333333333336,1.0,0.0,0.0,0.0,0.0,0.0,0.3,0.0,0.0,0.0,0.0,0.0,0.0,0.0,0.0,False,50
RAI14,0.03,0,0,0,46.0,23.0,39.666666666666664,0.6666666666666666,0.0,0.0,0.3,0.0,0.0,0.0,0.0,0.0,0.0,0.0,0.0,0.0,0.0,0.0,False,50
RDH5,0.03,0,0,0,41.0,30.0,40.333333333333336,0.6666666666666666,0.0,0.0,0.0,0.0,0.0,0.3,0.0,0.0,0.0,0.0,0.0,0.0,0.0,0.0,False,50
IQCH,0.03,0,0,0,46.0,33.0,42.0,1.0,0.0,0.0,0.0,0.3,0.0,0.0,0.0,0.0,0.0,0.0,0.0,0.0,0.1,0.0,False,50
WNT11,0.03,0,0,0,47.0,37.0,44.333333333333336,1.0,0.0,0.0,0.0,0.0,0.0,0.3,0.0,0.0,0.0,0.0,0.0,0.0,0.0,0.0,False,50
KRTAP1-3,0.02,0,0,0,3.0,1.0,3.0,0.5,0.0,0.1,0.0,0.1,0.0,0.0,0.0,0.0,0.0,0.0,0.0,0.0,0.1,0.0,False,50
STK26,0.02,0,0,0,3.0,1.0,3.0,0.5,0.0,0.1,0.1,0.0,0.0,0.0,0.0,0.0,0.0,0.0,0.0,0.0,0.0,0.0,False,50
TSTA3,0.02,0,0,0,3.5,3.0,3.5,1.0,0.2,0.0,0.0,0.0,0.0,0.0,0.0,0.1,0.1,0.0,0.0,0.0,0.0,0.2,False,50
ZNF667-AS1,0.02,0,0,0,4.0,1.0,4.0,0.0,0.0,0.1,0.1,0.0,0.0,0.0,0.0,0.0,0.0,0.0,0.0,0.0,0.0,0.0,False,50
CSTL1,0.02,0,0,0,4.5,4.0,4.5,,0.0,0.0,0.0,0.2,0.0,0.0,0.0,0.0,0.0,0.0,0.0,0.0,0.0,0.0,False,50
ALAS2,0.02,0,0,0,5.0,1.0,5.0,0.0,0.0,0.1,0.0,0.1,0.0,0.0,0.0,0.0,0.0,0.0,0.0,0.7,0.0,0.0,False,50
RECQL4,0.02,0,0,0,5.0,4.0,5.0,1.0,0.1,0.0,0.0,0.0,0.0,0.0,0.0,0.1,0.1,0.0,0.0,0.0,0.0,0.1,False,50
C3orf22,0.02,0,0,0,5.5,3.0,5.5,,0.0,0.0,0.0,0.2,0.0,0.0,0.0,0.0,0.0,0.0,0.0,0.0,0.0,0.0,False,50
PRSS8,0.02,0,0,0,5.5,5.0,5.5,1.0,0.7,0.0,0.0,0.0,0.0,0.0,0.0,0.1,0.1,0.0,0.0,0.0,0.0,0.7,False,50
VPS16,0.02,0,0,0,5.5,4.0,5.5,0.5,0.0,0.1,0.1,0.0,0.0,0.0,0.0,0.0,0.0,0.0,0.0,0.0,0.0,0.0,False,50
C6orf132,0.02,0,0,0,6.0,6.0,6.0,1.0,0.1,0.0,0.0,0.0,0.0,0.0,0.0,0.0,0.0,0.1,0.1,0.0,0.0,0.1,False,50
FAM129B,0.02,0,0,0,6.0,3.0,6.0,1.0,0.0,0.0,0.0,0.0,0.0,0.0,0.0,0.1,0.1,0.0,0.0,0.0,0.0,0.0,False,50
GNG11,0.02,0,0,0,6.0,5.0,6.0,0.3333333333333333,0.2,0.0,0.0,0.0,0.0,0.0,0.0,0.1,0.1,0.0,0.0,0.0,0.0,0.2,False,50
LOC100190986,0.02,0,0,0,6.5,5.0,6.5,1.0,0.0,0.0,0.0,0.0,0.0,0.0,0.0,0.1,0.1,0.0,0.0,0.1,0.0,0.0,False,50
DLC1,0.02,0,0,0,7.0,2.0,7.0,1.0,0.0,0.0,0.0,0.0,0.0,0.0,0.0,0.1,0.1,0.0,0.0,0.0,0.0,0.0,False,50
SERTAD4,0.02,0,0,0,7.5,3.0,7.5,1.0,0.0,0.1,0.1,0.0,0.0,0.0,0.0,0.0,0.0,0.0,0.0,0.0,0.0,0.0,False,50
LOC339352,0.02,0,0,0,8.5,7.0,8.5,,0.0,0.0,0.0,0.2,0.0,0.0,0.0,0.0,0.0,0.0,0.0,0.0,0.0,0.0,False,50
LOC643355,0.02,0,0,0,8.5,1.0,8.5,,0.0,0.0,0.0,0.2,0.0,0.0,0.0,0.0,0.0,0.0,0.0,0.0,0.0,0.0,False,50
RGL1,0.02,0,0,0,8.5,4.0,8.5,1.0,0.0,0.0,0.0,0.0,0.0,0.0,0.0,0.1,0.1,0.0,0.0,0.0,0.0,0.0,False,50
WDR54,0.02,0,0,0,8.5,8.0,8.5,1.0,0.1,0.0,0.0,0.0,0.0,0.0,0.0,0.1,0.1,0.0,0.0,0.0,0.0,0.1,False,50
SPATA8,0.02,0,0,0,9.5,7.0,9.5,,0.0,0.0,0.0,0.2,0.0,0.0,0.0,0.0,0.0,0.0,0.0,0.0,0.0,0.0,False,50
ABHD5,0.02,0,0,0,10.0,10.0,10.0,1.0,0.0,0.0,0.0,0.0,0.0,0.0,0.0,0.0,0.0,0.1,0.1,0.0,0.0,0.0,False,50
CYP4B1,0.02,0,0,0,10.5,1.0,10.5,0.5,0.0,0.1,0.1,0.0,0.0,0.0,0.0,0.0,0.0,0.0,0.0,0.0,0.0,0.0,False,50
FAM83D,0.02,0,0,0,10.5,9.0,10.5,1.0,0.5,0.0,0.0,0.0,0.0,0.0,0.0,0.1,0.1,0.0,0.0,0.0,0.0,0.5,False,50
LOC105371414,0.02,0,0,0,10.5,6.0,10.5,0.0,0.0,0.1,0.0,0.1,0.0,0.0,0.0,0.0,0.0,0.0,0.0,0.5,0.0,0.0,False,50
SH3RF1,0.02,0,0,0,11.0,7.0,11.0,0.5,0.0,0.1,0.1,0.0,0.0,0.0,0.0,0.0,0.0,0.0,0.0,0.0,0.0,0.0,False,50
PIP4K2C,0.02,0,0,0,11.5,6.0,11.5,1.0,0.0,0.0,0.0,0.0,0.0,0.0,0.0,0.1,0.1,0.0,0.0,0.0,0.0,0.0,False,50
LOC100272216,0.02,0,0,0,12.0,12.0,12.0,1.0,0.2,0.0,0.0,0.0,0.0,0.0,0.0,0.0,0.0,0.1,0.1,0.0,0.0,0.2,False,50
OLR1,0.02,0,0,0,12.0,6.0,12.0,,0.0,0.0,0.0,0.2,0.0,0.0,0.0,0.0,0.0,0.0,0.0,0.0,0.0,0.0,False,50
RASL11B,0.02,0,0,0,12.0,3.0,12.0,1.0,0.0,0.0,0.2,0.0,0.0,0.0,0.0,0.0,0.0,0.0,0.0,0.0,0.0,0.0,False,50
AUTS2,0.02,0,0,0,12.5,10.0,12.5,1.0,0.0,0.0,0.0,0.0,0.0,0.0,0.0,0.1,0.1,0.0,0.0,0.0,0.0,0.0,False,50
MYO1C,0.02,0,0,0,12.5,10.0,12.5,0.5,0.0,0.0,0.0,0.0,0.0,0.2,0.0,0.0,0.0,0.0,0.0,0.0,0.0,0.0,False,50
GPT2,0.02,0,0,0,13.0,8.0,13.0,0.5,0.0,0.0,0.2,0.0,0.0,0.0,0.0,0.0,0.0,0.0,0.0,0.0,0.0,0.0,False,50
PDHA1,0.02,0,0,0,13.0,6.0,13.0,0.5,0.0,0.1,0.1,0.0,0.0,0.0,0.0,0.0,0.0,0.0,0.0,0.0,0.0,0.0,False,50
SETD5,0.02,0,0,0,13.5,11.0,13.5,1.0,0.0,0.0,0.0,0.0,0.0,0.0,0.0,0.1,0.1,0.0,0.0,0.0,0.0,0.0,False,50
VASH1,0.02,0,0,0,13.5,11.0,13.5,0.5,0.0,0.1,0.1,0.0,0.0,0.0,0.0,0.0,0.0,0.0,0.0,0.0,0.0,0.0,False,50
ADH5,0.02,0,0,0,14.0,14.0,14.0,1.0,0.0,0.0,0.0,0.0,0.0,0.0,0.0,0.0,0.0,0.1,0.1,0.0,0.0,0.0,False,50
LOC100131347,0.02,0,0,0,14.0,12.0,14.0,1.0,0.0,0.2,0.0,0.0,0.0,0.0,0.0,0.0,0.0,0.0,0.0,0.0,0.0,0.0,False,50
MMEL1,0.02,0,0,0,14.0,5.0,14.0,1.0,0.0,0.1,0.1,0.0,0.0,0.0,0.0,0.0,0.0,0.0,0.0,0.0,0.0,0.0,False,50
LCN8,0.02,0,0,0,14.5,6.0,14.5,,0.0,0.0,0.0,0.2,0.0,0.0,0.0,0.0,0.0,0.0,0.0,0.0,0.0,0.0,False,50
DIAPH2,0.02,0,0,0,15.5,8.0,15.5,1.0,0.0,0.0,0.0,0.0,0.0,0.0,0.0,0.1,0.1,0.0,0.0,0.0,0.0,0.0,False,50
EPS8L2,0.02,0,0,0,15.5,15.0,15.5,1.0,0.2,0.0,0.0,0.0,0.0,0.0,0.0,0.0,0.0,0.1,0.1,0.0,0.0,0.2,False,50
FBXO32,0.02,0,0,0,15.5,11.0,15.5,1.0,0.0,0.0,0.0,0.0,0.0,0.0,0.0,0.1,0.1,0.0,0.0,0.0,0.0,0.0,False,50
JUP,0.02,0,0,0,15.5,15.0,15.5,1.0,0.0,0.0,0.0,0.0,0.0,0.0,0.0,0.1,0.1,0.0,0.0,0.0,0.0,0.0,False,50
LAMA4,0.02,0,0,0,15.5,10.0,15.5,1.0,0.0,0.0,0.0,0.0,0.0,0.0,0.0,0.1,0.1,0.0,0.0,0.0,0.0,0.0,False,50
PDK2,0.02,0,0,0,15.5,7.0,15.5,0.5,0.0,0.1,0.1,0.0,0.0,0.0,0.0,0.0,0.0,0.0,0.0,0.0,0.0,0.0,False,50
PMS2P5,0.02,0,0,0,15.5,7.0,15.5,0.5,0.0,0.1,0.1,0.0,0.0,0.0,0.0,0.0,0.0,0.0,0.0,0.0,0.0,0.0,False,50
DACT2,0.02,0,0,0,16.0,6.0,16.0,0.0,0.0,0.1,0.0,0.1,0.0,0.0,0.0,0.0,0.0,0.0,0.0,0.1,0.0,0.0,False,50
SIGLEC9,0.02,0,0,0,16.0,7.0,16.0,1.0,0.0,0.0,0.0,0.2,0.0,0.0,0.0,0.0,0.0,0.0,0.0,0.0,0.2,0.0,False,50
TESMIN,0.02,0,0,0,16.0,13.0,16.0,1.0,0.0,0.0,0.0,0.0,0.0,0.0,0.0,0.1,0.1,0.0,0.0,0.0,0.0,0.0,False,50
TFPI2,0.02,0,0,0,16.0,11.0,16.0,1.0,0.0,0.0,0.2,0.0,0.0,0.0,0.0,0.0,0.0,0.0,0.0,0.0,0.0,0.0,False,50
ARHGEF33,0.02,0,0,0,16.5,9.0,16.5,0.0,0.0,0.1,0.0,0.1,0.0,0.0,0.0,0.0,0.0,0.0,0.0,0.1,0.0,0.0,False,50
PAX8-AS1,0.02,0,0,0,16.5,1.0,16.5,0.5,0.0,0.1,0.1,0.0,0.0,0.0,0.0,0.0,0.0,0.0,0.0,0.0,0.0,0.0,False,50
FAM149A,0.02,0,0,0,17.0,13.0,17.0,0.5,0.0,0.1,0.1,0.0,0.0,0.0,0.0,0.0,0.0,0.0,0.0,0.0,0.0,0.0,False,50
OMD,0.02,0,0,0,17.0,8.0,17.0,0.5,0.0,0.1,0.1,0.0,0.0,0.0,0.0,0.0,0.0,0.0,0.0,0.0,0.0,0.0,False,50
VCAN,0.02,0,0,0,17.0,5.0,17.0,0.5,0.0,0.1,0.1,0.0,0.0,0.0,0.0,0.0,0.0,0.0,0.0,0.0,0.0,0.0,False,50
HN1L,0.02,0,0,0,17.5,17.0,17.5,1.0,0.2,0.0,0.0,0.0,0.0,0.0,0.0,0.0,0.0,0.1,0.1,0.0,0.0,0.2,False,50
TBCD,0.02,0,0,0,17.5,16.0,17.5,1.0,0.0,0.0,0.0,0.0,0.0,0.0,0.0,0.0,0.0,0.1,0.1,0.0,0.0,0.0,False,50
FLJ10038,0.02,0,0,0,18.0,3.0,18.0,0.0,0.0,0.1,0.1,0.0,0.0,0.0,0.0,0.0,0.0,0.0,0.0,0.0,0.0,0.0,False,50
STYK1,0.02,0,0,0,18.0,13.0,18.0,1.0,0.0,0.0,0.0,0.1,0.0,0.1,0.0,0.0,0.0,0.0,0.0,0.0,0.0,0.0,False,50
ZNF692,0.02,0,0,0,18.0,14.0,18.0,1.0,0.2,0.0,0.0,0.0,0.0,0.0,0.0,0.1,0.1,0.0,0.0,0.0,0.0,0.2,False,50
CLEC4GP1,0.02,0,0,0,18.5,6.0,18.5,0.0,0.0,0.2,0.0,0.0,0.0,0.0,0.0,0.0,0.0,0.0,0.0,0.2,0.0,0.0,False,50
GALNT6,0.02,0,0,0,18.5,10.0,18.5,0.5,0.2,0.0,0.2,0.0,0.0,0.0,0.0,0.0,0.0,0.0,0.0,0.0,0.0,0.2,False,50
HBB,0.02,0,0,0,18.5,15.0,18.5,1.0,0.0,0.0,0.0,0.0,0.0,0.0,0.0,0.1,0.1,0.0,0.0,0.0,0.0,0.0,False,50
PTGDR2,0.02,0,0,0,18.5,13.0,18.5,,0.0,0.0,0.0,0.2,0.0,0.0,0.0,0.0,0.0,0.0,0.0,0.0,0.0,0.0,False,50
C2CD3,0.02,0,0,0,19.0,15.0,19.0,1.0,0.0,0.0,0.0,0.0,0.0,0.0,0.0,0.1,0.1,0.0,0.0,0.0,0.0,0.0,False,50
DIRC3,0.02,0,0,0,19.0,17.0,19.0,0.0,0.0,0.1,0.0,0.1,0.0,0.0,0.0,0.0,0.0,0.0,0.0,0.1,0.0,0.0,False,50
GPC3,0.02,0,0,0,19.0,8.0,19.0,0.0,0.0,0.1,0.1,0.0,0.0,0.0,0.0,0.0,0.0,0.0,0.0,0.0,0.0,0.0,False,50
RPS6KB2,0.02,0,0,0,19.0,13.0,19.0,1.0,0.0,0.0,0.0,0.0,0.0,0.0,0.0,0.1,0.1,0.0,0.0,0.0,0.0,0.0,False,50
TELO2,0.02,0,0,0,19.0,9.0,19.0,1.0,0.6,0.0,0.0,0.0,0.0,0.0,0.0,0.1,0.1,0.0,0.0,0.0,0.0,0.6,False,50
WDR88,0.02,0,0,0,19.0,13.0,19.0,0.0,0.0,0.2,0.0,0.0,0.0,0.0,0.0,0.0,0.0,0.0,0.0,0.6,0.0,0.0,False,50
DEPDC7,0.02,0,0,0,19.5,3.0,19.5,,0.0,0.0,0.0,0.2,0.0,0.0,0.0,0.0,0.0,0.0,0.0,0.0,0.0,0.0,False,50
LIG3,0.02,0,0,0,19.5,8.0,19.5,0.5,0.0,0.1,0.1,0.0,0.0,0.0,0.0,0.0,0.0,0.0,0.0,0.0,0.0,0.0,False,50
LMO3,0.02,0,0,0,19.5,9.0,19.5,1.0,0.0,0.0,0.1,0.0,0.0,0.1,0.0,0.0,0.0,0.0,0.0,0.0,0.0,0.0,False,50
LOC100506585,0.02,0,0,0,19.5,6.0,19.5,1.0,0.0,0.1,0.0,0.1,0.0,0.0,0.0,0.0,0.0,0.0,0.0,0.0,0.0,0.0,False,50
PLPP1,0.02,0,0,0,19.5,14.0,19.5,1.0,0.0,0.0,0.0,0.0,0.0,0.0,0.0,0.1,0.1,0.0,0.0,0.0,0.0,0.0,False,50
RDH13,0.02,0,0,0,19.5,13.0,19.5,1.0,0.2,0.0,0.0,0.0,0.0,0.0,0.0,0.1,0.1,0.0,0.0,0.0,0.0,0.2,False,50
GLRA3,0.02,0,0,0,20.5,4.0,20.5,0.5,0.0,0.1,0.1,0.0,0.0,0.0,0.0,0.0,0.0,0.0,0.0,0.0,0.0,0.0,False,50
LOC100996412,0.02,0,0,0,20.5,19.0,20.5,1.0,0.0,0.1,0.1,0.0,0.0,0.0,0.0,0.0,0.0,0.0,0.0,0.0,0.0,0.0,False,50
LOC101928271,0.02,0,0,0,20.5,8.0,20.5,0.0,0.0,0.2,0.0,0.0,0.0,0.0,0.0,0.0,0.0,0.0,0.0,0.4,0.0,0.0,False,50
SNHG17,0.02,0,0,0,20.5,9.0,20.5,1.0,0.0,0.1,0.1,0.0,0.0,0.0,0.0,0.0,0.0,0.0,0.0,0.0,0.0,0.0,False,50
GPX3,0.02,0,0,0,21.0,19.0,21.0,1.0,0.0,0.0,0.0,0.0,0.0,0.0,0.0,0.1,0.1,0.0,0.0,0.0,0.0,0.0,False,50
MMP1,0.02,0,0,0,21.0,2.0,21.0,0.5,0.0,0.1,0.1,0.0,0.0,0.0,0.0,0.0,0.0,0.0,0.0,0.0,0.0,0.0,False,50
OR2H4P,0.02,0,0,0,21.0,18.0,21.0,0.0,0.0,0.2,0.0,0.0,0.0,0.0,0.0,0.0,0.0,0.0,0.0,0.6,0.0,0.0,False,50
CA7,0.02,0,0,0,21.5,3.0,21.5,,0.0,0.0,0.0,0.2,0.0,0.0,0.0,0.0,0.0,0.0,0.0,0.0,0.0,0.0,False,50
POLR2H,0.02,0,0,0,21.5,18.0,21.5,1.0,0.0,0.0,0.0,0.0,0.0,0.0,0.0,0.1,0.1,0.0,0.0,0.0,0.0,0.0,False,50
CHD4,0.02,0,0,0,22.0,22.0,22.0,1.0,0.0,0.0,0.0,0.0,0.0,0.0,0.0,0.0,0.0,0.1,0.1,0.0,0.0,0.0,False,50
KIAA1549,0.02,0,0,0,22.0,22.0,22.0,1.0,0.0,0.0,0.0,0.0,0.0,0.0,0.0,0.0,0.0,0.1,0.1,0.0,0.0,0.0,False,50
NECTIN4,0.02,0,0,0,22.0,22.0,22.0,1.0,0.9,0.0,0.0,0.0,0.0,0.0,0.0,0.0,0.0,0.1,0.1,0.0,0.0,0.9,False,50
ZNF587,0.02,0,0,0,22.0,22.0,22.0,1.0,0.0,0.0,0.0,0.0,0.0,0.0,0.0,0.0,0.0,0.1,0.1,0.0,0.0,0.0,False,50
SH3KBP1,0.02,0,0,0,22.5,18.0,22.5,0.3333333333333333,0.2,0.0,0.0,0.0,0.0,0.0,0.0,0.1,0.1,0.0,0.0,0.0,0.0,0.2,False,50
CRTC2,0.02,0,0,0,23.0,23.0,23.0,1.0,0.0,0.0,0.0,0.0,0.0,0.0,0.0,0.0,0.0,0.1,0.1,0.0,0.0,0.0,False,50
GABARAPL1,0.02,0,0,0,23.0,20.0,23.0,1.0,0.0,0.0,0.0,0.0,0.0,0.0,0.0,0.1,0.1,0.0,0.0,0.0,0.0,0.0,False,50
NCAPG,0.02,0,0,0,23.0,17.0,23.0,1.0,0.0,0.0,0.0,0.0,0.0,0.0,0.0,0.1,0.1,0.0,0.0,0.0,0.0,0.0,False,50
SH3GLB1,0.02,0,0,0,23.0,14.0,23.0,1.0,0.0,0.0,0.0,0.0,0.0,0.0,0.0,0.1,0.1,0.0,0.0,0.0,0.0,0.0,False,50
TMC4,0.02,0,0,0,23.0,20.0,23.0,1.0,0.0,0.0,0.0,0.0,0.0,0.0,0.0,0.1,0.1,0.0,0.0,0.0,0.0,0.0,False,50
TRPM8,0.02,0,0,0,23.0,7.0,23.0,1.0,0.0,0.0,0.0,0.1,0.1,0.0,0.0,0.0,0.0,0.0,0.0,0.0,0.1,0.0,False,50
GCAT,0.02,0,0,0,23.5,17.0,23.5,1.0,0.0,0.0,0.0,0.0,0.0,0.0,0.0,0.1,0.1,0.0,0.0,0.0,0.0,0.0,False,50
PGM2L1,0.02,0,0,0,23.5,9.0,23.5,1.0,0.0,0.1,0.1,0.0,0.0,0.0,0.0,0.0,0.0,0.0,0.0,0.0,0.0,0.0,False,50
PHEX-AS1,0.02,0,0,0,23.5,13.0,23.5,,0.0,0.0,0.0,0.2,0.0,0.0,0.0,0.0,0.0,0.0,0.0,0.0,0.0,0.0,False,50
TTC23,0.02,0,0,0,23.5,20.0,23.5,,0.0,0.0,0.0,0.2,0.0,0.0,0.0,0.0,0.0,0.0,0.0,0.0,0.0,0.0,False,50
ADHFE1,0.02,0,0,0,24.0,16.0,24.0,0.5,0.0,0.1,0.1,0.0,0.0,0.0,0.0,0.0,0.0,0.0,0.0,0.0,0.0,0.0,False,50
CD36,0.02,0,0,0,24.0,24.0,24.0,0.3333333333333333,0.2,0.0,0.0,0.0,0.0,0.0,0.0,0.0,0.0,0.1,0.1,0.0,0.0,0.2,False,50
MBOAT7,0.02,0,0,0,24.0,24.0,24.0,1.0,0.0,0.0,0.0,0.0,0.0,0.0,0.0,0.0,0.0,0.1,0.1,0.0,0.0,0.0,False,50
SOX5,0.02,0,0,0,24.0,11.0,24.0,0.5,0.0,0.0,0.1,0.0,0.0,0.1,0.0,0.0,0.0,0.0,0.0,0.0,0.0,0.0,False,50
MORC2,0.02,0,0,0,24.5,19.0,24.5,1.0,0.1,0.0,0.0,0.0,0.0,0.0,0.0,0.1,0.1,0.0,0.0,0.0,0.0,0.1,False,50
MSTN,0.02,0,0,0,24.5,16.0,24.5,,0.0,0.0,0.0,0.2,0.0,0.0,0.0,0.0,0.0,0.0,0.0,0.0,0.0,0.0,False,50
STXBP6,0.02,0,0,0,24.5,24.0,24.5,0.0,0.0,0.1,0.1,0.0,0.0,0.0,0.0,0.0,0.0,0.0,0.0,0.0,0.0,0.0,False,50
ACSM3,0.02,0,0,0,25.0,17.0,25.0,0.0,0.0,0.1,0.0,0.1,0.0,0.0,0.0,0.0,0.0,0.0,0.0,0.7,0.0,0.0,False,50
LINC01088,0.02,0,0,0,25.0,2.0,25.0,0.0,0.0,0.1,0.0,0.1,0.0,0.0,0.0,0.0,0.0,0.0,0.0,0.9,0.0,0.0,False,50
N4BP2L2,0.02,0,0,0,25.5,9.0,25.5,0.5,0.0,0.0,0.1,0.0,0.0,0.1,0.0,0.0,0.0,0.0,0.0,0.0,0.0,0.0,False,50
NRN1,0.02,0,0,0,25.5,22.0,25.5,1.0,0.0,0.0,0.0,0.0,0.0,0.0,0.0,0.1,0.1,0.0,0.0,0.0,0.0,0.0,False,50
SNX2,0.02,0,0,0,25.5,24.0,25.5,1.0,0.0,0.0,0.0,0.0,0.0,0.0,0.0,0.1,0.1,0.0,0.0,0.0,0.0,0.0,False,50
AOC4P,0.02,0,0,0,26.0,13.0,26.0,,0.0,0.0,0.0,0.2,0.0,0.0,0.0,0.0,0.0,0.0,0.0,0.0,0.0,0.0,False,50
C17orf77,0.02,0,0,0,26.0,4.0,26.0,,0.0,0.0,0.0,0.2,0.0,0.0,0.0,0.0,0.0,0.0,0.0,0.0,0.0,0.0,False,50
COBLL1,0.02,0,0,0,26.0,17.0,26.0,0.5,0.0,0.1,0.1,0.0,0.0,0.0,0.0,0.0,0.0,0.0,0.0,0.0,0.0,0.0,False,50
FAM69A,0.02,0,0,0,26.0,20.0,26.0,1.0,0.0,0.0,0.1,0.1,0.0,0.0,0.0,0.0,0.0,0.0,0.0,0.0,0.0,0.0,False,50
HPD,0.02,0,0,0,26.0,16.0,26.0,0.0,0.0,0.1,0.0,0.1,0.0,0.0,0.0,0.0,0.0,0.0,0.0,0.6,0.0,0.0,False,50
LOC100996404,0.02,0,0,0,26.0,5.0,26.0,0.0,0.0,0.1,0.0,0.1,0.0,0.0,0.0,0.0,0.0,0.0,0.0,0.1,0.0,0.0,False,50
PDE8B,0.02,0,0,0,26.0,15.0,26.0,0.0,0.0,0.0,0.0,0.0,0.0,0.2,0.0,0.0,0.0,0.0,0.0,0.0,0.0,0.0,False,50
CSMD3,0.02,0,0,0,26.5,17.0,26.5,0.0,0.0,0.1,0.0,0.1,0.0,0.0,0.0,0.0,0.0,0.0,0.0,0.2,0.0,0.0,False,50
LAMP5,0.02,0,0,0,26.5,16.0,26.5,0.0,0.0,0.0,0.2,0.0,0.0,0.0,0.0,0.0,0.0,0.0,0.0,0.0,0.0,0.0,False,50
F12,0.02,0,0,0,27.0,27.0,27.0,1.0,0.6,0.0,0.0,0.0,0.0,0.0,0.0,0.1,0.1,0.0,0.0,0.0,0.0,0.6,False,50
FABP5,0.02,0,0,0,27.0,20.0,27.0,0.3333333333333333,0.2,0.0,0.0,0.0,0.0,0.0,0.0,0.1,0.1,0.0,0.0,0.0,0.0,0.2,False,50
ITSN1,0.02,0,0,0,27.0,12.0,27.0,1.0,0.0,0.0,0.0,0.0,0.0,0.0,0.0,0.2,0.0,0.0,0.0,0.0,0.0,0.0,False,50
LOC400965,0.02,0,0,0,27.0,11.0,27.0,,0.0,0.0,0.0,0.2,0.0,0.0,0.0,0.0,0.0,0.0,0.0,0.0,0.0,0.0,False,50
SNRNP70,0.02,0,0,0,27.0,26.0,27.0,1.0,0.0,0.0,0.0,0.0,0.0,0.0,0.0,0.1,0.1,0.0,0.0,0.0,0.0,0.0,False,50
ARHGAP24,0.02,0,0,0,27.5,27.0,27.5,1.0,0.0,0.0,0.0,0.0,0.0,0.0,0.0,0.0,0.0,0.1,0.1,0.0,0.0,0.0,False,50
GINS2,0.02,0,0,0,27.5,24.0,27.5,1.0,0.0,0.0,0.0,0.0,0.0,0.0,0.0,0.1,0.1,0.0,0.0,0.0,0.0,0.0,False,50
SETD4,0.02,0,0,0,27.5,20.0,27.5,1.0,0.0,0.0,0.0,0.0,0.0,0.0,0.0,0.1,0.1,0.0,0.0,0.0,0.0,0.0,False,50
TMEM9,0.02,0,0,0,27.5,17.0,27.5,1.0,0.0,0.0,0.0,0.0,0.0,0.0,0.0,0.1,0.1,0.0,0.0,0.0,0.0,0.0,False,50
CKS2,0.02,0,0,0,28.0,16.0,28.0,1.0,0.0,0.0,0.0,0.0,0.0,0.0,0.0,0.1,0.1,0.0,0.0,0.0,0.0,0.0,False,50
KY,0.02,0,0,0,28.0,9.0,28.0,,0.0,0.0,0.0,0.2,0.0,0.0,0.0,0.0,0.0,0.0,0.0,0.0,0.0,0.0,False,50
ILF3,0.02,0,0,0,28.5,22.0,28.5,1.0,0.0,0.0,0.0,0.0,0.0,0.0,0.0,0.1,0.1,0.0,0.0,0.0,0.0,0.0,False,50
STX12,0.02,0,0,0,28.5,9.0,28.5,1.0,0.0,0.0,0.0,0.0,0.0,0.0,0.0,0.1,0.1,0.0,0.0,0.0,0.0,0.0,False,50
APOF,0.02,0,0,0,29.0,20.0,29.0,1.0,0.0,0.0,0.0,0.0,0.2,0.0,0.0,0.0,0.0,0.0,0.0,0.0,0.1,0.0,False,50
CDC20,0.02,0,0,0,29.0,27.0,29.0,1.0,0.3,0.0,0.0,0.0,0.0,0.0,0.0,0.1,0.1,0.0,0.0,0.0,0.0,0.3,False,50
CLDN7,0.02,0,0,0,29.0,27.0,29.0,1.0,0.1,0.0,0.0,0.0,0.0,0.0,0.0,0.1,0.1,0.0,0.0,0.0,0.0,0.1,False,50
LINC00667,0.02,0,0,0,29.0,21.0,29.0,0.0,0.0,0.0,0.0,0.0,0.0,0.2,0.0,0.0,0.0,0.0,0.0,0.0,0.0,0.0,False,50
RAPSN,0.02,0,0,0,29.0,22.0,29.0,,0.0,0.0,0.0,0.2,0.0,0.0,0.0,0.0,0.0,0.0,0.0,0.0,0.0,0.0,False,50
SMARCC1,0.02,0,0,0,29.0,27.0,29.0,1.0,0.3,0.0,0.0,0.0,0.0,0.0,0.0,0.1,0.1,0.0,0.0,0.0,0.0,0.3,False,50
TMEM132A,0.02,0,0,0,29.0,20.0,29.0,1.0,0.0,0.0,0.0,0.0,0.0,0.0,0.0,0.1,0.1,0.0,0.0,0.0,0.0,0.0,False,50
CCDC58,0.02,0,0,0,29.5,17.0,29.5,0.0,0.0,0.1,0.1,0.0,0.0,0.0,0.0,0.0,0.0,0.0,0.0,0.0,0.0,0.0,False,50
CCL23,0.02,0,0,0,29.5,16.0,29.5,0.0,0.0,0.0,0.0,0.2,0.0,0.0,0.0,0.0,0.0,0.0,0.0,0.1,0.0,0.0,False,50
CPT1C,0.02,0,0,0,29.5,12.0,29.5,0.5,0.0,0.1,0.1,0.0,0.0,0.0,0.0,0.0,0.0,0.0,0.0,0.0,0.0,0.0,False,50
ITIH5,0.02,0,0,0,29.5,27.0,29.5,1.0,0.0,0.0,0.0,0.0,0.0,0.0,0.0,0.1,0.1,0.0,0.0,0.0,0.0,0.0,False,50
SLC25A33,0.02,0,0,0,29.5,14.0,29.5,0.5,0.0,0.1,0.1,0.0,0.0,0.0,0.0,0.0,0.0,0.0,0.0,0.0,0.0,0.0,False,50
TMEM133,0.02,0,0,0,29.5,15.0,29.5,0.5,0.0,0.1,0.1,0.0,0.0,0.0,0.0,0.0,0.0,0.0,0.0,0.0,0.0,0.0,False,50
VGLL4,0.02,0,0,0,29.5,26.0,29.5,0.0,0.0,0.0,0.1,0.0,0.0,0.1,0.0,0.0,0.0,0.0,0.0,0.0,0.0,0.0,False,50
COX7A1,0.02,0,0,0,30.0,30.0,30.0,0.5,0.1,0.0,0.0,0.0,0.0,0.0,0.0,0.0,0.0,0.1,0.1,0.0,0.0,0.1,False,50
IQGAP3,0.02,0,0,0,30.0,12.0,30.0,1.0,0.2,0.1,0.1,0.0,0.0,0.0,0.0,0.0,0.0,0.0,0.0,0.0,0.0,0.2,False,50
PLPP7,0.02,0,0,0,30.0,26.0,30.0,0.0,0.0,0.0,0.0,0.0,0.1,0.0,0.1,0.0,0.0,0.0,0.0,0.0,0.1,0.0,False,50
SERINC2,0.02,0,0,0,30.0,23.0,30.0,1.0,0.3,0.0,0.0,0.0,0.0,0.0,0.0,0.1,0.1,0.0,0.0,0.0,0.0,0.3,False,50
TTK,0.02,0,0,0,30.0,25.0,30.0,1.0,0.0,0.0,0.0,0.0,0.0,0.0,0.0,0.1,0.1,0.0,0.0,0.0,0.0,0.0,False,50
UPK3B,0.02,0,0,0,30.0,26.0,30.0,,0.0,0.0,0.0,0.2,0.0,0.0,0.0,0.0,0.0,0.0,0.0,0.0,0.0,0.0,False,50
ZNF563,0.02,0,0,0,30.0,27.0,30.0,1.0,0.0,0.1,0.1,0.0,0.0,0.0,0.0,0.0,0.0,0.0,0.0,0.0,0.0,0.0,False,50
DPP3,0.02,0,0,0,30.5,28.0,30.5,1.0,0.2,0.0,0.0,0.0,0.0,0.0,0.0,0.1,0.1,0.0,0.0,0.0,0.0,0.2,False,50
LINC00636,0.02,0,0,0,30.5,15.0,30.5,,0.0,0.0,0.0,0.2,0.0,0.0,0.0,0.0,0.0,0.0,0.0,0.0,0.0,0.0,False,50
RFTN2,0.02,0,0,0,30.5,26.0,30.5,0.0,0.0,0.0,0.0,0.0,0.1,0.0,0.1,0.0,0.0,0.0,0.0,0.0,0.1,0.0,False,50
TMEM37,0.02,0,0,0,30.5,25.0,30.5,1.0,0.0,0.0,0.0,0.0,0.0,0.0,0.0,0.1,0.1,0.0,0.0,0.0,0.0,0.0,False,50
FBLN5,0.02,0,0,0,31.0,26.0,31.0,1.0,0.0,0.0,0.0,0.0,0.0,0.0,0.0,0.1,0.1,0.0,0.0,0.0,0.0,0.0,False,50
TSPAN13,0.02,0,0,0,31.0,15.0,31.0,1.0,0.0,0.1,0.1,0.0,0.0,0.0,0.0,0.0,0.0,0.0,0.0,0.0,0.0,0.0,False,50
ZNF670,0.02,0,0,0,31.0,28.0,31.0,,0.0,0.0,0.0,0.2,0.0,0.0,0.0,0.0,0.0,0.0,0.0,0.0,0.0,0.0,False,50
A2M-AS1,0.02,0,0,0,31.5,27.0,31.5,0.5,0.0,0.0,0.0,0.0,0.0,0.2,0.0,0.0,0.0,0.0,0.0,0.0,0.0,0.0,False,50
DLGAP4-AS1,0.02,0,0,0,31.5,14.0,31.5,0.0,0.0,0.2,0.0,0.0,0.0,0.0,0.0,0.0,0.0,0.0,0.0,0.0,0.0,0.0,False,50
MSI2,0.02,0,0,0,31.5,16.0,31.5,0.5,0.0,0.1,0.1,0.0,0.0,0.0,0.0,0.0,0.0,0.0,0.0,0.0,0.0,0.0,False,50
TSPAN5,0.02,0,0,0,31.5,31.0,31.5,0.5,0.0,0.0,0.2,0.0,0.0,0.0,0.0,0.0,0.0,0.0,0.0,0.0,0.0,0.0,False,50
AKR1C1,0.02,0,0,0,32.0,30.0,32.0,0.3333333333333333,0.2,0.0,0.0,0.0,0.0,0.0,0.0,0.1,0.1,0.0,0.0,0.0,0.0,0.2,False,50
PAICS,0.02,0,0,0,32.0,30.0,32.0,1.0,0.3,0.0,0.0,0.0,0.0,0.0,0.0,0.1,0.1,0.0,0.0,0.0,0.0,0.3,False,50
PEBP4,0.02,0,0,0,32.0,19.0,32.0,,0.0,0.0,0.0,0.2,0.0,0.0,0.0,0.0,0.0,0.0,0.0,0.0,0.0,0.0,False,50
RAB3D,0.02,0,0,0,32.0,19.0,32.0,1.0,0.0,0.0,0.0,0.0,0.0,0.0,0.0,0.1,0.1,0.0,0.0,0.0,0.0,0.0,False,50
SDC4,0.02,0,0,0,32.0,28.0,32.0,1.0,0.0,0.0,0.0,0.0,0.0,0.0,0.0,0.1,0.1,0.0,0.0,0.0,0.0,0.0,False,50
BAIAP2L1,0.02,0,0,0,32.5,32.0,32.5,1.0,0.1,0.0,0.0,0.0,0.0,0.0,0.0,0.1,0.1,0.0,0.0,0.0,0.0,0.1,False,50
CACNB3,0.02,0,0,0,32.5,16.0,32.5,1.0,0.8,0.0,0.0,0.0,0.0,0.0,0.0,0.1,0.1,0.0,0.0,0.0,0.0,0.8,False,50
COL4A5,0.02,0,0,0,32.5,25.0,32.5,0.6666666666666666,0.0,0.0,0.1,0.0,0.0,0.1,0.0,0.0,0.0,0.0,0.0,0.0,0.1,0.0,False,50
OPRPN,0.02,0,0,0,32.5,28.0,32.5,,0.0,0.0,0.0,0.2,0.0,0.0,0.0,0.0,0.0,0.0,0.0,0.0,0.0,0.0,False,50
TCEAL7,0.02,0,0,0,32.5,31.0,32.5,0.5,0.0,0.0,0.0,0.0,0.0,0.0,0.0,0.1,0.1,0.0,0.0,0.1,0.0,0.0,False,50
CSK,0.02,0,0,0,33.0,32.0,33.0,1.0,0.0,0.0,0.0,0.0,0.0,0.0,0.0,0.0,0.0,0.1,0.1,0.0,0.0,0.0,False,50
EHD2,0.02,0,0,0,33.0,19.0,33.0,1.0,0.0,0.0,0.0,0.0,0.0,0.0,0.0,0.1,0.1,0.0,0.0,0.0,0.0,0.0,False,50
EHHADH,0.02,0,0,0,33.0,25.0,33.0,0.5,0.0,0.1,0.1,0.0,0.0,0.0,0.0,0.0,0.0,0.0,0.0,0.0,0.0,0.0,False,50
GART,0.02,0,0,0,33.0,32.0,33.0,1.0,0.0,0.0,0.0,0.0,0.0,0.0,0.0,0.0,0.0,0.1,0.1,0.0,0.0,0.0,False,50
LOC101929398,0.02,0,0,0,33.0,31.0,33.0,0.0,0.0,0.0,0.0,0.0,0.1,0.0,0.1,0.0,0.0,0.0,0.0,0.0,0.1,0.0,False,50
PARD3B,0.02,0,0,0,33.0,23.0,33.0,0.0,0.0,0.1,0.1,0.0,0.0,0.0,0.0,0.0,0.0,0.0,0.0,0.0,0.0,0.0,False,50
PPP1R1A,0.02,0,0,0,33.0,20.0,33.0,1.0,0.0,0.0,0.0,0.0,0.0,0.0,0.0,0.2,0.0,0.0,0.0,0.0,0.0,0.0,False,50
SLC26A6,0.02,0,0,0,33.0,22.0,33.0,1.0,0.1,0.0,0.0,0.0,0.0,0.0,0.0,0.1,0.1,0.0,0.0,0.0,0.0,0.1,False,50
AURKA,0.02,0,0,0,33.5,30.0,33.5,1.0,0.1,0.0,0.0,0.0,0.0,0.0,0.0,0.1,0.1,0.0,0.0,0.0,0.0,0.1,False,50
GPATCH2L,0.02,0,0,0,33.5,25.0,33.5,0.5,0.0,0.1,0.1,0.0,0.0,0.0,0.0,0.0,0.0,0.0,0.0,0.0,0.0,0.0,False,50
SYCP3,0.02,0,0,0,33.5,25.0,33.5,,0.0,0.0,0.0,0.2,0.0,0.0,0.0,0.0,0.0,0.0,0.0,0.0,0.0,0.0,False,50
KRT8P12,0.02,0,0,0,34.0,29.0,34.0,0.5,0.0,0.1,0.1,0.0,0.0,0.0,0.0,0.0,0.0,0.0,0.0,0.0,0.0,0.0,False,50
LZTS1,0.02,0,0,0,34.0,18.0,34.0,0.5,0.0,0.1,0.1,0.0,0.0,0.0,0.0,0.0,0.0,0.0,0.0,0.0,0.0,0.0,False,50
PLXDC2,0.02,0,0,0,34.0,30.0,34.0,0.5,0.0,0.0,0.2,0.0,0.0,0.0,0.0,0.0,0.0,0.0,0.0,0.0,0.0,0.0,False,50
DACT3,0.02,0,0,0,34.5,26.0,34.5,0.5,0.0,0.1,0.1,0.0,0.0,0.0,0.0,0.0,0.0,0.0,0.0,0.0,0.0,0.0,False,50
MARK1,0.02,0,0,0,34.5,21.0,34.5,0.5,0.0,0.0,0.2,0.0,0.0,0.0,0.0,0.0,0.0,0.0,0.0,0.0,0.0,0.0,False,50
P2RY14,0.02,0,0,0,34.5,21.0,34.5,1.0,0.0,0.0,0.0,0.0,0.0,0.0,0.0,0.1,0.1,0.0,0.0,0.0,0.0,0.0,False,50
PDCD6,0.02,0,0,0,34.5,27.0,34.5,1.0,0.2,0.0,0.0,0.0,0.0,0.0,0.0,0.1,0.1,0.0,0.0,0.0,0.0,0.2,False,50
STARD6,0.02,0,0,0,34.5,30.0,34.5,0.0,0.0,0.1,0.0,0.1,0.0,0.0,0.0,0.0,0.0,0.0,0.0,0.1,0.0,0.0,False,50
ADAM12,0.02,0,0,0,35.0,32.0,35.0,1.0,0.0,0.0,0.1,0.1,0.0,0.0,0.0,0.0,0.0,0.0,0.0,0.0,0.0,0.0,False,50
DGCR2,0.02,0,0,0,35.0,30.0,35.0,1.0,0.0,0.0,0.0,0.0,0.0,0.0,0.0,0.1,0.1,0.0,0.0,0.0,0.0,0.0,False,50
DNAH17,0.02,0,0,0,35.0,25.0,35.0,0.0,0.0,0.2,0.0,0.0,0.0,0.0,0.0,0.0,0.0,0.0,0.0,0.3,0.0,0.0,False,50
LOC103344931,0.02,0,0,0,35.0,23.0,35.0,,0.0,0.0,0.0,0.2,0.0,0.0,0.0,0.0,0.0,0.0,0.0,0.0,0.0,0.0,False,50
MRPL1,0.02,0,0,0,35.5,22.0,35.5,1.0,0.0,0.0,0.1,0.1,0.0,0.0,0.0,0.0,0.0,0.0,0.0,0.0,0.0,0.0,False,50
NOVA1,0.02,0,0,0,35.5,33.0,35.5,1.0,0.0,0.0,0.1,0.1,0.0,0.0,0.0,0.0,0.0,0.0,0.0,0.0,0.0,0.0,False,50
SLC35D1,0.02,0,0,0,35.5,35.0,35.5,0.5,0.0,0.1,0.1,0.0,0.0,0.0,0.0,0.0,0.0,0.0,0.0,0.0,0.0,0.0,False,50
TMEM120B,0.02,0,0,0,35.5,31.0,35.5,1.0,0.0,0.0,0.0,0.0,0.0,0.2,0.0,0.0,0.0,0.0,0.0,0.0,0.0,0.0,False,50
ZWINT,0.02,0,0,0,35.5,23.0,35.5,1.0,0.0,0.0,0.0,0.0,0.0,0.0,0.0,0.1,0.1,0.0,0.0,0.0,0.0,0.0,False,50
CWC22,0.02,0,0,0,36.0,35.0,36.0,1.0,0.0,0.0,0.2,0.0,0.0,0.0,0.0,0.0,0.0,0.0,0.0,0.0,0.0,0.0,False,50
LOC202025,0.02,0,0,0,36.0,31.0,36.0,1.0,0.0,0.1,0.1,0.0,0.0,0.0,0.0,0.0,0.0,0.0,0.0,0.0,0.0,0.0,False,50
B3GNT2,0.02,0,0,0,36.5,32.0,36.5,0.5,0.0,0.1,0.1,0.0,0.0,0.0,0.0,0.0,0.0,0.0,0.0,0.0,0.0,0.0,False,50
KCNA2,0.02,0,0,0,36.5,35.0,36.5,0.0,0.0,0.0,0.0,0.0,0.1,0.0,0.1,0.0,0.0,0.0,0.0,0.1,0.1,0.0,False,50
KDF1,0.02,0,0,0,36.5,35.0,36.5,1.0,0.0,0.0,0.0,0.0,0.0,0.0,0.0,0.1,0.1,0.0,0.0,0.0,0.0,0.0,False,50
ZFP14,0.02,0,0,0,36.5,33.0,36.5,1.0,0.0,0.0,0.1,0.1,0.0,0.0,0.0,0.0,0.0,0.0,0.0,0.0,0.0,0.0,False,50
SMAD1,0.02,0,0,0,37.0,33.0,37.0,1.0,0.0,0.0,0.1,0.1,0.0,0.0,0.0,0.0,0.0,0.0,0.0,0.0,0.0,0.0,False,50
CSN1S1,0.02,0,0,0,37.5,31.0,37.5,1.0,0.0,0.0,0.0,0.0,0.0,0.0,0.0,0.1,0.1,0.0,0.0,0.0,0.0,0.0,False,50
MELK,0.02,0,0,0,37.5,30.0,37.5,1.0,0.0,0.0,0.0,0.0,0.0,0.0,0.0,0.1,0.1,0.0,0.0,0.0,0.0,0.0,False,50
NEFH,0.02,0,0,0,37.5,29.0,37.5,0.5,0.0,0.1,0.1,0.0,0.0,0.0,0.0,0.0,0.0,0.0,0.0,0.0,0.0,0.0,False,50
PDE3A,0.02,0,0,0,37.5,33.0,37.5,0.0,0.0,0.1,0.1,0.0,0.0,0.0,0.0,0.0,0.0,0.0,0.0,0.0,0.0,0.0,False,50
CCNF,0.02,0,0,0,38.0,34.0,38.0,1.0,0.0,0.0,0.0,0.0,0.0,0.0,0.0,0.1,0.1,0.0,0.0,0.0,0.0,0.0,False,50
ANGPTL8,0.02,0,0,0,38.5,37.0,38.5,0.0,0.0,0.0,0.0,0.0,0.1,0.0,0.1,0.0,0.0,0.0,0.0,0.0,0.1,0.0,False,50
TNK2-AS1,0.02,0,0,0,38.5,29.0,38.5,0.0,0.0,0.2,0.0,0.0,0.0,0.0,0.0,0.0,0.0,0.0,0.0,0.4,0.0,0.0,False,50
TNMD,0.02,0,0,0,38.5,31.0,38.5,0.0,0.0,0.0,0.0,0.0,0.0,0.0,0.2,0.0,0.0,0.0,0.0,0.1,0.0,0.0,False,50
LINC01104,0.02,0,0,0,39.0,30.0,39.0,,0.0,0.0,0.0,0.2,0.0,0.0,0.0,0.0,0.0,0.0,0.0,0.0,0.0,0.0,False,50
SMYD3,0.02,0,0,0,39.0,32.0,39.0,0.0,0.0,0.0,0.0,0.1,0.0,0.1,0.0,0.0,0.0,0.0,0.0,0.0,0.0,0.0,False,50
ELMO3,0.02,0,0,0,39.5,32.0,39.5,1.0,0.1,0.0,0.0,0.0,0.0,0.0,0.0,0.1,0.1,0.0,0.0,0.0,0.0,0.1,False,50
ZFHX4-AS1,0.02,0,0,0,39.5,30.0,39.5,0.0,0.0,0.1,0.1,0.0,0.0,0.0,0.0,0.0,0.0,0.0,0.0,0.0,0.0,0.0,False,50
ZNF436-AS1,0.02,0,0,0,39.5,33.0,39.5,0.3333333333333333,0.0,0.0,0.0,0.0,0.1,0.1,0.0,0.0,0.0,0.0,0.0,0.0,0.1,0.0,False,50
ADAMTSL3,0.02,0,0,0,40.0,31.0,40.0,0.0,0.0,0.0,0.0,0.0,0.2,0.0,0.0,0.0,0.0,0.0,0.0,0.0,0.0,0.0,False,50
APIP,0.02,0,0,0,40.0,38.0,40.0,0.0,0.0,0.1,0.1,0.0,0.0,0.0,0.0,0.0,0.0,0.0,0.0,0.0,0.0,0.0,False,50
SLC35C1,0.02,0,0,0,40.0,35.0,40.0,,0.0,0.0,0.0,0.2,0.0,0.0,0.0,0.0,0.0,0.0,0.0,0.0,0.0,0.0,False,50
APOBEC3B,0.02,0,0,0,40.5,34.0,40.5,0.0,0.0,0.0,0.2,0.0,0.0,0.0,0.0,0.0,0.0,0.0,0.0,0.0,0.0,0.0,False,50
CAMK1,0.02,0,0,0,40.5,33.0,40.5,0.5,0.0,0.0,0.0,0.0,0.1,0.1,0.0,0.0,0.0,0.0,0.0,0.0,0.0,0.0,False,50
LOC100134445,0.02,0,0,0,40.5,31.0,40.5,1.0,0.0,0.0,0.0,0.0,0.0,0.0,0.0,0.1,0.1,0.0,0.0,0.0,0.0,0.0,False,50
TNS1,0.02,0,0,0,41.0,39.0,41.0,1.0,0.0,0.0,0.0,0.0,0.0,0.0,0.0,0.2,0.0,0.0,0.0,0.0,0.0,0.0,False,50
DIRAS3,0.02,0,0,0,41.5,41.0,41.5,0.0,0.0,0.2,0.0,0.0,0.0,0.0,0.0,0.0,0.0,0.0,0.0,0.0,0.0,0.0,False,50
LURAP1,0.02,0,0,0,41.5,40.0,41.5,0.0,0.0,0.1,0.0,0.0,0.1,0.0,0.0,0.0,0.0,0.0,0.0,0.0,0.1,0.0,False,50
FANCF,0.02,0,0,0,42.0,35.0,42.0,1.0,0.0,0.0,0.0,0.0,0.0,0.0,0.0,0.1,0.1,0.0,0.0,0.0,0.0,0.0,False,50
MARC1,0.02,0,0,0,42.0,35.0,42.0,1.0,0.0,0.0,0.0,0.0,0.0,0.0,0.0,0.2,0.0,0.0,0.0,0.0,0.0,0.0,False,50
PHACTR4,0.02,0,0,0,42.0,39.0,42.0,0.0,0.0,0.0,0.0,0.1,0.0,0.1,0.0,0.0,0.0,0.0,0.0,0.0,0.0,0.0,False,50
LOC101928111,0.02,0,0,0,42.5,37.0,42.5,0.0,0.0,0.2,0.0,0.0,0.0,0.0,0.0,0.0,0.0,0.0,0.0,0.0,0.0,0.0,False,50
MGC16275,0.02,0,0,0,42.5,36.0,42.5,0.75,0.0,0.0,0.0,0.0,0.1,0.1,0.0,0.0,0.0,0.0,0.0,0.0,0.2,0.0,False,50
DEFB132,0.02,0,0,0,43.0,43.0,43.0,0.0,0.0,0.0,0.0,0.0,0.0,0.0,0.2,0.0,0.0,0.0,0.0,0.0,0.1,0.0,False,50
ISCU,0.02,0,0,0,43.0,42.0,43.0,1.0,0.0,0.0,0.0,0.0,0.0,0.0,0.0,0.2,0.0,0.0,0.0,0.0,0.0,0.0,False,50
NPY5R,0.02,0,0,0,43.0,40.0,43.0,0.0,0.0,0.0,0.0,0.0,0.1,0.1,0.0,0.0,0.0,0.0,0.0,0.0,0.0,0.0,False,50
PKM,0.02,0,0,0,43.0,41.0,43.0,1.0,0.0,0.0,0.0,0.0,0.0,0.0,0.0,0.1,0.1,0.0,0.0,0.0,0.0,0.0,False,50
POMP,0.02,0,0,0,43.0,38.0,43.0,0.0,0.1,0.0,0.0,0.1,0.0,0.0,0.0,0.0,0.1,0.0,0.0,0.0,0.0,0.1,False,50
NDNF,0.02,0,0,0,43.5,37.0,43.5,0.0,0.0,0.1,0.1,0.0,0.0,0.0,0.0,0.0,0.0,0.0,0.0,0.0,0.0,0.0,False,50
ABCB7,0.02,0,0,0,44.5,39.0,44.5,0.0,0.0,0.2,0.0,0.0,0.0,0.0,0.0,0.0,0.0,0.0,0.0,0.0,0.0,0.0,False,50
ATP8B5P,0.02,0,0,0,45.5,41.0,45.5,0.0,0.0,0.2,0.0,0.0,0.0,0.0,0.0,0.0,0.0,0.0,0.0,0.6,0.0,0.0,False,50
GPBAR1,0.02,0,0,0,45.5,45.0,45.5,0.0,0.0,0.0,0.0,0.0,0.1,0.0,0.1,0.0,0.0,0.0,0.0,0.0,0.1,0.0,False,50
KDELR1,0.02,0,0,0,45.5,44.0,45.5,0.5,0.0,0.1,0.1,0.0,0.0,0.0,0.0,0.0,0.0,0.0,0.0,0.0,0.0,0.0,False,50
NPR2,0.02,0,0,0,45.5,42.0,45.5,,0.0,0.0,0.0,0.0,0.0,0.0,0.2,0.0,0.0,0.0,0.0,0.0,0.0,0.0,False,50
CKMT2,0.02,0,0,0,47.0,45.0,47.0,,0.0,0.0,0.0,0.0,0.0,0.0,0.2,0.0,0.0,0.0,0.0,0.0,0.0,0.0,False,50
MARVELD2,0.02,0,0,0,48.0,46.0,48.0,0.0,0.0,0.0,0.0,0.0,0.0,0.1,0.1,0.0,0.0,0.0,0.0,0.0,0.0,0.0,False,50
SPATA22,0.02,0,0,0,48.5,48.0,48.5,0.0,0.0,0.0,0.0,0.0,0.1,0.0,0.1,0.0,0.0,0.0,0.0,0.0,0.1,0.0,False,50
MAP3K7CL,0.01,0,0,0,1.0,1.0,1.0,,0.0,0.0,0.0,0.1,0.0,0.0,0.0,0.0,0.0,0.0,0.0,0.0,0.0,0.0,False,50
C1orf234,0.01,0,0,0,2.0,2.0,2.0,0.0,0.0,0.1,0.0,0.0,0.0,0.0,0.0,0.0,0.0,0.0,0.0,0.0,0.0,0.0,False,50
LOC100506098,0.01,0,0,0,2.0,2.0,2.0,,0.0,0.0,0.0,0.1,0.0,0.0,0.0,0.0,0.0,0.0,0.0,0.0,0.0,0.0,False,50
MAGEC1,0.01,0,0,0,2.0,2.0,2.0,0.0,0.0,0.1,0.0,0.0,0.0,0.0,0.0,0.0,0.0,0.0,0.0,0.0,0.0,0.0,False,50
NCAM2,0.01,0,0,0,2.0,2.0,2.0,1.0,0.0,0.1,0.0,0.0,0.0,0.0,0.0,0.0,0.0,0.0,0.0,0.0,0.0,0.0,False,50
RNU6-501P,0.01,0,0,0,3.0,3.0,3.0,0.0,0.0,0.1,0.0,0.0,0.0,0.0,0.0,0.0,0.0,0.0,0.0,0.0,0.0,0.0,False,50
C15orf39,0.01,0,0,0,5.0,5.0,5.0,,0.0,0.0,0.0,0.1,0.0,0.0,0.0,0.0,0.0,0.0,0.0,0.0,0.0,0.0,False,50
FLJ27354,0.01,0,0,0,5.0,5.0,5.0,0.0,0.0,0.1,0.0,0.0,0.0,0.0,0.0,0.0,0.0,0.0,0.0,0.2,0.0,0.0,False,50
HS3ST3B1,0.01,0,0,0,5.0,5.0,5.0,,0.0,0.0,0.0,0.1,0.0,0.0,0.0,0.0,0.0,0.0,0.0,0.0,0.0,0.0,False,50
LOC100288721,0.01,0,0,0,5.0,5.0,5.0,,0.0,0.0,0.0,0.1,0.0,0.0,0.0,0.0,0.0,0.0,0.0,0.0,0.0,0.0,False,50
TULP2,0.01,0,0,0,5.0,5.0,5.0,,0.0,0.0,0.0,0.1,0.0,0.0,0.0,0.0,0.0,0.0,0.0,0.0,0.0,0.0,False,50
CA2,0.01,0,0,0,6.0,6.0,6.0,1.0,0.0,0.0,0.1,0.0,0.0,0.0,0.0,0.0,0.0,0.0,0.0,0.0,0.0,0.0,False,50
NPFFR2,0.01,0,0,0,7.0,7.0,7.0,1.0,0.0,0.1,0.0,0.0,0.0,0.0,0.0,0.0,0.0,0.0,0.0,0.0,0.0,0.0,False,50
TMEM143,0.01,0,0,0,7.0,7.0,7.0,,0.0,0.0,0.0,0.1,0.0,0.0,0.0,0.0,0.0,0.0,0.0,0.0,0.0,0.0,False,50
UCP1,0.01,0,0,0,7.0,7.0,7.0,,0.0,0.0,0.0,0.1,0.0,0.0,0.0,0.0,0.0,0.0,0.0,0.0,0.0,0.0,False,50
CRYBB1,0.01,0,0,0,8.0,8.0,8.0,1.0,0.0,0.0,0.0,0.1,0.0,0.0,0.0,0.0,0.0,0.0,0.0,0.0,0.1,0.0,False,50
TMEM190,0.01,0,0,0,8.0,8.0,8.0,,0.0,0.0,0.0,0.1,0.0,0.0,0.0,0.0,0.0,0.0,0.0,0.0,0.0,0.0,False,50
FOXA3,0.01,0,0,0,9.0,9.0,9.0,1.0,0.0,0.1,0.0,0.0,0.0,0.0,0.0,0.0,0.0,0.0,0.0,0.0,0.0,0.0,False,50
ITGA3,0.01,0,0,0,9.0,9.0,9.0,,0.0,0.0,0.0,0.1,0.0,0.0,0.0,0.0,0.0,0.0,0.0,0.0,0.0,0.0,False,50
LOC102725438,0.01,0,0,0,9.0,9.0,9.0,0.0,0.0,0.1,0.0,0.0,0.0,0.0,0.0,0.0,0.0,0.0,0.0,0.2,0.0,0.0,False,50
LOC105373876,0.01,0,0,0,9.0,9.0,9.0,0.0,0.0,0.1,0.0,0.0,0.0,0.0,0.0,0.0,0.0,0.0,0.0,0.1,0.0,0.0,False,50
NAE1,0.01,0,0,0,9.0,9.0,9.0,,0.0,0.0,0.0,0.1,0.0,0.0,0.0,0.0,0.0,0.0,0.0,0.0,0.0,0.0,False,50
PRG4,0.01,0,0,0,9.0,9.0,9.0,0.0,0.0,0.1,0.0,0.0,0.0,0.0,0.0,0.0,0.0,0.0,0.0,0.1,0.0,0.0,False,50
SOWAHA,0.01,0,0,0,9.0,9.0,9.0,,0.0,0.0,0.0,0.1,0.0,0.0,0.0,0.0,0.0,0.0,0.0,0.0,0.0,0.0,False,50
C1QTNF1,0.01,0,0,0,10.0,10.0,10.0,,0.0,0.0,0.0,0.1,0.0,0.0,0.0,0.0,0.0,0.0,0.0,0.0,0.0,0.0,False,50
LINC01029,0.01,0,0,0,10.0,10.0,10.0,0.0,0.0,0.1,0.0,0.0,0.0,0.0,0.0,0.0,0.0,0.0,0.0,0.1,0.0,0.0,False,50
RAB42,0.01,0,0,0,10.0,10.0,10.0,,0.0,0.0,0.0,0.1,0.0,0.0,0.0,0.0,0.0,0.0,0.0,0.0,0.0,0.0,False,50
RORB,0.01,0,0,0,10.0,10.0,10.0,0.0,0.0,0.1,0.0,0.0,0.0,0.0,0.0,0.0,0.0,0.0,0.0,0.1,0.0,0.0,False,50
UBE2L3,0.01,0,0,0,10.0,10.0,10.0,,0.0,0.0,0.0,0.1,0.0,0.0,0.0,0.0,0.0,0.0,0.0,0.0,0.0,0.0,False,50
ABCC8,0.01,0,0,0,11.0,11.0,11.0,,0.0,0.0,0.0,0.1,0.0,0.0,0.0,0.0,0.0,0.0,0.0,0.0,0.0,0.0,False,50
HS3ST2,0.01,0,0,0,11.0,11.0,11.0,,0.0,0.0,0.0,0.1,0.0,0.0,0.0,0.0,0.0,0.0,0.0,0.0,0.0,0.0,False,50
LOXL1-AS1,0.01,0,0,0,11.0,11.0,11.0,0.0,0.0,0.0,0.1,0.0,0.0,0.0,0.0,0.0,0.0,0.0,0.0,0.0,0.0,0.0,False,50
MEX3B,0.01,0,0,0,11.0,11.0,11.0,,0.0,0.0,0.0,0.1,0.0,0.0,0.0,0.0,0.0,0.0,0.0,0.0,0.0,0.0,False,50
SCT,0.01,0,0,0,11.0,11.0,11.0,,0.0,0.0,0.0,0.1,0.0,0.0,0.0,0.0,0.0,0.0,0.0,0.0,0.0,0.0,False,50
SEMA3E,0.01,0,0,0,11.0,11.0,11.0,1.0,0.0,0.1,0.0,0.0,0.0,0.0,0.0,0.0,0.0,0.0,0.0,0.0,0.0,0.0,False,50
TIMP4,0.01,0,0,0,11.0,11.0,11.0,1.0,0.0,0.0,0.0,0.0,0.0,0.0,0.0,0.1,0.0,0.0,0.0,0.0,0.0,0.0,False,50
GGN,0.01,0,0,0,12.0,12.0,12.0,,0.0,0.0,0.0,0.1,0.0,0.0,0.0,0.0,0.0,0.0,0.0,0.0,0.0,0.0,False,50
GRAMD1C,0.01,0,0,0,12.0,12.0,12.0,1.0,0.0,0.0,0.0,0.0,0.0,0.1,0.0,0.0,0.0,0.0,0.0,0.0,0.0,0.0,False,50
HIST3H2A,0.01,0,0,0,12.0,12.0,12.0,0.0,0.0,0.0,0.1,0.0,0.0,0.0,0.0,0.0,0.0,0.0,0.0,0.0,0.0,0.0,False,50
ZNF518A,0.01,0,0,0,12.0,12.0,12.0,,0.0,0.0,0.0,0.1,0.0,0.0,0.0,0.0,0.0,0.0,0.0,0.0,0.0,0.0,False,50
ZNF675,0.01,0,0,0,12.0,12.0,12.0,,0.0,0.0,0.0,0.1,0.0,0.0,0.0,0.0,0.0,0.0,0.0,0.0,0.0,0.0,False,50
LINC00280,0.01,0,0,0,13.0,13.0,13.0,,0.0,0.0,0.0,0.1,0.0,0.0,0.0,0.0,0.0,0.0,0.0,0.0,0.0,0.0,False,50
SIGLEC16,0.01,0,0,0,13.0,13.0,13.0,1.0,0.0,0.0,0.0,0.1,0.0,0.0,0.0,0.0,0.0,0.0,0.0,0.0,0.1,0.0,False,50
TWIST2,0.01,0,0,0,13.0,13.0,13.0,1.0,0.0,0.0,0.0,0.0,0.0,0.0,0.0,0.1,0.0,0.0,0.0,0.0,0.0,0.0,False,50
ALDH4A1,0.01,0,0,0,14.0,14.0,14.0,,0.0,0.0,0.0,0.1,0.0,0.0,0.0,0.0,0.0,0.0,0.0,0.0,0.0,0.0,False,50
KCTD15,0.01,0,0,0,14.0,14.0,14.0,0.6666666666666666,0.2,0.0,0.1,0.0,0.0,0.0,0.0,0.0,0.0,0.0,0.0,0.0,0.0,0.2,False,50
LOC101928461,0.01,0,0,0,14.0,14.0,14.0,0.0,0.0,0.1,0.0,0.0,0.0,0.0,0.0,0.0,0.0,0.0,0.0,0.1,0.0,0.0,False,50
MYO15A,0.01,0,0,0,14.0,14.0,14.0,1.0,0.0,0.1,0.0,0.0,0.0,0.0,0.0,0.0,0.0,0.0,0.0,0.0,0.0,0.0,False,50
SHISA6,0.01,0,0,0,14.0,14.0,14.0,,0.0,0.0,0.0,0.1,0.0,0.0,0.0,0.0,0.0,0.0,0.0,0.0,0.0,0.0,False,50
STAT5A,0.01,0,0,0,14.0,14.0,14.0,0.0,0.0,0.0,0.1,0.0,0.0,0.0,0.0,0.0,0.0,0.0,0.0,0.0,0.0,0.0,False,50
IL1RN,0.01,0,0,0,15.0,15.0,15.0,,0.0,0.0,0.0,0.1,0.0,0.0,0.0,0.0,0.0,0.0,0.0,0.0,0.0,0.0,False,50
LAMA5,0.01,0,0,0,15.0,15.0,15.0,1.0,0.3,0.0,0.0,0.0,0.0,0.0,0.0,0.0,0.1,0.0,0.0,0.0,0.0,0.3,False,50
PDE1C,0.01,0,0,0,15.0,15.0,15.0,,0.0,0.0,0.0,0.1,0.0,0.0,0.0,0.0,0.0,0.0,0.0,0.0,0.0,0.0,False,50
LINC00572,0.01,0,0,0,16.0,16.0,16.0,,0.0,0.0,0.0,0.1,0.0,0.0,0.0,0.0,0.0,0.0,0.0,0.0,0.0,0.0,False,50
PLA2G7,0.01,0,0,0,16.0,16.0,16.0,,0.0,0.0,0.0,0.1,0.0,0.0,0.0,0.0,0.0,0.0,0.0,0.0,0.0,0.0,False,50
SLC44A5,0.01,0,0,0,16.0,16.0,16.0,,0.0,0.0,0.0,0.1,0.0,0.0,0.0,0.0,0.0,0.0,0.0,0.0,0.0,0.0,False,50
C8G,0.01,0,0,0,17.0,17.0,17.0,1.0,0.0,0.1,0.0,0.0,0.0,0.0,0.0,0.0,0.0,0.0,0.0,0.0,0.0,0.0,False,50
DENND6B,0.01,0,0,0,17.0,17.0,17.0,,0.0,0.0,0.0,0.1,0.0,0.0,0.0,0.0,0.0,0.0,0.0,0.0,0.0,0.0,False,50
LOC100506258,0.01,0,0,0,17.0,17.0,17.0,,0.0,0.0,0.0,0.1,0.0,0.0,0.0,0.0,0.0,0.0,0.0,0.0,0.0,0.0,False,50
OR10C1,0.01,0,0,0,17.0,17.0,17.0,0.0,0.0,0.1,0.0,0.0,0.0,0.0,0.0,0.0,0.0,0.0,0.0,0.2,0.0,0.0,False,50
PI16,0.01,0,0,0,17.0,17.0,17.0,,0.0,0.0,0.0,0.1,0.0,0.0,0.0,0.0,0.0,0.0,0.0,0.0,0.0,0.0,False,50
RRN3P1,0.01,0,0,0,17.0,17.0,17.0,,0.0,0.0,0.0,0.1,0.0,0.0,0.0,0.0,0.0,0.0,0.0,0.0,0.0,0.0,False,50
ADAM5,0.01,0,0,0,18.0,18.0,18.0,,0.0,0.0,0.0,0.1,0.0,0.0,0.0,0.0,0.0,0.0,0.0,0.0,0.0,0.0,False,50
DDX1,0.01,0,0,0,18.0,18.0,18.0,,0.0,0.0,0.0,0.1,0.0,0.0,0.0,0.0,0.0,0.0,0.0,0.0,0.0,0.0,False,50
NKX6-1,0.01,0,0,0,18.0,18.0,18.0,,0.0,0.0,0.0,0.1,0.0,0.0,0.0,0.0,0.0,0.0,0.0,0.0,0.0,0.0,False,50
TMEM67,0.01,0,0,0,18.0,18.0,18.0,1.0,0.0,0.0,0.1,0.0,0.0,0.0,0.0,0.0,0.0,0.0,0.0,0.0,0.0,0.0,False,50
ERVFRD-1,0.01,0,0,0,19.0,19.0,19.0,,0.0,0.0,0.0,0.1,0.0,0.0,0.0,0.0,0.0,0.0,0.0,0.0,0.0,0.0,False,50
LINC00271,0.01,0,0,0,19.0,19.0,19.0,,0.0,0.0,0.0,0.1,0.0,0.0,0.0,0.0,0.0,0.0,0.0,0.0,0.0,0.0,False,50
LINC00301,0.01,0,0,0,19.0,19.0,19.0,,0.0,0.0,0.0,0.1,0.0,0.0,0.0,0.0,0.0,0.0,0.0,0.0,0.0,0.0,False,50
LOC101927089,0.01,0,0,0,19.0,19.0,19.0,1.0,0.0,0.1,0.0,0.0,0.0,0.0,0.0,0.0,0.0,0.0,0.0,0.0,0.0,0.0,False,50
PRSS16,0.01,0,0,0,19.0,19.0,19.0,0.0,0.0,0.0,0.1,0.0,0.0,0.0,0.0,0.0,0.0,0.0,0.0,0.0,0.0,0.0,False,50
FASN,0.01,0,0,0,20.0,20.0,20.0,1.0,0.0,0.0,0.1,0.0,0.0,0.0,0.0,0.0,0.0,0.0,0.0,0.0,0.0,0.0,False,50
IRS4,0.01,0,0,0,20.0,20.0,20.0,0.0,0.0,0.1,0.0,0.0,0.0,0.0,0.0,0.0,0.0,0.0,0.0,0.0,0.0,0.0,False,50
LOC101927650,0.01,0,0,0,20.0,20.0,20.0,,0.0,0.0,0.0,0.1,0.0,0.0,0.0,0.0,0.0,0.0,0.0,0.0,0.0,0.0,False,50
MUS81,0.01,0,0,0,20.0,20.0,20.0,1.0,0.0,0.0,0.1,0.0,0.0,0.0,0.0,0.0,0.0,0.0,0.0,0.0,0.0,0.0,False,50
NOXRED1,0.01,0,0,0,20.0,20.0,20.0,0.0,0.0,0.1,0.0,0.0,0.0,0.0,0.0,0.0,0.0,0.0,0.0,0.0,0.0,0.0,False,50
ADAMTS9-AS1,0.01,0,0,0,21.0,21.0,21.0,0.0,0.0,0.1,0.0,0.0,0.0,0.0,0.0,0.0,0.0,0.0,0.0,0.6,0.0,0.0,False,50
DTWD2,0.01,0,0,0,21.0,21.0,21.0,,0.0,0.0,0.0,0.1,0.0,0.0,0.0,0.0,0.0,0.0,0.0,0.0,0.0,0.0,False,50
LINC00545,0.01,0,0,0,21.0,21.0,21.0,,0.0,0.0,0.0,0.1,0.0,0.0,0.0,0.0,0.0,0.0,0.0,0.0,0.0,0.0,False,50
MIR17HG,0.01,0,0,0,21.0,21.0,21.0,0.0,0.0,0.1,0.0,0.0,0.0,0.0,0.0,0.0,0.0,0.0,0.0,0.1,0.0,0.0,False,50
PRPF40A,0.01,0,0,0,21.0,21.0,21.0,,0.0,0.0,0.0,0.1,0.0,0.0,0.0,0.0,0.0,0.0,0.0,0.0,0.0,0.0,False,50
TEF,0.01,0,0,0,21.0,21.0,21.0,,0.0,0.0,0.0,0.1,0.0,0.0,0.0,0.0,0.0,0.0,0.0,0.0,0.0,0.0,False,50
ADRA2B,0.01,0,0,0,22.0,22.0,22.0,1.0,0.0,0.1,0.0,0.0,0.0,0.0,0.0,0.0,0.0,0.0,0.0,0.0,0.0,0.0,False,50
APOC1,0.01,0,0,0,22.0,22.0,22.0,,0.0,0.0,0.0,0.1,0.0,0.0,0.0,0.0,0.0,0.0,0.0,0.0,0.0,0.0,False,50
DNAJA2,0.01,0,0,0,22.0,22.0,22.0,1.0,0.0,0.0,0.1,0.0,0.0,0.0,0.0,0.0,0.0,0.0,0.0,0.0,0.0,0.0,False,50
GALNT7,0.01,0,0,0,22.0,22.0,22.0,0.0,0.0,0.0,0.1,0.0,0.0,0.0,0.0,0.0,0.0,0.0,0.0,0.0,0.0,0.0,False,50
KLB,0.01,0,0,0,22.0,22.0,22.0,0.0,0.0,0.0,0.0,0.0,0.0,0.0,0.1,0.0,0.0,0.0,0.0,0.2,0.1,0.0,False,50
LOC389895,0.01,0,0,0,22.0,22.0,22.0,,0.0,0.0,0.0,0.1,0.0,0.0,0.0,0.0,0.0,0.0,0.0,0.0,0.0,0.0,False,50
MCCC1,0.01,0,0,0,22.0,22.0,22.0,0.0,0.0,0.0,0.1,0.0,0.0,0.0,0.0,0.0,0.0,0.0,0.0,0.0,0.0,0.0,False,50
PRKACA,0.01,0,0,0,22.0,22.0,22.0,,0.0,0.0,0.0,0.1,0.0,0.0,0.0,0.0,0.0,0.0,0.0,0.0,0.0,0.0,False,50
CASP5,0.01,0,0,0,23.0,23.0,23.0,,0.0,0.0,0.0,0.1,0.0,0.0,0.0,0.0,0.0,0.0,0.0,0.0,0.0,0.0,False,50
CATSPER1,0.01,0,0,0,23.0,23.0,23.0,,0.0,0.0,0.0,0.1,0.0,0.0,0.0,0.0,0.0,0.0,0.0,0.0,0.0,0.0,False,50
IRF2BP2,0.01,0,0,0,23.0,23.0,23.0,0.0,0.0,0.0,0.1,0.0,0.0,0.0,0.0,0.0,0.0,0.0,0.0,0.0,0.0,0.0,False,50
LOC254028,0.01,0,0,0,23.0,23.0,23.0,0.0,0.0,0.1,0.0,0.0,0.0,0.0,0.0,0.0,0.0,0.0,0.0,0.1,0.0,0.0,False,50
SPATA13,0.01,0,0,0,23.0,23.0,23.0,0.0,0.0,0.0,0.0,0.0,0.0,0.1,0.0,0.0,0.0,0.0,0.0,0.0,0.0,0.0,False,50
ZMYND15,0.01,0,0,0,23.0,23.0,23.0,,0.0,0.0,0.0,0.1,0.0,0.0,0.0,0.0,0.0,0.0,0.0,0.0,0.0,0.0,False,50
ALX4,0.01,0,0,0,24.0,24.0,24.0,,0.0,0.0,0.0,0.1,0.0,0.0,0.0,0.0,0.0,0.0,0.0,0.0,0.0,0.0,False,50
B3GALNT1,0.01,0,0,0,24.0,24.0,24.0,,0.0,0.0,0.0,0.1,0.0,0.0,0.0,0.0,0.0,0.0,0.0,0.0,0.0,0.0,False,50
HSPC324,0.01,0,0,0,24.0,24.0,24.0,1.0,0.0,0.1,0.0,0.0,0.0,0.0,0.0,0.0,0.0,0.0,0.0,0.0,0.0,0.0,False,50
MTUS2,0.01,0,0,0,24.0,24.0,24.0,1.0,0.0,0.1,0.0,0.0,0.0,0.0,0.0,0.0,0.0,0.0,0.0,0.0,0.0,0.0,False,50
OR4C1P,0.01,0,0,0,24.0,24.0,24.0,,0.0,0.0,0.0,0.1,0.0,0.0,0.0,0.0,0.0,0.0,0.0,0.0,0.0,0.0,False,50
P2RY12,0.01,0,0,0,24.0,24.0,24.0,1.0,0.0,0.0,0.0,0.0,0.0,0.0,0.0,0.1,0.0,0.0,0.0,0.0,0.0,0.0,False,50
CCDC110,0.01,0,0,0,25.0,25.0,25.0,,0.0,0.0,0.0,0.1,0.0,0.0,0.0,0.0,0.0,0.0,0.0,0.0,0.0,0.0,False,50
GGT5,0.01,0,0,0,25.0,25.0,25.0,1.0,0.0,0.0,0.1,0.0,0.0,0.0,0.0,0.0,0.0,0.0,0.0,0.0,0.0,0.0,False,50
LOC100507461,0.01,0,0,0,25.0,25.0,25.0,0.0,0.0,0.1,0.0,0.0,0.0,0.0,0.0,0.0,0.0,0.0,0.0,0.0,0.0,0.0,False,50
LOC101928333,0.01,0,0,0,25.0,25.0,25.0,,0.0,0.0,0.0,0.1,0.0,0.0,0.0,0.0,0.0,0.0,0.0,0.0,0.0,0.0,False,50
LOC105376292,0.01,0,0,0,25.0,25.0,25.0,0.0,0.0,0.0,0.0,0.1,0.0,0.0,0.0,0.0,0.0,0.0,0.0,0.1,0.0,0.0,False,50
NAIF1,0.01,0,0,0,25.0,25.0,25.0,1.0,0.0,0.1,0.0,0.0,0.0,0.0,0.0,0.0,0.0,0.0,0.0,0.0,0.0,0.0,False,50
NME7,0.01,0,0,0,25.0,25.0,25.0,1.0,0.0,0.0,0.1,0.0,0.0,0.0,0.0,0.0,0.0,0.0,0.0,0.0,0.0,0.0,False,50
SPG20-AS1,0.01,0,0,0,25.0,25.0,25.0,,0.0,0.0,0.0,0.1,0.0,0.0,0.0,0.0,0.0,0.0,0.0,0.0,0.0,0.0,False,50
TCEB3,0.01,0,0,0,25.0,25.0,25.0,,0.0,0.0,0.0,0.1,0.0,0.0,0.0,0.0,0.0,0.0,0.0,0.0,0.0,0.0,False,50
FLG,0.01,0,0,0,26.0,26.0,26.0,0.0,0.0,0.1,0.0,0.0,0.0,0.0,0.0,0.0,0.0,0.0,0.0,0.2,0.0,0.0,False,50
LOC102723845,0.01,0,0,0,26.0,26.0,26.0,0.0,0.0,0.1,0.0,0.0,0.0,0.0,0.0,0.0,0.0,0.0,0.0,0.1,0.0,0.0,False,50
LRP1B,0.01,0,0,0,26.0,26.0,26.0,0.0,0.0,0.0,0.0,0.0,0.0,0.1,0.0,0.0,0.0,0.0,0.0,0.0,0.0,0.0,False,50
METTL5,0.01,0,0,0,26.0,26.0,26.0,,0.0,0.0,0.0,0.1,0.0,0.0,0.0,0.0,0.0,0.0,0.0,0.0,0.0,0.0,False,50
MOP-1,0.01,0,0,0,26.0,26.0,26.0,,0.0,0.0,0.0,0.1,0.0,0.0,0.0,0.0,0.0,0.0,0.0,0.0,0.0,0.0,False,50
NSMCE2,0.01,0,0,0,26.0,26.0,26.0,0.0,0.0,0.0,0.1,0.0,0.0,0.0,0.0,0.0,0.0,0.0,0.0,0.0,0.0,0.0,False,50
WT1,0.01,0,0,0,26.0,26.0,26.0,,0.0,0.0,0.0,0.1,0.0,0.0,0.0,0.0,0.0,0.0,0.0,0.0,0.0,0.0,False,50
ZNF493,0.01,0,0,0,26.0,26.0,26.0,0.0,0.0,0.0,0.1,0.0,0.0,0.0,0.0,0.0,0.0,0.0,0.0,0.0,0.0,0.0,False,50
KLHL1,0.01,0,0,0,27.0,27.0,27.0,1.0,0.0,0.1,0.0,0.0,0.0,0.0,0.0,0.0,0.0,0.0,0.0,0.0,0.0,0.0,False,50
LINC00630,0.01,0,0,0,27.0,27.0,27.0,,0.0,0.0,0.0,0.1,0.0,0.0,0.0,0.0,0.0,0.0,0.0,0.0,0.0,0.0,False,50
PIR,0.01,0,0,0,27.0,27.0,27.0,1.0,0.0,0.0,0.1,0.0,0.0,0.0,0.0,0.0,0.0,0.0,0.0,0.0,0.0,0.0,False,50
RASSF6,0.01,0,0,0,27.0,27.0,27.0,1.0,0.0,0.0,0.0,0.1,0.0,0.0,0.0,0.0,0.0,0.0,0.0,0.0,0.1,0.0,False,50
SORD,0.01,0,0,0,27.0,27.0,27.0,0.0,0.0,0.0,0.0,0.0,0.0,0.1,0.0,0.0,0.0,0.0,0.0,0.0,0.0,0.0,False,50
USP27X-AS1,0.01,0,0,0,27.0,27.0,27.0,,0.0,0.0,0.0,0.1,0.0,0.0,0.0,0.0,0.0,0.0,0.0,0.0,0.0,0.0,False,50
EPHX1,0.01,0,0,0,28.0,28.0,28.0,1.0,0.0,0.0,0.1,0.0,0.0,0.0,0.0,0.0,0.0,0.0,0.0,0.0,0.0,0.0,False,50
ITGAX,0.01,0,0,0,28.0,28.0,28.0,,0.0,0.0,0.0,0.1,0.0,0.0,0.0,0.0,0.0,0.0,0.0,0.0,0.0,0.0,False,50
KCNT2,0.01,0,0,0,28.0,28.0,28.0,0.0,0.0,0.1,0.0,0.0,0.0,0.0,0.0,0.0,0.0,0.0,0.0,0.0,0.0,0.0,False,50
KRT76,0.01,0,0,0,28.0,28.0,28.0,0.0,0.0,0.1,0.0,0.0,0.0,0.0,0.0,0.0,0.0,0.0,0.0,0.0,0.0,0.0,False,50
LOC101928731,0.01,0,0,0,28.0,28.0,28.0,1.0,0.0,0.0,0.0,0.0,0.1,0.0,0.0,0.0,0.0,0.0,0.0,0.0,0.0,0.0,False,50
LOC283737,0.01,0,0,0,28.0,28.0,28.0,0.0,0.0,0.1,0.0,0.0,0.0,0.0,0.0,0.0,0.0,0.0,0.0,0.0,0.0,0.0,False,50
SEMA3B,0.01,0,0,0,28.0,28.0,28.0,,0.0,0.0,0.0,0.1,0.0,0.0,0.0,0.0,0.0,0.0,0.0,0.0,0.0,0.0,False,50
SUCLA2,0.01,0,0,0,28.0,28.0,28.0,1.0,0.0,0.0,0.0,0.0,0.0,0.0,0.0,0.1,0.0,0.0,0.0,0.0,0.0,0.0,False,50
TDRD5,0.01,0,0,0,28.0,28.0,28.0,,0.0,0.0,0.0,0.1,0.0,0.0,0.0,0.0,0.0,0.0,0.0,0.0,0.0,0.0,False,50
WDR74,0.01,0,0,0,28.0,28.0,28.0,,0.0,0.0,0.0,0.1,0.0,0.0,0.0,0.0,0.0,0.0,0.0,0.0,0.0,0.0,False,50
WNT10B,0.01,0,0,0,28.0,28.0,28.0,,0.0,0.0,0.0,0.1,0.0,0.0,0.0,0.0,0.0,0.0,0.0,0.0,0.0,0.0,False,50
C10orf71,0.01,0,0,0,29.0,29.0,29.0,,0.0,0.0,0.0,0.1,0.0,0.0,0.0,0.0,0.0,0.0,0.0,0.0,0.0,0.0,False,50
CXCL6,0.01,0,0,0,29.0,29.0,29.0,0.0,0.0,0.1,0.0,0.0,0.0,0.0,0.0,0.0,0.0,0.0,0.0,0.0,0.0,0.0,False,50
GYPC,0.01,0,0,0,29.0,29.0,29.0,1.0,0.0,0.0,0.0,0.0,0.0,0.0,0.0,0.1,0.0,0.0,0.0,0.0,0.0,0.0,False,50
HPS3,0.01,0,0,0,29.0,29.0,29.0,1.0,0.0,0.0,0.1,0.0,0.0,0.0,0.0,0.0,0.0,0.0,0.0,0.0,0.0,0.0,False,50
LINC00917,0.01,0,0,0,29.0,29.0,29.0,,0.0,0.0,0.0,0.1,0.0,0.0,0.0,0.0,0.0,0.0,0.0,0.0,0.0,0.0,False,50
MAGEA11,0.01,0,0,0,29.0,29.0,29.0,1.0,0.0,0.1,0.0,0.0,0.0,0.0,0.0,0.0,0.0,0.0,0.0,0.0,0.0,0.0,False,50
MPC1,0.01,0,0,0,29.0,29.0,29.0,,0.0,0.0,0.0,0.0,0.0,0.0,0.0,0.0,0.1,0.0,0.0,0.0,0.0,0.0,False,50
PRSS35,0.01,0,0,0,29.0,29.0,29.0,,0.0,0.0,0.0,0.1,0.0,0.0,0.0,0.0,0.0,0.0,0.0,0.0,0.0,0.0,False,50
RCC1L,0.01,0,0,0,29.0,29.0,29.0,,0.0,0.0,0.0,0.1,0.0,0.0,0.0,0.0,0.0,0.0,0.0,0.0,0.0,0.0,False,50
SGK223,0.01,0,0,0,29.0,29.0,29.0,0.0,0.0,0.0,0.0,0.0,0.0,0.1,0.0,0.0,0.0,0.0,0.0,0.0,0.0,0.0,False,50
SMCR8,0.01,0,0,0,29.0,29.0,29.0,0.0,0.0,0.0,0.1,0.0,0.0,0.0,0.0,0.0,0.0,0.0,0.0,0.0,0.0,0.0,False,50
TRIM11,0.01,0,0,0,29.0,29.0,29.0,1.0,0.8,0.0,0.0,0.0,0.0,0.0,0.0,0.0,0.1,0.0,0.0,0.0,0.0,0.8,False,50
ZMAT3,0.01,0,0,0,29.0,29.0,29.0,,0.0,0.0,0.0,0.1,0.0,0.0,0.0,0.0,0.0,0.0,0.0,0.0,0.0,0.0,False,50
ZNF528,0.01,0,0,0,29.0,29.0,29.0,,0.0,0.0,0.0,0.1,0.0,0.0,0.0,0.0,0.0,0.0,0.0,0.0,0.0,0.0,False,50
DNAH5,0.01,0,0,0,30.0,30.0,30.0,1.0,0.0,0.0,0.1,0.0,0.0,0.0,0.0,0.0,0.0,0.0,0.0,0.0,0.0,0.0,False,50
EZR,0.01,0,0,0,30.0,30.0,30.0,1.0,0.0,0.0,0.1,0.0,0.0,0.0,0.0,0.0,0.0,0.0,0.0,0.0,0.0,0.0,False,50
GPD1,0.01,0,0,0,30.0,30.0,30.0,1.0,0.0,0.0,0.0,0.0,0.0,0.0,0.0,0.1,0.0,0.0,0.0,0.0,0.0,0.0,False,50
GPR65,0.01,0,0,0,30.0,30.0,30.0,,0.0,0.0,0.0,0.1,0.0,0.0,0.0,0.0,0.0,0.0,0.0,0.0,0.0,0.0,False,50
LOC102724511,0.01,0,0,0,30.0,30.0,30.0,,0.0,0.0,0.0,0.1,0.0,0.0,0.0,0.0,0.0,0.0,0.0,0.0,0.0,0.0,False,50
SLC4A7,0.01,0,0,0,30.0,30.0,30.0,1.0,0.0,0.0,0.0,0.1,0.0,0.0,0.0,0.0,0.0,0.0,0.0,0.0,0.1,0.0,False,50
ZIC1,0.01,0,0,0,30.0,30.0,30.0,,0.0,0.0,0.0,0.1,0.0,0.0,0.0,0.0,0.0,0.0,0.0,0.0,0.0,0.0,False,50
CYS1,0.01,0,0,0,31.0,31.0,31.0,0.0,0.0,0.0,0.1,0.0,0.0,0.0,0.0,0.0,0.0,0.0,0.0,0.0,0.0,0.0,False,50
LOC158863,0.01,0,0,0,31.0,31.0,31.0,1.0,0.0,0.0,0.0,0.0,0.0,0.0,0.0,0.1,0.0,0.0,0.0,0.0,0.0,0.0,False,50
OPN5,0.01,0,0,0,31.0,31.0,31.0,0.0,0.0,0.0,0.0,0.1,0.0,0.0,0.0,0.0,0.0,0.0,0.0,0.1,0.0,0.0,False,50
OXCT1,0.01,0,0,0,31.0,31.0,31.0,,0.0,0.0,0.0,0.1,0.0,0.0,0.0,0.0,0.0,0.0,0.0,0.0,0.0,0.0,False,50
PENK,0.01,0,0,0,31.0,31.0,31.0,0.0,0.0,0.1,0.0,0.0,0.0,0.0,0.0,0.0,0.0,0.0,0.0,0.8,0.0,0.0,False,50
PILRA,0.01,0,0,0,31.0,31.0,31.0,,0.0,0.0,0.0,0.1,0.0,0.0,0.0,0.0,0.0,0.0,0.0,0.0,0.0,0.0,False,50
RNF183,0.01,0,0,0,31.0,31.0,31.0,,0.0,0.0,0.0,0.1,0.0,0.0,0.0,0.0,0.0,0.0,0.0,0.0,0.0,0.0,False,50
SLC30A7,0.01,0,0,0,31.0,31.0,31.0,,0.0,0.0,0.0,0.1,0.0,0.0,0.0,0.0,0.0,0.0,0.0,0.0,0.0,0.0,False,50
STK11IP,0.01,0,0,0,31.0,31.0,31.0,0.0,0.0,0.0,0.0,0.0,0.0,0.1,0.0,0.0,0.0,0.0,0.0,0.0,0.0,0.0,False,50
ANKRD35,0.01,0,0,0,32.0,32.0,32.0,0.0,0.0,0.0,0.1,0.0,0.0,0.0,0.0,0.0,0.0,0.0,0.0,0.0,0.0,0.0,False,50
BTD,0.01,0,0,0,32.0,32.0,32.0,0.0,0.0,0.0,0.1,0.0,0.0,0.0,0.0,0.0,0.0,0.0,0.0,0.0,0.0,0.0,False,50
CORIN,0.01,0,0,0,32.0,32.0,32.0,,0.0,0.0,0.0,0.1,0.0,0.0,0.0,0.0,0.0,0.0,0.0,0.0,0.0,0.0,False,50
IFI6,0.01,0,0,0,32.0,32.0,32.0,0.0,0.0,0.0,0.1,0.0,0.0,0.0,0.0,0.0,0.0,0.0,0.0,0.0,0.0,0.0,False,50
LIPJ,0.01,0,0,0,32.0,32.0,32.0,0.0,0.0,0.0,0.0,0.0,0.0,0.1,0.0,0.0,0.0,0.0,0.0,0.1,0.0,0.0,False,50
LRRN1,0.01,0,0,0,32.0,32.0,32.0,,0.0,0.0,0.0,0.1,0.0,0.0,0.0,0.0,0.0,0.0,0.0,0.0,0.0,0.0,False,50
PKIB,0.01,0,0,0,32.0,32.0,32.0,1.0,0.0,0.0,0.0,0.0,0.0,0.1,0.0,0.0,0.0,0.0,0.0,0.0,0.0,0.0,False,50
SLC16A2,0.01,0,0,0,32.0,32.0,32.0,1.0,0.0,0.0,0.0,0.0,0.0,0.1,0.0,0.0,0.0,0.0,0.0,0.0,0.0,0.0,False,50
AKAP12,0.01,0,0,0,33.0,33.0,33.0,1.0,0.0,0.0,0.0,0.0,0.0,0.0,0.0,0.1,0.0,0.0,0.0,0.0,0.0,0.0,False,50
C1QTNF6,0.01,0,0,0,33.0,33.0,33.0,,0.0,0.0,0.0,0.1,0.0,0.0,0.0,0.0,0.0,0.0,0.0,0.0,0.0,0.0,False,50
CHMP4C,0.01,0,0,0,33.0,33.0,33.0,0.0,0.0,0.0,0.0,0.0,0.0,0.1,0.0,0.0,0.0,0.0,0.0,0.0,0.0,0.0,False,50
GAL3ST4,0.01,0,0,0,33.0,33.0,33.0,1.0,0.0,0.1,0.0,0.0,0.0,0.0,0.0,0.0,0.0,0.0,0.0,0.0,0.0,0.0,False,50
GSTM5,0.01,0,0,0,33.0,33.0,33.0,0.0,0.0,0.1,0.0,0.0,0.0,0.0,0.0,0.0,0.0,0.0,0.0,0.2,0.0,0.0,False,50
KIF6,0.01,0,0,0,33.0,33.0,33.0,1.0,0.0,0.0,0.1,0.0,0.0,0.0,0.0,0.0,0.0,0.0,0.0,0.0,0.0,0.0,False,50
RACGAP1,0.01,0,0,0,33.0,33.0,33.0,0.5,0.1,0.0,0.1,0.0,0.0,0.0,0.0,0.0,0.0,0.0,0.0,0.0,0.0,0.1,False,50
TEX9,0.01,0,0,0,33.0,33.0,33.0,,0.0,0.0,0.0,0.1,0.0,0.0,0.0,0.0,0.0,0.0,0.0,0.0,0.0,0.0,False,50
AIFM2,0.01,0,0,0,34.0,34.0,34.0,1.0,0.0,0.0,0.0,0.0,0.0,0.1,0.0,0.0,0.0,0.0,0.0,0.0,0.0,0.0,False,50
GAL,0.01,0,0,0,34.0,34.0,34.0,,0.0,0.0,0.0,0.1,0.0,0.0,0.0,0.0,0.0,0.0,0.0,0.0,0.0,0.0,False,50
HEATR6,0.01,0,0,0,34.0,34.0,34.0,0.0,0.0,0.0,0.1,0.0,0.0,0.0,0.0,0.0,0.0,0.0,0.0,0.0,0.0,0.0,False,50
LOC100272217,0.01,0,0,0,34.0,34.0,34.0,,0.0,0.0,0.0,0.1,0.0,0.0,0.0,0.0,0.0,0.0,0.0,0.0,0.0,0.0,False,50
LOC100653086,0.01,0,0,0,34.0,34.0,34.0,0.0,0.0,0.0,0.0,0.0,0.1,0.0,0.0,0.0,0.0,0.0,0.0,0.1,0.1,0.0,False,50
OR7C1,0.01,0,0,0,34.0,34.0,34.0,,0.0,0.0,0.0,0.1,0.0,0.0,0.0,0.0,0.0,0.0,0.0,0.0,0.0,0.0,False,50
RAB15,0.01,0,0,0,34.0,34.0,34.0,1.0,0.0,0.0,0.0,0.0,0.0,0.0,0.0,0.1,0.0,0.0,0.0,0.0,0.0,0.0,False,50
SLC16A10,0.01,0,0,0,34.0,34.0,34.0,,0.0,0.0,0.0,0.1,0.0,0.0,0.0,0.0,0.0,0.0,0.0,0.0,0.0,0.0,False,50
SLC19A3,0.01,0,0,0,34.0,34.0,34.0,0.0,0.0,0.0,0.0,0.0,0.0,0.0,0.1,0.0,0.0,0.0,0.0,0.1,0.1,0.0,False,50
ARHGAP20,0.01,0,0,0,35.0,35.0,35.0,0.0,0.0,0.0,0.0,0.0,0.0,0.0,0.1,0.0,0.0,0.0,0.0,0.0,0.1,0.0,False,50
C1orf168,0.01,0,0,0,35.0,35.0,35.0,,0.0,0.0,0.0,0.1,0.0,0.0,0.0,0.0,0.0,0.0,0.0,0.0,0.0,0.0,False,50
CCDC187,0.01,0,0,0,35.0,35.0,35.0,,0.0,0.0,0.0,0.1,0.0,0.0,0.0,0.0,0.0,0.0,0.0,0.0,0.0,0.0,False,50
CD300A,0.01,0,0,0,35.0,35.0,35.0,,0.0,0.0,0.0,0.1,0.0,0.0,0.0,0.0,0.0,0.0,0.0,0.0,0.0,0.0,False,50
DIAPH3-AS1,0.01,0,0,0,35.0,35.0,35.0,,0.0,0.0,0.0,0.1,0.0,0.0,0.0,0.0,0.0,0.0,0.0,0.0,0.0,0.0,False,50
EPPK1,0.01,0,0,0,35.0,35.0,35.0,,0.0,0.0,0.0,0.0,0.0,0.0,0.0,0.0,0.1,0.0,0.0,0.0,0.0,0.0,False,50
GRIP1,0.01,0,0,0,35.0,35.0,35.0,0.0,0.0,0.0,0.1,0.0,0.0,0.0,0.0,0.0,0.0,0.0,0.0,0.0,0.0,0.0,False,50
HOOK2,0.01,0,0,0,35.0,35.0,35.0,1.0,0.0,0.0,0.1,0.0,0.0,0.0,0.0,0.0,0.0,0.0,0.0,0.0,0.0,0.0,False,50
LOC401052,0.01,0,0,0,35.0,35.0,35.0,0.0,0.0,0.0,0.1,0.0,0.0,0.0,0.0,0.0,0.0,0.0,0.0,0.0,0.0,0.0,False,50
PPP1R35,0.01,0,0,0,35.0,35.0,35.0,,0.0,0.0,0.0,0.0,0.0,0.0,0.0,0.0,0.1,0.0,0.0,0.0,0.0,0.0,False,50
PRRC2C,0.01,0,0,0,35.0,35.0,35.0,1.0,0.1,0.0,0.0,0.0,0.0,0.0,0.0,0.1,0.0,0.0,0.0,0.0,0.0,0.1,False,50
ZCCHC24,0.01,0,0,0,35.0,35.0,35.0,1.0,0.0,0.0,0.0,0.0,0.0,0.0,0.0,0.1,0.0,0.0,0.0,0.0,0.0,0.0,False,50
ACO1,0.01,0,0,0,36.0,36.0,36.0,1.0,0.0,0.0,0.0,0.0,0.0,0.0,0.0,0.1,0.0,0.0,0.0,0.0,0.0,0.0,False,50
ANGPTL2,0.01,0,0,0,36.0,36.0,36.0,1.0,0.0,0.0,0.0,0.0,0.0,0.0,0.0,0.1,0.0,0.0,0.0,0.0,0.0,0.0,False,50
CCDC137,0.01,0,0,0,36.0,36.0,36.0,,0.0,0.0,0.0,0.1,0.0,0.0,0.0,0.0,0.0,0.0,0.0,0.0,0.0,0.0,False,50
CRTAM,0.01,0,0,0,36.0,36.0,36.0,0.0,0.0,0.0,0.1,0.0,0.0,0.0,0.0,0.0,0.0,0.0,0.0,0.0,0.0,0.0,False,50
GATSL3,0.01,0,0,0,36.0,36.0,36.0,,0.0,0.0,0.0,0.1,0.0,0.0,0.0,0.0,0.0,0.0,0.0,0.0,0.0,0.0,False,50
OSBPL1A,0.01,0,0,0,36.0,36.0,36.0,1.0,0.0,0.0,0.0,0.0,0.0,0.0,0.0,0.1,0.0,0.0,0.0,0.0,0.0,0.0,False,50
POLR1C,0.01,0,0,0,36.0,36.0,36.0,,0.0,0.0,0.0,0.0,0.0,0.0,0.0,0.0,0.1,0.0,0.0,0.0,0.0,0.0,False,50
PRDX6,0.01,0,0,0,36.0,36.0,36.0,,0.0,0.0,0.0,0.1,0.0,0.0,0.0,0.0,0.0,0.0,0.0,0.0,0.0,0.0,False,50
SCRN2,0.01,0,0,0,36.0,36.0,36.0,1.0,0.0,0.0,0.0,0.0,0.0,0.0,0.0,0.1,0.0,0.0,0.0,0.0,0.0,0.0,False,50
SEMA4B,0.01,0,0,0,36.0,36.0,36.0,1.0,0.0,0.0,0.1,0.0,0.0,0.0,0.0,0.0,0.0,0.0,0.0,0.0,0.0,0.0,False,50
SETD1B,0.01,0,0,0,36.0,36.0,36.0,1.0,0.1,0.0,0.0,0.0,0.0,0.0,0.0,0.0,0.1,0.0,0.0,0.0,0.0,0.1,False,50
SHISA2,0.01,0,0,0,36.0,36.0,36.0,0.0,0.0,0.0,0.1,0.0,0.0,0.0,0.0,0.0,0.0,0.0,0.0,0.0,0.0,0.0,False,50
BMP2K,0.01,0,0,0,37.0,37.0,37.0,,0.0,0.0,0.0,0.1,0.0,0.0,0.0,0.0,0.0,0.0,0.0,0.0,0.0,0.0,False,50
CD300LG,0.01,0,0,0,37.0,37.0,37.0,1.0,0.0,0.0,0.0,0.0,0.0,0.0,0.0,0.1,0.0,0.0,0.0,0.0,0.0,0.0,False,50
CHCHD3,0.01,0,0,0,37.0,37.0,37.0,,0.0,0.0,0.0,0.1,0.0,0.0,0.0,0.0,0.0,0.0,0.0,0.0,0.0,0.0,False,50
CPM,0.01,0,0,0,37.0,37.0,37.0,1.0,0.0,0.0,0.1,0.0,0.0,0.0,0.0,0.0,0.0,0.0,0.0,0.0,0.0,0.0,False,50
LOC400692,0.01,0,0,0,37.0,37.0,37.0,,0.0,0.0,0.0,0.1,0.0,0.0,0.0,0.0,0.0,0.0,0.0,0.0,0.0,0.0,False,50
LPP-AS2,0.01,0,0,0,37.0,37.0,37.0,0.0,0.0,0.0,0.0,0.0,0.1,0.0,0.0,0.0,0.0,0.0,0.0,0.0,0.0,0.0,False,50
LRRK1,0.01,0,0,0,37.0,37.0,37.0,,0.0,0.0,0.0,0.1,0.0,0.0,0.0,0.0,0.0,0.0,0.0,0.0,0.0,0.0,False,50
PDPN,0.01,0,0,0,37.0,37.0,37.0,0.0,0.0,0.0,0.1,0.0,0.0,0.0,0.0,0.0,0.0,0.0,0.0,0.0,0.0,0.0,False,50
PKD1L2,0.01,0,0,0,37.0,37.0,37.0,1.0,0.0,0.0,0.0,0.0,0.0,0.0,0.0,0.1,0.0,0.0,0.0,0.0,0.0,0.0,False,50
SCARA5,0.01,0,0,0,37.0,37.0,37.0,1.0,0.0,0.0,0.0,0.0,0.0,0.0,0.0,0.1,0.0,0.0,0.0,0.0,0.0,0.0,False,50
ADAL,0.01,0,0,0,38.0,38.0,38.0,0.0,0.0,0.1,0.0,0.0,0.0,0.0,0.0,0.0,0.0,0.0,0.0,0.0,0.0,0.0,False,50
CLDN2,0.01,0,0,0,38.0,38.0,38.0,0.0,0.0,0.1,0.0,0.0,0.0,0.0,0.0,0.0,0.0,0.0,0.0,0.0,0.0,0.0,False,50
CPA2,0.01,0,0,0,38.0,38.0,38.0,0.0,0.0,0.0,0.0,0.0,0.1,0.0,0.0,0.0,0.0,0.0,0.0,0.0,0.1,0.0,False,50
CYP4F8,0.01,0,0,0,38.0,38.0,38.0,,0.0,0.0,0.0,0.1,0.0,0.0,0.0,0.0,0.0,0.0,0.0,0.0,0.0,0.0,False,50
KIR2DL1,0.01,0,0,0,38.0,38.0,38.0,0.0,0.0,0.1,0.0,0.0,0.0,0.0,0.0,0.0,0.0,0.0,0.0,0.0,0.0,0.0,False,50
LOC105371708,0.01,0,0,0,38.0,38.0,38.0,1.0,0.0,0.1,0.0,0.0,0.0,0.0,0.0,0.0,0.0,0.0,0.0,0.0,0.0,0.0,False,50
LOC653581,0.01,0,0,0,38.0,38.0,38.0,0.0,0.0,0.1,0.0,0.0,0.0,0.0,0.0,0.0,0.0,0.0,0.0,0.1,0.0,0.0,False,50
LPL,0.01,0,0,0,38.0,38.0,38.0,1.0,0.0,0.0,0.0,0.0,0.0,0.0,0.0,0.1,0.0,0.0,0.0,0.0,0.0,0.0,False,50
NBEAL2,0.01,0,0,0,38.0,38.0,38.0,,0.0,0.0,0.0,0.0,0.0,0.0,0.0,0.0,0.1,0.0,0.0,0.0,0.0,0.0,False,50
PCK1,0.01,0,0,0,38.0,38.0,38.0,0.0,0.0,0.0,0.0,0.1,0.0,0.0,0.0,0.0,0.0,0.0,0.0,0.0,0.1,0.0,False,50
PDCD4,0.01,0,0,0,38.0,38.0,38.0,,0.0,0.0,0.0,0.1,0.0,0.0,0.0,0.0,0.0,0.0,0.0,0.0,0.0,0.0,False,50
SCGB1A1,0.01,0,0,0,38.0,38.0,38.0,1.0,0.0,0.1,0.0,0.0,0.0,0.0,0.0,0.0,0.0,0.0,0.0,0.0,0.0,0.0,False,50
SLC12A2,0.01,0,0,0,38.0,38.0,38.0,0.0,0.0,0.0,0.1,0.0,0.0,0.0,0.0,0.0,0.0,0.0,0.0,0.0,0.0,0.0,False,50
VTI1B,0.01,0,0,0,38.0,38.0,38.0,1.0,0.0,0.0,0.0,0.0,0.0,0.0,0.0,0.1,0.0,0.0,0.0,0.0,0.0,0.0,False,50
AGPAT2,0.01,0,0,0,39.0,39.0,39.0,1.0,0.0,0.0,0.0,0.0,0.0,0.0,0.0,0.1,0.0,0.0,0.0,0.0,0.0,0.0,False,50
ALDH1A1,0.01,0,0,0,39.0,39.0,39.0,1.0,0.0,0.0,0.0,0.0,0.0,0.0,0.0,0.1,0.0,0.0,0.0,0.0,0.0,0.0,False,50
ARHGEF3,0.01,0,0,0,39.0,39.0,39.0,,0.0,0.0,0.0,0.1,0.0,0.0,0.0,0.0,0.0,0.0,0.0,0.0,0.0,0.0,False,50
CALM1,0.01,0,0,0,39.0,39.0,39.0,0.0,0.0,0.1,0.0,0.0,0.0,0.0,0.0,0.0,0.0,0.0,0.0,0.0,0.0,0.0,False,50
CD300LB,0.01,0,0,0,39.0,39.0,39.0,,0.0,0.0,0.0,0.1,0.0,0.0,0.0,0.0,0.0,0.0,0.0,0.0,0.0,0.0,False,50
CD34,0.01,0,0,0,39.0,39.0,39.0,,0.0,0.0,0.0,0.1,0.0,0.0,0.0,0.0,0.0,0.0,0.0,0.0,0.0,0.0,False,50
CLMP,0.01,0,0,0,39.0,39.0,39.0,1.0,0.0,0.0,0.0,0.0,0.0,0.0,0.0,0.1,0.0,0.0,0.0,0.0,0.0,0.0,False,50
EIF2B5,0.01,0,0,0,39.0,39.0,39.0,1.0,0.0,0.0,0.0,0.0,0.0,0.0,0.0,0.1,0.0,0.0,0.0,0.0,0.0,0.0,False,50
ERN1,0.01,0,0,0,39.0,39.0,39.0,1.0,0.0,0.0,0.0,0.0,0.0,0.0,0.0,0.1,0.0,0.0,0.0,0.0,0.0,0.0,False,50
ITGAE,0.01,0,0,0,39.0,39.0,39.0,,0.0,0.0,0.0,0.0,0.0,0.0,0.0,0.0,0.1,0.0,0.0,0.0,0.0,0.0,False,50
KIF18B,0.01,0,0,0,39.0,39.0,39.0,1.0,0.1,0.0,0.0,0.0,0.0,0.0,0.0,0.0,0.1,0.0,0.0,0.0,0.0,0.1,False,50
LINC01094,0.01,0,0,0,39.0,39.0,39.0,0.0,0.0,0.0,0.1,0.0,0.0,0.0,0.0,0.0,0.0,0.0,0.0,0.0,0.0,0.0,False,50
MEIS3,0.01,0,0,0,39.0,39.0,39.0,0.0,0.0,0.0,0.1,0.0,0.0,0.0,0.0,0.0,0.0,0.0,0.0,0.0,0.0,0.0,False,50
PRORY,0.01,0,0,0,39.0,39.0,39.0,,0.0,0.0,0.0,0.1,0.0,0.0,0.0,0.0,0.0,0.0,0.0,0.0,0.0,0.0,False,50
SLC1A5,0.01,0,0,0,39.0,39.0,39.0,,0.0,0.0,0.0,0.1,0.0,0.0,0.0,0.0,0.0,0.0,0.0,0.0,0.0,0.0,False,50
TNAP,0.01,0,0,0,39.0,39.0,39.0,,0.0,0.0,0.0,0.1,0.0,0.0,0.0,0.0,0.0,0.0,0.0,0.0,0.0,0.0,False,50
TSPAN11,0.01,0,0,0,39.0,39.0,39.0,1.0,0.0,0.1,0.0,0.0,0.0,0.0,0.0,0.0,0.0,0.0,0.0,0.0,0.0,0.0,False,50
USP46-AS1,0.01,0,0,0,39.0,39.0,39.0,0.0,0.0,0.0,0.0,0.0,0.1,0.0,0.0,0.0,0.0,0.0,0.0,0.0,0.0,0.0,False,50
APOL6,0.01,0,0,0,40.0,40.0,40.0,0.0,0.0,0.0,0.0,0.0,0.0,0.1,0.0,0.0,0.0,0.0,0.0,0.0,0.0,0.0,False,50
C19orf12,0.01,0,0,0,40.0,40.0,40.0,1.0,0.0,0.0,0.0,0.0,0.0,0.0,0.0,0.1,0.0,0.0,0.0,0.0,0.0,0.0,False,50
EEF1AKMT1,0.01,0,0,0,40.0,40.0,40.0,0.0,0.0,0.0,0.1,0.0,0.0,0.0,0.0,0.0,0.0,0.0,0.0,0.0,0.0,0.0,False,50
ENPP7,0.01,0,0,0,40.0,40.0,40.0,,0.0,0.0,0.0,0.1,0.0,0.0,0.0,0.0,0.0,0.0,0.0,0.0,0.0,0.0,False,50
HIBCH,0.01,0,0,0,40.0,40.0,40.0,,0.0,0.0,0.0,0.1,0.0,0.0,0.0,0.0,0.0,0.0,0.0,0.0,0.0,0.0,False,50
LCN6,0.01,0,0,0,40.0,40.0,40.0,0.0,0.0,0.1,0.0,0.0,0.0,0.0,0.0,0.0,0.0,0.0,0.0,0.0,0.0,0.0,False,50
LOC101930114,0.01,0,0,0,40.0,40.0,40.0,1.0,0.0,0.0,0.0,0.0,0.0,0.0,0.0,0.1,0.0,0.0,0.0,0.0,0.0,0.0,False,50
MSANTD3,0.01,0,0,0,40.0,40.0,40.0,,0.0,0.0,0.0,0.1,0.0,0.0,0.0,0.0,0.0,0.0,0.0,0.0,0.0,0.0,False,50
NFU1,0.01,0,0,0,40.0,40.0,40.0,,0.0,0.0,0.0,0.1,0.0,0.0,0.0,0.0,0.0,0.0,0.0,0.0,0.0,0.0,False,50
RAP1GAP,0.01,0,0,0,40.0,40.0,40.0,1.0,0.4,0.0,0.0,0.0,0.0,0.0,0.0,0.0,0.1,0.0,0.0,0.0,0.0,0.4,False,50
SP3P,0.01,0,0,0,40.0,40.0,40.0,0.0,0.0,0.1,0.0,0.0,0.0,0.0,0.0,0.0,0.0,0.0,0.0,0.0,0.0,0.0,False,50
AKR1C4,0.01,0,0,0,41.0,41.0,41.0,0.0,0.0,0.1,0.0,0.0,0.0,0.0,0.0,0.0,0.0,0.0,0.0,0.5,0.0,0.0,False,50
AOC3,0.01,0,0,0,41.0,41.0,41.0,1.0,0.0,0.0,0.0,0.0,0.0,0.0,0.0,0.1,0.0,0.0,0.0,0.0,0.0,0.0,False,50
CALCRL,0.01,0,0,0,41.0,41.0,41.0,1.0,0.0,0.0,0.0,0.0,0.0,0.0,0.0,0.1,0.0,0.0,0.0,0.0,0.0,0.0,False,50
CLEC4D,0.01,0,0,0,41.0,41.0,41.0,,0.0,0.0,0.0,0.1,0.0,0.0,0.0,0.0,0.0,0.0,0.0,0.0,0.0,0.0,False,50
FOXF1,0.01,0,0,0,41.0,41.0,41.0,,0.0,0.0,0.0,0.1,0.0,0.0,0.0,0.0,0.0,0.0,0.0,0.0,0.0,0.0,False,50
IAPP,0.01,0,0,0,41.0,41.0,41.0,1.0,0.0,0.1,0.0,0.0,0.0,0.0,0.0,0.0,0.0,0.0,0.0,0.0,0.0,0.0,False,50
KAT5,0.01,0,0,0,41.0,41.0,41.0,1.0,0.0,0.1,0.0,0.0,0.0,0.0,0.0,0.0,0.0,0.0,0.0,0.0,0.0,0.0,False,50
KDM4B,0.01,0,0,0,41.0,41.0,41.0,1.0,0.0,0.0,0.1,0.0,0.0,0.0,0.0,0.0,0.0,0.0,0.0,0.0,0.0,0.0,False,50
KIAA1217,0.01,0,0,0,41.0,41.0,41.0,,0.0,0.0,0.0,0.1,0.0,0.0,0.0,0.0,0.0,0.0,0.0,0.0,0.0,0.0,False,50
KIAA1755,0.01,0,0,0,41.0,41.0,41.0,0.0,0.0,0.0,0.1,0.0,0.0,0.0,0.0,0.0,0.0,0.0,0.0,0.0,0.0,0.0,False,50
LGALS12,0.01,0,0,0,41.0,41.0,41.0,0.0,0.0,0.0,0.1,0.0,0.0,0.0,0.0,0.0,0.0,0.0,0.0,0.0,0.0,0.0,False,50
MME,0.01,0,0,0,41.0,41.0,41.0,1.0,0.0,0.0,0.0,0.0,0.0,0.0,0.0,0.1,0.0,0.0,0.0,0.0,0.0,0.0,False,50
MMP12,0.01,0,0,0,41.0,41.0,41.0,,0.0,0.0,0.0,0.1,0.0,0.0,0.0,0.0,0.0,0.0,0.0,0.0,0.0,0.0,False,50
NNAT,0.01,0,0,0,41.0,41.0,41.0,,0.0,0.0,0.0,0.1,0.0,0.0,0.0,0.0,0.0,0.0,0.0,0.0,0.0,0.0,False,50
NUSAP1,0.01,0,0,0,41.0,41.0,41.0,1.0,0.2,0.0,0.0,0.0,0.0,0.0,0.0,0.0,0.1,0.0,0.0,0.0,0.0,0.2,False,50
RMI1,0.01,0,0,0,41.0,41.0,41.0,0.0,0.0,0.0,0.1,0.0,0.0,0.0,0.0,0.0,0.0,0.0,0.0,0.0,0.0,0.0,False,50
SOD3,0.01,0,0,0,41.0,41.0,41.0,,0.0,0.0,0.0,0.0,0.0,0.0,0.0,0.0,0.1,0.0,0.0,0.0,0.0,0.0,False,50
ZNF385B,0.01,0,0,0,41.0,41.0,41.0,,0.0,0.0,0.0,0.1,0.0,0.0,0.0,0.0,0.0,0.0,0.0,0.0,0.0,0.0,False,50
CEP63,0.01,0,0,0,42.0,42.0,42.0,,0.0,0.0,0.0,0.1,0.0,0.0,0.0,0.0,0.0,0.0,0.0,0.0,0.0,0.0,False,50
CNTFR-AS1,0.01,0,0,0,42.0,42.0,42.0,0.0,0.0,0.0,0.0,0.0,0.0,0.0,0.1,0.0,0.0,0.0,0.0,0.2,0.0,0.0,False,50
DCAF4L1,0.01,0,0,0,42.0,42.0,42.0,,0.0,0.0,0.0,0.1,0.0,0.0,0.0,0.0,0.0,0.0,0.0,0.0,0.0,0.0,False,50
DUSP19,0.01,0,0,0,42.0,42.0,42.0,,0.0,0.0,0.0,0.1,0.0,0.0,0.0,0.0,0.0,0.0,0.0,0.0,0.0,0.0,False,50
LOC283435,0.01,0,0,0,42.0,42.0,42.0,,0.0,0.0,0.0,0.1,0.0,0.0,0.0,0.0,0.0,0.0,0.0,0.0,0.0,0.0,False,50
MAPK13,0.01,0,0,0,42.0,42.0,42.0,0.0,0.0,0.0,0.1,0.0,0.0,0.0,0.0,0.0,0.0,0.0,0.0,0.0,0.0,0.0,False,50
MITF,0.01,0,0,0,42.0,42.0,42.0,1.0,0.0,0.0,0.0,0.0,0.0,0.0,0.0,0.1,0.0,0.0,0.0,0.0,0.0,0.0,False,50
OPRL1,0.01,0,0,0,42.0,42.0,42.0,0.0,0.0,0.1,0.0,0.0,0.0,0.0,0.0,0.0,0.0,0.0,0.0,0.0,0.0,0.0,False,50
PRSS23,0.01,0,0,0,42.0,42.0,42.0,,0.0,0.0,0.0,0.1,0.0,0.0,0.0,0.0,0.0,0.0,0.0,0.0,0.0,0.0,False,50
RBM10,0.01,0,0,0,42.0,42.0,42.0,1.0,0.2,0.0,0.0,0.0,0.0,0.0,0.0,0.0,0.1,0.0,0.0,0.0,0.0,0.2,False,50
SH3D19,0.01,0,0,0,42.0,42.0,42.0,1.0,0.0,0.0,0.0,0.0,0.0,0.0,0.0,0.1,0.0,0.0,0.0,0.0,0.0,0.0,False,50
SLC29A3,0.01,0,0,0,42.0,42.0,42.0,,0.0,0.0,0.0,0.1,0.0,0.0,0.0,0.0,0.0,0.0,0.0,0.0,0.0,0.0,False,50
SPTBN1,0.01,0,0,0,42.0,42.0,42.0,1.0,0.0,0.0,0.0,0.0,0.0,0.0,0.0,0.1,0.0,0.0,0.0,0.0,0.0,0.0,False,50
STK35,0.01,0,0,0,42.0,42.0,42.0,,0.0,0.0,0.0,0.0,0.0,0.0,0.0,0.0,0.1,0.0,0.0,0.0,0.0,0.0,False,50
STPG3,0.01,0,0,0,42.0,42.0,42.0,0.0,0.0,0.1,0.0,0.0,0.0,0.0,0.0,0.0,0.0,0.0,0.0,0.0,0.0,0.0,False,50
VIT,0.01,0,0,0,42.0,42.0,42.0,0.0,0.0,0.0,0.0,0.0,0.0,0.1,0.0,0.0,0.0,0.0,0.0,0.0,0.0,0.0,False,50
ZNF2,0.01,0,0,0,42.0,42.0,42.0,,0.0,0.0,0.0,0.1,0.0,0.0,0.0,0.0,0.0,0.0,0.0,0.0,0.0,0.0,False,50
ASAH2B,0.01,0,0,0,43.0,43.0,43.0,,0.0,0.0,0.0,0.1,0.0,0.0,0.0,0.0,0.0,0.0,0.0,0.0,0.0,0.0,False,50
CAMKMT,0.01,0,0,0,43.0,43.0,43.0,0.0,0.0,0.0,0.1,0.0,0.0,0.0,0.0,0.0,0.0,0.0,0.0,0.0,0.0,0.0,False,50
CHST11,0.01,0,0,0,43.0,43.0,43.0,1.0,0.0,0.0,0.1,0.0,0.0,0.0,0.0,0.0,0.0,0.0,0.0,0.0,0.0,0.0,False,50
CHTOP,0.01,0,0,0,43.0,43.0,43.0,,0.0,0.0,0.0,0.0,0.0,0.0,0.0,0.0,0.1,0.0,0.0,0.0,0.0,0.0,False,50
COL13A1,0.01,0,0,0,43.0,43.0,43.0,,0.0,0.0,0.0,0.1,0.0,0.0,0.0,0.0,0.0,0.0,0.0,0.0,0.0,0.0,False,50
LINC01018,0.01,0,0,0,43.0,43.0,43.0,,0.0,0.0,0.0,0.1,0.0,0.0,0.0,0.0,0.0,0.0,0.0,0.0,0.0,0.0,False,50
PLCB2,0.01,0,0,0,43.0,43.0,43.0,,0.0,0.0,0.0,0.1,0.0,0.0,0.0,0.0,0.0,0.0,0.0,0.0,0.0,0.0,False,50
PRRT3-AS1,0.01,0,0,0,43.0,43.0,43.0,1.0,0.0,0.0,0.1,0.0,0.0,0.0,0.0,0.0,0.0,0.0,0.0,0.0,0.0,0.0,False,50
SERINC1,0.01,0,0,0,43.0,43.0,43.0,1.0,0.0,0.0,0.0,0.0,0.0,0.0,0.0,0.1,0.0,0.0,0.0,0.0,0.0,0.0,False,50
TLN2,0.01,0,0,0,43.0,43.0,43.0,1.0,0.0,0.0,0.0,0.0,0.0,0.1,0.0,0.0,0.0,0.0,0.0,0.0,0.0,0.0,False,50
TMF1,0.01,0,0,0,43.0,43.0,43.0,,0.0,0.0,0.0,0.0,0.0,0.0,0.0,0.0,0.1,0.0,0.0,0.0,0.0,0.0,False,50
TRH,0.01,0,0,0,43.0,43.0,43.0,0.0,0.0,0.1,0.0,0.0,0.0,0.0,0.0,0.0,0.0,0.0,0.0,0.0,0.0,0.0,False,50
ANAPC13,0.01,0,0,0,44.0,44.0,44.0,,0.0,0.0,0.0,0.1,0.0,0.0,0.0,0.0,0.0,0.0,0.0,0.0,0.0,0.0,False,50
ATG4B,0.01,0,0,0,44.0,44.0,44.0,,0.0,0.0,0.0,0.0,0.0,0.0,0.0,0.0,0.1,0.0,0.0,0.0,0.0,0.0,False,50
CDKN2C,0.01,0,0,0,44.0,44.0,44.0,1.0,0.0,0.0,0.0,0.0,0.0,0.0,0.0,0.1,0.0,0.0,0.0,0.0,0.0,0.0,False,50
CLK2,0.01,0,0,0,44.0,44.0,44.0,,0.0,0.0,0.0,0.0,0.0,0.0,0.0,0.0,0.1,0.0,0.0,0.0,0.0,0.0,False,50
DLEU2,0.01,0,0,0,44.0,44.0,44.0,0.0,0.0,0.0,0.1,0.0,0.0,0.0,0.0,0.0,0.0,0.0,0.0,0.0,0.0,0.0,False,50
EGR3,0.01,0,0,0,44.0,44.0,44.0,,0.0,0.0,0.0,0.1,0.0,0.0,0.0,0.0,0.0,0.0,0.0,0.0,0.0,0.0,False,50
ENAH,0.01,0,0,0,44.0,44.0,44.0,,0.0,0.0,0.0,0.0,0.0,0.0,0.0,0.0,0.1,0.0,0.0,0.0,0.0,0.0,False,50
GPHA2,0.01,0,0,0,44.0,44.0,44.0,,0.0,0.0,0.0,0.1,0.0,0.0,0.0,0.0,0.0,0.0,0.0,0.0,0.0,0.0,False,50
KRTCAP3,0.01,0,0,0,44.0,44.0,44.0,,0.0,0.0,0.0,0.0,0.0,0.0,0.0,0.0,0.1,0.0,0.0,0.0,0.0,0.0,False,50
MAMDC2,0.01,0,0,0,44.0,44.0,44.0,0.0,0.0,0.0,0.1,0.0,0.0,0.0,0.0,0.0,0.0,0.0,0.0,0.0,0.0,0.0,False,50
MATK,0.01,0,0,0,44.0,44.0,44.0,,0.0,0.0,0.0,0.1,0.0,0.0,0.0,0.0,0.0,0.0,0.0,0.0,0.0,0.0,False,50
MKRN7P,0.01,0,0,0,44.0,44.0,44.0,,0.0,0.0,0.0,0.1,0.0,0.0,0.0,0.0,0.0,0.0,0.0,0.0,0.0,0.0,False,50
OLFML1,0.01,0,0,0,44.0,44.0,44.0,1.0,0.0,0.0,0.0,0.0,0.0,0.0,0.0,0.1,0.0,0.0,0.0,0.0,0.0,0.0,False,50
PDE6B,0.01,0,0,0,44.0,44.0,44.0,,0.0,0.0,0.0,0.1,0.0,0.0,0.0,0.0,0.0,0.0,0.0,0.0,0.0,0.0,False,50
RALY,0.01,0,0,0,44.0,44.0,44.0,,0.0,0.0,0.0,0.0,0.0,0.0,0.0,0.0,0.1,0.0,0.0,0.0,0.0,0.0,False,50
RBM14,0.01,0,0,0,44.0,44.0,44.0,1.0,0.0,0.0,0.1,0.0,0.0,0.0,0.0,0.0,0.0,0.0,0.0,0.0,0.0,0.0,False,50
SLC25A29,0.01,0,0,0,44.0,44.0,44.0,1.0,0.0,0.0,0.0,0.0,0.0,0.0,0.0,0.1,0.0,0.0,0.0,0.0,0.0,0.0,False,50
SUCO,0.01,0,0,0,44.0,44.0,44.0,1.0,0.0,0.0,0.1,0.0,0.0,0.0,0.0,0.0,0.0,0.0,0.0,0.0,0.0,0.0,False,50
SUGP2,0.01,0,0,0,44.0,44.0,44.0,,0.0,0.0,0.0,0.0,0.0,0.0,0.0,0.0,0.1,0.0,0.0,0.0,0.0,0.0,False,50
THSD7B,0.01,0,0,0,44.0,44.0,44.0,0.0,0.0,0.1,0.0,0.0,0.0,0.0,0.0,0.0,0.0,0.0,0.0,0.0,0.0,0.0,False,50
TTC1,0.01,0,0,0,44.0,44.0,44.0,,0.0,0.0,0.0,0.1,0.0,0.0,0.0,0.0,0.0,0.0,0.0,0.0,0.0,0.0,False,50
ZNF629,0.01,0,0,0,44.0,44.0,44.0,,0.0,0.0,0.0,0.0,0.0,0.0,0.0,0.0,0.1,0.0,0.0,0.0,0.0,0.0,False,50
ZSCAN2,0.01,0,0,0,44.0,44.0,44.0,0.0,0.0,0.0,0.1,0.0,0.0,0.0,0.0,0.0,0.0,0.0,0.0,0.0,0.0,0.0,False,50
ACSS2,0.01,0,0,0,45.0,45.0,45.0,1.0,0.0,0.0,0.0,0.0,0.0,0.0,0.0,0.1,0.0,0.0,0.0,0.0,0.0,0.0,False,50
CASP10,0.01,0,0,0,45.0,45.0,45.0,0.0,0.0,0.1,0.0,0.0,0.0,0.0,0.0,0.0,0.0,0.0,0.0,0.0,0.0,0.0,False,50
CENPK,0.01,0,0,0,45.0,45.0,45.0,1.0,0.0,0.0,0.0,0.0,0.0,0.0,0.0,0.1,0.0,0.0,0.0,0.0,0.0,0.0,False,50
COPS2,0.01,0,0,0,45.0,45.0,45.0,,0.0,0.0,0.0,0.1,0.0,0.0,0.0,0.0,0.0,0.0,0.0,0.0,0.0,0.0,False,50
FERMT2,0.01,0,0,0,45.0,45.0,45.0,1.0,0.0,0.0,0.0,0.0,0.0,0.0,0.0,0.1,0.0,0.0,0.0,0.0,0.0,0.0,False,50
FRMD1,0.01,0,0,0,45.0,45.0,45.0,0.0,0.0,0.1,0.0,0.0,0.0,0.0,0.0,0.0,0.0,0.0,0.0,0.3,0.0,0.0,False,50
LOC158402,0.01,0,0,0,45.0,45.0,45.0,,0.0,0.0,0.0,0.1,0.0,0.0,0.0,0.0,0.0,0.0,0.0,0.0,0.0,0.0,False,50
LOC728061,0.01,0,0,0,45.0,45.0,45.0,1.0,0.0,0.0,0.1,0.0,0.0,0.0,0.0,0.0,0.0,0.0,0.0,0.0,0.0,0.0,False,50
LRRC34,0.01,0,0,0,45.0,45.0,45.0,0.0,0.0,0.0,0.0,0.0,0.0,0.1,0.0,0.0,0.0,0.0,0.0,0.0,0.0,0.0,False,50
LSM6,0.01,0,0,0,45.0,45.0,45.0,1.0,0.0,0.0,0.0,0.0,0.0,0.0,0.0,0.1,0.0,0.0,0.0,0.0,0.0,0.0,False,50
MAOA,0.01,0,0,0,45.0,45.0,45.0,0.5,0.1,0.0,0.1,0.0,0.0,0.0,0.0,0.0,0.0,0.0,0.0,0.0,0.0,0.1,False,50
MTIF3,0.01,0,0,0,45.0,45.0,45.0,1.0,0.0,0.0,0.1,0.0,0.0,0.0,0.0,0.0,0.0,0.0,0.0,0.0,0.0,0.0,False,50
PYGL,0.01,0,0,0,45.0,45.0,45.0,1.0,0.0,0.0,0.1,0.0,0.0,0.0,0.0,0.0,0.0,0.0,0.0,0.0,0.0,0.0,False,50
RAB30-AS1,0.01,0,0,0,45.0,45.0,45.0,0.0,0.0,0.0,0.1,0.0,0.0,0.0,0.0,0.0,0.0,0.0,0.0,0.0,0.0,0.0,False,50
RAB3IP,0.01,0,0,0,45.0,45.0,45.0,,0.0,0.0,0.0,0.1,0.0,0.0,0.0,0.0,0.0,0.0,0.0,0.0,0.0,0.0,False,50
SEMA3A,0.01,0,0,0,45.0,45.0,45.0,0.0,0.0,0.0,0.0,0.0,0.1,0.0,0.0,0.0,0.0,0.0,0.0,0.0,0.0,0.0,False,50
TRIM59,0.01,0,0,0,45.0,45.0,45.0,1.0,0.1,0.0,0.0,0.0,0.0,0.0,0.0,0.0,0.1,0.0,0.0,0.0,0.0,0.1,False,50
ZNF512B,0.01,0,0,0,45.0,45.0,45.0,,0.0,0.0,0.0,0.0,0.0,0.0,0.0,0.0,0.1,0.0,0.0,0.0,0.0,0.0,False,50
C1orf115,0.01,0,0,0,46.0,46.0,46.0,1.0,0.0,0.0,0.1,0.0,0.0,0.0,0.0,0.0,0.0,0.0,0.0,0.0,0.0,0.0,False,50
C2orf76,0.01,0,0,0,46.0,46.0,46.0,0.0,0.0,0.0,0.1,0.0,0.0,0.0,0.0,0.0,0.0,0.0,0.0,0.0,0.0,0.0,False,50
CASP2,0.01,0,0,0,46.0,46.0,46.0,,0.0,0.0,0.0,0.0,0.0,0.0,0.0,0.0,0.1,0.0,0.0,0.0,0.0,0.0,False,50
CHURC1,0.01,0,0,0,46.0,46.0,46.0,0.0,0.0,0.0,0.1,0.0,0.0,0.0,0.0,0.0,0.0,0.0,0.0,0.0,0.0,0.0,False,50
COL4A3,0.01,0,0,0,46.0,46.0,46.0,,0.0,0.0,0.0,0.1,0.0,0.0,0.0,0.0,0.0,0.0,0.0,0.0,0.0,0.0,False,50
FAM185A,0.01,0,0,0,46.0,46.0,46.0,0.0,0.0,0.0,0.1,0.0,0.0,0.0,0.0,0.0,0.0,0.0,0.0,0.0,0.0,0.0,False,50
MC1R,0.01,0,0,0,46.0,46.0,46.0,,0.0,0.0,0.0,0.1,0.0,0.0,0.0,0.0,0.0,0.0,0.0,0.0,0.0,0.0,False,50
MYOM2,0.01,0,0,0,46.0,46.0,46.0,0.0,0.0,0.1,0.0,0.0,0.0,0.0,0.0,0.0,0.0,0.0,0.0,0.0,0.0,0.0,False,50
PCOLCE2,0.01,0,0,0,46.0,46.0,46.0,1.0,0.0,0.0,0.0,0.0,0.0,0.0,0.0,0.1,0.0,0.0,0.0,0.0,0.0,0.0,False,50
PTHLH,0.01,0,0,0,46.0,46.0,46.0,0.0,0.0,0.1,0.0,0.0,0.0,0.0,0.0,0.0,0.0,0.0,0.0,0.0,0.0,0.0,False,50
RNPS1,0.01,0,0,0,46.0,46.0,46.0,,0.0,0.0,0.0,0.0,0.0,0.0,0.0,0.0,0.1,0.0,0.0,0.0,0.0,0.0,False,50
RPAP1,0.01,0,0,0,46.0,46.0,46.0,,0.0,0.0,0.0,0.1,0.0,0.0,0.0,0.0,0.0,0.0,0.0,0.0,0.0,0.0,False,50
SOX4,0.01,0,0,0,46.0,46.0,46.0,1.0,0.0,0.1,0.0,0.0,0.0,0.0,0.0,0.0,0.0,0.0,0.0,0.0,0.0,0.0,False,50
C1orf123,0.01,0,0,0,47.0,47.0,47.0,1.0,0.0,0.0,0.0,0.0,0.0,0.0,0.0,0.1,0.0,0.0,0.0,0.0,0.0,0.0,False,50
CALCR,0.01,0,0,0,47.0,47.0,47.0,0.0,0.0,0.1,0.0,0.0,0.0,0.0,0.0,0.0,0.0,0.0,0.0,0.0,0.0,0.0,False,50
CENPF,0.01,0,0,0,47.0,47.0,47.0,1.0,0.3,0.0,0.0,0.0,0.0,0.0,0.0,0.1,0.0,0.0,0.0,0.0,0.0,0.3,False,50
KIAA0930,0.01,0,0,0,47.0,47.0,47.0,1.0,0.0,0.0,0.1,0.0,0.0,0.0,0.0,0.0,0.0,0.0,0.0,0.0,0.0,0.0,False,50
KRTAP4-7,0.01,0,0,0,47.0,47.0,47.0,,0.0,0.0,0.0,0.1,0.0,0.0,0.0,0.0,0.0,0.0,0.0,0.0,0.0,0.0,False,50
NDUFB3,0.01,0,0,0,47.0,47.0,47.0,,0.0,0.0,0.0,0.1,0.0,0.0,0.0,0.0,0.0,0.0,0.0,0.0,0.0,0.0,False,50
PLEKHA4,0.01,0,0,0,47.0,47.0,47.0,,0.0,0.0,0.0,0.1,0.0,0.0,0.0,0.0,0.0,0.0,0.0,0.0,0.0,0.0,False,50
PRC1,0.01,0,0,0,47.0,47.0,47.0,1.0,0.7,0.0,0.0,0.0,0.0,0.0,0.0,0.0,0.1,0.0,0.0,0.0,0.0,0.7,False,50
TAF11,0.01,0,0,0,47.0,47.0,47.0,1.0,0.0,0.0,0.1,0.0,0.0,0.0,0.0,0.0,0.0,0.0,0.0,0.0,0.0,0.0,False,50
TMEM221,0.01,0,0,0,47.0,47.0,47.0,0.0,0.0,0.1,0.0,0.0,0.0,0.0,0.0,0.0,0.0,0.0,0.0,0.1,0.0,0.0,False,50
ANTXR2,0.01,0,0,0,48.0,48.0,48.0,1.0,0.0,0.0,0.0,0.0,0.0,0.0,0.0,0.1,0.0,0.0,0.0,0.0,0.0,0.0,False,50
AOX1,0.01,0,0,0,48.0,48.0,48.0,1.0,0.0,0.0,0.0,0.0,0.0,0.0,0.0,0.1,0.0,0.0,0.0,0.0,0.0,0.0,False,50
CDCA4,0.01,0,0,0,48.0,48.0,48.0,,0.0,0.0,0.0,0.0,0.0,0.0,0.0,0.0,0.1,0.0,0.0,0.0,0.0,0.0,False,50
CHAMP1,0.01,0,0,0,48.0,48.0,48.0,0.0,0.0,0.0,0.0,0.0,0.0,0.1,0.0,0.0,0.0,0.0,0.0,0.0,0.0,0.0,False,50
CLSTN1,0.01,0,0,0,48.0,48.0,48.0,,0.0,0.0,0.0,0.0,0.0,0.0,0.0,0.0,0.1,0.0,0.0,0.0,0.0,0.0,False,50
CORO2A,0.01,0,0,0,48.0,48.0,48.0,1.0,0.0,0.0,0.1,0.0,0.0,0.0,0.0,0.0,0.0,0.0,0.0,0.0,0.0,0.0,False,50
ETNK2,0.01,0,0,0,48.0,48.0,48.0,,0.0,0.0,0.0,0.1,0.0,0.0,0.0,0.0,0.0,0.0,0.0,0.0,0.0,0.0,False,50
HAAO,0.01,0,0,0,48.0,48.0,48.0,,0.0,0.0,0.0,0.1,0.0,0.0,0.0,0.0,0.0,0.0,0.0,0.0,0.0,0.0,False,50
LOC100507311,0.01,0,0,0,48.0,48.0,48.0,,0.0,0.0,0.0,0.1,0.0,0.0,0.0,0.0,0.0,0.0,0.0,0.0,0.0,0.0,False,50
LRRC8E,0.01,0,0,0,48.0,48.0,48.0,1.0,0.2,0.0,0.0,0.0,0.0,0.0,0.0,0.0,0.1,0.0,0.0,0.0,0.0,0.2,False,50
MREG,0.01,0,0,0,48.0,48.0,48.0,0.0,0.0,0.0,0.1,0.0,0.0,0.0,0.0,0.0,0.0,0.0,0.0,0.0,0.0,0.0,False,50
NKAPL,0.01,0,0,0,48.0,48.0,48.0,1.0,0.0,0.0,0.0,0.0,0.0,0.1,0.0,0.0,0.0,0.0,0.0,0.0,0.0,0.0,False,50
NPNT,0.01,0,0,0,48.0,48.0,48.0,,0.0,0.0,0.0,0.1,0.0,0.0,0.0,0.0,0.0,0.0,0.0,0.0,0.0,0.0,False,50
PPP1R14A,0.01,0,0,0,48.0,48.0,48.0,1.0,0.0,0.0,0.0,0.0,0.0,0.0,0.0,0.1,0.0,0.0,0.0,0.0,0.0,0.0,False,50
SDPR,0.01,0,0,0,48.0,48.0,48.0,0.0,0.1,0.0,0.0,0.0,0.0,0.0,0.0,0.0,0.1,0.0,0.0,0.0,0.0,0.1,False,50
STS,0.01,0,0,0,48.0,48.0,48.0,0.0,0.0,0.0,0.1,0.0,0.0,0.0,0.0,0.0,0.0,0.0,0.0,0.0,0.0,0.0,False,50
TFAP2A,0.01,0,0,0,48.0,48.0,48.0,,0.0,0.0,0.0,0.0,0.0,0.0,0.1,0.0,0.0,0.0,0.0,0.0,0.0,0.0,False,50
ZDHHC13,0.01,0,0,0,48.0,48.0,48.0,1.0,0.0,0.0,0.0,0.0,0.0,0.0,0.0,0.1,0.0,0.0,0.0,0.0,0.0,0.0,False,50
ATP1A1,0.01,0,0,0,49.0,49.0,49.0,0.0,0.0,0.0,0.1,0.0,0.0,0.0,0.0,0.0,0.0,0.0,0.0,0.0,0.0,0.0,False,50
BUB3,0.01,0,0,0,49.0,49.0,49.0,1.0,0.0,0.0,0.1,0.0,0.0,0.0,0.0,0.0,0.0,0.0,0.0,0.0,0.0,0.0,False,50
C5,0.01,0,0,0,49.0,49.0,49.0,,0.0,0.0,0.0,0.1,0.0,0.0,0.0,0.0,0.0,0.0,0.0,0.0,0.0,0.0,False,50
FST,0.01,0,0,0,49.0,49.0,49.0,1.0,0.0,0.0,0.1,0.0,0.0,0.0,0.0,0.0,0.0,0.0,0.0,0.0,0.0,0.0,False,50
HGFAC,0.01,0,0,0,49.0,49.0,49.0,,0.0,0.0,0.0,0.1,0.0,0.0,0.0,0.0,0.0,0.0,0.0,0.0,0.0,0.0,False,50
HTRA4,0.01,0,0,0,49.0,49.0,49.0,,0.0,0.0,0.0,0.1,0.0,0.0,0.0,0.0,0.0,0.0,0.0,0.0,0.0,0.0,False,50
KNL1,0.01,0,0,0,49.0,49.0,49.0,1.0,0.0,0.0,0.0,0.0,0.0,0.0,0.0,0.1,0.0,0.0,0.0,0.0,0.0,0.0,False,50
LOC100506016,0.01,0,0,0,49.0,49.0,49.0,,0.0,0.0,0.0,0.1,0.0,0.0,0.0,0.0,0.0,0.0,0.0,0.0,0.0,0.0,False,50
MTCL1,0.01,0,0,0,49.0,49.0,49.0,1.0,0.0,0.0,0.1,0.0,0.0,0.0,0.0,0.0,0.0,0.0,0.0,0.0,0.0,0.0,False,50
MXRA5,0.01,0,0,0,49.0,49.0,49.0,1.0,0.0,0.1,0.0,0.0,0.0,0.0,0.0,0.0,0.0,0.0,0.0,0.0,0.0,0.0,False,50
NUDT7,0.01,0,0,0,49.0,49.0,49.0,1.0,0.0,0.0,0.0,0.0,0.0,0.0,0.0,0.1,0.0,0.0,0.0,0.0,0.0,0.0,False,50
ODF3L1,0.01,0,0,0,49.0,49.0,49.0,0.0,0.0,0.1,0.0,0.0,0.0,0.0,0.0,0.0,0.0,0.0,0.0,0.1,0.0,0.0,False,50
PABPC1L,0.01,0,0,0,49.0,49.0,49.0,1.0,0.0,0.0,0.0,0.0,0.0,0.0,0.0,0.1,0.0,0.0,0.0,0.0,0.0,0.0,False,50
RFX7,0.01,0,0,0,49.0,49.0,49.0,,0.0,0.0,0.0,0.1,0.0,0.0,0.0,0.0,0.0,0.0,0.0,0.0,0.0,0.0,False,50
SLC25A13,0.01,0,0,0,49.0,49.0,49.0,,0.0,0.0,0.0,0.0,0.0,0.0,0.0,0.0,0.1,0.0,0.0,0.0,0.0,0.0,False,50
SMIM3,0.01,0,0,0,49.0,49.0,49.0,1.0,0.0,0.0,0.0,0.0,0.0,0.0,0.0,0.1,0.0,0.0,0.0,0.0,0.0,0.0,False,50
SOX12,0.01,0,0,0,49.0,49.0,49.0,,0.0,0.0,0.0,0.1,0.0,0.0,0.0,0.0,0.0,0.0,0.0,0.0,0.0,0.0,False,50
SULF1,0.01,0,0,0,49.0,49.0,49.0,0.0,0.0,0.0,0.1,0.0,0.0,0.0,0.0,0.0,0.0,0.0,0.0,0.0,0.0,0.0,False,50
TPSG1,0.01,0,0,0,49.0,49.0,49.0,1.0,0.0,0.1,0.0,0.0,0.0,0.0,0.0,0.0,0.0,0.0,0.0,0.0,0.0,0.0,False,50
ACACB,0.01,0,0,0,50.0,50.0,50.0,0.3333333333333333,0.2,0.0,0.0,0.0,0.0,0.0,0.0,0.1,0.0,0.0,0.0,0.0,0.0,0.2,False,50
CBLL1,0.01,0,0,0,50.0,50.0,50.0,,0.0,0.0,0.0,0.1,0.0,0.0,0.0,0.0,0.0,0.0,0.0,0.0,0.0,0.0,False,50
ITGB1BP1,0.01,0,0,0,50.0,50.0,50.0,1.0,0.0,0.0,0.0,0.0,0.0,0.0,0.0,0.1,0.0,0.0,0.0,0.0,0.0,0.0,False,50
LHCGR,0.01,0,0,0,50.0,50.0,50.0,0.0,0.0,0.1,0.0,0.0,0.0,0.0,0.0,0.0,0.0,0.0,0.0,0.0,0.0,0.0,False,50
LOC101928429,0.01,0,0,0,50.0,50.0,50.0,1.0,0.0,0.0,0.0,0.1,0.0,0.0,0.0,0.0,0.0,0.0,0.0,0.0,0.1,0.0,False,50
NHLRC2,0.01,0,0,0,50.0,50.0,50.0,,0.0,0.0,0.0,0.1,0.0,0.0,0.0,0.0,0.0,0.0,0.0,0.0,0.0,0.0,False,50
SEMA3F,0.01,0,0,0,50.0,50.0,50.0,1.0,0.2,0.0,0.1,0.0,0.0,0.0,0.0,0.0,0.0,0.0,0.0,0.0,0.0,0.2,False,50
SHTN1,0.01,0,0,0,50.0,50.0,50.0,1.0,0.0,0.0,0.1,0.0,0.0,0.0,0.0,0.0,0.0,0.0,0.0,0.0,0.0,0.0,False,50
SPATA9,0.01,0,0,0,50.0,50.0,50.0,0.0,0.0,0.0,0.0,0.0,0.1,0.0,0.0,0.0,0.0,0.0,0.0,0.0,0.0,0.0,False,50
SPRNP1,0.01,0,0,0,50.0,50.0,50.0,,0.0,0.0,0.0,0.1,0.0,0.0,0.0,0.0,0.0,0.0,0.0,0.0,0.0,0.0,False,50
STMN1,0.01,0,0,0,50.0,50.0,50.0,0.0,0.0,0.0,0.1,0.0,0.0,0.0,0.0,0.0,0.0,0.0,0.0,0.0,0.0,0.0,False,50
TRAK1,0.01,0,0,0,50.0,50.0,50.0,0.0,0.0,0.0,0.1,0.0,0.0,0.0,0.0,0.0,0.0,0.0,0.0,0.0,0.0,0.0,False,50
TXK,0.01,0,0,0,50.0,50.0,50.0,,0.0,0.0,0.0,0.1,0.0,0.0,0.0,0.0,0.0,0.0,0.0,0.0,0.0,0.0,False,50
WWC3,0.01,0,0,0,50.0,50.0,50.0,0.0,0.0,0.0,0.1,0.0,0.0,0.0,0.0,0.0,0.0,0.0,0.0,0.0,0.0,0.0,False,50
ADIRF,0.0,0,0,0,,,,0.0,0.1,0.0,0.0,0.0,0.0,0.0,0.0,0.0,0.0,0.0,0.0,0.0,0.0,0.1,False,50
AKR1C3,0.0,0,0,0,,,,0.0,0.1,0.0,0.0,0.0,0.0,0.0,0.0,0.0,0.0,0.0,0.0,0.0,0.0,0.1,False,50
AKR1D1,0.0,0,0,0,,,,0.0,0.0,0.0,0.0,0.0,0.0,0.0,0.0,0.0,0.0,0.0,0.0,0.1,0.0,0.0,False,50
ANGPTL4,0.0,0,0,0,,,,0.0,0.1,0.0,0.0,0.0,0.0,0.0,0.0,0.0,0.0,0.0,0.0,0.0,0.0,0.1,False,50
ARFGEF1,0.0,0,0,0,,,,1.0,0.2,0.0,0.0,0.0,0.0,0.0,0.0,0.0,0.0,0.0,0.0,0.0,0.0,0.2,False,50
ASGR1,0.0,0,0,0,,,,1.0,0.0,0.0,0.0,0.0,0.0,0.0,0.0,0.0,0.0,0.0,0.0,0.0,0.1,0.0,False,50
ATP13A4-AS1,0.0,0,0,0,,,,0.0,0.0,0.0,0.0,0.0,0.0,0.0,0.0,0.0,0.0,0.0,0.0,0.6,0.0,0.0,False,50
BICDL1,0.0,0,0,0,,,,1.0,0.1,0.0,0.0,0.0,0.0,0.0,0.0,0.0,0.0,0.0,0.0,0.0,0.0,0.1,False,50
BRMS1,0.0,0,0,0,,,,1.0,0.1,0.0,0.0,0.0,0.0,0.0,0.0,0.0,0.0,0.0,0.0,0.0,0.0,0.1,False,50
BTF3P12,0.0,0,0,0,,,,0.0,0.0,0.0,0.0,0.0,0.0,0.0,0.0,0.0,0.0,0.0,0.0,0.1,0.0,0.0,False,50
BTNL2,0.0,0,0,0,,,,0.0,0.0,0.0,0.0,0.0,0.0,0.0,0.0,0.0,0.0,0.0,0.0,0.1,0.0,0.0,False,50
BUB1B,0.0,0,0,0,,,,1.0,0.1,0.0,0.0,0.0,0.0,0.0,0.0,0.0,0.0,0.0,0.0,0.0,0.0,0.1,False,50
C14orf180,0.0,0,0,0,,,,0.0,0.0,0.0,0.0,0.0,0.0,0.0,0.0,0.0,0.0,0.0,0.0,0.1,0.0,0.0,False,50
C3orf52,0.0,0,0,0,,,,1.0,0.1,0.0,0.0,0.0,0.0,0.0,0.0,0.0,0.0,0.0,0.0,0.0,0.0,0.1,False,50
CA3,0.0,0,0,0,,,,0.0,0.0,0.0,0.0,0.0,0.0,0.0,0.0,0.0,0.0,0.0,0.0,0.1,0.0,0.0,False,50
CCDC18-AS1,0.0,0,0,0,,,,1.0,0.1,0.0,0.0,0.0,0.0,0.0,0.0,0.0,0.0,0.0,0.0,0.0,0.0,0.1,False,50
CDK1,0.0,0,0,0,,,,1.0,0.1,0.0,0.0,0.0,0.0,0.0,0.0,0.0,0.0,0.0,0.0,0.0,0.0,0.1,False,50
CEP55,0.0,0,0,0,,,,1.0,0.1,0.0,0.0,0.0,0.0,0.0,0.0,0.0,0.0,0.0,0.0,0.0,0.0,0.1,False,50
CFAP44,0.0,0,0,0,,,,1.0,0.3,0.0,0.0,0.0,0.0,0.0,0.0,0.0,0.0,0.0,0.0,0.0,0.0,0.3,False,50
CLC,0.0,0,0,0,,,,0.0,0.0,0.0,0.0,0.0,0.0,0.0,0.0,0.0,0.0,0.0,0.0,0.2,0.0,0.0,False,50
COL6A6,0.0,0,0,0,,,,0.0,0.0,0.0,0.0,0.0,0.0,0.0,0.0,0.0,0.0,0.0,0.0,0.2,0.0,0.0,False,50
CTB-113P19.1,0.0,0,0,0,,,,0.0,0.0,0.0,0.0,0.0,0.0,0.0,0.0,0.0,0.0,0.0,0.0,0.1,0.0,0.0,False,50
DLGAP5,0.0,0,0,0,,,,1.0,0.1,0.0,0.0,0.0,0.0,0.0,0.0,0.0,0.0,0.0,0.0,0.0,0.0,0.1,False,50
DMRT3,0.0,0,0,0,,,,0.0,0.0,0.0,0.0,0.0,0.0,0.0,0.0,0.0,0.0,0.0,0.0,0.1,0.0,0.0,False,50
EBF2,0.0,0,0,0,,,,0.0,0.0,0.0,0.0,0.0,0.0,0.0,0.0,0.0,0.0,0.0,0.0,0.1,0.1,0.0,False,50
EIF3C,0.0,0,0,0,,,,1.0,0.5,0.0,0.0,0.0,0.0,0.0,0.0,0.0,0.0,0.0,0.0,0.0,0.0,0.5,False,50
EXOC7,0.0,0,0,0,,,,1.0,0.2,0.0,0.0,0.0,0.0,0.0,0.0,0.0,0.0,0.0,0.0,0.0,0.0,0.2,False,50
F2,0.0,0,0,0,,,,0.0,0.0,0.0,0.0,0.0,0.0,0.0,0.0,0.0,0.0,0.0,0.0,0.1,0.0,0.0,False,50
FAM71D,0.0,0,0,0,,,,0.0,0.0,0.0,0.0,0.0,0.0,0.0,0.0,0.0,0.0,0.0,0.0,0.1,0.0,0.0,False,50
FAM83C-AS1,0.0,0,0,0,,,,0.0,0.0,0.0,0.0,0.0,0.0,0.0,0.0,0.0,0.0,0.0,0.0,0.1,0.0,0.0,False,50
FBXL16,0.0,0,0,0,,,,1.0,0.9,0.0,0.0,0.0,0.0,0.0,0.0,0.0,0.0,0.0,0.0,0.0,0.0,0.9,False,50
FBXL22,0.0,0,0,0,,,,0.0,0.0,0.0,0.0,0.0,0.0,0.0,0.0,0.0,0.0,0.0,0.0,0.1,0.0,0.0,False,50
FCN2,0.0,0,0,0,,,,0.0,0.0,0.0,0.0,0.0,0.0,0.0,0.0,0.0,0.0,0.0,0.0,0.2,0.0,0.0,False,50
FGFR3,0.0,0,0,0,,,,1.0,0.4,0.0,0.0,0.0,0.0,0.0,0.0,0.0,0.0,0.0,0.0,0.0,0.0,0.4,False,50
FKBP4,0.0,0,0,0,,,,1.0,0.1,0.0,0.0,0.0,0.0,0.0,0.0,0.0,0.0,0.0,0.0,0.0,0.0,0.1,False,50
FOXA1,0.0,0,0,0,,,,1.0,0.2,0.0,0.0,0.0,0.0,0.0,0.0,0.0,0.0,0.0,0.0,0.0,0.0,0.2,False,50
FOXO6,0.0,0,0,0,,,,1.0,0.1,0.0,0.0,0.0,0.0,0.0,0.0,0.0,0.0,0.0,0.0,0.0,0.0,0.1,False,50
GFRA2,0.0,0,0,0,,,,0.0,0.0,0.0,0.0,0.0,0.0,0.0,0.0,0.0,0.0,0.0,0.0,0.2,0.0,0.0,False,50
GJB2,0.0,0,0,0,,,,1.0,0.1,0.0,0.0,0.0,0.0,0.0,0.0,0.0,0.0,0.0,0.0,0.0,0.0,0.1,False,50
GNRH2,0.0,0,0,0,,,,0.0,0.0,0.0,0.0,0.0,0.0,0.0,0.0,0.0,0.0,0.0,0.0,0.1,0.0,0.0,False,50
GREM2,0.0,0,0,0,,,,0.0,0.0,0.0,0.0,0.0,0.0,0.0,0.0,0.0,0.0,0.0,0.0,0.1,0.0,0.0,False,50
HAPLN4,0.0,0,0,0,,,,1.0,0.0,0.0,0.0,0.0,0.0,0.0,0.0,0.0,0.0,0.0,0.0,0.0,0.1,0.0,False,50
HMGB3,0.0,0,0,0,,,,1.0,0.2,0.0,0.0,0.0,0.0,0.0,0.0,0.0,0.0,0.0,0.0,0.0,0.0,0.2,False,50
HPGD,0.0,0,0,0,,,,0.0,0.0,0.0,0.0,0.0,0.0,0.0,0.0,0.0,0.0,0.0,0.0,0.2,0.0,0.0,False,50
HS6ST1,0.0,0,0,0,,,,1.0,0.5,0.0,0.0,0.0,0.0,0.0,0.0,0.0,0.0,0.0,0.0,0.0,0.0,0.5,False,50
HSPB2,0.0,0,0,0,,,,0.0,0.1,0.0,0.0,0.0,0.0,0.0,0.0,0.0,0.0,0.0,0.0,0.0,0.0,0.1,False,50
IFNA10,0.0,0,0,0,,,,0.0,0.0,0.0,0.0,0.0,0.0,0.0,0.0,0.0,0.0,0.0,0.0,0.1,0.0,0.0,False,50
IGSF9,0.0,0,0,0,,,,1.0,0.5,0.0,0.0,0.0,0.0,0.0,0.0,0.0,0.0,0.0,0.0,0.0,0.0,0.5,False,50
ITLN1,0.0,0,0,0,,,,0.0,0.0,0.0,0.0,0.0,0.0,0.0,0.0,0.0,0.0,0.0,0.0,0.2,0.0,0.0,False,50
KIF11,0.0,0,0,0,,,,1.0,0.1,0.0,0.0,0.0,0.0,0.0,0.0,0.0,0.0,0.0,0.0,0.0,0.0,0.1,False,50
KIF20A,0.0,0,0,0,,,,1.0,0.1,0.0,0.0,0.0,0.0,0.0,0.0,0.0,0.0,0.0,0.0,0.0,0.0,0.1,False,50
KIF2C,0.0,0,0,0,,,,1.0,0.2,0.0,0.0,0.0,0.0,0.0,0.0,0.0,0.0,0.0,0.0,0.0,0.0,0.2,False,50
KRTAP4-8,0.0,0,0,0,,,,0.0,0.0,0.0,0.0,0.0,0.0,0.0,0.0,0.0,0.0,0.0,0.0,0.1,0.0,0.0,False,50
LDB2,0.0,0,0,0,,,,0.0,0.1,0.0,0.0,0.0,0.0,0.0,0.0,0.0,0.0,0.0,0.0,0.0,0.0,0.1,False,50
LINC00445,0.0,0,0,0,,,,0.0,0.0,0.0,0.0,0.0,0.0,0.0,0.0,0.0,0.0,0.0,0.0,0.3,0.0,0.0,False,50
LINC00616,0.0,0,0,0,,,,0.0,0.0,0.0,0.0,0.0,0.0,0.0,0.0,0.0,0.0,0.0,0.0,0.1,0.0,0.0,False,50
LOC100132735,0.0,0,0,0,,,,0.0,0.0,0.0,0.0,0.0,0.0,0.0,0.0,0.0,0.0,0.0,0.0,0.1,0.0,0.0,False,50
LOC100133461,0.0,0,0,0,,,,0.0,0.0,0.0,0.0,0.0,0.0,0.0,0.0,0.0,0.0,0.0,0.0,0.1,0.0,0.0,False,50
LOC101927204,0.0,0,0,0,,,,1.0,0.7,0.0,0.0,0.0,0.0,0.0,0.0,0.0,0.0,0.0,0.0,0.0,0.0,0.7,False,50
LOC102724938,0.0,0,0,0,,,,0.0,0.0,0.0,0.0,0.0,0.0,0.0,0.0,0.0,0.0,0.0,0.0,0.2,0.0,0.0,False,50
LOC105370424,0.0,0,0,0,,,,0.0,0.0,0.0,0.0,0.0,0.0,0.0,0.0,0.0,0.0,0.0,0.0,0.1,0.0,0.0,False,50
LOC105374690,0.0,0,0,0,,,,0.0,0.0,0.0,0.0,0.0,0.0,0.0,0.0,0.0,0.0,0.0,0.0,0.4,0.0,0.0,False,50
LOC647115,0.0,0,0,0,,,,0.0,0.0,0.0,0.0,0.0,0.0,0.0,0.0,0.0,0.0,0.0,0.0,0.1,0.1,0.0,False,50
LOC729173,0.0,0,0,0,,,,0.0,0.0,0.0,0.0,0.0,0.0,0.0,0.0,0.0,0.0,0.0,0.0,0.1,0.0,0.0,False,50
LRFN5,0.0,0,0,0,,,,0.0,0.0,0.0,0.0,0.0,0.0,0.0,0.0,0.0,0.0,0.0,0.0,0.5,0.0,0.0,False,50
MMD,0.0,0,0,0,,,,0.0,0.1,0.0,0.0,0.0,0.0,0.0,0.0,0.0,0.0,0.0,0.0,0.0,0.0,0.1,False,50
MRAP,0.0,0,0,0,,,,0.0,0.0,0.0,0.0,0.0,0.0,0.0,0.0,0.0,0.0,0.0,0.0,0.0,0.1,0.0,False,50
MYOM1,0.0,0,0,0,,,,0.0,0.0,0.0,0.0,0.0,0.0,0.0,0.0,0.0,0.0,0.0,0.0,0.1,0.1,0.0,False,50
NEUROG2,0.0,0,0,0,,,,0.0,0.0,0.0,0.0,0.0,0.0,0.0,0.0,0.0,0.0,0.0,0.0,0.1,0.0,0.0,False,50
NNMT,0.0,0,0,0,,,,0.0,0.0,0.0,0.0,0.0,0.0,0.0,0.0,0.0,0.0,0.0,0.0,0.1,0.0,0.0,False,50
NOL4L,0.0,0,0,0,,,,1.0,0.1,0.0,0.0,0.0,0.0,0.0,0.0,0.0,0.0,0.0,0.0,0.0,0.0,0.1,False,50
NTS,0.0,0,0,0,,,,0.0,0.0,0.0,0.0,0.0,0.0,0.0,0.0,0.0,0.0,0.0,0.0,0.1,0.0,0.0,False,50
NUF2,0.0,0,0,0,,,,1.0,0.1,0.0,0.0,0.0,0.0,0.0,0.0,0.0,0.0,0.0,0.0,0.0,0.0,0.1,False,50
NUP210,0.0,0,0,0,,,,1.0,0.2,0.0,0.0,0.0,0.0,0.0,0.0,0.0,0.0,0.0,0.0,0.0,0.0,0.2,False,50
NXF5,0.0,0,0,0,,,,0.0,0.0,0.0,0.0,0.0,0.0,0.0,0.0,0.0,0.0,0.0,0.0,0.1,0.0,0.0,False,50
ODF2,0.0,0,0,0,,,,1.0,0.1,0.0,0.0,0.0,0.0,0.0,0.0,0.0,0.0,0.0,0.0,0.0,0.0,0.1,False,50
PAGR1,0.0,0,0,0,,,,1.0,0.1,0.0,0.0,0.0,0.0,0.0,0.0,0.0,0.0,0.0,0.0,0.0,0.0,0.1,False,50
PBK,0.0,0,0,0,,,,1.0,0.1,0.0,0.0,0.0,0.0,0.0,0.0,0.0,0.0,0.0,0.0,0.0,0.0,0.1,False,50
PCDHGA9,0.0,0,0,0,,,,0.0,0.0,0.0,0.0,0.0,0.0,0.0,0.0,0.0,0.0,0.0,0.0,0.2,0.0,0.0,False,50
PFKFB4,0.0,0,0,0,,,,1.0,0.1,0.0,0.0,0.0,0.0,0.0,0.0,0.0,0.0,0.0,0.0,0.0,0.0,0.1,False,50
PLCH1-AS1,0.0,0,0,0,,,,0.0,0.0,0.0,0.0,0.0,0.0,0.0,0.0,0.0,0.0,0.0,0.0,0.1,0.0,0.0,False,50
PLCL2,0.0,0,0,0,,,,0.0,0.2,0.0,0.0,0.0,0.0,0.0,0.0,0.0,0.0,0.0,0.0,0.0,0.0,0.2,False,50
PLPP2,0.0,0,0,0,,,,1.0,0.2,0.0,0.0,0.0,0.0,0.0,0.0,0.0,0.0,0.0,0.0,0.0,0.0,0.2,False,50
PPP1R2P9,0.0,0,0,0,,,,0.0,0.0,0.0,0.0,0.0,0.0,0.0,0.0,0.0,0.0,0.0,0.0,0.1,0.0,0.0,False,50
PRKCA-AS1,0.0,0,0,0,,,,0.0,0.0,0.0,0.0,0.0,0.0,0.0,0.0,0.0,0.0,0.0,0.0,0.1,0.0,0.0,False,50
PRPS1L1,0.0,0,0,0,,,,0.0,0.0,0.0,0.0,0.0,0.0,0.0,0.0,0.0,0.0,0.0,0.0,0.3,0.0,0.0,False,50
PTBP1,0.0,0,0,0,,,,1.0,0.2,0.0,0.0,0.0,0.0,0.0,0.0,0.0,0.0,0.0,0.0,0.0,0.0,0.2,False,50
RAB26,0.0,0,0,0,,,,1.0,0.2,0.0,0.0,0.0,0.0,0.0,0.0,0.0,0.0,0.0,0.0,0.0,0.0,0.2,False,50
RAD9B,0.0,0,0,0,,,,0.0,0.0,0.0,0.0,0.0,0.0,0.0,0.0,0.0,0.0,0.0,0.0,0.1,0.0,0.0,False,50
RBM12B,0.0,0,0,0,,,,1.0,0.1,0.0,0.0,0.0,0.0,0.0,0.0,0.0,0.0,0.0,0.0,0.0,0.0,0.1,False,50
RGL2,0.0,0,0,0,,,,1.0,0.1,0.0,0.0,0.0,0.0,0.0,0.0,0.0,0.0,0.0,0.0,0.0,0.0,0.1,False,50
RPS8,0.0,0,0,0,,,,0.0,0.0,0.0,0.0,0.0,0.0,0.0,0.0,0.0,0.0,0.0,0.0,0.1,0.0,0.0,False,50
RSPH1,0.0,0,0,0,,,,1.0,0.3,0.0,0.0,0.0,0.0,0.0,0.0,0.0,0.0,0.0,0.0,0.0,0.0,0.3,False,50
S100A14,0.0,0,0,0,,,,1.0,0.4,0.0,0.0,0.0,0.0,0.0,0.0,0.0,0.0,0.0,0.0,0.0,0.0,0.4,False,50
S100P,0.0,0,0,0,,,,1.0,0.3,0.0,0.0,0.0,0.0,0.0,0.0,0.0,0.0,0.0,0.0,0.0,0.0,0.3,False,50
SAPCD2,0.0,0,0,0,,,,1.0,0.5,0.0,0.0,0.0,0.0,0.0,0.0,0.0,0.0,0.0,0.0,0.0,0.0,0.5,False,50
SCN4A,0.0,0,0,0,,,,0.0,0.0,0.0,0.0,0.0,0.0,0.0,0.0,0.0,0.0,0.0,0.0,0.3,0.0,0.0,False,50
SERPINB10,0.0,0,0,0,,,,0.0,0.0,0.0,0.0,0.0,0.0,0.0,0.0,0.0,0.0,0.0,0.0,0.1,0.0,0.0,False,50
SGCG,0.0,0,0,0,,,,0.0,0.0,0.0,0.0,0.0,0.0,0.0,0.0,0.0,0.0,0.0,0.0,0.0,0.1,0.0,False,50
SGCZ,0.0,0,0,0,,,,0.0,0.0,0.0,0.0,0.0,0.0,0.0,0.0,0.0,0.0,0.0,0.0,0.1,0.0,0.0,False,50
SLAMF9,0.0,0,0,0,,,,1.0,0.0,0.0,0.0,0.0,0.0,0.0,0.0,0.0,0.0,0.0,0.0,0.0,0.1,0.0,False,50
SNHG24,0.0,0,0,0,,,,0.0,0.0,0.0,0.0,0.0,0.0,0.0,0.0,0.0,0.0,0.0,0.0,0.2,0.0,0.0,False,50
SPTA1,0.0,0,0,0,,,,0.0,0.0,0.0,0.0,0.0,0.0,0.0,0.0,0.0,0.0,0.0,0.0,0.2,0.0,0.0,False,50
SPX,0.0,0,0,0,,,,0.0,0.0,0.0,0.0,0.0,0.0,0.0,0.0,0.0,0.0,0.0,0.0,0.0,0.1,0.0,False,50
STBD1,0.0,0,0,0,,,,0.0,0.0,0.0,0.0,0.0,0.0,0.0,0.0,0.0,0.0,0.0,0.0,0.1,0.0,0.0,False,50
STX1B,0.0,0,0,0,,,,0.0,0.0,0.0,0.0,0.0,0.0,0.0,0.0,0.0,0.0,0.0,0.0,0.2,0.0,0.0,False,50
SYCP2,0.0,0,0,0,,,,1.0,0.1,0.0,0.0,0.0,0.0,0.0,0.0,0.0,0.0,0.0,0.0,0.0,0.0,0.1,False,50
SYTL1,0.0,0,0,0,,,,1.0,0.1,0.0,0.0,0.0,0.0,0.0,0.0,0.0,0.0,0.0,0.0,0.0,0.0,0.1,False,50
TAPBP,0.0,0,0,0,,,,1.0,0.1,0.0,0.0,0.0,0.0,0.0,0.0,0.0,0.0,0.0,0.0,0.0,0.0,0.1,False,50
TRBV27,0.0,0,0,0,,,,0.0,0.0,0.0,0.0,0.0,0.0,0.0,0.0,0.0,0.0,0.0,0.0,0.1,0.0,0.0,False,50
TRPS1,0.0,0,0,0,,,,1.0,0.1,0.0,0.0,0.0,0.0,0.0,0.0,0.0,0.0,0.0,0.0,0.0,0.0,0.1,False,50
TYRO3,0.0,0,0,0,,,,0.0,0.0,0.0,0.0,0.0,0.0,0.0,0.0,0.0,0.0,0.0,0.0,0.0,0.1,0.0,False,50
UBE2T,0.0,0,0,0,,,,1.0,0.2,0.0,0.0,0.0,0.0,0.0,0.0,0.0,0.0,0.0,0.0,0.0,0.0,0.2,False,50
WDR34,0.0,0,0,0,,,,1.0,0.1,0.0,0.0,0.0,0.0,0.0,0.0,0.0,0.0,0.0,0.0,0.0,0.0,0.1,False,50
WNT9B,0.0,0,0,0,,,,0.0,0.0,0.0,0.0,0.0,0.0,0.0,0.0,0.0,0.0,0.0,0.0,0.1,0.0,0.0,False,50
ZBTB42,0.0,0,0,0,,,,1.0,0.5,0.0,0.0,0.0,0.0,0.0,0.0,0.0,0.0,0.0,0.0,0.0,0.0,0.5,False,50
