gene,mean_selection_frequency,n_pipelines_ge50,n_models_ge50,n_explainers_ge50,median_rank,best_rank,mean_rank,frac_signed_positive,ttest_frequency,freq:logreg|coef,freq:logreg|shap,freq:logreg|perm,freq:svm|coef,freq:svm|shap,freq:svm|perm,freq:rf|shap,freq:rf|perm,freq:xgb|shap,freq:xgb|perm,freq:logreg_C0.1|coef,freq:logreg_C100|coef,freq:ttest|ttest,consensus,k
DKFZp779M0652,0.54,5,2,3,4.0,1.0,7.981481481481482,0.15,0.0,1.0,1.0,0.4,1.0,1.0,1.0,0.0,0.0,0.0,0.0,1.0,1.0,0.0,True,50
ABHD1,0.5399999999999999,5,3,3,10.5,1.0,13.24074074074074,0.26,0.0,1.0,0.4,0.3,0.9,0.2,1.0,0.2,0.2,0.6,0.6,0.8,0.9,0.0,True,50
MMP28,0.51,5,3,3,11.0,1.0,16.392156862745097,0.41304347826086957,0.0,0.8,0.9,0.0,0.3,0.7,0.8,0.3,0.5,0.4,0.4,0.6,0.6,0.0,True,50
DMGDH,0.4800000000000001,5,3,3,15.0,3.0,18.0,0.2682926829268293,0.0,0.6,0.0,0.0,1.0,0.6,1.0,0.5,0.3,0.4,0.4,0.0,1.0,0.0,True,50
NIPSNAP3B,0.4699999999999999,4,2,3,14.0,1.0,18.595744680851062,0.11320754716981132,0.0,0.9,0.3,0.2,1.0,1.0,1.0,0.0,0.1,0.1,0.1,1.0,1.0,0.0,False,50
LYVE1,0.45999999999999996,4,2,3,9.0,1.0,12.478260869565217,0.07407407407407407,0.0,1.0,0.4,0.2,1.0,1.0,1.0,0.0,0.0,0.0,0.0,1.0,1.0,0.0,False,50
LOC284825,0.45,4,3,3,18.0,1.0,18.88888888888889,0.2631578947368421,0.1,0.8,0.4,0.0,0.2,0.2,1.0,0.3,0.4,0.6,0.6,0.8,0.4,0.1,False,50
LOC102723493,0.45,4,2,3,18.0,3.0,19.333333333333332,0.2,0.0,0.6,0.4,0.1,1.0,0.8,1.0,0.1,0.1,0.2,0.2,0.4,1.0,0.0,False,50
HSPB6,0.43999999999999995,5,2,3,13.0,1.0,16.227272727272727,0.1836734693877551,0.0,0.8,0.8,0.2,0.8,0.8,0.8,0.0,0.0,0.1,0.1,0.8,0.8,0.0,True,50
ABCD2,0.37,4,2,3,24.0,3.0,21.945945945945947,0.32142857142857145,0.0,0.0,0.0,0.0,1.0,0.0,0.9,0.2,0.2,0.7,0.7,0.0,0.9,0.0,False,50
RAE1,0.36,4,2,2,6.0,1.0,9.722222222222221,1.0,0.6,0.0,0.0,0.0,0.0,0.0,0.0,0.8,1.0,0.9,0.9,0.0,0.0,0.6,False,50
FLVCR1,0.35,4,2,2,5.0,1.0,7.685714285714286,1.0,0.5,0.0,0.2,0.0,0.0,0.0,0.0,0.6,0.7,1.0,1.0,0.0,0.0,0.5,False,50
PQLC2L,0.34,3,1,3,16.0,5.0,18.08823529411765,0.08571428571428572,0.0,0.4,0.2,0.0,1.0,0.8,1.0,0.0,0.0,0.0,0.0,0.1,1.0,0.0,False,50
STX11,0.33000000000000007,2,2,2,17.0,2.0,19.484848484848484,0.25925925925925924,0.0,0.8,0.4,0.0,0.2,0.2,1.0,0.1,0.2,0.2,0.2,0.5,0.3,0.0,False,50
SLC7A10,0.32,3,1,3,20.0,3.0,19.65625,0.10810810810810811,0.0,0.4,0.0,0.1,1.0,0.7,1.0,0.0,0.0,0.0,0.0,0.6,1.0,0.0,False,50
CCDC178,0.31000000000000005,4,3,2,18.0,1.0,22.258064516129032,0.46153846153846156,0.0,0.3,0.5,0.0,0.0,0.2,0.7,0.5,0.5,0.2,0.2,0.8,0.1,0.0,False,50
ANKRD10-IT1,0.31,2,1,2,13.0,1.0,17.774193548387096,0.8709677419354839,0.0,0.8,1.0,0.2,0.0,0.4,0.1,0.1,0.3,0.1,0.1,0.7,0.0,0.0,False,50
LOC101927420,0.3,3,1,3,19.0,5.0,22.266666666666666,0.1,0.0,0.2,0.3,0.4,0.8,0.8,0.5,0.0,0.0,0.0,0.0,0.2,0.7,0.0,False,50
ACADL,0.3,3,2,3,19.0,6.0,23.733333333333334,0.058823529411764705,0.0,0.8,0.5,0.0,0.3,0.4,1.0,0.0,0.0,0.0,0.0,0.9,0.5,0.0,False,50
PAFAH1B3,0.29000000000000004,4,2,2,13.0,4.0,14.620689655172415,0.9565217391304348,0.8,0.0,0.1,0.0,0.0,0.0,0.0,0.8,0.8,0.6,0.6,0.0,0.0,0.8,False,50
CELSR1,0.27999999999999997,3,2,2,8.5,1.0,16.035714285714285,0.8421052631578947,0.2,0.0,0.6,0.0,0.0,0.0,0.0,0.3,0.3,0.8,0.8,0.0,0.0,0.2,False,50
INHBA,0.2799999999999999,1,1,1,16.5,4.0,20.035714285714285,0.64,0.1,0.4,1.0,0.0,0.0,0.2,0.0,0.3,0.3,0.3,0.3,0.2,0.0,0.1,False,50
ZNRF2P1,0.27,3,2,3,3.0,1.0,7.074074074074074,0.8148148148148148,0.0,0.3,0.0,0.8,0.8,0.8,0.0,0.0,0.0,0.0,0.0,0.0,0.8,0.0,False,50
C22orf39,0.27,2,1,2,12.0,2.0,15.0,0.7647058823529411,0.1,0.2,0.3,0.0,0.0,0.0,0.0,0.4,0.4,0.7,0.7,0.0,0.0,0.1,False,50
APOB,0.27,3,1,3,18.0,4.0,21.85185185185185,0.14814814814814814,0.0,0.1,0.0,0.0,1.0,0.5,1.0,0.1,0.0,0.0,0.0,0.0,1.0,0.0,False,50
C11orf70,0.27,3,1,3,21.0,9.0,22.37037037037037,0.1111111111111111,0.0,0.2,0.1,0.1,0.7,0.8,0.6,0.0,0.0,0.1,0.1,0.1,0.7,0.0,False,50
CCDC85C,0.26,3,2,2,16.0,3.0,17.192307692307693,1.0,0.0,0.0,0.0,0.0,0.0,0.0,0.0,0.4,0.6,0.8,0.8,0.0,0.0,0.0,False,50
ADH1C,0.26,2,2,2,26.0,3.0,26.73076923076923,0.24,0.1,0.6,0.3,0.0,0.2,0.2,0.7,0.1,0.1,0.2,0.2,0.5,0.3,0.1,False,50
PALM,0.26,3,1,3,35.5,18.0,35.03846153846154,0.09090909090909091,0.0,0.1,0.0,0.0,0.8,0.8,0.9,0.0,0.0,0.0,0.0,0.0,0.5,0.0,False,50
DCAF12L2,0.25,3,2,3,2.0,1.0,7.72,0.88,0.0,0.4,0.0,0.8,0.8,0.5,0.0,0.0,0.0,0.0,0.0,0.0,0.8,0.0,False,50
ALPI,0.24000000000000005,3,2,3,5.0,1.0,9.333333333333334,0.7727272727272727,0.0,0.1,0.0,0.8,0.8,0.7,0.0,0.0,0.0,0.0,0.0,0.0,0.6,0.0,False,50
HSPB7,0.23000000000000004,2,1,2,19.0,7.0,26.304347826086957,0.09090909090909091,0.0,0.1,0.0,0.0,0.9,0.2,1.0,0.1,0.0,0.0,0.0,0.0,0.9,0.0,False,50
PNMA2,0.22999999999999998,3,2,3,5.0,1.0,7.217391304347826,0.782608695652174,0.0,0.1,0.1,0.7,0.7,0.7,0.0,0.0,0.0,0.0,0.0,0.0,0.7,0.0,False,50
SDC1,0.22000000000000003,4,2,2,12.5,1.0,16.59090909090909,0.95,0.9,0.0,0.1,0.0,0.0,0.0,0.0,0.5,0.6,0.5,0.5,0.0,0.0,0.9,False,50
C15orf48,0.22000000000000003,2,1,2,18.5,3.0,20.545454545454547,0.72,0.0,0.3,0.4,0.2,0.5,0.8,0.0,0.0,0.0,0.0,0.0,0.0,0.5,0.0,False,50
NAALAD2,0.22000000000000003,2,1,2,21.5,8.0,22.863636363636363,0.05,0.0,0.0,0.0,0.0,1.0,0.0,1.0,0.1,0.1,0.0,0.0,0.0,0.9,0.0,False,50
DENND2A,0.21999999999999997,2,1,2,32.5,11.0,30.818181818181817,0.18181818181818182,0.0,0.1,0.4,0.0,0.2,0.5,0.5,0.2,0.3,0.0,0.0,0.6,0.2,0.0,False,50
PRKCZ,0.21000000000000002,0,0,0,8.0,1.0,12.19047619047619,0.9375,0.2,0.1,0.1,0.0,0.1,0.2,0.2,0.4,0.4,0.3,0.3,0.1,0.1,0.2,False,50
DNMT1,0.21000000000000002,3,2,2,10.0,2.0,15.80952380952381,0.8571428571428571,0.2,0.0,0.2,0.0,0.0,0.0,0.0,0.5,0.4,0.5,0.5,0.0,0.0,0.2,False,50
TREM2,0.21000000000000002,3,2,3,22.0,5.0,20.0,0.95,0.0,0.1,0.0,0.7,0.7,0.6,0.0,0.0,0.0,0.0,0.0,0.0,0.6,0.0,False,50
PAQR4,0.21000000000000002,2,1,2,17.0,3.0,20.285714285714285,1.0,1.0,0.0,0.0,0.0,0.0,0.0,0.0,0.5,0.8,0.4,0.4,0.0,0.0,1.0,False,50
COL10A1,0.21000000000000002,3,2,2,11.0,3.0,21.0,0.8333333333333334,0.9,0.0,0.7,0.0,0.0,0.1,0.0,0.5,0.6,0.1,0.1,0.1,0.0,0.9,False,50
MYO16,0.21000000000000002,2,1,2,20.0,7.0,22.666666666666668,0.09090909090909091,0.0,0.1,0.0,0.0,0.9,0.3,0.8,0.0,0.0,0.0,0.0,0.0,0.9,0.0,False,50
PFKFB1,0.21000000000000002,2,1,2,26.0,8.0,28.857142857142858,0.19047619047619047,0.0,0.2,0.1,0.0,0.4,0.5,0.9,0.0,0.0,0.0,0.0,0.2,0.7,0.0,False,50
TMOD1,0.21000000000000002,3,1,3,33.0,9.0,31.333333333333332,0.13043478260869565,0.0,0.0,0.1,0.0,0.7,0.7,0.6,0.0,0.0,0.0,0.0,0.0,0.8,0.0,False,50
C8orf34,0.2,2,1,2,27.5,10.0,26.25,0.0,0.0,0.0,0.0,0.0,1.0,0.0,1.0,0.0,0.0,0.0,0.0,0.0,1.0,0.0,False,50
EPB42,0.19,2,1,2,18.0,8.0,18.57894736842105,0.0,0.0,0.0,0.0,0.0,1.0,0.0,0.9,0.0,0.0,0.0,0.0,0.0,0.9,0.0,False,50
HEPACAM2,0.18000000000000002,2,1,2,22.0,4.0,24.055555555555557,0.6666666666666666,0.0,0.1,0.1,0.4,0.6,0.6,0.0,0.0,0.0,0.0,0.0,0.0,0.4,0.0,False,50
CBX4,0.18,2,1,2,8.5,1.0,11.0,1.0,0.7,0.0,0.0,0.0,0.0,0.0,0.0,0.7,0.7,0.2,0.2,0.0,0.0,0.7,False,50
STIL,0.18,2,1,2,13.5,2.0,12.666666666666666,1.0,0.0,0.0,0.0,0.0,0.0,0.0,0.0,0.4,0.4,0.5,0.5,0.0,0.0,0.0,False,50
TMEM132C,0.18,0,0,0,29.0,1.0,24.666666666666668,0.32,0.2,0.3,0.3,0.0,0.0,0.0,0.1,0.3,0.2,0.3,0.3,1.0,0.1,0.2,False,50
TET3,0.17,2,1,2,12.0,1.0,17.705882352941178,1.0,1.0,0.0,0.0,0.0,0.0,0.0,0.0,0.6,0.5,0.3,0.3,0.0,0.0,1.0,False,50
TPPP3,0.17,2,2,1,24.0,2.0,21.470588235294116,0.2,0.0,0.4,0.7,0.1,0.0,0.5,0.0,0.0,0.0,0.0,0.0,0.4,0.0,0.0,False,50
ADCY6,0.16999999999999998,2,1,2,10.0,3.0,17.470588235294116,0.23809523809523808,0.0,0.0,0.0,0.0,0.7,1.0,0.0,0.0,0.0,0.0,0.0,0.0,0.4,0.0,False,50
LOC100506368,0.16,0,0,0,22.0,7.0,21.0625,0.46153846153846156,0.0,0.1,0.1,0.0,0.2,0.3,0.3,0.2,0.2,0.1,0.1,0.1,0.2,0.0,False,50
ESRP1,0.16,1,1,1,18.0,9.0,21.9375,1.0,0.0,0.1,0.0,0.0,0.0,0.0,0.2,0.4,0.5,0.2,0.2,0.0,0.1,0.0,False,50
LOC105378828,0.16,2,1,2,28.0,14.0,28.0625,0.0,0.0,0.2,0.0,0.0,0.6,0.0,0.8,0.0,0.0,0.0,0.0,0.0,0.7,0.0,False,50
CIDEA,0.15000000000000002,1,1,1,23.0,14.0,26.666666666666668,0.3,0.0,0.1,0.0,0.0,0.1,0.0,0.9,0.2,0.0,0.1,0.1,0.2,0.3,0.0,False,50
GLYAT,0.15000000000000002,1,1,1,38.0,8.0,32.4,0.2,0.0,0.2,0.0,0.0,0.2,0.2,0.7,0.1,0.1,0.0,0.0,0.1,0.2,0.0,False,50
SLC46A2,0.15,2,2,2,6.0,2.0,15.4,1.0,0.0,0.3,0.0,0.6,0.6,0.0,0.0,0.0,0.0,0.0,0.0,0.0,0.6,0.0,False,50
VN1R3,0.15,2,2,2,12.0,4.0,16.466666666666665,1.0,0.0,0.0,0.0,0.8,0.7,0.0,0.0,0.0,0.0,0.0,0.0,0.0,0.4,0.0,False,50
FGFBP2,0.15,0,0,0,27.0,13.0,30.933333333333334,0.2,0.0,0.4,0.4,0.1,0.1,0.3,0.2,0.0,0.0,0.0,0.0,0.7,0.1,0.0,False,50
LRRC15,0.14999999999999997,1,1,1,20.0,3.0,18.666666666666668,0.8571428571428571,1.0,0.0,0.6,0.0,0.0,0.0,0.0,0.3,0.2,0.2,0.2,0.0,0.0,1.0,False,50
LVRN,0.14,0,0,0,15.5,1.0,21.142857142857142,0.2857142857142857,0.0,0.2,0.0,0.0,0.2,0.1,0.2,0.4,0.3,0.0,0.0,0.3,0.2,0.0,False,50
LIMK2,0.13999999999999999,0,0,0,16.0,6.0,19.357142857142858,1.0,0.2,0.0,0.0,0.0,0.0,0.0,0.0,0.3,0.3,0.4,0.4,0.0,0.0,0.2,False,50
ST6GALNAC6,0.13999999999999999,2,1,2,32.0,17.0,33.285714285714285,0.18181818181818182,0.0,0.0,0.1,0.0,0.1,0.7,0.5,0.0,0.0,0.0,0.0,0.1,0.1,0.0,False,50
LDHD,0.13999999999999999,2,1,2,39.0,26.0,38.785714285714285,0.0,0.0,0.0,0.0,0.0,0.7,0.2,0.5,0.0,0.0,0.0,0.0,0.1,0.6,0.0,False,50
ACVR1C,0.13000000000000003,0,0,0,34.0,2.0,27.46153846153846,0.42857142857142855,0.2,0.1,0.2,0.0,0.0,0.1,0.3,0.3,0.1,0.1,0.1,0.3,0.1,0.2,False,50
MOCS1,0.13000000000000003,0,0,0,30.0,16.0,32.53846153846154,0.5454545454545454,0.0,0.3,0.3,0.0,0.0,0.2,0.3,0.1,0.1,0.0,0.0,0.2,0.0,0.0,False,50
DLG3,0.13,0,0,0,12.0,1.0,13.923076923076923,1.0,0.2,0.0,0.0,0.0,0.0,0.0,0.0,0.3,0.2,0.4,0.4,0.0,0.0,0.2,False,50
ARF1,0.13,2,1,2,20.0,5.0,18.46153846153846,1.0,0.0,0.0,0.0,0.0,0.0,0.0,0.0,0.1,0.2,0.5,0.5,0.0,0.0,0.0,False,50
ELMOD3,0.13,1,1,1,30.0,19.0,32.07692307692308,0.0,0.0,0.0,0.0,0.0,0.3,0.0,1.0,0.0,0.0,0.0,0.0,0.0,0.2,0.0,False,50
TRA2A,0.12999999999999998,0,0,0,13.0,1.0,16.307692307692307,0.8333333333333334,0.1,0.1,0.4,0.0,0.0,0.0,0.0,0.2,0.2,0.2,0.2,0.2,0.0,0.1,False,50
TSLP,0.12999999999999998,1,1,1,32.0,17.0,32.61538461538461,0.1,0.0,0.2,0.0,0.0,0.3,0.2,0.6,0.0,0.0,0.0,0.0,0.0,0.3,0.0,False,50
CLGN,0.12000000000000002,1,1,1,5.0,1.0,9.75,0.8333333333333334,0.0,0.0,0.0,0.1,0.3,0.8,0.0,0.0,0.0,0.0,0.0,0.0,0.1,0.0,False,50
CPS1,0.12000000000000002,1,1,1,24.5,3.0,23.666666666666668,0.5384615384615384,0.0,0.0,0.2,0.0,0.1,0.9,0.0,0.0,0.0,0.0,0.0,0.0,0.1,0.0,False,50
NLGN1,0.12000000000000002,0,0,0,27.5,11.0,30.5,0.14285714285714285,0.0,0.1,0.1,0.0,0.4,0.2,0.4,0.0,0.0,0.0,0.0,0.3,0.3,0.0,False,50
LOC90768,0.12000000000000002,1,1,1,36.5,2.0,32.666666666666664,0.16666666666666666,0.0,0.0,0.0,0.0,0.6,0.2,0.4,0.0,0.0,0.0,0.0,0.0,0.4,0.0,False,50
ATOH8,0.12,0,0,0,11.0,7.0,14.166666666666666,0.6,0.0,0.0,0.0,0.0,0.0,0.0,0.0,0.4,0.4,0.2,0.2,0.4,0.0,0.0,False,50
CTTNBP2,0.12,1,1,1,25.0,8.0,23.833333333333332,0.25,0.0,0.0,0.0,0.0,0.4,0.5,0.3,0.0,0.0,0.0,0.0,0.0,0.3,0.0,False,50
IGSF10,0.12,0,0,0,27.5,11.0,25.833333333333332,0.21052631578947367,0.0,0.3,0.4,0.0,0.0,0.0,0.0,0.2,0.3,0.0,0.0,1.0,0.0,0.0,False,50
CKAP4,0.12,0,0,0,24.0,20.0,27.0,0.7142857142857143,0.0,0.0,0.2,0.0,0.0,0.0,0.0,0.3,0.3,0.2,0.2,0.0,0.0,0.0,False,50
GDF10,0.12,2,1,2,30.5,17.0,32.25,0.0,0.0,0.0,0.0,0.0,0.7,0.0,0.5,0.0,0.0,0.0,0.0,0.0,0.5,0.0,False,50
LOC102723886,0.11000000000000001,1,1,1,5.0,1.0,10.090909090909092,0.0,0.0,0.8,0.1,0.2,0.0,0.0,0.0,0.0,0.0,0.0,0.0,0.8,0.0,0.0,False,50
CDR1,0.11000000000000001,1,1,1,8.0,1.0,10.181818181818182,0.0,0.0,0.8,0.0,0.3,0.0,0.0,0.0,0.0,0.0,0.0,0.0,1.0,0.0,0.0,False,50
C11orf80,0.11000000000000001,0,0,0,20.0,5.0,20.545454545454547,0.9090909090909091,0.5,0.1,0.1,0.0,0.0,0.0,0.0,0.1,0.2,0.3,0.3,0.0,0.0,0.5,False,50
CTHRC1,0.11000000000000001,1,1,1,22.0,2.0,21.454545454545453,0.6153846153846154,0.0,0.3,0.7,0.0,0.0,0.1,0.0,0.0,0.0,0.0,0.0,0.2,0.0,0.0,False,50
DSP,0.11000000000000001,0,0,0,20.0,4.0,23.90909090909091,0.7142857142857143,0.0,0.1,0.1,0.0,0.1,0.1,0.2,0.2,0.3,0.0,0.0,0.0,0.1,0.0,False,50
FDXACB1,0.11000000000000001,1,1,1,20.0,6.0,24.545454545454547,1.0,0.0,0.0,0.0,0.4,0.6,0.1,0.0,0.0,0.0,0.0,0.0,0.0,0.4,0.0,False,50
CCDC141,0.11000000000000001,0,0,0,36.0,8.0,32.45454545454545,0.05263157894736842,0.0,0.4,0.1,0.1,0.2,0.0,0.3,0.0,0.0,0.0,0.0,1.0,0.2,0.0,False,50
IFNLR1,0.11000000000000001,1,1,1,35.0,9.0,33.72727272727273,0.6363636363636364,0.0,0.0,0.0,0.1,0.3,0.7,0.0,0.0,0.0,0.0,0.0,0.0,0.1,0.0,False,50
RBPMS-AS1,0.11000000000000001,1,1,1,38.0,20.0,34.81818181818182,0.0,0.0,0.2,0.0,0.0,0.1,0.0,0.7,0.0,0.1,0.0,0.0,0.1,0.4,0.0,False,50
CREB5,0.11000000000000001,2,1,2,34.0,26.0,35.72727272727273,0.0,0.0,0.1,0.0,0.0,0.5,0.0,0.5,0.0,0.0,0.0,0.0,0.1,0.5,0.0,False,50
ADH1A,0.11000000000000001,0,0,0,38.0,16.0,36.72727272727273,0.1111111111111111,0.0,0.2,0.0,0.0,0.3,0.0,0.4,0.1,0.1,0.0,0.0,0.0,0.3,0.0,False,50
CYB561,0.10999999999999999,0,0,0,17.0,4.0,16.818181818181817,1.0,0.0,0.0,0.0,0.0,0.0,0.0,0.0,0.3,0.4,0.2,0.2,0.0,0.0,0.0,False,50
PSRC1,0.10999999999999999,0,0,0,21.0,19.0,26.545454545454547,1.0,0.3,0.0,0.0,0.0,0.0,0.0,0.0,0.4,0.3,0.2,0.2,0.0,0.0,0.3,False,50
CANT1,0.1,0,0,0,10.5,6.0,13.3,1.0,0.0,0.0,0.0,0.0,0.0,0.0,0.0,0.3,0.3,0.2,0.2,0.0,0.0,0.0,False,50
CHML,0.1,0,0,0,13.0,5.0,13.9,1.0,0.3,0.0,0.0,0.0,0.0,0.0,0.0,0.3,0.3,0.2,0.2,0.0,0.0,0.3,False,50
LINC00471,0.1,1,1,1,10.5,4.0,14.7,1.0,0.0,0.0,0.0,0.7,0.3,0.0,0.0,0.0,0.0,0.0,0.0,0.0,0.2,0.0,False,50
MICAL2,0.1,0,0,0,18.0,2.0,18.1,0.6666666666666666,0.0,0.0,0.2,0.0,0.0,0.0,0.0,0.3,0.3,0.1,0.1,0.0,0.0,0.0,False,50
PRSS8,0.1,2,1,2,13.5,4.0,18.3,1.0,0.7,0.0,0.0,0.0,0.0,0.0,0.0,0.5,0.5,0.0,0.0,0.0,0.0,0.7,False,50
MMP11,0.1,0,0,0,16.5,6.0,19.4,1.0,1.0,0.0,0.0,0.0,0.0,0.0,0.0,0.3,0.3,0.2,0.2,0.0,0.0,1.0,False,50
ADAR,0.1,0,0,0,19.0,4.0,20.7,1.0,0.7,0.0,0.0,0.0,0.0,0.0,0.0,0.3,0.3,0.2,0.2,0.0,0.0,0.7,False,50
SLC35A2,0.1,0,0,0,19.0,5.0,20.7,1.0,0.4,0.0,0.0,0.0,0.0,0.0,0.0,0.4,0.4,0.1,0.1,0.0,0.0,0.4,False,50
VTI1B,0.1,0,0,0,18.0,11.0,22.7,1.0,0.0,0.0,0.0,0.1,0.0,0.0,0.0,0.4,0.1,0.2,0.2,0.0,0.0,0.0,False,50
SPP1,0.1,1,1,1,23.0,7.0,23.3,0.5555555555555556,0.0,0.0,0.2,0.1,0.1,0.6,0.0,0.0,0.0,0.0,0.0,0.0,0.0,0.0,False,50
LRRC1,0.1,0,0,0,16.5,9.0,23.5,1.0,0.0,0.0,0.0,0.0,0.0,0.0,0.0,0.2,0.4,0.2,0.2,0.0,0.0,0.0,False,50
FHL5,0.1,0,0,0,22.0,10.0,26.2,0.09090909090909091,0.0,0.1,0.1,0.1,0.2,0.1,0.2,0.0,0.0,0.1,0.1,0.3,0.2,0.0,False,50
TRDN,0.1,1,1,1,25.5,13.0,27.2,0.0,0.0,0.5,0.0,0.1,0.2,0.0,0.2,0.0,0.0,0.0,0.0,0.1,0.2,0.0,False,50
FABP4,0.1,1,1,1,25.0,6.0,28.1,0.75,0.2,0.0,0.0,0.0,0.0,0.0,0.0,0.5,0.3,0.1,0.1,0.0,0.0,0.2,False,50
TRMT13,0.1,0,0,0,31.5,3.0,28.4,0.6666666666666666,0.0,0.2,0.3,0.2,0.0,0.3,0.0,0.0,0.0,0.0,0.0,0.1,0.0,0.0,False,50
MLXIPL,0.1,1,1,1,36.5,9.0,35.0,0.125,0.0,0.1,0.0,0.0,0.2,0.1,0.6,0.0,0.0,0.0,0.0,0.1,0.3,0.0,False,50
ADRA1A,0.1,1,1,1,36.0,24.0,36.9,0.0,0.0,0.0,0.0,0.0,0.3,0.0,0.7,0.0,0.0,0.0,0.0,0.1,0.1,0.0,False,50
DMRT2,0.1,1,1,1,37.0,29.0,38.1,0.0,0.0,0.1,0.0,0.0,0.5,0.0,0.4,0.0,0.0,0.0,0.0,0.2,0.6,0.0,False,50
LOC100506476,0.09999999999999999,1,1,1,31.5,14.0,30.5,0.2857142857142857,0.0,0.0,0.0,0.0,0.3,0.6,0.1,0.0,0.0,0.0,0.0,0.0,0.5,0.0,False,50
TMEM246,0.09999999999999999,1,1,1,32.5,17.0,32.0,0.0,0.0,0.0,0.0,0.0,0.3,0.0,0.6,0.0,0.1,0.0,0.0,0.0,0.3,0.0,False,50
ARRDC1,0.09000000000000001,0,0,0,19.0,4.0,17.88888888888889,1.0,0.1,0.0,0.0,0.0,0.0,0.0,0.0,0.1,0.2,0.3,0.3,0.0,0.0,0.1,False,50
ADAMTS8,0.09000000000000001,0,0,0,17.0,1.0,19.0,1.0,0.0,0.1,0.0,0.2,0.4,0.2,0.0,0.0,0.0,0.0,0.0,0.0,0.2,0.0,False,50
LOC283588,0.09000000000000001,0,0,0,17.0,4.0,22.666666666666668,0.4,0.0,0.1,0.1,0.4,0.0,0.3,0.0,0.0,0.0,0.0,0.0,0.0,0.0,0.0,False,50
SLC44A1,0.09000000000000001,0,0,0,26.0,7.0,22.666666666666668,0.8333333333333334,0.0,0.1,0.1,0.0,0.0,0.2,0.0,0.2,0.3,0.0,0.0,0.0,0.0,0.0,False,50
ALPK3,0.09000000000000001,0,0,0,30.0,19.0,30.333333333333332,0.2,0.0,0.1,0.0,0.0,0.3,0.2,0.3,0.0,0.0,0.0,0.0,0.1,0.3,0.0,False,50
PENK,0.09,1,1,1,12.0,2.0,15.222222222222221,0.11764705882352941,0.0,0.5,0.4,0.0,0.0,0.0,0.0,0.0,0.0,0.0,0.0,0.8,0.0,0.0,False,50
TMEM44-AS1,0.09,1,1,1,24.0,9.0,23.11111111111111,0.4444444444444444,0.0,0.1,0.2,0.1,0.0,0.5,0.0,0.0,0.0,0.0,0.0,0.0,0.1,0.0,False,50
DCUN1D3,0.09,0,0,0,37.0,4.0,31.88888888888889,0.14285714285714285,0.0,0.3,0.1,0.3,0.0,0.0,0.0,0.1,0.1,0.0,0.0,0.1,0.1,0.0,False,50
CASQ2,0.09,1,1,1,46.0,23.0,40.22222222222222,0.0,0.0,0.3,0.0,0.0,0.1,0.0,0.5,0.0,0.0,0.0,0.0,0.0,0.1,0.0,False,50
LEF1,0.08,0,0,0,9.5,1.0,17.125,0.5714285714285714,0.0,0.1,0.2,0.1,0.1,0.3,0.0,0.0,0.0,0.0,0.0,0.0,0.0,0.0,False,50
AGRN,0.08,0,0,0,16.5,10.0,17.375,1.0,0.3,0.1,0.1,0.0,0.0,0.0,0.0,0.1,0.1,0.2,0.2,0.0,0.0,0.3,False,50
FAM162B,0.08,0,0,0,17.0,5.0,17.875,0.8,0.1,0.0,0.0,0.0,0.0,0.0,0.0,0.2,0.2,0.2,0.2,0.0,0.0,0.1,False,50
ZNF764,0.08,0,0,0,17.0,12.0,20.125,1.0,0.0,0.0,0.0,0.0,0.0,0.0,0.0,0.2,0.2,0.2,0.2,0.0,0.0,0.0,False,50
CCNE2,0.08,0,0,0,26.0,1.0,22.0,0.8571428571428571,0.2,0.0,0.1,0.0,0.0,0.0,0.0,0.1,0.0,0.3,0.3,0.0,0.0,0.2,False,50
LINC01140,0.08,0,0,0,22.5,10.0,26.5,1.0,0.0,0.0,0.0,0.0,0.0,0.0,0.0,0.3,0.1,0.2,0.2,0.0,0.0,0.0,False,50
SGK2,0.08,1,1,1,27.5,17.0,28.75,0.0,0.0,0.0,0.0,0.0,0.2,0.0,0.6,0.0,0.0,0.0,0.0,0.0,0.3,0.0,False,50
LCOR,0.08,0,0,0,37.0,6.0,30.375,0.75,0.0,0.2,0.4,0.0,0.0,0.2,0.0,0.0,0.0,0.0,0.0,0.0,0.0,0.0,False,50
N4BP2L2,0.08,0,0,0,32.0,9.0,31.5,1.0,0.0,0.1,0.2,0.0,0.0,0.1,0.0,0.2,0.2,0.0,0.0,0.0,0.0,0.0,False,50
CORO2B,0.08,1,1,1,40.0,24.0,38.5,0.0,0.0,0.0,0.0,0.0,0.3,0.0,0.5,0.0,0.0,0.0,0.0,0.0,0.1,0.0,False,50
LOC101929486,0.07999999999999999,1,1,1,7.5,2.0,12.25,0.0,0.0,0.7,0.0,0.1,0.0,0.0,0.0,0.0,0.0,0.0,0.0,0.7,0.0,0.0,False,50
CGN,0.07999999999999999,0,0,0,11.0,3.0,13.75,1.0,0.7,0.0,0.0,0.0,0.0,0.0,0.0,0.3,0.3,0.1,0.1,0.0,0.0,0.7,False,50
FTX,0.07999999999999999,0,0,0,13.0,3.0,15.25,0.8571428571428571,0.0,0.3,0.3,0.0,0.0,0.0,0.0,0.1,0.1,0.0,0.0,0.0,0.0,0.0,False,50
ALAS2,0.07999999999999999,1,1,1,22.0,3.0,20.125,0.0,0.0,0.7,0.0,0.1,0.0,0.0,0.0,0.0,0.0,0.0,0.0,0.8,0.0,0.0,False,50
LOC101929406,0.07999999999999999,1,1,1,20.0,3.0,20.875,0.0,0.0,0.7,0.0,0.1,0.0,0.0,0.0,0.0,0.0,0.0,0.0,0.5,0.0,0.0,False,50
RAB11FIP3,0.07999999999999999,0,0,0,19.0,13.0,21.25,1.0,0.2,0.0,0.0,0.0,0.0,0.0,0.0,0.3,0.3,0.1,0.1,0.0,0.0,0.2,False,50
MT1M,0.07999999999999999,0,0,0,19.0,12.0,22.25,0.6666666666666666,0.0,0.1,0.3,0.0,0.0,0.0,0.0,0.1,0.1,0.1,0.1,0.0,0.0,0.0,False,50
PPP2R3C,0.07999999999999999,0,0,0,26.5,6.0,23.5,1.0,0.0,0.0,0.0,0.0,0.0,0.0,0.0,0.3,0.3,0.1,0.1,0.0,0.0,0.0,False,50
WDFY3-AS2,0.07999999999999999,1,1,1,44.0,28.0,42.75,0.625,0.0,0.0,0.1,0.0,0.1,0.5,0.1,0.0,0.0,0.0,0.0,0.1,0.0,0.0,False,50
GTDC1,0.07,0,0,0,34.0,19.0,34.42857142857143,1.0,0.0,0.0,0.3,0.0,0.0,0.1,0.0,0.2,0.1,0.0,0.0,0.0,0.0,0.0,False,50
FANCI,0.06999999999999999,0,0,0,10.0,1.0,14.571428571428571,1.0,0.0,0.0,0.0,0.0,0.0,0.0,0.0,0.2,0.1,0.2,0.2,0.0,0.0,0.0,False,50
BMPER,0.06999999999999999,0,0,0,9.0,5.0,19.428571428571427,0.16666666666666666,0.0,0.1,0.0,0.0,0.2,0.0,0.2,0.0,0.0,0.1,0.1,0.1,0.1,0.0,False,50
ADRB1,0.06999999999999999,1,1,1,21.0,5.0,22.714285714285715,0.42857142857142855,0.0,0.1,0.5,0.0,0.0,0.1,0.0,0.0,0.0,0.0,0.0,0.0,0.0,0.0,False,50
LLGL2,0.06999999999999999,0,0,0,17.0,3.0,22.714285714285715,1.0,0.9,0.0,0.0,0.0,0.0,0.0,0.0,0.3,0.2,0.1,0.1,0.0,0.0,0.9,False,50
OR2H4P,0.06999999999999999,1,1,1,29.0,3.0,23.714285714285715,0.0,0.0,0.6,0.0,0.1,0.0,0.0,0.0,0.0,0.0,0.0,0.0,0.6,0.0,0.0,False,50
MCM2,0.06999999999999999,0,0,0,23.0,2.0,25.0,1.0,0.2,0.0,0.0,0.0,0.0,0.0,0.0,0.3,0.2,0.1,0.1,0.0,0.0,0.2,False,50
C11orf74,0.06999999999999999,1,1,1,24.0,14.0,25.428571428571427,0.5714285714285714,0.0,0.0,0.1,0.0,0.0,0.6,0.0,0.0,0.0,0.0,0.0,0.0,0.0,0.0,False,50
TDRD9,0.06999999999999999,0,0,0,28.0,7.0,25.857142857142858,1.0,0.0,0.0,0.0,0.3,0.1,0.3,0.0,0.0,0.0,0.0,0.0,0.0,0.1,0.0,False,50
FAM134A,0.06999999999999999,0,0,0,24.0,7.0,26.285714285714285,1.0,0.0,0.0,0.0,0.0,0.0,0.0,0.0,0.1,0.2,0.2,0.2,0.0,0.0,0.0,False,50
MORC2,0.06999999999999999,0,0,0,33.0,6.0,26.428571428571427,1.0,0.1,0.0,0.0,0.0,0.0,0.0,0.0,0.2,0.3,0.1,0.1,0.0,0.0,0.1,False,50
NRIP3,0.06999999999999999,0,0,0,17.0,8.0,26.571428571428573,1.0,0.0,0.1,0.1,0.2,0.1,0.2,0.0,0.0,0.0,0.0,0.0,0.0,0.1,0.0,False,50
HSPA12A,0.06999999999999999,0,0,0,36.0,2.0,27.142857142857142,0.16666666666666666,0.0,0.0,0.2,0.0,0.1,0.1,0.1,0.1,0.1,0.0,0.0,0.0,0.1,0.0,False,50
LOC100289361,0.06999999999999999,1,1,1,26.0,23.0,27.428571428571427,0.8333333333333334,0.0,0.0,0.1,0.1,0.0,0.5,0.0,0.0,0.0,0.0,0.0,0.0,0.0,0.0,False,50
TLCD2,0.06999999999999999,1,1,1,32.0,9.0,27.571428571428573,0.7142857142857143,0.0,0.0,0.5,0.0,0.0,0.2,0.0,0.0,0.0,0.0,0.0,0.0,0.0,0.0,False,50
KDM2A,0.06999999999999999,0,0,0,30.0,17.0,30.0,0.8571428571428571,0.2,0.1,0.1,0.0,0.0,0.0,0.0,0.2,0.1,0.1,0.1,0.0,0.0,0.2,False,50
LRRN1,0.06999999999999999,1,1,1,28.0,25.0,31.714285714285715,1.0,0.0,0.0,0.2,0.5,0.0,0.0,0.0,0.0,0.0,0.0,0.0,0.0,0.0,0.0,False,50
CDC42EP2,0.06999999999999999,0,0,0,29.0,19.0,32.714285714285715,0.3333333333333333,0.0,0.1,0.0,0.0,0.2,0.2,0.2,0.0,0.0,0.0,0.0,0.0,0.1,0.0,False,50
LINC00968,0.06999999999999999,0,0,0,44.0,7.0,33.57142857142857,0.0,0.0,0.2,0.0,0.0,0.2,0.0,0.3,0.0,0.0,0.0,0.0,0.5,0.2,0.0,False,50
KLF15,0.06999999999999999,0,0,0,35.0,10.0,35.42857142857143,0.14285714285714285,0.0,0.0,0.3,0.1,0.0,0.1,0.0,0.0,0.2,0.0,0.0,0.1,0.2,0.0,False,50
FTCDNL1,0.06999999999999999,0,0,0,33.0,28.0,37.142857142857146,0.2222222222222222,0.0,0.1,0.1,0.0,0.3,0.1,0.1,0.0,0.0,0.0,0.0,0.1,0.2,0.0,False,50
SNCG,0.06999999999999999,1,1,1,42.0,21.0,39.0,0.09090909090909091,0.0,0.0,0.0,0.0,0.5,0.2,0.0,0.0,0.0,0.0,0.0,0.0,0.4,0.0,False,50
ADAM22,0.06999999999999999,0,0,0,44.0,26.0,41.714285714285715,0.0,0.0,0.0,0.0,0.0,0.3,0.0,0.4,0.0,0.0,0.0,0.0,0.0,0.4,0.0,False,50
DPY19L2P3,0.06000000000000001,0,0,0,2.0,1.0,2.8333333333333335,1.0,0.0,0.2,0.0,0.2,0.2,0.0,0.0,0.0,0.0,0.0,0.0,0.0,0.2,0.0,False,50
GLA,0.06000000000000001,0,0,0,12.5,2.0,11.5,0.6666666666666666,0.0,0.0,0.0,0.2,0.2,0.2,0.0,0.0,0.0,0.0,0.0,0.0,0.2,0.0,False,50
AGPAT5,0.06000000000000001,0,0,0,13.5,1.0,15.166666666666666,0.6666666666666666,0.0,0.1,0.1,0.0,0.0,0.4,0.0,0.0,0.0,0.0,0.0,0.0,0.0,0.0,False,50
TRHDE,0.06000000000000001,0,0,0,21.5,2.0,16.833333333333332,0.0,0.0,0.1,0.0,0.0,0.2,0.1,0.2,0.0,0.0,0.0,0.0,0.3,0.2,0.0,False,50
LOC101929726,0.06000000000000001,0,0,0,18.0,12.0,17.166666666666668,0.0,0.0,0.0,0.0,0.0,0.2,0.2,0.2,0.0,0.0,0.0,0.0,0.0,0.2,0.0,False,50
GDPGP1,0.06000000000000001,0,0,0,18.5,7.0,19.333333333333332,0.6666666666666666,0.0,0.1,0.2,0.3,0.0,0.0,0.0,0.0,0.0,0.0,0.0,0.0,0.0,0.0,False,50
NAT14,0.06000000000000001,0,0,0,19.0,8.0,21.0,1.0,0.7,0.1,0.1,0.0,0.0,0.0,0.0,0.2,0.2,0.0,0.0,0.0,0.0,0.7,False,50
ATP2A2,0.06000000000000001,0,0,0,21.0,11.0,22.333333333333332,1.0,0.3,0.0,0.0,0.0,0.0,0.0,0.0,0.1,0.1,0.2,0.2,0.0,0.0,0.3,False,50
DDR2,0.06000000000000001,0,0,0,21.5,14.0,24.0,1.0,0.0,0.0,0.0,0.0,0.0,0.0,0.0,0.2,0.0,0.2,0.2,0.0,0.0,0.0,False,50
BHMT2,0.06000000000000001,0,0,0,27.5,10.0,25.833333333333332,0.16666666666666666,0.0,0.1,0.0,0.0,0.2,0.1,0.2,0.0,0.0,0.0,0.0,0.0,0.2,0.0,False,50
ARFGEF1,0.06000000000000001,0,0,0,23.0,16.0,26.333333333333332,0.8333333333333334,0.2,0.0,0.2,0.0,0.0,0.0,0.0,0.2,0.2,0.0,0.0,0.0,0.0,0.2,False,50
ANGPT1,0.06000000000000001,0,0,0,27.0,9.0,26.833333333333332,0.5,0.0,0.1,0.1,0.0,0.0,0.0,0.0,0.2,0.2,0.0,0.0,0.1,0.1,0.0,False,50
EMX2,0.06000000000000001,0,0,0,32.0,13.0,28.833333333333332,0.16666666666666666,0.0,0.1,0.0,0.0,0.2,0.1,0.2,0.0,0.0,0.0,0.0,0.0,0.2,0.0,False,50
ST6GALNAC3,0.06000000000000001,0,0,0,25.0,17.0,29.333333333333332,0.3333333333333333,0.0,0.0,0.0,0.0,0.2,0.2,0.2,0.0,0.0,0.0,0.0,0.0,0.2,0.0,False,50
PLA2G2A,0.06000000000000001,0,0,0,33.0,14.0,29.5,0.5,0.0,0.0,0.0,0.0,0.2,0.2,0.2,0.0,0.0,0.0,0.0,0.0,0.0,0.0,False,50
CPEB1,0.06000000000000001,0,0,0,33.0,7.0,31.166666666666668,0.2857142857142857,0.0,0.0,0.1,0.0,0.1,0.4,0.0,0.0,0.0,0.0,0.0,0.0,0.1,0.0,False,50
RBPMS2,0.06000000000000001,0,0,0,35.5,26.0,34.833333333333336,0.3333333333333333,0.0,0.1,0.0,0.0,0.1,0.1,0.1,0.2,0.0,0.0,0.0,0.0,0.1,0.0,False,50
ARHGAP42,0.06000000000000001,0,0,0,40.0,18.0,35.0,0.375,0.0,0.0,0.1,0.0,0.1,0.4,0.0,0.0,0.0,0.0,0.0,0.0,0.2,0.0,False,50
MYOC,0.06000000000000001,0,0,0,38.5,23.0,36.166666666666664,0.0,0.0,0.0,0.0,0.0,0.4,0.0,0.2,0.0,0.0,0.0,0.0,0.0,0.2,0.0,False,50
KLHL31,0.06000000000000001,0,0,0,40.0,20.0,37.666666666666664,0.25,0.0,0.0,0.0,0.0,0.1,0.2,0.3,0.0,0.0,0.0,0.0,0.0,0.1,0.0,False,50
DIS3L,0.06000000000000001,0,0,0,42.0,33.0,41.833333333333336,0.75,0.0,0.0,0.0,0.2,0.0,0.4,0.0,0.0,0.0,0.0,0.0,0.0,0.0,0.0,False,50
CBFA2T2,0.06,0,0,0,13.0,11.0,12.5,1.0,0.0,0.0,0.0,0.0,0.0,0.0,0.0,0.0,0.0,0.3,0.3,0.0,0.0,0.0,False,50
RCC2,0.06,0,0,0,14.5,2.0,14.666666666666666,1.0,0.2,0.0,0.0,0.0,0.0,0.0,0.0,0.2,0.2,0.1,0.1,0.0,0.0,0.2,False,50
OR9A1P,0.06,0,0,0,7.5,3.0,15.833333333333334,1.0,0.0,0.1,0.0,0.2,0.2,0.1,0.0,0.0,0.0,0.0,0.0,0.0,0.2,0.0,False,50
TSPAN17,0.06,0,0,0,10.0,9.0,16.166666666666668,1.0,0.2,0.0,0.0,0.0,0.0,0.0,0.0,0.2,0.2,0.1,0.1,0.0,0.0,0.2,False,50
ACACB,0.06,0,0,0,15.0,7.0,16.5,0.6,0.2,0.0,0.0,0.0,0.0,0.0,0.0,0.2,0.2,0.1,0.1,0.0,0.0,0.2,False,50
EZH2,0.06,0,0,0,19.5,7.0,19.5,1.0,0.2,0.0,0.0,0.0,0.0,0.0,0.0,0.2,0.2,0.1,0.1,0.0,0.0,0.2,False,50
BARD1,0.06,0,0,0,21.0,10.0,20.0,1.0,0.1,0.0,0.0,0.0,0.0,0.0,0.0,0.2,0.2,0.1,0.1,0.0,0.0,0.1,False,50
HN1L,0.06,0,0,0,25.0,3.0,22.166666666666668,1.0,0.2,0.0,0.0,0.0,0.0,0.0,0.0,0.3,0.3,0.0,0.0,0.0,0.0,0.2,False,50
KIF26B,0.06,1,1,1,23.5,11.0,23.666666666666668,0.7142857142857143,0.1,0.0,0.6,0.0,0.0,0.0,0.0,0.0,0.0,0.0,0.0,0.0,0.0,0.1,False,50
ALCAM,0.06,1,1,1,17.5,11.0,23.833333333333332,0.3333333333333333,0.0,0.0,0.0,0.0,0.0,0.6,0.0,0.0,0.0,0.0,0.0,0.0,0.0,0.0,False,50
LOC100272216,0.06,0,0,0,22.5,9.0,24.333333333333332,1.0,0.2,0.0,0.0,0.0,0.0,0.0,0.0,0.3,0.1,0.1,0.1,0.0,0.0,0.2,False,50
CACNB3,0.06,0,0,0,17.0,14.0,25.666666666666668,1.0,0.8,0.0,0.0,0.0,0.0,0.0,0.0,0.1,0.3,0.1,0.1,0.0,0.0,0.8,False,50
RWDD1,0.06,0,0,0,20.5,16.0,25.666666666666668,1.0,0.0,0.0,0.0,0.0,0.0,0.0,0.0,0.2,0.2,0.1,0.1,0.0,0.0,0.0,False,50
AP1M2,0.06,0,0,0,24.5,4.0,26.0,1.0,0.2,0.0,0.0,0.0,0.0,0.0,0.0,0.3,0.3,0.0,0.0,0.0,0.0,0.2,False,50
TPD52,0.06,0,0,0,27.0,8.0,26.333333333333332,1.0,0.0,0.1,0.0,0.0,0.1,0.1,0.1,0.1,0.1,0.0,0.0,0.0,0.1,0.0,False,50
ENTPD7,0.06,0,0,0,32.0,15.0,27.833333333333332,0.8,0.0,0.3,0.2,0.1,0.0,0.0,0.0,0.0,0.0,0.0,0.0,0.0,0.0,0.0,False,50
LURAP1,0.06,1,1,1,34.5,7.0,30.666666666666668,0.0,0.0,0.5,0.0,0.0,0.1,0.0,0.0,0.0,0.0,0.0,0.0,0.0,0.1,0.0,False,50
F2R,0.06,1,1,1,33.0,12.0,31.666666666666668,,0.0,0.0,0.0,0.6,0.0,0.0,0.0,0.0,0.0,0.0,0.0,0.0,0.0,0.0,False,50
LOC389831,0.06,0,0,0,31.5,13.0,31.666666666666668,1.0,0.0,0.0,0.0,0.4,0.1,0.1,0.0,0.0,0.0,0.0,0.0,0.0,0.0,0.0,False,50
CDS1,0.06,0,0,0,35.0,17.0,32.0,1.0,0.0,0.0,0.0,0.0,0.0,0.0,0.0,0.1,0.3,0.1,0.1,0.0,0.0,0.0,False,50
SYN2,0.06,0,0,0,39.5,12.0,35.833333333333336,0.0,0.0,0.2,0.0,0.0,0.1,0.0,0.2,0.0,0.1,0.0,0.0,0.0,0.2,0.0,False,50
USP43,0.06,1,1,1,35.0,21.0,36.166666666666664,0.6,0.0,0.0,0.0,0.1,0.0,0.5,0.0,0.0,0.0,0.0,0.0,0.0,0.0,0.0,False,50
LOC105371414,0.06,1,1,1,35.5,32.0,37.833333333333336,0.0,0.0,0.5,0.0,0.1,0.0,0.0,0.0,0.0,0.0,0.0,0.0,0.6,0.0,0.0,False,50
KCNIP2,0.06,0,0,0,43.5,20.0,38.666666666666664,0.0,0.0,0.0,0.0,0.0,0.1,0.0,0.4,0.0,0.1,0.0,0.0,0.0,0.2,0.0,False,50
SGK494,0.05,0,0,0,11.0,6.0,12.2,1.0,0.0,0.0,0.0,0.0,0.0,0.0,0.0,0.1,0.2,0.1,0.1,0.0,0.0,0.0,False,50
MYO5B,0.05,0,0,0,11.0,6.0,12.8,1.0,0.0,0.1,0.1,0.0,0.1,0.1,0.1,0.0,0.0,0.0,0.0,0.0,0.1,0.0,False,50
BANK1,0.05,0,0,0,10.0,8.0,13.8,0.2,0.0,0.0,0.2,0.0,0.0,0.3,0.0,0.0,0.0,0.0,0.0,0.0,0.0,0.0,False,50
AOC4P,0.05,1,1,1,13.0,6.0,16.2,,0.0,0.0,0.0,0.5,0.0,0.0,0.0,0.0,0.0,0.0,0.0,0.0,0.0,0.0,False,50
SLC29A4,0.05,0,0,0,14.0,9.0,16.4,0.0,0.0,0.0,0.0,0.0,0.2,0.1,0.2,0.0,0.0,0.0,0.0,0.0,0.2,0.0,False,50
AKR1C4,0.05,1,1,1,19.0,7.0,16.8,0.0,0.0,0.5,0.0,0.0,0.0,0.0,0.0,0.0,0.0,0.0,0.0,0.5,0.0,0.0,False,50
FAM110A,0.05,0,0,0,14.0,7.0,17.8,1.0,0.0,0.0,0.0,0.0,0.0,0.0,0.0,0.2,0.1,0.1,0.1,0.0,0.0,0.0,False,50
LYPD6,0.05,0,0,0,17.0,4.0,18.8,0.0,0.0,0.0,0.0,0.4,0.0,0.1,0.0,0.0,0.0,0.0,0.0,0.0,0.0,0.0,False,50
SHB,0.05,0,0,0,17.0,4.0,18.8,1.0,0.0,0.0,0.0,0.0,0.0,0.0,0.0,0.2,0.3,0.0,0.0,0.0,0.0,0.0,False,50
SMARCA4,0.05,0,0,0,13.0,9.0,19.6,1.0,0.3,0.0,0.0,0.0,0.0,0.0,0.0,0.2,0.1,0.1,0.1,0.0,0.0,0.3,False,50
SEPT8,0.05,0,0,0,27.0,5.0,21.0,0.8,0.0,0.1,0.4,0.0,0.0,0.0,0.0,0.0,0.0,0.0,0.0,0.0,0.0,0.0,False,50
DNMT3A,0.05,0,0,0,22.0,13.0,21.4,1.0,0.2,0.0,0.0,0.0,0.0,0.0,0.0,0.2,0.1,0.1,0.1,0.0,0.0,0.2,False,50
SETD5,0.05,0,0,0,33.0,2.0,22.8,1.0,0.0,0.0,0.0,0.0,0.0,0.0,0.0,0.1,0.4,0.0,0.0,0.0,0.0,0.0,False,50
LOC101928069,0.05,0,0,0,26.0,4.0,24.4,0.0,0.0,0.2,0.1,0.2,0.0,0.0,0.0,0.0,0.0,0.0,0.0,0.2,0.0,0.0,False,50
WDR90,0.05,0,0,0,26.0,4.0,24.6,1.0,0.7,0.0,0.0,0.0,0.0,0.0,0.0,0.2,0.3,0.0,0.0,0.0,0.0,0.7,False,50
OVOL2,0.05,0,0,0,21.0,7.0,24.8,0.5,0.0,0.0,0.0,0.0,0.0,0.1,0.0,0.1,0.3,0.0,0.0,0.0,0.0,0.0,False,50
CHIT1,0.05,0,0,0,22.0,16.0,25.0,0.6666666666666666,0.0,0.0,0.0,0.3,0.1,0.1,0.0,0.0,0.0,0.0,0.0,0.0,0.1,0.0,False,50
TELO2,0.05,0,0,0,32.0,7.0,25.8,1.0,0.6,0.0,0.0,0.0,0.0,0.0,0.0,0.1,0.4,0.0,0.0,0.0,0.0,0.6,False,50
YPEL1,0.05,0,0,0,24.0,5.0,26.4,0.5,0.0,0.1,0.1,0.3,0.0,0.0,0.0,0.0,0.0,0.0,0.0,0.0,0.0,0.0,False,50
ZNF670,0.05,0,0,0,26.0,12.0,27.8,0.0,0.0,0.0,0.2,0.3,0.0,0.0,0.0,0.0,0.0,0.0,0.0,0.0,0.0,0.0,False,50
LOC401052,0.05,0,0,0,39.0,10.0,31.0,0.6,0.0,0.0,0.4,0.0,0.0,0.0,0.0,0.1,0.0,0.0,0.0,0.0,0.0,0.0,False,50
ZNF124,0.05,0,0,0,34.0,16.0,31.2,0.25,0.0,0.0,0.1,0.2,0.0,0.2,0.0,0.0,0.0,0.0,0.0,0.0,0.1,0.0,False,50
WNT11,0.05,0,0,0,36.0,14.0,31.6,0.8,0.0,0.0,0.2,0.0,0.0,0.3,0.0,0.0,0.0,0.0,0.0,0.0,0.0,0.0,False,50
SYCP3,0.05,1,1,1,37.0,8.0,32.2,,0.0,0.0,0.0,0.5,0.0,0.0,0.0,0.0,0.0,0.0,0.0,0.0,0.0,0.0,False,50
PDE11A,0.05,0,0,0,30.0,16.0,32.6,0.0,0.0,0.0,0.0,0.0,0.2,0.1,0.2,0.0,0.0,0.0,0.0,0.0,0.2,0.0,False,50
RGS17,0.05,0,0,0,37.0,6.0,32.6,0.0,0.0,0.1,0.1,0.1,0.1,0.0,0.1,0.0,0.0,0.0,0.0,0.4,0.0,0.0,False,50
AADAC,0.05,0,0,0,31.0,13.0,33.4,0.16666666666666666,0.0,0.1,0.0,0.0,0.1,0.1,0.1,0.1,0.0,0.0,0.0,0.1,0.1,0.0,False,50
SEC14L2,0.05,0,0,0,38.0,6.0,33.6,0.6666666666666666,0.0,0.1,0.2,0.2,0.0,0.0,0.0,0.0,0.0,0.0,0.0,0.0,0.0,0.0,False,50
PYGM,0.05,0,0,0,34.0,17.0,34.4,0.2,0.0,0.0,0.0,0.0,0.2,0.0,0.2,0.1,0.0,0.0,0.0,0.0,0.2,0.0,False,50
CLSTN1,0.05,0,0,0,31.0,28.0,34.6,1.0,0.0,0.0,0.0,0.0,0.0,0.0,0.0,0.2,0.3,0.0,0.0,0.0,0.0,0.0,False,50
CLMP,0.05,0,0,0,42.0,14.0,35.4,1.0,0.0,0.0,0.0,0.0,0.0,0.0,0.0,0.3,0.2,0.0,0.0,0.0,0.0,0.0,False,50
CD109,0.05,0,0,0,42.0,21.0,36.2,1.0,0.0,0.2,0.2,0.0,0.0,0.1,0.0,0.0,0.0,0.0,0.0,0.0,0.0,0.0,False,50
ALDH1L1,0.05,0,0,0,40.0,22.0,36.8,0.0,0.0,0.0,0.0,0.0,0.1,0.0,0.4,0.0,0.0,0.0,0.0,0.2,0.2,0.0,False,50
ADGRD1,0.05,0,0,0,45.0,21.0,39.6,0.0,0.0,0.0,0.0,0.0,0.2,0.0,0.3,0.0,0.0,0.0,0.0,0.1,0.1,0.0,False,50
GPIHBP1,0.05,1,1,1,39.0,35.0,39.6,,0.0,0.0,0.0,0.0,0.0,0.0,0.5,0.0,0.0,0.0,0.0,0.0,0.0,0.0,False,50
TMED3,0.05,0,0,0,41.0,30.0,40.0,0.0,0.0,0.0,0.1,0.0,0.0,0.4,0.0,0.0,0.0,0.0,0.0,0.0,0.0,0.0,False,50
LINC00310,0.05,0,0,0,45.0,31.0,40.4,0.0,0.0,0.1,0.0,0.0,0.2,0.0,0.2,0.0,0.0,0.0,0.0,0.1,0.2,0.0,False,50
CAPN1,0.04,0,0,0,4.5,3.0,4.25,1.0,0.0,0.0,0.0,0.0,0.0,0.0,0.0,0.1,0.1,0.1,0.1,0.0,0.0,0.0,False,50
ARFGAP1,0.04,0,0,0,8.5,6.0,8.25,1.0,0.1,0.0,0.0,0.0,0.0,0.0,0.0,0.0,0.0,0.2,0.2,0.0,0.0,0.1,False,50
CMA1,0.04,0,0,0,9.5,9.0,12.5,0.25,0.0,0.2,0.0,0.0,0.0,0.0,0.0,0.0,0.0,0.1,0.1,0.1,0.0,0.0,False,50
TNK2-AS1,0.04,0,0,0,10.5,2.0,13.0,0.0,0.0,0.4,0.0,0.0,0.0,0.0,0.0,0.0,0.0,0.0,0.0,0.4,0.0,0.0,False,50
HINT3,0.04,0,0,0,16.5,9.0,15.25,0.25,0.0,0.1,0.3,0.0,0.0,0.0,0.0,0.0,0.0,0.0,0.0,0.0,0.0,0.0,False,50
EFNA1,0.04,0,0,0,16.0,12.0,16.25,1.0,0.0,0.0,0.0,0.0,0.0,0.0,0.0,0.0,0.0,0.2,0.2,0.0,0.0,0.0,False,50
PGC,0.04,0,0,0,15.0,8.0,16.25,0.0,0.0,0.3,0.0,0.1,0.0,0.0,0.0,0.0,0.0,0.0,0.0,1.0,0.0,0.0,False,50
SMIM20,0.04,0,0,0,17.5,5.0,16.25,1.0,0.0,0.0,0.0,0.0,0.0,0.0,0.0,0.2,0.2,0.0,0.0,0.0,0.0,0.0,False,50
KCNE1,0.04,0,0,0,12.5,2.0,17.0,1.0,0.0,0.0,0.0,0.4,0.0,0.0,0.0,0.0,0.0,0.0,0.0,0.0,0.2,0.0,False,50
PDK4,0.04,0,0,0,14.0,2.0,17.0,0.5,0.2,0.0,0.0,0.0,0.0,0.0,0.0,0.2,0.2,0.0,0.0,0.0,0.0,0.2,False,50
CNRIP1,0.04,0,0,0,16.0,10.0,17.25,1.0,0.0,0.0,0.0,0.0,0.0,0.0,0.0,0.1,0.1,0.1,0.1,0.0,0.0,0.0,False,50
ZNF555,0.04,0,0,0,19.0,11.0,18.0,0.0,0.0,0.0,0.0,0.3,0.0,0.1,0.0,0.0,0.0,0.0,0.0,0.0,0.0,0.0,False,50
COL11A1,0.04,0,0,0,14.5,13.0,18.5,0.8888888888888888,0.6,0.0,0.2,0.0,0.0,0.0,0.0,0.1,0.1,0.0,0.0,0.0,0.0,0.6,False,50
RANGAP1,0.04,0,0,0,18.5,14.0,19.0,1.0,0.0,0.0,0.0,0.0,0.0,0.0,0.0,0.0,0.0,0.2,0.2,0.0,0.0,0.0,False,50
GALE,0.04,0,0,0,19.0,16.0,19.25,1.0,0.1,0.0,0.0,0.0,0.0,0.0,0.0,0.0,0.0,0.2,0.2,0.0,0.0,0.1,False,50
NMRAL1,0.04,0,0,0,19.5,7.0,20.25,1.0,0.0,0.0,0.0,0.0,0.0,0.0,0.0,0.2,0.2,0.0,0.0,0.0,0.0,0.0,False,50
COMP,0.04,0,0,0,14.0,5.0,20.5,0.8571428571428571,0.3,0.0,0.4,0.0,0.0,0.0,0.0,0.0,0.0,0.0,0.0,0.0,0.0,0.3,False,50
EDNRB,0.04,0,0,0,21.0,13.0,21.0,0.5,0.2,0.0,0.0,0.0,0.0,0.0,0.0,0.0,0.0,0.2,0.2,0.0,0.0,0.2,False,50
SHISA2,0.04,0,0,0,21.0,2.0,21.0,0.75,0.0,0.2,0.2,0.0,0.0,0.0,0.0,0.0,0.0,0.0,0.0,0.0,0.0,0.0,False,50
VPS37C,0.04,0,0,0,21.0,16.0,21.25,1.0,0.1,0.0,0.0,0.0,0.0,0.0,0.0,0.2,0.2,0.0,0.0,0.0,0.0,0.1,False,50
EPPK1,0.04,0,0,0,22.0,13.0,22.0,1.0,0.0,0.0,0.0,0.0,0.0,0.0,0.0,0.2,0.2,0.0,0.0,0.0,0.0,0.0,False,50
HSPB2,0.04,0,0,0,20.0,2.0,22.0,0.75,0.1,0.0,0.0,0.0,0.0,0.0,0.0,0.3,0.1,0.0,0.0,0.0,0.0,0.1,False,50
ADAL,0.04,0,0,0,22.0,11.0,22.25,0.0,0.0,0.2,0.2,0.0,0.0,0.0,0.0,0.0,0.0,0.0,0.0,0.1,0.0,0.0,False,50
KLHDC7A,0.04,0,0,0,19.0,7.0,22.75,0.5,0.0,0.1,0.1,0.2,0.0,0.0,0.0,0.0,0.0,0.0,0.0,0.0,0.0,0.0,False,50
RAPSN,0.04,0,0,0,24.0,9.0,22.75,,0.0,0.0,0.0,0.4,0.0,0.0,0.0,0.0,0.0,0.0,0.0,0.0,0.0,0.0,False,50
EPS8L2,0.04,0,0,0,18.5,15.0,23.0,1.0,0.2,0.0,0.0,0.0,0.0,0.0,0.0,0.1,0.1,0.1,0.1,0.0,0.0,0.2,False,50
MAPK10,0.04,0,0,0,21.5,3.0,23.0,0.25,0.0,0.0,0.1,0.0,0.1,0.2,0.0,0.0,0.0,0.0,0.0,0.0,0.0,0.0,False,50
FAM76A,0.04,0,0,0,23.5,11.0,23.25,1.0,0.0,0.0,0.0,0.0,0.0,0.0,0.0,0.1,0.1,0.1,0.1,0.0,0.0,0.0,False,50
LAMA5,0.04,0,0,0,22.0,18.0,23.25,1.0,0.3,0.0,0.0,0.0,0.0,0.0,0.0,0.1,0.1,0.1,0.1,0.0,0.0,0.3,False,50
KL,0.04,0,0,0,21.0,14.0,24.5,0.25,0.0,0.1,0.0,0.0,0.1,0.1,0.1,0.0,0.0,0.0,0.0,0.1,0.0,0.0,False,50
ATP8B5P,0.04,0,0,0,23.0,20.0,24.75,0.0,0.0,0.4,0.0,0.0,0.0,0.0,0.0,0.0,0.0,0.0,0.0,0.6,0.0,0.0,False,50
HCAR3,0.04,0,0,0,25.5,7.0,25.0,0.3333333333333333,0.0,0.1,0.1,0.1,0.0,0.1,0.0,0.0,0.0,0.0,0.0,0.0,0.0,0.0,False,50
LINC00667,0.04,0,0,0,24.0,18.0,25.0,0.25,0.0,0.0,0.1,0.1,0.0,0.2,0.0,0.0,0.0,0.0,0.0,0.1,0.0,0.0,False,50
MAP3K1,0.04,0,0,0,26.5,6.0,25.0,,0.0,0.0,0.0,0.4,0.0,0.0,0.0,0.0,0.0,0.0,0.0,0.0,0.0,0.0,False,50
BICDL2,0.04,0,0,0,23.5,18.0,25.25,1.0,0.3,0.0,0.0,0.0,0.0,0.0,0.0,0.2,0.2,0.0,0.0,0.0,0.0,0.3,False,50
RDH13,0.04,0,0,0,25.0,24.0,25.25,1.0,0.2,0.0,0.0,0.0,0.0,0.0,0.0,0.2,0.2,0.0,0.0,0.0,0.0,0.2,False,50
RTKN,0.04,0,0,0,26.0,19.0,26.25,1.0,0.3,0.0,0.0,0.0,0.0,0.0,0.0,0.1,0.1,0.1,0.1,0.0,0.0,0.3,False,50
THAP3,0.04,0,0,0,26.5,14.0,27.0,0.0,0.0,0.0,0.0,0.0,0.1,0.3,0.0,0.0,0.0,0.0,0.0,0.0,0.1,0.0,False,50
CLC,0.04,0,0,0,28.0,13.0,27.25,0.0,0.0,0.4,0.0,0.0,0.0,0.0,0.0,0.0,0.0,0.0,0.0,0.5,0.0,0.0,False,50
TRIM59,0.04,0,0,0,25.0,24.0,27.25,1.0,0.1,0.0,0.0,0.0,0.0,0.0,0.0,0.1,0.1,0.1,0.1,0.0,0.0,0.1,False,50
C1QTNF7,0.04,0,0,0,27.5,23.0,27.5,0.0,0.0,0.1,0.0,0.0,0.1,0.1,0.1,0.0,0.0,0.0,0.0,0.0,0.1,0.0,False,50
SERTAD4,0.04,0,0,0,28.0,7.0,27.5,0.6666666666666666,0.0,0.1,0.2,0.1,0.0,0.0,0.0,0.0,0.0,0.0,0.0,0.0,0.0,0.0,False,50
GINS2,0.04,0,0,0,22.0,20.0,28.25,1.0,0.0,0.0,0.0,0.0,0.0,0.0,0.0,0.2,0.2,0.0,0.0,0.0,0.0,0.0,False,50
CRTAP,0.04,0,0,0,25.0,24.0,28.5,1.0,0.0,0.0,0.0,0.0,0.0,0.0,0.0,0.1,0.1,0.1,0.1,0.0,0.0,0.0,False,50
ADH1B,0.04,0,0,0,30.0,21.0,29.5,0.6666666666666666,0.1,0.0,0.0,0.0,0.0,0.0,0.0,0.2,0.2,0.0,0.0,0.0,0.0,0.1,False,50
F2RL2,0.04,0,0,0,29.5,16.0,29.5,0.3333333333333333,0.0,0.0,0.3,0.1,0.0,0.0,0.0,0.0,0.0,0.0,0.0,0.0,0.0,0.0,False,50
PDE8B,0.04,0,0,0,31.0,14.0,29.5,0.0,0.0,0.0,0.2,0.0,0.0,0.2,0.0,0.0,0.0,0.0,0.0,0.0,0.0,0.0,False,50
ARHGEF3,0.04,0,0,0,35.5,11.0,30.25,,0.0,0.0,0.0,0.4,0.0,0.0,0.0,0.0,0.0,0.0,0.0,0.0,0.0,0.0,False,50
PAK4,0.04,0,0,0,30.5,19.0,30.5,1.0,0.0,0.0,0.0,0.0,0.0,0.0,0.0,0.2,0.2,0.0,0.0,0.0,0.0,0.0,False,50
HMGB3,0.04,0,0,0,29.0,16.0,31.0,1.0,0.2,0.0,0.0,0.0,0.0,0.0,0.0,0.1,0.3,0.0,0.0,0.0,0.0,0.2,False,50
FGF14-AS2,0.04,0,0,0,30.5,23.0,31.5,0.0,0.0,0.0,0.0,0.0,0.1,0.2,0.1,0.0,0.0,0.0,0.0,0.4,0.1,0.0,False,50
NUSAP1,0.04,0,0,0,30.0,27.0,31.5,1.0,0.2,0.0,0.0,0.0,0.0,0.0,0.0,0.2,0.2,0.0,0.0,0.0,0.0,0.2,False,50
SPATS2,0.04,0,0,0,31.5,15.0,32.0,1.0,0.1,0.0,0.0,0.0,0.0,0.0,0.0,0.3,0.1,0.0,0.0,0.0,0.0,0.1,False,50
STK11IP,0.04,0,0,0,32.0,21.0,32.0,0.5,0.0,0.0,0.0,0.1,0.0,0.1,0.0,0.1,0.1,0.0,0.0,0.0,0.0,0.0,False,50
DNAH17,0.04,0,0,0,30.0,25.0,32.75,0.0,0.0,0.4,0.0,0.0,0.0,0.0,0.0,0.0,0.0,0.0,0.0,0.3,0.0,0.0,False,50
SLC38A1,0.04,0,0,0,33.0,17.0,32.75,0.8,0.0,0.0,0.0,0.0,0.2,0.2,0.0,0.0,0.0,0.0,0.0,0.0,0.1,0.0,False,50
PUS1,0.04,0,0,0,32.5,28.0,33.0,1.0,0.0,0.0,0.0,0.0,0.0,0.0,0.0,0.2,0.2,0.0,0.0,0.0,0.0,0.0,False,50
FAM83D,0.04,0,0,0,30.5,23.0,33.25,1.0,0.5,0.0,0.0,0.0,0.0,0.0,0.0,0.1,0.3,0.0,0.0,0.0,0.0,0.5,False,50
FFAR4,0.04,0,0,0,34.0,23.0,33.5,0.0,0.0,0.0,0.0,0.0,0.2,0.0,0.2,0.0,0.0,0.0,0.0,0.0,0.1,0.0,False,50
BSPRY,0.04,0,0,0,38.0,12.0,33.75,1.0,0.0,0.0,0.1,0.0,0.1,0.2,0.0,0.0,0.0,0.0,0.0,0.0,0.1,0.0,False,50
ZNF541,0.04,0,0,0,34.5,17.0,33.75,0.2,0.0,0.0,0.0,0.0,0.2,0.2,0.0,0.0,0.0,0.0,0.0,0.0,0.1,0.0,False,50
HDGF,0.04,0,0,0,34.5,20.0,34.5,1.0,0.0,0.0,0.0,0.0,0.0,0.0,0.0,0.1,0.1,0.1,0.1,0.0,0.0,0.0,False,50
SLITRK6,0.04,0,0,0,34.0,21.0,34.5,0.3333333333333333,0.0,0.0,0.3,0.1,0.0,0.0,0.0,0.0,0.0,0.0,0.0,0.0,0.0,0.0,False,50
SIX4,0.04,0,0,0,33.5,31.0,34.75,1.0,0.0,0.1,0.1,0.0,0.0,0.0,0.0,0.1,0.1,0.0,0.0,0.0,0.0,0.0,False,50
UPK3B,0.04,0,0,0,35.5,24.0,35.5,,0.0,0.0,0.0,0.4,0.0,0.0,0.0,0.0,0.0,0.0,0.0,0.0,0.0,0.0,False,50
LOC100190986,0.04,0,0,0,35.5,22.0,35.75,0.75,0.0,0.0,0.2,0.0,0.0,0.0,0.0,0.1,0.1,0.0,0.0,0.1,0.0,0.0,False,50
SLC4A7,0.04,0,0,0,36.0,21.0,35.75,0.0,0.0,0.0,0.1,0.3,0.0,0.0,0.0,0.0,0.0,0.0,0.0,0.0,0.0,0.0,False,50
VAV3,0.04,0,0,0,38.5,21.0,36.0,1.0,0.0,0.0,0.1,0.0,0.0,0.3,0.0,0.0,0.0,0.0,0.0,0.0,0.0,0.0,False,50
CNTFR-AS1,0.04,0,0,0,38.0,27.0,36.25,0.0,0.0,0.2,0.1,0.0,0.0,0.0,0.1,0.0,0.0,0.0,0.0,0.2,0.0,0.0,False,50
TNMD,0.04,0,0,0,36.0,26.0,37.0,0.5,0.0,0.0,0.0,0.0,0.0,0.0,0.2,0.1,0.1,0.0,0.0,0.1,0.0,0.0,False,50
MSX2,0.04,0,0,0,39.0,25.0,37.75,0.0,0.0,0.0,0.0,0.2,0.0,0.2,0.0,0.0,0.0,0.0,0.0,0.0,0.0,0.0,False,50
LOC107985971,0.04,0,0,0,43.0,19.0,38.5,1.0,0.5,0.0,0.1,0.0,0.0,0.0,0.0,0.0,0.3,0.0,0.0,0.0,0.0,0.5,False,50
ACKR4,0.04,0,0,0,42.5,32.0,41.5,0.75,0.0,0.0,0.0,0.0,0.0,0.4,0.0,0.0,0.0,0.0,0.0,0.0,0.0,0.0,False,50
RBMS3-AS3,0.04,0,0,0,46.5,42.0,46.25,0.0,0.0,0.0,0.0,0.0,0.3,0.0,0.1,0.0,0.0,0.0,0.0,0.0,0.3,0.0,False,50
CDC14A,0.030000000000000006,0,0,0,9.0,3.0,8.333333333333334,1.0,0.0,0.1,0.1,0.1,0.0,0.0,0.0,0.0,0.0,0.0,0.0,0.0,0.0,0.0,False,50
ZNF518A,0.030000000000000006,0,0,0,6.0,1.0,9.333333333333334,0.5,0.0,0.1,0.1,0.1,0.0,0.0,0.0,0.0,0.0,0.0,0.0,0.0,0.0,0.0,False,50
LOC101927870,0.030000000000000006,0,0,0,5.0,4.0,13.333333333333334,1.0,0.0,0.0,0.0,0.1,0.1,0.1,0.0,0.0,0.0,0.0,0.0,0.0,0.1,0.0,False,50
SCN2A,0.030000000000000006,0,0,0,17.0,7.0,13.666666666666666,1.0,0.0,0.0,0.0,0.2,0.1,0.0,0.0,0.0,0.0,0.0,0.0,0.0,0.1,0.0,False,50
FAAH2,0.030000000000000006,0,0,0,2.0,2.0,15.333333333333334,1.0,0.3,0.0,0.0,0.0,0.0,0.0,0.0,0.1,0.2,0.0,0.0,0.0,0.0,0.3,False,50
NPR1,0.030000000000000006,0,0,0,4.0,4.0,16.666666666666668,0.4,0.2,0.0,0.0,0.0,0.0,0.0,0.0,0.2,0.1,0.0,0.0,0.1,0.0,0.2,False,50
LOC728730,0.030000000000000006,0,0,0,22.0,2.0,17.0,0.3333333333333333,0.0,0.1,0.2,0.0,0.0,0.0,0.0,0.0,0.0,0.0,0.0,0.0,0.0,0.0,False,50
CNIH3,0.030000000000000006,0,0,0,23.0,10.0,21.0,1.0,0.0,0.2,0.0,0.1,0.0,0.0,0.0,0.0,0.0,0.0,0.0,0.0,0.0,0.0,False,50
GRHL2,0.030000000000000006,0,0,0,17.0,8.0,22.0,1.0,0.0,0.0,0.0,0.0,0.0,0.0,0.0,0.1,0.2,0.0,0.0,0.0,0.0,0.0,False,50
DOCK11,0.030000000000000006,0,0,0,13.0,8.0,22.333333333333332,1.0,0.0,0.0,0.0,0.0,0.0,0.0,0.0,0.1,0.2,0.0,0.0,0.0,0.0,0.0,False,50
TRIM14,0.030000000000000006,0,0,0,21.0,8.0,23.0,0.3333333333333333,0.0,0.1,0.1,0.0,0.0,0.1,0.0,0.0,0.0,0.0,0.0,0.0,0.0,0.0,False,50
ZBTB42,0.030000000000000006,0,0,0,15.0,15.0,23.666666666666668,1.0,0.5,0.0,0.0,0.0,0.0,0.0,0.0,0.1,0.0,0.1,0.1,0.0,0.0,0.5,False,50
APOF,0.030000000000000006,0,0,0,21.0,14.0,24.333333333333332,1.0,0.0,0.0,0.0,0.1,0.2,0.0,0.0,0.0,0.0,0.0,0.0,0.0,0.1,0.0,False,50
TEFM,0.030000000000000006,0,0,0,28.0,4.0,24.666666666666668,1.0,0.0,0.0,0.0,0.1,0.0,0.0,0.0,0.1,0.1,0.0,0.0,0.0,0.0,0.0,False,50
ABHD5,0.030000000000000006,0,0,0,27.0,19.0,25.0,1.0,0.0,0.0,0.0,0.1,0.0,0.0,0.0,0.0,0.0,0.1,0.1,0.0,0.0,0.0,False,50
LOC101928806,0.030000000000000006,0,0,0,27.0,16.0,25.0,0.5,0.0,0.1,0.1,0.1,0.0,0.0,0.0,0.0,0.0,0.0,0.0,0.0,0.0,0.0,False,50
CREBL2,0.030000000000000006,0,0,0,14.0,14.0,25.333333333333332,1.0,0.0,0.0,0.0,0.0,0.0,0.0,0.0,0.1,0.0,0.1,0.1,0.0,0.0,0.0,False,50
LOC101927204,0.030000000000000006,0,0,0,30.0,11.0,25.333333333333332,0.8888888888888888,0.7,0.0,0.1,0.0,0.0,0.0,0.0,0.1,0.1,0.0,0.0,0.0,0.0,0.7,False,50
TAT,0.030000000000000006,0,0,0,20.0,15.0,26.0,1.0,0.0,0.0,0.0,0.1,0.1,0.1,0.0,0.0,0.0,0.0,0.0,0.0,0.0,0.0,False,50
TBC1D2,0.030000000000000006,0,0,0,31.0,11.0,26.0,0.3333333333333333,0.0,0.0,0.0,0.1,0.0,0.2,0.0,0.0,0.0,0.0,0.0,0.0,0.1,0.0,False,50
ANXA2P3,0.030000000000000006,0,0,0,23.0,15.0,26.333333333333332,0.0,0.0,0.1,0.1,0.0,0.0,0.1,0.0,0.0,0.0,0.0,0.0,0.2,0.1,0.0,False,50
ZNF512B,0.030000000000000006,0,0,0,19.0,12.0,26.333333333333332,1.0,0.0,0.0,0.0,0.0,0.0,0.0,0.0,0.1,0.2,0.0,0.0,0.0,0.0,0.0,False,50
C6,0.030000000000000006,0,0,0,25.0,17.0,26.666666666666668,0.0,0.0,0.1,0.0,0.0,0.1,0.0,0.1,0.0,0.0,0.0,0.0,0.2,0.2,0.0,False,50
GNG11,0.030000000000000006,0,0,0,29.0,12.0,26.666666666666668,0.5,0.2,0.0,0.0,0.0,0.0,0.0,0.0,0.2,0.1,0.0,0.0,0.0,0.0,0.2,False,50
ZNF493,0.030000000000000006,0,0,0,29.0,17.0,27.0,0.5,0.0,0.0,0.1,0.0,0.0,0.0,0.0,0.1,0.1,0.0,0.0,0.0,0.0,0.0,False,50
ACO1,0.030000000000000006,0,0,0,25.0,25.0,27.666666666666668,1.0,0.0,0.0,0.0,0.0,0.0,0.0,0.0,0.1,0.0,0.1,0.1,0.0,0.0,0.0,False,50
FAM124B,0.030000000000000006,0,0,0,19.0,16.0,27.666666666666668,1.0,0.0,0.0,0.0,0.2,0.1,0.0,0.0,0.0,0.0,0.0,0.0,0.0,0.1,0.0,False,50
MGARP,0.030000000000000006,0,0,0,24.0,15.0,27.666666666666668,1.0,0.0,0.0,0.0,0.2,0.1,0.0,0.0,0.0,0.0,0.0,0.0,0.0,0.0,0.0,False,50
TMEM221,0.030000000000000006,0,0,0,24.0,15.0,27.666666666666668,0.0,0.0,0.2,0.0,0.1,0.0,0.0,0.0,0.0,0.0,0.0,0.0,0.1,0.0,0.0,False,50
CENPK,0.030000000000000006,0,0,0,23.0,17.0,28.333333333333332,1.0,0.0,0.0,0.0,0.0,0.0,0.0,0.0,0.1,0.0,0.1,0.1,0.0,0.0,0.0,False,50
AKR1C1,0.030000000000000006,0,0,0,32.0,13.0,28.666666666666668,0.3333333333333333,0.2,0.0,0.0,0.0,0.0,0.0,0.0,0.1,0.2,0.0,0.0,0.0,0.0,0.2,False,50
SCARA5,0.030000000000000006,0,0,0,34.0,15.0,28.666666666666668,1.0,0.0,0.0,0.0,0.0,0.0,0.0,0.0,0.2,0.1,0.0,0.0,0.0,0.0,0.0,False,50
SUCLG1,0.030000000000000006,0,0,0,34.0,12.0,28.666666666666668,1.0,0.0,0.0,0.1,0.2,0.0,0.0,0.0,0.0,0.0,0.0,0.0,0.0,0.0,0.0,False,50
GPT2,0.030000000000000006,0,0,0,23.0,20.0,29.0,1.0,0.0,0.0,0.1,0.2,0.0,0.0,0.0,0.0,0.0,0.0,0.0,0.0,0.0,0.0,False,50
PGM2L1,0.030000000000000006,0,0,0,27.0,18.0,29.0,1.0,0.0,0.0,0.1,0.0,0.0,0.0,0.0,0.1,0.1,0.0,0.0,0.0,0.0,0.0,False,50
GPC3,0.030000000000000006,0,0,0,35.0,10.0,29.333333333333332,0.3333333333333333,0.0,0.1,0.1,0.0,0.0,0.0,0.0,0.1,0.0,0.0,0.0,0.0,0.0,0.0,False,50
KIAA1549,0.030000000000000006,0,0,0,23.0,22.0,30.333333333333332,1.0,0.0,0.0,0.0,0.0,0.0,0.0,0.0,0.0,0.1,0.1,0.1,0.0,0.0,0.0,False,50
HIGD1B,0.030000000000000006,0,0,0,36.0,14.0,30.666666666666668,0.3333333333333333,0.0,0.0,0.2,0.0,0.0,0.1,0.0,0.0,0.0,0.0,0.0,0.0,0.0,0.0,False,50
KIAA0907,0.030000000000000006,0,0,0,29.0,18.0,30.666666666666668,0.875,0.6,0.0,0.1,0.0,0.0,0.0,0.0,0.1,0.1,0.0,0.0,0.0,0.0,0.6,False,50
ATG16L1,0.030000000000000006,0,0,0,42.0,6.0,31.0,1.0,0.1,0.1,0.1,0.0,0.0,0.0,0.0,0.0,0.1,0.0,0.0,0.0,0.0,0.1,False,50
DCAF8,0.030000000000000006,0,0,0,35.0,23.0,31.333333333333332,1.0,0.0,0.0,0.0,0.0,0.0,0.0,0.0,0.2,0.1,0.0,0.0,0.0,0.0,0.0,False,50
F12,0.030000000000000006,0,0,0,30.0,30.0,32.0,0.875,0.6,0.0,0.1,0.0,0.0,0.0,0.0,0.1,0.1,0.0,0.0,0.0,0.0,0.6,False,50
KCNA2,0.030000000000000006,0,0,0,35.0,23.0,32.0,0.0,0.0,0.0,0.0,0.0,0.1,0.0,0.1,0.0,0.1,0.0,0.0,0.1,0.1,0.0,False,50
KDM5B,0.030000000000000006,0,0,0,32.0,15.0,32.0,1.0,0.0,0.0,0.0,0.0,0.0,0.0,0.0,0.2,0.1,0.0,0.0,0.0,0.0,0.0,False,50
KIAA1107,0.030000000000000006,0,0,0,24.0,22.0,32.0,1.0,0.0,0.0,0.1,0.1,0.0,0.1,0.0,0.0,0.0,0.0,0.0,0.0,0.0,0.0,False,50
PIP4K2C,0.030000000000000006,0,0,0,30.0,22.0,32.666666666666664,1.0,0.0,0.0,0.0,0.0,0.0,0.0,0.0,0.1,0.2,0.0,0.0,0.0,0.0,0.0,False,50
GHRH,0.030000000000000006,0,0,0,30.0,26.0,33.666666666666664,1.0,0.0,0.0,0.0,0.2,0.1,0.0,0.0,0.0,0.0,0.0,0.0,0.0,0.0,0.0,False,50
TFAP2A,0.030000000000000006,0,0,0,32.0,22.0,33.666666666666664,1.0,0.0,0.0,0.0,0.0,0.0,0.0,0.1,0.1,0.1,0.0,0.0,0.0,0.0,0.0,False,50
GAL3ST4,0.030000000000000006,0,0,0,35.0,33.0,34.333333333333336,0.5,0.0,0.1,0.1,0.1,0.0,0.0,0.0,0.0,0.0,0.0,0.0,0.0,0.0,0.0,False,50
RPL32P3,0.030000000000000006,0,0,0,32.0,32.0,34.333333333333336,1.0,0.0,0.0,0.0,0.0,0.0,0.0,0.0,0.1,0.2,0.0,0.0,0.0,0.0,0.0,False,50
IER3,0.030000000000000006,0,0,0,29.0,27.0,34.666666666666664,1.0,0.0,0.0,0.0,0.0,0.0,0.0,0.0,0.2,0.1,0.0,0.0,0.0,0.0,0.0,False,50
CHSY1,0.030000000000000006,0,0,0,32.0,27.0,35.0,1.0,0.0,0.0,0.1,0.1,0.0,0.1,0.0,0.0,0.0,0.0,0.0,0.0,0.0,0.0,False,50
LIPJ,0.030000000000000006,0,0,0,33.0,23.0,35.0,0.25,0.0,0.0,0.2,0.0,0.0,0.1,0.0,0.0,0.0,0.0,0.0,0.1,0.0,0.0,False,50
WDR34,0.030000000000000006,0,0,0,33.0,29.0,35.0,1.0,0.1,0.0,0.0,0.0,0.0,0.0,0.0,0.2,0.1,0.0,0.0,0.0,0.0,0.1,False,50
KLB,0.030000000000000006,0,0,0,36.0,23.0,35.333333333333336,0.25,0.0,0.0,0.1,0.0,0.0,0.0,0.1,0.1,0.0,0.0,0.0,0.1,0.1,0.0,False,50
ADAMTS9-AS1,0.030000000000000006,0,0,0,41.0,24.0,35.666666666666664,0.0,0.0,0.2,0.0,0.1,0.0,0.0,0.0,0.0,0.0,0.0,0.0,0.6,0.0,0.0,False,50
CASP10,0.030000000000000006,0,0,0,41.0,20.0,35.666666666666664,0.3333333333333333,0.0,0.2,0.1,0.0,0.0,0.0,0.0,0.0,0.0,0.0,0.0,0.0,0.0,0.0,False,50
EGFLAM,0.030000000000000006,0,0,0,42.0,22.0,35.666666666666664,1.0,0.0,0.0,0.0,0.0,0.0,0.0,0.0,0.1,0.2,0.0,0.0,0.0,0.0,0.0,False,50
MGC16275,0.030000000000000006,0,0,0,33.0,31.0,35.666666666666664,1.0,0.0,0.0,0.0,0.1,0.1,0.1,0.0,0.0,0.0,0.0,0.0,0.0,0.2,0.0,False,50
PYGL,0.030000000000000006,0,0,0,43.0,18.0,35.666666666666664,0.6666666666666666,0.0,0.1,0.1,0.0,0.0,0.0,0.0,0.1,0.0,0.0,0.0,0.0,0.0,0.0,False,50
RHOXF1,0.030000000000000006,0,0,0,43.0,20.0,35.666666666666664,0.0,0.0,0.0,0.0,0.0,0.2,0.0,0.1,0.0,0.0,0.0,0.0,0.0,0.1,0.0,False,50
ST14,0.030000000000000006,0,0,0,45.0,15.0,36.333333333333336,1.0,0.0,0.0,0.0,0.0,0.0,0.2,0.1,0.0,0.0,0.0,0.0,0.0,0.0,0.0,False,50
DTL,0.030000000000000006,0,0,0,46.0,17.0,37.666666666666664,1.0,0.0,0.0,0.0,0.0,0.0,0.0,0.0,0.1,0.2,0.0,0.0,0.0,0.0,0.0,False,50
LINC00537,0.030000000000000006,0,0,0,48.0,21.0,39.333333333333336,0.0,0.0,0.0,0.1,0.0,0.0,0.2,0.0,0.0,0.0,0.0,0.0,0.0,0.0,0.0,False,50
RACGAP1,0.030000000000000006,0,0,0,41.0,36.0,40.0,0.6666666666666666,0.1,0.0,0.1,0.0,0.0,0.0,0.0,0.1,0.1,0.0,0.0,0.0,0.0,0.1,False,50
ALDH18A1,0.030000000000000006,0,0,0,47.0,27.0,41.333333333333336,1.0,0.0,0.1,0.2,0.0,0.0,0.0,0.0,0.0,0.0,0.0,0.0,0.0,0.0,0.0,False,50
SNRNP70,0.030000000000000006,0,0,0,44.0,31.0,41.333333333333336,1.0,0.0,0.0,0.0,0.0,0.0,0.0,0.0,0.1,0.2,0.0,0.0,0.0,0.0,0.0,False,50
GPLD1,0.030000000000000006,0,0,0,43.0,39.0,42.0,0.0,0.0,0.0,0.0,0.0,0.1,0.0,0.2,0.0,0.0,0.0,0.0,0.0,0.2,0.0,False,50
GRP,0.030000000000000006,0,0,0,42.0,38.0,42.333333333333336,0.5,0.0,0.0,0.0,0.1,0.0,0.2,0.0,0.0,0.0,0.0,0.0,0.0,0.0,0.0,False,50
GPBAR1,0.030000000000000006,0,0,0,46.0,43.0,45.0,0.3333333333333333,0.0,0.0,0.0,0.0,0.1,0.0,0.1,0.1,0.0,0.0,0.0,0.0,0.1,0.0,False,50
DEFB132,0.030000000000000006,0,0,0,46.0,44.0,45.666666666666664,0.0,0.0,0.1,0.0,0.0,0.0,0.0,0.2,0.0,0.0,0.0,0.0,0.0,0.1,0.0,False,50
POLR2H,0.030000000000000006,0,0,0,49.0,43.0,47.0,1.0,0.0,0.0,0.0,0.0,0.0,0.0,0.0,0.1,0.2,0.0,0.0,0.0,0.0,0.0,False,50
CDON,0.03,0,0,0,22.0,14.0,19.666666666666668,0.3333333333333333,0.0,0.0,0.3,0.0,0.0,0.0,0.0,0.0,0.0,0.0,0.0,0.0,0.0,0.0,False,50
ZNF788,0.03,0,0,0,19.0,11.0,19.666666666666668,,0.0,0.0,0.0,0.3,0.0,0.0,0.0,0.0,0.0,0.0,0.0,0.0,0.0,0.0,False,50
ZNF718,0.03,0,0,0,18.0,8.0,20.666666666666668,,0.0,0.0,0.0,0.3,0.0,0.0,0.0,0.0,0.0,0.0,0.0,0.0,0.0,0.0,False,50
LOC101928433,0.03,0,0,0,12.0,10.0,21.0,1.0,0.0,0.0,0.3,0.0,0.0,0.0,0.0,0.0,0.0,0.0,0.0,0.0,0.0,0.0,False,50
PRPS1L1,0.03,0,0,0,22.0,14.0,21.333333333333332,0.0,0.0,0.3,0.0,0.0,0.0,0.0,0.0,0.0,0.0,0.0,0.0,0.6,0.0,0.0,False,50
LINC01088,0.03,0,0,0,23.0,18.0,22.333333333333332,0.0,0.0,0.3,0.0,0.0,0.0,0.0,0.0,0.0,0.0,0.0,0.0,0.9,0.0,0.0,False,50
ZFP37,0.03,0,0,0,22.0,9.0,22.333333333333332,,0.0,0.0,0.0,0.3,0.0,0.0,0.0,0.0,0.0,0.0,0.0,0.0,0.0,0.0,False,50
DLX1,0.03,0,0,0,26.0,9.0,22.666666666666668,,0.0,0.0,0.0,0.3,0.0,0.0,0.0,0.0,0.0,0.0,0.0,0.0,0.0,0.0,False,50
MSTN,0.03,0,0,0,24.0,20.0,25.0,,0.0,0.0,0.0,0.3,0.0,0.0,0.0,0.0,0.0,0.0,0.0,0.0,0.0,0.0,False,50
SOWAHA,0.03,0,0,0,33.0,26.0,31.666666666666668,,0.0,0.0,0.0,0.3,0.0,0.0,0.0,0.0,0.0,0.0,0.0,0.0,0.0,0.0,False,50
C4orf19,0.03,0,0,0,36.0,24.0,33.666666666666664,1.0,0.0,0.0,0.0,0.0,0.0,0.3,0.0,0.0,0.0,0.0,0.0,0.0,0.0,0.0,False,50
SLC25A25,0.03,0,0,0,31.0,27.0,36.0,,0.0,0.0,0.0,0.3,0.0,0.0,0.0,0.0,0.0,0.0,0.0,0.0,0.0,0.0,False,50
SHTN1,0.03,0,0,0,36.0,33.0,39.666666666666664,0.6666666666666666,0.0,0.0,0.3,0.0,0.0,0.0,0.0,0.0,0.0,0.0,0.0,0.0,0.0,0.0,False,50
RDH5,0.03,0,0,0,42.0,31.0,40.666666666666664,0.3333333333333333,0.0,0.0,0.0,0.0,0.0,0.3,0.0,0.0,0.0,0.0,0.0,0.0,0.0,0.0,False,50
PLEKHG6,0.03,0,0,0,47.0,36.0,43.666666666666664,0.3333333333333333,0.0,0.0,0.0,0.0,0.0,0.3,0.0,0.0,0.0,0.0,0.0,0.0,0.0,0.0,False,50
SLC6A6,0.02,0,0,0,6.0,3.0,6.0,0.5,0.0,0.1,0.1,0.0,0.0,0.0,0.0,0.0,0.0,0.0,0.0,0.0,0.0,0.0,False,50
SIGLEC9,0.02,0,0,0,6.5,5.0,6.5,1.0,0.0,0.0,0.0,0.2,0.0,0.0,0.0,0.0,0.0,0.0,0.0,0.0,0.2,0.0,False,50
KIF1C,0.02,0,0,0,7.0,2.0,7.0,0.0,0.0,0.1,0.1,0.0,0.0,0.0,0.0,0.0,0.0,0.0,0.0,0.0,0.0,0.0,False,50
PTPA,0.02,0,0,0,7.5,7.0,7.5,1.0,0.0,0.0,0.0,0.0,0.0,0.0,0.0,0.1,0.1,0.0,0.0,0.0,0.0,0.0,False,50
SIGLEC16,0.02,0,0,0,7.5,7.0,7.5,1.0,0.0,0.0,0.0,0.2,0.0,0.0,0.0,0.0,0.0,0.0,0.0,0.0,0.1,0.0,False,50
TLDC1,0.02,0,0,0,7.5,7.0,7.5,1.0,0.0,0.0,0.0,0.0,0.0,0.0,0.0,0.1,0.1,0.0,0.0,0.0,0.0,0.0,False,50
LDB2,0.02,0,0,0,8.0,4.0,8.0,0.5,0.1,0.0,0.0,0.0,0.0,0.0,0.0,0.1,0.1,0.0,0.0,0.0,0.0,0.1,False,50
AOC3,0.02,0,0,0,9.0,3.0,9.0,1.0,0.0,0.0,0.0,0.0,0.0,0.0,0.0,0.1,0.1,0.0,0.0,0.0,0.0,0.0,False,50
LINC01104,0.02,0,0,0,9.0,8.0,9.0,,0.0,0.0,0.0,0.2,0.0,0.0,0.0,0.0,0.0,0.0,0.0,0.0,0.0,0.0,False,50
NIPSNAP1,0.02,0,0,0,10.0,9.0,10.0,1.0,0.0,0.0,0.0,0.0,0.0,0.0,0.0,0.1,0.1,0.0,0.0,0.0,0.0,0.0,False,50
LOC400965,0.02,0,0,0,10.5,7.0,10.5,,0.0,0.0,0.0,0.2,0.0,0.0,0.0,0.0,0.0,0.0,0.0,0.0,0.0,0.0,False,50
MME,0.02,0,0,0,10.5,10.0,10.5,1.0,0.0,0.0,0.0,0.0,0.0,0.0,0.0,0.0,0.0,0.1,0.1,0.0,0.0,0.0,False,50
FAM83H,0.02,0,0,0,11.0,10.0,11.0,1.0,0.2,0.0,0.0,0.0,0.0,0.0,0.0,0.0,0.0,0.1,0.1,0.0,0.0,0.2,False,50
MYO1C,0.02,0,0,0,11.5,10.0,11.5,0.5,0.0,0.0,0.0,0.0,0.0,0.2,0.0,0.0,0.0,0.0,0.0,0.0,0.0,0.0,False,50
SULF2,0.02,0,0,0,11.5,3.0,11.5,1.0,0.0,0.1,0.1,0.0,0.0,0.0,0.0,0.0,0.0,0.0,0.0,0.0,0.0,0.0,False,50
ABCC10,0.02,0,0,0,12.0,10.0,12.0,1.0,0.0,0.0,0.0,0.0,0.0,0.0,0.0,0.0,0.0,0.1,0.1,0.0,0.0,0.0,False,50
CLDN5,0.02,0,0,0,12.0,10.0,12.0,1.0,0.0,0.0,0.0,0.0,0.0,0.0,0.0,0.1,0.1,0.0,0.0,0.0,0.0,0.0,False,50
IQCH,0.02,0,0,0,12.0,8.0,12.0,1.0,0.0,0.0,0.0,0.2,0.0,0.0,0.0,0.0,0.0,0.0,0.0,0.0,0.1,0.0,False,50
RBM12B,0.02,0,0,0,12.0,11.0,12.0,1.0,0.1,0.0,0.0,0.0,0.0,0.0,0.0,0.1,0.1,0.0,0.0,0.0,0.0,0.1,False,50
FLJ10038,0.02,0,0,0,12.5,12.0,12.5,0.5,0.0,0.0,0.2,0.0,0.0,0.0,0.0,0.0,0.0,0.0,0.0,0.0,0.0,0.0,False,50
MTCL1,0.02,0,0,0,12.5,6.0,12.5,1.0,0.0,0.1,0.1,0.0,0.0,0.0,0.0,0.0,0.0,0.0,0.0,0.0,0.0,0.0,False,50
FREM1,0.02,0,0,0,13.0,12.0,13.0,1.0,0.0,0.0,0.0,0.0,0.0,0.0,0.0,0.0,0.0,0.1,0.1,0.0,0.0,0.0,False,50
ABCB7,0.02,0,0,0,13.5,12.0,13.5,0.5,0.0,0.1,0.1,0.0,0.0,0.0,0.0,0.0,0.0,0.0,0.0,0.0,0.0,0.0,False,50
CENPU,0.02,0,0,0,14.0,12.0,14.0,1.0,0.0,0.0,0.0,0.0,0.0,0.0,0.0,0.0,0.0,0.1,0.1,0.0,0.0,0.0,False,50
ADGRL4,0.02,0,0,0,14.5,8.0,14.5,1.0,0.0,0.0,0.0,0.0,0.0,0.0,0.0,0.1,0.1,0.0,0.0,0.0,0.0,0.0,False,50
TSPAN13,0.02,0,0,0,14.5,9.0,14.5,1.0,0.0,0.0,0.0,0.0,0.0,0.0,0.0,0.1,0.1,0.0,0.0,0.0,0.0,0.0,False,50
ZDHHC20,0.02,0,0,0,14.5,5.0,14.5,0.5,0.0,0.1,0.1,0.0,0.0,0.0,0.0,0.0,0.0,0.0,0.0,0.0,0.0,0.0,False,50
CLK2,0.02,0,0,0,15.0,15.0,15.0,1.0,0.0,0.0,0.0,0.0,0.0,0.0,0.0,0.1,0.1,0.0,0.0,0.0,0.0,0.0,False,50
PDK2,0.02,0,0,0,15.0,5.0,15.0,0.5,0.0,0.1,0.1,0.0,0.0,0.0,0.0,0.0,0.0,0.0,0.0,0.0,0.0,0.0,False,50
SLC35D1,0.02,0,0,0,15.5,10.0,15.5,1.0,0.0,0.1,0.1,0.0,0.0,0.0,0.0,0.0,0.0,0.0,0.0,0.0,0.0,0.0,False,50
ZSCAN2,0.02,0,0,0,15.5,13.0,15.5,0.5,0.0,0.1,0.1,0.0,0.0,0.0,0.0,0.0,0.0,0.0,0.0,0.0,0.0,0.0,False,50
S1PR1,0.02,0,0,0,16.0,8.0,16.0,0.0,0.0,0.1,0.1,0.0,0.0,0.0,0.0,0.0,0.0,0.0,0.0,0.1,0.0,0.0,False,50
NNMT,0.02,0,0,0,16.5,4.0,16.5,0.3333333333333333,0.0,0.1,0.1,0.0,0.0,0.0,0.0,0.0,0.0,0.0,0.0,0.1,0.0,0.0,False,50
PLCB2,0.02,0,0,0,16.5,15.0,16.5,,0.0,0.0,0.0,0.2,0.0,0.0,0.0,0.0,0.0,0.0,0.0,0.0,0.0,0.0,False,50
BTF3L4,0.02,0,0,0,17.0,8.0,17.0,,0.0,0.0,0.0,0.2,0.0,0.0,0.0,0.0,0.0,0.0,0.0,0.0,0.0,0.0,False,50
GAS5,0.02,0,0,0,17.0,15.0,17.0,,0.0,0.0,0.0,0.2,0.0,0.0,0.0,0.0,0.0,0.0,0.0,0.0,0.0,0.0,False,50
LOC102725438,0.02,0,0,0,17.0,5.0,17.0,0.0,0.0,0.2,0.0,0.0,0.0,0.0,0.0,0.0,0.0,0.0,0.0,0.2,0.0,0.0,False,50
BICDL1,0.02,0,0,0,17.5,10.0,17.5,1.0,0.1,0.0,0.0,0.0,0.0,0.0,0.0,0.1,0.1,0.0,0.0,0.0,0.0,0.1,False,50
GREM2,0.02,0,0,0,18.0,11.0,18.0,0.0,0.0,0.1,0.1,0.0,0.0,0.0,0.0,0.0,0.0,0.0,0.0,0.1,0.0,0.0,False,50
LOC101927650,0.02,0,0,0,18.0,16.0,18.0,,0.0,0.0,0.0,0.2,0.0,0.0,0.0,0.0,0.0,0.0,0.0,0.0,0.0,0.0,False,50
WISP1,0.02,0,0,0,18.0,15.0,18.0,0.75,0.2,0.0,0.2,0.0,0.0,0.0,0.0,0.0,0.0,0.0,0.0,0.0,0.0,0.2,False,50
RBM10,0.02,0,0,0,18.5,14.0,18.5,1.0,0.2,0.0,0.0,0.0,0.0,0.0,0.0,0.1,0.1,0.0,0.0,0.0,0.0,0.2,False,50
AP1G2,0.02,0,0,0,19.0,16.0,19.0,1.0,0.0,0.0,0.0,0.0,0.0,0.0,0.0,0.0,0.0,0.1,0.1,0.0,0.0,0.0,False,50
GINS1,0.02,0,0,0,19.0,18.0,19.0,1.0,0.2,0.0,0.0,0.0,0.0,0.0,0.0,0.0,0.0,0.1,0.1,0.0,0.0,0.2,False,50
STX1B,0.02,0,0,0,19.0,11.0,19.0,0.0,0.0,0.2,0.0,0.0,0.0,0.0,0.0,0.0,0.0,0.0,0.0,0.3,0.0,0.0,False,50
KIAA1522,0.02,0,0,0,19.5,19.0,19.5,1.0,0.0,0.0,0.0,0.0,0.0,0.0,0.0,0.1,0.1,0.0,0.0,0.0,0.0,0.0,False,50
STX8,0.02,0,0,0,19.5,16.0,19.5,1.0,0.0,0.0,0.0,0.0,0.0,0.0,0.0,0.1,0.1,0.0,0.0,0.0,0.0,0.0,False,50
ATAD3A,0.02,0,0,0,20.0,19.0,20.0,1.0,0.0,0.0,0.0,0.0,0.0,0.0,0.0,0.1,0.1,0.0,0.0,0.0,0.0,0.0,False,50
CSK,0.02,0,0,0,20.0,16.0,20.0,1.0,0.0,0.0,0.0,0.0,0.0,0.0,0.0,0.1,0.1,0.0,0.0,0.0,0.0,0.0,False,50
KIF18B,0.02,0,0,0,20.5,14.0,20.5,1.0,0.1,0.0,0.0,0.0,0.0,0.0,0.0,0.1,0.1,0.0,0.0,0.0,0.0,0.1,False,50
ANLN,0.02,0,0,0,21.0,20.0,21.0,1.0,0.2,0.0,0.0,0.0,0.0,0.0,0.0,0.0,0.0,0.1,0.1,0.0,0.0,0.2,False,50
UGP2,0.02,0,0,0,21.0,15.0,21.0,,0.0,0.0,0.0,0.2,0.0,0.0,0.0,0.0,0.0,0.0,0.0,0.0,0.0,0.0,False,50
UNC5B,0.02,0,0,0,21.0,21.0,21.0,1.0,0.0,0.0,0.0,0.0,0.0,0.0,0.0,0.0,0.0,0.1,0.1,0.0,0.0,0.0,False,50
LOC339352,0.02,0,0,0,21.5,15.0,21.5,,0.0,0.0,0.0,0.2,0.0,0.0,0.0,0.0,0.0,0.0,0.0,0.0,0.0,0.0,False,50
TNFAIP8L1,0.02,0,0,0,21.5,13.0,21.5,0.5,0.0,0.0,0.2,0.0,0.0,0.0,0.0,0.0,0.0,0.0,0.0,0.0,0.0,0.0,False,50
CKS2,0.02,0,0,0,22.0,21.0,22.0,1.0,0.0,0.0,0.0,0.0,0.0,0.0,0.0,0.0,0.0,0.1,0.1,0.0,0.0,0.0,False,50
PINLYP,0.02,0,0,0,22.0,18.0,22.0,1.0,0.0,0.0,0.0,0.0,0.0,0.0,0.0,0.1,0.1,0.0,0.0,0.0,0.0,0.0,False,50
STXBP6,0.02,0,0,0,22.0,22.0,22.0,1.0,0.0,0.0,0.0,0.0,0.0,0.0,0.0,0.0,0.0,0.1,0.1,0.0,0.0,0.0,False,50
PIK3R2,0.02,0,0,0,22.5,13.0,22.5,1.0,0.0,0.0,0.0,0.0,0.0,0.0,0.0,0.1,0.1,0.0,0.0,0.0,0.0,0.0,False,50
NAA40,0.02,0,0,0,23.0,14.0,23.0,1.0,0.0,0.1,0.1,0.0,0.0,0.0,0.0,0.0,0.0,0.0,0.0,0.0,0.0,0.0,False,50
KIF20A,0.02,0,0,0,23.5,18.0,23.5,1.0,0.1,0.0,0.0,0.0,0.0,0.0,0.0,0.1,0.1,0.0,0.0,0.0,0.0,0.1,False,50
PRDM15,0.02,0,0,0,23.5,17.0,23.5,1.0,0.0,0.0,0.0,0.0,0.0,0.0,0.0,0.1,0.1,0.0,0.0,0.0,0.0,0.0,False,50
RUSC1-AS1,0.02,0,0,0,23.5,23.0,23.5,1.0,0.0,0.0,0.0,0.0,0.0,0.0,0.0,0.1,0.1,0.0,0.0,0.0,0.0,0.0,False,50
SNX21,0.02,0,0,0,23.5,11.0,23.5,1.0,0.0,0.0,0.0,0.0,0.0,0.0,0.0,0.2,0.0,0.0,0.0,0.0,0.0,0.0,False,50
AP1S2,0.02,0,0,0,24.0,13.0,24.0,0.5,0.0,0.1,0.1,0.0,0.0,0.0,0.0,0.0,0.0,0.0,0.0,0.0,0.0,0.0,False,50
CDK1,0.02,0,0,0,24.0,22.0,24.0,1.0,0.1,0.0,0.0,0.0,0.0,0.0,0.0,0.1,0.1,0.0,0.0,0.0,0.0,0.1,False,50
LOC101929378,0.02,0,0,0,24.0,6.0,24.0,0.0,0.0,0.2,0.0,0.0,0.0,0.0,0.0,0.0,0.0,0.0,0.0,0.2,0.0,0.0,False,50
C6orf132,0.02,0,0,0,24.5,17.0,24.5,1.0,0.1,0.0,0.0,0.0,0.0,0.0,0.0,0.1,0.1,0.0,0.0,0.0,0.0,0.1,False,50
LRRC8E,0.02,0,0,0,24.5,11.0,24.5,1.0,0.2,0.0,0.0,0.0,0.0,0.0,0.0,0.1,0.1,0.0,0.0,0.0,0.0,0.2,False,50
CCDC130,0.02,0,0,0,25.0,20.0,25.0,,0.0,0.0,0.0,0.0,0.0,0.0,0.0,0.0,0.2,0.0,0.0,0.0,0.0,0.0,False,50
DGAT2,0.02,0,0,0,25.0,19.0,25.0,1.0,0.0,0.0,0.0,0.0,0.0,0.0,0.0,0.1,0.1,0.0,0.0,0.0,0.0,0.0,False,50
LIG1,0.02,0,0,0,25.0,21.0,25.0,1.0,0.0,0.0,0.0,0.0,0.0,0.0,0.0,0.1,0.1,0.0,0.0,0.0,0.0,0.0,False,50
RUSC1,0.02,0,0,0,25.0,18.0,25.0,1.0,0.0,0.0,0.0,0.0,0.0,0.0,0.0,0.1,0.1,0.0,0.0,0.0,0.0,0.0,False,50
SH3KBP1,0.02,0,0,0,25.0,18.0,25.0,0.3333333333333333,0.2,0.0,0.0,0.0,0.0,0.0,0.0,0.1,0.1,0.0,0.0,0.0,0.0,0.2,False,50
ABCA8,0.02,0,0,0,25.5,25.0,25.5,1.0,0.0,0.0,0.0,0.0,0.0,0.0,0.0,0.0,0.0,0.1,0.1,0.0,0.0,0.0,False,50
ADH5,0.02,0,0,0,25.5,15.0,25.5,1.0,0.0,0.0,0.0,0.0,0.0,0.0,0.0,0.1,0.1,0.0,0.0,0.0,0.0,0.0,False,50
CEP78,0.02,0,0,0,25.5,19.0,25.5,1.0,0.0,0.0,0.2,0.0,0.0,0.0,0.0,0.0,0.0,0.0,0.0,0.0,0.0,0.0,False,50
GCNT1,0.02,0,0,0,25.5,25.0,25.5,0.5,0.0,0.0,0.2,0.0,0.0,0.0,0.0,0.0,0.0,0.0,0.0,0.0,0.0,0.0,False,50
CATSPER1,0.02,0,0,0,26.0,23.0,26.0,,0.0,0.0,0.0,0.2,0.0,0.0,0.0,0.0,0.0,0.0,0.0,0.0,0.0,0.0,False,50
RAB25,0.02,0,0,0,26.0,25.0,26.0,1.0,0.2,0.0,0.0,0.0,0.0,0.0,0.0,0.1,0.1,0.0,0.0,0.0,0.0,0.2,False,50
RABEP2,0.02,0,0,0,26.0,25.0,26.0,1.0,0.0,0.0,0.0,0.0,0.0,0.0,0.0,0.1,0.1,0.0,0.0,0.0,0.0,0.0,False,50
SEMA4C,0.02,0,0,0,26.0,26.0,26.0,1.0,0.0,0.0,0.0,0.0,0.0,0.0,0.0,0.0,0.0,0.1,0.1,0.0,0.0,0.0,False,50
CDC20,0.02,0,0,0,26.5,25.0,26.5,1.0,0.3,0.0,0.0,0.0,0.0,0.0,0.0,0.0,0.0,0.1,0.1,0.0,0.0,0.3,False,50
RAB11B-AS1,0.02,0,0,0,26.5,23.0,26.5,0.5,0.0,0.0,0.2,0.0,0.0,0.0,0.0,0.0,0.0,0.0,0.0,0.0,0.0,0.0,False,50
RILP,0.02,0,0,0,26.5,9.0,26.5,0.0,0.0,0.1,0.1,0.0,0.0,0.0,0.0,0.0,0.0,0.0,0.0,0.0,0.0,0.0,False,50
C11orf54,0.02,0,0,0,27.0,12.0,27.0,,0.0,0.0,0.0,0.2,0.0,0.0,0.0,0.0,0.0,0.0,0.0,0.0,0.0,0.0,False,50
CLEC4GP1,0.02,0,0,0,27.0,10.0,27.0,0.0,0.0,0.2,0.0,0.0,0.0,0.0,0.0,0.0,0.0,0.0,0.0,0.3,0.0,0.0,False,50
ELMO3,0.02,0,0,0,27.0,25.0,27.0,1.0,0.1,0.0,0.0,0.0,0.0,0.0,0.0,0.1,0.1,0.0,0.0,0.0,0.0,0.1,False,50
LMO3,0.02,0,0,0,27.0,23.0,27.0,0.0,0.0,0.0,0.1,0.0,0.0,0.1,0.0,0.0,0.0,0.0,0.0,0.0,0.0,0.0,False,50
SCN5A,0.02,0,0,0,27.0,27.0,27.0,1.0,0.0,0.0,0.0,0.0,0.0,0.0,0.0,0.0,0.0,0.1,0.1,0.0,0.0,0.0,False,50
SLC35C2,0.02,0,0,0,27.0,25.0,27.0,1.0,0.0,0.0,0.0,0.0,0.0,0.0,0.0,0.1,0.1,0.0,0.0,0.0,0.0,0.0,False,50
TJP3,0.02,0,0,0,27.0,27.0,27.0,1.0,0.0,0.0,0.0,0.0,0.0,0.0,0.0,0.1,0.1,0.0,0.0,0.0,0.0,0.0,False,50
JMJD4,0.02,0,0,0,27.5,24.0,27.5,1.0,0.0,0.0,0.0,0.0,0.0,0.0,0.0,0.1,0.1,0.0,0.0,0.0,0.0,0.0,False,50
KRTAP1-3,0.02,0,0,0,27.5,16.0,27.5,0.0,0.0,0.2,0.0,0.0,0.0,0.0,0.0,0.0,0.0,0.0,0.0,0.0,0.0,0.0,False,50
MMD,0.02,0,0,0,27.5,17.0,27.5,0.5,0.1,0.0,0.0,0.0,0.0,0.0,0.0,0.1,0.1,0.0,0.0,0.0,0.0,0.1,False,50
P2RY12,0.02,0,0,0,27.5,21.0,27.5,1.0,0.0,0.0,0.0,0.0,0.0,0.0,0.0,0.1,0.1,0.0,0.0,0.0,0.0,0.0,False,50
CDC25B,0.02,0,0,0,28.0,17.0,28.0,1.0,0.0,0.0,0.0,0.0,0.0,0.0,0.0,0.1,0.1,0.0,0.0,0.0,0.0,0.0,False,50
BAIAP2,0.02,0,0,0,28.5,26.0,28.5,1.0,0.0,0.0,0.0,0.0,0.0,0.0,0.0,0.1,0.1,0.0,0.0,0.0,0.0,0.0,False,50
MSI2,0.02,0,0,0,28.5,14.0,28.5,1.0,0.0,0.1,0.1,0.0,0.0,0.0,0.0,0.0,0.0,0.0,0.0,0.0,0.0,0.0,False,50
PUS7,0.02,0,0,0,28.5,27.0,28.5,1.0,0.0,0.0,0.0,0.0,0.0,0.0,0.0,0.1,0.1,0.0,0.0,0.0,0.0,0.0,False,50
RRM2,0.02,0,0,0,28.5,16.0,28.5,1.0,0.0,0.0,0.0,0.0,0.0,0.0,0.0,0.1,0.1,0.0,0.0,0.0,0.0,0.0,False,50
AURKA,0.02,0,0,0,29.0,20.0,29.0,1.0,0.1,0.0,0.0,0.0,0.0,0.0,0.0,0.1,0.1,0.0,0.0,0.0,0.0,0.1,False,50
CD209,0.02,0,0,0,29.0,28.0,29.0,1.0,0.0,0.0,0.0,0.0,0.0,0.0,0.0,0.0,0.0,0.1,0.1,0.0,0.0,0.0,False,50
ILF3,0.02,0,0,0,29.0,18.0,29.0,1.0,0.0,0.0,0.0,0.0,0.0,0.0,0.0,0.1,0.1,0.0,0.0,0.0,0.0,0.0,False,50
KIF11,0.02,0,0,0,29.0,20.0,29.0,1.0,0.1,0.0,0.0,0.0,0.0,0.0,0.0,0.1,0.1,0.0,0.0,0.0,0.0,0.1,False,50
TSTA3,0.02,0,0,0,29.0,18.0,29.0,1.0,0.2,0.0,0.0,0.0,0.0,0.0,0.0,0.1,0.1,0.0,0.0,0.0,0.0,0.2,False,50
ZNF528,0.02,0,0,0,29.0,28.0,29.0,,0.0,0.0,0.0,0.2,0.0,0.0,0.0,0.0,0.0,0.0,0.0,0.0,0.0,0.0,False,50
ADAM12,0.02,0,0,0,29.5,22.0,29.5,1.0,0.0,0.0,0.1,0.1,0.0,0.0,0.0,0.0,0.0,0.0,0.0,0.0,0.0,0.0,False,50
LINC00271,0.02,0,0,0,29.5,18.0,29.5,,0.0,0.0,0.0,0.2,0.0,0.0,0.0,0.0,0.0,0.0,0.0,0.0,0.0,0.0,False,50
MELK,0.02,0,0,0,29.5,24.0,29.5,1.0,0.0,0.0,0.0,0.0,0.0,0.0,0.0,0.1,0.1,0.0,0.0,0.0,0.0,0.0,False,50
LOC101928111,0.02,0,0,0,30.0,15.0,30.0,0.0,0.0,0.2,0.0,0.0,0.0,0.0,0.0,0.0,0.0,0.0,0.0,0.0,0.0,0.0,False,50
PLPP7,0.02,0,0,0,30.0,26.0,30.0,0.0,0.0,0.0,0.0,0.0,0.1,0.0,0.1,0.0,0.0,0.0,0.0,0.0,0.1,0.0,False,50
A2M-AS1,0.02,0,0,0,30.5,26.0,30.5,0.5,0.0,0.0,0.0,0.0,0.0,0.2,0.0,0.0,0.0,0.0,0.0,0.0,0.0,0.0,False,50
ABCC8,0.02,0,0,0,30.5,17.0,30.5,,0.0,0.0,0.0,0.2,0.0,0.0,0.0,0.0,0.0,0.0,0.0,0.0,0.0,0.0,False,50
LRFN5,0.02,0,0,0,30.5,30.0,30.5,0.0,0.0,0.1,0.1,0.0,0.0,0.0,0.0,0.0,0.0,0.0,0.0,0.5,0.0,0.0,False,50
PHYKPL,0.02,0,0,0,30.5,23.0,30.5,1.0,0.0,0.0,0.1,0.1,0.0,0.0,0.0,0.0,0.0,0.0,0.0,0.0,0.0,0.0,False,50
DLGAP4-AS1,0.02,0,0,0,31.0,31.0,31.0,0.0,0.0,0.1,0.0,0.1,0.0,0.0,0.0,0.0,0.0,0.0,0.0,0.0,0.0,0.0,False,50
EPS15,0.02,0,0,0,31.0,24.0,31.0,1.0,0.0,0.0,0.0,0.0,0.0,0.0,0.0,0.1,0.1,0.0,0.0,0.0,0.0,0.0,False,50
PLAC9,0.02,0,0,0,31.0,21.0,31.0,1.0,0.0,0.0,0.0,0.0,0.0,0.0,0.0,0.1,0.1,0.0,0.0,0.0,0.0,0.0,False,50
RFTN2,0.02,0,0,0,31.0,26.0,31.0,0.0,0.0,0.0,0.0,0.0,0.1,0.0,0.1,0.0,0.0,0.0,0.0,0.0,0.1,0.0,False,50
SLC4A4,0.02,0,0,0,31.0,26.0,31.0,1.0,0.0,0.0,0.0,0.0,0.0,0.0,0.0,0.1,0.1,0.0,0.0,0.0,0.0,0.0,False,50
UHRF1,0.02,0,0,0,31.0,31.0,31.0,1.0,0.0,0.0,0.0,0.0,0.0,0.0,0.0,0.1,0.1,0.0,0.0,0.0,0.0,0.0,False,50
PPP1R2P9,0.02,0,0,0,31.5,14.0,31.5,0.0,0.0,0.2,0.0,0.0,0.0,0.0,0.0,0.0,0.0,0.0,0.0,0.1,0.0,0.0,False,50
SEL1L2,0.02,0,0,0,31.5,24.0,31.5,0.0,0.0,0.2,0.0,0.0,0.0,0.0,0.0,0.0,0.0,0.0,0.0,0.0,0.0,0.0,False,50
FBXL16,0.02,0,0,0,32.0,19.0,32.0,1.0,0.9,0.0,0.0,0.0,0.0,0.0,0.0,0.0,0.2,0.0,0.0,0.0,0.0,0.9,False,50
HS3ST1,0.02,0,0,0,32.0,26.0,32.0,0.0,0.0,0.0,0.0,0.0,0.0,0.2,0.0,0.0,0.0,0.0,0.0,0.0,0.0,0.0,False,50
P2RX4,0.02,0,0,0,32.0,25.0,32.0,1.0,0.0,0.0,0.1,0.0,0.0,0.1,0.0,0.0,0.0,0.0,0.0,0.0,0.0,0.0,False,50
SLC12A7,0.02,0,0,0,32.0,32.0,32.0,1.0,0.0,0.0,0.0,0.0,0.0,0.0,0.0,0.0,0.0,0.1,0.1,0.0,0.0,0.0,False,50
TMEM9,0.02,0,0,0,32.0,31.0,32.0,1.0,0.0,0.0,0.0,0.0,0.0,0.0,0.0,0.1,0.1,0.0,0.0,0.0,0.0,0.0,False,50
C3orf22,0.02,0,0,0,32.5,17.0,32.5,,0.0,0.0,0.0,0.2,0.0,0.0,0.0,0.0,0.0,0.0,0.0,0.0,0.0,0.0,False,50
CEP112,0.02,0,0,0,32.5,26.0,32.5,0.3333333333333333,0.0,0.1,0.1,0.0,0.0,0.0,0.0,0.0,0.0,0.0,0.0,0.1,0.0,0.0,False,50
DIRC3,0.02,0,0,0,32.5,18.0,32.5,0.3333333333333333,0.0,0.1,0.1,0.0,0.0,0.0,0.0,0.0,0.0,0.0,0.0,0.1,0.0,0.0,False,50
ODF3L1,0.02,0,0,0,32.5,26.0,32.5,0.0,0.0,0.2,0.0,0.0,0.0,0.0,0.0,0.0,0.0,0.0,0.0,0.2,0.0,0.0,False,50
TCEAL7,0.02,0,0,0,32.5,28.0,32.5,0.5,0.0,0.0,0.1,0.0,0.0,0.0,0.0,0.0,0.1,0.0,0.0,0.1,0.0,0.0,False,50
FAM149A,0.02,0,0,0,33.0,16.0,33.0,0.5,0.0,0.1,0.1,0.0,0.0,0.0,0.0,0.0,0.0,0.0,0.0,0.0,0.0,0.0,False,50
KIAA1755,0.02,0,0,0,33.0,19.0,33.0,,0.0,0.0,0.0,0.2,0.0,0.0,0.0,0.0,0.0,0.0,0.0,0.0,0.0,0.0,False,50
LIG3,0.02,0,0,0,33.0,28.0,33.0,0.5,0.0,0.0,0.2,0.0,0.0,0.0,0.0,0.0,0.0,0.0,0.0,0.0,0.0,0.0,False,50
LOC101929398,0.02,0,0,0,33.0,31.0,33.0,0.0,0.0,0.0,0.0,0.0,0.1,0.0,0.1,0.0,0.0,0.0,0.0,0.0,0.1,0.0,False,50
RAB3D,0.02,0,0,0,33.0,31.0,33.0,1.0,0.0,0.0,0.0,0.0,0.0,0.0,0.0,0.1,0.1,0.0,0.0,0.0,0.0,0.0,False,50
VDR,0.02,0,0,0,33.5,31.0,33.5,1.0,0.0,0.1,0.1,0.0,0.0,0.0,0.0,0.0,0.0,0.0,0.0,0.0,0.0,0.0,False,50
TRPM8,0.02,0,0,0,34.5,32.0,34.5,1.0,0.0,0.0,0.0,0.1,0.1,0.0,0.0,0.0,0.0,0.0,0.0,0.0,0.1,0.0,False,50
MYO19,0.02,0,0,0,35.0,22.0,35.0,1.0,0.0,0.0,0.0,0.0,0.0,0.0,0.0,0.1,0.1,0.0,0.0,0.0,0.0,0.0,False,50
SGK223,0.02,0,0,0,35.0,28.0,35.0,1.0,0.0,0.0,0.0,0.1,0.0,0.1,0.0,0.0,0.0,0.0,0.0,0.0,0.0,0.0,False,50
TMEM120B,0.02,0,0,0,35.0,30.0,35.0,0.5,0.0,0.0,0.0,0.0,0.0,0.2,0.0,0.0,0.0,0.0,0.0,0.0,0.0,0.0,False,50
MFAP2,0.02,0,0,0,35.5,22.0,35.5,1.0,0.0,0.0,0.2,0.0,0.0,0.0,0.0,0.0,0.0,0.0,0.0,0.0,0.0,0.0,False,50
CA8,0.02,0,0,0,36.0,32.0,36.0,,0.0,0.0,0.0,0.2,0.0,0.0,0.0,0.0,0.0,0.0,0.0,0.0,0.0,0.0,False,50
BGN,0.02,0,0,0,36.5,34.0,36.5,0.5,0.0,0.0,0.2,0.0,0.0,0.0,0.0,0.0,0.0,0.0,0.0,0.0,0.0,0.0,False,50
MYH9,0.02,0,0,0,36.5,27.0,36.5,0.5,0.0,0.0,0.2,0.0,0.0,0.0,0.0,0.0,0.0,0.0,0.0,0.0,0.0,0.0,False,50
EPB41L1,0.02,0,0,0,37.0,24.0,37.0,0.5,0.0,0.0,0.1,0.0,0.0,0.1,0.0,0.0,0.0,0.0,0.0,0.0,0.0,0.0,False,50
PLIN2,0.02,0,0,0,37.0,28.0,37.0,1.0,0.0,0.0,0.0,0.0,0.0,0.0,0.0,0.1,0.1,0.0,0.0,0.0,0.0,0.0,False,50
SLC37A1,0.02,0,0,0,37.0,36.0,37.0,1.0,0.0,0.0,0.0,0.0,0.0,0.0,0.0,0.1,0.1,0.0,0.0,0.0,0.0,0.0,False,50
GAL,0.02,0,0,0,37.5,35.0,37.5,,0.0,0.0,0.0,0.2,0.0,0.0,0.0,0.0,0.0,0.0,0.0,0.0,0.0,0.0,False,50
KCTD15,0.02,0,0,0,37.5,31.0,37.5,1.0,0.2,0.0,0.0,0.0,0.0,0.0,0.0,0.1,0.1,0.0,0.0,0.0,0.0,0.2,False,50
MS4A4A,0.02,0,0,0,37.5,29.0,37.5,1.0,0.0,0.0,0.0,0.0,0.0,0.0,0.0,0.1,0.1,0.0,0.0,0.0,0.0,0.0,False,50
ADAMTSL3,0.02,0,0,0,38.0,28.0,38.0,0.0,0.0,0.0,0.0,0.0,0.2,0.0,0.0,0.0,0.0,0.0,0.0,0.0,0.0,0.0,False,50
ANGPTL8,0.02,0,0,0,38.0,36.0,38.0,0.0,0.0,0.0,0.0,0.0,0.1,0.0,0.1,0.0,0.0,0.0,0.0,0.0,0.1,0.0,False,50
PHACTR4,0.02,0,0,0,38.0,37.0,38.0,0.0,0.0,0.0,0.0,0.1,0.0,0.1,0.0,0.0,0.0,0.0,0.0,0.0,0.0,0.0,False,50
HEATR6,0.02,0,0,0,38.5,34.0,38.5,0.5,0.0,0.1,0.1,0.0,0.0,0.0,0.0,0.0,0.0,0.0,0.0,0.0,0.0,0.0,False,50
ARHGAP24,0.02,0,0,0,39.0,28.0,39.0,1.0,0.0,0.0,0.0,0.0,0.0,0.0,0.0,0.1,0.1,0.0,0.0,0.0,0.0,0.0,False,50
ASPA,0.02,0,0,0,39.0,33.0,39.0,0.0,0.0,0.0,0.0,0.0,0.0,0.0,0.2,0.0,0.0,0.0,0.0,0.1,0.1,0.0,False,50
LINC00445,0.02,0,0,0,39.0,38.0,39.0,0.0,0.0,0.2,0.0,0.0,0.0,0.0,0.0,0.0,0.0,0.0,0.0,0.5,0.0,0.0,False,50
PKIB,0.02,0,0,0,39.0,33.0,39.0,1.0,0.0,0.0,0.1,0.0,0.0,0.1,0.0,0.0,0.0,0.0,0.0,0.0,0.0,0.0,False,50
SH3GLB1,0.02,0,0,0,39.0,31.0,39.0,1.0,0.0,0.0,0.0,0.0,0.0,0.0,0.0,0.2,0.0,0.0,0.0,0.0,0.0,0.0,False,50
ZNF436-AS1,0.02,0,0,0,39.0,32.0,39.0,0.3333333333333333,0.0,0.0,0.0,0.0,0.1,0.1,0.0,0.0,0.0,0.0,0.0,0.0,0.1,0.0,False,50
ACSM5,0.02,0,0,0,39.5,31.0,39.5,0.0,0.0,0.0,0.0,0.0,0.0,0.0,0.2,0.0,0.0,0.0,0.0,0.0,0.1,0.0,False,50
SUSD6,0.02,0,0,0,39.5,29.0,39.5,1.0,0.1,0.0,0.1,0.0,0.0,0.0,0.0,0.0,0.1,0.0,0.0,0.0,0.0,0.1,False,50
CAMK1,0.02,0,0,0,40.0,33.0,40.0,0.0,0.0,0.0,0.0,0.0,0.1,0.1,0.0,0.0,0.0,0.0,0.0,0.0,0.0,0.0,False,50
LOC105376072,0.02,0,0,0,40.0,32.0,40.0,0.0,0.0,0.2,0.0,0.0,0.0,0.0,0.0,0.0,0.0,0.0,0.0,0.0,0.0,0.0,False,50
PKD1L2,0.02,0,0,0,40.5,36.0,40.5,1.0,0.0,0.0,0.0,0.0,0.0,0.0,0.0,0.1,0.1,0.0,0.0,0.0,0.0,0.0,False,50
ZNF692,0.02,0,0,0,40.5,37.0,40.5,1.0,0.2,0.0,0.0,0.0,0.0,0.0,0.0,0.1,0.1,0.0,0.0,0.0,0.0,0.2,False,50
EVC,0.02,0,0,0,41.0,36.0,41.0,0.0,0.0,0.0,0.1,0.1,0.0,0.0,0.0,0.0,0.0,0.0,0.0,0.0,0.0,0.0,False,50
CUBN,0.02,0,0,0,41.5,41.0,41.5,0.0,0.0,0.2,0.0,0.0,0.0,0.0,0.0,0.0,0.0,0.0,0.0,0.0,0.0,0.0,False,50
EBF2,0.02,0,0,0,42.0,39.0,42.0,0.25,0.0,0.1,0.1,0.0,0.0,0.0,0.0,0.0,0.0,0.0,0.0,0.1,0.1,0.0,False,50
ETNK2,0.02,0,0,0,42.0,38.0,42.0,,0.0,0.0,0.0,0.2,0.0,0.0,0.0,0.0,0.0,0.0,0.0,0.0,0.0,0.0,False,50
LOC100653086,0.02,0,0,0,42.0,34.0,42.0,0.0,0.0,0.0,0.0,0.0,0.1,0.0,0.1,0.0,0.0,0.0,0.0,0.1,0.1,0.0,False,50
LOC254028,0.02,0,0,0,42.0,37.0,42.0,0.0,0.0,0.1,0.0,0.1,0.0,0.0,0.0,0.0,0.0,0.0,0.0,0.1,0.0,0.0,False,50
MAOA,0.02,0,0,0,42.0,41.0,42.0,0.6666666666666666,0.1,0.0,0.2,0.0,0.0,0.0,0.0,0.0,0.0,0.0,0.0,0.0,0.0,0.1,False,50
CHAMP1,0.02,0,0,0,42.5,37.0,42.5,0.0,0.0,0.0,0.0,0.1,0.0,0.1,0.0,0.0,0.0,0.0,0.0,0.0,0.0,0.0,False,50
EXOC7,0.02,0,0,0,43.0,42.0,43.0,1.0,0.2,0.0,0.0,0.0,0.0,0.0,0.0,0.1,0.1,0.0,0.0,0.0,0.0,0.2,False,50
NPY5R,0.02,0,0,0,43.0,41.0,43.0,0.0,0.0,0.0,0.0,0.0,0.1,0.1,0.0,0.0,0.0,0.0,0.0,0.0,0.0,0.0,False,50
CLEC7A,0.02,0,0,0,44.0,44.0,44.0,0.0,0.0,0.0,0.2,0.0,0.0,0.0,0.0,0.0,0.0,0.0,0.0,0.0,0.0,0.0,False,50
GPATCH2L,0.02,0,0,0,44.5,39.0,44.5,0.0,0.0,0.0,0.1,0.0,0.0,0.0,0.0,0.0,0.1,0.0,0.0,0.0,0.0,0.0,False,50
CTSH,0.02,0,0,0,45.5,43.0,45.5,0.5,0.0,0.0,0.1,0.0,0.0,0.1,0.0,0.0,0.0,0.0,0.0,0.0,0.0,0.0,False,50
NPR2,0.02,0,0,0,45.5,42.0,45.5,,0.0,0.0,0.0,0.0,0.0,0.0,0.2,0.0,0.0,0.0,0.0,0.0,0.0,0.0,False,50
SPTBN1,0.02,0,0,0,45.5,43.0,45.5,1.0,0.0,0.0,0.0,0.0,0.0,0.0,0.0,0.2,0.0,0.0,0.0,0.0,0.0,0.0,False,50
OR51E1,0.02,0,0,0,46.5,46.0,46.5,0.0,0.0,0.0,0.0,0.0,0.1,0.1,0.0,0.0,0.0,0.0,0.0,0.0,0.3,0.0,False,50
KANSL1L,0.02,0,0,0,47.5,45.0,47.5,0.0,0.0,0.0,0.1,0.1,0.0,0.0,0.0,0.0,0.0,0.0,0.0,0.0,0.0,0.0,False,50
MMP1,0.02,0,0,0,47.5,46.0,47.5,1.0,0.0,0.0,0.2,0.0,0.0,0.0,0.0,0.0,0.0,0.0,0.0,0.0,0.0,0.0,False,50
NUP210,0.02,0,0,0,47.5,47.0,47.5,1.0,0.2,0.0,0.0,0.0,0.0,0.0,0.0,0.1,0.1,0.0,0.0,0.0,0.0,0.2,False,50
SUCLA2,0.02,0,0,0,47.5,45.0,47.5,1.0,0.0,0.0,0.0,0.1,0.0,0.0,0.0,0.1,0.0,0.0,0.0,0.0,0.0,0.0,False,50
CKMT2,0.02,0,0,0,48.0,46.0,48.0,,0.0,0.0,0.0,0.0,0.0,0.0,0.2,0.0,0.0,0.0,0.0,0.0,0.0,0.0,False,50
SPATA22,0.02,0,0,0,48.0,47.0,48.0,0.0,0.0,0.0,0.0,0.0,0.1,0.0,0.1,0.0,0.0,0.0,0.0,0.0,0.0,0.0,False,50
NKAPL,0.02,0,0,0,49.5,49.0,49.5,0.0,0.0,0.0,0.0,0.0,0.0,0.1,0.1,0.0,0.0,0.0,0.0,0.0,0.0,0.0,False,50
AK6,0.01,0,0,0,1.0,1.0,1.0,,0.0,0.0,0.0,0.1,0.0,0.0,0.0,0.0,0.0,0.0,0.0,0.0,0.0,0.0,False,50
CYP4B1,0.01,0,0,0,1.0,1.0,1.0,1.0,0.0,0.0,0.1,0.0,0.0,0.0,0.0,0.0,0.0,0.0,0.0,0.0,0.0,0.0,False,50
ULK4,0.01,0,0,0,1.0,1.0,1.0,,0.0,0.0,0.0,0.1,0.0,0.0,0.0,0.0,0.0,0.0,0.0,0.0,0.0,0.0,False,50
C1orf123,0.01,0,0,0,2.0,2.0,2.0,,0.0,0.0,0.0,0.1,0.0,0.0,0.0,0.0,0.0,0.0,0.0,0.0,0.0,0.0,False,50
LDHAL6A,0.01,0,0,0,2.0,2.0,2.0,,0.0,0.0,0.0,0.1,0.0,0.0,0.0,0.0,0.0,0.0,0.0,0.0,0.0,0.0,False,50
ATP5O,0.01,0,0,0,3.0,3.0,3.0,,0.0,0.0,0.0,0.1,0.0,0.0,0.0,0.0,0.0,0.0,0.0,0.0,0.0,0.0,False,50
KCTD19,0.01,0,0,0,3.0,3.0,3.0,,0.0,0.0,0.0,0.1,0.0,0.0,0.0,0.0,0.0,0.0,0.0,0.0,0.0,0.0,False,50
NXF5,0.01,0,0,0,3.0,3.0,3.0,0.0,0.0,0.1,0.0,0.0,0.0,0.0,0.0,0.0,0.0,0.0,0.0,0.1,0.0,0.0,False,50
CPT1C,0.01,0,0,0,4.0,4.0,4.0,1.0,0.0,0.1,0.0,0.0,0.0,0.0,0.0,0.0,0.0,0.0,0.0,0.0,0.0,0.0,False,50
FLJ27354,0.01,0,0,0,4.0,4.0,4.0,0.0,0.0,0.1,0.0,0.0,0.0,0.0,0.0,0.0,0.0,0.0,0.0,0.3,0.0,0.0,False,50
LINC00354,0.01,0,0,0,4.0,4.0,4.0,,0.0,0.0,0.0,0.1,0.0,0.0,0.0,0.0,0.0,0.0,0.0,0.0,0.0,0.0,False,50
LOC100996724,0.01,0,0,0,5.0,5.0,5.0,0.0,0.0,0.1,0.0,0.0,0.0,0.0,0.0,0.0,0.0,0.0,0.0,0.0,0.0,0.0,False,50
LOC643355,0.01,0,0,0,5.0,5.0,5.0,,0.0,0.0,0.0,0.1,0.0,0.0,0.0,0.0,0.0,0.0,0.0,0.0,0.0,0.0,False,50
MMP13,0.01,0,0,0,5.0,5.0,5.0,,0.0,0.0,0.0,0.1,0.0,0.0,0.0,0.0,0.0,0.0,0.0,0.0,0.0,0.0,False,50
SLC5A10,0.01,0,0,0,5.0,5.0,5.0,,0.0,0.0,0.0,0.1,0.0,0.0,0.0,0.0,0.0,0.0,0.0,0.0,0.0,0.0,False,50
LINC00636,0.01,0,0,0,6.0,6.0,6.0,,0.0,0.0,0.0,0.1,0.0,0.0,0.0,0.0,0.0,0.0,0.0,0.0,0.0,0.0,False,50
LOC101928161,0.01,0,0,0,6.0,6.0,6.0,,0.0,0.0,0.0,0.1,0.0,0.0,0.0,0.0,0.0,0.0,0.0,0.0,0.0,0.0,False,50
IL5,0.01,0,0,0,7.0,7.0,7.0,,0.0,0.0,0.0,0.1,0.0,0.0,0.0,0.0,0.0,0.0,0.0,0.0,0.0,0.0,False,50
IRS4,0.01,0,0,0,7.0,7.0,7.0,0.0,0.0,0.1,0.0,0.0,0.0,0.0,0.0,0.0,0.0,0.0,0.0,0.0,0.0,0.0,False,50
NAE1,0.01,0,0,0,7.0,7.0,7.0,,0.0,0.0,0.0,0.1,0.0,0.0,0.0,0.0,0.0,0.0,0.0,0.0,0.0,0.0,False,50
DACT2,0.01,0,0,0,9.0,9.0,9.0,0.0,0.0,0.1,0.0,0.0,0.0,0.0,0.0,0.0,0.0,0.0,0.0,0.2,0.0,0.0,False,50
FEZ2,0.01,0,0,0,9.0,9.0,9.0,,0.0,0.0,0.0,0.1,0.0,0.0,0.0,0.0,0.0,0.0,0.0,0.0,0.0,0.0,False,50
IDH3A,0.01,0,0,0,9.0,9.0,9.0,,0.0,0.0,0.0,0.1,0.0,0.0,0.0,0.0,0.0,0.0,0.0,0.0,0.0,0.0,False,50
CARF,0.01,0,0,0,10.0,10.0,10.0,,0.0,0.0,0.0,0.1,0.0,0.0,0.0,0.0,0.0,0.0,0.0,0.0,0.0,0.0,False,50
IGF1R,0.01,0,0,0,10.0,10.0,10.0,0.0,0.0,0.0,0.1,0.0,0.0,0.0,0.0,0.0,0.0,0.0,0.0,0.0,0.0,0.0,False,50
NKX6-1,0.01,0,0,0,10.0,10.0,10.0,,0.0,0.0,0.0,0.1,0.0,0.0,0.0,0.0,0.0,0.0,0.0,0.0,0.0,0.0,False,50
POMP,0.01,0,0,0,10.0,10.0,10.0,0.0,0.1,0.0,0.0,0.1,0.0,0.0,0.0,0.0,0.0,0.0,0.0,0.0,0.0,0.1,False,50
WFDC10A,0.01,0,0,0,10.0,10.0,10.0,1.0,0.0,0.1,0.0,0.0,0.0,0.0,0.0,0.0,0.0,0.0,0.0,0.0,0.0,0.0,False,50
ATP6V1E1,0.01,0,0,0,11.0,11.0,11.0,,0.0,0.0,0.0,0.1,0.0,0.0,0.0,0.0,0.0,0.0,0.0,0.0,0.0,0.0,False,50
KY,0.01,0,0,0,11.0,11.0,11.0,,0.0,0.0,0.0,0.1,0.0,0.0,0.0,0.0,0.0,0.0,0.0,0.0,0.0,0.0,False,50
LOC100507311,0.01,0,0,0,11.0,11.0,11.0,,0.0,0.0,0.0,0.1,0.0,0.0,0.0,0.0,0.0,0.0,0.0,0.0,0.0,0.0,False,50
LOC101928271,0.01,0,0,0,11.0,11.0,11.0,0.0,0.0,0.1,0.0,0.0,0.0,0.0,0.0,0.0,0.0,0.0,0.0,0.4,0.0,0.0,False,50
SOX5,0.01,0,0,0,11.0,11.0,11.0,0.0,0.0,0.0,0.0,0.0,0.0,0.1,0.0,0.0,0.0,0.0,0.0,0.0,0.0,0.0,False,50
EHHADH,0.01,0,0,0,12.0,12.0,12.0,1.0,0.0,0.0,0.0,0.0,0.0,0.0,0.0,0.1,0.0,0.0,0.0,0.0,0.0,0.0,False,50
ELSPBP1,0.01,0,0,0,12.0,12.0,12.0,,0.0,0.0,0.0,0.1,0.0,0.0,0.0,0.0,0.0,0.0,0.0,0.0,0.0,0.0,False,50
GRAMD1C,0.01,0,0,0,12.0,12.0,12.0,1.0,0.0,0.0,0.0,0.0,0.0,0.1,0.0,0.0,0.0,0.0,0.0,0.0,0.0,0.0,False,50
POSTN,0.01,0,0,0,12.0,12.0,12.0,1.0,0.0,0.0,0.1,0.0,0.0,0.0,0.0,0.0,0.0,0.0,0.0,0.0,0.0,0.0,False,50
ATP13A4-AS1,0.01,0,0,0,13.0,13.0,13.0,0.0,0.0,0.1,0.0,0.0,0.0,0.0,0.0,0.0,0.0,0.0,0.0,0.5,0.0,0.0,False,50
CSTL1,0.01,0,0,0,13.0,13.0,13.0,,0.0,0.0,0.0,0.1,0.0,0.0,0.0,0.0,0.0,0.0,0.0,0.0,0.0,0.0,False,50
GPX3,0.01,0,0,0,13.0,13.0,13.0,1.0,0.0,0.0,0.0,0.0,0.0,0.0,0.0,0.1,0.0,0.0,0.0,0.0,0.0,0.0,False,50
LOC100506142,0.01,0,0,0,13.0,13.0,13.0,0.0,0.0,0.1,0.0,0.0,0.0,0.0,0.0,0.0,0.0,0.0,0.0,0.0,0.0,0.0,False,50
LSM6,0.01,0,0,0,13.0,13.0,13.0,,0.0,0.0,0.0,0.1,0.0,0.0,0.0,0.0,0.0,0.0,0.0,0.0,0.0,0.0,False,50
MOP-1,0.01,0,0,0,13.0,13.0,13.0,,0.0,0.0,0.0,0.1,0.0,0.0,0.0,0.0,0.0,0.0,0.0,0.0,0.0,0.0,False,50
MRPS36,0.01,0,0,0,13.0,13.0,13.0,,0.0,0.0,0.0,0.1,0.0,0.0,0.0,0.0,0.0,0.0,0.0,0.0,0.0,0.0,False,50
ADAMTS9-AS2,0.01,0,0,0,14.0,14.0,14.0,,0.0,0.0,0.0,0.1,0.0,0.0,0.0,0.0,0.0,0.0,0.0,0.0,0.0,0.0,False,50
EIF1,0.01,0,0,0,14.0,14.0,14.0,,0.0,0.0,0.0,0.1,0.0,0.0,0.0,0.0,0.0,0.0,0.0,0.0,0.0,0.0,False,50
FYTTD1,0.01,0,0,0,14.0,14.0,14.0,,0.0,0.0,0.0,0.1,0.0,0.0,0.0,0.0,0.0,0.0,0.0,0.0,0.0,0.0,False,50
MYO18B,0.01,0,0,0,14.0,14.0,14.0,0.0,0.0,0.1,0.0,0.0,0.0,0.0,0.0,0.0,0.0,0.0,0.0,0.0,0.0,0.0,False,50
SLC25A33,0.01,0,0,0,14.0,14.0,14.0,0.0,0.0,0.0,0.1,0.0,0.0,0.0,0.0,0.0,0.0,0.0,0.0,0.0,0.0,0.0,False,50
STYK1,0.01,0,0,0,14.0,14.0,14.0,0.0,0.0,0.0,0.0,0.0,0.0,0.1,0.0,0.0,0.0,0.0,0.0,0.0,0.0,0.0,False,50
CCL23,0.01,0,0,0,15.0,15.0,15.0,0.0,0.0,0.0,0.0,0.1,0.0,0.0,0.0,0.0,0.0,0.0,0.0,0.1,0.0,0.0,False,50
CREG2,0.01,0,0,0,15.0,15.0,15.0,,0.0,0.0,0.0,0.1,0.0,0.0,0.0,0.0,0.0,0.0,0.0,0.0,0.0,0.0,False,50
HIST3H2A,0.01,0,0,0,15.0,15.0,15.0,0.0,0.0,0.0,0.1,0.0,0.0,0.0,0.0,0.0,0.0,0.0,0.0,0.0,0.0,0.0,False,50
TNAP,0.01,0,0,0,15.0,15.0,15.0,,0.0,0.0,0.0,0.1,0.0,0.0,0.0,0.0,0.0,0.0,0.0,0.0,0.0,0.0,False,50
TRIM40,0.01,0,0,0,15.0,15.0,15.0,0.0,0.0,0.1,0.0,0.0,0.0,0.0,0.0,0.0,0.0,0.0,0.0,0.1,0.0,0.0,False,50
GCNT7,0.01,0,0,0,16.0,16.0,16.0,,0.0,0.0,0.0,0.1,0.0,0.0,0.0,0.0,0.0,0.0,0.0,0.0,0.0,0.0,False,50
HADH,0.01,0,0,0,16.0,16.0,16.0,,0.0,0.0,0.0,0.1,0.0,0.0,0.0,0.0,0.0,0.0,0.0,0.0,0.0,0.0,False,50
LCN8,0.01,0,0,0,16.0,16.0,16.0,,0.0,0.0,0.0,0.1,0.0,0.0,0.0,0.0,0.0,0.0,0.0,0.0,0.0,0.0,False,50
LOC101926944,0.01,0,0,0,16.0,16.0,16.0,0.0,0.0,0.1,0.0,0.0,0.0,0.0,0.0,0.0,0.0,0.0,0.0,0.0,0.0,0.0,False,50
PTPRK,0.01,0,0,0,16.0,16.0,16.0,0.0,0.0,0.0,0.1,0.0,0.0,0.0,0.0,0.0,0.0,0.0,0.0,0.0,0.0,0.0,False,50
ZNF667-AS1,0.01,0,0,0,16.0,16.0,16.0,0.0,0.0,0.0,0.1,0.0,0.0,0.0,0.0,0.0,0.0,0.0,0.0,0.0,0.0,0.0,False,50
DRG1,0.01,0,0,0,17.0,17.0,17.0,,0.0,0.0,0.0,0.1,0.0,0.0,0.0,0.0,0.0,0.0,0.0,0.0,0.0,0.0,False,50
IFI6,0.01,0,0,0,17.0,17.0,17.0,1.0,0.0,0.0,0.1,0.0,0.0,0.0,0.0,0.0,0.0,0.0,0.0,0.0,0.0,0.0,False,50
NDUFA12,0.01,0,0,0,17.0,17.0,17.0,,0.0,0.0,0.0,0.1,0.0,0.0,0.0,0.0,0.0,0.0,0.0,0.0,0.0,0.0,False,50
OMD,0.01,0,0,0,17.0,17.0,17.0,1.0,0.0,0.0,0.1,0.0,0.0,0.0,0.0,0.0,0.0,0.0,0.0,0.0,0.0,0.0,False,50
RBAKDN,0.01,0,0,0,17.0,17.0,17.0,0.0,0.0,0.1,0.0,0.0,0.0,0.0,0.0,0.0,0.0,0.0,0.0,0.0,0.0,0.0,False,50
A1CF,0.01,0,0,0,18.0,18.0,18.0,,0.0,0.0,0.0,0.1,0.0,0.0,0.0,0.0,0.0,0.0,0.0,0.0,0.0,0.0,False,50
ACADM,0.01,0,0,0,18.0,18.0,18.0,,0.0,0.0,0.0,0.1,0.0,0.0,0.0,0.0,0.0,0.0,0.0,0.0,0.0,0.0,False,50
ARC,0.01,0,0,0,18.0,18.0,18.0,,0.0,0.0,0.0,0.1,0.0,0.0,0.0,0.0,0.0,0.0,0.0,0.0,0.0,0.0,False,50
KRT76,0.01,0,0,0,18.0,18.0,18.0,0.0,0.0,0.1,0.0,0.0,0.0,0.0,0.0,0.0,0.0,0.0,0.0,0.0,0.0,0.0,False,50
PLIN1,0.01,0,0,0,18.0,18.0,18.0,1.0,0.0,0.0,0.0,0.0,0.0,0.0,0.0,0.1,0.0,0.0,0.0,0.0,0.0,0.0,False,50
SNHG17,0.01,0,0,0,18.0,18.0,18.0,1.0,0.0,0.0,0.1,0.0,0.0,0.0,0.0,0.0,0.0,0.0,0.0,0.0,0.0,0.0,False,50
BICD1,0.01,0,0,0,19.0,19.0,19.0,0.0,0.0,0.0,0.1,0.0,0.0,0.0,0.0,0.0,0.0,0.0,0.0,0.0,0.0,0.0,False,50
CA2,0.01,0,0,0,19.0,19.0,19.0,1.0,0.0,0.0,0.1,0.0,0.0,0.0,0.0,0.0,0.0,0.0,0.0,0.0,0.0,0.0,False,50
CFHR2,0.01,0,0,0,19.0,19.0,19.0,0.0,0.0,0.1,0.0,0.0,0.0,0.0,0.0,0.0,0.0,0.0,0.0,0.0,0.0,0.0,False,50
LOC653581,0.01,0,0,0,19.0,19.0,19.0,0.0,0.0,0.1,0.0,0.0,0.0,0.0,0.0,0.0,0.0,0.0,0.0,0.1,0.0,0.0,False,50
PRG4,0.01,0,0,0,19.0,19.0,19.0,0.0,0.0,0.1,0.0,0.0,0.0,0.0,0.0,0.0,0.0,0.0,0.0,0.1,0.0,0.0,False,50
TNXB,0.01,0,0,0,19.0,19.0,19.0,,0.0,0.0,0.0,0.1,0.0,0.0,0.0,0.0,0.0,0.0,0.0,0.0,0.0,0.0,False,50
ZNF385B,0.01,0,0,0,19.0,19.0,19.0,,0.0,0.0,0.0,0.1,0.0,0.0,0.0,0.0,0.0,0.0,0.0,0.0,0.0,0.0,False,50
ADM,0.01,0,0,0,20.0,20.0,20.0,1.0,0.0,0.0,0.1,0.0,0.0,0.0,0.0,0.0,0.0,0.0,0.0,0.0,0.0,0.0,False,50
CGRRF1,0.01,0,0,0,20.0,20.0,20.0,1.0,0.0,0.0,0.0,0.0,0.0,0.0,0.0,0.1,0.0,0.0,0.0,0.0,0.0,0.0,False,50
GMDS-AS1,0.01,0,0,0,20.0,20.0,20.0,,0.0,0.0,0.0,0.1,0.0,0.0,0.0,0.0,0.0,0.0,0.0,0.0,0.0,0.0,False,50
GNB5,0.01,0,0,0,20.0,20.0,20.0,0.0,0.0,0.0,0.1,0.0,0.0,0.0,0.0,0.0,0.0,0.0,0.0,0.0,0.0,0.0,False,50
HIST1H2APS5,0.01,0,0,0,20.0,20.0,20.0,1.0,0.0,0.1,0.0,0.0,0.0,0.0,0.0,0.0,0.0,0.0,0.0,0.0,0.0,0.0,False,50
LOC101928995,0.01,0,0,0,20.0,20.0,20.0,0.0,0.0,0.1,0.0,0.0,0.0,0.0,0.0,0.0,0.0,0.0,0.0,0.0,0.0,0.0,False,50
PRSS16,0.01,0,0,0,20.0,20.0,20.0,0.0,0.0,0.0,0.1,0.0,0.0,0.0,0.0,0.0,0.0,0.0,0.0,0.0,0.0,0.0,False,50
RAD23B,0.01,0,0,0,20.0,20.0,20.0,,0.0,0.0,0.0,0.1,0.0,0.0,0.0,0.0,0.0,0.0,0.0,0.0,0.0,0.0,False,50
RASL11B,0.01,0,0,0,20.0,20.0,20.0,0.0,0.0,0.0,0.1,0.0,0.0,0.0,0.0,0.0,0.0,0.0,0.0,0.0,0.0,0.0,False,50
C9orf47,0.01,0,0,0,21.0,21.0,21.0,0.0,0.0,0.1,0.0,0.0,0.0,0.0,0.0,0.0,0.0,0.0,0.0,0.0,0.0,0.0,False,50
DDX31,0.01,0,0,0,21.0,21.0,21.0,0.0,0.0,0.0,0.1,0.0,0.0,0.0,0.0,0.0,0.0,0.0,0.0,0.0,0.0,0.0,False,50
FGF5,0.01,0,0,0,21.0,21.0,21.0,0.0,0.0,0.1,0.0,0.0,0.0,0.0,0.0,0.0,0.0,0.0,0.0,0.0,0.0,0.0,False,50
HPS3,0.01,0,0,0,21.0,21.0,21.0,1.0,0.0,0.0,0.1,0.0,0.0,0.0,0.0,0.0,0.0,0.0,0.0,0.0,0.0,0.0,False,50
IFI27L1,0.01,0,0,0,21.0,21.0,21.0,0.0,0.0,0.0,0.1,0.0,0.0,0.0,0.0,0.0,0.0,0.0,0.0,0.0,0.0,0.0,False,50
KCNS1,0.01,0,0,0,21.0,21.0,21.0,,0.0,0.0,0.0,0.1,0.0,0.0,0.0,0.0,0.0,0.0,0.0,0.0,0.0,0.0,False,50
SORCS2,0.01,0,0,0,21.0,21.0,21.0,,0.0,0.0,0.0,0.1,0.0,0.0,0.0,0.0,0.0,0.0,0.0,0.0,0.0,0.0,False,50
SPATA13,0.01,0,0,0,21.0,21.0,21.0,1.0,0.0,0.0,0.0,0.0,0.0,0.1,0.0,0.0,0.0,0.0,0.0,0.0,0.0,0.0,False,50
VAMP3,0.01,0,0,0,21.0,21.0,21.0,,0.0,0.0,0.0,0.1,0.0,0.0,0.0,0.0,0.0,0.0,0.0,0.0,0.0,0.0,False,50
ZNRF1,0.01,0,0,0,21.0,21.0,21.0,,0.0,0.0,0.0,0.0,0.0,0.0,0.0,0.0,0.1,0.0,0.0,0.0,0.0,0.0,False,50
HS3ST2,0.01,0,0,0,22.0,22.0,22.0,,0.0,0.0,0.0,0.1,0.0,0.0,0.0,0.0,0.0,0.0,0.0,0.0,0.0,0.0,False,50
LOC101927027,0.01,0,0,0,22.0,22.0,22.0,0.0,0.0,0.0,0.1,0.0,0.0,0.0,0.0,0.0,0.0,0.0,0.0,0.0,0.0,0.0,False,50
LOC105371920,0.01,0,0,0,22.0,22.0,22.0,,0.0,0.0,0.0,0.1,0.0,0.0,0.0,0.0,0.0,0.0,0.0,0.0,0.0,0.0,False,50
MDM4,0.01,0,0,0,22.0,22.0,22.0,0.0,0.0,0.0,0.1,0.0,0.0,0.0,0.0,0.0,0.0,0.0,0.0,0.0,0.0,0.0,False,50
MED23,0.01,0,0,0,22.0,22.0,22.0,,0.0,0.0,0.0,0.1,0.0,0.0,0.0,0.0,0.0,0.0,0.0,0.0,0.0,0.0,False,50
RFC1,0.01,0,0,0,22.0,22.0,22.0,,0.0,0.0,0.0,0.1,0.0,0.0,0.0,0.0,0.0,0.0,0.0,0.0,0.0,0.0,False,50
ADGRG5,0.01,0,0,0,23.0,23.0,23.0,,0.0,0.0,0.0,0.1,0.0,0.0,0.0,0.0,0.0,0.0,0.0,0.0,0.0,0.0,False,50
FBXL22,0.01,0,0,0,23.0,23.0,23.0,0.0,0.0,0.1,0.0,0.0,0.0,0.0,0.0,0.0,0.0,0.0,0.0,0.1,0.0,0.0,False,50
LIN9,0.01,0,0,0,23.0,23.0,23.0,,0.0,0.0,0.0,0.1,0.0,0.0,0.0,0.0,0.0,0.0,0.0,0.0,0.0,0.0,False,50
LINC00314,0.01,0,0,0,23.0,23.0,23.0,,0.0,0.0,0.0,0.1,0.0,0.0,0.0,0.0,0.0,0.0,0.0,0.0,0.0,0.0,False,50
MRPL1,0.01,0,0,0,23.0,23.0,23.0,0.0,0.0,0.0,0.1,0.0,0.0,0.0,0.0,0.0,0.0,0.0,0.0,0.0,0.0,0.0,False,50
SCARF2,0.01,0,0,0,23.0,23.0,23.0,,0.0,0.0,0.0,0.1,0.0,0.0,0.0,0.0,0.0,0.0,0.0,0.0,0.0,0.0,False,50
ZNF620,0.01,0,0,0,23.0,23.0,23.0,1.0,0.0,0.1,0.0,0.0,0.0,0.0,0.0,0.0,0.0,0.0,0.0,0.0,0.0,0.0,False,50
ESYT1,0.01,0,0,0,24.0,24.0,24.0,,0.0,0.0,0.0,0.1,0.0,0.0,0.0,0.0,0.0,0.0,0.0,0.0,0.0,0.0,False,50
LINC00572,0.01,0,0,0,24.0,24.0,24.0,,0.0,0.0,0.0,0.1,0.0,0.0,0.0,0.0,0.0,0.0,0.0,0.0,0.0,0.0,False,50
TMEM108,0.01,0,0,0,24.0,24.0,24.0,,0.0,0.0,0.0,0.1,0.0,0.0,0.0,0.0,0.0,0.0,0.0,0.0,0.0,0.0,False,50
B3GAT3,0.01,0,0,0,25.0,25.0,25.0,,0.0,0.0,0.0,0.0,0.0,0.0,0.0,0.0,0.1,0.0,0.0,0.0,0.0,0.0,False,50
CDH26,0.01,0,0,0,25.0,25.0,25.0,0.0,0.0,0.1,0.0,0.0,0.0,0.0,0.0,0.0,0.0,0.0,0.0,0.0,0.0,0.0,False,50
FCGBP,0.01,0,0,0,25.0,25.0,25.0,,0.0,0.0,0.0,0.1,0.0,0.0,0.0,0.0,0.0,0.0,0.0,0.0,0.0,0.0,False,50
NINL,0.01,0,0,0,25.0,25.0,25.0,,0.0,0.0,0.0,0.0,0.0,0.0,0.0,0.0,0.1,0.0,0.0,0.0,0.0,0.0,False,50
NUP88,0.01,0,0,0,25.0,25.0,25.0,,0.0,0.0,0.0,0.1,0.0,0.0,0.0,0.0,0.0,0.0,0.0,0.0,0.0,0.0,False,50
PRKCA-AS1,0.01,0,0,0,25.0,25.0,25.0,0.0,0.0,0.1,0.0,0.0,0.0,0.0,0.0,0.0,0.0,0.0,0.0,0.1,0.0,0.0,False,50
VPS29,0.01,0,0,0,25.0,25.0,25.0,,0.0,0.0,0.0,0.1,0.0,0.0,0.0,0.0,0.0,0.0,0.0,0.0,0.0,0.0,False,50
WDR54,0.01,0,0,0,25.0,25.0,25.0,1.0,0.1,0.0,0.0,0.0,0.0,0.0,0.0,0.0,0.1,0.0,0.0,0.0,0.0,0.1,False,50
GTF2E2,0.01,0,0,0,26.0,26.0,26.0,,0.0,0.0,0.0,0.1,0.0,0.0,0.0,0.0,0.0,0.0,0.0,0.0,0.0,0.0,False,50
LAMA3,0.01,0,0,0,26.0,26.0,26.0,,0.0,0.0,0.0,0.1,0.0,0.0,0.0,0.0,0.0,0.0,0.0,0.0,0.0,0.0,False,50
LINC00588,0.01,0,0,0,26.0,26.0,26.0,0.0,0.0,0.0,0.0,0.1,0.0,0.0,0.0,0.0,0.0,0.0,0.0,0.1,0.0,0.0,False,50
LOC101927450,0.01,0,0,0,26.0,26.0,26.0,0.0,0.0,0.1,0.0,0.0,0.0,0.0,0.0,0.0,0.0,0.0,0.0,0.0,0.0,0.0,False,50
NOVA1,0.01,0,0,0,26.0,26.0,26.0,1.0,0.0,0.0,0.1,0.0,0.0,0.0,0.0,0.0,0.0,0.0,0.0,0.0,0.0,0.0,False,50
SORD,0.01,0,0,0,26.0,26.0,26.0,1.0,0.0,0.0,0.0,0.0,0.0,0.1,0.0,0.0,0.0,0.0,0.0,0.0,0.0,0.0,False,50
LINC00674,0.01,0,0,0,27.0,27.0,27.0,1.0,0.0,0.0,0.1,0.0,0.0,0.0,0.0,0.0,0.0,0.0,0.0,0.0,0.0,0.0,False,50
PHEX-AS1,0.01,0,0,0,27.0,27.0,27.0,,0.0,0.0,0.0,0.1,0.0,0.0,0.0,0.0,0.0,0.0,0.0,0.0,0.0,0.0,False,50
RIDA,0.01,0,0,0,27.0,27.0,27.0,,0.0,0.0,0.0,0.1,0.0,0.0,0.0,0.0,0.0,0.0,0.0,0.0,0.0,0.0,False,50
TNFSF11,0.01,0,0,0,27.0,27.0,27.0,,0.0,0.0,0.0,0.1,0.0,0.0,0.0,0.0,0.0,0.0,0.0,0.0,0.0,0.0,False,50
WASF3,0.01,0,0,0,27.0,27.0,27.0,0.0,0.0,0.0,0.1,0.0,0.0,0.0,0.0,0.0,0.0,0.0,0.0,0.0,0.0,0.0,False,50
DNAJA2,0.01,0,0,0,28.0,28.0,28.0,0.0,0.0,0.0,0.1,0.0,0.0,0.0,0.0,0.0,0.0,0.0,0.0,0.0,0.0,0.0,False,50
LOC100422526,0.01,0,0,0,28.0,28.0,28.0,,0.0,0.0,0.0,0.1,0.0,0.0,0.0,0.0,0.0,0.0,0.0,0.0,0.0,0.0,False,50
PDZD7,0.01,0,0,0,28.0,28.0,28.0,0.0,0.0,0.1,0.0,0.0,0.0,0.0,0.0,0.0,0.0,0.0,0.0,0.0,0.0,0.0,False,50
PIK3R6,0.01,0,0,0,28.0,28.0,28.0,,0.0,0.0,0.0,0.1,0.0,0.0,0.0,0.0,0.0,0.0,0.0,0.0,0.0,0.0,False,50
PTPN11,0.01,0,0,0,28.0,28.0,28.0,,0.0,0.0,0.0,0.1,0.0,0.0,0.0,0.0,0.0,0.0,0.0,0.0,0.0,0.0,False,50
STAP2,0.01,0,0,0,28.0,28.0,28.0,1.0,0.0,0.0,0.0,0.0,0.0,0.0,0.0,0.1,0.0,0.0,0.0,0.0,0.0,0.0,False,50
CEP19,0.01,0,0,0,29.0,29.0,29.0,0.0,0.0,0.0,0.1,0.0,0.0,0.0,0.0,0.0,0.0,0.0,0.0,0.0,0.0,0.0,False,50
FANCF,0.01,0,0,0,29.0,29.0,29.0,,0.0,0.0,0.0,0.0,0.0,0.0,0.0,0.0,0.1,0.0,0.0,0.0,0.0,0.0,False,50
IKBIP,0.01,0,0,0,29.0,29.0,29.0,1.0,0.0,0.0,0.1,0.0,0.0,0.0,0.0,0.0,0.0,0.0,0.0,0.0,0.0,0.0,False,50
LOC105373876,0.01,0,0,0,29.0,29.0,29.0,0.0,0.0,0.1,0.0,0.0,0.0,0.0,0.0,0.0,0.0,0.0,0.0,0.1,0.0,0.0,False,50
LOC401098,0.01,0,0,0,29.0,29.0,29.0,,0.0,0.0,0.0,0.1,0.0,0.0,0.0,0.0,0.0,0.0,0.0,0.0,0.0,0.0,False,50
LRP1B,0.01,0,0,0,29.0,29.0,29.0,1.0,0.0,0.0,0.0,0.0,0.0,0.1,0.0,0.0,0.0,0.0,0.0,0.0,0.0,0.0,False,50
MCCC1,0.01,0,0,0,29.0,29.0,29.0,1.0,0.0,0.0,0.1,0.0,0.0,0.0,0.0,0.0,0.0,0.0,0.0,0.0,0.0,0.0,False,50
SERPINC1,0.01,0,0,0,29.0,29.0,29.0,,0.0,0.0,0.0,0.1,0.0,0.0,0.0,0.0,0.0,0.0,0.0,0.0,0.0,0.0,False,50
SHF,0.01,0,0,0,29.0,29.0,29.0,,0.0,0.0,0.0,0.1,0.0,0.0,0.0,0.0,0.0,0.0,0.0,0.0,0.0,0.0,False,50
SPATA1,0.01,0,0,0,29.0,29.0,29.0,,0.0,0.0,0.0,0.1,0.0,0.0,0.0,0.0,0.0,0.0,0.0,0.0,0.0,0.0,False,50
ZMAT3,0.01,0,0,0,29.0,29.0,29.0,,0.0,0.0,0.0,0.1,0.0,0.0,0.0,0.0,0.0,0.0,0.0,0.0,0.0,0.0,False,50
CHERP,0.01,0,0,0,30.0,30.0,30.0,,0.0,0.0,0.0,0.0,0.0,0.0,0.0,0.0,0.1,0.0,0.0,0.0,0.0,0.0,False,50
FAM83C-AS1,0.01,0,0,0,30.0,30.0,30.0,0.0,0.0,0.1,0.0,0.0,0.0,0.0,0.0,0.0,0.0,0.0,0.0,0.1,0.0,0.0,False,50
GAS1RR,0.01,0,0,0,30.0,30.0,30.0,,0.0,0.0,0.0,0.1,0.0,0.0,0.0,0.0,0.0,0.0,0.0,0.0,0.0,0.0,False,50
LINC00616,0.01,0,0,0,30.0,30.0,30.0,0.0,0.0,0.1,0.0,0.0,0.0,0.0,0.0,0.0,0.0,0.0,0.0,0.1,0.0,0.0,False,50
LOC100505622,0.01,0,0,0,30.0,30.0,30.0,0.0,0.0,0.1,0.0,0.0,0.0,0.0,0.0,0.0,0.0,0.0,0.0,0.0,0.0,0.0,False,50
PRSS35,0.01,0,0,0,30.0,30.0,30.0,,0.0,0.0,0.0,0.1,0.0,0.0,0.0,0.0,0.0,0.0,0.0,0.0,0.0,0.0,False,50
PSMD6,0.01,0,0,0,30.0,30.0,30.0,,0.0,0.0,0.0,0.1,0.0,0.0,0.0,0.0,0.0,0.0,0.0,0.0,0.0,0.0,False,50
RRN3P1,0.01,0,0,0,30.0,30.0,30.0,,0.0,0.0,0.0,0.1,0.0,0.0,0.0,0.0,0.0,0.0,0.0,0.0,0.0,0.0,False,50
SLC25A51,0.01,0,0,0,30.0,30.0,30.0,1.0,0.0,0.0,0.1,0.0,0.0,0.0,0.0,0.0,0.0,0.0,0.0,0.0,0.0,0.0,False,50
SMIM3,0.01,0,0,0,30.0,30.0,30.0,1.0,0.0,0.0,0.0,0.0,0.0,0.0,0.0,0.1,0.0,0.0,0.0,0.0,0.0,0.0,False,50
SNX3,0.01,0,0,0,30.0,30.0,30.0,,0.0,0.0,0.0,0.1,0.0,0.0,0.0,0.0,0.0,0.0,0.0,0.0,0.0,0.0,False,50
TMC4,0.01,0,0,0,30.0,30.0,30.0,,0.0,0.0,0.0,0.0,0.0,0.0,0.0,0.0,0.1,0.0,0.0,0.0,0.0,0.0,False,50
ANXA5,0.01,0,0,0,31.0,31.0,31.0,1.0,0.0,0.0,0.0,0.0,0.0,0.0,0.0,0.1,0.0,0.0,0.0,0.0,0.0,0.0,False,50
CRTAM,0.01,0,0,0,31.0,31.0,31.0,0.0,0.0,0.0,0.1,0.0,0.0,0.0,0.0,0.0,0.0,0.0,0.0,0.0,0.0,0.0,False,50
DLD,0.01,0,0,0,31.0,31.0,31.0,,0.0,0.0,0.0,0.1,0.0,0.0,0.0,0.0,0.0,0.0,0.0,0.0,0.0,0.0,False,50
GPATCH11,0.01,0,0,0,31.0,31.0,31.0,0.0,0.0,0.0,0.0,0.0,0.0,0.1,0.0,0.0,0.0,0.0,0.0,0.0,0.0,0.0,False,50
POGK,0.01,0,0,0,31.0,31.0,31.0,0.0,0.0,0.0,0.1,0.0,0.0,0.0,0.0,0.0,0.0,0.0,0.0,0.0,0.0,0.0,False,50
SERPINB10,0.01,0,0,0,31.0,31.0,31.0,0.0,0.0,0.1,0.0,0.0,0.0,0.0,0.0,0.0,0.0,0.0,0.0,0.1,0.0,0.0,False,50
SPATA8,0.01,0,0,0,31.0,31.0,31.0,,0.0,0.0,0.0,0.1,0.0,0.0,0.0,0.0,0.0,0.0,0.0,0.0,0.0,0.0,False,50
ZSCAN12,0.01,0,0,0,31.0,31.0,31.0,,0.0,0.0,0.0,0.1,0.0,0.0,0.0,0.0,0.0,0.0,0.0,0.0,0.0,0.0,False,50
CHMP4C,0.01,0,0,0,32.0,32.0,32.0,0.0,0.0,0.0,0.0,0.0,0.0,0.1,0.0,0.0,0.0,0.0,0.0,0.0,0.0,0.0,False,50
DGCR7,0.01,0,0,0,32.0,32.0,32.0,0.0,0.0,0.1,0.0,0.0,0.0,0.0,0.0,0.0,0.0,0.0,0.0,0.0,0.0,0.0,False,50
GPR176,0.01,0,0,0,32.0,32.0,32.0,0.0,0.0,0.0,0.1,0.0,0.0,0.0,0.0,0.0,0.0,0.0,0.0,0.0,0.0,0.0,False,50
KIAA0930,0.01,0,0,0,32.0,32.0,32.0,1.0,0.0,0.0,0.1,0.0,0.0,0.0,0.0,0.0,0.0,0.0,0.0,0.0,0.0,0.0,False,50
LINC00327,0.01,0,0,0,32.0,32.0,32.0,,0.0,0.0,0.0,0.1,0.0,0.0,0.0,0.0,0.0,0.0,0.0,0.0,0.0,0.0,False,50
MDH1,0.01,0,0,0,32.0,32.0,32.0,,0.0,0.0,0.0,0.1,0.0,0.0,0.0,0.0,0.0,0.0,0.0,0.0,0.0,0.0,False,50
MTUS2,0.01,0,0,0,32.0,32.0,32.0,1.0,0.0,0.0,0.0,0.1,0.0,0.0,0.0,0.0,0.0,0.0,0.0,0.0,0.1,0.0,False,50
NEUROD2,0.01,0,0,0,32.0,32.0,32.0,,0.0,0.0,0.0,0.1,0.0,0.0,0.0,0.0,0.0,0.0,0.0,0.0,0.0,0.0,False,50
PDE2A,0.01,0,0,0,32.0,32.0,32.0,0.5,0.0,0.0,0.0,0.0,0.0,0.0,0.0,0.1,0.0,0.0,0.0,0.1,0.0,0.0,False,50
POGZ,0.01,0,0,0,32.0,32.0,32.0,,0.0,0.0,0.0,0.0,0.0,0.0,0.0,0.0,0.1,0.0,0.0,0.0,0.0,0.0,False,50
PREX1,0.01,0,0,0,32.0,32.0,32.0,0.0,0.0,0.0,0.1,0.0,0.0,0.0,0.0,0.0,0.0,0.0,0.0,0.0,0.0,0.0,False,50
SLC16A2,0.01,0,0,0,32.0,32.0,32.0,1.0,0.0,0.0,0.0,0.0,0.0,0.1,0.0,0.0,0.0,0.0,0.0,0.0,0.0,0.0,False,50
ARHGAP23,0.01,0,0,0,33.0,33.0,33.0,,0.0,0.0,0.0,0.1,0.0,0.0,0.0,0.0,0.0,0.0,0.0,0.0,0.0,0.0,False,50
KLK11,0.01,0,0,0,33.0,33.0,33.0,,0.0,0.0,0.0,0.1,0.0,0.0,0.0,0.0,0.0,0.0,0.0,0.0,0.0,0.0,False,50
LARP7,0.01,0,0,0,33.0,33.0,33.0,1.0,0.0,0.0,0.1,0.0,0.0,0.0,0.0,0.0,0.0,0.0,0.0,0.0,0.0,0.0,False,50
LOC105372520,0.01,0,0,0,33.0,33.0,33.0,,0.0,0.0,0.0,0.1,0.0,0.0,0.0,0.0,0.0,0.0,0.0,0.0,0.0,0.0,False,50
LOC390705,0.01,0,0,0,33.0,33.0,33.0,,0.0,0.0,0.0,0.1,0.0,0.0,0.0,0.0,0.0,0.0,0.0,0.0,0.0,0.0,False,50
OPN5,0.01,0,0,0,33.0,33.0,33.0,0.0,0.0,0.0,0.0,0.1,0.0,0.0,0.0,0.0,0.0,0.0,0.0,0.1,0.0,0.0,False,50
PCNX2,0.01,0,0,0,33.0,33.0,33.0,0.0,0.0,0.0,0.1,0.0,0.0,0.0,0.0,0.0,0.0,0.0,0.0,0.0,0.0,0.0,False,50
STX7,0.01,0,0,0,33.0,33.0,33.0,1.0,0.0,0.0,0.0,0.0,0.0,0.0,0.0,0.1,0.0,0.0,0.0,0.0,0.0,0.0,False,50
DENND1B,0.01,0,0,0,34.0,34.0,34.0,,0.0,0.0,0.0,0.0,0.0,0.0,0.0,0.0,0.1,0.0,0.0,0.0,0.0,0.0,False,50
FAM71D,0.01,0,0,0,34.0,34.0,34.0,0.0,0.0,0.1,0.0,0.0,0.0,0.0,0.0,0.0,0.0,0.0,0.0,0.1,0.0,0.0,False,50
FGF2,0.01,0,0,0,34.0,34.0,34.0,0.0,0.0,0.0,0.0,0.0,0.0,0.1,0.0,0.0,0.0,0.0,0.0,0.1,0.0,0.0,False,50
FXYD1,0.01,0,0,0,34.0,34.0,34.0,1.0,0.0,0.0,0.0,0.0,0.0,0.0,0.0,0.1,0.0,0.0,0.0,0.0,0.0,0.0,False,50
KIAA1524,0.01,0,0,0,34.0,34.0,34.0,1.0,0.0,0.0,0.1,0.0,0.0,0.0,0.0,0.0,0.0,0.0,0.0,0.0,0.0,0.0,False,50
LAMP5,0.01,0,0,0,34.0,34.0,34.0,0.0,0.0,0.0,0.1,0.0,0.0,0.0,0.0,0.0,0.0,0.0,0.0,0.0,0.0,0.0,False,50
LINC00630,0.01,0,0,0,34.0,34.0,34.0,,0.0,0.0,0.0,0.1,0.0,0.0,0.0,0.0,0.0,0.0,0.0,0.0,0.0,0.0,False,50
PHKB,0.01,0,0,0,34.0,34.0,34.0,,0.0,0.0,0.0,0.1,0.0,0.0,0.0,0.0,0.0,0.0,0.0,0.0,0.0,0.0,False,50
PRIM2,0.01,0,0,0,34.0,34.0,34.0,,0.0,0.0,0.0,0.1,0.0,0.0,0.0,0.0,0.0,0.0,0.0,0.0,0.0,0.0,False,50
RGS22,0.01,0,0,0,34.0,34.0,34.0,1.0,0.0,0.0,0.1,0.0,0.0,0.0,0.0,0.0,0.0,0.0,0.0,0.0,0.0,0.0,False,50
VGLL4,0.01,0,0,0,34.0,34.0,34.0,1.0,0.0,0.0,0.0,0.0,0.0,0.1,0.0,0.0,0.0,0.0,0.0,0.0,0.0,0.0,False,50
ZNF736,0.01,0,0,0,34.0,34.0,34.0,1.0,0.0,0.0,0.1,0.0,0.0,0.0,0.0,0.0,0.0,0.0,0.0,0.0,0.0,0.0,False,50
AIFM2,0.01,0,0,0,35.0,35.0,35.0,0.5,0.0,0.0,0.0,0.0,0.0,0.1,0.0,0.0,0.0,0.0,0.0,0.0,0.1,0.0,False,50
AMIGO1,0.01,0,0,0,35.0,35.0,35.0,0.0,0.0,0.0,0.1,0.0,0.0,0.0,0.0,0.0,0.0,0.0,0.0,0.0,0.0,0.0,False,50
ARHGAP20,0.01,0,0,0,35.0,35.0,35.0,0.0,0.0,0.0,0.0,0.0,0.0,0.0,0.1,0.0,0.0,0.0,0.0,0.0,0.1,0.0,False,50
C15orf39,0.01,0,0,0,35.0,35.0,35.0,,0.0,0.0,0.0,0.1,0.0,0.0,0.0,0.0,0.0,0.0,0.0,0.0,0.0,0.0,False,50
C1orf168,0.01,0,0,0,35.0,35.0,35.0,,0.0,0.0,0.0,0.1,0.0,0.0,0.0,0.0,0.0,0.0,0.0,0.0,0.0,0.0,False,50
C2orf76,0.01,0,0,0,35.0,35.0,35.0,1.0,0.0,0.0,0.1,0.0,0.0,0.0,0.0,0.0,0.0,0.0,0.0,0.0,0.0,0.0,False,50
LCAL1,0.01,0,0,0,35.0,35.0,35.0,0.0,0.0,0.1,0.0,0.0,0.0,0.0,0.0,0.0,0.0,0.0,0.0,0.0,0.0,0.0,False,50
PDGFA,0.01,0,0,0,35.0,35.0,35.0,,0.0,0.0,0.0,0.1,0.0,0.0,0.0,0.0,0.0,0.0,0.0,0.0,0.0,0.0,False,50
PRKACG,0.01,0,0,0,35.0,35.0,35.0,0.0,0.0,0.1,0.0,0.0,0.0,0.0,0.0,0.0,0.0,0.0,0.0,0.0,0.0,0.0,False,50
PRRG4,0.01,0,0,0,35.0,35.0,35.0,0.0,0.0,0.0,0.1,0.0,0.0,0.0,0.0,0.0,0.0,0.0,0.0,0.0,0.0,0.0,False,50
SAG,0.01,0,0,0,35.0,35.0,35.0,,0.0,0.0,0.0,0.1,0.0,0.0,0.0,0.0,0.0,0.0,0.0,0.0,0.0,0.0,False,50
SLC19A3,0.01,0,0,0,35.0,35.0,35.0,0.0,0.0,0.0,0.0,0.0,0.0,0.0,0.1,0.0,0.0,0.0,0.0,0.1,0.1,0.0,False,50
SLC30A10,0.01,0,0,0,35.0,35.0,35.0,0.0,0.0,0.1,0.0,0.0,0.0,0.0,0.0,0.0,0.0,0.0,0.0,0.0,0.0,0.0,False,50
SLC35C1,0.01,0,0,0,35.0,35.0,35.0,,0.0,0.0,0.0,0.1,0.0,0.0,0.0,0.0,0.0,0.0,0.0,0.0,0.0,0.0,False,50
SMC4,0.01,0,0,0,35.0,35.0,35.0,,0.0,0.0,0.0,0.0,0.0,0.0,0.0,0.0,0.1,0.0,0.0,0.0,0.0,0.0,False,50
TSPAN3,0.01,0,0,0,35.0,35.0,35.0,1.0,0.0,0.0,0.0,0.0,0.0,0.0,0.0,0.1,0.0,0.0,0.0,0.0,0.0,0.0,False,50
TTC23,0.01,0,0,0,35.0,35.0,35.0,,0.0,0.0,0.0,0.1,0.0,0.0,0.0,0.0,0.0,0.0,0.0,0.0,0.0,0.0,False,50
CCNH,0.01,0,0,0,36.0,36.0,36.0,,0.0,0.0,0.0,0.1,0.0,0.0,0.0,0.0,0.0,0.0,0.0,0.0,0.0,0.0,False,50
CHURC1,0.01,0,0,0,36.0,36.0,36.0,0.0,0.0,0.0,0.1,0.0,0.0,0.0,0.0,0.0,0.0,0.0,0.0,0.0,0.0,0.0,False,50
COL6A6,0.01,0,0,0,36.0,36.0,36.0,0.0,0.0,0.1,0.0,0.0,0.0,0.0,0.0,0.0,0.0,0.0,0.0,0.1,0.0,0.0,False,50
HOXA4,0.01,0,0,0,36.0,36.0,36.0,,0.0,0.0,0.0,0.1,0.0,0.0,0.0,0.0,0.0,0.0,0.0,0.0,0.0,0.0,False,50
LOC105376292,0.01,0,0,0,36.0,36.0,36.0,0.0,0.0,0.0,0.0,0.1,0.0,0.0,0.0,0.0,0.0,0.0,0.0,0.1,0.0,0.0,False,50
LPP-AS2,0.01,0,0,0,36.0,36.0,36.0,0.0,0.0,0.0,0.0,0.0,0.1,0.0,0.0,0.0,0.0,0.0,0.0,0.0,0.0,0.0,False,50
SPX,0.01,0,0,0,36.0,36.0,36.0,0.5,0.0,0.0,0.0,0.0,0.0,0.0,0.0,0.1,0.0,0.0,0.0,0.0,0.1,0.0,False,50
TMEM44,0.01,0,0,0,36.0,36.0,36.0,,0.0,0.0,0.0,0.1,0.0,0.0,0.0,0.0,0.0,0.0,0.0,0.0,0.0,0.0,False,50
ZFP14,0.01,0,0,0,36.0,36.0,36.0,,0.0,0.0,0.0,0.1,0.0,0.0,0.0,0.0,0.0,0.0,0.0,0.0,0.0,0.0,False,50
ACAT1,0.01,0,0,0,37.0,37.0,37.0,1.0,0.0,0.0,0.0,0.0,0.0,0.0,0.0,0.1,0.0,0.0,0.0,0.0,0.0,0.0,False,50
ARHGAP19,0.01,0,0,0,37.0,37.0,37.0,,0.0,0.0,0.0,0.1,0.0,0.0,0.0,0.0,0.0,0.0,0.0,0.0,0.0,0.0,False,50
BMP2K,0.01,0,0,0,37.0,37.0,37.0,,0.0,0.0,0.0,0.1,0.0,0.0,0.0,0.0,0.0,0.0,0.0,0.0,0.0,0.0,False,50
CHST11,0.01,0,0,0,37.0,37.0,37.0,0.0,0.0,0.0,0.1,0.0,0.0,0.0,0.0,0.0,0.0,0.0,0.0,0.0,0.0,0.0,False,50
EPHX1,0.01,0,0,0,37.0,37.0,37.0,0.0,0.0,0.0,0.1,0.0,0.0,0.0,0.0,0.0,0.0,0.0,0.0,0.0,0.0,0.0,False,50
HSF5,0.01,0,0,0,37.0,37.0,37.0,0.0,0.0,0.1,0.0,0.0,0.0,0.0,0.0,0.0,0.0,0.0,0.0,0.0,0.0,0.0,False,50
LOC101930114,0.01,0,0,0,37.0,37.0,37.0,1.0,0.0,0.0,0.0,0.0,0.0,0.0,0.0,0.1,0.0,0.0,0.0,0.0,0.0,0.0,False,50
MAPKAPK2,0.01,0,0,0,37.0,37.0,37.0,,0.0,0.0,0.0,0.0,0.0,0.0,0.0,0.0,0.1,0.0,0.0,0.0,0.0,0.0,False,50
MIF,0.01,0,0,0,37.0,37.0,37.0,1.0,0.0,0.0,0.0,0.0,0.0,0.0,0.0,0.1,0.0,0.0,0.0,0.0,0.0,0.0,False,50
NOXRED1,0.01,0,0,0,37.0,37.0,37.0,0.0,0.0,0.1,0.0,0.0,0.0,0.0,0.0,0.0,0.0,0.0,0.0,0.0,0.0,0.0,False,50
PSMA3,0.01,0,0,0,37.0,37.0,37.0,,0.0,0.0,0.0,0.1,0.0,0.0,0.0,0.0,0.0,0.0,0.0,0.0,0.0,0.0,False,50
RAI14,0.01,0,0,0,37.0,37.0,37.0,0.0,0.0,0.0,0.1,0.0,0.0,0.0,0.0,0.0,0.0,0.0,0.0,0.0,0.0,0.0,False,50
RASSF6,0.01,0,0,0,37.0,37.0,37.0,,0.0,0.0,0.0,0.1,0.0,0.0,0.0,0.0,0.0,0.0,0.0,0.0,0.0,0.0,False,50
RGCC,0.01,0,0,0,37.0,37.0,37.0,1.0,0.0,0.0,0.0,0.0,0.0,0.0,0.0,0.1,0.0,0.0,0.0,0.0,0.0,0.0,False,50
RMI1,0.01,0,0,0,37.0,37.0,37.0,1.0,0.0,0.0,0.1,0.0,0.0,0.0,0.0,0.0,0.0,0.0,0.0,0.0,0.0,0.0,False,50
CC2D2A,0.01,0,0,0,38.0,38.0,38.0,1.0,0.0,0.0,0.1,0.0,0.0,0.0,0.0,0.0,0.0,0.0,0.0,0.0,0.0,0.0,False,50
CPA2,0.01,0,0,0,38.0,38.0,38.0,0.0,0.0,0.0,0.0,0.0,0.1,0.0,0.0,0.0,0.0,0.0,0.0,0.0,0.1,0.0,False,50
KRTAP4-8,0.01,0,0,0,38.0,38.0,38.0,0.0,0.0,0.1,0.0,0.0,0.0,0.0,0.0,0.0,0.0,0.0,0.0,0.1,0.0,0.0,False,50
LOC101928314,0.01,0,0,0,38.0,38.0,38.0,,0.0,0.0,0.0,0.1,0.0,0.0,0.0,0.0,0.0,0.0,0.0,0.0,0.0,0.0,False,50
LPL,0.01,0,0,0,38.0,38.0,38.0,1.0,0.0,0.0,0.0,0.0,0.0,0.0,0.0,0.1,0.0,0.0,0.0,0.0,0.0,0.0,False,50
NECTIN1,0.01,0,0,0,38.0,38.0,38.0,,0.0,0.0,0.0,0.1,0.0,0.0,0.0,0.0,0.0,0.0,0.0,0.0,0.0,0.0,False,50
NREP,0.01,0,0,0,38.0,38.0,38.0,1.0,0.0,0.0,0.1,0.0,0.0,0.0,0.0,0.0,0.0,0.0,0.0,0.0,0.0,0.0,False,50
PLEKHG5,0.01,0,0,0,38.0,38.0,38.0,0.0,0.0,0.1,0.0,0.0,0.0,0.0,0.0,0.0,0.0,0.0,0.0,0.0,0.0,0.0,False,50
SERINC2,0.01,0,0,0,38.0,38.0,38.0,1.0,0.3,0.0,0.0,0.0,0.0,0.0,0.0,0.1,0.0,0.0,0.0,0.0,0.0,0.3,False,50
SGCZ,0.01,0,0,0,38.0,38.0,38.0,0.0,0.0,0.1,0.0,0.0,0.0,0.0,0.0,0.0,0.0,0.0,0.0,0.1,0.0,0.0,False,50
SNRNP27,0.01,0,0,0,38.0,38.0,38.0,,0.0,0.0,0.0,0.1,0.0,0.0,0.0,0.0,0.0,0.0,0.0,0.0,0.0,0.0,False,50
SP7,0.01,0,0,0,38.0,38.0,38.0,,0.0,0.0,0.0,0.1,0.0,0.0,0.0,0.0,0.0,0.0,0.0,0.0,0.0,0.0,False,50
STARD3,0.01,0,0,0,38.0,38.0,38.0,,0.0,0.0,0.0,0.0,0.0,0.0,0.0,0.0,0.1,0.0,0.0,0.0,0.0,0.0,False,50
SULF1,0.01,0,0,0,38.0,38.0,38.0,1.0,0.0,0.0,0.1,0.0,0.0,0.0,0.0,0.0,0.0,0.0,0.0,0.0,0.0,0.0,False,50
ZNF90,0.01,0,0,0,38.0,38.0,38.0,,0.0,0.0,0.0,0.1,0.0,0.0,0.0,0.0,0.0,0.0,0.0,0.0,0.0,0.0,False,50
COL4A5,0.01,0,0,0,39.0,39.0,39.0,0.0,0.0,0.0,0.0,0.0,0.0,0.1,0.0,0.0,0.0,0.0,0.0,0.0,0.0,0.0,False,50
EPCAM,0.01,0,0,0,39.0,39.0,39.0,,0.0,0.0,0.0,0.0,0.0,0.0,0.0,0.0,0.1,0.0,0.0,0.0,0.0,0.0,False,50
FLG,0.01,0,0,0,39.0,39.0,39.0,0.0,0.0,0.1,0.0,0.0,0.0,0.0,0.0,0.0,0.0,0.0,0.0,0.2,0.0,0.0,False,50
ISCU,0.01,0,0,0,39.0,39.0,39.0,,0.0,0.0,0.0,0.1,0.0,0.0,0.0,0.0,0.0,0.0,0.0,0.0,0.0,0.0,False,50
ITGA1,0.01,0,0,0,39.0,39.0,39.0,1.0,0.0,0.0,0.0,0.0,0.0,0.0,0.0,0.1,0.0,0.0,0.0,0.0,0.0,0.0,False,50
MXRA5,0.01,0,0,0,39.0,39.0,39.0,1.0,0.0,0.0,0.1,0.0,0.0,0.0,0.0,0.0,0.0,0.0,0.0,0.0,0.0,0.0,False,50
PEG10,0.01,0,0,0,39.0,39.0,39.0,1.0,0.0,0.0,0.1,0.0,0.0,0.0,0.0,0.0,0.0,0.0,0.0,0.0,0.0,0.0,False,50
PGBD5,0.01,0,0,0,39.0,39.0,39.0,,0.0,0.0,0.0,0.1,0.0,0.0,0.0,0.0,0.0,0.0,0.0,0.0,0.0,0.0,False,50
PPP2R1B,0.01,0,0,0,39.0,39.0,39.0,1.0,0.0,0.0,0.0,0.0,0.0,0.0,0.0,0.1,0.0,0.0,0.0,0.0,0.0,0.0,False,50
TDRD5,0.01,0,0,0,39.0,39.0,39.0,,0.0,0.0,0.0,0.1,0.0,0.0,0.0,0.0,0.0,0.0,0.0,0.0,0.0,0.0,False,50
USP46-AS1,0.01,0,0,0,39.0,39.0,39.0,0.0,0.0,0.0,0.0,0.0,0.1,0.0,0.0,0.0,0.0,0.0,0.0,0.0,0.0,0.0,False,50
VIT,0.01,0,0,0,39.0,39.0,39.0,0.0,0.0,0.0,0.0,0.0,0.0,0.1,0.0,0.0,0.0,0.0,0.0,0.0,0.0,0.0,False,50
APOL6,0.01,0,0,0,40.0,40.0,40.0,0.0,0.0,0.0,0.0,0.0,0.0,0.1,0.0,0.0,0.0,0.0,0.0,0.0,0.0,0.0,False,50
CCDC18-AS1,0.01,0,0,0,40.0,40.0,40.0,1.0,0.1,0.0,0.0,0.0,0.0,0.0,0.0,0.0,0.1,0.0,0.0,0.0,0.0,0.1,False,50
CCDC3,0.01,0,0,0,40.0,40.0,40.0,1.0,0.0,0.0,0.0,0.0,0.0,0.0,0.0,0.1,0.0,0.0,0.0,0.0,0.0,0.0,False,50
CYP4F2,0.01,0,0,0,40.0,40.0,40.0,,0.0,0.0,0.0,0.1,0.0,0.0,0.0,0.0,0.0,0.0,0.0,0.0,0.0,0.0,False,50
ENPP5,0.01,0,0,0,40.0,40.0,40.0,1.0,0.0,0.0,0.0,0.0,0.0,0.1,0.0,0.0,0.0,0.0,0.0,0.0,0.0,0.0,False,50
FAM109B,0.01,0,0,0,40.0,40.0,40.0,0.0,0.0,0.0,0.1,0.0,0.0,0.0,0.0,0.0,0.0,0.0,0.0,0.0,0.0,0.0,False,50
ITGBL1,0.01,0,0,0,40.0,40.0,40.0,,0.0,0.0,0.0,0.1,0.0,0.0,0.0,0.0,0.0,0.0,0.0,0.0,0.0,0.0,False,50
LOC101928823,0.01,0,0,0,40.0,40.0,40.0,,0.0,0.0,0.0,0.1,0.0,0.0,0.0,0.0,0.0,0.0,0.0,0.0,0.0,0.0,False,50
LOXL1-AS1,0.01,0,0,0,40.0,40.0,40.0,1.0,0.0,0.0,0.1,0.0,0.0,0.0,0.0,0.0,0.0,0.0,0.0,0.0,0.0,0.0,False,50
OLR1,0.01,0,0,0,40.0,40.0,40.0,,0.0,0.0,0.0,0.1,0.0,0.0,0.0,0.0,0.0,0.0,0.0,0.0,0.0,0.0,False,50
RGPD4-AS1,0.01,0,0,0,40.0,40.0,40.0,,0.0,0.0,0.0,0.1,0.0,0.0,0.0,0.0,0.0,0.0,0.0,0.0,0.0,0.0,False,50
SIGLEC15,0.01,0,0,0,40.0,40.0,40.0,,0.0,0.0,0.0,0.1,0.0,0.0,0.0,0.0,0.0,0.0,0.0,0.0,0.0,0.0,False,50
TMEM37,0.01,0,0,0,40.0,40.0,40.0,1.0,0.0,0.0,0.0,0.0,0.0,0.0,0.0,0.1,0.0,0.0,0.0,0.0,0.0,0.0,False,50
ZEB2,0.01,0,0,0,40.0,40.0,40.0,1.0,0.0,0.0,0.0,0.0,0.0,0.0,0.0,0.1,0.0,0.0,0.0,0.0,0.0,0.0,False,50
ZNF582,0.01,0,0,0,40.0,40.0,40.0,0.0,0.0,0.0,0.1,0.0,0.0,0.0,0.0,0.0,0.0,0.0,0.0,0.0,0.0,0.0,False,50
ACVR2A,0.01,0,0,0,41.0,41.0,41.0,0.0,0.0,0.0,0.1,0.0,0.0,0.0,0.0,0.0,0.0,0.0,0.0,0.0,0.0,0.0,False,50
BCORP1,0.01,0,0,0,41.0,41.0,41.0,0.0,0.0,0.1,0.0,0.0,0.0,0.0,0.0,0.0,0.0,0.0,0.0,0.1,0.0,0.0,False,50
BTNL2,0.01,0,0,0,41.0,41.0,41.0,0.0,0.0,0.1,0.0,0.0,0.0,0.0,0.0,0.0,0.0,0.0,0.0,0.1,0.0,0.0,False,50
CA3,0.01,0,0,0,41.0,41.0,41.0,0.5,0.0,0.0,0.1,0.0,0.0,0.0,0.0,0.0,0.0,0.0,0.0,0.1,0.0,0.0,False,50
CFD,0.01,0,0,0,41.0,41.0,41.0,1.0,0.0,0.0,0.0,0.0,0.0,0.0,0.0,0.1,0.0,0.0,0.0,0.0,0.0,0.0,False,50
COPS3,0.01,0,0,0,41.0,41.0,41.0,,0.0,0.0,0.0,0.1,0.0,0.0,0.0,0.0,0.0,0.0,0.0,0.0,0.0,0.0,False,50
CPM,0.01,0,0,0,41.0,41.0,41.0,1.0,0.0,0.0,0.0,0.0,0.0,0.0,0.0,0.1,0.0,0.0,0.0,0.0,0.0,0.0,False,50
ELOVL5,0.01,0,0,0,41.0,41.0,41.0,,0.0,0.0,0.0,0.1,0.0,0.0,0.0,0.0,0.0,0.0,0.0,0.0,0.0,0.0,False,50
FAM30A,0.01,0,0,0,41.0,41.0,41.0,,0.0,0.0,0.0,0.1,0.0,0.0,0.0,0.0,0.0,0.0,0.0,0.0,0.0,0.0,False,50
HS6ST2,0.01,0,0,0,41.0,41.0,41.0,,0.0,0.0,0.0,0.1,0.0,0.0,0.0,0.0,0.0,0.0,0.0,0.0,0.0,0.0,False,50
IQGAP3,0.01,0,0,0,41.0,41.0,41.0,1.0,0.2,0.0,0.1,0.0,0.0,0.0,0.0,0.0,0.0,0.0,0.0,0.0,0.0,0.2,False,50
LINC00348,0.01,0,0,0,41.0,41.0,41.0,0.0,0.0,0.1,0.0,0.0,0.0,0.0,0.0,0.0,0.0,0.0,0.0,0.0,0.0,0.0,False,50
MARCKSL1,0.01,0,0,0,41.0,41.0,41.0,1.0,0.0,0.0,0.0,0.0,0.0,0.0,0.0,0.1,0.0,0.0,0.0,0.0,0.0,0.0,False,50
OCIAD2,0.01,0,0,0,41.0,41.0,41.0,,0.0,0.0,0.0,0.0,0.0,0.0,0.0,0.0,0.1,0.0,0.0,0.0,0.0,0.0,False,50
PRRT3-AS1,0.01,0,0,0,41.0,41.0,41.0,1.0,0.0,0.0,0.1,0.0,0.0,0.0,0.0,0.0,0.0,0.0,0.0,0.0,0.0,0.0,False,50
RNASE1,0.01,0,0,0,41.0,41.0,41.0,1.0,0.0,0.0,0.0,0.0,0.0,0.0,0.0,0.1,0.0,0.0,0.0,0.0,0.0,0.0,False,50
RUNX2,0.01,0,0,0,41.0,41.0,41.0,1.0,0.0,0.0,0.1,0.0,0.0,0.0,0.0,0.0,0.0,0.0,0.0,0.0,0.0,0.0,False,50
TSPAN11,0.01,0,0,0,41.0,41.0,41.0,,0.0,0.0,0.0,0.1,0.0,0.0,0.0,0.0,0.0,0.0,0.0,0.0,0.0,0.0,False,50
ABCA9,0.01,0,0,0,42.0,42.0,42.0,0.0,0.0,0.0,0.1,0.0,0.0,0.0,0.0,0.0,0.0,0.0,0.0,0.0,0.0,0.0,False,50
C19orf12,0.01,0,0,0,42.0,42.0,42.0,1.0,0.0,0.0,0.0,0.0,0.0,0.0,0.0,0.1,0.0,0.0,0.0,0.0,0.0,0.0,False,50
F8,0.01,0,0,0,42.0,42.0,42.0,1.0,0.0,0.0,0.0,0.0,0.0,0.0,0.0,0.1,0.0,0.0,0.0,0.0,0.0,0.0,False,50
HIST1H4G,0.01,0,0,0,42.0,42.0,42.0,0.0,0.0,0.1,0.0,0.0,0.0,0.0,0.0,0.0,0.0,0.0,0.0,0.0,0.0,0.0,False,50
LOC101928409,0.01,0,0,0,42.0,42.0,42.0,0.0,0.0,0.1,0.0,0.0,0.0,0.0,0.0,0.0,0.0,0.0,0.0,0.0,0.0,0.0,False,50
LOC645321,0.01,0,0,0,42.0,42.0,42.0,,0.0,0.0,0.0,0.1,0.0,0.0,0.0,0.0,0.0,0.0,0.0,0.0,0.0,0.0,False,50
NPNT,0.01,0,0,0,42.0,42.0,42.0,0.0,0.0,0.0,0.1,0.0,0.0,0.0,0.0,0.0,0.0,0.0,0.0,0.0,0.0,0.0,False,50
PDHA2,0.01,0,0,0,42.0,42.0,42.0,0.0,0.0,0.1,0.0,0.0,0.0,0.0,0.0,0.0,0.0,0.0,0.0,0.0,0.0,0.0,False,50
PLCL2,0.01,0,0,0,42.0,42.0,42.0,0.0,0.2,0.0,0.0,0.0,0.0,0.0,0.0,0.0,0.1,0.0,0.0,0.0,0.0,0.2,False,50
PRPF38B,0.01,0,0,0,42.0,42.0,42.0,0.0,0.0,0.0,0.1,0.0,0.0,0.0,0.0,0.0,0.0,0.0,0.0,0.0,0.0,0.0,False,50
SH3BP4,0.01,0,0,0,42.0,42.0,42.0,,0.0,0.0,0.0,0.0,0.0,0.0,0.0,0.0,0.1,0.0,0.0,0.0,0.0,0.0,False,50
TLN2,0.01,0,0,0,42.0,42.0,42.0,0.0,0.0,0.0,0.0,0.0,0.0,0.1,0.0,0.0,0.0,0.0,0.0,0.0,0.0,0.0,False,50
TRPS1,0.01,0,0,0,42.0,42.0,42.0,1.0,0.1,0.0,0.1,0.0,0.0,0.0,0.0,0.0,0.0,0.0,0.0,0.0,0.0,0.1,False,50
BAMBI,0.01,0,0,0,43.0,43.0,43.0,1.0,0.0,0.0,0.1,0.0,0.0,0.0,0.0,0.0,0.0,0.0,0.0,0.0,0.0,0.0,False,50
C1QTNF4,0.01,0,0,0,43.0,43.0,43.0,,0.0,0.0,0.0,0.1,0.0,0.0,0.0,0.0,0.0,0.0,0.0,0.0,0.0,0.0,False,50
C5orf64,0.01,0,0,0,43.0,43.0,43.0,0.0,0.0,0.1,0.0,0.0,0.0,0.0,0.0,0.0,0.0,0.0,0.0,0.0,0.0,0.0,False,50
CD24,0.01,0,0,0,43.0,43.0,43.0,1.0,0.0,0.0,0.0,0.0,0.0,0.0,0.1,0.0,0.0,0.0,0.0,0.0,0.1,0.0,False,50
CDH11,0.01,0,0,0,43.0,43.0,43.0,1.0,0.0,0.0,0.1,0.0,0.0,0.0,0.0,0.0,0.0,0.0,0.0,0.0,0.0,0.0,False,50
COBLL1,0.01,0,0,0,43.0,43.0,43.0,1.0,0.0,0.0,0.0,0.0,0.0,0.0,0.0,0.1,0.0,0.0,0.0,0.0,0.0,0.0,False,50
CYP2A7P1,0.01,0,0,0,43.0,43.0,43.0,0.0,0.0,0.1,0.0,0.0,0.0,0.0,0.0,0.0,0.0,0.0,0.0,0.0,0.0,0.0,False,50
DCBLD1,0.01,0,0,0,43.0,43.0,43.0,,0.0,0.0,0.0,0.1,0.0,0.0,0.0,0.0,0.0,0.0,0.0,0.0,0.0,0.0,False,50
HOXB-AS3,0.01,0,0,0,43.0,43.0,43.0,,0.0,0.0,0.0,0.1,0.0,0.0,0.0,0.0,0.0,0.0,0.0,0.0,0.0,0.0,False,50
LOC100506691,0.01,0,0,0,43.0,43.0,43.0,,0.0,0.0,0.0,0.1,0.0,0.0,0.0,0.0,0.0,0.0,0.0,0.0,0.0,0.0,False,50
MDFIC,0.01,0,0,0,43.0,43.0,43.0,1.0,0.0,0.0,0.0,0.0,0.0,0.0,0.0,0.1,0.0,0.0,0.0,0.0,0.0,0.0,False,50
NFU1,0.01,0,0,0,43.0,43.0,43.0,,0.0,0.0,0.0,0.1,0.0,0.0,0.0,0.0,0.0,0.0,0.0,0.0,0.0,0.0,False,50
PLEKHA4,0.01,0,0,0,43.0,43.0,43.0,,0.0,0.0,0.0,0.1,0.0,0.0,0.0,0.0,0.0,0.0,0.0,0.0,0.0,0.0,False,50
SMAD1,0.01,0,0,0,43.0,43.0,43.0,,0.0,0.0,0.0,0.1,0.0,0.0,0.0,0.0,0.0,0.0,0.0,0.0,0.0,0.0,False,50
SPINT2,0.01,0,0,0,43.0,43.0,43.0,,0.0,0.0,0.0,0.0,0.0,0.0,0.1,0.0,0.0,0.0,0.0,0.0,0.0,0.0,False,50
TPMT,0.01,0,0,0,43.0,43.0,43.0,1.0,0.0,0.0,0.1,0.0,0.0,0.0,0.0,0.0,0.0,0.0,0.0,0.0,0.0,0.0,False,50
EIF2B3,0.01,0,0,0,44.0,44.0,44.0,,0.0,0.0,0.0,0.1,0.0,0.0,0.0,0.0,0.0,0.0,0.0,0.0,0.0,0.0,False,50
LOC100507600,0.01,0,0,0,44.0,44.0,44.0,,0.0,0.0,0.0,0.1,0.0,0.0,0.0,0.0,0.0,0.0,0.0,0.0,0.0,0.0,False,50
LOC727820,0.01,0,0,0,44.0,44.0,44.0,0.0,0.0,0.0,0.1,0.0,0.0,0.0,0.0,0.0,0.0,0.0,0.0,0.0,0.0,0.0,False,50
MILR1,0.01,0,0,0,44.0,44.0,44.0,,0.0,0.0,0.0,0.1,0.0,0.0,0.0,0.0,0.0,0.0,0.0,0.0,0.0,0.0,False,50
PATJ,0.01,0,0,0,44.0,44.0,44.0,1.0,0.0,0.1,0.0,0.0,0.0,0.0,0.0,0.0,0.0,0.0,0.0,0.0,0.0,0.0,False,50
PEBP4,0.01,0,0,0,44.0,44.0,44.0,,0.0,0.0,0.0,0.1,0.0,0.0,0.0,0.0,0.0,0.0,0.0,0.0,0.0,0.0,False,50
PMS2P5,0.01,0,0,0,44.0,44.0,44.0,0.0,0.0,0.0,0.1,0.0,0.0,0.0,0.0,0.0,0.0,0.0,0.0,0.0,0.0,0.0,False,50
SCD,0.01,0,0,0,44.0,44.0,44.0,,0.0,0.0,0.0,0.1,0.0,0.0,0.0,0.0,0.0,0.0,0.0,0.0,0.0,0.0,False,50
SEMA3A,0.01,0,0,0,44.0,44.0,44.0,0.0,0.0,0.0,0.0,0.0,0.1,0.0,0.0,0.0,0.0,0.0,0.0,0.0,0.0,0.0,False,50
TRAF4,0.01,0,0,0,44.0,44.0,44.0,1.0,0.0,0.0,0.0,0.0,0.0,0.0,0.0,0.1,0.0,0.0,0.0,0.0,0.0,0.0,False,50
ZYG11B,0.01,0,0,0,44.0,44.0,44.0,1.0,0.0,0.0,0.0,0.0,0.0,0.0,0.0,0.1,0.0,0.0,0.0,0.0,0.0,0.0,False,50
CDCA4,0.01,0,0,0,45.0,45.0,45.0,,0.0,0.0,0.0,0.0,0.0,0.0,0.0,0.0,0.1,0.0,0.0,0.0,0.0,0.0,False,50
ERBB3,0.01,0,0,0,45.0,45.0,45.0,1.0,0.0,0.0,0.0,0.0,0.0,0.0,0.0,0.1,0.0,0.0,0.0,0.0,0.0,0.0,False,50
GHR,0.01,0,0,0,45.0,45.0,45.0,1.0,0.0,0.0,0.0,0.0,0.0,0.0,0.0,0.1,0.0,0.0,0.0,0.0,0.0,0.0,False,50
GPD1,0.01,0,0,0,45.0,45.0,45.0,1.0,0.0,0.0,0.0,0.0,0.0,0.0,0.0,0.1,0.0,0.0,0.0,0.0,0.0,0.0,False,50
LINC01094,0.01,0,0,0,45.0,45.0,45.0,,0.0,0.0,0.0,0.1,0.0,0.0,0.0,0.0,0.0,0.0,0.0,0.0,0.0,0.0,False,50
LOC102724938,0.01,0,0,0,45.0,45.0,45.0,0.0,0.0,0.0,0.0,0.1,0.0,0.0,0.0,0.0,0.0,0.0,0.0,0.2,0.0,0.0,False,50
LOC728061,0.01,0,0,0,45.0,45.0,45.0,0.0,0.0,0.0,0.1,0.0,0.0,0.0,0.0,0.0,0.0,0.0,0.0,0.0,0.0,0.0,False,50
LRRC34,0.01,0,0,0,45.0,45.0,45.0,0.0,0.0,0.0,0.0,0.0,0.0,0.1,0.0,0.0,0.0,0.0,0.0,0.0,0.0,0.0,False,50
MITF,0.01,0,0,0,45.0,45.0,45.0,1.0,0.0,0.0,0.0,0.0,0.0,0.0,0.0,0.1,0.0,0.0,0.0,0.0,0.0,0.0,False,50
MUC6,0.01,0,0,0,45.0,45.0,45.0,,0.0,0.0,0.0,0.1,0.0,0.0,0.0,0.0,0.0,0.0,0.0,0.0,0.0,0.0,False,50
PRC1,0.01,0,0,0,45.0,45.0,45.0,1.0,0.7,0.0,0.0,0.0,0.0,0.0,0.0,0.0,0.1,0.0,0.0,0.0,0.0,0.7,False,50
PRDX6,0.01,0,0,0,45.0,45.0,45.0,,0.0,0.0,0.0,0.1,0.0,0.0,0.0,0.0,0.0,0.0,0.0,0.0,0.0,0.0,False,50
SMYD3,0.01,0,0,0,45.0,45.0,45.0,0.0,0.0,0.0,0.0,0.0,0.0,0.1,0.0,0.0,0.0,0.0,0.0,0.0,0.0,0.0,False,50
TPM3,0.01,0,0,0,45.0,45.0,45.0,,0.0,0.0,0.0,0.0,0.0,0.0,0.0,0.0,0.1,0.0,0.0,0.0,0.0,0.0,False,50
TTC22,0.01,0,0,0,45.0,45.0,45.0,,0.0,0.0,0.0,0.0,0.0,0.0,0.0,0.0,0.1,0.0,0.0,0.0,0.0,0.0,False,50
ZNF48,0.01,0,0,0,45.0,45.0,45.0,,0.0,0.0,0.0,0.0,0.0,0.0,0.0,0.0,0.1,0.0,0.0,0.0,0.0,0.0,False,50
ZNF629,0.01,0,0,0,45.0,45.0,45.0,,0.0,0.0,0.0,0.0,0.0,0.0,0.0,0.0,0.1,0.0,0.0,0.0,0.0,0.0,False,50
C1QTNF2,0.01,0,0,0,46.0,46.0,46.0,0.0,0.0,0.1,0.0,0.0,0.0,0.0,0.0,0.0,0.0,0.0,0.0,0.0,0.0,0.0,False,50
CDC26,0.01,0,0,0,46.0,46.0,46.0,,0.0,0.0,0.0,0.1,0.0,0.0,0.0,0.0,0.0,0.0,0.0,0.0,0.0,0.0,False,50
COLGALT2,0.01,0,0,0,46.0,46.0,46.0,1.0,0.0,0.0,0.1,0.0,0.0,0.0,0.0,0.0,0.0,0.0,0.0,0.0,0.0,0.0,False,50
FCN2,0.01,0,0,0,46.0,46.0,46.0,0.0,0.0,0.0,0.0,0.1,0.0,0.0,0.0,0.0,0.0,0.0,0.0,0.2,0.0,0.0,False,50
KERA,0.01,0,0,0,46.0,46.0,46.0,,0.0,0.0,0.0,0.1,0.0,0.0,0.0,0.0,0.0,0.0,0.0,0.0,0.0,0.0,False,50
LOC100505530,0.01,0,0,0,46.0,46.0,46.0,0.0,0.0,0.1,0.0,0.0,0.0,0.0,0.0,0.0,0.0,0.0,0.0,0.0,0.0,0.0,False,50
LOC105370424,0.01,0,0,0,46.0,46.0,46.0,0.0,0.0,0.1,0.0,0.0,0.0,0.0,0.0,0.0,0.0,0.0,0.0,0.1,0.0,0.0,False,50
NAT8L,0.01,0,0,0,46.0,46.0,46.0,0.0,0.0,0.0,0.1,0.0,0.0,0.0,0.0,0.0,0.0,0.0,0.0,0.0,0.1,0.0,False,50
NDC80,0.01,0,0,0,46.0,46.0,46.0,,0.0,0.0,0.0,0.0,0.0,0.0,0.0,0.0,0.1,0.0,0.0,0.0,0.0,0.0,False,50
NDUFAF4,0.01,0,0,0,46.0,46.0,46.0,,0.0,0.0,0.0,0.1,0.0,0.0,0.0,0.0,0.0,0.0,0.0,0.0,0.0,0.0,False,50
PFKFB4,0.01,0,0,0,46.0,46.0,46.0,1.0,0.1,0.0,0.0,0.0,0.0,0.0,0.0,0.1,0.0,0.0,0.0,0.0,0.0,0.1,False,50
RFX6,0.01,0,0,0,46.0,46.0,46.0,,0.0,0.0,0.0,0.1,0.0,0.0,0.0,0.0,0.0,0.0,0.0,0.0,0.0,0.0,False,50
SCRN2,0.01,0,0,0,46.0,46.0,46.0,1.0,0.0,0.0,0.0,0.0,0.0,0.0,0.0,0.1,0.0,0.0,0.0,0.0,0.0,0.0,False,50
SDC4,0.01,0,0,0,46.0,46.0,46.0,1.0,0.0,0.0,0.0,0.0,0.0,0.0,0.0,0.1,0.0,0.0,0.0,0.0,0.0,0.0,False,50
SSX2IP,0.01,0,0,0,46.0,46.0,46.0,1.0,0.0,0.0,0.1,0.0,0.0,0.0,0.0,0.0,0.0,0.0,0.0,0.0,0.0,0.0,False,50
STARD5,0.01,0,0,0,46.0,46.0,46.0,,0.0,0.0,0.0,0.1,0.0,0.0,0.0,0.0,0.0,0.0,0.0,0.0,0.0,0.0,False,50
SYMPK,0.01,0,0,0,46.0,46.0,46.0,1.0,0.0,0.0,0.1,0.0,0.0,0.0,0.0,0.0,0.0,0.0,0.0,0.0,0.0,0.0,False,50
TBC1D32,0.01,0,0,0,46.0,46.0,46.0,,0.0,0.0,0.0,0.1,0.0,0.0,0.0,0.0,0.0,0.0,0.0,0.0,0.0,0.0,False,50
TBX15,0.01,0,0,0,46.0,46.0,46.0,1.0,0.0,0.0,0.0,0.0,0.0,0.0,0.0,0.1,0.0,0.0,0.0,0.0,0.0,0.0,False,50
ZNF154,0.01,0,0,0,46.0,46.0,46.0,0.0,0.0,0.1,0.0,0.0,0.0,0.0,0.0,0.0,0.0,0.0,0.0,0.0,0.0,0.0,False,50
ZNF792,0.01,0,0,0,46.0,46.0,46.0,0.0,0.0,0.0,0.1,0.0,0.0,0.0,0.0,0.0,0.0,0.0,0.0,0.0,0.0,0.0,False,50
CHTOP,0.01,0,0,0,47.0,47.0,47.0,,0.0,0.0,0.0,0.0,0.0,0.0,0.0,0.0,0.1,0.0,0.0,0.0,0.0,0.0,False,50
COL4A3BP,0.01,0,0,0,47.0,47.0,47.0,,0.0,0.0,0.0,0.1,0.0,0.0,0.0,0.0,0.0,0.0,0.0,0.0,0.0,0.0,False,50
DCAF7,0.01,0,0,0,47.0,47.0,47.0,,0.0,0.0,0.0,0.0,0.0,0.0,0.0,0.0,0.1,0.0,0.0,0.0,0.0,0.0,False,50
EZR,0.01,0,0,0,47.0,47.0,47.0,1.0,0.0,0.0,0.0,0.0,0.0,0.0,0.0,0.1,0.0,0.0,0.0,0.0,0.0,0.0,False,50
FAM155A,0.01,0,0,0,47.0,47.0,47.0,0.0,0.0,0.0,0.1,0.0,0.0,0.0,0.0,0.0,0.0,0.0,0.0,0.0,0.0,0.0,False,50
FAM69A,0.01,0,0,0,47.0,47.0,47.0,1.0,0.0,0.0,0.0,0.0,0.0,0.0,0.0,0.1,0.0,0.0,0.0,0.0,0.0,0.0,False,50
FKBP5,0.01,0,0,0,47.0,47.0,47.0,,0.0,0.0,0.0,0.1,0.0,0.0,0.0,0.0,0.0,0.0,0.0,0.0,0.0,0.0,False,50
GPR137B,0.01,0,0,0,47.0,47.0,47.0,,0.0,0.0,0.0,0.1,0.0,0.0,0.0,0.0,0.0,0.0,0.0,0.0,0.0,0.0,False,50
IGFBP2,0.01,0,0,0,47.0,47.0,47.0,0.0,0.0,0.0,0.1,0.0,0.0,0.0,0.0,0.0,0.0,0.0,0.0,0.0,0.0,0.0,False,50
KIR2DS4,0.01,0,0,0,47.0,47.0,47.0,0.0,0.0,0.1,0.0,0.0,0.0,0.0,0.0,0.0,0.0,0.0,0.0,0.0,0.0,0.0,False,50
MARVELD2,0.01,0,0,0,47.0,47.0,47.0,0.0,0.0,0.0,0.0,0.0,0.0,0.1,0.0,0.0,0.0,0.0,0.0,0.0,0.0,0.0,False,50
PLA2G7,0.01,0,0,0,47.0,47.0,47.0,,0.0,0.0,0.0,0.1,0.0,0.0,0.0,0.0,0.0,0.0,0.0,0.0,0.0,0.0,False,50
PMEL,0.01,0,0,0,47.0,47.0,47.0,,0.0,0.0,0.0,0.1,0.0,0.0,0.0,0.0,0.0,0.0,0.0,0.0,0.0,0.0,False,50
RBP4,0.01,0,0,0,47.0,47.0,47.0,1.0,0.0,0.0,0.0,0.0,0.0,0.0,0.0,0.1,0.0,0.0,0.0,0.0,0.0,0.0,False,50
RLF,0.01,0,0,0,47.0,47.0,47.0,0.0,0.0,0.0,0.1,0.0,0.0,0.0,0.0,0.0,0.0,0.0,0.0,0.0,0.0,0.0,False,50
RPS6KA1,0.01,0,0,0,47.0,47.0,47.0,,0.0,0.0,0.0,0.1,0.0,0.0,0.0,0.0,0.0,0.0,0.0,0.0,0.0,0.0,False,50
SETD1B,0.01,0,0,0,47.0,47.0,47.0,1.0,0.1,0.0,0.0,0.0,0.0,0.0,0.0,0.0,0.1,0.0,0.0,0.0,0.0,0.1,False,50
TUSC5,0.01,0,0,0,47.0,47.0,47.0,1.0,0.0,0.0,0.0,0.0,0.0,0.0,0.0,0.1,0.0,0.0,0.0,0.0,0.0,0.0,False,50
ZNF562,0.01,0,0,0,47.0,47.0,47.0,,0.0,0.0,0.0,0.0,0.0,0.0,0.0,0.0,0.1,0.0,0.0,0.0,0.0,0.0,False,50
ANKRD35,0.01,0,0,0,48.0,48.0,48.0,0.0,0.0,0.0,0.1,0.0,0.0,0.0,0.0,0.0,0.0,0.0,0.0,0.0,0.0,0.0,False,50
COPG2,0.01,0,0,0,48.0,48.0,48.0,,0.0,0.0,0.0,0.1,0.0,0.0,0.0,0.0,0.0,0.0,0.0,0.0,0.0,0.0,False,50
CSMD2-AS1,0.01,0,0,0,48.0,48.0,48.0,0.0,0.0,0.1,0.0,0.0,0.0,0.0,0.0,0.0,0.0,0.0,0.0,0.0,0.0,0.0,False,50
DNAJC7,0.01,0,0,0,48.0,48.0,48.0,,0.0,0.0,0.0,0.0,0.0,0.0,0.0,0.0,0.1,0.0,0.0,0.0,0.0,0.0,False,50
FARSA,0.01,0,0,0,48.0,48.0,48.0,,0.0,0.0,0.0,0.0,0.0,0.0,0.0,0.0,0.1,0.0,0.0,0.0,0.0,0.0,False,50
HOOK2,0.01,0,0,0,48.0,48.0,48.0,1.0,0.0,0.0,0.1,0.0,0.0,0.0,0.0,0.0,0.0,0.0,0.0,0.0,0.0,0.0,False,50
HOXB3,0.01,0,0,0,48.0,48.0,48.0,,0.0,0.0,0.0,0.1,0.0,0.0,0.0,0.0,0.0,0.0,0.0,0.0,0.0,0.0,False,50
LOC646014,0.01,0,0,0,48.0,48.0,48.0,,0.0,0.0,0.0,0.1,0.0,0.0,0.0,0.0,0.0,0.0,0.0,0.0,0.0,0.0,False,50
PAICS,0.01,0,0,0,48.0,48.0,48.0,1.0,0.3,0.0,0.0,0.0,0.0,0.0,0.0,0.0,0.1,0.0,0.0,0.0,0.0,0.3,False,50
SH3D19,0.01,0,0,0,48.0,48.0,48.0,1.0,0.0,0.0,0.0,0.0,0.0,0.0,0.0,0.1,0.0,0.0,0.0,0.0,0.0,0.0,False,50
SH3RF1,0.01,0,0,0,48.0,48.0,48.0,0.0,0.0,0.0,0.1,0.0,0.0,0.0,0.0,0.0,0.0,0.0,0.0,0.0,0.0,0.0,False,50
STARD13-AS,0.01,0,0,0,48.0,48.0,48.0,0.0,0.0,0.1,0.0,0.0,0.0,0.0,0.0,0.0,0.0,0.0,0.0,0.0,0.0,0.0,False,50
TRIM11,0.01,0,0,0,48.0,48.0,48.0,1.0,0.8,0.0,0.0,0.0,0.0,0.0,0.0,0.0,0.1,0.0,0.0,0.0,0.0,0.8,False,50
ZIC1,0.01,0,0,0,48.0,48.0,48.0,0.0,0.0,0.0,0.1,0.0,0.0,0.0,0.0,0.0,0.0,0.0,0.0,0.0,0.0,0.0,False,50
ZNF442,0.01,0,0,0,48.0,48.0,48.0,,0.0,0.0,0.0,0.1,0.0,0.0,0.0,0.0,0.0,0.0,0.0,0.0,0.0,0.0,False,50
BRD7,0.01,0,0,0,49.0,49.0,49.0,0.0,0.0,0.0,0.1,0.0,0.0,0.0,0.0,0.0,0.0,0.0,0.0,0.0,0.0,0.0,False,50
CTB-113P19.1,0.01,0,0,0,49.0,49.0,49.0,0.0,0.0,0.1,0.0,0.0,0.0,0.0,0.0,0.0,0.0,0.0,0.0,0.1,0.0,0.0,False,50
MAN1B1,0.01,0,0,0,49.0,49.0,49.0,,0.0,0.0,0.0,0.0,0.0,0.0,0.0,0.0,0.1,0.0,0.0,0.0,0.0,0.0,False,50
NDUFAF1,0.01,0,0,0,49.0,49.0,49.0,,0.0,0.0,0.0,0.1,0.0,0.0,0.0,0.0,0.0,0.0,0.0,0.0,0.0,0.0,False,50
NUDT16L1,0.01,0,0,0,49.0,49.0,49.0,,0.0,0.0,0.0,0.0,0.0,0.0,0.0,0.0,0.1,0.0,0.0,0.0,0.0,0.0,False,50
PDCD6,0.01,0,0,0,49.0,49.0,49.0,1.0,0.2,0.0,0.0,0.0,0.0,0.0,0.0,0.1,0.0,0.0,0.0,0.0,0.0,0.2,False,50
PDE10A,0.01,0,0,0,49.0,49.0,49.0,,0.0,0.0,0.0,0.1,0.0,0.0,0.0,0.0,0.0,0.0,0.0,0.0,0.0,0.0,False,50
SEC16A,0.01,0,0,0,49.0,49.0,49.0,1.0,0.0,0.0,0.0,0.0,0.0,0.0,0.0,0.1,0.0,0.0,0.0,0.0,0.0,0.0,False,50
SIPA1L3,0.01,0,0,0,49.0,49.0,49.0,,0.0,0.0,0.0,0.1,0.0,0.0,0.0,0.0,0.0,0.0,0.0,0.0,0.0,0.0,False,50
SLC5A11,0.01,0,0,0,49.0,49.0,49.0,0.0,0.0,0.1,0.0,0.0,0.0,0.0,0.0,0.0,0.0,0.0,0.0,0.0,0.0,0.0,False,50
TIAM1,0.01,0,0,0,49.0,49.0,49.0,0.0,0.0,0.0,0.1,0.0,0.0,0.0,0.0,0.0,0.0,0.0,0.0,0.0,0.0,0.0,False,50
TMEM67,0.01,0,0,0,49.0,49.0,49.0,0.0,0.0,0.0,0.1,0.0,0.0,0.0,0.0,0.0,0.0,0.0,0.0,0.0,0.0,0.0,False,50
AP4S1,0.01,0,0,0,50.0,50.0,50.0,,0.0,0.0,0.0,0.1,0.0,0.0,0.0,0.0,0.0,0.0,0.0,0.0,0.0,0.0,False,50
C10orf10,0.01,0,0,0,50.0,50.0,50.0,1.0,0.0,0.0,0.0,0.0,0.0,0.0,0.0,0.1,0.0,0.0,0.0,0.0,0.0,0.0,False,50
EBF1,0.01,0,0,0,50.0,50.0,50.0,1.0,0.0,0.0,0.0,0.0,0.0,0.0,0.0,0.1,0.0,0.0,0.0,0.0,0.0,0.0,False,50
FBXO32,0.01,0,0,0,50.0,50.0,50.0,1.0,0.0,0.0,0.1,0.0,0.0,0.0,0.0,0.0,0.0,0.0,0.0,0.0,0.0,0.0,False,50
FOXF1,0.01,0,0,0,50.0,50.0,50.0,1.0,0.0,0.1,0.0,0.0,0.0,0.0,0.0,0.0,0.0,0.0,0.0,0.0,0.0,0.0,False,50
LOC105374690,0.01,0,0,0,50.0,50.0,50.0,0.0,0.0,0.1,0.0,0.0,0.0,0.0,0.0,0.0,0.0,0.0,0.0,0.5,0.0,0.0,False,50
LOC153577,0.01,0,0,0,50.0,50.0,50.0,,0.0,0.0,0.0,0.1,0.0,0.0,0.0,0.0,0.0,0.0,0.0,0.0,0.0,0.0,False,50
MBNL1,0.01,0,0,0,50.0,50.0,50.0,1.0,0.0,0.0,0.0,0.0,0.0,0.0,0.0,0.1,0.0,0.0,0.0,0.0,0.0,0.0,False,50
NBL1,0.01,0,0,0,50.0,50.0,50.0,1.0,0.0,0.0,0.1,0.0,0.0,0.0,0.0,0.0,0.0,0.0,0.0,0.0,0.0,0.0,False,50
NECTIN4,0.01,0,0,0,50.0,50.0,50.0,1.0,0.9,0.0,0.0,0.0,0.0,0.0,0.0,0.0,0.1,0.0,0.0,0.0,0.0,0.9,False,50
RBP7,0.01,0,0,0,50.0,50.0,50.0,,0.0,0.0,0.0,0.0,0.0,0.0,0.0,0.0,0.1,0.0,0.0,0.0,0.0,0.0,False,50
SAR1A,0.01,0,0,0,50.0,50.0,50.0,,0.0,0.0,0.0,0.1,0.0,0.0,0.0,0.0,0.0,0.0,0.0,0.0,0.0,0.0,False,50
SOGA1,0.01,0,0,0,50.0,50.0,50.0,1.0,0.2,0.0,0.0,0.0,0.0,0.0,0.0,0.0,0.1,0.0,0.0,0.0,0.0,0.2,False,50
SPATA9,0.01,0,0,0,50.0,50.0,50.0,0.0,0.0,0.0,0.0,0.0,0.1,0.0,0.0,0.0,0.0,0.0,0.0,0.0,0.0,0.0,False,50
STK26,0.01,0,0,0,50.0,50.0,50.0,0.0,0.0,0.0,0.1,0.0,0.0,0.0,0.0,0.0,0.0,0.0,0.0,0.0,0.0,0.0,False,50
UBE2L3,0.01,0,0,0,50.0,50.0,50.0,,0.0,0.0,0.0,0.1,0.0,0.0,0.0,0.0,0.0,0.0,0.0,0.0,0.0,0.0,False,50
ZG16B,0.01,0,0,0,50.0,50.0,50.0,,0.0,0.0,0.0,0.0,0.0,0.0,0.0,0.0,0.1,0.0,0.0,0.0,0.0,0.0,False,50
ZNF780B,0.01,0,0,0,50.0,50.0,50.0,,0.0,0.0,0.0,0.1,0.0,0.0,0.0,0.0,0.0,0.0,0.0,0.0,0.0,0.0,False,50
ACSM3,0.0,0,0,0,,,,0.0,0.0,0.0,0.0,0.0,0.0,0.0,0.0,0.0,0.0,0.0,0.0,0.7,0.0,0.0,False,50
ADIRF,0.0,0,0,0,,,,0.0,0.1,0.0,0.0,0.0,0.0,0.0,0.0,0.0,0.0,0.0,0.0,0.0,0.0,0.1,False,50
AKR1C3,0.0,0,0,0,,,,0.0,0.1,0.0,0.0,0.0,0.0,0.0,0.0,0.0,0.0,0.0,0.0,0.0,0.0,0.1,False,50
AKR1D1,0.0,0,0,0,,,,0.0,0.0,0.0,0.0,0.0,0.0,0.0,0.0,0.0,0.0,0.0,0.0,0.1,0.0,0.0,False,50
ANGPTL4,0.0,0,0,0,,,,0.0,0.1,0.0,0.0,0.0,0.0,0.0,0.0,0.0,0.0,0.0,0.0,0.0,0.0,0.1,False,50
ARHGEF33,0.0,0,0,0,,,,0.0,0.0,0.0,0.0,0.0,0.0,0.0,0.0,0.0,0.0,0.0,0.0,0.1,0.0,0.0,False,50
BAIAP2L1,0.0,0,0,0,,,,1.0,0.1,0.0,0.0,0.0,0.0,0.0,0.0,0.0,0.0,0.0,0.0,0.0,0.0,0.1,False,50
BRMS1,0.0,0,0,0,,,,1.0,0.1,0.0,0.0,0.0,0.0,0.0,0.0,0.0,0.0,0.0,0.0,0.0,0.0,0.1,False,50
BTF3P12,0.0,0,0,0,,,,0.0,0.0,0.0,0.0,0.0,0.0,0.0,0.0,0.0,0.0,0.0,0.0,0.1,0.0,0.0,False,50
BUB1B,0.0,0,0,0,,,,1.0,0.1,0.0,0.0,0.0,0.0,0.0,0.0,0.0,0.0,0.0,0.0,0.0,0.0,0.1,False,50
C14orf180,0.0,0,0,0,,,,0.0,0.0,0.0,0.0,0.0,0.0,0.0,0.0,0.0,0.0,0.0,0.0,0.1,0.0,0.0,False,50
C3orf52,0.0,0,0,0,,,,1.0,0.1,0.0,0.0,0.0,0.0,0.0,0.0,0.0,0.0,0.0,0.0,0.0,0.0,0.1,False,50
CD36,0.0,0,0,0,,,,0.0,0.2,0.0,0.0,0.0,0.0,0.0,0.0,0.0,0.0,0.0,0.0,0.0,0.0,0.2,False,50
CENPF,0.0,0,0,0,,,,1.0,0.3,0.0,0.0,0.0,0.0,0.0,0.0,0.0,0.0,0.0,0.0,0.0,0.0,0.3,False,50
CEP55,0.0,0,0,0,,,,1.0,0.1,0.0,0.0,0.0,0.0,0.0,0.0,0.0,0.0,0.0,0.0,0.0,0.0,0.1,False,50
CFAP100,0.0,0,0,0,,,,0.0,0.0,0.0,0.0,0.0,0.0,0.0,0.0,0.0,0.0,0.0,0.0,0.1,0.0,0.0,False,50
CFAP44,0.0,0,0,0,,,,1.0,0.3,0.0,0.0,0.0,0.0,0.0,0.0,0.0,0.0,0.0,0.0,0.0,0.0,0.3,False,50
CLDN7,0.0,0,0,0,,,,1.0,0.1,0.0,0.0,0.0,0.0,0.0,0.0,0.0,0.0,0.0,0.0,0.0,0.0,0.1,False,50
COX7A1,0.0,0,0,0,,,,0.0,0.1,0.0,0.0,0.0,0.0,0.0,0.0,0.0,0.0,0.0,0.0,0.0,0.0,0.1,False,50
CSMD3,0.0,0,0,0,,,,0.0,0.0,0.0,0.0,0.0,0.0,0.0,0.0,0.0,0.0,0.0,0.0,0.2,0.0,0.0,False,50
CXCL6,0.0,0,0,0,,,,0.0,0.0,0.0,0.0,0.0,0.0,0.0,0.0,0.0,0.0,0.0,0.0,0.1,0.0,0.0,False,50
DISC1,0.0,0,0,0,,,,0.0,0.0,0.0,0.0,0.0,0.0,0.0,0.0,0.0,0.0,0.0,0.0,0.1,0.0,0.0,False,50
DLGAP5,0.0,0,0,0,,,,1.0,0.1,0.0,0.0,0.0,0.0,0.0,0.0,0.0,0.0,0.0,0.0,0.0,0.0,0.1,False,50
DMRT3,0.0,0,0,0,,,,0.0,0.0,0.0,0.0,0.0,0.0,0.0,0.0,0.0,0.0,0.0,0.0,0.1,0.0,0.0,False,50
DNASE1L3,0.0,0,0,0,,,,0.0,0.1,0.0,0.0,0.0,0.0,0.0,0.0,0.0,0.0,0.0,0.0,0.0,0.0,0.1,False,50
DPP3,0.0,0,0,0,,,,1.0,0.2,0.0,0.0,0.0,0.0,0.0,0.0,0.0,0.0,0.0,0.0,0.0,0.0,0.2,False,50
EIF3C,0.0,0,0,0,,,,1.0,0.5,0.0,0.0,0.0,0.0,0.0,0.0,0.0,0.0,0.0,0.0,0.0,0.0,0.5,False,50
F2,0.0,0,0,0,,,,0.0,0.0,0.0,0.0,0.0,0.0,0.0,0.0,0.0,0.0,0.0,0.0,0.1,0.0,0.0,False,50
FABP5,0.0,0,0,0,,,,0.0,0.2,0.0,0.0,0.0,0.0,0.0,0.0,0.0,0.0,0.0,0.0,0.0,0.0,0.2,False,50
FGFR3,0.0,0,0,0,,,,1.0,0.4,0.0,0.0,0.0,0.0,0.0,0.0,0.0,0.0,0.0,0.0,0.0,0.0,0.4,False,50
FKBP4,0.0,0,0,0,,,,1.0,0.1,0.0,0.0,0.0,0.0,0.0,0.0,0.0,0.0,0.0,0.0,0.0,0.0,0.1,False,50
FOXA1,0.0,0,0,0,,,,1.0,0.2,0.0,0.0,0.0,0.0,0.0,0.0,0.0,0.0,0.0,0.0,0.0,0.0,0.2,False,50
FOXO6,0.0,0,0,0,,,,1.0,0.1,0.0,0.0,0.0,0.0,0.0,0.0,0.0,0.0,0.0,0.0,0.0,0.0,0.1,False,50
FRMD1,0.0,0,0,0,,,,0.0,0.0,0.0,0.0,0.0,0.0,0.0,0.0,0.0,0.0,0.0,0.0,0.2,0.0,0.0,False,50
GALNT6,0.0,0,0,0,,,,1.0,0.2,0.0,0.0,0.0,0.0,0.0,0.0,0.0,0.0,0.0,0.0,0.0,0.0,0.2,False,50
GFRA2,0.0,0,0,0,,,,0.0,0.0,0.0,0.0,0.0,0.0,0.0,0.0,0.0,0.0,0.0,0.0,0.2,0.0,0.0,False,50
GJB2,0.0,0,0,0,,,,1.0,0.1,0.0,0.0,0.0,0.0,0.0,0.0,0.0,0.0,0.0,0.0,0.0,0.0,0.1,False,50
GNRH2,0.0,0,0,0,,,,0.0,0.0,0.0,0.0,0.0,0.0,0.0,0.0,0.0,0.0,0.0,0.0,0.1,0.0,0.0,False,50
GPHA2,0.0,0,0,0,,,,0.0,0.0,0.0,0.0,0.0,0.0,0.0,0.0,0.0,0.0,0.0,0.0,0.1,0.0,0.0,False,50
GSTM5,0.0,0,0,0,,,,0.0,0.0,0.0,0.0,0.0,0.0,0.0,0.0,0.0,0.0,0.0,0.0,0.2,0.0,0.0,False,50
HAPLN4,0.0,0,0,0,,,,1.0,0.0,0.0,0.0,0.0,0.0,0.0,0.0,0.0,0.0,0.0,0.0,0.0,0.1,0.0,False,50
HPD,0.0,0,0,0,,,,0.0,0.0,0.0,0.0,0.0,0.0,0.0,0.0,0.0,0.0,0.0,0.0,0.6,0.0,0.0,False,50
HPGD,0.0,0,0,0,,,,0.0,0.0,0.0,0.0,0.0,0.0,0.0,0.0,0.0,0.0,0.0,0.0,0.3,0.0,0.0,False,50
HS6ST1,0.0,0,0,0,,,,1.0,0.5,0.0,0.0,0.0,0.0,0.0,0.0,0.0,0.0,0.0,0.0,0.0,0.0,0.5,False,50
IFNA10,0.0,0,0,0,,,,0.0,0.0,0.0,0.0,0.0,0.0,0.0,0.0,0.0,0.0,0.0,0.0,0.1,0.0,0.0,False,50
IGSF9,0.0,0,0,0,,,,1.0,0.5,0.0,0.0,0.0,0.0,0.0,0.0,0.0,0.0,0.0,0.0,0.0,0.0,0.5,False,50
KIF2C,0.0,0,0,0,,,,1.0,0.2,0.0,0.0,0.0,0.0,0.0,0.0,0.0,0.0,0.0,0.0,0.0,0.0,0.2,False,50
KRT8,0.0,0,0,0,,,,1.0,0.2,0.0,0.0,0.0,0.0,0.0,0.0,0.0,0.0,0.0,0.0,0.0,0.0,0.2,False,50
LINC01029,0.0,0,0,0,,,,0.0,0.0,0.0,0.0,0.0,0.0,0.0,0.0,0.0,0.0,0.0,0.0,0.1,0.0,0.0,False,50
LOC100132735,0.0,0,0,0,,,,0.0,0.0,0.0,0.0,0.0,0.0,0.0,0.0,0.0,0.0,0.0,0.0,0.1,0.0,0.0,False,50
LOC100133461,0.0,0,0,0,,,,0.0,0.0,0.0,0.0,0.0,0.0,0.0,0.0,0.0,0.0,0.0,0.0,0.1,0.0,0.0,False,50
LOC100507336,0.0,0,0,0,,,,0.0,0.0,0.0,0.0,0.0,0.0,0.0,0.0,0.0,0.0,0.0,0.0,0.1,0.0,0.0,False,50
LOC101928429,0.0,0,0,0,,,,1.0,0.0,0.0,0.0,0.0,0.0,0.0,0.0,0.0,0.0,0.0,0.0,0.0,0.1,0.0,False,50
LOC101928461,0.0,0,0,0,,,,0.0,0.0,0.0,0.0,0.0,0.0,0.0,0.0,0.0,0.0,0.0,0.0,0.1,0.0,0.0,False,50
LOC102723845,0.0,0,0,0,,,,0.0,0.0,0.0,0.0,0.0,0.0,0.0,0.0,0.0,0.0,0.0,0.0,0.1,0.0,0.0,False,50
LOC647115,0.0,0,0,0,,,,0.0,0.0,0.0,0.0,0.0,0.0,0.0,0.0,0.0,0.0,0.0,0.0,0.1,0.1,0.0,False,50
MIR17HG,0.0,0,0,0,,,,0.0,0.0,0.0,0.0,0.0,0.0,0.0,0.0,0.0,0.0,0.0,0.0,0.1,0.0,0.0,False,50
MRAP,0.0,0,0,0,,,,0.0,0.0,0.0,0.0,0.0,0.0,0.0,0.0,0.0,0.0,0.0,0.0,0.0,0.1,0.0,False,50
MYOM1,0.0,0,0,0,,,,0.0,0.0,0.0,0.0,0.0,0.0,0.0,0.0,0.0,0.0,0.0,0.0,0.1,0.1,0.0,False,50
NEUROG2,0.0,0,0,0,,,,0.0,0.0,0.0,0.0,0.0,0.0,0.0,0.0,0.0,0.0,0.0,0.0,0.1,0.0,0.0,False,50
NOL4L,0.0,0,0,0,,,,1.0,0.1,0.0,0.0,0.0,0.0,0.0,0.0,0.0,0.0,0.0,0.0,0.0,0.0,0.1,False,50
NUF2,0.0,0,0,0,,,,1.0,0.1,0.0,0.0,0.0,0.0,0.0,0.0,0.0,0.0,0.0,0.0,0.0,0.0,0.1,False,50
ODF2,0.0,0,0,0,,,,1.0,0.1,0.0,0.0,0.0,0.0,0.0,0.0,0.0,0.0,0.0,0.0,0.0,0.0,0.1,False,50
PAGR1,0.0,0,0,0,,,,1.0,0.1,0.0,0.0,0.0,0.0,0.0,0.0,0.0,0.0,0.0,0.0,0.0,0.0,0.1,False,50
PBK,0.0,0,0,0,,,,1.0,0.1,0.0,0.0,0.0,0.0,0.0,0.0,0.0,0.0,0.0,0.0,0.0,0.0,0.1,False,50
PCDHGA9,0.0,0,0,0,,,,0.0,0.0,0.0,0.0,0.0,0.0,0.0,0.0,0.0,0.0,0.0,0.0,0.2,0.0,0.0,False,50
PLCH1-AS1,0.0,0,0,0,,,,0.0,0.0,0.0,0.0,0.0,0.0,0.0,0.0,0.0,0.0,0.0,0.0,0.1,0.0,0.0,False,50
PLPP2,0.0,0,0,0,,,,1.0,0.2,0.0,0.0,0.0,0.0,0.0,0.0,0.0,0.0,0.0,0.0,0.0,0.0,0.2,False,50
PROK2,0.0,0,0,0,,,,0.0,0.0,0.0,0.0,0.0,0.0,0.0,0.0,0.0,0.0,0.0,0.0,0.1,0.0,0.0,False,50
PRRC2C,0.0,0,0,0,,,,1.0,0.1,0.0,0.0,0.0,0.0,0.0,0.0,0.0,0.0,0.0,0.0,0.0,0.0,0.1,False,50
PTBP1,0.0,0,0,0,,,,1.0,0.2,0.0,0.0,0.0,0.0,0.0,0.0,0.0,0.0,0.0,0.0,0.0,0.0,0.2,False,50
RAB26,0.0,0,0,0,,,,1.0,0.2,0.0,0.0,0.0,0.0,0.0,0.0,0.0,0.0,0.0,0.0,0.0,0.0,0.2,False,50
RAD9B,0.0,0,0,0,,,,0.0,0.0,0.0,0.0,0.0,0.0,0.0,0.0,0.0,0.0,0.0,0.0,0.1,0.0,0.0,False,50
RAP1GAP,0.0,0,0,0,,,,1.0,0.4,0.0,0.0,0.0,0.0,0.0,0.0,0.0,0.0,0.0,0.0,0.0,0.0,0.4,False,50
RECQL4,0.0,0,0,0,,,,1.0,0.1,0.0,0.0,0.0,0.0,0.0,0.0,0.0,0.0,0.0,0.0,0.0,0.0,0.1,False,50
RGL2,0.0,0,0,0,,,,1.0,0.1,0.0,0.0,0.0,0.0,0.0,0.0,0.0,0.0,0.0,0.0,0.0,0.0,0.1,False,50
RORB,0.0,0,0,0,,,,0.0,0.0,0.0,0.0,0.0,0.0,0.0,0.0,0.0,0.0,0.0,0.0,0.1,0.0,0.0,False,50
RSPH1,0.0,0,0,0,,,,1.0,0.3,0.0,0.0,0.0,0.0,0.0,0.0,0.0,0.0,0.0,0.0,0.0,0.0,0.3,False,50
S100A14,0.0,0,0,0,,,,1.0,0.4,0.0,0.0,0.0,0.0,0.0,0.0,0.0,0.0,0.0,0.0,0.0,0.0,0.4,False,50
S100P,0.0,0,0,0,,,,1.0,0.3,0.0,0.0,0.0,0.0,0.0,0.0,0.0,0.0,0.0,0.0,0.0,0.0,0.3,False,50
SAPCD2,0.0,0,0,0,,,,1.0,0.5,0.0,0.0,0.0,0.0,0.0,0.0,0.0,0.0,0.0,0.0,0.0,0.0,0.5,False,50
SCN4A,0.0,0,0,0,,,,0.0,0.0,0.0,0.0,0.0,0.0,0.0,0.0,0.0,0.0,0.0,0.0,0.3,0.0,0.0,False,50
SDPR,0.0,0,0,0,,,,0.0,0.1,0.0,0.0,0.0,0.0,0.0,0.0,0.0,0.0,0.0,0.0,0.0,0.0,0.1,False,50
SEMA3F,0.0,0,0,0,,,,1.0,0.2,0.0,0.0,0.0,0.0,0.0,0.0,0.0,0.0,0.0,0.0,0.0,0.0,0.2,False,50
SGCG,0.0,0,0,0,,,,0.0,0.0,0.0,0.0,0.0,0.0,0.0,0.0,0.0,0.0,0.0,0.0,0.0,0.1,0.0,False,50
SLAMF9,0.0,0,0,0,,,,1.0,0.0,0.0,0.0,0.0,0.0,0.0,0.0,0.0,0.0,0.0,0.0,0.0,0.1,0.0,False,50
SLC26A6,0.0,0,0,0,,,,1.0,0.1,0.0,0.0,0.0,0.0,0.0,0.0,0.0,0.0,0.0,0.0,0.0,0.0,0.1,False,50
SMARCC1,0.0,0,0,0,,,,1.0,0.3,0.0,0.0,0.0,0.0,0.0,0.0,0.0,0.0,0.0,0.0,0.0,0.0,0.3,False,50
SNHG24,0.0,0,0,0,,,,0.0,0.0,0.0,0.0,0.0,0.0,0.0,0.0,0.0,0.0,0.0,0.0,0.2,0.0,0.0,False,50
STARD6,0.0,0,0,0,,,,0.0,0.0,0.0,0.0,0.0,0.0,0.0,0.0,0.0,0.0,0.0,0.0,0.1,0.0,0.0,False,50
STBD1,0.0,0,0,0,,,,0.0,0.0,0.0,0.0,0.0,0.0,0.0,0.0,0.0,0.0,0.0,0.0,0.2,0.0,0.0,False,50
SYCP2,0.0,0,0,0,,,,1.0,0.1,0.0,0.0,0.0,0.0,0.0,0.0,0.0,0.0,0.0,0.0,0.0,0.0,0.1,False,50
SYTL1,0.0,0,0,0,,,,1.0,0.1,0.0,0.0,0.0,0.0,0.0,0.0,0.0,0.0,0.0,0.0,0.0,0.0,0.1,False,50
TAPBP,0.0,0,0,0,,,,1.0,0.1,0.0,0.0,0.0,0.0,0.0,0.0,0.0,0.0,0.0,0.0,0.0,0.0,0.1,False,50
TMEM125,0.0,0,0,0,,,,1.0,0.2,0.0,0.0,0.0,0.0,0.0,0.0,0.0,0.0,0.0,0.0,0.0,0.0,0.2,False,50
TOP2A,0.0,0,0,0,,,,1.0,0.2,0.0,0.0,0.0,0.0,0.0,0.0,0.0,0.0,0.0,0.0,0.0,0.0,0.2,False,50
TPX2,0.0,0,0,0,,,,1.0,0.1,0.0,0.0,0.0,0.0,0.0,0.0,0.0,0.0,0.0,0.0,0.0,0.0,0.1,False,50
TYRO3,0.0,0,0,0,,,,0.0,0.0,0.0,0.0,0.0,0.0,0.0,0.0,0.0,0.0,0.0,0.0,0.0,0.1,0.0,False,50
UBE2T,0.0,0,0,0,,,,1.0,0.2,0.0,0.0,0.0,0.0,0.0,0.0,0.0,0.0,0.0,0.0,0.0,0.0,0.2,False,50
