gene,mean_selection_frequency,n_pipelines_ge50,n_models_ge50,n_explainers_ge50,median_rank,best_rank,mean_rank,frac_signed_positive,ttest_frequency,freq:logreg|coef,freq:logreg|shap,freq:logreg|perm,freq:svm|coef,freq:svm|shap,freq:svm|perm,freq:rf|shap,freq:rf|perm,freq:xgb|shap,freq:xgb|perm,freq:logreg_C0.1|coef,freq:logreg_C100|coef,freq:ttest|ttest,consensus,k
ABHD1,0.6300000000000001,6,3,3,11.0,1.0,14.587301587301587,0.32727272727272727,0.0,1.0,0.7,0.3,0.9,0.2,1.0,0.4,0.4,0.7,0.7,0.7,0.9,0.0,True,50
DKFZp779M0652,0.52,5,2,3,5.0,1.0,8.076923076923077,0.15517241379310345,0.0,0.9,0.9,0.4,1.0,1.0,1.0,0.0,0.0,0.0,0.0,1.0,1.0,0.0,True,50
DMGDH,0.4999999999999999,6,3,3,14.5,3.0,17.6,0.325,0.0,0.5,0.0,0.1,1.0,0.6,1.0,0.3,0.3,0.6,0.6,0.0,1.0,0.0,True,50
MMP28,0.48999999999999994,6,3,3,16.0,1.0,17.040816326530614,0.3953488372093023,0.0,0.6,0.8,0.1,0.3,0.7,0.8,0.5,0.5,0.3,0.3,0.5,0.6,0.0,True,50
NIPSNAP3B,0.4699999999999999,4,2,3,14.0,1.0,16.74468085106383,0.1320754716981132,0.0,0.9,0.1,0.1,1.0,1.0,1.0,0.2,0.2,0.1,0.1,1.0,1.0,0.0,False,50
LYVE1,0.45999999999999996,4,2,3,8.5,1.0,13.41304347826087,0.09433962264150944,0.0,1.0,0.3,0.3,1.0,1.0,1.0,0.0,0.0,0.0,0.0,1.0,1.0,0.0,False,50
HSPB6,0.44999999999999984,5,2,3,14.0,1.0,17.88888888888889,0.1875,0.0,0.7,0.7,0.3,0.8,0.8,0.8,0.1,0.1,0.1,0.1,0.8,0.8,0.0,True,50
LOC284825,0.42000000000000004,3,2,3,16.0,1.0,18.547619047619047,0.2857142857142857,0.1,0.6,0.5,0.1,0.2,0.2,1.0,0.4,0.4,0.4,0.4,0.8,0.3,0.1,False,50
LOC102723493,0.41999999999999993,4,2,3,16.5,4.0,18.071428571428573,0.16279069767441862,0.0,0.7,0.3,0.2,1.0,0.8,1.0,0.0,0.0,0.1,0.1,0.4,1.0,0.0,False,50
FLVCR1,0.41,4,2,2,8.0,1.0,14.439024390243903,0.9285714285714286,0.5,0.0,0.4,0.0,0.0,0.0,0.0,0.9,0.8,1.0,1.0,0.0,0.0,0.5,False,50
RAE1,0.35,4,2,2,6.0,1.0,10.314285714285715,0.96,0.6,0.1,0.2,0.0,0.0,0.0,0.0,0.9,0.9,0.7,0.7,0.0,0.0,0.6,False,50
SLC7A10,0.32999999999999996,3,1,3,20.0,3.0,20.060606060606062,0.10526315789473684,0.0,0.4,0.1,0.1,1.0,0.7,1.0,0.0,0.0,0.0,0.0,0.6,1.0,0.0,False,50
PQLC2L,0.32,3,1,3,16.0,5.0,18.25,0.08823529411764706,0.0,0.3,0.1,0.0,1.0,0.8,1.0,0.0,0.0,0.0,0.0,0.2,1.0,0.0,False,50
LOC101927420,0.32,4,2,3,18.0,5.0,21.125,0.06896551724137931,0.0,0.3,0.2,0.5,0.8,0.8,0.5,0.0,0.1,0.0,0.0,0.1,0.7,0.0,False,50
STX11,0.31000000000000005,2,2,2,16.0,2.0,16.483870967741936,0.24,0.0,0.7,0.3,0.1,0.2,0.2,1.0,0.1,0.1,0.2,0.2,0.5,0.3,0.0,False,50
ANKRD10-IT1,0.29999999999999993,2,1,2,10.5,1.0,16.8,0.78125,0.0,0.7,1.0,0.2,0.0,0.4,0.1,0.3,0.3,0.0,0.0,0.8,0.0,0.0,False,50
CCDC178,0.29000000000000004,2,2,1,34.0,9.0,32.13793103448276,0.3333333333333333,0.0,0.3,0.4,0.1,0.0,0.2,0.7,0.4,0.6,0.1,0.1,0.9,0.1,0.0,False,50
ABCD2,0.29,2,1,2,26.0,4.0,22.82758620689655,0.21739130434782608,0.0,0.0,0.0,0.0,1.0,0.0,0.9,0.1,0.1,0.4,0.4,0.0,0.8,0.0,False,50
C11orf70,0.28,3,1,3,21.0,9.0,22.25,0.14814814814814814,0.0,0.3,0.1,0.1,0.7,0.8,0.6,0.1,0.1,0.0,0.0,0.0,0.7,0.0,False,50
PAFAH1B3,0.27,4,2,2,9.0,3.0,12.333333333333334,0.9545454545454546,0.8,0.0,0.1,0.0,0.0,0.0,0.0,0.7,0.7,0.6,0.6,0.0,0.0,0.8,False,50
INHBA,0.27,2,2,2,18.0,3.0,19.703703703703702,0.6086956521739131,0.1,0.3,0.9,0.0,0.0,0.2,0.0,0.4,0.5,0.2,0.2,0.2,0.0,0.1,False,50
APOB,0.27,3,1,3,18.0,4.0,20.925925925925927,0.14814814814814814,0.0,0.1,0.0,0.0,1.0,0.5,1.0,0.1,0.0,0.0,0.0,0.0,1.0,0.0,False,50
ACADL,0.27,2,2,2,23.0,6.0,25.25925925925926,0.13793103448275862,0.0,0.5,0.4,0.1,0.3,0.4,1.0,0.0,0.0,0.0,0.0,0.8,0.5,0.0,False,50
PALM,0.27,3,1,3,35.0,17.0,33.851851851851855,0.20833333333333334,0.0,0.1,0.1,0.0,0.8,0.8,0.9,0.0,0.0,0.0,0.0,0.0,0.6,0.0,False,50
ADH1C,0.26000000000000006,2,2,2,22.0,9.0,26.307692307692307,0.2,0.1,0.5,0.3,0.0,0.2,0.2,0.7,0.2,0.1,0.2,0.2,0.5,0.3,0.1,False,50
ZNRF2P1,0.26,3,2,3,3.0,1.0,7.8076923076923075,0.8461538461538461,0.0,0.2,0.0,0.8,0.8,0.8,0.0,0.0,0.0,0.0,0.0,0.0,0.8,0.0,False,50
ALPI,0.25,3,2,3,5.0,1.0,10.88,0.9130434782608695,0.0,0.2,0.0,0.8,0.8,0.7,0.0,0.0,0.0,0.0,0.0,0.0,0.6,0.0,False,50
SDC1,0.25,4,2,2,11.0,2.0,13.16,0.9130434782608695,0.9,0.0,0.2,0.0,0.0,0.0,0.0,0.7,0.6,0.5,0.5,0.0,0.0,0.9,False,50
DCAF12L2,0.24000000000000005,3,2,3,2.0,1.0,9.166666666666666,0.92,0.0,0.4,0.0,0.7,0.8,0.5,0.0,0.0,0.0,0.0,0.0,0.0,0.8,0.0,False,50
HSPB7,0.24,2,1,2,22.0,7.0,26.625,0.043478260869565216,0.0,0.3,0.0,0.0,0.9,0.2,1.0,0.0,0.0,0.0,0.0,0.0,0.9,0.0,False,50
MYO16,0.23000000000000004,2,1,2,21.0,7.0,23.956521739130434,0.125,0.0,0.2,0.0,0.0,0.9,0.3,0.8,0.1,0.0,0.0,0.0,0.0,0.9,0.0,False,50
PNMA2,0.22999999999999998,3,2,3,5.0,2.0,7.217391304347826,0.8,0.0,0.2,0.2,0.5,0.7,0.7,0.0,0.0,0.0,0.0,0.0,0.0,0.7,0.0,False,50
CCDC85C,0.22999999999999998,3,2,2,13.0,4.0,18.043478260869566,1.0,0.0,0.0,0.0,0.0,0.0,0.0,0.0,0.4,0.5,0.7,0.7,0.0,0.0,0.0,False,50
PRKCZ,0.22999999999999998,0,0,0,18.0,1.0,18.91304347826087,0.9444444444444444,0.2,0.2,0.2,0.0,0.1,0.2,0.2,0.4,0.4,0.3,0.3,0.1,0.1,0.2,False,50
COL10A1,0.22999999999999998,3,2,2,20.0,4.0,21.956521739130434,0.8,0.9,0.0,0.7,0.0,0.0,0.1,0.0,0.6,0.7,0.1,0.1,0.1,0.0,0.9,False,50
TMOD1,0.22999999999999998,3,1,3,33.0,7.0,29.47826086956522,0.04,0.0,0.1,0.2,0.0,0.7,0.7,0.6,0.0,0.0,0.0,0.0,0.0,0.8,0.0,False,50
C22orf39,0.22000000000000003,2,1,2,16.0,1.0,15.409090909090908,0.9230769230769231,0.1,0.0,0.2,0.0,0.0,0.0,0.0,0.4,0.4,0.6,0.6,0.0,0.0,0.1,False,50
PFKFB1,0.22000000000000003,2,1,2,27.0,8.0,28.954545454545453,0.09090909090909091,0.0,0.3,0.0,0.1,0.4,0.5,0.9,0.0,0.0,0.0,0.0,0.2,0.8,0.0,False,50
NAALAD2,0.21000000000000002,2,1,2,23.0,8.0,23.666666666666668,0.05,0.0,0.0,0.0,0.0,1.0,0.0,1.0,0.1,0.0,0.0,0.0,0.0,0.9,0.0,False,50
TET3,0.20999999999999996,2,1,2,12.0,1.0,13.428571428571429,1.0,1.0,0.0,0.0,0.0,0.0,0.0,0.0,0.7,0.6,0.4,0.4,0.0,0.0,1.0,False,50
C15orf48,0.20999999999999996,3,2,2,19.0,3.0,20.047619047619047,0.625,0.0,0.2,0.5,0.1,0.5,0.8,0.0,0.0,0.0,0.0,0.0,0.0,0.4,0.0,False,50
EPB42,0.2,2,1,2,18.0,8.0,19.8,0.0,0.0,0.1,0.0,0.0,1.0,0.0,0.9,0.0,0.0,0.0,0.0,0.0,0.9,0.0,False,50
C8orf34,0.2,2,1,2,27.5,10.0,26.35,0.0,0.0,0.0,0.0,0.0,1.0,0.0,1.0,0.0,0.0,0.0,0.0,0.0,1.0,0.0,False,50
DENND2A,0.2,2,1,2,29.0,11.0,28.55,0.09090909090909091,0.0,0.3,0.4,0.0,0.2,0.5,0.5,0.0,0.1,0.0,0.0,0.6,0.2,0.0,False,50
CELSR1,0.19999999999999998,2,1,2,5.0,1.0,11.25,0.9285714285714286,0.2,0.0,0.2,0.0,0.0,0.0,0.0,0.3,0.1,0.7,0.7,0.0,0.0,0.2,False,50
DNMT1,0.19,2,1,2,17.0,2.0,16.894736842105264,0.9230769230769231,0.2,0.1,0.1,0.0,0.0,0.0,0.0,0.3,0.2,0.6,0.6,0.0,0.0,0.2,False,50
ATOH8,0.19,2,1,2,12.0,4.0,19.36842105263158,0.5714285714285714,0.0,0.1,0.1,0.0,0.0,0.0,0.0,0.5,0.6,0.3,0.3,0.4,0.0,0.0,False,50
TSLP,0.18000000000000002,1,1,1,31.5,12.0,31.166666666666668,0.13333333333333333,0.0,0.4,0.0,0.1,0.3,0.2,0.6,0.1,0.1,0.0,0.0,0.2,0.3,0.0,False,50
ADCY6,0.18,2,1,2,13.0,3.0,17.833333333333332,0.19047619047619047,0.0,0.0,0.0,0.1,0.7,1.0,0.0,0.0,0.0,0.0,0.0,0.0,0.4,0.0,False,50
TREM2,0.18,3,2,3,21.5,5.0,19.22222222222222,0.8947368421052632,0.0,0.0,0.0,0.5,0.7,0.6,0.0,0.0,0.0,0.0,0.0,0.0,0.6,0.0,False,50
TMEM132C,0.18,0,0,0,17.0,5.0,21.0,0.30434782608695654,0.2,0.3,0.2,0.0,0.0,0.0,0.1,0.2,0.2,0.4,0.4,1.0,0.0,0.2,False,50
STIL,0.17,0,0,0,7.0,1.0,11.647058823529411,0.8888888888888888,0.0,0.0,0.1,0.0,0.0,0.0,0.0,0.4,0.4,0.4,0.4,0.0,0.0,0.0,False,50
HEPACAM2,0.17,3,2,3,23.0,4.0,24.764705882352942,0.6666666666666666,0.0,0.0,0.0,0.5,0.6,0.6,0.0,0.0,0.0,0.0,0.0,0.0,0.3,0.0,False,50
ARF1,0.16999999999999998,2,1,2,18.0,8.0,19.0,1.0,0.0,0.0,0.0,0.0,0.0,0.0,0.0,0.3,0.4,0.5,0.5,0.0,0.0,0.0,False,50
MMP11,0.16,1,1,1,12.0,5.0,19.1875,1.0,1.0,0.0,0.0,0.0,0.0,0.0,0.0,0.3,0.5,0.4,0.4,0.0,0.0,1.0,False,50
ESRP1,0.16,1,1,1,13.5,2.0,19.5625,1.0,0.0,0.1,0.0,0.0,0.0,0.0,0.2,0.4,0.5,0.2,0.2,0.0,0.1,0.0,False,50
PAQR4,0.16,1,1,1,18.5,1.0,20.1875,0.9411764705882353,1.0,0.0,0.1,0.0,0.0,0.0,0.0,0.2,0.5,0.4,0.4,0.0,0.0,1.0,False,50
LOC105378828,0.16,2,1,2,28.5,14.0,30.625,0.0,0.0,0.2,0.0,0.0,0.6,0.0,0.8,0.0,0.0,0.0,0.0,0.0,0.6,0.0,False,50
TRA2A,0.15999999999999998,1,1,1,19.5,1.0,19.5625,0.7142857142857143,0.1,0.1,0.5,0.2,0.0,0.0,0.0,0.2,0.2,0.2,0.2,0.3,0.0,0.1,False,50
CBX4,0.15,0,0,0,12.0,3.0,19.266666666666666,1.0,0.7,0.0,0.1,0.0,0.0,0.0,0.0,0.4,0.4,0.3,0.3,0.0,0.0,0.7,False,50
LRRC15,0.15,0,0,0,17.0,5.0,21.6,0.9,1.0,0.1,0.4,0.0,0.0,0.0,0.0,0.2,0.2,0.3,0.3,0.0,0.0,1.0,False,50
ST6GALNAC6,0.15,2,1,2,28.0,7.0,30.0,0.3333333333333333,0.0,0.1,0.1,0.0,0.1,0.7,0.5,0.0,0.0,0.0,0.0,0.1,0.1,0.0,False,50
IGSF10,0.14000000000000004,0,0,0,21.0,9.0,23.5,0.3684210526315789,0.0,0.2,0.3,0.0,0.0,0.0,0.0,0.3,0.4,0.1,0.1,1.0,0.0,0.0,False,50
LRRC1,0.14,2,1,2,15.5,1.0,17.071428571428573,1.0,0.0,0.0,0.0,0.0,0.0,0.0,0.0,0.5,0.7,0.1,0.1,0.0,0.0,0.0,False,50
CDR1,0.13999999999999999,2,1,2,7.0,1.0,14.0,0.0,0.0,0.9,0.0,0.5,0.0,0.0,0.0,0.0,0.0,0.0,0.0,1.0,0.0,0.0,False,50
CIDEA,0.13999999999999999,1,1,1,20.0,12.0,20.285714285714285,0.2222222222222222,0.0,0.0,0.0,0.0,0.1,0.0,0.9,0.0,0.0,0.2,0.2,0.2,0.4,0.0,False,50
TPPP3,0.13999999999999999,2,2,1,16.0,3.0,21.428571428571427,0.29411764705882354,0.0,0.3,0.5,0.1,0.0,0.5,0.0,0.0,0.0,0.0,0.0,0.4,0.0,0.0,False,50
ELMOD3,0.13999999999999999,1,1,1,30.5,19.0,32.0,0.0,0.0,0.1,0.0,0.0,0.3,0.0,1.0,0.0,0.0,0.0,0.0,0.0,0.2,0.0,False,50
LDHD,0.13999999999999999,2,1,2,39.0,26.0,38.642857142857146,0.0625,0.0,0.0,0.0,0.0,0.7,0.2,0.5,0.0,0.0,0.0,0.0,0.1,0.6,0.0,False,50
LVRN,0.13,0,0,0,30.0,11.0,30.23076923076923,0.23076923076923078,0.0,0.2,0.0,0.1,0.2,0.1,0.2,0.3,0.2,0.0,0.0,0.3,0.2,0.0,False,50
VN1R3,0.12999999999999998,2,2,2,12.0,4.0,13.615384615384615,1.0,0.0,0.0,0.0,0.6,0.7,0.0,0.0,0.0,0.0,0.0,0.0,0.0,0.4,0.0,False,50
IFNLR1,0.12999999999999998,1,1,1,40.0,12.0,35.84615384615385,0.8181818181818182,0.0,0.0,0.0,0.3,0.3,0.7,0.0,0.0,0.0,0.0,0.0,0.0,0.1,0.0,False,50
LOC100506368,0.12000000000000004,0,0,0,21.0,6.0,21.666666666666668,0.2727272727272727,0.0,0.0,0.1,0.0,0.2,0.3,0.3,0.1,0.0,0.1,0.1,0.1,0.2,0.0,False,50
CLGN,0.12000000000000002,1,1,1,5.0,1.0,11.833333333333334,0.6923076923076923,0.0,0.0,0.0,0.1,0.3,0.8,0.0,0.0,0.0,0.0,0.0,0.0,0.2,0.0,False,50
CANT1,0.12000000000000002,0,0,0,17.0,8.0,17.916666666666668,1.0,0.0,0.0,0.0,0.0,0.0,0.0,0.0,0.2,0.2,0.4,0.4,0.0,0.0,0.0,False,50
NPR1,0.12000000000000002,0,0,0,22.5,11.0,24.75,0.7,0.2,0.0,0.2,0.0,0.0,0.0,0.0,0.4,0.4,0.1,0.1,0.1,0.0,0.2,False,50
LOC90768,0.12000000000000002,1,1,1,37.0,2.0,33.0,0.16666666666666666,0.0,0.0,0.0,0.0,0.6,0.2,0.4,0.0,0.0,0.0,0.0,0.0,0.4,0.0,False,50
ACVR1C,0.12000000000000002,0,0,0,34.0,14.0,33.75,0.25,0.2,0.1,0.1,0.0,0.0,0.1,0.3,0.2,0.2,0.1,0.1,0.3,0.1,0.2,False,50
LOC102723886,0.12,1,1,1,7.5,1.0,11.333333333333334,0.0,0.0,0.8,0.2,0.2,0.0,0.0,0.0,0.0,0.0,0.0,0.0,0.9,0.0,0.0,False,50
MT1M,0.12,0,0,0,16.5,1.0,18.5,0.36363636363636365,0.0,0.3,0.4,0.0,0.0,0.0,0.0,0.2,0.1,0.1,0.1,0.1,0.0,0.0,False,50
CTTNBP2,0.12,1,1,1,25.0,8.0,24.0,0.08333333333333333,0.0,0.0,0.0,0.0,0.4,0.5,0.3,0.0,0.0,0.0,0.0,0.0,0.3,0.0,False,50
FAM83H,0.12,0,0,0,20.0,12.0,24.0,1.0,0.2,0.0,0.0,0.0,0.0,0.0,0.0,0.3,0.3,0.3,0.3,0.0,0.0,0.2,False,50
LLGL2,0.12,2,1,2,27.5,6.0,26.416666666666668,1.0,0.9,0.0,0.0,0.0,0.0,0.0,0.0,0.6,0.6,0.0,0.0,0.0,0.0,0.9,False,50
MOCS1,0.12,0,0,0,26.5,9.0,29.0,0.45454545454545453,0.0,0.3,0.4,0.0,0.0,0.2,0.3,0.0,0.0,0.0,0.0,0.2,0.0,0.0,False,50
TRDN,0.12,1,1,1,28.0,20.0,29.416666666666668,0.0,0.0,0.7,0.0,0.1,0.2,0.0,0.2,0.0,0.0,0.0,0.0,0.1,0.2,0.0,False,50
GLYAT,0.12,1,1,1,35.5,8.0,31.5,0.0,0.0,0.1,0.0,0.0,0.2,0.2,0.7,0.0,0.0,0.0,0.0,0.2,0.2,0.0,False,50
GDF10,0.12,2,1,2,30.5,17.0,32.25,0.0,0.0,0.0,0.0,0.0,0.7,0.0,0.5,0.0,0.0,0.0,0.0,0.0,0.6,0.0,False,50
TMEM246,0.12,1,1,1,33.0,17.0,33.166666666666664,0.0,0.0,0.3,0.0,0.0,0.3,0.0,0.6,0.0,0.0,0.0,0.0,0.0,0.4,0.0,False,50
CYB561,0.11000000000000001,1,1,1,10.0,3.0,12.727272727272727,1.0,0.0,0.0,0.0,0.0,0.0,0.0,0.0,0.5,0.4,0.1,0.1,0.0,0.0,0.0,False,50
SLC46A2,0.11000000000000001,1,1,1,11.0,4.0,14.636363636363637,1.0,0.0,0.1,0.0,0.4,0.6,0.0,0.0,0.0,0.0,0.0,0.0,0.0,0.6,0.0,False,50
ARRDC1,0.11000000000000001,0,0,0,17.0,3.0,18.09090909090909,1.0,0.1,0.0,0.0,0.0,0.0,0.0,0.0,0.2,0.3,0.3,0.3,0.0,0.0,0.1,False,50
CTHRC1,0.11000000000000001,1,1,1,19.0,1.0,19.454545454545453,0.5384615384615384,0.0,0.3,0.7,0.0,0.0,0.1,0.0,0.0,0.0,0.0,0.0,0.2,0.0,0.0,False,50
CPS1,0.11000000000000001,1,1,1,16.0,3.0,21.09090909090909,0.5833333333333334,0.0,0.0,0.1,0.0,0.1,0.9,0.0,0.0,0.0,0.0,0.0,0.0,0.1,0.0,False,50
TRMT13,0.11000000000000001,0,0,0,18.0,9.0,24.272727272727273,0.5,0.0,0.1,0.4,0.3,0.0,0.3,0.0,0.0,0.0,0.0,0.0,0.0,0.0,0.0,False,50
SLC35A2,0.11000000000000001,1,1,1,15.0,8.0,25.0,1.0,0.4,0.0,0.0,0.0,0.0,0.0,0.0,0.5,0.4,0.1,0.1,0.0,0.0,0.4,False,50
NLGN1,0.11000000000000001,0,0,0,27.0,11.0,31.363636363636363,0.14285714285714285,0.0,0.1,0.0,0.0,0.4,0.2,0.4,0.0,0.0,0.0,0.0,0.4,0.3,0.0,False,50
CREB5,0.11000000000000001,2,1,2,34.0,26.0,35.63636363636363,0.0,0.0,0.1,0.0,0.0,0.5,0.0,0.5,0.0,0.0,0.0,0.0,0.1,0.5,0.0,False,50
CASQ2,0.11000000000000001,1,1,1,39.0,23.0,37.72727272727273,0.2,0.0,0.2,0.0,0.0,0.1,0.0,0.6,0.1,0.1,0.0,0.0,0.0,0.1,0.0,False,50
FAM110A,0.10999999999999999,1,1,1,24.0,12.0,27.181818181818183,1.0,0.0,0.0,0.0,0.0,0.0,0.0,0.0,0.3,0.6,0.1,0.1,0.0,0.0,0.0,False,50
TRIM11,0.1,2,1,2,11.0,4.0,12.5,1.0,0.8,0.0,0.0,0.0,0.0,0.0,0.0,0.5,0.5,0.0,0.0,0.0,0.0,0.8,False,50
CCNE2,0.1,0,0,0,15.5,1.0,14.5,1.0,0.2,0.0,0.0,0.0,0.0,0.0,0.0,0.1,0.1,0.4,0.4,0.0,0.0,0.2,False,50
PSRC1,0.1,1,1,1,12.5,4.0,19.9,1.0,0.3,0.0,0.0,0.0,0.0,0.0,0.0,0.5,0.3,0.1,0.1,0.0,0.0,0.3,False,50
BMPER,0.1,0,0,0,16.0,5.0,20.2,0.375,0.0,0.1,0.0,0.0,0.2,0.0,0.2,0.1,0.0,0.2,0.2,0.1,0.1,0.0,False,50
MICAL2,0.1,1,1,1,13.0,3.0,20.9,0.8333333333333334,0.1,0.0,0.1,0.0,0.0,0.0,0.0,0.4,0.5,0.0,0.0,0.0,0.0,0.1,False,50
FHL5,0.1,0,0,0,18.0,13.0,23.1,0.09090909090909091,0.0,0.2,0.0,0.1,0.2,0.1,0.2,0.0,0.0,0.1,0.1,0.3,0.2,0.0,False,50
DDR2,0.1,0,0,0,21.5,11.0,24.0,1.0,0.0,0.0,0.0,0.0,0.0,0.0,0.0,0.3,0.3,0.2,0.2,0.0,0.0,0.0,False,50
FDXACB1,0.1,1,1,1,25.5,6.0,24.8,0.8888888888888888,0.0,0.0,0.0,0.4,0.5,0.1,0.0,0.0,0.0,0.0,0.0,0.0,0.3,0.0,False,50
TRHDE,0.1,0,0,0,23.5,2.0,25.2,0.3,0.0,0.1,0.0,0.0,0.2,0.1,0.2,0.2,0.2,0.0,0.0,0.2,0.2,0.0,False,50
SPP1,0.1,1,1,1,25.5,7.0,26.5,0.375,0.0,0.0,0.1,0.2,0.1,0.6,0.0,0.0,0.0,0.0,0.0,0.0,0.0,0.0,False,50
FGFBP2,0.1,0,0,0,27.0,8.0,27.8,0.0625,0.0,0.2,0.2,0.1,0.1,0.2,0.2,0.0,0.0,0.0,0.0,0.7,0.2,0.0,False,50
ACSM5,0.1,0,0,0,33.5,7.0,29.7,0.8,0.0,0.0,0.0,0.0,0.0,0.0,0.4,0.2,0.0,0.2,0.2,0.0,0.1,0.0,False,50
MLXIPL,0.1,1,1,1,34.5,9.0,32.1,0.125,0.0,0.1,0.0,0.0,0.2,0.1,0.6,0.0,0.0,0.0,0.0,0.1,0.3,0.0,False,50
RBPMS-AS1,0.1,1,1,1,38.5,19.0,34.7,0.0,0.0,0.1,0.0,0.1,0.1,0.0,0.7,0.0,0.0,0.0,0.0,0.1,0.4,0.0,False,50
CCDC141,0.1,0,0,0,42.5,34.0,43.6,0.0,0.0,0.2,0.0,0.3,0.2,0.0,0.3,0.0,0.0,0.0,0.0,1.0,0.1,0.0,False,50
LOC100506476,0.09999999999999999,1,1,1,31.5,14.0,30.4,0.21428571428571427,0.0,0.0,0.0,0.0,0.3,0.6,0.1,0.0,0.0,0.0,0.0,0.0,0.5,0.0,False,50
ADAMTS8,0.09000000000000001,0,0,0,9.0,1.0,15.11111111111111,0.7777777777777778,0.0,0.1,0.0,0.2,0.4,0.2,0.0,0.0,0.0,0.0,0.0,0.0,0.2,0.0,False,50
DSP,0.09000000000000001,0,0,0,9.0,2.0,17.333333333333332,0.8333333333333334,0.0,0.1,0.1,0.0,0.1,0.1,0.2,0.1,0.2,0.0,0.0,0.0,0.1,0.0,False,50
ALPK3,0.09000000000000001,0,0,0,28.0,20.0,29.555555555555557,0.2,0.0,0.1,0.0,0.0,0.3,0.2,0.3,0.0,0.0,0.0,0.0,0.1,0.3,0.0,False,50
AGRN,0.09,0,0,0,13.0,5.0,15.333333333333334,1.0,0.3,0.0,0.0,0.0,0.0,0.0,0.0,0.4,0.3,0.1,0.1,0.0,0.0,0.3,False,50
ADAR,0.09,0,0,0,18.0,3.0,17.444444444444443,1.0,0.7,0.0,0.0,0.0,0.0,0.0,0.0,0.2,0.3,0.2,0.2,0.0,0.0,0.7,False,50
ARFGAP1,0.09,0,0,0,12.0,5.0,18.444444444444443,1.0,0.1,0.0,0.0,0.0,0.0,0.0,0.0,0.3,0.2,0.2,0.2,0.0,0.0,0.1,False,50
LINC00471,0.09,1,1,1,12.0,5.0,18.666666666666668,1.0,0.0,0.0,0.0,0.6,0.3,0.0,0.0,0.0,0.0,0.0,0.0,0.0,0.2,0.0,False,50
ZNF518A,0.09,1,1,1,26.0,2.0,22.77777777777778,0.6666666666666666,0.0,0.3,0.6,0.0,0.0,0.0,0.0,0.0,0.0,0.0,0.0,0.0,0.0,0.0,False,50
HSPA12A,0.09,0,0,0,26.0,5.0,24.555555555555557,0.125,0.0,0.2,0.2,0.0,0.1,0.1,0.1,0.1,0.1,0.0,0.0,0.0,0.1,0.0,False,50
GTDC1,0.09,0,0,0,30.0,4.0,25.77777777777778,0.75,0.0,0.2,0.4,0.0,0.0,0.1,0.0,0.1,0.1,0.0,0.0,0.0,0.0,0.0,False,50
LOC100289361,0.09,1,1,1,26.0,15.0,26.22222222222222,0.625,0.0,0.1,0.2,0.1,0.0,0.5,0.0,0.0,0.0,0.0,0.0,0.0,0.0,0.0,False,50
WDR34,0.09,0,0,0,29.0,14.0,27.88888888888889,1.0,0.1,0.0,0.0,0.1,0.0,0.0,0.0,0.4,0.4,0.0,0.0,0.0,0.0,0.1,False,50
EFNA1,0.09,0,0,0,36.0,10.0,28.333333333333332,1.0,0.0,0.0,0.0,0.0,0.0,0.0,0.0,0.2,0.3,0.2,0.2,0.0,0.0,0.0,False,50
KCNIP2,0.09,0,0,0,37.0,9.0,31.666666666666668,0.5,0.0,0.0,0.0,0.0,0.1,0.0,0.4,0.3,0.1,0.0,0.0,0.0,0.2,0.0,False,50
LCOR,0.09,1,1,1,36.0,17.0,33.111111111111114,0.5714285714285714,0.0,0.0,0.5,0.2,0.0,0.2,0.0,0.0,0.0,0.0,0.0,0.0,0.0,0.0,False,50
ADRA1A,0.09,1,1,1,34.0,24.0,35.55555555555556,0.0,0.0,0.0,0.0,0.0,0.3,0.0,0.6,0.0,0.0,0.0,0.0,0.1,0.2,0.0,False,50
DMRT2,0.09,1,1,1,36.0,29.0,37.888888888888886,0.0,0.0,0.0,0.0,0.0,0.5,0.0,0.4,0.0,0.0,0.0,0.0,0.1,0.6,0.0,False,50
DLG3,0.08,0,0,0,7.5,1.0,7.75,1.0,0.2,0.0,0.0,0.0,0.0,0.0,0.0,0.1,0.1,0.3,0.3,0.0,0.0,0.2,False,50
PRSS8,0.08,0,0,0,12.0,8.0,14.125,1.0,0.7,0.0,0.0,0.0,0.0,0.0,0.0,0.4,0.4,0.0,0.0,0.0,0.0,0.7,False,50
LOC101929486,0.08,1,1,1,9.5,3.0,16.5,0.0,0.0,0.6,0.0,0.2,0.0,0.0,0.0,0.0,0.0,0.0,0.0,0.7,0.0,0.0,False,50
ALAS2,0.08,1,1,1,10.0,1.0,16.875,0.0,0.0,0.6,0.0,0.2,0.0,0.0,0.0,0.0,0.0,0.0,0.0,0.7,0.0,0.0,False,50
RAB11FIP3,0.08,0,0,0,19.0,6.0,19.5,1.0,0.2,0.0,0.0,0.0,0.0,0.0,0.0,0.2,0.2,0.2,0.2,0.0,0.0,0.2,False,50
BANK1,0.08,0,0,0,21.0,3.0,19.75,0.375,0.0,0.1,0.4,0.0,0.0,0.3,0.0,0.0,0.0,0.0,0.0,0.0,0.0,0.0,False,50
LEF1,0.08,0,0,0,21.0,4.0,23.5,0.7142857142857143,0.0,0.1,0.2,0.1,0.1,0.3,0.0,0.0,0.0,0.0,0.0,0.0,0.0,0.0,False,50
C11orf80,0.08,0,0,0,23.5,6.0,25.125,1.0,0.5,0.0,0.1,0.0,0.0,0.0,0.0,0.1,0.2,0.2,0.2,0.0,0.0,0.5,False,50
TMEM44-AS1,0.08,1,1,1,28.5,5.0,25.625,0.5,0.0,0.0,0.2,0.1,0.0,0.5,0.0,0.0,0.0,0.0,0.0,0.0,0.1,0.0,False,50
GINS1,0.08,0,0,0,25.0,16.0,25.75,1.0,0.2,0.0,0.0,0.0,0.0,0.0,0.0,0.2,0.2,0.2,0.2,0.0,0.0,0.2,False,50
RCC2,0.08,0,0,0,28.0,20.0,28.375,1.0,0.2,0.0,0.0,0.0,0.0,0.0,0.0,0.4,0.2,0.1,0.1,0.0,0.0,0.2,False,50
SGK2,0.08,1,1,1,28.0,17.0,29.0,0.0,0.0,0.0,0.0,0.0,0.2,0.0,0.6,0.0,0.0,0.0,0.0,0.0,0.3,0.0,False,50
ST6GALNAC3,0.08,0,0,0,33.0,17.0,32.625,0.2857142857142857,0.0,0.1,0.0,0.1,0.2,0.2,0.2,0.0,0.0,0.0,0.0,0.0,0.2,0.0,False,50
LINC00968,0.08,0,0,0,39.0,14.0,34.0,0.0,0.0,0.3,0.0,0.0,0.2,0.0,0.3,0.0,0.0,0.0,0.0,0.4,0.2,0.0,False,50
ADH1A,0.08,0,0,0,37.5,16.0,36.5,0.0,0.0,0.1,0.0,0.0,0.3,0.0,0.4,0.0,0.0,0.0,0.0,0.0,0.3,0.0,False,50
CORO2B,0.08,1,1,1,40.0,24.0,38.5,0.0,0.0,0.0,0.0,0.0,0.3,0.0,0.5,0.0,0.0,0.0,0.0,0.0,0.1,0.0,False,50
TLDC1,0.07999999999999999,0,0,0,15.0,2.0,18.25,1.0,0.0,0.0,0.0,0.0,0.0,0.0,0.0,0.3,0.3,0.1,0.1,0.0,0.0,0.0,False,50
ZNF764,0.07999999999999999,0,0,0,16.0,3.0,18.625,1.0,0.0,0.0,0.0,0.0,0.0,0.0,0.0,0.3,0.3,0.1,0.1,0.0,0.0,0.0,False,50
AGPAT5,0.07,0,0,0,17.0,4.0,21.857142857142858,0.42857142857142855,0.0,0.1,0.2,0.0,0.0,0.4,0.0,0.0,0.0,0.0,0.0,0.0,0.0,0.0,False,50
LURAP1,0.07,0,0,0,27.0,6.0,25.857142857142858,0.0,0.0,0.3,0.1,0.2,0.1,0.0,0.0,0.0,0.0,0.0,0.0,0.0,0.1,0.0,False,50
CPEB1,0.07,0,0,0,27.0,4.0,26.142857142857142,0.125,0.0,0.1,0.1,0.0,0.1,0.4,0.0,0.0,0.0,0.0,0.0,0.0,0.1,0.0,False,50
ARHGAP42,0.07,0,0,0,37.0,18.0,31.714285714285715,0.0,0.0,0.0,0.1,0.1,0.1,0.4,0.0,0.0,0.0,0.0,0.0,0.0,0.2,0.0,False,50
CHML,0.06999999999999999,0,0,0,10.0,6.0,13.142857142857142,0.8571428571428571,0.3,0.1,0.1,0.0,0.0,0.0,0.0,0.0,0.1,0.2,0.2,0.0,0.0,0.3,False,50
KIF26B,0.06999999999999999,1,1,1,10.0,5.0,14.142857142857142,0.5,0.1,0.1,0.6,0.0,0.0,0.0,0.0,0.0,0.0,0.0,0.0,0.0,0.0,0.1,False,50
PPP2R3C,0.06999999999999999,0,0,0,12.0,3.0,14.142857142857142,1.0,0.0,0.0,0.0,0.0,0.0,0.0,0.0,0.3,0.2,0.1,0.1,0.0,0.0,0.0,False,50
AP1M2,0.06999999999999999,0,0,0,10.0,4.0,14.857142857142858,1.0,0.2,0.0,0.0,0.0,0.0,0.0,0.0,0.3,0.2,0.1,0.1,0.0,0.0,0.2,False,50
FAM134A,0.06999999999999999,0,0,0,13.0,1.0,15.142857142857142,1.0,0.0,0.0,0.0,0.0,0.0,0.0,0.0,0.1,0.2,0.2,0.2,0.0,0.0,0.0,False,50
CDS1,0.06999999999999999,0,0,0,15.0,1.0,15.428571428571429,1.0,0.0,0.0,0.0,0.0,0.0,0.0,0.0,0.2,0.3,0.1,0.1,0.0,0.0,0.0,False,50
NAT14,0.06999999999999999,0,0,0,13.0,7.0,18.285714285714285,1.0,0.7,0.0,0.1,0.0,0.0,0.0,0.0,0.3,0.3,0.0,0.0,0.0,0.0,0.7,False,50
LIMK2,0.06999999999999999,0,0,0,19.0,3.0,19.142857142857142,1.0,0.2,0.0,0.1,0.0,0.0,0.0,0.0,0.1,0.1,0.2,0.2,0.0,0.0,0.2,False,50
SGK494,0.06999999999999999,0,0,0,21.0,4.0,19.142857142857142,1.0,0.0,0.0,0.0,0.0,0.0,0.0,0.0,0.1,0.2,0.2,0.2,0.0,0.0,0.0,False,50
FTX,0.06999999999999999,0,0,0,13.0,4.0,20.142857142857142,1.0,0.0,0.3,0.4,0.0,0.0,0.0,0.0,0.0,0.0,0.0,0.0,0.0,0.0,0.0,False,50
TLCD2,0.06999999999999999,0,0,0,11.0,9.0,21.571428571428573,0.3333333333333333,0.0,0.1,0.2,0.0,0.0,0.2,0.0,0.1,0.1,0.0,0.0,0.0,0.0,0.0,False,50
CGN,0.06999999999999999,0,0,0,13.0,2.0,22.0,1.0,0.7,0.0,0.0,0.0,0.0,0.0,0.0,0.2,0.3,0.1,0.1,0.0,0.0,0.7,False,50
LOC101929406,0.06999999999999999,1,1,1,14.0,2.0,22.142857142857142,0.0,0.0,0.6,0.1,0.0,0.0,0.0,0.0,0.0,0.0,0.0,0.0,0.5,0.0,0.0,False,50
WDR90,0.06999999999999999,0,0,0,19.0,13.0,23.0,1.0,0.7,0.0,0.0,0.0,0.0,0.0,0.0,0.2,0.1,0.2,0.2,0.0,0.0,0.7,False,50
COMP,0.06999999999999999,1,1,1,23.0,3.0,23.142857142857142,0.7,0.3,0.1,0.6,0.0,0.0,0.0,0.0,0.0,0.0,0.0,0.0,0.0,0.0,0.3,False,50
TDRD9,0.06999999999999999,0,0,0,29.0,7.0,26.142857142857142,1.0,0.0,0.0,0.0,0.3,0.1,0.3,0.0,0.0,0.0,0.0,0.0,0.0,0.1,0.0,False,50
LYPD6,0.06999999999999999,1,1,1,26.0,14.0,26.857142857142858,0.0,0.0,0.0,0.0,0.6,0.0,0.1,0.0,0.0,0.0,0.0,0.0,0.0,0.0,0.0,False,50
C11orf74,0.06999999999999999,1,1,1,26.0,14.0,28.428571428571427,0.5714285714285714,0.0,0.0,0.1,0.0,0.0,0.6,0.0,0.0,0.0,0.0,0.0,0.0,0.0,0.0,False,50
ZNF124,0.06999999999999999,0,0,0,34.0,5.0,30.714285714285715,0.5,0.0,0.0,0.1,0.4,0.0,0.2,0.0,0.0,0.0,0.0,0.0,0.0,0.1,0.0,False,50
PYGM,0.06999999999999999,0,0,0,34.0,11.0,31.428571428571427,0.16666666666666666,0.0,0.1,0.0,0.0,0.2,0.0,0.2,0.1,0.1,0.0,0.0,0.0,0.2,0.0,False,50
PGC,0.06999999999999999,1,1,1,33.0,14.0,31.857142857142858,0.0,0.0,0.2,0.0,0.5,0.0,0.0,0.0,0.0,0.0,0.0,0.0,0.8,0.0,0.0,False,50
EMX2,0.06999999999999999,0,0,0,33.0,13.0,32.57142857142857,0.14285714285714285,0.0,0.2,0.0,0.0,0.2,0.1,0.2,0.0,0.0,0.0,0.0,0.0,0.2,0.0,False,50
CDC42EP2,0.06999999999999999,0,0,0,38.0,19.0,34.42857142857143,0.4,0.0,0.0,0.0,0.1,0.2,0.2,0.2,0.0,0.0,0.0,0.0,0.0,0.1,0.0,False,50
KDM2A,0.06999999999999999,0,0,0,33.0,26.0,34.857142857142854,1.0,0.2,0.0,0.1,0.0,0.0,0.0,0.0,0.2,0.2,0.1,0.1,0.0,0.0,0.2,False,50
SNCG,0.06999999999999999,1,1,1,42.0,21.0,39.0,0.0,0.0,0.0,0.0,0.0,0.5,0.2,0.0,0.0,0.0,0.0,0.0,0.0,0.4,0.0,False,50
ADGRD1,0.06999999999999999,0,0,0,44.0,21.0,40.714285714285715,0.0,0.0,0.2,0.0,0.0,0.2,0.0,0.3,0.0,0.0,0.0,0.0,0.1,0.1,0.0,False,50
WDFY3-AS2,0.06999999999999999,1,1,1,44.0,28.0,42.714285714285715,0.5714285714285714,0.0,0.0,0.0,0.0,0.1,0.5,0.1,0.0,0.0,0.0,0.0,0.1,0.0,0.0,False,50
CLDN4,0.06000000000000001,0,0,0,8.0,2.0,12.0,1.0,0.0,0.0,0.0,0.0,0.0,0.0,0.0,0.1,0.1,0.2,0.2,0.0,0.0,0.0,False,50
GLA,0.06000000000000001,0,0,0,13.0,2.0,14.166666666666666,0.6666666666666666,0.0,0.0,0.0,0.2,0.2,0.2,0.0,0.0,0.0,0.0,0.0,0.0,0.2,0.0,False,50
LOC101929726,0.06000000000000001,0,0,0,18.0,12.0,17.166666666666668,0.16666666666666666,0.0,0.0,0.0,0.0,0.2,0.2,0.2,0.0,0.0,0.0,0.0,0.0,0.2,0.0,False,50
NRIP3,0.06000000000000001,0,0,0,14.5,9.0,21.0,1.0,0.0,0.1,0.1,0.1,0.1,0.2,0.0,0.0,0.0,0.0,0.0,0.0,0.1,0.0,False,50
YPEL1,0.06000000000000001,0,0,0,24.5,3.0,22.833333333333332,0.5,0.0,0.1,0.1,0.4,0.0,0.0,0.0,0.0,0.0,0.0,0.0,0.0,0.0,0.0,False,50
RBP7,0.06000000000000001,0,0,0,22.0,20.0,23.666666666666668,1.0,0.0,0.0,0.0,0.0,0.0,0.0,0.0,0.1,0.1,0.2,0.2,0.0,0.0,0.0,False,50
CKAP4,0.06000000000000001,0,0,0,28.0,3.0,25.0,0.5,0.0,0.1,0.2,0.0,0.0,0.0,0.0,0.1,0.2,0.0,0.0,0.0,0.0,0.0,False,50
LOC283588,0.06000000000000001,0,0,0,24.5,8.0,25.5,0.25,0.0,0.0,0.1,0.2,0.0,0.3,0.0,0.0,0.0,0.0,0.0,0.0,0.0,0.0,False,50
SYN2,0.06000000000000001,0,0,0,27.0,8.0,26.166666666666668,0.0,0.0,0.2,0.1,0.0,0.1,0.0,0.2,0.0,0.0,0.0,0.0,0.0,0.2,0.0,False,50
BARD1,0.06000000000000001,0,0,0,25.0,17.0,26.666666666666668,1.0,0.1,0.0,0.0,0.0,0.0,0.0,0.0,0.1,0.1,0.2,0.2,0.0,0.0,0.1,False,50
SETD5,0.06000000000000001,0,0,0,26.5,7.0,28.166666666666668,1.0,0.0,0.0,0.0,0.0,0.0,0.0,0.0,0.2,0.4,0.0,0.0,0.0,0.0,0.0,False,50
PLA2G2A,0.06000000000000001,0,0,0,33.0,14.0,29.5,0.5,0.0,0.0,0.0,0.0,0.2,0.2,0.2,0.0,0.0,0.0,0.0,0.0,0.0,0.0,False,50
DIS3L,0.06000000000000001,0,0,0,38.0,3.0,34.333333333333336,0.4,0.0,0.0,0.1,0.1,0.0,0.4,0.0,0.0,0.0,0.0,0.0,0.0,0.0,0.0,False,50
MYOC,0.06000000000000001,0,0,0,39.0,23.0,36.333333333333336,0.0,0.0,0.0,0.0,0.0,0.4,0.0,0.2,0.0,0.0,0.0,0.0,0.0,0.2,0.0,False,50
KLHL31,0.06000000000000001,0,0,0,40.5,20.0,37.666666666666664,0.4,0.0,0.0,0.0,0.0,0.1,0.2,0.3,0.0,0.0,0.0,0.0,0.1,0.1,0.0,False,50
KIAA0907,0.06000000000000001,0,0,0,40.5,30.0,38.333333333333336,1.0,0.6,0.0,0.0,0.0,0.0,0.0,0.0,0.2,0.4,0.0,0.0,0.0,0.0,0.6,False,50
EZH2,0.06,0,0,0,5.5,4.0,6.666666666666667,1.0,0.2,0.0,0.0,0.0,0.0,0.0,0.0,0.2,0.2,0.1,0.1,0.0,0.0,0.2,False,50
OR9A1P,0.06,0,0,0,5.5,3.0,11.333333333333334,0.8333333333333334,0.0,0.1,0.0,0.2,0.2,0.1,0.0,0.0,0.0,0.0,0.0,0.0,0.2,0.0,False,50
ALCAM,0.06,1,1,1,17.5,11.0,23.666666666666668,0.5,0.0,0.0,0.0,0.0,0.0,0.6,0.0,0.0,0.0,0.0,0.0,0.0,0.0,0.0,False,50
HN1L,0.06,0,0,0,24.0,7.0,23.666666666666668,1.0,0.2,0.0,0.0,0.0,0.0,0.0,0.0,0.3,0.3,0.0,0.0,0.0,0.0,0.2,False,50
SMARCA4,0.06,0,0,0,28.0,6.0,23.833333333333332,1.0,0.3,0.0,0.0,0.0,0.0,0.0,0.0,0.2,0.2,0.1,0.1,0.0,0.0,0.3,False,50
ZSCAN2,0.06,0,0,0,26.0,11.0,26.5,0.6666666666666666,0.0,0.3,0.3,0.0,0.0,0.0,0.0,0.0,0.0,0.0,0.0,0.0,0.0,0.0,False,50
ASPA,0.06,0,0,0,37.5,2.0,29.166666666666668,0.2,0.0,0.1,0.1,0.0,0.0,0.0,0.2,0.1,0.1,0.0,0.0,0.1,0.1,0.0,False,50
KLF15,0.06,0,0,0,35.5,20.0,34.5,0.3333333333333333,0.0,0.1,0.4,0.0,0.0,0.1,0.0,0.0,0.0,0.0,0.0,0.1,0.2,0.0,False,50
USP43,0.06,1,1,1,36.5,25.0,37.333333333333336,0.6,0.0,0.0,0.0,0.1,0.0,0.5,0.0,0.0,0.0,0.0,0.0,0.0,0.0,0.0,False,50
ADAM22,0.06,0,0,0,44.0,26.0,40.333333333333336,0.0,0.0,0.0,0.0,0.0,0.3,0.0,0.3,0.0,0.0,0.0,0.0,0.0,0.4,0.0,False,50
ACACB,0.06,0,0,0,45.0,31.0,41.5,0.6,0.2,0.0,0.0,0.0,0.0,0.0,0.0,0.2,0.2,0.1,0.1,0.0,0.0,0.2,False,50
DPY19L2P3,0.05,0,0,0,1.0,1.0,2.2,1.0,0.0,0.1,0.0,0.2,0.2,0.0,0.0,0.0,0.0,0.0,0.0,0.1,0.2,0.0,False,50
FBXO32,0.05,0,0,0,17.0,6.0,14.8,1.0,0.0,0.0,0.1,0.0,0.0,0.0,0.0,0.1,0.1,0.1,0.1,0.0,0.0,0.0,False,50
SLC29A4,0.05,0,0,0,15.0,9.0,16.6,0.2,0.0,0.0,0.0,0.0,0.2,0.1,0.2,0.0,0.0,0.0,0.0,0.0,0.2,0.0,False,50
CAPN1,0.05,0,0,0,17.0,1.0,16.8,0.6666666666666666,0.0,0.0,0.1,0.0,0.0,0.0,0.0,0.1,0.1,0.1,0.1,0.0,0.0,0.0,False,50
PENK,0.05,0,0,0,28.0,1.0,19.6,0.0,0.0,0.3,0.1,0.1,0.0,0.0,0.0,0.0,0.0,0.0,0.0,0.8,0.0,0.0,False,50
ARHGEF3,0.05,0,0,0,23.0,6.0,20.0,1.0,0.0,0.1,0.1,0.3,0.0,0.0,0.0,0.0,0.0,0.0,0.0,0.0,0.0,0.0,False,50
N4BP2L2,0.05,0,0,0,22.0,9.0,20.0,0.8,0.0,0.1,0.3,0.0,0.0,0.1,0.0,0.0,0.0,0.0,0.0,0.0,0.0,0.0,False,50
CDON,0.05,0,0,0,12.0,3.0,20.4,0.25,0.0,0.2,0.2,0.1,0.0,0.0,0.0,0.0,0.0,0.0,0.0,0.0,0.0,0.0,False,50
ZNF788,0.05,1,1,1,19.0,10.0,21.2,,0.0,0.0,0.0,0.5,0.0,0.0,0.0,0.0,0.0,0.0,0.0,0.0,0.0,0.0,False,50
ZNF718,0.05,0,0,0,20.0,13.0,21.4,1.0,0.0,0.1,0.1,0.3,0.0,0.0,0.0,0.0,0.0,0.0,0.0,0.0,0.0,0.0,False,50
CMA1,0.05,0,0,0,15.0,6.0,21.8,0.4,0.0,0.2,0.1,0.0,0.0,0.0,0.0,0.0,0.0,0.1,0.1,0.1,0.0,0.0,False,50
ENTPD7,0.05,0,0,0,25.0,1.0,22.8,1.0,0.0,0.2,0.3,0.0,0.0,0.0,0.0,0.0,0.0,0.0,0.0,0.0,0.0,0.0,False,50
VTI1B,0.05,0,0,0,17.0,12.0,23.0,1.0,0.0,0.0,0.0,0.0,0.0,0.0,0.0,0.2,0.1,0.1,0.1,0.0,0.0,0.0,False,50
KL,0.05,0,0,0,24.0,14.0,23.2,0.2,0.0,0.1,0.1,0.0,0.1,0.1,0.1,0.0,0.0,0.0,0.0,0.1,0.0,0.0,False,50
MYO5B,0.05,0,0,0,21.0,7.0,23.6,1.0,0.0,0.1,0.1,0.0,0.1,0.1,0.1,0.0,0.0,0.0,0.0,0.0,0.1,0.0,False,50
RPL32P3,0.05,0,0,0,21.0,13.0,23.8,1.0,0.0,0.0,0.0,0.0,0.0,0.0,0.0,0.2,0.3,0.0,0.0,0.0,0.0,0.0,False,50
CACNB3,0.05,0,0,0,19.0,15.0,24.6,1.0,0.8,0.0,0.0,0.0,0.0,0.0,0.0,0.2,0.1,0.1,0.1,0.0,0.0,0.8,False,50
BHMT2,0.05,0,0,0,25.0,10.0,25.0,0.2,0.0,0.0,0.0,0.0,0.2,0.1,0.2,0.0,0.0,0.0,0.0,0.0,0.2,0.0,False,50
MAP3K1,0.05,1,1,1,30.0,7.0,25.6,,0.0,0.0,0.0,0.5,0.0,0.0,0.0,0.0,0.0,0.0,0.0,0.0,0.0,0.0,False,50
RAPSN,0.05,1,1,1,26.0,12.0,26.0,,0.0,0.0,0.0,0.5,0.0,0.0,0.0,0.0,0.0,0.0,0.0,0.0,0.0,0.0,False,50
CEP112,0.05,0,0,0,16.0,14.0,26.6,0.75,0.0,0.0,0.0,0.0,0.0,0.0,0.0,0.2,0.1,0.1,0.1,0.1,0.0,0.0,False,50
CNRIP1,0.05,0,0,0,22.0,13.0,27.2,1.0,0.0,0.0,0.0,0.0,0.0,0.0,0.0,0.2,0.1,0.1,0.1,0.0,0.0,0.0,False,50
ADRB1,0.05,0,0,0,34.0,11.0,28.6,1.0,0.0,0.0,0.2,0.0,0.0,0.1,0.0,0.0,0.0,0.1,0.1,0.0,0.0,0.0,False,50
LZTS1,0.05,0,0,0,26.0,16.0,28.6,0.6,0.0,0.2,0.3,0.0,0.0,0.0,0.0,0.0,0.0,0.0,0.0,0.0,0.0,0.0,False,50
LINC00667,0.05,0,0,0,34.0,19.0,29.8,0.5,0.0,0.1,0.1,0.1,0.0,0.2,0.0,0.0,0.0,0.0,0.0,0.0,0.0,0.0,False,50
SLC44A1,0.05,0,0,0,27.0,23.0,30.0,0.5,0.0,0.0,0.1,0.0,0.0,0.2,0.0,0.1,0.1,0.0,0.0,0.0,0.0,0.0,False,50
DNMT3A,0.05,0,0,0,33.0,21.0,30.4,1.0,0.2,0.0,0.0,0.0,0.0,0.0,0.0,0.2,0.1,0.1,0.1,0.0,0.0,0.2,False,50
THAP3,0.05,0,0,0,34.0,14.0,30.4,0.2,0.0,0.0,0.0,0.1,0.1,0.3,0.0,0.0,0.0,0.0,0.0,0.0,0.1,0.0,False,50
DNASE1L3,0.05,0,0,0,31.0,24.0,31.4,0.6,0.1,0.0,0.1,0.0,0.0,0.0,0.0,0.3,0.1,0.0,0.0,0.0,0.0,0.1,False,50
DCUN1D3,0.05,0,0,0,38.0,11.0,31.6,0.0,0.0,0.1,0.1,0.2,0.0,0.0,0.1,0.0,0.0,0.0,0.0,0.1,0.1,0.0,False,50
PDE11A,0.05,0,0,0,30.0,16.0,32.2,0.0,0.0,0.0,0.0,0.0,0.2,0.1,0.2,0.0,0.0,0.0,0.0,0.0,0.2,0.0,False,50
VAV3,0.05,0,0,0,34.0,21.0,33.2,0.8,0.0,0.0,0.2,0.0,0.0,0.3,0.0,0.0,0.0,0.0,0.0,0.0,0.0,0.0,False,50
MSX2,0.05,0,0,0,38.0,21.0,34.2,0.0,0.0,0.0,0.1,0.2,0.0,0.2,0.0,0.0,0.0,0.0,0.0,0.0,0.0,0.0,False,50
TRAF4,0.05,0,0,0,35.0,26.0,34.8,1.0,0.0,0.0,0.0,0.0,0.0,0.0,0.0,0.3,0.2,0.0,0.0,0.0,0.0,0.0,False,50
FGF14-AS2,0.05,0,0,0,35.0,23.0,35.2,0.2222222222222222,0.0,0.0,0.0,0.0,0.1,0.2,0.1,0.1,0.0,0.0,0.0,0.4,0.1,0.0,False,50
ALDH1L1,0.05,0,0,0,39.0,22.0,35.8,0.0,0.0,0.0,0.0,0.0,0.1,0.0,0.4,0.0,0.0,0.0,0.0,0.4,0.2,0.0,False,50
FTCDNL1,0.05,0,0,0,33.0,28.0,37.2,0.0,0.0,0.0,0.0,0.0,0.3,0.1,0.1,0.0,0.0,0.0,0.0,0.1,0.2,0.0,False,50
LRRN1,0.05,0,0,0,37.0,28.0,38.0,0.0,0.0,0.0,0.1,0.4,0.0,0.0,0.0,0.0,0.0,0.0,0.0,0.0,0.0,0.0,False,50
TMED3,0.05,0,0,0,40.0,30.0,38.8,0.2,0.0,0.0,0.1,0.0,0.0,0.4,0.0,0.0,0.0,0.0,0.0,0.0,0.0,0.0,False,50
GPIHBP1,0.05,1,1,1,40.0,35.0,39.6,,0.0,0.0,0.0,0.0,0.0,0.0,0.5,0.0,0.0,0.0,0.0,0.0,0.0,0.0,False,50
WNT11,0.05,0,0,0,45.0,36.0,44.2,0.4,0.0,0.0,0.1,0.0,0.0,0.4,0.0,0.0,0.0,0.0,0.0,0.0,0.0,0.0,False,50
RBMS3-AS3,0.05,0,0,0,49.0,42.0,47.0,0.0,0.0,0.0,0.0,0.0,0.4,0.0,0.1,0.0,0.0,0.0,0.0,0.0,0.3,0.0,False,50
ALDH18A1,0.04,0,0,0,5.0,4.0,5.5,1.0,0.0,0.0,0.0,0.0,0.0,0.0,0.0,0.2,0.2,0.0,0.0,0.0,0.0,0.0,False,50
OR2H4P,0.04,0,0,0,9.5,4.0,10.0,0.0,0.0,0.4,0.0,0.0,0.0,0.0,0.0,0.0,0.0,0.0,0.0,0.5,0.0,0.0,False,50
KRT8,0.04,0,0,0,12.0,8.0,12.25,1.0,0.2,0.0,0.0,0.0,0.0,0.0,0.0,0.2,0.2,0.0,0.0,0.0,0.0,0.2,False,50
HINT3,0.04,0,0,0,11.5,6.0,13.25,0.5,0.0,0.1,0.3,0.0,0.0,0.0,0.0,0.0,0.0,0.0,0.0,0.0,0.0,0.0,False,50
DPT,0.04,0,0,0,10.0,9.0,13.75,1.0,0.0,0.0,0.0,0.0,0.0,0.0,0.0,0.1,0.1,0.1,0.1,0.0,0.0,0.0,False,50
EPS8L2,0.04,0,0,0,14.0,12.0,13.75,1.0,0.2,0.0,0.0,0.0,0.0,0.0,0.0,0.0,0.0,0.2,0.2,0.0,0.0,0.2,False,50
BICDL2,0.04,0,0,0,13.0,9.0,14.5,1.0,0.3,0.0,0.0,0.0,0.0,0.0,0.0,0.2,0.2,0.0,0.0,0.0,0.0,0.3,False,50
LOC101927870,0.04,0,0,0,12.0,4.0,14.75,0.6666666666666666,0.0,0.0,0.0,0.2,0.1,0.1,0.0,0.0,0.0,0.0,0.0,0.0,0.1,0.0,False,50
NOL4L,0.04,0,0,0,15.0,11.0,14.75,1.0,0.1,0.0,0.0,0.0,0.0,0.0,0.0,0.2,0.2,0.0,0.0,0.0,0.0,0.1,False,50
PIP4K2C,0.04,0,0,0,13.0,6.0,15.0,1.0,0.0,0.0,0.0,0.0,0.0,0.0,0.0,0.2,0.2,0.0,0.0,0.0,0.0,0.0,False,50
HDGF,0.04,0,0,0,17.5,7.0,17.25,1.0,0.0,0.0,0.0,0.0,0.0,0.0,0.0,0.1,0.1,0.1,0.1,0.0,0.0,0.0,False,50
KCNE1,0.04,0,0,0,9.5,8.0,17.75,1.0,0.0,0.1,0.0,0.3,0.0,0.0,0.0,0.0,0.0,0.0,0.0,0.0,0.2,0.0,False,50
LOC100272216,0.04,0,0,0,13.5,11.0,18.25,1.0,0.2,0.0,0.0,0.0,0.0,0.0,0.0,0.1,0.1,0.1,0.1,0.0,0.0,0.2,False,50
CHIT1,0.04,0,0,0,19.0,16.0,19.25,0.6666666666666666,0.0,0.0,0.0,0.2,0.1,0.1,0.0,0.0,0.0,0.0,0.0,0.0,0.1,0.0,False,50
SERTAD4,0.04,0,0,0,17.0,1.0,20.0,0.75,0.0,0.1,0.3,0.0,0.0,0.0,0.0,0.0,0.0,0.0,0.0,0.0,0.0,0.0,False,50
CLC,0.04,0,0,0,19.5,6.0,21.5,0.0,0.0,0.4,0.0,0.0,0.0,0.0,0.0,0.0,0.0,0.0,0.0,0.5,0.0,0.0,False,50
LINC01088,0.04,0,0,0,22.5,8.0,21.75,0.0,0.0,0.2,0.0,0.2,0.0,0.0,0.0,0.0,0.0,0.0,0.0,0.8,0.0,0.0,False,50
SHB,0.04,0,0,0,16.5,9.0,22.0,1.0,0.0,0.0,0.0,0.0,0.0,0.0,0.0,0.2,0.2,0.0,0.0,0.0,0.0,0.0,False,50
TNK2-AS1,0.04,0,0,0,26.5,4.0,22.5,0.0,0.0,0.3,0.0,0.1,0.0,0.0,0.0,0.0,0.0,0.0,0.0,0.4,0.0,0.0,False,50
SETD1B,0.04,0,0,0,24.0,18.0,23.0,1.0,0.1,0.0,0.0,0.0,0.0,0.0,0.0,0.1,0.1,0.1,0.1,0.0,0.0,0.1,False,50
ODF3L1,0.04,0,0,0,21.5,19.0,23.25,0.0,0.0,0.4,0.0,0.0,0.0,0.0,0.0,0.0,0.0,0.0,0.0,0.2,0.0,0.0,False,50
TAT,0.04,0,0,0,23.5,7.0,24.25,0.5,0.0,0.0,0.0,0.2,0.1,0.1,0.0,0.0,0.0,0.0,0.0,0.0,0.0,0.0,False,50
SLITRK6,0.04,0,0,0,20.5,8.0,24.5,0.5,0.0,0.0,0.2,0.2,0.0,0.0,0.0,0.0,0.0,0.0,0.0,0.0,0.0,0.0,False,50
OCIAD2,0.04,0,0,0,25.5,15.0,24.75,1.0,0.0,0.0,0.0,0.0,0.0,0.0,0.0,0.2,0.2,0.0,0.0,0.0,0.0,0.0,False,50
PMS2P5,0.04,0,0,0,24.0,15.0,25.0,0.6666666666666666,0.0,0.1,0.2,0.1,0.0,0.0,0.0,0.0,0.0,0.0,0.0,0.0,0.0,0.0,False,50
DNAH17,0.04,0,0,0,25.5,11.0,25.5,0.0,0.0,0.1,0.1,0.2,0.0,0.0,0.0,0.0,0.0,0.0,0.0,0.3,0.0,0.0,False,50
TRIM59,0.04,0,0,0,19.0,18.0,25.5,1.0,0.1,0.0,0.0,0.0,0.0,0.0,0.0,0.1,0.1,0.1,0.1,0.0,0.0,0.1,False,50
GNG11,0.04,0,0,0,26.0,23.0,25.75,0.5,0.2,0.0,0.0,0.0,0.0,0.0,0.0,0.0,0.0,0.2,0.2,0.0,0.0,0.2,False,50
LOC101928433,0.04,0,0,0,20.5,14.0,25.75,0.5,0.0,0.0,0.4,0.0,0.0,0.0,0.0,0.0,0.0,0.0,0.0,0.0,0.0,0.0,False,50
LMO3,0.04,0,0,0,23.0,13.0,26.0,0.5,0.0,0.0,0.3,0.0,0.0,0.1,0.0,0.0,0.0,0.0,0.0,0.0,0.0,0.0,False,50
SLC35C2,0.04,0,0,0,26.5,21.0,26.25,1.0,0.0,0.0,0.0,0.0,0.0,0.0,0.0,0.1,0.1,0.1,0.1,0.0,0.0,0.0,False,50
GRHL2,0.04,0,0,0,25.5,18.0,26.5,1.0,0.0,0.0,0.0,0.0,0.0,0.0,0.0,0.1,0.1,0.1,0.1,0.0,0.0,0.0,False,50
RECQL4,0.04,0,0,0,27.5,11.0,26.5,1.0,0.1,0.0,0.0,0.0,0.0,0.0,0.0,0.2,0.2,0.0,0.0,0.0,0.0,0.1,False,50
CDC20,0.04,0,0,0,24.0,12.0,27.5,1.0,0.3,0.0,0.0,0.0,0.0,0.0,0.0,0.1,0.1,0.1,0.1,0.0,0.0,0.3,False,50
ILF3,0.04,0,0,0,26.5,10.0,27.5,1.0,0.0,0.0,0.0,0.0,0.0,0.0,0.0,0.2,0.2,0.0,0.0,0.0,0.0,0.0,False,50
STX1B,0.04,0,0,0,25.5,16.0,27.5,0.0,0.0,0.4,0.0,0.0,0.0,0.0,0.0,0.0,0.0,0.0,0.0,0.4,0.0,0.0,False,50
COL4A5,0.04,0,0,0,30.0,12.0,28.5,0.5,0.0,0.1,0.2,0.0,0.0,0.1,0.0,0.0,0.0,0.0,0.0,0.0,0.0,0.0,False,50
SGK223,0.04,0,0,0,27.0,17.0,28.5,1.0,0.0,0.0,0.0,0.3,0.0,0.1,0.0,0.0,0.0,0.0,0.0,0.0,0.0,0.0,False,50
LOC389831,0.04,0,0,0,23.5,18.0,28.75,1.0,0.0,0.0,0.0,0.2,0.1,0.1,0.0,0.0,0.0,0.0,0.0,0.0,0.0,0.0,False,50
RTKN,0.04,0,0,0,32.0,19.0,29.0,1.0,0.3,0.0,0.0,0.0,0.0,0.0,0.0,0.2,0.2,0.0,0.0,0.0,0.0,0.3,False,50
LINC00537,0.04,0,0,0,28.0,12.0,29.25,0.25,0.0,0.0,0.2,0.0,0.0,0.2,0.0,0.0,0.0,0.0,0.0,0.0,0.0,0.0,False,50
COL11A1,0.04,0,0,0,28.0,18.0,30.25,0.8888888888888888,0.6,0.0,0.2,0.0,0.0,0.0,0.0,0.0,0.0,0.1,0.1,0.0,0.0,0.6,False,50
CNNM4,0.04,0,0,0,31.5,10.0,30.75,1.0,0.0,0.0,0.0,0.0,0.0,0.0,0.0,0.2,0.2,0.0,0.0,0.0,0.0,0.0,False,50
GPBAR1,0.04,0,0,0,31.0,15.0,30.75,0.3333333333333333,0.0,0.0,0.0,0.0,0.1,0.0,0.1,0.0,0.0,0.1,0.1,0.0,0.1,0.0,False,50
F2R,0.04,0,0,0,28.5,22.0,31.25,1.0,0.0,0.1,0.1,0.2,0.0,0.0,0.0,0.0,0.0,0.0,0.0,0.0,0.0,0.0,False,50
AKR1C4,0.04,0,0,0,33.5,14.0,31.5,0.0,0.0,0.4,0.0,0.0,0.0,0.0,0.0,0.0,0.0,0.0,0.0,0.5,0.0,0.0,False,50
COPZ2,0.04,0,0,0,28.0,25.0,31.75,1.0,0.0,0.0,0.0,0.0,0.0,0.0,0.0,0.1,0.1,0.1,0.1,0.0,0.0,0.0,False,50
ADAL,0.04,0,0,0,32.0,20.0,32.5,0.0,0.0,0.3,0.1,0.0,0.0,0.0,0.0,0.0,0.0,0.0,0.0,0.1,0.0,0.0,False,50
CNTFR-AS1,0.04,0,0,0,35.5,18.0,32.75,0.2,0.0,0.2,0.1,0.0,0.0,0.0,0.1,0.0,0.0,0.0,0.0,0.2,0.0,0.0,False,50
SLC38A1,0.04,0,0,0,33.0,17.0,32.75,0.8,0.0,0.0,0.0,0.0,0.2,0.2,0.0,0.0,0.0,0.0,0.0,0.0,0.1,0.0,False,50
FFAR4,0.04,0,0,0,34.0,23.0,33.5,0.0,0.0,0.0,0.0,0.0,0.2,0.0,0.2,0.0,0.0,0.0,0.0,0.0,0.1,0.0,False,50
ZNF541,0.04,0,0,0,35.0,17.0,34.0,0.2,0.0,0.0,0.0,0.0,0.2,0.2,0.0,0.0,0.0,0.0,0.0,0.0,0.1,0.0,False,50
SEC14L2,0.04,0,0,0,36.5,25.0,34.5,0.0,0.0,0.0,0.1,0.3,0.0,0.0,0.0,0.0,0.0,0.0,0.0,0.0,0.0,0.0,False,50
ZNF670,0.04,0,0,0,32.0,27.0,34.5,0.0,0.0,0.0,0.1,0.3,0.0,0.0,0.0,0.0,0.0,0.0,0.0,0.0,0.0,0.0,False,50
C6,0.04,0,0,0,38.0,17.0,35.0,0.0,0.0,0.1,0.0,0.1,0.1,0.0,0.1,0.0,0.0,0.0,0.0,0.2,0.2,0.0,False,50
RPS6KB2,0.04,0,0,0,34.5,22.0,35.0,1.0,0.0,0.0,0.0,0.0,0.0,0.0,0.0,0.2,0.2,0.0,0.0,0.0,0.0,0.0,False,50
RWDD1,0.04,0,0,0,35.0,30.0,35.5,1.0,0.0,0.0,0.0,0.0,0.0,0.0,0.0,0.2,0.2,0.0,0.0,0.0,0.0,0.0,False,50
BSPRY,0.04,0,0,0,42.0,12.0,36.5,0.8,0.0,0.0,0.0,0.0,0.1,0.2,0.0,0.1,0.0,0.0,0.0,0.0,0.1,0.0,False,50
MCM2,0.04,0,0,0,39.0,24.0,37.5,1.0,0.2,0.0,0.0,0.0,0.0,0.0,0.0,0.2,0.2,0.0,0.0,0.0,0.0,0.2,False,50
LINC00310,0.04,0,0,0,38.0,31.0,38.75,0.0,0.0,0.0,0.0,0.0,0.2,0.0,0.2,0.0,0.0,0.0,0.0,0.1,0.2,0.0,False,50
TFAP2A,0.04,0,0,0,43.0,21.0,38.75,1.0,0.0,0.1,0.0,0.0,0.0,0.0,0.1,0.1,0.1,0.0,0.0,0.0,0.0,0.0,False,50
ACKR4,0.04,0,0,0,43.0,32.0,41.75,0.75,0.0,0.0,0.0,0.0,0.0,0.4,0.0,0.0,0.0,0.0,0.0,0.0,0.0,0.0,False,50
FZD2,0.030000000000000006,0,0,0,9.0,2.0,8.333333333333334,0.5,0.0,0.1,0.1,0.1,0.0,0.0,0.0,0.0,0.0,0.0,0.0,0.0,0.0,0.0,False,50
CDC14A,0.030000000000000006,0,0,0,11.0,1.0,9.0,0.5,0.0,0.0,0.2,0.1,0.0,0.0,0.0,0.0,0.0,0.0,0.0,0.0,0.0,0.0,False,50
NECTIN4,0.030000000000000006,0,0,0,17.0,7.0,14.666666666666666,1.0,0.9,0.0,0.0,0.0,0.0,0.0,0.0,0.1,0.2,0.0,0.0,0.0,0.0,0.9,False,50
RABEP2,0.030000000000000006,0,0,0,9.0,5.0,16.333333333333332,0.5,0.0,0.0,0.1,0.0,0.0,0.0,0.0,0.1,0.1,0.0,0.0,0.0,0.0,0.0,False,50
SCN2A,0.030000000000000006,0,0,0,19.0,8.0,16.666666666666668,1.0,0.0,0.0,0.0,0.2,0.1,0.0,0.0,0.0,0.0,0.0,0.0,0.0,0.1,0.0,False,50
ZNF555,0.030000000000000006,0,0,0,11.0,3.0,17.333333333333332,0.5,0.0,0.0,0.1,0.1,0.0,0.1,0.0,0.0,0.0,0.0,0.0,0.0,0.0,0.0,False,50
LOC101928069,0.030000000000000006,0,0,0,13.0,8.0,18.666666666666668,0.0,0.0,0.1,0.0,0.2,0.0,0.0,0.0,0.0,0.0,0.0,0.0,0.2,0.0,0.0,False,50
ATP8B5P,0.030000000000000006,0,0,0,17.0,13.0,19.0,0.0,0.0,0.2,0.0,0.1,0.0,0.0,0.0,0.0,0.0,0.0,0.0,0.6,0.0,0.0,False,50
FAM124B,0.030000000000000006,0,0,0,20.0,16.0,21.333333333333332,1.0,0.0,0.0,0.0,0.2,0.1,0.0,0.0,0.0,0.0,0.0,0.0,0.0,0.1,0.0,False,50
CENPU,0.030000000000000006,0,0,0,10.0,9.0,21.666666666666668,1.0,0.0,0.0,0.0,0.0,0.0,0.0,0.0,0.1,0.0,0.1,0.1,0.0,0.0,0.0,False,50
SEPT8,0.030000000000000006,0,0,0,24.0,15.0,21.666666666666668,1.0,0.0,0.0,0.1,0.0,0.0,0.0,0.0,0.1,0.1,0.0,0.0,0.0,0.0,0.0,False,50
MAPK10,0.030000000000000006,0,0,0,18.0,3.0,22.0,0.0,0.0,0.0,0.0,0.0,0.1,0.2,0.0,0.0,0.0,0.0,0.0,0.0,0.0,0.0,False,50
PDE8B,0.030000000000000006,0,0,0,16.0,14.0,22.0,0.3333333333333333,0.0,0.0,0.1,0.0,0.0,0.2,0.0,0.0,0.0,0.0,0.0,0.0,0.0,0.0,False,50
ZNF512B,0.030000000000000006,0,0,0,13.0,9.0,22.0,1.0,0.0,0.0,0.0,0.0,0.0,0.0,0.0,0.1,0.2,0.0,0.0,0.0,0.0,0.0,False,50
APOF,0.030000000000000006,0,0,0,21.0,12.0,24.0,1.0,0.0,0.0,0.0,0.1,0.2,0.0,0.0,0.0,0.0,0.0,0.0,0.0,0.1,0.0,False,50
GALE,0.030000000000000006,0,0,0,14.0,14.0,24.333333333333332,1.0,0.1,0.0,0.0,0.0,0.0,0.0,0.0,0.1,0.0,0.1,0.1,0.0,0.0,0.1,False,50
SHISA2,0.030000000000000006,0,0,0,17.0,6.0,24.333333333333332,0.6666666666666666,0.0,0.1,0.2,0.0,0.0,0.0,0.0,0.0,0.0,0.0,0.0,0.0,0.0,0.0,False,50
KIAA1107,0.030000000000000006,0,0,0,24.0,6.0,25.0,0.6666666666666666,0.0,0.1,0.1,0.0,0.0,0.1,0.0,0.0,0.0,0.0,0.0,0.0,0.0,0.0,False,50
C2CD3,0.030000000000000006,0,0,0,26.0,23.0,25.333333333333332,1.0,0.0,0.0,0.0,0.0,0.0,0.0,0.0,0.1,0.2,0.0,0.0,0.0,0.0,0.0,False,50
TSPAN13,0.030000000000000006,0,0,0,25.0,25.0,25.333333333333332,1.0,0.0,0.0,0.1,0.0,0.0,0.0,0.0,0.0,0.0,0.1,0.1,0.0,0.0,0.0,False,50
C1QTNF7,0.030000000000000006,0,0,0,23.0,22.0,25.666666666666668,0.3333333333333333,0.0,0.0,0.0,0.0,0.1,0.1,0.1,0.0,0.0,0.0,0.0,0.0,0.1,0.0,False,50
NAT10,0.030000000000000006,0,0,0,28.0,23.0,26.666666666666668,1.0,0.0,0.0,0.0,0.0,0.0,0.0,0.0,0.1,0.2,0.0,0.0,0.0,0.0,0.0,False,50
TMEM125,0.030000000000000006,0,0,0,16.0,15.0,26.666666666666668,1.0,0.2,0.0,0.0,0.0,0.0,0.0,0.0,0.2,0.1,0.0,0.0,0.0,0.0,0.2,False,50
TRPM8,0.030000000000000006,0,0,0,33.0,9.0,26.666666666666668,1.0,0.0,0.0,0.0,0.2,0.1,0.0,0.0,0.0,0.0,0.0,0.0,0.0,0.1,0.0,False,50
CFAP44,0.030000000000000006,0,0,0,17.0,14.0,27.0,1.0,0.3,0.0,0.0,0.0,0.0,0.0,0.0,0.2,0.1,0.0,0.0,0.0,0.0,0.3,False,50
RBPMS2,0.030000000000000006,0,0,0,27.0,26.0,28.0,0.3333333333333333,0.0,0.0,0.0,0.0,0.1,0.1,0.1,0.0,0.0,0.0,0.0,0.0,0.1,0.0,False,50
PHYKPL,0.030000000000000006,0,0,0,31.0,19.0,28.666666666666668,0.0,0.0,0.1,0.1,0.1,0.0,0.0,0.0,0.0,0.0,0.0,0.0,0.0,0.0,0.0,False,50
ACSS2,0.030000000000000006,0,0,0,26.0,18.0,29.0,0.0,0.0,0.1,0.1,0.1,0.0,0.0,0.0,0.0,0.0,0.0,0.0,0.0,0.0,0.0,False,50
BRD7,0.030000000000000006,0,0,0,36.0,6.0,29.666666666666668,0.0,0.0,0.1,0.1,0.1,0.0,0.0,0.0,0.0,0.0,0.0,0.0,0.0,0.0,0.0,False,50
SPATS2,0.030000000000000006,0,0,0,22.0,18.0,29.666666666666668,1.0,0.1,0.0,0.0,0.0,0.0,0.0,0.0,0.2,0.1,0.0,0.0,0.0,0.0,0.1,False,50
TPD52,0.030000000000000006,0,0,0,31.0,23.0,29.666666666666668,1.0,0.0,0.0,0.0,0.0,0.1,0.1,0.1,0.0,0.0,0.0,0.0,0.0,0.1,0.0,False,50
ZWINT,0.030000000000000006,0,0,0,33.0,16.0,29.666666666666668,1.0,0.0,0.0,0.0,0.0,0.0,0.0,0.0,0.2,0.1,0.0,0.0,0.0,0.0,0.0,False,50
ATAD3A,0.030000000000000006,0,0,0,22.0,22.0,30.0,1.0,0.0,0.0,0.0,0.0,0.0,0.0,0.0,0.0,0.1,0.1,0.1,0.0,0.0,0.0,False,50
CASP10,0.030000000000000006,0,0,0,26.0,20.0,30.0,0.5,0.0,0.1,0.1,0.1,0.0,0.0,0.0,0.0,0.0,0.0,0.0,0.0,0.0,0.0,False,50
AADAC,0.030000000000000006,0,0,0,30.0,13.0,30.333333333333332,0.0,0.0,0.0,0.0,0.0,0.1,0.1,0.1,0.0,0.0,0.0,0.0,0.1,0.1,0.0,False,50
TCEAL7,0.030000000000000006,0,0,0,21.0,20.0,30.333333333333332,0.6666666666666666,0.0,0.0,0.1,0.0,0.0,0.0,0.0,0.0,0.0,0.1,0.1,0.1,0.0,0.0,False,50
ABCB7,0.030000000000000006,0,0,0,31.0,17.0,30.666666666666668,0.0,0.0,0.1,0.1,0.1,0.0,0.0,0.0,0.0,0.0,0.0,0.0,0.0,0.0,0.0,False,50
ERMP1,0.030000000000000006,0,0,0,21.0,21.0,30.666666666666668,0.5,0.0,0.0,0.2,0.0,0.0,0.0,0.0,0.0,0.1,0.0,0.0,0.0,0.0,0.0,False,50
GNG2,0.030000000000000006,0,0,0,33.0,15.0,31.666666666666668,1.0,0.0,0.0,0.0,0.0,0.0,0.0,0.0,0.2,0.1,0.0,0.0,0.0,0.0,0.0,False,50
TELO2,0.030000000000000006,0,0,0,34.0,19.0,31.666666666666668,1.0,0.6,0.0,0.0,0.0,0.0,0.0,0.0,0.1,0.2,0.0,0.0,0.0,0.0,0.6,False,50
TBC1D2,0.030000000000000006,0,0,0,36.0,11.0,32.333333333333336,0.25,0.0,0.0,0.1,0.0,0.0,0.2,0.0,0.0,0.0,0.0,0.0,0.0,0.1,0.0,False,50
TTC23,0.030000000000000006,0,0,0,42.0,6.0,32.666666666666664,0.5,0.0,0.1,0.1,0.1,0.0,0.0,0.0,0.0,0.0,0.0,0.0,0.0,0.0,0.0,False,50
C10orf2,0.030000000000000006,0,0,0,32.0,22.0,33.333333333333336,1.0,0.0,0.0,0.0,0.1,0.0,0.0,0.0,0.1,0.1,0.0,0.0,0.0,0.0,0.0,False,50
UNC5B,0.030000000000000006,0,0,0,31.0,31.0,33.333333333333336,0.5,0.0,0.0,0.1,0.0,0.0,0.0,0.0,0.0,0.0,0.1,0.1,0.0,0.0,0.0,False,50
ZNF92,0.030000000000000006,0,0,0,42.0,15.0,33.333333333333336,0.5,0.0,0.0,0.2,0.1,0.0,0.0,0.0,0.0,0.0,0.0,0.0,0.0,0.0,0.0,False,50
CD109,0.030000000000000006,0,0,0,33.0,22.0,34.0,1.0,0.0,0.0,0.1,0.1,0.0,0.1,0.0,0.0,0.0,0.0,0.0,0.0,0.0,0.0,False,50
STK11IP,0.030000000000000006,0,0,0,36.0,32.0,35.0,0.5,0.0,0.0,0.1,0.1,0.0,0.1,0.0,0.0,0.0,0.0,0.0,0.0,0.0,0.0,False,50
ANGPT1,0.030000000000000006,0,0,0,42.0,23.0,35.666666666666664,0.5,0.0,0.0,0.0,0.0,0.0,0.0,0.0,0.2,0.1,0.0,0.0,0.1,0.1,0.0,False,50
SEMA3F,0.030000000000000006,0,0,0,35.0,24.0,35.666666666666664,1.0,0.2,0.0,0.0,0.0,0.0,0.0,0.0,0.2,0.1,0.0,0.0,0.0,0.0,0.2,False,50
SMYD3,0.030000000000000006,0,0,0,45.0,13.0,35.666666666666664,0.3333333333333333,0.0,0.0,0.2,0.0,0.0,0.1,0.0,0.0,0.0,0.0,0.0,0.0,0.0,0.0,False,50
RHOXF1,0.030000000000000006,0,0,0,44.0,20.0,36.0,0.0,0.0,0.0,0.0,0.0,0.2,0.0,0.1,0.0,0.0,0.0,0.0,0.0,0.1,0.0,False,50
ST14,0.030000000000000006,0,0,0,45.0,15.0,36.333333333333336,1.0,0.0,0.0,0.0,0.0,0.0,0.2,0.1,0.0,0.0,0.0,0.0,0.0,0.0,0.0,False,50
ZNF436-AS1,0.030000000000000006,0,0,0,38.0,31.0,38.333333333333336,0.0,0.0,0.0,0.0,0.1,0.1,0.1,0.0,0.0,0.0,0.0,0.0,0.0,0.1,0.0,False,50
MORC2,0.030000000000000006,0,0,0,37.0,31.0,38.666666666666664,1.0,0.1,0.0,0.0,0.0,0.0,0.0,0.0,0.1,0.2,0.0,0.0,0.0,0.0,0.1,False,50
SQLE,0.030000000000000006,0,0,0,45.0,23.0,38.666666666666664,1.0,0.0,0.0,0.0,0.0,0.0,0.0,0.0,0.2,0.1,0.0,0.0,0.0,0.0,0.0,False,50
ERN1,0.030000000000000006,0,0,0,41.0,34.0,39.0,1.0,0.0,0.0,0.0,0.0,0.0,0.0,0.0,0.1,0.2,0.0,0.0,0.0,0.0,0.0,False,50
ANXA2P3,0.030000000000000006,0,0,0,41.0,34.0,39.333333333333336,0.0,0.0,0.1,0.1,0.0,0.0,0.1,0.0,0.0,0.0,0.0,0.0,0.2,0.0,0.0,False,50
MGC16275,0.030000000000000006,0,0,0,39.0,35.0,39.666666666666664,1.0,0.0,0.0,0.0,0.1,0.1,0.1,0.0,0.0,0.0,0.0,0.0,0.0,0.2,0.0,False,50
ADAMTS9-AS1,0.030000000000000006,0,0,0,39.0,33.0,40.666666666666664,0.0,0.0,0.1,0.0,0.2,0.0,0.0,0.0,0.0,0.0,0.0,0.0,0.6,0.0,0.0,False,50
ECHDC1,0.030000000000000006,0,0,0,43.0,29.0,40.666666666666664,1.0,0.0,0.0,0.0,0.0,0.0,0.0,0.0,0.2,0.1,0.0,0.0,0.0,0.0,0.0,False,50
ATP2A2,0.030000000000000006,0,0,0,44.0,30.0,41.0,1.0,0.3,0.0,0.0,0.0,0.0,0.0,0.0,0.1,0.2,0.0,0.0,0.0,0.0,0.3,False,50
TAPBP,0.030000000000000006,0,0,0,38.0,35.0,41.0,1.0,0.1,0.0,0.0,0.0,0.0,0.0,0.0,0.1,0.2,0.0,0.0,0.0,0.0,0.1,False,50
GPLD1,0.030000000000000006,0,0,0,42.0,39.0,41.666666666666664,0.0,0.0,0.0,0.0,0.0,0.1,0.0,0.2,0.0,0.0,0.0,0.0,0.0,0.2,0.0,False,50
OVOL2,0.030000000000000006,0,0,0,46.0,33.0,42.666666666666664,0.5,0.0,0.0,0.1,0.0,0.0,0.1,0.0,0.0,0.1,0.0,0.0,0.0,0.0,0.0,False,50
TLN2,0.030000000000000006,0,0,0,41.0,40.0,43.0,0.0,0.0,0.1,0.1,0.0,0.0,0.1,0.0,0.0,0.0,0.0,0.0,0.0,0.0,0.0,False,50
GRP,0.030000000000000006,0,0,0,42.0,38.0,43.333333333333336,0.5,0.0,0.0,0.0,0.1,0.0,0.2,0.0,0.0,0.0,0.0,0.0,0.0,0.0,0.0,False,50
CKMT2,0.030000000000000006,0,0,0,49.0,45.0,47.666666666666664,,0.0,0.0,0.0,0.0,0.0,0.0,0.2,0.0,0.1,0.0,0.0,0.0,0.0,0.0,False,50
LOC105371414,0.03,0,0,0,11.0,6.0,13.666666666666666,0.0,0.0,0.3,0.0,0.0,0.0,0.0,0.0,0.0,0.0,0.0,0.0,0.6,0.0,0.0,False,50
PRPS1L1,0.03,0,0,0,17.0,14.0,18.666666666666668,0.0,0.0,0.3,0.0,0.0,0.0,0.0,0.0,0.0,0.0,0.0,0.0,0.6,0.0,0.0,False,50
GDPGP1,0.03,0,0,0,15.0,13.0,19.666666666666668,,0.0,0.0,0.0,0.3,0.0,0.0,0.0,0.0,0.0,0.0,0.0,0.0,0.0,0.0,False,50
IQCH,0.03,0,0,0,19.0,7.0,20.333333333333332,1.0,0.0,0.0,0.0,0.3,0.0,0.0,0.0,0.0,0.0,0.0,0.0,0.0,0.1,0.0,False,50
AOC4P,0.03,0,0,0,21.0,16.0,21.333333333333332,,0.0,0.0,0.0,0.3,0.0,0.0,0.0,0.0,0.0,0.0,0.0,0.0,0.0,0.0,False,50
ZNF780B,0.03,0,0,0,27.0,13.0,23.333333333333332,,0.0,0.0,0.0,0.3,0.0,0.0,0.0,0.0,0.0,0.0,0.0,0.0,0.0,0.0,False,50
LOC400965,0.03,0,0,0,24.0,19.0,27.666666666666668,,0.0,0.0,0.0,0.3,0.0,0.0,0.0,0.0,0.0,0.0,0.0,0.0,0.0,0.0,False,50
DLX1,0.03,0,0,0,38.0,12.0,29.666666666666668,,0.0,0.0,0.0,0.3,0.0,0.0,0.0,0.0,0.0,0.0,0.0,0.0,0.0,0.0,False,50
SLC25A25,0.03,0,0,0,27.0,13.0,29.666666666666668,,0.0,0.0,0.0,0.3,0.0,0.0,0.0,0.0,0.0,0.0,0.0,0.0,0.0,0.0,False,50
ARC,0.03,0,0,0,42.0,15.0,33.333333333333336,,0.0,0.0,0.0,0.3,0.0,0.0,0.0,0.0,0.0,0.0,0.0,0.0,0.0,0.0,False,50
LOC105374690,0.03,0,0,0,39.0,19.0,33.333333333333336,0.0,0.0,0.3,0.0,0.0,0.0,0.0,0.0,0.0,0.0,0.0,0.0,0.4,0.0,0.0,False,50
C4orf19,0.03,0,0,0,36.0,24.0,33.666666666666664,0.6666666666666666,0.0,0.0,0.0,0.0,0.0,0.3,0.0,0.0,0.0,0.0,0.0,0.0,0.0,0.0,False,50
TNFAIP8L1,0.03,0,0,0,35.0,32.0,34.333333333333336,0.6666666666666666,0.0,0.0,0.3,0.0,0.0,0.0,0.0,0.0,0.0,0.0,0.0,0.0,0.0,0.0,False,50
RDH5,0.03,0,0,0,41.0,30.0,40.0,0.6666666666666666,0.0,0.0,0.0,0.0,0.0,0.3,0.0,0.0,0.0,0.0,0.0,0.0,0.0,0.0,False,50
PLEKHG6,0.03,0,0,0,47.0,36.0,43.666666666666664,0.6666666666666666,0.0,0.0,0.0,0.0,0.0,0.3,0.0,0.0,0.0,0.0,0.0,0.0,0.0,0.0,False,50
LOC101928955,0.02,0,0,0,3.0,1.0,3.0,0.0,0.0,0.1,0.1,0.0,0.0,0.0,0.0,0.0,0.0,0.0,0.0,0.0,0.0,0.0,False,50
LOC101929378,0.02,0,0,0,4.0,3.0,4.0,0.0,0.0,0.2,0.0,0.0,0.0,0.0,0.0,0.0,0.0,0.0,0.0,0.2,0.0,0.0,False,50
LOC727820,0.02,0,0,0,4.0,3.0,4.0,0.5,0.0,0.1,0.1,0.0,0.0,0.0,0.0,0.0,0.0,0.0,0.0,0.0,0.0,0.0,False,50
EDNRB,0.02,0,0,0,5.0,4.0,5.0,0.3333333333333333,0.2,0.0,0.0,0.0,0.0,0.0,0.0,0.1,0.1,0.0,0.0,0.0,0.0,0.2,False,50
FAAH2,0.02,0,0,0,5.5,5.0,5.5,1.0,0.3,0.0,0.0,0.0,0.0,0.0,0.0,0.1,0.1,0.0,0.0,0.0,0.0,0.3,False,50
SH3GLB1,0.02,0,0,0,6.0,2.0,6.0,1.0,0.0,0.0,0.0,0.0,0.0,0.0,0.0,0.1,0.1,0.0,0.0,0.0,0.0,0.0,False,50
FANCI,0.02,0,0,0,6.5,6.0,6.5,1.0,0.0,0.0,0.0,0.0,0.0,0.0,0.0,0.0,0.0,0.1,0.1,0.0,0.0,0.0,False,50
IGF1R,0.02,0,0,0,7.0,3.0,7.0,0.0,0.0,0.0,0.2,0.0,0.0,0.0,0.0,0.0,0.0,0.0,0.0,0.0,0.0,0.0,False,50
IRF2BP2,0.02,0,0,0,7.0,6.0,7.0,1.0,0.0,0.0,0.0,0.0,0.0,0.0,0.0,0.1,0.1,0.0,0.0,0.0,0.0,0.0,False,50
LOC101928271,0.02,0,0,0,7.5,6.0,7.5,0.0,0.0,0.2,0.0,0.0,0.0,0.0,0.0,0.0,0.0,0.0,0.0,0.4,0.0,0.0,False,50
CYP4B1,0.02,0,0,0,8.5,1.0,8.5,0.5,0.0,0.1,0.1,0.0,0.0,0.0,0.0,0.0,0.0,0.0,0.0,0.0,0.0,0.0,False,50
TOP2A,0.02,0,0,0,8.5,8.0,8.5,1.0,0.2,0.0,0.0,0.0,0.0,0.0,0.0,0.1,0.1,0.0,0.0,0.0,0.0,0.2,False,50
WDR6,0.02,0,0,0,8.5,6.0,8.5,1.0,0.0,0.0,0.0,0.0,0.0,0.0,0.0,0.1,0.1,0.0,0.0,0.0,0.0,0.0,False,50
C6orf132,0.02,0,0,0,9.0,9.0,9.0,1.0,0.1,0.0,0.0,0.0,0.0,0.0,0.0,0.0,0.0,0.1,0.1,0.0,0.0,0.1,False,50
CHTOP,0.02,0,0,0,10.0,9.0,10.0,1.0,0.0,0.0,0.0,0.0,0.0,0.0,0.0,0.1,0.1,0.0,0.0,0.0,0.0,0.0,False,50
SDC4,0.02,0,0,0,10.5,9.0,10.5,1.0,0.0,0.0,0.0,0.0,0.0,0.0,0.0,0.1,0.1,0.0,0.0,0.0,0.0,0.0,False,50
PGM2L1,0.02,0,0,0,11.0,7.0,11.0,1.0,0.0,0.1,0.1,0.0,0.0,0.0,0.0,0.0,0.0,0.0,0.0,0.0,0.0,0.0,False,50
MYO1C,0.02,0,0,0,11.5,10.0,11.5,1.0,0.0,0.0,0.0,0.0,0.0,0.2,0.0,0.0,0.0,0.0,0.0,0.0,0.0,0.0,False,50
IRS4,0.02,0,0,0,12.0,2.0,12.0,0.0,0.0,0.1,0.0,0.1,0.0,0.0,0.0,0.0,0.0,0.0,0.0,0.0,0.0,0.0,False,50
CCL23,0.02,0,0,0,12.5,11.0,12.5,0.0,0.0,0.0,0.0,0.2,0.0,0.0,0.0,0.0,0.0,0.0,0.0,0.1,0.0,0.0,False,50
CNIH3,0.02,0,0,0,12.5,11.0,12.5,1.0,0.0,0.2,0.0,0.0,0.0,0.0,0.0,0.0,0.0,0.0,0.0,0.0,0.0,0.0,False,50
ECM2,0.02,0,0,0,13.0,8.0,13.0,1.0,0.0,0.0,0.0,0.0,0.0,0.0,0.0,0.1,0.1,0.0,0.0,0.0,0.0,0.0,False,50
HS6ST2,0.02,0,0,0,13.0,10.0,13.0,1.0,0.0,0.0,0.1,0.1,0.0,0.0,0.0,0.0,0.0,0.0,0.0,0.0,0.0,0.0,False,50
PDK2,0.02,0,0,0,13.0,9.0,13.0,0.0,0.0,0.1,0.1,0.0,0.0,0.0,0.0,0.0,0.0,0.0,0.0,0.0,0.0,0.0,False,50
TRPM4,0.02,0,0,0,13.0,12.0,13.0,1.0,0.0,0.0,0.0,0.0,0.0,0.0,0.0,0.1,0.1,0.0,0.0,0.0,0.0,0.0,False,50
KIAA0930,0.02,0,0,0,13.5,6.0,13.5,1.0,0.0,0.1,0.1,0.0,0.0,0.0,0.0,0.0,0.0,0.0,0.0,0.0,0.0,0.0,False,50
ROR2,0.02,0,0,0,13.5,10.0,13.5,0.5,0.0,0.0,0.2,0.0,0.0,0.0,0.0,0.0,0.0,0.0,0.0,0.0,0.0,0.0,False,50
TPBG,0.02,0,0,0,13.5,8.0,13.5,0.5,0.0,0.1,0.1,0.0,0.0,0.0,0.0,0.0,0.0,0.0,0.0,0.0,0.0,0.0,False,50
HBB,0.02,0,0,0,14.0,9.0,14.0,1.0,0.0,0.0,0.0,0.0,0.0,0.0,0.0,0.1,0.1,0.0,0.0,0.0,0.0,0.0,False,50
LINC01094,0.02,0,0,0,14.0,7.0,14.0,1.0,0.0,0.1,0.1,0.0,0.0,0.0,0.0,0.0,0.0,0.0,0.0,0.0,0.0,0.0,False,50
PSD4,0.02,0,0,0,14.0,14.0,14.0,1.0,0.0,0.0,0.0,0.0,0.0,0.0,0.0,0.0,0.0,0.1,0.1,0.0,0.0,0.0,False,50
CENPK,0.02,0,0,0,14.5,14.0,14.5,1.0,0.0,0.0,0.0,0.0,0.0,0.0,0.0,0.0,0.0,0.1,0.1,0.0,0.0,0.0,False,50
SIGLEC9,0.02,0,0,0,14.5,8.0,14.5,1.0,0.0,0.0,0.0,0.2,0.0,0.0,0.0,0.0,0.0,0.0,0.0,0.0,0.2,0.0,False,50
RANGAP1,0.02,0,0,0,15.0,11.0,15.0,1.0,0.0,0.0,0.0,0.0,0.0,0.0,0.0,0.1,0.1,0.0,0.0,0.0,0.0,0.0,False,50
S1PR1,0.02,0,0,0,15.0,7.0,15.0,0.3333333333333333,0.0,0.1,0.1,0.0,0.0,0.0,0.0,0.0,0.0,0.0,0.0,0.1,0.0,0.0,False,50
VPS16,0.02,0,0,0,15.0,10.0,15.0,0.5,0.0,0.1,0.1,0.0,0.0,0.0,0.0,0.0,0.0,0.0,0.0,0.0,0.0,0.0,False,50
ADH5,0.02,0,0,0,15.5,15.0,15.5,1.0,0.0,0.0,0.0,0.0,0.0,0.0,0.0,0.0,0.0,0.1,0.1,0.0,0.0,0.0,False,50
EIF3C,0.02,0,0,0,15.5,13.0,15.5,1.0,0.5,0.0,0.0,0.0,0.0,0.0,0.0,0.1,0.1,0.0,0.0,0.0,0.0,0.5,False,50
FLJ10038,0.02,0,0,0,16.0,4.0,16.0,0.5,0.0,0.1,0.1,0.0,0.0,0.0,0.0,0.0,0.0,0.0,0.0,0.0,0.0,0.0,False,50
AP1G2,0.02,0,0,0,16.5,16.0,16.5,1.0,0.0,0.0,0.0,0.0,0.0,0.0,0.0,0.0,0.0,0.1,0.1,0.0,0.0,0.0,False,50
PPP1R2P9,0.02,0,0,0,16.5,15.0,16.5,0.0,0.0,0.2,0.0,0.0,0.0,0.0,0.0,0.0,0.0,0.0,0.0,0.1,0.0,0.0,False,50
SUGP2,0.02,0,0,0,16.5,16.0,16.5,1.0,0.0,0.0,0.0,0.0,0.0,0.0,0.0,0.0,0.0,0.1,0.1,0.0,0.0,0.0,False,50
WISP1,0.02,0,0,0,16.5,7.0,16.5,0.75,0.2,0.0,0.2,0.0,0.0,0.0,0.0,0.0,0.0,0.0,0.0,0.0,0.0,0.2,False,50
DLGAP5,0.02,0,0,0,17.0,14.0,17.0,1.0,0.1,0.0,0.0,0.0,0.0,0.0,0.0,0.1,0.1,0.0,0.0,0.0,0.0,0.1,False,50
LOC643355,0.02,0,0,0,17.0,15.0,17.0,,0.0,0.0,0.0,0.2,0.0,0.0,0.0,0.0,0.0,0.0,0.0,0.0,0.0,0.0,False,50
LOC254028,0.02,0,0,0,17.5,12.0,17.5,0.0,0.0,0.2,0.0,0.0,0.0,0.0,0.0,0.0,0.0,0.0,0.0,0.1,0.0,0.0,False,50
PTPRK,0.02,0,0,0,17.5,11.0,17.5,0.5,0.0,0.1,0.1,0.0,0.0,0.0,0.0,0.0,0.0,0.0,0.0,0.0,0.0,0.0,False,50
DLGAP4-AS1,0.02,0,0,0,18.0,18.0,18.0,0.0,0.0,0.2,0.0,0.0,0.0,0.0,0.0,0.0,0.0,0.0,0.0,0.0,0.0,0.0,False,50
LINC01029,0.02,0,0,0,18.0,8.0,18.0,0.0,0.0,0.2,0.0,0.0,0.0,0.0,0.0,0.0,0.0,0.0,0.0,0.1,0.0,0.0,False,50
ABCC8,0.02,0,0,0,18.5,17.0,18.5,,0.0,0.0,0.0,0.2,0.0,0.0,0.0,0.0,0.0,0.0,0.0,0.0,0.0,0.0,False,50
LINC01140,0.02,0,0,0,18.5,18.0,18.5,1.0,0.0,0.0,0.0,0.0,0.0,0.0,0.0,0.0,0.0,0.1,0.1,0.0,0.0,0.0,False,50
RAB3D,0.02,0,0,0,18.5,17.0,18.5,1.0,0.0,0.0,0.0,0.0,0.0,0.0,0.0,0.1,0.1,0.0,0.0,0.0,0.0,0.0,False,50
MME,0.02,0,0,0,19.5,14.0,19.5,1.0,0.0,0.0,0.0,0.0,0.0,0.0,0.0,0.1,0.1,0.0,0.0,0.0,0.0,0.0,False,50
SLC4A7,0.02,0,0,0,19.5,15.0,19.5,,0.0,0.0,0.0,0.2,0.0,0.0,0.0,0.0,0.0,0.0,0.0,0.0,0.0,0.0,False,50
TMEM108,0.02,0,0,0,20.0,14.0,20.0,,0.0,0.0,0.0,0.2,0.0,0.0,0.0,0.0,0.0,0.0,0.0,0.0,0.0,0.0,False,50
LAMA5,0.02,0,0,0,20.5,20.0,20.5,1.0,0.3,0.0,0.0,0.0,0.0,0.0,0.0,0.0,0.0,0.1,0.1,0.0,0.0,0.3,False,50
PDCD6,0.02,0,0,0,20.5,17.0,20.5,1.0,0.2,0.0,0.0,0.0,0.0,0.0,0.0,0.1,0.1,0.0,0.0,0.0,0.0,0.2,False,50
ANKRD13D,0.02,0,0,0,21.0,15.0,21.0,1.0,0.0,0.0,0.0,0.0,0.0,0.0,0.0,0.1,0.1,0.0,0.0,0.0,0.0,0.0,False,50
AVPI1,0.02,0,0,0,21.0,5.0,21.0,1.0,0.0,0.0,0.0,0.0,0.0,0.0,0.0,0.1,0.1,0.0,0.0,0.0,0.0,0.0,False,50
CA3,0.02,0,0,0,21.0,18.0,21.0,0.0,0.0,0.1,0.1,0.0,0.0,0.0,0.0,0.0,0.0,0.0,0.0,0.1,0.0,0.0,False,50
CPED1,0.02,0,0,0,21.0,14.0,21.0,1.0,0.0,0.0,0.0,0.0,0.0,0.0,0.0,0.1,0.1,0.0,0.0,0.0,0.0,0.0,False,50
KIF1C,0.02,0,0,0,21.0,6.0,21.0,0.0,0.0,0.0,0.1,0.1,0.0,0.0,0.0,0.0,0.0,0.0,0.0,0.0,0.0,0.0,False,50
ZNF692,0.02,0,0,0,21.0,21.0,21.0,1.0,0.2,0.0,0.0,0.0,0.0,0.0,0.0,0.1,0.1,0.0,0.0,0.0,0.0,0.2,False,50
ANLN,0.02,0,0,0,21.5,21.0,21.5,1.0,0.2,0.0,0.0,0.0,0.0,0.0,0.0,0.0,0.0,0.1,0.1,0.0,0.0,0.2,False,50
MAN1B1,0.02,0,0,0,21.5,15.0,21.5,1.0,0.0,0.0,0.0,0.0,0.0,0.0,0.0,0.1,0.1,0.0,0.0,0.0,0.0,0.0,False,50
SOD3,0.02,0,0,0,21.5,18.0,21.5,1.0,0.0,0.0,0.0,0.0,0.0,0.0,0.0,0.1,0.1,0.0,0.0,0.0,0.0,0.0,False,50
POSTN,0.02,0,0,0,22.0,6.0,22.0,1.0,0.0,0.1,0.1,0.0,0.0,0.0,0.0,0.0,0.0,0.0,0.0,0.0,0.0,0.0,False,50
PRICKLE1,0.02,0,0,0,22.0,20.0,22.0,0.0,0.0,0.0,0.1,0.1,0.0,0.0,0.0,0.0,0.0,0.0,0.0,0.0,0.0,0.0,False,50
FAM76A,0.02,0,0,0,22.5,22.0,22.5,1.0,0.0,0.0,0.0,0.0,0.0,0.0,0.0,0.0,0.0,0.1,0.1,0.0,0.0,0.0,False,50
LOC202025,0.02,0,0,0,22.5,21.0,22.5,0.5,0.0,0.1,0.1,0.0,0.0,0.0,0.0,0.0,0.0,0.0,0.0,0.0,0.0,0.0,False,50
IER3,0.02,0,0,0,23.0,23.0,23.0,1.0,0.0,0.0,0.0,0.0,0.0,0.0,0.0,0.0,0.0,0.1,0.1,0.0,0.0,0.0,False,50
MYZAP,0.02,0,0,0,23.0,17.0,23.0,1.0,0.0,0.0,0.0,0.0,0.0,0.0,0.0,0.1,0.1,0.0,0.0,0.0,0.0,0.0,False,50
RASSF6,0.02,0,0,0,23.0,12.0,23.0,0.0,0.0,0.0,0.1,0.1,0.0,0.0,0.0,0.0,0.0,0.0,0.0,0.0,0.0,0.0,False,50
SLC26A11,0.02,0,0,0,23.0,10.0,23.0,1.0,0.0,0.0,0.0,0.0,0.0,0.0,0.0,0.1,0.1,0.0,0.0,0.0,0.0,0.0,False,50
ZNF596,0.02,0,0,0,23.0,14.0,23.0,0.0,0.0,0.1,0.1,0.0,0.0,0.0,0.0,0.0,0.0,0.0,0.0,0.0,0.0,0.0,False,50
CBFA2T2,0.02,0,0,0,23.5,23.0,23.5,1.0,0.0,0.0,0.0,0.0,0.0,0.0,0.0,0.0,0.0,0.1,0.1,0.0,0.0,0.0,False,50
MDM4,0.02,0,0,0,23.5,18.0,23.5,0.0,0.0,0.0,0.2,0.0,0.0,0.0,0.0,0.0,0.0,0.0,0.0,0.0,0.0,0.0,False,50
STARD3,0.02,0,0,0,23.5,22.0,23.5,1.0,0.0,0.0,0.0,0.0,0.0,0.0,0.0,0.1,0.1,0.0,0.0,0.0,0.0,0.0,False,50
TYRO3,0.02,0,0,0,24.0,24.0,24.0,0.5,0.0,0.0,0.0,0.0,0.0,0.0,0.0,0.0,0.0,0.1,0.1,0.0,0.1,0.0,False,50
CD209,0.02,0,0,0,24.5,23.0,24.5,1.0,0.0,0.0,0.0,0.0,0.0,0.0,0.0,0.0,0.0,0.1,0.1,0.0,0.0,0.0,False,50
RUSC1,0.02,0,0,0,24.5,18.0,24.5,1.0,0.0,0.0,0.0,0.0,0.0,0.0,0.0,0.1,0.1,0.0,0.0,0.0,0.0,0.0,False,50
B3GAT3,0.02,0,0,0,25.0,25.0,25.0,1.0,0.0,0.0,0.0,0.0,0.0,0.0,0.0,0.0,0.0,0.1,0.1,0.0,0.0,0.0,False,50
DGCR2,0.02,0,0,0,25.0,17.0,25.0,1.0,0.0,0.0,0.0,0.0,0.0,0.0,0.0,0.1,0.1,0.0,0.0,0.0,0.0,0.0,False,50
IPO4,0.02,0,0,0,25.0,18.0,25.0,1.0,0.0,0.0,0.0,0.0,0.0,0.0,0.0,0.1,0.1,0.0,0.0,0.0,0.0,0.0,False,50
KIF20A,0.02,0,0,0,25.0,21.0,25.0,1.0,0.1,0.0,0.0,0.0,0.0,0.0,0.0,0.1,0.1,0.0,0.0,0.0,0.0,0.1,False,50
MGARP,0.02,0,0,0,25.0,6.0,25.0,1.0,0.0,0.0,0.0,0.1,0.1,0.0,0.0,0.0,0.0,0.0,0.0,0.0,0.0,0.0,False,50
ND4,0.02,0,0,0,25.0,6.0,25.0,,0.0,0.0,0.0,0.2,0.0,0.0,0.0,0.0,0.0,0.0,0.0,0.0,0.0,0.0,False,50
NMRAL1,0.02,0,0,0,25.0,24.0,25.0,1.0,0.0,0.0,0.0,0.0,0.0,0.0,0.0,0.1,0.1,0.0,0.0,0.0,0.0,0.0,False,50
SFN,0.02,0,0,0,25.0,17.0,25.0,1.0,0.0,0.1,0.1,0.0,0.0,0.0,0.0,0.0,0.0,0.0,0.0,0.0,0.0,0.0,False,50
ABLIM3,0.02,0,0,0,25.5,20.0,25.5,1.0,0.0,0.0,0.2,0.0,0.0,0.0,0.0,0.0,0.0,0.0,0.0,0.0,0.0,0.0,False,50
GPC3,0.02,0,0,0,25.5,13.0,25.5,0.0,0.0,0.1,0.1,0.0,0.0,0.0,0.0,0.0,0.0,0.0,0.0,0.0,0.0,0.0,False,50
PAICS,0.02,0,0,0,25.5,24.0,25.5,1.0,0.3,0.0,0.0,0.0,0.0,0.0,0.0,0.1,0.1,0.0,0.0,0.0,0.0,0.3,False,50
PPP1R13L,0.02,0,0,0,25.5,24.0,25.5,1.0,0.0,0.0,0.0,0.0,0.0,0.0,0.0,0.1,0.1,0.0,0.0,0.0,0.0,0.0,False,50
RAI14,0.02,0,0,0,25.5,25.0,25.5,0.5,0.0,0.0,0.2,0.0,0.0,0.0,0.0,0.0,0.0,0.0,0.0,0.0,0.0,0.0,False,50
SIGLEC16,0.02,0,0,0,25.5,16.0,25.5,1.0,0.0,0.0,0.0,0.2,0.0,0.0,0.0,0.0,0.0,0.0,0.0,0.0,0.1,0.0,False,50
SLC37A1,0.02,0,0,0,26.0,21.0,26.0,1.0,0.0,0.0,0.0,0.0,0.0,0.0,0.0,0.1,0.1,0.0,0.0,0.0,0.0,0.0,False,50
STS,0.02,0,0,0,26.0,10.0,26.0,0.5,0.0,0.1,0.1,0.0,0.0,0.0,0.0,0.0,0.0,0.0,0.0,0.0,0.0,0.0,False,50
BAIAP2L1,0.02,0,0,0,26.5,24.0,26.5,1.0,0.1,0.0,0.0,0.0,0.0,0.0,0.0,0.1,0.1,0.0,0.0,0.0,0.0,0.1,False,50
DAZAP1,0.02,0,0,0,26.5,25.0,26.5,1.0,0.0,0.0,0.0,0.0,0.0,0.0,0.0,0.0,0.0,0.1,0.1,0.0,0.0,0.0,False,50
FGF2,0.02,0,0,0,26.5,19.0,26.5,0.0,0.0,0.0,0.0,0.1,0.0,0.1,0.0,0.0,0.0,0.0,0.0,0.1,0.0,0.0,False,50
PLEKHG5,0.02,0,0,0,26.5,19.0,26.5,0.0,0.0,0.1,0.1,0.0,0.0,0.0,0.0,0.0,0.0,0.0,0.0,0.0,0.0,0.0,False,50
SEC16A,0.02,0,0,0,26.5,26.0,26.5,1.0,0.0,0.0,0.0,0.0,0.0,0.0,0.0,0.1,0.1,0.0,0.0,0.0,0.0,0.0,False,50
ZBTB42,0.02,0,0,0,26.5,24.0,26.5,1.0,0.5,0.0,0.0,0.0,0.0,0.0,0.0,0.1,0.1,0.0,0.0,0.0,0.0,0.5,False,50
ZDHHC13,0.02,0,0,0,26.5,19.0,26.5,1.0,0.0,0.0,0.0,0.0,0.0,0.0,0.0,0.1,0.1,0.0,0.0,0.0,0.0,0.0,False,50
LACE1,0.02,0,0,0,27.0,23.0,27.0,0.5,0.0,0.1,0.1,0.0,0.0,0.0,0.0,0.0,0.0,0.0,0.0,0.0,0.0,0.0,False,50
LOC101926960,0.02,0,0,0,27.0,27.0,27.0,1.0,0.0,0.0,0.0,0.0,0.0,0.0,0.0,0.0,0.0,0.1,0.1,0.0,0.0,0.0,False,50
MBOAT7,0.02,0,0,0,27.0,22.0,27.0,1.0,0.0,0.0,0.0,0.0,0.0,0.0,0.0,0.1,0.1,0.0,0.0,0.0,0.0,0.0,False,50
RAB40C,0.02,0,0,0,27.0,16.0,27.0,1.0,0.0,0.0,0.0,0.0,0.0,0.0,0.0,0.1,0.1,0.0,0.0,0.0,0.0,0.0,False,50
RMI1,0.02,0,0,0,27.0,5.0,27.0,0.5,0.0,0.1,0.1,0.0,0.0,0.0,0.0,0.0,0.0,0.0,0.0,0.0,0.0,0.0,False,50
LINC00271,0.02,0,0,0,27.5,23.0,27.5,,0.0,0.0,0.0,0.2,0.0,0.0,0.0,0.0,0.0,0.0,0.0,0.0,0.0,0.0,False,50
LOC100134445,0.02,0,0,0,27.5,14.0,27.5,1.0,0.0,0.0,0.0,0.0,0.0,0.0,0.0,0.1,0.1,0.0,0.0,0.0,0.0,0.0,False,50
PCK1,0.02,0,0,0,27.5,25.0,27.5,0.5,0.0,0.0,0.0,0.0,0.0,0.0,0.0,0.1,0.1,0.0,0.0,0.0,0.1,0.0,False,50
LIPJ,0.02,0,0,0,28.0,23.0,28.0,0.0,0.0,0.0,0.1,0.0,0.0,0.1,0.0,0.0,0.0,0.0,0.0,0.2,0.0,0.0,False,50
CLDN7,0.02,0,0,0,28.5,23.0,28.5,1.0,0.1,0.0,0.0,0.0,0.0,0.0,0.0,0.1,0.1,0.0,0.0,0.0,0.0,0.1,False,50
LOC100190986,0.02,0,0,0,28.5,24.0,28.5,1.0,0.0,0.0,0.2,0.0,0.0,0.0,0.0,0.0,0.0,0.0,0.0,0.0,0.0,0.0,False,50
RNF183,0.02,0,0,0,28.5,23.0,28.5,,0.0,0.0,0.0,0.2,0.0,0.0,0.0,0.0,0.0,0.0,0.0,0.0,0.0,0.0,False,50
SNHG17,0.02,0,0,0,28.5,24.0,28.5,0.0,0.0,0.0,0.2,0.0,0.0,0.0,0.0,0.0,0.0,0.0,0.0,0.0,0.0,0.0,False,50
TRPS1,0.02,0,0,0,28.5,22.0,28.5,1.0,0.1,0.0,0.0,0.0,0.0,0.0,0.0,0.1,0.1,0.0,0.0,0.0,0.0,0.1,False,50
ABHD5,0.02,0,0,0,29.0,29.0,29.0,1.0,0.0,0.0,0.0,0.0,0.0,0.0,0.0,0.0,0.0,0.1,0.1,0.0,0.0,0.0,False,50
F2RL2,0.02,0,0,0,29.5,20.0,29.5,0.0,0.0,0.0,0.2,0.0,0.0,0.0,0.0,0.0,0.0,0.0,0.0,0.0,0.0,0.0,False,50
FREM1,0.02,0,0,0,29.5,22.0,29.5,1.0,0.0,0.0,0.0,0.0,0.0,0.0,0.0,0.1,0.1,0.0,0.0,0.0,0.0,0.0,False,50
IFI27L1,0.02,0,0,0,29.5,11.0,29.5,0.0,0.0,0.1,0.1,0.0,0.0,0.0,0.0,0.0,0.0,0.0,0.0,0.0,0.0,0.0,False,50
ABCA8,0.02,0,0,0,30.0,30.0,30.0,1.0,0.0,0.0,0.0,0.0,0.0,0.0,0.0,0.0,0.0,0.1,0.1,0.0,0.0,0.0,False,50
AOX1,0.02,0,0,0,30.0,26.0,30.0,1.0,0.0,0.0,0.0,0.0,0.0,0.0,0.0,0.1,0.1,0.0,0.0,0.0,0.0,0.0,False,50
C1orf168,0.02,0,0,0,30.0,29.0,30.0,,0.0,0.0,0.0,0.2,0.0,0.0,0.0,0.0,0.0,0.0,0.0,0.0,0.0,0.0,False,50
MYO19,0.02,0,0,0,30.0,26.0,30.0,1.0,0.0,0.0,0.0,0.0,0.0,0.0,0.0,0.1,0.1,0.0,0.0,0.0,0.0,0.0,False,50
PLPP7,0.02,0,0,0,30.0,26.0,30.0,0.0,0.0,0.0,0.0,0.0,0.1,0.0,0.1,0.0,0.0,0.0,0.0,0.0,0.1,0.0,False,50
RILP,0.02,0,0,0,30.0,12.0,30.0,0.0,0.0,0.0,0.2,0.0,0.0,0.0,0.0,0.0,0.0,0.0,0.0,0.0,0.0,0.0,False,50
RUNX2,0.02,0,0,0,30.0,27.0,30.0,0.5,0.0,0.0,0.2,0.0,0.0,0.0,0.0,0.0,0.0,0.0,0.0,0.0,0.0,0.0,False,50
A2M-AS1,0.02,0,0,0,30.5,26.0,30.5,0.0,0.0,0.0,0.0,0.0,0.0,0.2,0.0,0.0,0.0,0.0,0.0,0.0,0.0,0.0,False,50
CHSY1,0.02,0,0,0,30.5,29.0,30.5,1.0,0.0,0.0,0.0,0.1,0.0,0.1,0.0,0.0,0.0,0.0,0.0,0.0,0.0,0.0,False,50
CRTAM,0.02,0,0,0,30.5,29.0,30.5,0.5,0.0,0.1,0.1,0.0,0.0,0.0,0.0,0.0,0.0,0.0,0.0,0.0,0.0,0.0,False,50
LSR,0.02,0,0,0,30.5,27.0,30.5,1.0,0.0,0.0,0.0,0.0,0.0,0.0,0.0,0.1,0.1,0.0,0.0,0.0,0.0,0.0,False,50
CCNB1,0.02,0,0,0,31.0,21.0,31.0,1.0,0.0,0.0,0.0,0.0,0.0,0.0,0.0,0.1,0.1,0.0,0.0,0.0,0.0,0.0,False,50
GAL,0.02,0,0,0,31.0,16.0,31.0,,0.0,0.0,0.0,0.2,0.0,0.0,0.0,0.0,0.0,0.0,0.0,0.0,0.0,0.0,False,50
MMD,0.02,0,0,0,31.0,20.0,31.0,0.5,0.1,0.0,0.0,0.0,0.0,0.0,0.0,0.1,0.1,0.0,0.0,0.0,0.0,0.1,False,50
NOVA1,0.02,0,0,0,31.0,27.0,31.0,0.0,0.0,0.0,0.1,0.1,0.0,0.0,0.0,0.0,0.0,0.0,0.0,0.0,0.0,0.0,False,50
POGK,0.02,0,0,0,31.0,17.0,31.0,1.0,0.0,0.0,0.1,0.0,0.0,0.0,0.0,0.0,0.1,0.0,0.0,0.0,0.0,0.0,False,50
RFTN2,0.02,0,0,0,31.0,26.0,31.0,0.0,0.0,0.0,0.0,0.0,0.1,0.0,0.1,0.0,0.0,0.0,0.0,0.0,0.1,0.0,False,50
ZNF528,0.02,0,0,0,31.0,20.0,31.0,,0.0,0.0,0.0,0.2,0.0,0.0,0.0,0.0,0.0,0.0,0.0,0.0,0.0,0.0,False,50
CRY2,0.02,0,0,0,31.5,29.0,31.5,0.0,0.0,0.1,0.1,0.0,0.0,0.0,0.0,0.0,0.0,0.0,0.0,0.0,0.0,0.0,False,50
KLB,0.02,0,0,0,31.5,23.0,31.5,0.2,0.0,0.0,0.0,0.0,0.0,0.0,0.1,0.1,0.0,0.0,0.0,0.3,0.1,0.0,False,50
SH3RF1,0.02,0,0,0,31.5,15.0,31.5,0.5,0.0,0.1,0.1,0.0,0.0,0.0,0.0,0.0,0.0,0.0,0.0,0.0,0.0,0.0,False,50
ACKR3,0.02,0,0,0,32.0,32.0,32.0,1.0,0.0,0.0,0.0,0.0,0.0,0.0,0.0,0.0,0.0,0.1,0.1,0.0,0.0,0.0,False,50
DAGLB,0.02,0,0,0,32.0,18.0,32.0,0.5,0.0,0.0,0.2,0.0,0.0,0.0,0.0,0.0,0.0,0.0,0.0,0.0,0.0,0.0,False,50
ERBB3,0.02,0,0,0,32.0,28.0,32.0,1.0,0.0,0.0,0.0,0.0,0.0,0.0,0.0,0.1,0.1,0.0,0.0,0.0,0.0,0.0,False,50
HCAR3,0.02,0,0,0,32.0,30.0,32.0,1.0,0.0,0.0,0.1,0.0,0.0,0.1,0.0,0.0,0.0,0.0,0.0,0.0,0.0,0.0,False,50
HS3ST1,0.02,0,0,0,32.0,26.0,32.0,0.0,0.0,0.0,0.0,0.0,0.0,0.2,0.0,0.0,0.0,0.0,0.0,0.0,0.0,0.0,False,50
NFU1,0.02,0,0,0,32.0,18.0,32.0,1.0,0.0,0.0,0.0,0.0,0.0,0.0,0.0,0.1,0.1,0.0,0.0,0.0,0.0,0.0,False,50
PDPN,0.02,0,0,0,32.0,25.0,32.0,0.0,0.0,0.0,0.1,0.1,0.0,0.0,0.0,0.0,0.0,0.0,0.0,0.0,0.0,0.0,False,50
TNRC18,0.02,0,0,0,32.0,19.0,32.0,1.0,0.0,0.0,0.0,0.0,0.0,0.0,0.0,0.1,0.1,0.0,0.0,0.0,0.0,0.0,False,50
AUTS2,0.02,0,0,0,32.5,19.0,32.5,1.0,0.0,0.0,0.0,0.0,0.0,0.0,0.0,0.1,0.1,0.0,0.0,0.0,0.0,0.0,False,50
KRTAP1-3,0.02,0,0,0,32.5,26.0,32.5,,0.0,0.0,0.0,0.2,0.0,0.0,0.0,0.0,0.0,0.0,0.0,0.0,0.0,0.0,False,50
ZDHHC20,0.02,0,0,0,32.5,31.0,32.5,0.0,0.0,0.0,0.1,0.1,0.0,0.0,0.0,0.0,0.0,0.0,0.0,0.0,0.0,0.0,False,50
LOC101929398,0.02,0,0,0,33.0,31.0,33.0,0.0,0.0,0.0,0.0,0.0,0.1,0.0,0.1,0.0,0.0,0.0,0.0,0.0,0.1,0.0,False,50
PDK4,0.02,0,0,0,33.0,29.0,33.0,0.3333333333333333,0.2,0.0,0.0,0.0,0.0,0.0,0.0,0.1,0.1,0.0,0.0,0.0,0.0,0.2,False,50
RAB15,0.02,0,0,0,33.0,27.0,33.0,1.0,0.0,0.0,0.0,0.0,0.0,0.0,0.0,0.1,0.1,0.0,0.0,0.0,0.0,0.0,False,50
ZNF493,0.02,0,0,0,33.0,32.0,33.0,1.0,0.0,0.0,0.0,0.0,0.0,0.0,0.0,0.1,0.1,0.0,0.0,0.0,0.0,0.0,False,50
DDX31,0.02,0,0,0,33.5,17.0,33.5,1.0,0.0,0.0,0.0,0.0,0.0,0.0,0.0,0.1,0.1,0.0,0.0,0.0,0.0,0.0,False,50
SCRN2,0.02,0,0,0,33.5,25.0,33.5,1.0,0.0,0.0,0.1,0.0,0.0,0.0,0.0,0.1,0.0,0.0,0.0,0.0,0.0,0.0,False,50
EDF1,0.02,0,0,0,34.0,32.0,34.0,1.0,0.0,0.0,0.1,0.1,0.0,0.0,0.0,0.0,0.0,0.0,0.0,0.0,0.0,0.0,False,50
PDE2A,0.02,0,0,0,34.0,19.0,34.0,0.5,0.0,0.0,0.0,0.0,0.0,0.0,0.0,0.1,0.1,0.0,0.0,0.1,0.0,0.0,False,50
PLAC9,0.02,0,0,0,34.5,34.0,34.5,1.0,0.0,0.0,0.0,0.0,0.0,0.0,0.0,0.0,0.0,0.1,0.1,0.0,0.0,0.0,False,50
PTBP1,0.02,0,0,0,34.5,32.0,34.5,1.0,0.2,0.0,0.0,0.0,0.0,0.0,0.0,0.1,0.1,0.0,0.0,0.0,0.0,0.2,False,50
TMEM120B,0.02,0,0,0,35.0,30.0,35.0,0.5,0.0,0.0,0.0,0.0,0.0,0.2,0.0,0.0,0.0,0.0,0.0,0.0,0.0,0.0,False,50
AMIGO1,0.02,0,0,0,35.5,26.0,35.5,1.0,0.0,0.0,0.1,0.1,0.0,0.0,0.0,0.0,0.0,0.0,0.0,0.0,0.0,0.0,False,50
CHST11,0.02,0,0,0,36.0,23.0,36.0,1.0,0.0,0.0,0.1,0.1,0.0,0.0,0.0,0.0,0.0,0.0,0.0,0.0,0.0,0.0,False,50
CLEC11A,0.02,0,0,0,36.0,24.0,36.0,1.0,0.0,0.0,0.1,0.1,0.0,0.0,0.0,0.0,0.0,0.0,0.0,0.0,0.0,0.0,False,50
GHRH,0.02,0,0,0,36.0,26.0,36.0,1.0,0.0,0.0,0.0,0.1,0.1,0.0,0.0,0.0,0.0,0.0,0.0,0.0,0.0,0.0,False,50
KLK11,0.02,0,0,0,36.0,27.0,36.0,1.0,0.0,0.1,0.0,0.1,0.0,0.0,0.0,0.0,0.0,0.0,0.0,0.0,0.0,0.0,False,50
POLR2H,0.02,0,0,0,36.0,32.0,36.0,1.0,0.0,0.0,0.0,0.0,0.0,0.0,0.0,0.1,0.1,0.0,0.0,0.0,0.0,0.0,False,50
CTSH,0.02,0,0,0,36.5,25.0,36.5,1.0,0.0,0.0,0.0,0.1,0.0,0.1,0.0,0.0,0.0,0.0,0.0,0.0,0.0,0.0,False,50
JUP,0.02,0,0,0,36.5,30.0,36.5,1.0,0.0,0.0,0.0,0.0,0.0,0.0,0.0,0.1,0.1,0.0,0.0,0.0,0.0,0.0,False,50
KCNA2,0.02,0,0,0,36.5,35.0,36.5,0.0,0.0,0.0,0.0,0.0,0.1,0.0,0.1,0.0,0.0,0.0,0.0,0.1,0.1,0.0,False,50
PAK4,0.02,0,0,0,36.5,26.0,36.5,1.0,0.0,0.0,0.0,0.0,0.0,0.0,0.0,0.1,0.1,0.0,0.0,0.0,0.0,0.0,False,50
ZNF48,0.02,0,0,0,36.5,33.0,36.5,1.0,0.0,0.0,0.0,0.0,0.0,0.0,0.0,0.1,0.1,0.0,0.0,0.0,0.0,0.0,False,50
SIM1,0.02,0,0,0,37.0,35.0,37.0,0.0,0.0,0.1,0.1,0.0,0.0,0.0,0.0,0.0,0.0,0.0,0.0,0.0,0.0,0.0,False,50
UPK3B,0.02,0,0,0,37.0,25.0,37.0,,0.0,0.0,0.0,0.2,0.0,0.0,0.0,0.0,0.0,0.0,0.0,0.0,0.0,0.0,False,50
NKX6-1,0.02,0,0,0,37.5,37.0,37.5,,0.0,0.0,0.0,0.2,0.0,0.0,0.0,0.0,0.0,0.0,0.0,0.0,0.0,0.0,False,50
PBK,0.02,0,0,0,37.5,36.0,37.5,1.0,0.1,0.0,0.0,0.0,0.0,0.0,0.0,0.1,0.1,0.0,0.0,0.0,0.0,0.1,False,50
ANGPTL8,0.02,0,0,0,38.0,36.0,38.0,0.0,0.0,0.0,0.0,0.0,0.1,0.0,0.1,0.0,0.0,0.0,0.0,0.0,0.1,0.0,False,50
RLF,0.02,0,0,0,38.0,33.0,38.0,0.0,0.0,0.1,0.1,0.0,0.0,0.0,0.0,0.0,0.0,0.0,0.0,0.0,0.0,0.0,False,50
SNRNP70,0.02,0,0,0,38.0,37.0,38.0,1.0,0.0,0.0,0.0,0.0,0.0,0.0,0.0,0.1,0.1,0.0,0.0,0.0,0.0,0.0,False,50
ZNF629,0.02,0,0,0,38.0,32.0,38.0,,0.0,0.0,0.0,0.0,0.0,0.0,0.0,0.0,0.2,0.0,0.0,0.0,0.0,0.0,False,50
ADAMTSL3,0.02,0,0,0,38.5,29.0,38.5,0.0,0.0,0.0,0.0,0.0,0.2,0.0,0.0,0.0,0.0,0.0,0.0,0.0,0.0,0.0,False,50
PKM,0.02,0,0,0,38.5,28.0,38.5,1.0,0.0,0.0,0.0,0.0,0.0,0.0,0.0,0.1,0.1,0.0,0.0,0.0,0.0,0.0,False,50
SLC26A6,0.02,0,0,0,38.5,34.0,38.5,1.0,0.1,0.0,0.0,0.0,0.0,0.0,0.0,0.1,0.1,0.0,0.0,0.0,0.0,0.1,False,50
TTLL7,0.02,0,0,0,38.5,30.0,38.5,0.5,0.0,0.1,0.1,0.0,0.0,0.0,0.0,0.0,0.0,0.0,0.0,0.0,0.0,0.0,False,50
LOC101928111,0.02,0,0,0,39.0,37.0,39.0,0.0,0.0,0.2,0.0,0.0,0.0,0.0,0.0,0.0,0.0,0.0,0.0,0.0,0.0,0.0,False,50
RFX6,0.02,0,0,0,39.0,33.0,39.0,1.0,0.0,0.1,0.0,0.1,0.0,0.0,0.0,0.0,0.0,0.0,0.0,0.0,0.0,0.0,False,50
CLEC4GP1,0.02,0,0,0,39.5,37.0,39.5,0.0,0.0,0.1,0.0,0.1,0.0,0.0,0.0,0.0,0.0,0.0,0.0,0.3,0.0,0.0,False,50
ELF3,0.02,0,0,0,39.5,36.0,39.5,1.0,0.0,0.0,0.0,0.0,0.0,0.0,0.0,0.1,0.1,0.0,0.0,0.0,0.0,0.0,False,50
PABPC1,0.02,0,0,0,39.5,36.0,39.5,1.0,0.0,0.0,0.0,0.0,0.0,0.0,0.0,0.1,0.1,0.0,0.0,0.0,0.0,0.0,False,50
SIGLEC15,0.02,0,0,0,39.5,34.0,39.5,,0.0,0.0,0.0,0.2,0.0,0.0,0.0,0.0,0.0,0.0,0.0,0.0,0.0,0.0,False,50
TMEM67,0.02,0,0,0,39.5,39.0,39.5,0.5,0.0,0.0,0.2,0.0,0.0,0.0,0.0,0.0,0.0,0.0,0.0,0.0,0.0,0.0,False,50
CAMK1,0.02,0,0,0,40.0,33.0,40.0,0.0,0.0,0.0,0.0,0.0,0.1,0.1,0.0,0.0,0.0,0.0,0.0,0.0,0.0,0.0,False,50
CHRDL1,0.02,0,0,0,40.0,37.0,40.0,1.0,0.0,0.0,0.0,0.0,0.0,0.0,0.0,0.2,0.0,0.0,0.0,0.0,0.0,0.0,False,50
TRIM14,0.02,0,0,0,40.0,39.0,40.0,0.5,0.0,0.0,0.1,0.0,0.0,0.1,0.0,0.0,0.0,0.0,0.0,0.0,0.0,0.0,False,50
SUSD6,0.02,0,0,0,40.5,32.0,40.5,1.0,0.1,0.0,0.0,0.0,0.0,0.0,0.0,0.1,0.1,0.0,0.0,0.0,0.0,0.1,False,50
RDH13,0.02,0,0,0,41.0,33.0,41.0,0.75,0.2,0.0,0.1,0.0,0.0,0.0,0.0,0.1,0.0,0.0,0.0,0.0,0.0,0.2,False,50
SLC6A6,0.02,0,0,0,41.0,33.0,41.0,0.5,0.0,0.0,0.2,0.0,0.0,0.0,0.0,0.0,0.0,0.0,0.0,0.0,0.0,0.0,False,50
TNMD,0.02,0,0,0,41.0,32.0,41.0,0.0,0.0,0.0,0.0,0.0,0.0,0.0,0.2,0.0,0.0,0.0,0.0,0.1,0.0,0.0,False,50
ENPP5,0.02,0,0,0,41.5,40.0,41.5,1.0,0.0,0.0,0.1,0.0,0.0,0.1,0.0,0.0,0.0,0.0,0.0,0.0,0.0,0.0,False,50
LOC105376072,0.02,0,0,0,41.5,41.0,41.5,0.0,0.0,0.2,0.0,0.0,0.0,0.0,0.0,0.0,0.0,0.0,0.0,0.0,0.0,0.0,False,50
RGS17,0.02,0,0,0,41.5,37.0,41.5,0.0,0.0,0.0,0.0,0.0,0.1,0.0,0.1,0.0,0.0,0.0,0.0,0.4,0.0,0.0,False,50
NOMO3,0.02,0,0,0,42.0,41.0,42.0,1.0,0.0,0.0,0.0,0.0,0.0,0.0,0.0,0.1,0.1,0.0,0.0,0.0,0.0,0.0,False,50
ATP13A1,0.02,0,0,0,43.0,42.0,43.0,1.0,0.0,0.0,0.0,0.0,0.0,0.0,0.0,0.1,0.1,0.0,0.0,0.0,0.0,0.0,False,50
DIAPH2,0.02,0,0,0,43.0,40.0,43.0,1.0,0.0,0.0,0.0,0.0,0.0,0.0,0.0,0.2,0.0,0.0,0.0,0.0,0.0,0.0,False,50
EBF2,0.02,0,0,0,43.0,43.0,43.0,0.3333333333333333,0.0,0.0,0.0,0.0,0.0,0.0,0.0,0.1,0.1,0.0,0.0,0.1,0.1,0.0,False,50
PYGL,0.02,0,0,0,43.0,43.0,43.0,1.0,0.0,0.0,0.2,0.0,0.0,0.0,0.0,0.0,0.0,0.0,0.0,0.0,0.0,0.0,False,50
ZNF562,0.02,0,0,0,43.5,42.0,43.5,1.0,0.0,0.0,0.1,0.0,0.0,0.0,0.0,0.0,0.1,0.0,0.0,0.0,0.0,0.0,False,50
CHAMP1,0.02,0,0,0,44.0,39.0,44.0,0.0,0.0,0.0,0.0,0.1,0.0,0.1,0.0,0.0,0.0,0.0,0.0,0.0,0.0,0.0,False,50
DOCK11,0.02,0,0,0,44.0,38.0,44.0,1.0,0.0,0.0,0.0,0.0,0.0,0.0,0.0,0.1,0.1,0.0,0.0,0.0,0.0,0.0,False,50
NPY5R,0.02,0,0,0,44.0,42.0,44.0,0.0,0.0,0.0,0.0,0.0,0.1,0.1,0.0,0.0,0.0,0.0,0.0,0.0,0.0,0.0,False,50
DEFB132,0.02,0,0,0,44.5,43.0,44.5,0.0,0.0,0.0,0.0,0.0,0.0,0.0,0.2,0.0,0.0,0.0,0.0,0.0,0.1,0.0,False,50
GCNT1,0.02,0,0,0,45.0,43.0,45.0,0.0,0.0,0.0,0.2,0.0,0.0,0.0,0.0,0.0,0.0,0.0,0.0,0.0,0.0,0.0,False,50
WNT10B,0.02,0,0,0,45.0,43.0,45.0,,0.0,0.0,0.0,0.2,0.0,0.0,0.0,0.0,0.0,0.0,0.0,0.0,0.0,0.0,False,50
NPR2,0.02,0,0,0,46.0,43.0,46.0,,0.0,0.0,0.0,0.0,0.0,0.0,0.2,0.0,0.0,0.0,0.0,0.0,0.0,0.0,False,50
OR51E1,0.02,0,0,0,46.5,46.0,46.5,0.0,0.0,0.0,0.0,0.0,0.1,0.1,0.0,0.0,0.0,0.0,0.0,0.0,0.3,0.0,False,50
SOX4,0.02,0,0,0,46.5,44.0,46.5,1.0,0.0,0.0,0.0,0.1,0.0,0.0,0.0,0.1,0.0,0.0,0.0,0.0,0.0,0.0,False,50
GAL3ST4,0.02,0,0,0,47.0,45.0,47.0,0.5,0.0,0.1,0.1,0.0,0.0,0.0,0.0,0.0,0.0,0.0,0.0,0.0,0.0,0.0,False,50
ID2-AS1,0.02,0,0,0,47.0,44.0,47.0,0.0,0.0,0.1,0.1,0.0,0.0,0.0,0.0,0.0,0.0,0.0,0.0,0.0,0.0,0.0,False,50
RBP4,0.02,0,0,0,47.0,46.0,47.0,1.0,0.0,0.0,0.0,0.0,0.0,0.0,0.0,0.2,0.0,0.0,0.0,0.0,0.0,0.0,False,50
PRRC2C,0.02,0,0,0,48.0,46.0,48.0,1.0,0.1,0.0,0.0,0.0,0.0,0.0,0.0,0.1,0.1,0.0,0.0,0.0,0.0,0.1,False,50
C5orf64,0.02,0,0,0,48.5,47.0,48.5,0.0,0.0,0.2,0.0,0.0,0.0,0.0,0.0,0.0,0.0,0.0,0.0,0.0,0.0,0.0,False,50
SPATA22,0.02,0,0,0,48.5,48.0,48.5,0.0,0.0,0.0,0.0,0.0,0.1,0.0,0.1,0.0,0.0,0.0,0.0,0.0,0.0,0.0,False,50
MAP3K7CL,0.01,0,0,0,1.0,1.0,1.0,,0.0,0.0,0.0,0.1,0.0,0.0,0.0,0.0,0.0,0.0,0.0,0.0,0.0,0.0,False,50
CSH1,0.01,0,0,0,2.0,2.0,2.0,,0.0,0.0,0.0,0.1,0.0,0.0,0.0,0.0,0.0,0.0,0.0,0.0,0.0,0.0,False,50
DGCR7,0.01,0,0,0,2.0,2.0,2.0,0.0,0.0,0.1,0.0,0.0,0.0,0.0,0.0,0.0,0.0,0.0,0.0,0.0,0.0,0.0,False,50
LINC00354,0.01,0,0,0,3.0,3.0,3.0,,0.0,0.0,0.0,0.1,0.0,0.0,0.0,0.0,0.0,0.0,0.0,0.0,0.0,0.0,False,50
DBH-AS1,0.01,0,0,0,4.0,4.0,4.0,,0.0,0.0,0.0,0.1,0.0,0.0,0.0,0.0,0.0,0.0,0.0,0.0,0.0,0.0,False,50
GABRG2,0.01,0,0,0,4.0,4.0,4.0,,0.0,0.0,0.0,0.1,0.0,0.0,0.0,0.0,0.0,0.0,0.0,0.0,0.0,0.0,False,50
LIN28A,0.01,0,0,0,4.0,4.0,4.0,0.0,0.0,0.1,0.0,0.0,0.0,0.0,0.0,0.0,0.0,0.0,0.0,0.0,0.0,0.0,False,50
MYO18B,0.01,0,0,0,4.0,4.0,4.0,0.0,0.0,0.1,0.0,0.0,0.0,0.0,0.0,0.0,0.0,0.0,0.0,0.0,0.0,0.0,False,50
ARPP21,0.01,0,0,0,5.0,5.0,5.0,1.0,0.0,0.1,0.0,0.0,0.0,0.0,0.0,0.0,0.0,0.0,0.0,0.0,0.0,0.0,False,50
FMNL3,0.01,0,0,0,5.0,5.0,5.0,,0.0,0.0,0.0,0.1,0.0,0.0,0.0,0.0,0.0,0.0,0.0,0.0,0.0,0.0,False,50
LINC01104,0.01,0,0,0,5.0,5.0,5.0,,0.0,0.0,0.0,0.1,0.0,0.0,0.0,0.0,0.0,0.0,0.0,0.0,0.0,0.0,False,50
NXF5,0.01,0,0,0,5.0,5.0,5.0,0.0,0.0,0.1,0.0,0.0,0.0,0.0,0.0,0.0,0.0,0.0,0.0,0.1,0.0,0.0,False,50
ARHGEF33,0.01,0,0,0,7.0,7.0,7.0,0.0,0.0,0.1,0.0,0.0,0.0,0.0,0.0,0.0,0.0,0.0,0.0,0.1,0.0,0.0,False,50
CSTL1,0.01,0,0,0,7.0,7.0,7.0,,0.0,0.0,0.0,0.1,0.0,0.0,0.0,0.0,0.0,0.0,0.0,0.0,0.0,0.0,False,50
HP11014,0.01,0,0,0,7.0,7.0,7.0,,0.0,0.0,0.0,0.1,0.0,0.0,0.0,0.0,0.0,0.0,0.0,0.0,0.0,0.0,False,50
LOC390705,0.01,0,0,0,7.0,7.0,7.0,,0.0,0.0,0.0,0.1,0.0,0.0,0.0,0.0,0.0,0.0,0.0,0.0,0.0,0.0,False,50
SERPINB10,0.01,0,0,0,7.0,7.0,7.0,0.0,0.0,0.1,0.0,0.0,0.0,0.0,0.0,0.0,0.0,0.0,0.0,0.1,0.0,0.0,False,50
USP27X-AS1,0.01,0,0,0,7.0,7.0,7.0,,0.0,0.0,0.0,0.1,0.0,0.0,0.0,0.0,0.0,0.0,0.0,0.0,0.0,0.0,False,50
DECR1,0.01,0,0,0,8.0,8.0,8.0,,0.0,0.0,0.0,0.1,0.0,0.0,0.0,0.0,0.0,0.0,0.0,0.0,0.0,0.0,False,50
NOXRED1,0.01,0,0,0,8.0,8.0,8.0,0.0,0.0,0.1,0.0,0.0,0.0,0.0,0.0,0.0,0.0,0.0,0.0,0.0,0.0,0.0,False,50
PNLIPRP2,0.01,0,0,0,8.0,8.0,8.0,1.0,0.0,0.1,0.0,0.0,0.0,0.0,0.0,0.0,0.0,0.0,0.0,0.0,0.0,0.0,False,50
SLC26A3,0.01,0,0,0,8.0,8.0,8.0,,0.0,0.0,0.0,0.1,0.0,0.0,0.0,0.0,0.0,0.0,0.0,0.0,0.0,0.0,False,50
TBC1D28,0.01,0,0,0,8.0,8.0,8.0,,0.0,0.0,0.0,0.1,0.0,0.0,0.0,0.0,0.0,0.0,0.0,0.0,0.0,0.0,False,50
LOC100506142,0.01,0,0,0,9.0,9.0,9.0,0.0,0.0,0.1,0.0,0.0,0.0,0.0,0.0,0.0,0.0,0.0,0.0,0.0,0.0,0.0,False,50
LOC101928806,0.01,0,0,0,9.0,9.0,9.0,,0.0,0.0,0.0,0.1,0.0,0.0,0.0,0.0,0.0,0.0,0.0,0.0,0.0,0.0,False,50
S100Z,0.01,0,0,0,9.0,9.0,9.0,,0.0,0.0,0.0,0.1,0.0,0.0,0.0,0.0,0.0,0.0,0.0,0.0,0.0,0.0,False,50
LOC100506098,0.01,0,0,0,10.0,10.0,10.0,,0.0,0.0,0.0,0.1,0.0,0.0,0.0,0.0,0.0,0.0,0.0,0.0,0.0,0.0,False,50
LOC101926944,0.01,0,0,0,10.0,10.0,10.0,0.0,0.0,0.1,0.0,0.0,0.0,0.0,0.0,0.0,0.0,0.0,0.0,0.0,0.0,0.0,False,50
MARC2,0.01,0,0,0,10.0,10.0,10.0,,0.0,0.0,0.0,0.1,0.0,0.0,0.0,0.0,0.0,0.0,0.0,0.0,0.0,0.0,False,50
SLC25A3P1,0.01,0,0,0,10.0,10.0,10.0,,0.0,0.0,0.0,0.1,0.0,0.0,0.0,0.0,0.0,0.0,0.0,0.0,0.0,0.0,False,50
BCORP1,0.01,0,0,0,11.0,11.0,11.0,0.0,0.0,0.1,0.0,0.0,0.0,0.0,0.0,0.0,0.0,0.0,0.0,0.1,0.0,0.0,False,50
CA7,0.01,0,0,0,11.0,11.0,11.0,,0.0,0.0,0.0,0.1,0.0,0.0,0.0,0.0,0.0,0.0,0.0,0.0,0.0,0.0,False,50
LOC102725438,0.01,0,0,0,11.0,11.0,11.0,0.0,0.0,0.1,0.0,0.0,0.0,0.0,0.0,0.0,0.0,0.0,0.0,0.2,0.0,0.0,False,50
SYCP3,0.01,0,0,0,11.0,11.0,11.0,,0.0,0.0,0.0,0.1,0.0,0.0,0.0,0.0,0.0,0.0,0.0,0.0,0.0,0.0,False,50
CDK9,0.01,0,0,0,12.0,12.0,12.0,,0.0,0.0,0.0,0.1,0.0,0.0,0.0,0.0,0.0,0.0,0.0,0.0,0.0,0.0,False,50
FLG,0.01,0,0,0,12.0,12.0,12.0,0.0,0.0,0.1,0.0,0.0,0.0,0.0,0.0,0.0,0.0,0.0,0.0,0.2,0.0,0.0,False,50
GRAMD1C,0.01,0,0,0,12.0,12.0,12.0,0.0,0.0,0.0,0.0,0.0,0.0,0.1,0.0,0.0,0.0,0.0,0.0,0.0,0.0,0.0,False,50
LOC100505549,0.01,0,0,0,12.0,12.0,12.0,,0.0,0.0,0.0,0.1,0.0,0.0,0.0,0.0,0.0,0.0,0.0,0.0,0.0,0.0,False,50
LOC101928909,0.01,0,0,0,12.0,12.0,12.0,0.0,0.0,0.1,0.0,0.0,0.0,0.0,0.0,0.0,0.0,0.0,0.0,0.1,0.0,0.0,False,50
LOC339352,0.01,0,0,0,12.0,12.0,12.0,,0.0,0.0,0.0,0.1,0.0,0.0,0.0,0.0,0.0,0.0,0.0,0.0,0.0,0.0,False,50
SOX5,0.01,0,0,0,12.0,12.0,12.0,1.0,0.0,0.0,0.0,0.0,0.0,0.1,0.0,0.0,0.0,0.0,0.0,0.0,0.0,0.0,False,50
AOC3,0.01,0,0,0,13.0,13.0,13.0,1.0,0.0,0.0,0.0,0.0,0.0,0.0,0.0,0.1,0.0,0.0,0.0,0.0,0.0,0.0,False,50
LOC101927292,0.01,0,0,0,13.0,13.0,13.0,1.0,0.0,0.1,0.0,0.0,0.0,0.0,0.0,0.0,0.0,0.0,0.0,0.0,0.0,0.0,False,50
LRRC4,0.01,0,0,0,13.0,13.0,13.0,,0.0,0.0,0.0,0.1,0.0,0.0,0.0,0.0,0.0,0.0,0.0,0.0,0.0,0.0,False,50
RBL2,0.01,0,0,0,13.0,13.0,13.0,,0.0,0.0,0.0,0.1,0.0,0.0,0.0,0.0,0.0,0.0,0.0,0.0,0.0,0.0,False,50
STYK1,0.01,0,0,0,13.0,13.0,13.0,1.0,0.0,0.0,0.0,0.0,0.0,0.1,0.0,0.0,0.0,0.0,0.0,0.0,0.0,0.0,False,50
C3orf22,0.01,0,0,0,14.0,14.0,14.0,,0.0,0.0,0.0,0.1,0.0,0.0,0.0,0.0,0.0,0.0,0.0,0.0,0.0,0.0,False,50
COL4A4,0.01,0,0,0,14.0,14.0,14.0,,0.0,0.0,0.0,0.1,0.0,0.0,0.0,0.0,0.0,0.0,0.0,0.0,0.0,0.0,False,50
PDE1C,0.01,0,0,0,14.0,14.0,14.0,,0.0,0.0,0.0,0.1,0.0,0.0,0.0,0.0,0.0,0.0,0.0,0.0,0.0,0.0,False,50
SPTBN1,0.01,0,0,0,14.0,14.0,14.0,1.0,0.0,0.0,0.0,0.0,0.0,0.0,0.0,0.1,0.0,0.0,0.0,0.0,0.0,0.0,False,50
STARD6,0.01,0,0,0,14.0,14.0,14.0,0.0,0.0,0.1,0.0,0.0,0.0,0.0,0.0,0.0,0.0,0.0,0.0,0.1,0.0,0.0,False,50
TMEM37,0.01,0,0,0,14.0,14.0,14.0,1.0,0.0,0.0,0.0,0.0,0.0,0.0,0.0,0.1,0.0,0.0,0.0,0.0,0.0,0.0,False,50
PHKB,0.01,0,0,0,15.0,15.0,15.0,,0.0,0.0,0.0,0.1,0.0,0.0,0.0,0.0,0.0,0.0,0.0,0.0,0.0,0.0,False,50
PRPF38B,0.01,0,0,0,15.0,15.0,15.0,,0.0,0.0,0.0,0.1,0.0,0.0,0.0,0.0,0.0,0.0,0.0,0.0,0.0,0.0,False,50
ATG16L1,0.01,0,0,0,16.0,16.0,16.0,0.5,0.1,0.0,0.1,0.0,0.0,0.0,0.0,0.0,0.0,0.0,0.0,0.0,0.0,0.1,False,50
CSMD3,0.01,0,0,0,16.0,16.0,16.0,0.0,0.0,0.1,0.0,0.0,0.0,0.0,0.0,0.0,0.0,0.0,0.0,0.2,0.0,0.0,False,50
FAM106A,0.01,0,0,0,16.0,16.0,16.0,,0.0,0.0,0.0,0.1,0.0,0.0,0.0,0.0,0.0,0.0,0.0,0.0,0.0,0.0,False,50
LINC01018,0.01,0,0,0,16.0,16.0,16.0,,0.0,0.0,0.0,0.1,0.0,0.0,0.0,0.0,0.0,0.0,0.0,0.0,0.0,0.0,False,50
MTCL1,0.01,0,0,0,16.0,16.0,16.0,1.0,0.0,0.0,0.1,0.0,0.0,0.0,0.0,0.0,0.0,0.0,0.0,0.0,0.0,0.0,False,50
RAD9B,0.01,0,0,0,16.0,16.0,16.0,0.0,0.0,0.1,0.0,0.0,0.0,0.0,0.0,0.0,0.0,0.0,0.0,0.1,0.0,0.0,False,50
DTL,0.01,0,0,0,17.0,17.0,17.0,,0.0,0.0,0.0,0.0,0.0,0.0,0.0,0.0,0.1,0.0,0.0,0.0,0.0,0.0,False,50
ETNK2,0.01,0,0,0,17.0,17.0,17.0,,0.0,0.0,0.0,0.1,0.0,0.0,0.0,0.0,0.0,0.0,0.0,0.0,0.0,0.0,False,50
FAM185A,0.01,0,0,0,17.0,17.0,17.0,,0.0,0.0,0.0,0.1,0.0,0.0,0.0,0.0,0.0,0.0,0.0,0.0,0.0,0.0,False,50
LOC100505530,0.01,0,0,0,17.0,17.0,17.0,0.0,0.0,0.1,0.0,0.0,0.0,0.0,0.0,0.0,0.0,0.0,0.0,0.0,0.0,0.0,False,50
MIR17HG,0.01,0,0,0,17.0,17.0,17.0,0.0,0.0,0.1,0.0,0.0,0.0,0.0,0.0,0.0,0.0,0.0,0.0,0.1,0.0,0.0,False,50
PTGDR2,0.01,0,0,0,17.0,17.0,17.0,,0.0,0.0,0.0,0.1,0.0,0.0,0.0,0.0,0.0,0.0,0.0,0.0,0.0,0.0,False,50
LOC101927256,0.01,0,0,0,18.0,18.0,18.0,0.0,0.0,0.1,0.0,0.0,0.0,0.0,0.0,0.0,0.0,0.0,0.0,0.0,0.0,0.0,False,50
NREP,0.01,0,0,0,18.0,18.0,18.0,1.0,0.0,0.0,0.1,0.0,0.0,0.0,0.0,0.0,0.0,0.0,0.0,0.0,0.0,0.0,False,50
PHEX-AS1,0.01,0,0,0,18.0,18.0,18.0,,0.0,0.0,0.0,0.1,0.0,0.0,0.0,0.0,0.0,0.0,0.0,0.0,0.0,0.0,False,50
BNIP3,0.01,0,0,0,19.0,19.0,19.0,,0.0,0.0,0.0,0.1,0.0,0.0,0.0,0.0,0.0,0.0,0.0,0.0,0.0,0.0,False,50
HIST1H4G,0.01,0,0,0,19.0,19.0,19.0,0.0,0.0,0.1,0.0,0.0,0.0,0.0,0.0,0.0,0.0,0.0,0.0,0.0,0.0,0.0,False,50
PILRA,0.01,0,0,0,19.0,19.0,19.0,,0.0,0.0,0.0,0.1,0.0,0.0,0.0,0.0,0.0,0.0,0.0,0.0,0.0,0.0,False,50
PLCH1-AS1,0.01,0,0,0,19.0,19.0,19.0,0.0,0.0,0.1,0.0,0.0,0.0,0.0,0.0,0.0,0.0,0.0,0.0,0.1,0.0,0.0,False,50
SGCZ,0.01,0,0,0,19.0,19.0,19.0,0.0,0.0,0.1,0.0,0.0,0.0,0.0,0.0,0.0,0.0,0.0,0.0,0.1,0.0,0.0,False,50
SLC35D1,0.01,0,0,0,19.0,19.0,19.0,1.0,0.0,0.0,0.1,0.0,0.0,0.0,0.0,0.0,0.0,0.0,0.0,0.0,0.0,0.0,False,50
STAP2,0.01,0,0,0,19.0,19.0,19.0,1.0,0.0,0.0,0.0,0.0,0.0,0.0,0.0,0.1,0.0,0.0,0.0,0.0,0.0,0.0,False,50
LCORL,0.01,0,0,0,20.0,20.0,20.0,,0.0,0.0,0.0,0.1,0.0,0.0,0.0,0.0,0.0,0.0,0.0,0.0,0.0,0.0,False,50
LOC100507461,0.01,0,0,0,20.0,20.0,20.0,0.0,0.0,0.1,0.0,0.0,0.0,0.0,0.0,0.0,0.0,0.0,0.0,0.0,0.0,0.0,False,50
ABHD15,0.01,0,0,0,21.0,21.0,21.0,,0.0,0.0,0.0,0.1,0.0,0.0,0.0,0.0,0.0,0.0,0.0,0.0,0.0,0.0,False,50
ATP13A4-AS1,0.01,0,0,0,21.0,21.0,21.0,0.0,0.0,0.0,0.0,0.1,0.0,0.0,0.0,0.0,0.0,0.0,0.0,0.4,0.0,0.0,False,50
CCDC27,0.01,0,0,0,21.0,21.0,21.0,0.0,0.0,0.1,0.0,0.0,0.0,0.0,0.0,0.0,0.0,0.0,0.0,0.0,0.0,0.0,False,50
CXCL6,0.01,0,0,0,21.0,21.0,21.0,0.0,0.0,0.1,0.0,0.0,0.0,0.0,0.0,0.0,0.0,0.0,0.0,0.1,0.0,0.0,False,50
FBXL22,0.01,0,0,0,21.0,21.0,21.0,0.0,0.0,0.1,0.0,0.0,0.0,0.0,0.0,0.0,0.0,0.0,0.0,0.1,0.0,0.0,False,50
LOC100130331,0.01,0,0,0,21.0,21.0,21.0,,0.0,0.0,0.0,0.1,0.0,0.0,0.0,0.0,0.0,0.0,0.0,0.0,0.0,0.0,False,50
LOC100422526,0.01,0,0,0,21.0,21.0,21.0,,0.0,0.0,0.0,0.1,0.0,0.0,0.0,0.0,0.0,0.0,0.0,0.0,0.0,0.0,False,50
LOC101927650,0.01,0,0,0,21.0,21.0,21.0,,0.0,0.0,0.0,0.1,0.0,0.0,0.0,0.0,0.0,0.0,0.0,0.0,0.0,0.0,False,50
PROK2,0.01,0,0,0,21.0,21.0,21.0,0.0,0.0,0.1,0.0,0.0,0.0,0.0,0.0,0.0,0.0,0.0,0.0,0.2,0.0,0.0,False,50
SPATA13,0.01,0,0,0,21.0,21.0,21.0,0.0,0.0,0.0,0.0,0.0,0.0,0.1,0.0,0.0,0.0,0.0,0.0,0.0,0.0,0.0,False,50
SPATA8,0.01,0,0,0,21.0,21.0,21.0,,0.0,0.0,0.0,0.1,0.0,0.0,0.0,0.0,0.0,0.0,0.0,0.0,0.0,0.0,False,50
ACSM3,0.01,0,0,0,22.0,22.0,22.0,0.0,0.0,0.0,0.0,0.1,0.0,0.0,0.0,0.0,0.0,0.0,0.0,0.7,0.0,0.0,False,50
LOC100507311,0.01,0,0,0,22.0,22.0,22.0,,0.0,0.0,0.0,0.1,0.0,0.0,0.0,0.0,0.0,0.0,0.0,0.0,0.0,0.0,False,50
LOC102724938,0.01,0,0,0,22.0,22.0,22.0,0.0,0.0,0.1,0.0,0.0,0.0,0.0,0.0,0.0,0.0,0.0,0.0,0.2,0.0,0.0,False,50
RAB30-AS1,0.01,0,0,0,22.0,22.0,22.0,0.0,0.0,0.0,0.1,0.0,0.0,0.0,0.0,0.0,0.0,0.0,0.0,0.0,0.0,0.0,False,50
SERPINE2,0.01,0,0,0,22.0,22.0,22.0,0.0,0.0,0.0,0.1,0.0,0.0,0.0,0.0,0.0,0.0,0.0,0.0,0.0,0.0,0.0,False,50
TSC22D4,0.01,0,0,0,22.0,22.0,22.0,,0.0,0.0,0.0,0.1,0.0,0.0,0.0,0.0,0.0,0.0,0.0,0.0,0.0,0.0,False,50
ACVR2A,0.01,0,0,0,23.0,23.0,23.0,1.0,0.0,0.0,0.1,0.0,0.0,0.0,0.0,0.0,0.0,0.0,0.0,0.0,0.0,0.0,False,50
ADAM12,0.01,0,0,0,23.0,23.0,23.0,1.0,0.0,0.0,0.1,0.0,0.0,0.0,0.0,0.0,0.0,0.0,0.0,0.0,0.0,0.0,False,50
CHD4,0.01,0,0,0,23.0,23.0,23.0,,0.0,0.0,0.0,0.1,0.0,0.0,0.0,0.0,0.0,0.0,0.0,0.0,0.0,0.0,False,50
IQGAP3,0.01,0,0,0,23.0,23.0,23.0,1.0,0.2,0.0,0.1,0.0,0.0,0.0,0.0,0.0,0.0,0.0,0.0,0.0,0.0,0.2,False,50
LOC284865,0.01,0,0,0,23.0,23.0,23.0,0.0,0.0,0.1,0.0,0.0,0.0,0.0,0.0,0.0,0.0,0.0,0.0,0.0,0.0,0.0,False,50
TDRD5,0.01,0,0,0,23.0,23.0,23.0,,0.0,0.0,0.0,0.1,0.0,0.0,0.0,0.0,0.0,0.0,0.0,0.0,0.0,0.0,False,50
CALCRL,0.01,0,0,0,24.0,24.0,24.0,1.0,0.0,0.0,0.0,0.0,0.0,0.0,0.0,0.1,0.0,0.0,0.0,0.0,0.0,0.0,False,50
HS3ST3B1,0.01,0,0,0,24.0,24.0,24.0,,0.0,0.0,0.0,0.1,0.0,0.0,0.0,0.0,0.0,0.0,0.0,0.0,0.0,0.0,False,50
LOC653581,0.01,0,0,0,24.0,24.0,24.0,0.0,0.0,0.0,0.0,0.1,0.0,0.0,0.0,0.0,0.0,0.0,0.0,0.1,0.0,0.0,False,50
MSTN,0.01,0,0,0,24.0,24.0,24.0,,0.0,0.0,0.0,0.1,0.0,0.0,0.0,0.0,0.0,0.0,0.0,0.0,0.0,0.0,False,50
RASL11B,0.01,0,0,0,24.0,24.0,24.0,1.0,0.0,0.0,0.1,0.0,0.0,0.0,0.0,0.0,0.0,0.0,0.0,0.0,0.0,0.0,False,50
RGCC,0.01,0,0,0,24.0,24.0,24.0,1.0,0.0,0.0,0.0,0.0,0.0,0.0,0.0,0.1,0.0,0.0,0.0,0.0,0.0,0.0,False,50
VCAN,0.01,0,0,0,24.0,24.0,24.0,0.0,0.0,0.0,0.1,0.0,0.0,0.0,0.0,0.0,0.0,0.0,0.0,0.0,0.0,0.0,False,50
WIF1,0.01,0,0,0,24.0,24.0,24.0,,0.0,0.0,0.0,0.1,0.0,0.0,0.0,0.0,0.0,0.0,0.0,0.0,0.0,0.0,False,50
CATSPER1,0.01,0,0,0,25.0,25.0,25.0,,0.0,0.0,0.0,0.1,0.0,0.0,0.0,0.0,0.0,0.0,0.0,0.0,0.0,0.0,False,50
LOC728353,0.01,0,0,0,25.0,25.0,25.0,0.0,0.0,0.1,0.0,0.0,0.0,0.0,0.0,0.0,0.0,0.0,0.0,0.0,0.0,0.0,False,50
SIK2,0.01,0,0,0,25.0,25.0,25.0,1.0,0.0,0.0,0.0,0.0,0.0,0.0,0.0,0.1,0.0,0.0,0.0,0.0,0.0,0.0,False,50
TMEM221,0.01,0,0,0,25.0,25.0,25.0,0.0,0.0,0.1,0.0,0.0,0.0,0.0,0.0,0.0,0.0,0.0,0.0,0.1,0.0,0.0,False,50
TMEM97,0.01,0,0,0,25.0,25.0,25.0,,0.0,0.0,0.0,0.0,0.0,0.0,0.0,0.0,0.1,0.0,0.0,0.0,0.0,0.0,False,50
ATP6,0.01,0,0,0,26.0,26.0,26.0,,0.0,0.0,0.0,0.1,0.0,0.0,0.0,0.0,0.0,0.0,0.0,0.0,0.0,0.0,False,50
COBLL1,0.01,0,0,0,26.0,26.0,26.0,0.0,0.0,0.0,0.1,0.0,0.0,0.0,0.0,0.0,0.0,0.0,0.0,0.0,0.0,0.0,False,50
LOC101928673,0.01,0,0,0,26.0,26.0,26.0,,0.0,0.0,0.0,0.1,0.0,0.0,0.0,0.0,0.0,0.0,0.0,0.0,0.0,0.0,False,50
LOC285889,0.01,0,0,0,26.0,26.0,26.0,0.0,0.0,0.1,0.0,0.0,0.0,0.0,0.0,0.0,0.0,0.0,0.0,0.0,0.0,0.0,False,50
SORD,0.01,0,0,0,26.0,26.0,26.0,1.0,0.0,0.0,0.0,0.0,0.0,0.1,0.0,0.0,0.0,0.0,0.0,0.0,0.0,0.0,False,50
ZFP37,0.01,0,0,0,26.0,26.0,26.0,,0.0,0.0,0.0,0.1,0.0,0.0,0.0,0.0,0.0,0.0,0.0,0.0,0.0,0.0,False,50
A1CF,0.01,0,0,0,27.0,27.0,27.0,,0.0,0.0,0.0,0.1,0.0,0.0,0.0,0.0,0.0,0.0,0.0,0.0,0.0,0.0,False,50
CIB2,0.01,0,0,0,27.0,27.0,27.0,1.0,0.0,0.0,0.1,0.0,0.0,0.0,0.0,0.0,0.0,0.0,0.0,0.0,0.0,0.0,False,50
ITGAX,0.01,0,0,0,27.0,27.0,27.0,,0.0,0.0,0.0,0.1,0.0,0.0,0.0,0.0,0.0,0.0,0.0,0.0,0.0,0.0,False,50
LCAL1,0.01,0,0,0,27.0,27.0,27.0,,0.0,0.0,0.0,0.1,0.0,0.0,0.0,0.0,0.0,0.0,0.0,0.0,0.0,0.0,False,50
SPERT,0.01,0,0,0,27.0,27.0,27.0,0.0,0.0,0.1,0.0,0.0,0.0,0.0,0.0,0.0,0.0,0.0,0.0,0.0,0.0,0.0,False,50
SULF2,0.01,0,0,0,27.0,27.0,27.0,1.0,0.0,0.0,0.1,0.0,0.0,0.0,0.0,0.0,0.0,0.0,0.0,0.0,0.0,0.0,False,50
B3GALNT1,0.01,0,0,0,28.0,28.0,28.0,,0.0,0.0,0.0,0.0,0.0,0.0,0.0,0.0,0.1,0.0,0.0,0.0,0.0,0.0,False,50
C11orf54,0.01,0,0,0,28.0,28.0,28.0,,0.0,0.0,0.0,0.1,0.0,0.0,0.0,0.0,0.0,0.0,0.0,0.0,0.0,0.0,False,50
CALM1,0.01,0,0,0,28.0,28.0,28.0,0.0,0.0,0.1,0.0,0.0,0.0,0.0,0.0,0.0,0.0,0.0,0.0,0.0,0.0,0.0,False,50
CEP19,0.01,0,0,0,28.0,28.0,28.0,1.0,0.0,0.0,0.1,0.0,0.0,0.0,0.0,0.0,0.0,0.0,0.0,0.0,0.0,0.0,False,50
LOC101930370,0.01,0,0,0,28.0,28.0,28.0,,0.0,0.0,0.0,0.1,0.0,0.0,0.0,0.0,0.0,0.0,0.0,0.0,0.0,0.0,False,50
PAX8-AS1,0.01,0,0,0,28.0,28.0,28.0,0.0,0.0,0.0,0.1,0.0,0.0,0.0,0.0,0.0,0.0,0.0,0.0,0.0,0.0,0.0,False,50
SLC12A7,0.01,0,0,0,28.0,28.0,28.0,,0.0,0.0,0.0,0.0,0.0,0.0,0.0,0.0,0.1,0.0,0.0,0.0,0.0,0.0,False,50
SUCLG1,0.01,0,0,0,28.0,28.0,28.0,1.0,0.0,0.0,0.0,0.0,0.0,0.0,0.0,0.1,0.0,0.0,0.0,0.0,0.0,0.0,False,50
TM7SF2,0.01,0,0,0,28.0,28.0,28.0,0.0,0.0,0.0,0.1,0.0,0.0,0.0,0.0,0.0,0.0,0.0,0.0,0.0,0.0,0.0,False,50
TNFSF15,0.01,0,0,0,28.0,28.0,28.0,0.0,0.0,0.0,0.1,0.0,0.0,0.0,0.0,0.0,0.0,0.0,0.0,0.0,0.0,0.0,False,50
ZNF385B,0.01,0,0,0,28.0,28.0,28.0,,0.0,0.0,0.0,0.1,0.0,0.0,0.0,0.0,0.0,0.0,0.0,0.0,0.0,0.0,False,50
FARSA,0.01,0,0,0,29.0,29.0,29.0,,0.0,0.0,0.0,0.0,0.0,0.0,0.0,0.0,0.1,0.0,0.0,0.0,0.0,0.0,False,50
KDF1,0.01,0,0,0,29.0,29.0,29.0,,0.0,0.0,0.0,0.0,0.0,0.0,0.0,0.0,0.1,0.0,0.0,0.0,0.0,0.0,False,50
LINC00445,0.01,0,0,0,29.0,29.0,29.0,0.0,0.0,0.0,0.0,0.1,0.0,0.0,0.0,0.0,0.0,0.0,0.0,0.5,0.0,0.0,False,50
LOC100133461,0.01,0,0,0,29.0,29.0,29.0,0.0,0.0,0.1,0.0,0.0,0.0,0.0,0.0,0.0,0.0,0.0,0.0,0.1,0.0,0.0,False,50
LRP1B,0.01,0,0,0,29.0,29.0,29.0,1.0,0.0,0.0,0.0,0.0,0.0,0.1,0.0,0.0,0.0,0.0,0.0,0.0,0.0,0.0,False,50
LZTS3,0.01,0,0,0,29.0,29.0,29.0,,0.0,0.0,0.0,0.1,0.0,0.0,0.0,0.0,0.0,0.0,0.0,0.0,0.0,0.0,False,50
PBLD,0.01,0,0,0,29.0,29.0,29.0,0.0,0.0,0.0,0.1,0.0,0.0,0.0,0.0,0.0,0.0,0.0,0.0,0.0,0.0,0.0,False,50
RBM20,0.01,0,0,0,29.0,29.0,29.0,,0.0,0.0,0.0,0.1,0.0,0.0,0.0,0.0,0.0,0.0,0.0,0.0,0.0,0.0,False,50
SERPINA3,0.01,0,0,0,29.0,29.0,29.0,0.0,0.0,0.0,0.1,0.0,0.0,0.0,0.0,0.0,0.0,0.0,0.0,0.0,0.0,0.0,False,50
C14orf180,0.01,0,0,0,30.0,30.0,30.0,0.5,0.0,0.0,0.0,0.0,0.0,0.0,0.0,0.1,0.0,0.0,0.0,0.1,0.0,0.0,False,50
CES5A,0.01,0,0,0,30.0,30.0,30.0,0.0,0.0,0.1,0.0,0.0,0.0,0.0,0.0,0.0,0.0,0.0,0.0,0.0,0.0,0.0,False,50
CWC22,0.01,0,0,0,30.0,30.0,30.0,1.0,0.0,0.0,0.1,0.0,0.0,0.0,0.0,0.0,0.0,0.0,0.0,0.0,0.0,0.0,False,50
FIG4,0.01,0,0,0,30.0,30.0,30.0,,0.0,0.0,0.0,0.1,0.0,0.0,0.0,0.0,0.0,0.0,0.0,0.0,0.0,0.0,False,50
GINS4,0.01,0,0,0,30.0,30.0,30.0,,0.0,0.0,0.0,0.1,0.0,0.0,0.0,0.0,0.0,0.0,0.0,0.0,0.0,0.0,False,50
HS3ST3A1,0.01,0,0,0,30.0,30.0,30.0,,0.0,0.0,0.0,0.1,0.0,0.0,0.0,0.0,0.0,0.0,0.0,0.0,0.0,0.0,False,50
IBA57-AS1,0.01,0,0,0,30.0,30.0,30.0,0.0,0.0,0.1,0.0,0.0,0.0,0.0,0.0,0.0,0.0,0.0,0.0,0.0,0.0,0.0,False,50
KIR2DS4,0.01,0,0,0,30.0,30.0,30.0,,0.0,0.0,0.0,0.1,0.0,0.0,0.0,0.0,0.0,0.0,0.0,0.0,0.0,0.0,False,50
LINC00616,0.01,0,0,0,30.0,30.0,30.0,0.0,0.0,0.1,0.0,0.0,0.0,0.0,0.0,0.0,0.0,0.0,0.0,0.1,0.0,0.0,False,50
PER4,0.01,0,0,0,30.0,30.0,30.0,0.0,0.0,0.1,0.0,0.0,0.0,0.0,0.0,0.0,0.0,0.0,0.0,0.0,0.0,0.0,False,50
SLC35C1,0.01,0,0,0,30.0,30.0,30.0,,0.0,0.0,0.0,0.1,0.0,0.0,0.0,0.0,0.0,0.0,0.0,0.0,0.0,0.0,False,50
ZNF689,0.01,0,0,0,30.0,30.0,30.0,,0.0,0.0,0.0,0.1,0.0,0.0,0.0,0.0,0.0,0.0,0.0,0.0,0.0,0.0,False,50
FAM118A,0.01,0,0,0,31.0,31.0,31.0,0.0,0.0,0.0,0.1,0.0,0.0,0.0,0.0,0.0,0.0,0.0,0.0,0.0,0.0,0.0,False,50
FOXF1,0.01,0,0,0,31.0,31.0,31.0,,0.0,0.0,0.0,0.1,0.0,0.0,0.0,0.0,0.0,0.0,0.0,0.0,0.0,0.0,False,50
KIAA1614-AS1,0.01,0,0,0,31.0,31.0,31.0,,0.0,0.0,0.0,0.1,0.0,0.0,0.0,0.0,0.0,0.0,0.0,0.0,0.0,0.0,False,50
KRT76,0.01,0,0,0,31.0,31.0,31.0,0.0,0.0,0.1,0.0,0.0,0.0,0.0,0.0,0.0,0.0,0.0,0.0,0.0,0.0,0.0,False,50
LINC01119,0.01,0,0,0,31.0,31.0,31.0,,0.0,0.0,0.0,0.1,0.0,0.0,0.0,0.0,0.0,0.0,0.0,0.0,0.0,0.0,False,50
LOC100288238,0.01,0,0,0,31.0,31.0,31.0,,0.0,0.0,0.0,0.1,0.0,0.0,0.0,0.0,0.0,0.0,0.0,0.0,0.0,0.0,False,50
NPNT,0.01,0,0,0,31.0,31.0,31.0,1.0,0.0,0.0,0.1,0.0,0.0,0.0,0.0,0.0,0.0,0.0,0.0,0.0,0.0,0.0,False,50
RACGAP1,0.01,0,0,0,31.0,31.0,31.0,0.5,0.1,0.0,0.1,0.0,0.0,0.0,0.0,0.0,0.0,0.0,0.0,0.0,0.0,0.1,False,50
TBX15,0.01,0,0,0,31.0,31.0,31.0,1.0,0.0,0.0,0.0,0.0,0.0,0.0,0.0,0.1,0.0,0.0,0.0,0.0,0.0,0.0,False,50
ZNF367,0.01,0,0,0,31.0,31.0,31.0,0.0,0.0,0.0,0.1,0.0,0.0,0.0,0.0,0.0,0.0,0.0,0.0,0.0,0.0,0.0,False,50
BICD1,0.01,0,0,0,32.0,32.0,32.0,0.0,0.0,0.0,0.1,0.0,0.0,0.0,0.0,0.0,0.0,0.0,0.0,0.0,0.0,0.0,False,50
CHMP4C,0.01,0,0,0,32.0,32.0,32.0,1.0,0.0,0.0,0.0,0.0,0.0,0.1,0.0,0.0,0.0,0.0,0.0,0.0,0.0,0.0,False,50
FAM13A,0.01,0,0,0,32.0,32.0,32.0,,0.0,0.0,0.0,0.0,0.0,0.0,0.0,0.0,0.1,0.0,0.0,0.0,0.0,0.0,False,50
GPATCH11,0.01,0,0,0,32.0,32.0,32.0,0.0,0.0,0.0,0.0,0.0,0.0,0.1,0.0,0.0,0.0,0.0,0.0,0.0,0.0,0.0,False,50
GPR137B,0.01,0,0,0,32.0,32.0,32.0,,0.0,0.0,0.0,0.1,0.0,0.0,0.0,0.0,0.0,0.0,0.0,0.0,0.0,0.0,False,50
IFI6,0.01,0,0,0,32.0,32.0,32.0,0.0,0.0,0.0,0.1,0.0,0.0,0.0,0.0,0.0,0.0,0.0,0.0,0.0,0.0,0.0,False,50
LSM6,0.01,0,0,0,32.0,32.0,32.0,1.0,0.0,0.0,0.0,0.0,0.0,0.0,0.0,0.1,0.0,0.0,0.0,0.0,0.0,0.0,False,50
MRPL2,0.01,0,0,0,32.0,32.0,32.0,1.0,0.0,0.0,0.1,0.0,0.0,0.0,0.0,0.0,0.0,0.0,0.0,0.0,0.0,0.0,False,50
MYO9B,0.01,0,0,0,32.0,32.0,32.0,,0.0,0.0,0.0,0.1,0.0,0.0,0.0,0.0,0.0,0.0,0.0,0.0,0.0,0.0,False,50
NAA40,0.01,0,0,0,32.0,32.0,32.0,1.0,0.0,0.0,0.1,0.0,0.0,0.0,0.0,0.0,0.0,0.0,0.0,0.0,0.0,0.0,False,50
PDE3B,0.01,0,0,0,32.0,32.0,32.0,1.0,0.0,0.0,0.0,0.0,0.0,0.0,0.0,0.1,0.0,0.0,0.0,0.0,0.0,0.0,False,50
SLC16A2,0.01,0,0,0,32.0,32.0,32.0,1.0,0.0,0.0,0.0,0.0,0.0,0.1,0.0,0.0,0.0,0.0,0.0,0.0,0.0,0.0,False,50
SMARCB1,0.01,0,0,0,32.0,32.0,32.0,,0.0,0.0,0.0,0.1,0.0,0.0,0.0,0.0,0.0,0.0,0.0,0.0,0.0,0.0,False,50
SULT1A2,0.01,0,0,0,32.0,32.0,32.0,,0.0,0.0,0.0,0.1,0.0,0.0,0.0,0.0,0.0,0.0,0.0,0.0,0.0,0.0,False,50
TRIM40,0.01,0,0,0,32.0,32.0,32.0,0.0,0.0,0.0,0.0,0.1,0.0,0.0,0.0,0.0,0.0,0.0,0.0,0.1,0.0,0.0,False,50
AKR1C1,0.01,0,0,0,33.0,33.0,33.0,0.3333333333333333,0.2,0.0,0.0,0.0,0.0,0.0,0.0,0.1,0.0,0.0,0.0,0.0,0.0,0.2,False,50
COL18A1,0.01,0,0,0,33.0,33.0,33.0,1.0,0.0,0.0,0.1,0.0,0.0,0.0,0.0,0.0,0.0,0.0,0.0,0.0,0.0,0.0,False,50
FCGBP,0.01,0,0,0,33.0,33.0,33.0,,0.0,0.0,0.0,0.1,0.0,0.0,0.0,0.0,0.0,0.0,0.0,0.0,0.0,0.0,False,50
LCE2B,0.01,0,0,0,33.0,33.0,33.0,0.0,0.0,0.1,0.0,0.0,0.0,0.0,0.0,0.0,0.0,0.0,0.0,0.0,0.0,0.0,False,50
LOC101930097,0.01,0,0,0,33.0,33.0,33.0,,0.0,0.0,0.0,0.1,0.0,0.0,0.0,0.0,0.0,0.0,0.0,0.0,0.0,0.0,False,50
NR0B2,0.01,0,0,0,33.0,33.0,33.0,0.0,0.0,0.1,0.0,0.0,0.0,0.0,0.0,0.0,0.0,0.0,0.0,0.0,0.0,0.0,False,50
OLR1,0.01,0,0,0,33.0,33.0,33.0,,0.0,0.0,0.0,0.1,0.0,0.0,0.0,0.0,0.0,0.0,0.0,0.0,0.0,0.0,False,50
PGLYRP2,0.01,0,0,0,33.0,33.0,33.0,,0.0,0.0,0.0,0.1,0.0,0.0,0.0,0.0,0.0,0.0,0.0,0.0,0.0,0.0,False,50
PKIB,0.01,0,0,0,33.0,33.0,33.0,1.0,0.0,0.0,0.0,0.0,0.0,0.1,0.0,0.0,0.0,0.0,0.0,0.0,0.0,0.0,False,50
AIFM2,0.01,0,0,0,34.0,34.0,34.0,0.0,0.0,0.0,0.0,0.0,0.0,0.1,0.0,0.0,0.0,0.0,0.0,0.0,0.1,0.0,False,50
CSN1S1,0.01,0,0,0,34.0,34.0,34.0,,0.0,0.0,0.0,0.0,0.0,0.0,0.0,0.0,0.1,0.0,0.0,0.0,0.0,0.0,False,50
FABP5,0.01,0,0,0,34.0,34.0,34.0,0.0,0.2,0.0,0.0,0.0,0.0,0.0,0.0,0.0,0.1,0.0,0.0,0.0,0.0,0.2,False,50
GPT2,0.01,0,0,0,34.0,34.0,34.0,,0.0,0.0,0.0,0.1,0.0,0.0,0.0,0.0,0.0,0.0,0.0,0.0,0.0,0.0,False,50
LOC728730,0.01,0,0,0,34.0,34.0,34.0,1.0,0.0,0.0,0.1,0.0,0.0,0.0,0.0,0.0,0.0,0.0,0.0,0.0,0.0,0.0,False,50
MIR142,0.01,0,0,0,34.0,34.0,34.0,,0.0,0.0,0.0,0.1,0.0,0.0,0.0,0.0,0.0,0.0,0.0,0.0,0.0,0.0,False,50
OPRL1,0.01,0,0,0,34.0,34.0,34.0,0.0,0.0,0.1,0.0,0.0,0.0,0.0,0.0,0.0,0.0,0.0,0.0,0.0,0.0,0.0,False,50
TLX1NB,0.01,0,0,0,34.0,34.0,34.0,,0.0,0.0,0.0,0.1,0.0,0.0,0.0,0.0,0.0,0.0,0.0,0.0,0.0,0.0,False,50
TOR3A,0.01,0,0,0,34.0,34.0,34.0,1.0,0.0,0.0,0.1,0.0,0.0,0.0,0.0,0.0,0.0,0.0,0.0,0.0,0.0,0.0,False,50
VGLL4,0.01,0,0,0,34.0,34.0,34.0,1.0,0.0,0.0,0.0,0.0,0.0,0.1,0.0,0.0,0.0,0.0,0.0,0.0,0.0,0.0,False,50
ARHGAP20,0.01,0,0,0,35.0,35.0,35.0,0.0,0.0,0.0,0.0,0.0,0.0,0.0,0.1,0.0,0.0,0.0,0.0,0.0,0.1,0.0,False,50
CFHR2,0.01,0,0,0,35.0,35.0,35.0,0.0,0.0,0.1,0.0,0.0,0.0,0.0,0.0,0.0,0.0,0.0,0.0,0.0,0.0,0.0,False,50
CSTF3-AS1,0.01,0,0,0,35.0,35.0,35.0,,0.0,0.0,0.0,0.1,0.0,0.0,0.0,0.0,0.0,0.0,0.0,0.0,0.0,0.0,False,50
FAM149A,0.01,0,0,0,35.0,35.0,35.0,1.0,0.0,0.0,0.1,0.0,0.0,0.0,0.0,0.0,0.0,0.0,0.0,0.0,0.0,0.0,False,50
FAM169B,0.01,0,0,0,35.0,35.0,35.0,,0.0,0.0,0.0,0.1,0.0,0.0,0.0,0.0,0.0,0.0,0.0,0.0,0.0,0.0,False,50
FOXN3,0.01,0,0,0,35.0,35.0,35.0,,0.0,0.0,0.0,0.0,0.0,0.0,0.0,0.0,0.1,0.0,0.0,0.0,0.0,0.0,False,50
LOC100653086,0.01,0,0,0,35.0,35.0,35.0,0.0,0.0,0.0,0.0,0.0,0.1,0.0,0.0,0.0,0.0,0.0,0.0,0.1,0.1,0.0,False,50
LOC105374428,0.01,0,0,0,35.0,35.0,35.0,0.0,0.0,0.1,0.0,0.0,0.0,0.0,0.0,0.0,0.0,0.0,0.0,0.0,0.0,0.0,False,50
MRPL1,0.01,0,0,0,35.0,35.0,35.0,0.0,0.0,0.0,0.1,0.0,0.0,0.0,0.0,0.0,0.0,0.0,0.0,0.0,0.0,0.0,False,50
SHISA6,0.01,0,0,0,35.0,35.0,35.0,,0.0,0.0,0.0,0.1,0.0,0.0,0.0,0.0,0.0,0.0,0.0,0.0,0.0,0.0,False,50
SLC19A3,0.01,0,0,0,35.0,35.0,35.0,0.0,0.0,0.0,0.0,0.0,0.0,0.0,0.1,0.0,0.0,0.0,0.0,0.1,0.1,0.0,False,50
ARHGEF40,0.01,0,0,0,36.0,36.0,36.0,1.0,0.0,0.0,0.0,0.0,0.0,0.0,0.0,0.1,0.0,0.0,0.0,0.0,0.0,0.0,False,50
ATP12A,0.01,0,0,0,36.0,36.0,36.0,0.0,0.0,0.1,0.0,0.0,0.0,0.0,0.0,0.0,0.0,0.0,0.0,0.0,0.0,0.0,False,50
DNMT3B,0.01,0,0,0,36.0,36.0,36.0,,0.0,0.0,0.0,0.0,0.0,0.0,0.0,0.0,0.1,0.0,0.0,0.0,0.0,0.0,False,50
F12,0.01,0,0,0,36.0,36.0,36.0,1.0,0.6,0.0,0.1,0.0,0.0,0.0,0.0,0.0,0.0,0.0,0.0,0.0,0.0,0.6,False,50
GAS5,0.01,0,0,0,36.0,36.0,36.0,,0.0,0.0,0.0,0.1,0.0,0.0,0.0,0.0,0.0,0.0,0.0,0.0,0.0,0.0,False,50
KDELC1,0.01,0,0,0,36.0,36.0,36.0,0.0,0.0,0.0,0.1,0.0,0.0,0.0,0.0,0.0,0.0,0.0,0.0,0.0,0.0,0.0,False,50
KIF4A,0.01,0,0,0,36.0,36.0,36.0,1.0,0.1,0.0,0.0,0.0,0.0,0.0,0.0,0.0,0.1,0.0,0.0,0.0,0.0,0.1,False,50
MDM2,0.01,0,0,0,36.0,36.0,36.0,,0.0,0.0,0.0,0.1,0.0,0.0,0.0,0.0,0.0,0.0,0.0,0.0,0.0,0.0,False,50
NAALADL1,0.01,0,0,0,36.0,36.0,36.0,1.0,0.0,0.0,0.1,0.0,0.0,0.0,0.0,0.0,0.0,0.0,0.0,0.0,0.0,0.0,False,50
NPR3,0.01,0,0,0,36.0,36.0,36.0,1.0,0.0,0.0,0.0,0.0,0.0,0.0,0.0,0.1,0.0,0.0,0.0,0.0,0.0,0.0,False,50
PCNX4,0.01,0,0,0,36.0,36.0,36.0,,0.0,0.0,0.0,0.1,0.0,0.0,0.0,0.0,0.0,0.0,0.0,0.0,0.0,0.0,False,50
SIX4,0.01,0,0,0,36.0,36.0,36.0,1.0,0.0,0.0,0.1,0.0,0.0,0.0,0.0,0.0,0.0,0.0,0.0,0.0,0.0,0.0,False,50
ALOX12P2,0.01,0,0,0,37.0,37.0,37.0,0.0,0.0,0.1,0.0,0.0,0.0,0.0,0.0,0.0,0.0,0.0,0.0,0.0,0.0,0.0,False,50
CCDC105,0.01,0,0,0,37.0,37.0,37.0,,0.0,0.0,0.0,0.1,0.0,0.0,0.0,0.0,0.0,0.0,0.0,0.0,0.0,0.0,False,50
CCDC158,0.01,0,0,0,37.0,37.0,37.0,0.0,0.0,0.1,0.0,0.0,0.0,0.0,0.0,0.0,0.0,0.0,0.0,0.0,0.0,0.0,False,50
CPA2,0.01,0,0,0,37.0,37.0,37.0,0.0,0.0,0.0,0.0,0.0,0.1,0.0,0.0,0.0,0.0,0.0,0.0,0.0,0.1,0.0,False,50
ECT2,0.01,0,0,0,37.0,37.0,37.0,,0.0,0.0,0.0,0.0,0.0,0.0,0.0,0.0,0.1,0.0,0.0,0.0,0.0,0.0,False,50
GPHA2,0.01,0,0,0,37.0,37.0,37.0,0.0,0.0,0.1,0.0,0.0,0.0,0.0,0.0,0.0,0.0,0.0,0.0,0.2,0.0,0.0,False,50
HOXA1,0.01,0,0,0,37.0,37.0,37.0,,0.0,0.0,0.0,0.1,0.0,0.0,0.0,0.0,0.0,0.0,0.0,0.0,0.0,0.0,False,50
LOC153546,0.01,0,0,0,37.0,37.0,37.0,1.0,0.0,0.0,0.1,0.0,0.0,0.0,0.0,0.0,0.0,0.0,0.0,0.0,0.0,0.0,False,50
LPP-AS2,0.01,0,0,0,37.0,37.0,37.0,0.0,0.0,0.0,0.0,0.0,0.1,0.0,0.0,0.0,0.0,0.0,0.0,0.0,0.0,0.0,False,50
PHACTR4,0.01,0,0,0,37.0,37.0,37.0,0.0,0.0,0.0,0.0,0.0,0.0,0.1,0.0,0.0,0.0,0.0,0.0,0.0,0.0,0.0,False,50
PRKCI,0.01,0,0,0,37.0,37.0,37.0,1.0,0.0,0.0,0.1,0.0,0.0,0.0,0.0,0.0,0.0,0.0,0.0,0.0,0.0,0.0,False,50
PRSS35,0.01,0,0,0,37.0,37.0,37.0,,0.0,0.0,0.0,0.1,0.0,0.0,0.0,0.0,0.0,0.0,0.0,0.0,0.0,0.0,False,50
ADGRG5,0.01,0,0,0,38.0,38.0,38.0,,0.0,0.0,0.0,0.1,0.0,0.0,0.0,0.0,0.0,0.0,0.0,0.0,0.0,0.0,False,50
EPPK1,0.01,0,0,0,38.0,38.0,38.0,,0.0,0.0,0.0,0.0,0.0,0.0,0.0,0.0,0.1,0.0,0.0,0.0,0.0,0.0,False,50
FCN2,0.01,0,0,0,38.0,38.0,38.0,0.0,0.0,0.0,0.0,0.1,0.0,0.0,0.0,0.0,0.0,0.0,0.0,0.1,0.0,0.0,False,50
HLA-DOA,0.01,0,0,0,38.0,38.0,38.0,,0.0,0.0,0.0,0.1,0.0,0.0,0.0,0.0,0.0,0.0,0.0,0.0,0.0,0.0,False,50
HOXA4,0.01,0,0,0,38.0,38.0,38.0,0.0,0.0,0.1,0.0,0.0,0.0,0.0,0.0,0.0,0.0,0.0,0.0,0.0,0.0,0.0,False,50
ISCU,0.01,0,0,0,38.0,38.0,38.0,1.0,0.0,0.0,0.0,0.0,0.0,0.0,0.0,0.1,0.0,0.0,0.0,0.0,0.0,0.0,False,50
MAS1L,0.01,0,0,0,38.0,38.0,38.0,0.0,0.0,0.1,0.0,0.0,0.0,0.0,0.0,0.0,0.0,0.0,0.0,0.0,0.0,0.0,False,50
NEK2,0.01,0,0,0,38.0,38.0,38.0,,0.0,0.0,0.0,0.0,0.0,0.0,0.0,0.0,0.1,0.0,0.0,0.0,0.0,0.0,False,50
PKDCC,0.01,0,0,0,38.0,38.0,38.0,0.0,0.0,0.0,0.1,0.0,0.0,0.0,0.0,0.0,0.0,0.0,0.0,0.0,0.0,0.0,False,50
PLCB2,0.01,0,0,0,38.0,38.0,38.0,,0.0,0.0,0.0,0.1,0.0,0.0,0.0,0.0,0.0,0.0,0.0,0.0,0.0,0.0,False,50
SPATA1,0.01,0,0,0,38.0,38.0,38.0,,0.0,0.0,0.0,0.1,0.0,0.0,0.0,0.0,0.0,0.0,0.0,0.0,0.0,0.0,False,50
TMC5,0.01,0,0,0,38.0,38.0,38.0,1.0,0.0,0.0,0.1,0.0,0.0,0.0,0.0,0.0,0.0,0.0,0.0,0.0,0.0,0.0,False,50
AGR2,0.01,0,0,0,39.0,39.0,39.0,1.0,0.0,0.0,0.1,0.0,0.0,0.0,0.0,0.0,0.0,0.0,0.0,0.0,0.0,0.0,False,50
AREG,0.01,0,0,0,39.0,39.0,39.0,,0.0,0.0,0.0,0.1,0.0,0.0,0.0,0.0,0.0,0.0,0.0,0.0,0.0,0.0,False,50
ARMC9,0.01,0,0,0,39.0,39.0,39.0,0.0,0.0,0.0,0.1,0.0,0.0,0.0,0.0,0.0,0.0,0.0,0.0,0.0,0.0,0.0,False,50
GLTSCR1,0.01,0,0,0,39.0,39.0,39.0,,0.0,0.0,0.0,0.0,0.0,0.0,0.0,0.0,0.1,0.0,0.0,0.0,0.0,0.0,False,50
GNRH2,0.01,0,0,0,39.0,39.0,39.0,0.0,0.0,0.1,0.0,0.0,0.0,0.0,0.0,0.0,0.0,0.0,0.0,0.1,0.0,0.0,False,50
ITSN1,0.01,0,0,0,39.0,39.0,39.0,1.0,0.0,0.0,0.0,0.0,0.0,0.0,0.0,0.1,0.0,0.0,0.0,0.0,0.0,0.0,False,50
KPNA2,0.01,0,0,0,39.0,39.0,39.0,,0.0,0.0,0.0,0.0,0.0,0.0,0.0,0.0,0.1,0.0,0.0,0.0,0.0,0.0,False,50
LINC00559,0.01,0,0,0,39.0,39.0,39.0,0.0,0.0,0.1,0.0,0.0,0.0,0.0,0.0,0.0,0.0,0.0,0.0,0.0,0.0,0.0,False,50
LOC101927204,0.01,0,0,0,39.0,39.0,39.0,0.875,0.7,0.0,0.1,0.0,0.0,0.0,0.0,0.0,0.0,0.0,0.0,0.0,0.0,0.7,False,50
LOC102724612,0.01,0,0,0,39.0,39.0,39.0,,0.0,0.0,0.0,0.1,0.0,0.0,0.0,0.0,0.0,0.0,0.0,0.0,0.0,0.0,False,50
NSUN5P1,0.01,0,0,0,39.0,39.0,39.0,,0.0,0.0,0.0,0.1,0.0,0.0,0.0,0.0,0.0,0.0,0.0,0.0,0.0,0.0,False,50
P2RX4,0.01,0,0,0,39.0,39.0,39.0,1.0,0.0,0.0,0.0,0.0,0.0,0.1,0.0,0.0,0.0,0.0,0.0,0.0,0.0,0.0,False,50
RRAS2,0.01,0,0,0,39.0,39.0,39.0,1.0,0.0,0.0,0.0,0.0,0.0,0.0,0.0,0.1,0.0,0.0,0.0,0.0,0.0,0.0,False,50
SOWAHA,0.01,0,0,0,39.0,39.0,39.0,,0.0,0.0,0.0,0.1,0.0,0.0,0.0,0.0,0.0,0.0,0.0,0.0,0.0,0.0,False,50
USP46-AS1,0.01,0,0,0,39.0,39.0,39.0,0.0,0.0,0.0,0.0,0.0,0.1,0.0,0.0,0.0,0.0,0.0,0.0,0.0,0.0,0.0,False,50
ZCWPW1,0.01,0,0,0,39.0,39.0,39.0,0.0,0.0,0.1,0.0,0.0,0.0,0.0,0.0,0.0,0.0,0.0,0.0,0.0,0.0,0.0,False,50
ADHFE1,0.01,0,0,0,40.0,40.0,40.0,1.0,0.0,0.0,0.1,0.0,0.0,0.0,0.0,0.0,0.0,0.0,0.0,0.0,0.0,0.0,False,50
ANK2,0.01,0,0,0,40.0,40.0,40.0,,0.0,0.0,0.0,0.0,0.0,0.0,0.0,0.0,0.1,0.0,0.0,0.0,0.0,0.0,False,50
ANXA1,0.01,0,0,0,40.0,40.0,40.0,1.0,0.0,0.0,0.0,0.0,0.0,0.0,0.0,0.1,0.0,0.0,0.0,0.0,0.0,0.0,False,50
APOL6,0.01,0,0,0,40.0,40.0,40.0,1.0,0.0,0.0,0.0,0.0,0.0,0.1,0.0,0.0,0.0,0.0,0.0,0.0,0.0,0.0,False,50
COL4A3,0.01,0,0,0,40.0,40.0,40.0,,0.0,0.0,0.0,0.1,0.0,0.0,0.0,0.0,0.0,0.0,0.0,0.0,0.0,0.0,False,50
DMRT3,0.01,0,0,0,40.0,40.0,40.0,0.0,0.0,0.1,0.0,0.0,0.0,0.0,0.0,0.0,0.0,0.0,0.0,0.0,0.0,0.0,False,50
FAM69A,0.01,0,0,0,40.0,40.0,40.0,1.0,0.0,0.0,0.1,0.0,0.0,0.0,0.0,0.0,0.0,0.0,0.0,0.0,0.0,0.0,False,50
HELLS,0.01,0,0,0,40.0,40.0,40.0,,0.0,0.0,0.0,0.0,0.0,0.0,0.0,0.0,0.1,0.0,0.0,0.0,0.0,0.0,False,50
MXRA5,0.01,0,0,0,40.0,40.0,40.0,0.0,0.0,0.0,0.1,0.0,0.0,0.0,0.0,0.0,0.0,0.0,0.0,0.0,0.0,0.0,False,50
PAK5,0.01,0,0,0,40.0,40.0,40.0,0.0,0.0,0.1,0.0,0.0,0.0,0.0,0.0,0.0,0.0,0.0,0.0,0.0,0.0,0.0,False,50
PPP1R14B,0.01,0,0,0,40.0,40.0,40.0,,0.0,0.0,0.0,0.0,0.0,0.0,0.0,0.0,0.1,0.0,0.0,0.0,0.0,0.0,False,50
PRSS16,0.01,0,0,0,40.0,40.0,40.0,0.0,0.0,0.0,0.1,0.0,0.0,0.0,0.0,0.0,0.0,0.0,0.0,0.0,0.0,0.0,False,50
SH3D19,0.01,0,0,0,40.0,40.0,40.0,1.0,0.0,0.0,0.0,0.0,0.0,0.0,0.0,0.1,0.0,0.0,0.0,0.0,0.0,0.0,False,50
SLC25A51,0.01,0,0,0,40.0,40.0,40.0,0.0,0.0,0.0,0.1,0.0,0.0,0.0,0.0,0.0,0.0,0.0,0.0,0.0,0.0,0.0,False,50
SOX3,0.01,0,0,0,40.0,40.0,40.0,,0.0,0.0,0.0,0.1,0.0,0.0,0.0,0.0,0.0,0.0,0.0,0.0,0.0,0.0,False,50
TMPRSS11B,0.01,0,0,0,40.0,40.0,40.0,,0.0,0.0,0.0,0.1,0.0,0.0,0.0,0.0,0.0,0.0,0.0,0.0,0.0,0.0,False,50
VIT,0.01,0,0,0,40.0,40.0,40.0,1.0,0.0,0.0,0.0,0.0,0.0,0.1,0.0,0.0,0.0,0.0,0.0,0.0,0.0,0.0,False,50
ZSCAN12,0.01,0,0,0,40.0,40.0,40.0,,0.0,0.0,0.0,0.1,0.0,0.0,0.0,0.0,0.0,0.0,0.0,0.0,0.0,0.0,False,50
C9orf47,0.01,0,0,0,41.0,41.0,41.0,,0.0,0.0,0.0,0.1,0.0,0.0,0.0,0.0,0.0,0.0,0.0,0.0,0.0,0.0,False,50
ITFG2,0.01,0,0,0,41.0,41.0,41.0,,0.0,0.0,0.0,0.1,0.0,0.0,0.0,0.0,0.0,0.0,0.0,0.0,0.0,0.0,False,50
LCN6,0.01,0,0,0,41.0,41.0,41.0,0.0,0.0,0.1,0.0,0.0,0.0,0.0,0.0,0.0,0.0,0.0,0.0,0.0,0.0,0.0,False,50
LDB2,0.01,0,0,0,41.0,41.0,41.0,0.0,0.1,0.0,0.0,0.0,0.0,0.0,0.0,0.0,0.1,0.0,0.0,0.0,0.0,0.1,False,50
LINC01448,0.01,0,0,0,41.0,41.0,41.0,0.0,0.0,0.1,0.0,0.0,0.0,0.0,0.0,0.0,0.0,0.0,0.0,0.0,0.0,0.0,False,50
MAOA,0.01,0,0,0,41.0,41.0,41.0,0.5,0.1,0.0,0.0,0.0,0.0,0.0,0.0,0.1,0.0,0.0,0.0,0.0,0.0,0.1,False,50
MYH9,0.01,0,0,0,41.0,41.0,41.0,0.0,0.0,0.0,0.1,0.0,0.0,0.0,0.0,0.0,0.0,0.0,0.0,0.0,0.0,0.0,False,50
NNMT,0.01,0,0,0,41.0,41.0,41.0,0.5,0.0,0.0,0.1,0.0,0.0,0.0,0.0,0.0,0.0,0.0,0.0,0.1,0.0,0.0,False,50
PLA2G7,0.01,0,0,0,41.0,41.0,41.0,,0.0,0.0,0.0,0.1,0.0,0.0,0.0,0.0,0.0,0.0,0.0,0.0,0.0,0.0,False,50
POLR2J4,0.01,0,0,0,41.0,41.0,41.0,,0.0,0.0,0.0,0.0,0.0,0.0,0.0,0.0,0.1,0.0,0.0,0.0,0.0,0.0,False,50
PUS7,0.01,0,0,0,41.0,41.0,41.0,,0.0,0.0,0.0,0.0,0.0,0.0,0.0,0.0,0.1,0.0,0.0,0.0,0.0,0.0,False,50
SLC44A2,0.01,0,0,0,41.0,41.0,41.0,,0.0,0.0,0.0,0.0,0.0,0.0,0.0,0.0,0.1,0.0,0.0,0.0,0.0,0.0,False,50
ATP7B,0.01,0,0,0,42.0,42.0,42.0,,0.0,0.0,0.0,0.1,0.0,0.0,0.0,0.0,0.0,0.0,0.0,0.0,0.0,0.0,False,50
DNAJC7,0.01,0,0,0,42.0,42.0,42.0,1.0,0.0,0.0,0.1,0.0,0.0,0.0,0.0,0.0,0.0,0.0,0.0,0.0,0.0,0.0,False,50
FAM109B,0.01,0,0,0,42.0,42.0,42.0,0.0,0.0,0.0,0.1,0.0,0.0,0.0,0.0,0.0,0.0,0.0,0.0,0.0,0.0,0.0,False,50
FBXL16,0.01,0,0,0,42.0,42.0,42.0,1.0,1.0,0.0,0.0,0.0,0.0,0.0,0.0,0.0,0.1,0.0,0.0,0.0,0.0,1.0,False,50
HIGD1B,0.01,0,0,0,42.0,42.0,42.0,0.0,0.0,0.0,0.0,0.0,0.0,0.1,0.0,0.0,0.0,0.0,0.0,0.0,0.0,0.0,False,50
HPS3,0.01,0,0,0,42.0,42.0,42.0,1.0,0.0,0.0,0.1,0.0,0.0,0.0,0.0,0.0,0.0,0.0,0.0,0.0,0.0,0.0,False,50
KCTD15,0.01,0,0,0,42.0,42.0,42.0,0.6666666666666666,0.2,0.0,0.1,0.0,0.0,0.0,0.0,0.0,0.0,0.0,0.0,0.0,0.0,0.2,False,50
KDM5B,0.01,0,0,0,42.0,42.0,42.0,,0.0,0.0,0.0,0.0,0.0,0.0,0.0,0.0,0.1,0.0,0.0,0.0,0.0,0.0,False,50
KLHDC7A,0.01,0,0,0,42.0,42.0,42.0,,0.0,0.0,0.0,0.1,0.0,0.0,0.0,0.0,0.0,0.0,0.0,0.0,0.0,0.0,False,50
MRPS22,0.01,0,0,0,42.0,42.0,42.0,,0.0,0.0,0.0,0.1,0.0,0.0,0.0,0.0,0.0,0.0,0.0,0.0,0.0,0.0,False,50
PRO2214,0.01,0,0,0,42.0,42.0,42.0,0.0,0.0,0.1,0.0,0.0,0.0,0.0,0.0,0.0,0.0,0.0,0.0,0.0,0.0,0.0,False,50
SEMA4C,0.01,0,0,0,42.0,42.0,42.0,,0.0,0.0,0.0,0.0,0.0,0.0,0.0,0.0,0.1,0.0,0.0,0.0,0.0,0.0,False,50
CD24,0.01,0,0,0,43.0,43.0,43.0,1.0,0.0,0.0,0.0,0.0,0.0,0.0,0.1,0.0,0.0,0.0,0.0,0.0,0.1,0.0,False,50
DHRS13,0.01,0,0,0,43.0,43.0,43.0,,0.0,0.0,0.0,0.0,0.0,0.0,0.0,0.0,0.1,0.0,0.0,0.0,0.0,0.0,False,50
DISC1,0.01,0,0,0,43.0,43.0,43.0,0.0,0.0,0.1,0.0,0.0,0.0,0.0,0.0,0.0,0.0,0.0,0.0,0.0,0.0,0.0,False,50
LDHAL6A,0.01,0,0,0,43.0,43.0,43.0,,0.0,0.0,0.0,0.1,0.0,0.0,0.0,0.0,0.0,0.0,0.0,0.0,0.0,0.0,False,50
LMNB2,0.01,0,0,0,43.0,43.0,43.0,,0.0,0.0,0.0,0.0,0.0,0.0,0.0,0.0,0.1,0.0,0.0,0.0,0.0,0.0,False,50
MAK,0.01,0,0,0,43.0,43.0,43.0,,0.0,0.0,0.0,0.1,0.0,0.0,0.0,0.0,0.0,0.0,0.0,0.0,0.0,0.0,False,50
MUC1,0.01,0,0,0,43.0,43.0,43.0,0.0,0.0,0.0,0.1,0.0,0.0,0.0,0.0,0.0,0.0,0.0,0.0,0.0,0.0,0.0,False,50
NUSAP1,0.01,0,0,0,43.0,43.0,43.0,1.0,0.2,0.0,0.0,0.0,0.0,0.0,0.0,0.1,0.0,0.0,0.0,0.0,0.0,0.2,False,50
SNX21,0.01,0,0,0,43.0,43.0,43.0,1.0,0.0,0.0,0.0,0.0,0.0,0.0,0.0,0.1,0.0,0.0,0.0,0.0,0.0,0.0,False,50
SPINT2,0.01,0,0,0,43.0,43.0,43.0,,0.0,0.0,0.0,0.0,0.0,0.0,0.1,0.0,0.0,0.0,0.0,0.0,0.0,0.0,False,50
SYMPK,0.01,0,0,0,43.0,43.0,43.0,,0.0,0.0,0.0,0.0,0.0,0.0,0.0,0.0,0.1,0.0,0.0,0.0,0.0,0.0,False,50
EEF1AKMT1,0.01,0,0,0,44.0,44.0,44.0,1.0,0.0,0.0,0.1,0.0,0.0,0.0,0.0,0.0,0.0,0.0,0.0,0.0,0.0,0.0,False,50
ETFA,0.01,0,0,0,44.0,44.0,44.0,,0.0,0.0,0.0,0.1,0.0,0.0,0.0,0.0,0.0,0.0,0.0,0.0,0.0,0.0,False,50
FAM83C-AS1,0.01,0,0,0,44.0,44.0,44.0,0.0,0.0,0.1,0.0,0.0,0.0,0.0,0.0,0.0,0.0,0.0,0.0,0.1,0.0,0.0,False,50
FGF5,0.01,0,0,0,44.0,44.0,44.0,0.0,0.0,0.1,0.0,0.0,0.0,0.0,0.0,0.0,0.0,0.0,0.0,0.0,0.0,0.0,False,50
GNAI1,0.01,0,0,0,44.0,44.0,44.0,1.0,0.0,0.0,0.0,0.0,0.0,0.0,0.0,0.1,0.0,0.0,0.0,0.0,0.0,0.0,False,50
IFNA10,0.01,0,0,0,44.0,44.0,44.0,0.0,0.0,0.1,0.0,0.0,0.0,0.0,0.0,0.0,0.0,0.0,0.0,0.1,0.0,0.0,False,50
LIG1,0.01,0,0,0,44.0,44.0,44.0,1.0,0.0,0.0,0.0,0.0,0.0,0.0,0.0,0.1,0.0,0.0,0.0,0.0,0.0,0.0,False,50
LOXL1,0.01,0,0,0,44.0,44.0,44.0,1.0,0.0,0.0,0.1,0.0,0.0,0.0,0.0,0.0,0.0,0.0,0.0,0.0,0.0,0.0,False,50
MIAT,0.01,0,0,0,44.0,44.0,44.0,,0.0,0.0,0.0,0.1,0.0,0.0,0.0,0.0,0.0,0.0,0.0,0.0,0.0,0.0,False,50
PCDHGA9,0.01,0,0,0,44.0,44.0,44.0,0.0,0.0,0.0,0.0,0.1,0.0,0.0,0.0,0.0,0.0,0.0,0.0,0.2,0.0,0.0,False,50
PIK3R2,0.01,0,0,0,44.0,44.0,44.0,,0.0,0.0,0.0,0.0,0.0,0.0,0.0,0.0,0.1,0.0,0.0,0.0,0.0,0.0,False,50
PRIM2,0.01,0,0,0,44.0,44.0,44.0,,0.0,0.0,0.0,0.1,0.0,0.0,0.0,0.0,0.0,0.0,0.0,0.0,0.0,0.0,False,50
RAB11B-AS1,0.01,0,0,0,44.0,44.0,44.0,1.0,0.0,0.0,0.1,0.0,0.0,0.0,0.0,0.0,0.0,0.0,0.0,0.0,0.0,0.0,False,50
SMIM3,0.01,0,0,0,44.0,44.0,44.0,1.0,0.0,0.0,0.0,0.0,0.0,0.0,0.0,0.1,0.0,0.0,0.0,0.0,0.0,0.0,False,50
SULF1,0.01,0,0,0,44.0,44.0,44.0,1.0,0.0,0.0,0.1,0.0,0.0,0.0,0.0,0.0,0.0,0.0,0.0,0.0,0.0,0.0,False,50
ACO1,0.01,0,0,0,45.0,45.0,45.0,1.0,0.0,0.0,0.0,0.0,0.0,0.0,0.0,0.1,0.0,0.0,0.0,0.0,0.0,0.0,False,50
ECHDC3,0.01,0,0,0,45.0,45.0,45.0,,0.0,0.0,0.0,0.1,0.0,0.0,0.0,0.0,0.0,0.0,0.0,0.0,0.0,0.0,False,50
HPD,0.01,0,0,0,45.0,45.0,45.0,0.0,0.0,0.0,0.0,0.1,0.0,0.0,0.0,0.0,0.0,0.0,0.0,0.6,0.0,0.0,False,50
HS3ST2,0.01,0,0,0,45.0,45.0,45.0,,0.0,0.0,0.0,0.1,0.0,0.0,0.0,0.0,0.0,0.0,0.0,0.0,0.0,0.0,False,50
LCMT1,0.01,0,0,0,45.0,45.0,45.0,,0.0,0.0,0.0,0.0,0.0,0.0,0.0,0.0,0.1,0.0,0.0,0.0,0.0,0.0,False,50
LINC01103,0.01,0,0,0,45.0,45.0,45.0,,0.0,0.0,0.0,0.1,0.0,0.0,0.0,0.0,0.0,0.0,0.0,0.0,0.0,0.0,False,50
LRRC34,0.01,0,0,0,45.0,45.0,45.0,0.0,0.0,0.0,0.0,0.0,0.0,0.1,0.0,0.0,0.0,0.0,0.0,0.0,0.0,0.0,False,50
MUC6,0.01,0,0,0,45.0,45.0,45.0,,0.0,0.0,0.0,0.1,0.0,0.0,0.0,0.0,0.0,0.0,0.0,0.0,0.0,0.0,False,50
OSR2,0.01,0,0,0,45.0,45.0,45.0,1.0,0.0,0.0,0.1,0.0,0.0,0.0,0.0,0.0,0.0,0.0,0.0,0.0,0.0,0.0,False,50
PTPRJ,0.01,0,0,0,45.0,45.0,45.0,1.0,0.0,0.0,0.1,0.0,0.0,0.0,0.0,0.0,0.0,0.0,0.0,0.0,0.0,0.0,False,50
SEL1L2,0.01,0,0,0,45.0,45.0,45.0,,0.0,0.0,0.0,0.1,0.0,0.0,0.0,0.0,0.0,0.0,0.0,0.0,0.0,0.0,False,50
SUCLA2,0.01,0,0,0,45.0,45.0,45.0,1.0,0.0,0.0,0.0,0.0,0.0,0.0,0.0,0.1,0.0,0.0,0.0,0.0,0.0,0.0,False,50
TPM1,0.01,0,0,0,45.0,45.0,45.0,,0.0,0.0,0.0,0.1,0.0,0.0,0.0,0.0,0.0,0.0,0.0,0.0,0.0,0.0,False,50
UBE2T,0.01,0,0,0,45.0,45.0,45.0,1.0,0.2,0.0,0.0,0.0,0.0,0.0,0.0,0.0,0.1,0.0,0.0,0.0,0.0,0.2,False,50
ADM,0.01,0,0,0,46.0,46.0,46.0,1.0,0.0,0.0,0.1,0.0,0.0,0.0,0.0,0.0,0.0,0.0,0.0,0.0,0.0,0.0,False,50
BMP2K,0.01,0,0,0,46.0,46.0,46.0,,0.0,0.0,0.0,0.1,0.0,0.0,0.0,0.0,0.0,0.0,0.0,0.0,0.0,0.0,False,50
EBLN2,0.01,0,0,0,46.0,46.0,46.0,1.0,0.0,0.0,0.1,0.0,0.0,0.0,0.0,0.0,0.0,0.0,0.0,0.0,0.0,0.0,False,50
HIST1H4D,0.01,0,0,0,46.0,46.0,46.0,0.0,0.0,0.1,0.0,0.0,0.0,0.0,0.0,0.0,0.0,0.0,0.0,0.0,0.0,0.0,False,50
LIG3,0.01,0,0,0,46.0,46.0,46.0,0.0,0.0,0.0,0.1,0.0,0.0,0.0,0.0,0.0,0.0,0.0,0.0,0.0,0.0,0.0,False,50
LOC100506922,0.01,0,0,0,46.0,46.0,46.0,,0.0,0.0,0.0,0.1,0.0,0.0,0.0,0.0,0.0,0.0,0.0,0.0,0.0,0.0,False,50
LOC101929019,0.01,0,0,0,46.0,46.0,46.0,0.0,0.0,0.1,0.0,0.0,0.0,0.0,0.0,0.0,0.0,0.0,0.0,0.0,0.0,0.0,False,50
LOC283435,0.01,0,0,0,46.0,46.0,46.0,,0.0,0.0,0.0,0.1,0.0,0.0,0.0,0.0,0.0,0.0,0.0,0.0,0.0,0.0,False,50
MFSD13A,0.01,0,0,0,46.0,46.0,46.0,,0.0,0.0,0.0,0.1,0.0,0.0,0.0,0.0,0.0,0.0,0.0,0.0,0.0,0.0,False,50
SEMA3A,0.01,0,0,0,46.0,46.0,46.0,0.0,0.0,0.0,0.0,0.0,0.1,0.0,0.0,0.0,0.0,0.0,0.0,0.0,0.0,0.0,False,50
SH3KBP1,0.01,0,0,0,46.0,46.0,46.0,0.0,0.2,0.0,0.0,0.0,0.0,0.0,0.0,0.0,0.1,0.0,0.0,0.0,0.0,0.2,False,50
SHTN1,0.01,0,0,0,46.0,46.0,46.0,,0.0,0.0,0.0,0.1,0.0,0.0,0.0,0.0,0.0,0.0,0.0,0.0,0.0,0.0,False,50
ZIC5,0.01,0,0,0,46.0,46.0,46.0,0.0,0.0,0.1,0.0,0.0,0.0,0.0,0.0,0.0,0.0,0.0,0.0,0.0,0.0,0.0,False,50
ZNF708,0.01,0,0,0,46.0,46.0,46.0,,0.0,0.0,0.0,0.1,0.0,0.0,0.0,0.0,0.0,0.0,0.0,0.0,0.0,0.0,False,50
ALDH1A1,0.01,0,0,0,47.0,47.0,47.0,,0.0,0.0,0.0,0.1,0.0,0.0,0.0,0.0,0.0,0.0,0.0,0.0,0.0,0.0,False,50
DKFZP547J0410,0.01,0,0,0,47.0,47.0,47.0,0.0,0.0,0.1,0.0,0.0,0.0,0.0,0.0,0.0,0.0,0.0,0.0,0.0,0.0,0.0,False,50
DNAJA2,0.01,0,0,0,47.0,47.0,47.0,0.0,0.0,0.0,0.1,0.0,0.0,0.0,0.0,0.0,0.0,0.0,0.0,0.0,0.0,0.0,False,50
GSX1,0.01,0,0,0,47.0,47.0,47.0,,0.0,0.0,0.0,0.1,0.0,0.0,0.0,0.0,0.0,0.0,0.0,0.0,0.0,0.0,False,50
HYKK,0.01,0,0,0,47.0,47.0,47.0,,0.0,0.0,0.0,0.1,0.0,0.0,0.0,0.0,0.0,0.0,0.0,0.0,0.0,0.0,False,50
MARVELD2,0.01,0,0,0,47.0,47.0,47.0,0.0,0.0,0.0,0.0,0.0,0.0,0.1,0.0,0.0,0.0,0.0,0.0,0.0,0.0,0.0,False,50
MCM4,0.01,0,0,0,47.0,47.0,47.0,0.0,0.0,0.0,0.1,0.0,0.0,0.0,0.0,0.0,0.0,0.0,0.0,0.0,0.0,0.0,False,50
NMB,0.01,0,0,0,47.0,47.0,47.0,1.0,0.0,0.0,0.0,0.0,0.0,0.0,0.0,0.1,0.0,0.0,0.0,0.0,0.0,0.0,False,50
PHF12,0.01,0,0,0,47.0,47.0,47.0,,0.0,0.0,0.0,0.0,0.0,0.0,0.0,0.0,0.1,0.0,0.0,0.0,0.0,0.0,False,50
RBM10,0.01,0,0,0,47.0,47.0,47.0,1.0,0.2,0.0,0.0,0.0,0.0,0.0,0.0,0.0,0.1,0.0,0.0,0.0,0.0,0.2,False,50
RHOT2,0.01,0,0,0,47.0,47.0,47.0,1.0,0.0,0.0,0.0,0.0,0.0,0.0,0.0,0.1,0.0,0.0,0.0,0.0,0.0,0.0,False,50
STX7,0.01,0,0,0,47.0,47.0,47.0,1.0,0.0,0.0,0.0,0.0,0.0,0.0,0.0,0.1,0.0,0.0,0.0,0.0,0.0,0.0,False,50
SYTL1,0.01,0,0,0,47.0,47.0,47.0,1.0,0.1,0.0,0.0,0.0,0.0,0.0,0.0,0.0,0.1,0.0,0.0,0.0,0.0,0.1,False,50
TBC1D32,0.01,0,0,0,47.0,47.0,47.0,,0.0,0.0,0.0,0.1,0.0,0.0,0.0,0.0,0.0,0.0,0.0,0.0,0.0,0.0,False,50
ALS2,0.01,0,0,0,48.0,48.0,48.0,0.0,0.0,0.0,0.1,0.0,0.0,0.0,0.0,0.0,0.0,0.0,0.0,0.0,0.0,0.0,False,50
CDH26,0.01,0,0,0,48.0,48.0,48.0,0.0,0.0,0.1,0.0,0.0,0.0,0.0,0.0,0.0,0.0,0.0,0.0,0.0,0.0,0.0,False,50
DIO3,0.01,0,0,0,48.0,48.0,48.0,,0.0,0.0,0.0,0.1,0.0,0.0,0.0,0.0,0.0,0.0,0.0,0.0,0.0,0.0,False,50
DNAH5,0.01,0,0,0,48.0,48.0,48.0,0.0,0.0,0.0,0.1,0.0,0.0,0.0,0.0,0.0,0.0,0.0,0.0,0.0,0.0,0.0,False,50
FAM47B,0.01,0,0,0,48.0,48.0,48.0,0.0,0.0,0.1,0.0,0.0,0.0,0.0,0.0,0.0,0.0,0.0,0.0,0.0,0.0,0.0,False,50
GALNT6,0.01,0,0,0,48.0,48.0,48.0,1.0,0.2,0.0,0.0,0.0,0.0,0.0,0.0,0.1,0.0,0.0,0.0,0.0,0.0,0.2,False,50
KIAA1217,0.01,0,0,0,48.0,48.0,48.0,,0.0,0.0,0.0,0.1,0.0,0.0,0.0,0.0,0.0,0.0,0.0,0.0,0.0,0.0,False,50
LOC105376292,0.01,0,0,0,48.0,48.0,48.0,0.0,0.0,0.0,0.0,0.1,0.0,0.0,0.0,0.0,0.0,0.0,0.0,0.1,0.0,0.0,False,50
MED23,0.01,0,0,0,48.0,48.0,48.0,,0.0,0.0,0.0,0.1,0.0,0.0,0.0,0.0,0.0,0.0,0.0,0.0,0.0,0.0,False,50
PINLYP,0.01,0,0,0,48.0,48.0,48.0,1.0,0.0,0.0,0.0,0.0,0.0,0.0,0.0,0.1,0.0,0.0,0.0,0.0,0.0,0.0,False,50
RABL3,0.01,0,0,0,48.0,48.0,48.0,0.0,0.0,0.0,0.1,0.0,0.0,0.0,0.0,0.0,0.0,0.0,0.0,0.0,0.0,0.0,False,50
RPP25,0.01,0,0,0,48.0,48.0,48.0,1.0,0.0,0.0,0.1,0.0,0.0,0.0,0.0,0.0,0.0,0.0,0.0,0.0,0.0,0.0,False,50
SMG9,0.01,0,0,0,48.0,48.0,48.0,1.0,0.0,0.0,0.0,0.0,0.0,0.0,0.0,0.1,0.0,0.0,0.0,0.0,0.0,0.0,False,50
SNX2,0.01,0,0,0,48.0,48.0,48.0,,0.0,0.0,0.0,0.0,0.0,0.0,0.0,0.0,0.1,0.0,0.0,0.0,0.0,0.0,False,50
TCF20,0.01,0,0,0,48.0,48.0,48.0,1.0,0.0,0.0,0.0,0.0,0.0,0.0,0.0,0.1,0.0,0.0,0.0,0.0,0.0,0.0,False,50
TSKU,0.01,0,0,0,48.0,48.0,48.0,,0.0,0.0,0.0,0.1,0.0,0.0,0.0,0.0,0.0,0.0,0.0,0.0,0.0,0.0,False,50
VTI1A,0.01,0,0,0,48.0,48.0,48.0,,0.0,0.0,0.0,0.1,0.0,0.0,0.0,0.0,0.0,0.0,0.0,0.0,0.0,0.0,False,50
ASTN1,0.01,0,0,0,49.0,49.0,49.0,1.0,0.0,0.1,0.0,0.0,0.0,0.0,0.0,0.0,0.0,0.0,0.0,0.0,0.0,0.0,False,50
CORO2A,0.01,0,0,0,49.0,49.0,49.0,1.0,0.0,0.0,0.1,0.0,0.0,0.0,0.0,0.0,0.0,0.0,0.0,0.0,0.0,0.0,False,50
EPB41L1,0.01,0,0,0,49.0,49.0,49.0,1.0,0.0,0.0,0.0,0.0,0.0,0.1,0.0,0.0,0.0,0.0,0.0,0.0,0.0,0.0,False,50
FAM84B,0.01,0,0,0,49.0,49.0,49.0,1.0,0.0,0.0,0.1,0.0,0.0,0.0,0.0,0.0,0.0,0.0,0.0,0.0,0.0,0.0,False,50
IL1RN,0.01,0,0,0,49.0,49.0,49.0,,0.0,0.0,0.0,0.1,0.0,0.0,0.0,0.0,0.0,0.0,0.0,0.0,0.0,0.0,False,50
JARID2,0.01,0,0,0,49.0,49.0,49.0,,0.0,0.0,0.0,0.0,0.0,0.0,0.0,0.0,0.1,0.0,0.0,0.0,0.0,0.0,False,50
MMP27,0.01,0,0,0,49.0,49.0,49.0,0.0,0.0,0.1,0.0,0.0,0.0,0.0,0.0,0.0,0.0,0.0,0.0,0.0,0.0,0.0,False,50
NCAM2,0.01,0,0,0,49.0,49.0,49.0,1.0,0.0,0.1,0.0,0.0,0.0,0.0,0.0,0.0,0.0,0.0,0.0,0.0,0.0,0.0,False,50
NKAPL,0.01,0,0,0,49.0,49.0,49.0,0.0,0.0,0.0,0.0,0.0,0.0,0.1,0.0,0.0,0.0,0.0,0.0,0.0,0.0,0.0,False,50
OSGIN1,0.01,0,0,0,49.0,49.0,49.0,,0.0,0.0,0.0,0.1,0.0,0.0,0.0,0.0,0.0,0.0,0.0,0.0,0.0,0.0,False,50
SLC16A7,0.01,0,0,0,49.0,49.0,49.0,1.0,0.0,0.0,0.0,0.0,0.0,0.0,0.0,0.1,0.0,0.0,0.0,0.0,0.0,0.0,False,50
SPATA9,0.01,0,0,0,49.0,49.0,49.0,0.0,0.0,0.0,0.0,0.0,0.1,0.0,0.0,0.0,0.0,0.0,0.0,0.0,0.0,0.0,False,50
TSPO2,0.01,0,0,0,49.0,49.0,49.0,0.0,0.0,0.1,0.0,0.0,0.0,0.0,0.0,0.0,0.0,0.0,0.0,0.0,0.0,0.0,False,50
XPO7,0.01,0,0,0,49.0,49.0,49.0,,0.0,0.0,0.0,0.1,0.0,0.0,0.0,0.0,0.0,0.0,0.0,0.0,0.0,0.0,False,50
ABCA6,0.01,0,0,0,50.0,50.0,50.0,0.0,0.0,0.1,0.0,0.0,0.0,0.0,0.0,0.0,0.0,0.0,0.0,0.0,0.0,0.0,False,50
C2orf76,0.01,0,0,0,50.0,50.0,50.0,0.0,0.0,0.0,0.1,0.0,0.0,0.0,0.0,0.0,0.0,0.0,0.0,0.0,0.0,0.0,False,50
CDH11,0.01,0,0,0,50.0,50.0,50.0,0.0,0.0,0.0,0.1,0.0,0.0,0.0,0.0,0.0,0.0,0.0,0.0,0.0,0.0,0.0,False,50
COX2,0.01,0,0,0,50.0,50.0,50.0,,0.0,0.0,0.0,0.1,0.0,0.0,0.0,0.0,0.0,0.0,0.0,0.0,0.0,0.0,False,50
EGFLAM,0.01,0,0,0,50.0,50.0,50.0,1.0,0.0,0.0,0.0,0.0,0.0,0.0,0.0,0.1,0.0,0.0,0.0,0.0,0.0,0.0,False,50
GPATCH2L,0.01,0,0,0,50.0,50.0,50.0,,0.0,0.0,0.0,0.0,0.0,0.0,0.0,0.0,0.1,0.0,0.0,0.0,0.0,0.0,False,50
HIST3H2A,0.01,0,0,0,50.0,50.0,50.0,0.0,0.0,0.0,0.1,0.0,0.0,0.0,0.0,0.0,0.0,0.0,0.0,0.0,0.0,0.0,False,50
LOC100996724,0.01,0,0,0,50.0,50.0,50.0,0.0,0.0,0.1,0.0,0.0,0.0,0.0,0.0,0.0,0.0,0.0,0.0,0.0,0.0,0.0,False,50
NT5DC4,0.01,0,0,0,50.0,50.0,50.0,,0.0,0.0,0.0,0.1,0.0,0.0,0.0,0.0,0.0,0.0,0.0,0.0,0.0,0.0,False,50
PGBD5,0.01,0,0,0,50.0,50.0,50.0,,0.0,0.0,0.0,0.1,0.0,0.0,0.0,0.0,0.0,0.0,0.0,0.0,0.0,0.0,False,50
PRKXP1,0.01,0,0,0,50.0,50.0,50.0,,0.0,0.0,0.0,0.1,0.0,0.0,0.0,0.0,0.0,0.0,0.0,0.0,0.0,0.0,False,50
RAB3IL1,0.01,0,0,0,50.0,50.0,50.0,,0.0,0.0,0.0,0.1,0.0,0.0,0.0,0.0,0.0,0.0,0.0,0.0,0.0,0.0,False,50
SRPX,0.01,0,0,0,50.0,50.0,50.0,,0.0,0.0,0.0,0.0,0.0,0.0,0.0,0.0,0.1,0.0,0.0,0.0,0.0,0.0,False,50
STARD13-AS,0.01,0,0,0,50.0,50.0,50.0,,0.0,0.0,0.0,0.1,0.0,0.0,0.0,0.0,0.0,0.0,0.0,0.0,0.0,0.0,False,50
UGT2B4,0.01,0,0,0,50.0,50.0,50.0,,0.0,0.0,0.0,0.0,0.0,0.0,0.0,0.0,0.1,0.0,0.0,0.0,0.0,0.0,False,50
ZNF121,0.01,0,0,0,50.0,50.0,50.0,1.0,0.0,0.0,0.1,0.0,0.0,0.0,0.0,0.0,0.0,0.0,0.0,0.0,0.0,0.0,False,50
ADGRL3,0.0,0,0,0,,,,0.0,0.0,0.0,0.0,0.0,0.0,0.0,0.0,0.0,0.0,0.0,0.0,0.1,0.0,0.0,False,50
ADIRF,0.0,0,0,0,,,,0.0,0.1,0.0,0.0,0.0,0.0,0.0,0.0,0.0,0.0,0.0,0.0,0.0,0.0,0.1,False,50
AKR1C3,0.0,0,0,0,,,,0.0,0.1,0.0,0.0,0.0,0.0,0.0,0.0,0.0,0.0,0.0,0.0,0.0,0.0,0.1,False,50
AKR1D1,0.0,0,0,0,,,,0.0,0.0,0.0,0.0,0.0,0.0,0.0,0.0,0.0,0.0,0.0,0.0,0.1,0.0,0.0,False,50
ANGPTL4,0.0,0,0,0,,,,0.0,0.1,0.0,0.0,0.0,0.0,0.0,0.0,0.0,0.0,0.0,0.0,0.0,0.0,0.1,False,50
ARFGEF1,0.0,0,0,0,,,,1.0,0.2,0.0,0.0,0.0,0.0,0.0,0.0,0.0,0.0,0.0,0.0,0.0,0.0,0.2,False,50
AURKA,0.0,0,0,0,,,,1.0,0.2,0.0,0.0,0.0,0.0,0.0,0.0,0.0,0.0,0.0,0.0,0.0,0.0,0.2,False,50
BICDL1,0.0,0,0,0,,,,1.0,0.1,0.0,0.0,0.0,0.0,0.0,0.0,0.0,0.0,0.0,0.0,0.0,0.0,0.1,False,50
BRMS1,0.0,0,0,0,,,,1.0,0.1,0.0,0.0,0.0,0.0,0.0,0.0,0.0,0.0,0.0,0.0,0.0,0.0,0.1,False,50
BTF3P12,0.0,0,0,0,,,,0.0,0.0,0.0,0.0,0.0,0.0,0.0,0.0,0.0,0.0,0.0,0.0,0.1,0.0,0.0,False,50
BTNL2,0.0,0,0,0,,,,0.0,0.0,0.0,0.0,0.0,0.0,0.0,0.0,0.0,0.0,0.0,0.0,0.1,0.0,0.0,False,50
BUB1B,0.0,0,0,0,,,,1.0,0.1,0.0,0.0,0.0,0.0,0.0,0.0,0.0,0.0,0.0,0.0,0.0,0.0,0.1,False,50
C3orf52,0.0,0,0,0,,,,1.0,0.1,0.0,0.0,0.0,0.0,0.0,0.0,0.0,0.0,0.0,0.0,0.0,0.0,0.1,False,50
CCDC18-AS1,0.0,0,0,0,,,,1.0,0.1,0.0,0.0,0.0,0.0,0.0,0.0,0.0,0.0,0.0,0.0,0.0,0.0,0.1,False,50
CDK1,0.0,0,0,0,,,,1.0,0.1,0.0,0.0,0.0,0.0,0.0,0.0,0.0,0.0,0.0,0.0,0.0,0.0,0.1,False,50
CENPF,0.0,0,0,0,,,,1.0,0.3,0.0,0.0,0.0,0.0,0.0,0.0,0.0,0.0,0.0,0.0,0.0,0.0,0.3,False,50
CEP55,0.0,0,0,0,,,,1.0,0.1,0.0,0.0,0.0,0.0,0.0,0.0,0.0,0.0,0.0,0.0,0.0,0.0,0.1,False,50
COL6A6,0.0,0,0,0,,,,0.0,0.0,0.0,0.0,0.0,0.0,0.0,0.0,0.0,0.0,0.0,0.0,0.1,0.0,0.0,False,50
COX7A1,0.0,0,0,0,,,,0.0,0.1,0.0,0.0,0.0,0.0,0.0,0.0,0.0,0.0,0.0,0.0,0.0,0.0,0.1,False,50
CTB-113P19.1,0.0,0,0,0,,,,0.0,0.0,0.0,0.0,0.0,0.0,0.0,0.0,0.0,0.0,0.0,0.0,0.1,0.0,0.0,False,50
DACT2,0.0,0,0,0,,,,0.0,0.0,0.0,0.0,0.0,0.0,0.0,0.0,0.0,0.0,0.0,0.0,0.2,0.0,0.0,False,50
DIRC3,0.0,0,0,0,,,,0.0,0.0,0.0,0.0,0.0,0.0,0.0,0.0,0.0,0.0,0.0,0.0,0.1,0.0,0.0,False,50
DPP3,0.0,0,0,0,,,,1.0,0.2,0.0,0.0,0.0,0.0,0.0,0.0,0.0,0.0,0.0,0.0,0.0,0.0,0.2,False,50
ELMO3,0.0,0,0,0,,,,1.0,0.1,0.0,0.0,0.0,0.0,0.0,0.0,0.0,0.0,0.0,0.0,0.0,0.0,0.1,False,50
EXOC7,0.0,0,0,0,,,,1.0,0.2,0.0,0.0,0.0,0.0,0.0,0.0,0.0,0.0,0.0,0.0,0.0,0.0,0.2,False,50
F2,0.0,0,0,0,,,,0.0,0.0,0.0,0.0,0.0,0.0,0.0,0.0,0.0,0.0,0.0,0.0,0.1,0.0,0.0,False,50
FAM162B,0.0,0,0,0,,,,0.0,0.1,0.0,0.0,0.0,0.0,0.0,0.0,0.0,0.0,0.0,0.0,0.0,0.0,0.1,False,50
FAM71D,0.0,0,0,0,,,,0.0,0.0,0.0,0.0,0.0,0.0,0.0,0.0,0.0,0.0,0.0,0.0,0.1,0.0,0.0,False,50
FAM83D,0.0,0,0,0,,,,1.0,0.5,0.0,0.0,0.0,0.0,0.0,0.0,0.0,0.0,0.0,0.0,0.0,0.0,0.5,False,50
FGFR3,0.0,0,0,0,,,,1.0,0.4,0.0,0.0,0.0,0.0,0.0,0.0,0.0,0.0,0.0,0.0,0.0,0.0,0.4,False,50
FKBP4,0.0,0,0,0,,,,1.0,0.1,0.0,0.0,0.0,0.0,0.0,0.0,0.0,0.0,0.0,0.0,0.0,0.0,0.1,False,50
FLJ27354,0.0,0,0,0,,,,0.0,0.0,0.0,0.0,0.0,0.0,0.0,0.0,0.0,0.0,0.0,0.0,0.2,0.0,0.0,False,50
FOXA1,0.0,0,0,0,,,,1.0,0.2,0.0,0.0,0.0,0.0,0.0,0.0,0.0,0.0,0.0,0.0,0.0,0.0,0.2,False,50
FOXO6,0.0,0,0,0,,,,1.0,0.1,0.0,0.0,0.0,0.0,0.0,0.0,0.0,0.0,0.0,0.0,0.0,0.0,0.1,False,50
FRMD1,0.0,0,0,0,,,,0.0,0.0,0.0,0.0,0.0,0.0,0.0,0.0,0.0,0.0,0.0,0.0,0.2,0.0,0.0,False,50
GFRA2,0.0,0,0,0,,,,0.0,0.0,0.0,0.0,0.0,0.0,0.0,0.0,0.0,0.0,0.0,0.0,0.2,0.0,0.0,False,50
GJB2,0.0,0,0,0,,,,1.0,0.1,0.0,0.0,0.0,0.0,0.0,0.0,0.0,0.0,0.0,0.0,0.0,0.0,0.1,False,50
GREM2,0.0,0,0,0,,,,0.0,0.0,0.0,0.0,0.0,0.0,0.0,0.0,0.0,0.0,0.0,0.0,0.1,0.0,0.0,False,50
GSTM5,0.0,0,0,0,,,,0.0,0.0,0.0,0.0,0.0,0.0,0.0,0.0,0.0,0.0,0.0,0.0,0.2,0.0,0.0,False,50
HAPLN4,0.0,0,0,0,,,,1.0,0.0,0.0,0.0,0.0,0.0,0.0,0.0,0.0,0.0,0.0,0.0,0.0,0.1,0.0,False,50
HMGB3,0.0,0,0,0,,,,1.0,0.2,0.0,0.0,0.0,0.0,0.0,0.0,0.0,0.0,0.0,0.0,0.0,0.0,0.2,False,50
HPGD,0.0,0,0,0,,,,0.0,0.0,0.0,0.0,0.0,0.0,0.0,0.0,0.0,0.0,0.0,0.0,0.3,0.0,0.0,False,50
HS6ST1,0.0,0,0,0,,,,1.0,0.5,0.0,0.0,0.0,0.0,0.0,0.0,0.0,0.0,0.0,0.0,0.0,0.0,0.5,False,50
HSPB2,0.0,0,0,0,,,,0.0,0.1,0.0,0.0,0.0,0.0,0.0,0.0,0.0,0.0,0.0,0.0,0.0,0.0,0.1,False,50
IGSF9,0.0,0,0,0,,,,1.0,0.5,0.0,0.0,0.0,0.0,0.0,0.0,0.0,0.0,0.0,0.0,0.0,0.0,0.5,False,50
KIF11,0.0,0,0,0,,,,1.0,0.1,0.0,0.0,0.0,0.0,0.0,0.0,0.0,0.0,0.0,0.0,0.0,0.0,0.1,False,50
KIF18B,0.0,0,0,0,,,,1.0,0.1,0.0,0.0,0.0,0.0,0.0,0.0,0.0,0.0,0.0,0.0,0.0,0.0,0.1,False,50
KIF2C,0.0,0,0,0,,,,1.0,0.2,0.0,0.0,0.0,0.0,0.0,0.0,0.0,0.0,0.0,0.0,0.0,0.0,0.2,False,50
KRTAP4-8,0.0,0,0,0,,,,0.0,0.0,0.0,0.0,0.0,0.0,0.0,0.0,0.0,0.0,0.0,0.0,0.1,0.0,0.0,False,50
LOC100132735,0.0,0,0,0,,,,0.0,0.0,0.0,0.0,0.0,0.0,0.0,0.0,0.0,0.0,0.0,0.0,0.1,0.0,0.0,False,50
LOC101928409,0.0,0,0,0,,,,0.0,0.0,0.0,0.0,0.0,0.0,0.0,0.0,0.0,0.0,0.0,0.0,0.1,0.0,0.0,False,50
LOC101928429,0.0,0,0,0,,,,1.0,0.0,0.0,0.0,0.0,0.0,0.0,0.0,0.0,0.0,0.0,0.0,0.0,0.1,0.0,False,50
LOC101928461,0.0,0,0,0,,,,0.0,0.0,0.0,0.0,0.0,0.0,0.0,0.0,0.0,0.0,0.0,0.0,0.1,0.0,0.0,False,50
LOC102723845,0.0,0,0,0,,,,0.0,0.0,0.0,0.0,0.0,0.0,0.0,0.0,0.0,0.0,0.0,0.0,0.1,0.0,0.0,False,50
LOC105370424,0.0,0,0,0,,,,0.0,0.0,0.0,0.0,0.0,0.0,0.0,0.0,0.0,0.0,0.0,0.0,0.1,0.0,0.0,False,50
LOC105373876,0.0,0,0,0,,,,0.0,0.0,0.0,0.0,0.0,0.0,0.0,0.0,0.0,0.0,0.0,0.0,0.1,0.0,0.0,False,50
LOC107985971,0.0,0,0,0,,,,1.0,0.5,0.0,0.0,0.0,0.0,0.0,0.0,0.0,0.0,0.0,0.0,0.0,0.0,0.5,False,50
LOC647115,0.0,0,0,0,,,,0.0,0.0,0.0,0.0,0.0,0.0,0.0,0.0,0.0,0.0,0.0,0.0,0.0,0.1,0.0,False,50
LRFN5,0.0,0,0,0,,,,0.0,0.0,0.0,0.0,0.0,0.0,0.0,0.0,0.0,0.0,0.0,0.0,0.5,0.0,0.0,False,50
LRRC8E,0.0,0,0,0,,,,1.0,0.2,0.0,0.0,0.0,0.0,0.0,0.0,0.0,0.0,0.0,0.0,0.0,0.0,0.2,False,50
MRAP,0.0,0,0,0,,,,0.0,0.0,0.0,0.0,0.0,0.0,0.0,0.0,0.0,0.0,0.0,0.0,0.0,0.1,0.0,False,50
MTUS2,0.0,0,0,0,,,,1.0,0.0,0.0,0.0,0.0,0.0,0.0,0.0,0.0,0.0,0.0,0.0,0.0,0.1,0.0,False,50
MYOM1,0.0,0,0,0,,,,0.0,0.0,0.0,0.0,0.0,0.0,0.0,0.0,0.0,0.0,0.0,0.0,0.0,0.1,0.0,False,50
NAT8L,0.0,0,0,0,,,,0.0,0.0,0.0,0.0,0.0,0.0,0.0,0.0,0.0,0.0,0.0,0.0,0.0,0.1,0.0,False,50
NEUROG2,0.0,0,0,0,,,,0.0,0.0,0.0,0.0,0.0,0.0,0.0,0.0,0.0,0.0,0.0,0.0,0.1,0.0,0.0,False,50
NTS,0.0,0,0,0,,,,0.0,0.0,0.0,0.0,0.0,0.0,0.0,0.0,0.0,0.0,0.0,0.0,0.1,0.0,0.0,False,50
NUF2,0.0,0,0,0,,,,1.0,0.1,0.0,0.0,0.0,0.0,0.0,0.0,0.0,0.0,0.0,0.0,0.0,0.0,0.1,False,50
NUP210,0.0,0,0,0,,,,1.0,0.2,0.0,0.0,0.0,0.0,0.0,0.0,0.0,0.0,0.0,0.0,0.0,0.0,0.2,False,50
ODF2,0.0,0,0,0,,,,1.0,0.1,0.0,0.0,0.0,0.0,0.0,0.0,0.0,0.0,0.0,0.0,0.0,0.0,0.1,False,50
OPN5,0.0,0,0,0,,,,0.0,0.0,0.0,0.0,0.0,0.0,0.0,0.0,0.0,0.0,0.0,0.0,0.1,0.0,0.0,False,50
PAGR1,0.0,0,0,0,,,,1.0,0.1,0.0,0.0,0.0,0.0,0.0,0.0,0.0,0.0,0.0,0.0,0.0,0.0,0.1,False,50
PFKFB4,0.0,0,0,0,,,,1.0,0.1,0.0,0.0,0.0,0.0,0.0,0.0,0.0,0.0,0.0,0.0,0.0,0.0,0.1,False,50
PLCL2,0.0,0,0,0,,,,0.0,0.2,0.0,0.0,0.0,0.0,0.0,0.0,0.0,0.0,0.0,0.0,0.0,0.0,0.2,False,50
PLPP2,0.0,0,0,0,,,,1.0,0.2,0.0,0.0,0.0,0.0,0.0,0.0,0.0,0.0,0.0,0.0,0.0,0.0,0.2,False,50
POMP,0.0,0,0,0,,,,0.0,0.1,0.0,0.0,0.0,0.0,0.0,0.0,0.0,0.0,0.0,0.0,0.0,0.0,0.1,False,50
PRC1,0.0,0,0,0,,,,1.0,0.7,0.0,0.0,0.0,0.0,0.0,0.0,0.0,0.0,0.0,0.0,0.0,0.0,0.7,False,50
PRG4,0.0,0,0,0,,,,0.0,0.0,0.0,0.0,0.0,0.0,0.0,0.0,0.0,0.0,0.0,0.0,0.1,0.0,0.0,False,50
PRKCA-AS1,0.0,0,0,0,,,,0.0,0.0,0.0,0.0,0.0,0.0,0.0,0.0,0.0,0.0,0.0,0.0,0.1,0.0,0.0,False,50
RAB25,0.0,0,0,0,,,,1.0,0.2,0.0,0.0,0.0,0.0,0.0,0.0,0.0,0.0,0.0,0.0,0.0,0.0,0.2,False,50
RAB26,0.0,0,0,0,,,,1.0,0.2,0.0,0.0,0.0,0.0,0.0,0.0,0.0,0.0,0.0,0.0,0.0,0.0,0.2,False,50
RAP1GAP,0.0,0,0,0,,,,1.0,0.4,0.0,0.0,0.0,0.0,0.0,0.0,0.0,0.0,0.0,0.0,0.0,0.0,0.4,False,50
RBM12B,0.0,0,0,0,,,,1.0,0.1,0.0,0.0,0.0,0.0,0.0,0.0,0.0,0.0,0.0,0.0,0.0,0.0,0.1,False,50
RGL2,0.0,0,0,0,,,,1.0,0.1,0.0,0.0,0.0,0.0,0.0,0.0,0.0,0.0,0.0,0.0,0.0,0.0,0.1,False,50
RORB,0.0,0,0,0,,,,0.0,0.0,0.0,0.0,0.0,0.0,0.0,0.0,0.0,0.0,0.0,0.0,0.1,0.0,0.0,False,50
RPS8,0.0,0,0,0,,,,0.0,0.0,0.0,0.0,0.0,0.0,0.0,0.0,0.0,0.0,0.0,0.0,0.1,0.0,0.0,False,50
RSPH1,0.0,0,0,0,,,,1.0,0.4,0.0,0.0,0.0,0.0,0.0,0.0,0.0,0.0,0.0,0.0,0.0,0.0,0.4,False,50
S100A14,0.0,0,0,0,,,,1.0,0.4,0.0,0.0,0.0,0.0,0.0,0.0,0.0,0.0,0.0,0.0,0.0,0.0,0.4,False,50
S100P,0.0,0,0,0,,,,1.0,0.3,0.0,0.0,0.0,0.0,0.0,0.0,0.0,0.0,0.0,0.0,0.0,0.0,0.3,False,50
SAPCD2,0.0,0,0,0,,,,1.0,0.5,0.0,0.0,0.0,0.0,0.0,0.0,0.0,0.0,0.0,0.0,0.0,0.0,0.5,False,50
SCN4A,0.0,0,0,0,,,,0.0,0.0,0.0,0.0,0.0,0.0,0.0,0.0,0.0,0.0,0.0,0.0,0.4,0.0,0.0,False,50
SDPR,0.0,0,0,0,,,,0.0,0.1,0.0,0.0,0.0,0.0,0.0,0.0,0.0,0.0,0.0,0.0,0.0,0.0,0.1,False,50
SERINC2,0.0,0,0,0,,,,1.0,0.3,0.0,0.0,0.0,0.0,0.0,0.0,0.0,0.0,0.0,0.0,0.0,0.0,0.3,False,50
SGCG,0.0,0,0,0,,,,0.0,0.0,0.0,0.0,0.0,0.0,0.0,0.0,0.0,0.0,0.0,0.0,0.0,0.1,0.0,False,50
SIPA1L3,0.0,0,0,0,,,,1.0,0.0,0.0,0.0,0.0,0.0,0.0,0.0,0.0,0.0,0.0,0.0,0.1,0.0,0.0,False,50
SLAMF9,0.0,0,0,0,,,,1.0,0.0,0.0,0.0,0.0,0.0,0.0,0.0,0.0,0.0,0.0,0.0,0.0,0.1,0.0,False,50
SMARCC1,0.0,0,0,0,,,,1.0,0.3,0.0,0.0,0.0,0.0,0.0,0.0,0.0,0.0,0.0,0.0,0.0,0.0,0.3,False,50
SNHG24,0.0,0,0,0,,,,0.0,0.0,0.0,0.0,0.0,0.0,0.0,0.0,0.0,0.0,0.0,0.0,0.2,0.0,0.0,False,50
SOGA1,0.0,0,0,0,,,,1.0,0.2,0.0,0.0,0.0,0.0,0.0,0.0,0.0,0.0,0.0,0.0,0.0,0.0,0.2,False,50
SPX,0.0,0,0,0,,,,0.0,0.0,0.0,0.0,0.0,0.0,0.0,0.0,0.0,0.0,0.0,0.0,0.0,0.1,0.0,False,50
STBD1,0.0,0,0,0,,,,0.0,0.0,0.0,0.0,0.0,0.0,0.0,0.0,0.0,0.0,0.0,0.0,0.2,0.0,0.0,False,50
SYCP2,0.0,0,0,0,,,,1.0,0.1,0.0,0.0,0.0,0.0,0.0,0.0,0.0,0.0,0.0,0.0,0.0,0.0,0.1,False,50
TPX2,0.0,0,0,0,,,,1.0,0.1,0.0,0.0,0.0,0.0,0.0,0.0,0.0,0.0,0.0,0.0,0.0,0.0,0.1,False,50
TSPAN17,0.0,0,0,0,,,,1.0,0.2,0.0,0.0,0.0,0.0,0.0,0.0,0.0,0.0,0.0,0.0,0.0,0.0,0.2,False,50
TSTA3,0.0,0,0,0,,,,1.0,0.2,0.0,0.0,0.0,0.0,0.0,0.0,0.0,0.0,0.0,0.0,0.0,0.0,0.2,False,50
VPS37C,0.0,0,0,0,,,,1.0,0.1,0.0,0.0,0.0,0.0,0.0,0.0,0.0,0.0,0.0,0.0,0.0,0.0,0.1,False,50
WDR54,0.0,0,0,0,,,,1.0,0.1,0.0,0.0,0.0,0.0,0.0,0.0,0.0,0.0,0.0,0.0,0.0,0.0,0.1,False,50
