gene,mean_selection_frequency,n_pipelines_ge50,n_models_ge50,n_explainers_ge50,median_rank,best_rank,mean_rank,frac_signed_positive,ttest_frequency,freq:logreg|coef,freq:logreg|shap,freq:logreg|perm,freq:svm|coef,freq:svm|shap,freq:svm|perm,freq:rf|shap,freq:rf|perm,freq:xgb|shap,freq:xgb|perm,freq:logreg_C0.1|coef,freq:logreg_C100|coef,freq:ttest|ttest,consensus,k
DKFZp779M0652,0.5399999999999999,5,2,3,6.0,1.0,9.722222222222221,0.2033898305084746,0.0,0.9,0.9,0.4,1.0,1.0,1.0,0.0,0.0,0.1,0.1,1.0,1.0,0.0,True,50
ABHD1,0.4700000000000001,5,3,3,11.0,1.0,13.702127659574469,0.17391304347826086,0.0,0.8,0.4,0.2,0.9,0.2,1.0,0.1,0.1,0.5,0.5,0.8,0.9,0.0,True,50
DMGDH,0.43999999999999995,3,1,3,12.0,3.0,16.977272727272727,0.3142857142857143,0.0,0.2,0.0,0.0,1.0,0.6,1.0,0.4,0.4,0.4,0.4,0.0,0.9,0.0,False,50
LYVE1,0.42000000000000004,4,2,3,10.0,1.0,13.857142857142858,0.08,0.0,0.8,0.2,0.2,1.0,1.0,1.0,0.0,0.0,0.0,0.0,1.0,1.0,0.0,False,50
PGM5-AS1,0.41999999999999993,4,2,3,13.0,2.0,17.547619047619047,0.1568627450980392,0.0,0.8,0.4,0.0,1.0,0.7,1.0,0.1,0.0,0.1,0.1,1.0,1.0,0.0,False,50
NIPSNAP3B,0.39,4,2,3,13.0,2.0,18.256410256410255,0.17391304347826086,0.0,0.6,0.0,0.0,1.0,1.0,1.0,0.0,0.1,0.1,0.1,0.9,1.0,0.0,False,50
FLVCR1,0.38,4,2,2,5.0,1.0,8.052631578947368,0.8846153846153846,0.5,0.1,0.4,0.0,0.0,0.0,0.0,0.6,0.7,1.0,1.0,0.0,0.0,0.5,False,50
LOC102723493,0.38,3,1,3,22.5,5.0,23.36842105263158,0.2,0.0,0.3,0.2,0.0,1.0,0.8,1.0,0.2,0.1,0.1,0.1,0.4,1.0,0.0,False,50
TLN1,0.37000000000000005,5,2,3,31.0,14.0,31.864864864864863,0.18181818181818182,0.0,0.6,0.6,0.1,0.5,0.9,0.6,0.2,0.2,0.0,0.0,0.0,0.5,0.0,True,50
LOC284825,0.36000000000000004,4,3,3,18.5,1.0,19.583333333333332,0.27586206896551724,0.1,0.5,0.3,0.0,0.2,0.2,1.0,0.2,0.2,0.5,0.5,0.7,0.2,0.1,False,50
HSPB6,0.33,5,2,3,14.0,1.0,17.515151515151516,0.16666666666666666,0.0,0.5,0.5,0.3,0.6,0.6,0.6,0.0,0.0,0.1,0.1,0.7,0.6,0.0,True,50
ABCD2,0.32,4,2,3,21.0,3.0,22.65625,0.25,0.0,0.0,0.0,0.0,1.0,0.0,0.9,0.0,0.1,0.6,0.6,0.0,0.8,0.0,False,50
NAT8L,0.32,4,2,3,25.5,3.0,24.71875,0.3142857142857143,0.0,0.2,0.8,0.0,0.6,1.0,0.6,0.0,0.0,0.0,0.0,0.2,0.7,0.0,False,50
LOC101927420,0.3,3,2,3,13.5,1.0,17.733333333333334,0.03333333333333333,0.0,0.3,0.3,0.5,0.8,0.8,0.3,0.0,0.0,0.0,0.0,0.1,0.7,0.0,False,50
TRA2A,0.29000000000000004,4,2,3,11.0,1.0,13.689655172413794,0.8214285714285714,0.0,0.5,0.6,0.0,0.0,0.0,0.0,0.3,0.3,0.6,0.6,0.7,0.1,0.0,False,50
PQLC2L,0.29000000000000004,3,1,3,17.0,6.0,19.137931034482758,0.10344827586206896,0.0,0.1,0.0,0.0,1.0,0.8,1.0,0.0,0.0,0.0,0.0,0.0,1.0,0.0,False,50
SLC7A10,0.27999999999999997,3,1,3,17.0,5.0,19.285714285714285,0.06060606060606061,0.0,0.2,0.0,0.0,1.0,0.6,1.0,0.0,0.0,0.0,0.0,0.5,1.0,0.0,False,50
PNMA2,0.27,3,2,3,7.0,1.0,10.185185185185185,0.72,0.0,0.2,0.2,0.9,0.7,0.7,0.0,0.0,0.0,0.0,0.0,0.0,0.7,0.0,False,50
DMRT2,0.27,3,1,3,14.0,1.0,15.62962962962963,0.10714285714285714,0.0,0.1,0.0,0.0,1.0,0.6,1.0,0.0,0.0,0.0,0.0,0.1,1.0,0.0,False,50
CCDC178,0.27,3,2,2,21.0,1.0,23.962962962962962,0.34782608695652173,0.0,0.2,0.4,0.0,0.0,0.2,0.5,0.5,0.7,0.1,0.1,0.8,0.1,0.0,False,50
STX11,0.26000000000000006,1,1,1,17.0,1.0,18.53846153846154,0.21052631578947367,0.0,0.3,0.2,0.0,0.2,0.2,1.0,0.1,0.2,0.2,0.2,0.4,0.3,0.0,False,50
ZNRF2P1,0.26,3,2,3,3.0,1.0,7.6923076923076925,0.8461538461538461,0.0,0.2,0.1,0.8,0.8,0.7,0.0,0.0,0.0,0.0,0.0,0.0,0.8,0.0,False,50
DCAF12L2,0.25,3,2,3,2.0,1.0,9.24,0.8,0.0,0.2,0.1,0.8,0.8,0.6,0.0,0.0,0.0,0.0,0.0,0.0,0.8,0.0,False,50
CELSR1,0.25,2,1,2,9.0,1.0,14.28,0.9375,0.2,0.0,0.3,0.0,0.0,0.0,0.0,0.3,0.3,0.8,0.8,0.0,0.0,0.2,False,50
PRKCZ,0.25,2,1,2,12.0,1.0,14.72,0.9444444444444444,0.2,0.2,0.1,0.0,0.1,0.1,0.2,0.4,0.4,0.5,0.5,0.1,0.1,0.2,False,50
XPO1,0.25,3,2,2,12.0,1.0,17.0,0.9565217391304348,0.3,0.2,0.5,0.0,0.0,0.0,0.0,0.5,0.5,0.4,0.4,0.3,0.1,0.3,False,50
CCDC85C,0.25,3,2,2,13.0,3.0,17.08,1.0,0.0,0.0,0.0,0.0,0.0,0.0,0.0,0.3,0.6,0.8,0.8,0.0,0.0,0.0,False,50
APOB,0.25,2,1,2,21.0,6.0,22.44,0.08,0.0,0.0,0.0,0.0,1.0,0.4,1.0,0.1,0.0,0.0,0.0,0.0,1.0,0.0,False,50
DENND1B,0.25,4,2,2,26.0,12.0,29.36,0.9375,0.1,0.2,0.3,0.0,0.0,0.0,0.0,0.5,0.5,0.5,0.5,0.0,0.0,0.1,False,50
ALPI,0.24000000000000005,3,2,3,5.0,1.0,12.5,0.875,0.0,0.1,0.0,0.8,0.8,0.7,0.0,0.0,0.0,0.0,0.0,0.0,0.8,0.0,False,50
C11orf70,0.24000000000000005,3,1,3,22.0,11.0,24.125,0.16666666666666666,0.0,0.0,0.1,0.0,0.7,0.8,0.6,0.0,0.0,0.1,0.1,0.0,0.7,0.0,False,50
COX20,0.24000000000000005,2,2,2,25.5,4.0,24.5,0.7619047619047619,0.5,0.3,0.5,0.1,0.0,0.3,0.1,0.4,0.5,0.1,0.1,0.0,0.0,0.5,False,50
NAALAD2,0.24000000000000005,2,1,2,24.0,11.0,25.375,0.1,0.0,0.1,0.0,0.0,0.9,0.0,1.0,0.1,0.1,0.1,0.1,0.0,0.8,0.0,False,50
PAFAH1B3,0.23000000000000004,4,2,2,10.0,3.0,12.304347826086957,1.0,0.8,0.0,0.0,0.0,0.0,0.0,0.0,0.5,0.6,0.6,0.6,0.0,0.0,0.8,False,50
TET3,0.22999999999999998,4,2,2,12.0,1.0,18.47826086956522,1.0,1.0,0.0,0.0,0.1,0.0,0.0,0.0,0.7,0.5,0.5,0.5,0.0,0.0,1.0,False,50
STIL,0.22000000000000003,4,2,2,19.0,2.0,17.636363636363637,1.0,0.0,0.0,0.0,0.0,0.0,0.0,0.0,0.5,0.7,0.5,0.5,0.0,0.0,0.0,False,50
PALM,0.22000000000000003,3,1,3,39.5,22.0,37.86363636363637,0.21052631578947367,0.0,0.0,0.0,0.0,0.8,0.6,0.8,0.0,0.0,0.0,0.0,0.0,0.5,0.0,False,50
CBX4,0.21999999999999997,2,1,2,11.0,1.0,13.0,1.0,0.7,0.1,0.1,0.0,0.0,0.0,0.0,0.7,0.7,0.3,0.3,0.0,0.0,0.7,False,50
ANKRD10-IT1,0.21000000000000002,2,1,2,12.0,1.0,14.095238095238095,0.8461538461538461,0.0,0.6,0.9,0.1,0.0,0.3,0.0,0.1,0.1,0.0,0.0,0.7,0.0,0.0,False,50
ADH1C,0.21000000000000002,1,1,1,27.0,3.0,27.857142857142858,0.35294117647058826,0.1,0.1,0.3,0.0,0.2,0.2,0.7,0.1,0.1,0.2,0.2,0.3,0.2,0.1,False,50
PNPLA2,0.2,2,1,2,27.0,2.0,25.05,0.14285714285714285,0.0,0.0,0.0,0.0,0.6,0.2,1.0,0.1,0.1,0.0,0.0,0.0,0.5,0.0,False,50
INHBA,0.19000000000000003,0,0,0,11.0,1.0,17.736842105263158,0.7222222222222222,0.4,0.0,0.4,0.0,0.0,0.2,0.0,0.3,0.4,0.3,0.3,0.2,0.0,0.4,False,50
ACADL,0.19,1,1,1,18.0,3.0,17.736842105263158,0.05263157894736842,0.0,0.3,0.2,0.0,0.3,0.2,0.9,0.0,0.0,0.0,0.0,0.6,0.3,0.0,False,50
EPB42,0.19,2,1,2,19.0,10.0,20.894736842105264,0.0,0.0,0.0,0.0,0.0,1.0,0.0,0.9,0.0,0.0,0.0,0.0,0.0,0.9,0.0,False,50
MYO16,0.19,2,1,2,19.0,9.0,21.736842105263158,0.05,0.0,0.0,0.0,0.0,0.9,0.2,0.8,0.0,0.0,0.0,0.0,0.0,0.9,0.0,False,50
LOC100506368,0.19,0,0,0,21.0,6.0,23.05263157894737,0.5333333333333333,0.0,0.1,0.2,0.0,0.2,0.3,0.3,0.2,0.2,0.2,0.2,0.1,0.2,0.0,False,50
TREM2,0.19,3,2,3,24.0,8.0,23.473684210526315,0.9473684210526315,0.0,0.0,0.0,0.6,0.7,0.6,0.0,0.0,0.0,0.0,0.0,0.0,0.6,0.0,False,50
HSPB7,0.19,2,1,2,18.0,9.0,24.57894736842105,0.058823529411764705,0.0,0.0,0.0,0.0,0.7,0.1,1.0,0.1,0.0,0.0,0.0,0.0,0.8,0.0,False,50
TMEM161B-AS1,0.19,1,1,1,25.0,8.0,25.63157894736842,0.15,0.0,0.2,0.4,0.0,0.4,0.5,0.4,0.0,0.0,0.0,0.0,0.2,0.3,0.0,False,50
DENND2A,0.19,2,1,2,27.0,4.0,28.31578947368421,0.2,0.0,0.1,0.4,0.0,0.2,0.5,0.5,0.1,0.1,0.0,0.0,0.5,0.2,0.0,False,50
PFKFB1,0.19,1,1,1,29.0,10.0,30.42105263157895,0.21428571428571427,0.0,0.1,0.1,0.0,0.4,0.4,0.9,0.0,0.0,0.0,0.0,0.1,0.3,0.0,False,50
PECR,0.19,2,1,2,36.0,17.0,32.26315789473684,0.0,0.0,0.1,0.0,0.0,0.9,0.0,0.9,0.0,0.0,0.0,0.0,0.0,1.0,0.0,False,50
PAQR4,0.18,1,1,1,11.5,2.0,14.277777777777779,0.9473684210526315,1.0,0.0,0.1,0.0,0.0,0.0,0.0,0.4,0.5,0.4,0.4,0.0,0.0,1.0,False,50
VGLL4,0.18,2,1,2,19.0,7.0,18.38888888888889,0.9,0.0,0.0,0.2,0.0,0.0,0.0,0.0,0.3,0.3,0.5,0.5,0.0,0.0,0.0,False,50
C8orf34,0.18,2,1,2,28.5,12.0,29.333333333333332,0.0,0.0,0.0,0.0,0.0,0.8,0.0,1.0,0.0,0.0,0.0,0.0,0.0,0.7,0.0,False,50
NDE1,0.17,1,1,1,15.0,2.0,15.882352941176471,1.0,0.4,0.0,0.0,0.0,0.0,0.0,0.0,0.4,0.5,0.4,0.4,0.0,0.0,0.4,False,50
C15orf48,0.17,1,1,1,10.0,4.0,17.705882352941178,0.8095238095238095,0.0,0.2,0.3,0.0,0.4,0.8,0.0,0.0,0.0,0.0,0.0,0.0,0.4,0.0,False,50
ADCY6,0.16999999999999998,2,1,2,16.0,3.0,19.529411764705884,0.21052631578947367,0.0,0.0,0.1,0.1,0.5,1.0,0.0,0.0,0.0,0.0,0.0,0.0,0.3,0.0,False,50
MEDAG,0.16999999999999998,2,1,2,31.0,1.0,24.235294117647058,0.8888888888888888,0.0,0.0,0.0,0.0,0.0,0.0,0.2,0.3,0.2,0.5,0.5,0.1,0.0,0.0,False,50
VN1R3,0.16,2,2,2,14.0,4.0,14.625,1.0,0.0,0.2,0.0,0.8,0.6,0.0,0.0,0.0,0.0,0.0,0.0,0.0,0.4,0.0,False,50
DNMT1,0.16,1,1,1,6.0,2.0,14.9375,0.9090909090909091,0.2,0.0,0.1,0.0,0.0,0.0,0.0,0.5,0.4,0.3,0.3,0.0,0.0,0.2,False,50
DLG3,0.16,1,1,1,11.5,1.0,15.1875,1.0,0.2,0.0,0.0,0.0,0.0,0.0,0.0,0.5,0.3,0.4,0.4,0.0,0.0,0.2,False,50
HEPACAM2,0.16,3,2,3,21.5,5.0,23.1875,0.6923076923076923,0.0,0.0,0.0,0.5,0.5,0.6,0.0,0.0,0.0,0.0,0.0,0.0,0.2,0.0,False,50
CLGN,0.15,1,1,1,15.0,1.0,13.266666666666667,0.7692307692307693,0.0,0.0,0.1,0.3,0.3,0.8,0.0,0.0,0.0,0.0,0.0,0.0,0.1,0.0,False,50
ESRP1,0.15,0,0,0,13.0,6.0,16.133333333333333,1.0,0.0,0.0,0.0,0.0,0.0,0.0,0.2,0.3,0.4,0.3,0.3,0.0,0.0,0.0,False,50
TMEM132C,0.15,0,0,0,26.0,3.0,23.266666666666666,0.38095238095238093,0.2,0.1,0.2,0.0,0.0,0.0,0.1,0.3,0.2,0.3,0.3,1.0,0.0,0.2,False,50
FARP1,0.14,0,0,0,24.5,3.0,25.0,0.5833333333333334,0.2,0.2,0.3,0.0,0.0,0.2,0.0,0.2,0.3,0.1,0.1,0.0,0.0,0.2,False,50
IGSF10,0.14,1,1,1,27.5,6.0,29.142857142857142,0.3,0.0,0.2,0.5,0.0,0.0,0.0,0.0,0.2,0.3,0.1,0.1,1.0,0.0,0.0,False,50
SLC46A2,0.13999999999999999,2,2,2,12.0,3.0,16.071428571428573,1.0,0.0,0.2,0.0,0.6,0.6,0.0,0.0,0.0,0.0,0.0,0.0,0.0,0.7,0.0,False,50
TPPP3,0.13999999999999999,1,1,1,19.0,1.0,20.714285714285715,0.21428571428571427,0.0,0.3,0.3,0.3,0.0,0.5,0.0,0.0,0.0,0.0,0.0,0.3,0.0,0.0,False,50
LIMK2,0.13999999999999999,0,0,0,22.0,6.0,23.0,1.0,0.1,0.0,0.0,0.0,0.0,0.0,0.0,0.3,0.3,0.4,0.4,0.0,0.0,0.1,False,50
CDR1,0.13,1,1,1,7.0,1.0,10.615384615384615,0.05,0.0,0.9,0.1,0.3,0.0,0.0,0.0,0.0,0.0,0.0,0.0,1.0,0.0,0.0,False,50
CPS1,0.13,1,1,1,14.0,2.0,20.692307692307693,0.35714285714285715,0.0,0.1,0.2,0.0,0.1,0.9,0.0,0.0,0.0,0.0,0.0,0.0,0.1,0.0,False,50
AGRN,0.13,0,0,0,25.0,12.0,26.153846153846153,0.9090909090909091,0.3,0.1,0.2,0.0,0.0,0.0,0.0,0.1,0.1,0.4,0.4,0.0,0.0,0.3,False,50
FGFBP2,0.13,0,0,0,32.0,4.0,30.307692307692307,0.1111111111111111,0.0,0.4,0.4,0.0,0.0,0.3,0.2,0.0,0.0,0.0,0.0,0.7,0.0,0.0,False,50
CTTNBP2,0.13,1,1,1,35.0,11.0,32.46153846153846,0.16666666666666666,0.0,0.0,0.1,0.0,0.4,0.5,0.3,0.0,0.0,0.0,0.0,0.0,0.2,0.0,False,50
COL10A1,0.12000000000000002,2,1,2,16.0,3.0,13.333333333333334,1.0,1.0,0.0,0.0,0.0,0.0,0.0,0.0,0.5,0.5,0.1,0.1,0.0,0.0,1.0,False,50
LINS1,0.12000000000000002,1,1,1,19.5,1.0,20.5,0.4,0.0,0.2,0.5,0.1,0.0,0.2,0.0,0.0,0.0,0.1,0.1,0.0,0.0,0.0,False,50
ADAR,0.12000000000000002,0,0,0,21.5,3.0,21.583333333333332,1.0,0.7,0.0,0.0,0.0,0.0,0.0,0.0,0.2,0.2,0.4,0.4,0.0,0.0,0.7,False,50
CIDEA,0.12000000000000002,1,1,1,29.0,12.0,26.333333333333332,0.14285714285714285,0.0,0.0,0.0,0.0,0.1,0.0,0.9,0.0,0.0,0.1,0.1,0.2,0.3,0.0,False,50
ACSM5,0.12000000000000002,1,1,1,30.5,17.0,30.083333333333332,0.0,0.0,0.0,0.0,0.0,0.1,0.0,1.0,0.0,0.1,0.0,0.0,0.1,0.2,0.0,False,50
TMEM246,0.12000000000000002,1,1,1,37.5,20.0,35.666666666666664,0.0,0.0,0.1,0.0,0.1,0.3,0.0,0.6,0.0,0.1,0.0,0.0,0.0,0.2,0.0,False,50
ATOH8,0.12,0,0,0,12.0,7.0,18.166666666666668,0.5,0.0,0.0,0.1,0.1,0.0,0.0,0.0,0.3,0.3,0.2,0.2,0.4,0.0,0.0,False,50
PRSS8,0.12,2,1,2,17.5,3.0,19.666666666666668,1.0,0.6,0.0,0.0,0.0,0.0,0.0,0.0,0.6,0.6,0.0,0.0,0.0,0.0,0.6,False,50
SLC35A2,0.12,0,0,0,16.5,6.0,19.75,1.0,0.3,0.0,0.0,0.0,0.0,0.0,0.0,0.4,0.4,0.2,0.2,0.0,0.0,0.3,False,50
ALCAM,0.12,1,1,1,20.0,2.0,20.916666666666668,0.6428571428571429,0.0,0.0,0.0,0.0,0.3,0.9,0.0,0.0,0.0,0.0,0.0,0.0,0.2,0.0,False,50
LVRN,0.12,0,0,0,25.0,1.0,22.75,0.4,0.0,0.1,0.0,0.0,0.2,0.0,0.2,0.4,0.3,0.0,0.0,0.1,0.2,0.0,False,50
LOC105378828,0.12,2,1,2,26.5,16.0,28.416666666666668,0.0,0.0,0.0,0.0,0.0,0.5,0.0,0.7,0.0,0.0,0.0,0.0,0.0,0.4,0.0,False,50
LRRC15,0.12,0,0,0,27.0,19.0,31.666666666666668,0.9411764705882353,1.0,0.0,0.2,0.0,0.0,0.0,0.0,0.3,0.3,0.2,0.2,0.0,0.0,1.0,False,50
ARF1,0.11000000000000001,0,0,0,19.0,9.0,18.363636363636363,1.0,0.0,0.0,0.0,0.0,0.0,0.0,0.0,0.1,0.2,0.4,0.4,0.0,0.0,0.0,False,50
CEP63,0.11000000000000001,1,1,1,18.0,3.0,25.545454545454547,0.3333333333333333,0.0,0.1,0.1,0.0,0.3,0.6,0.0,0.0,0.0,0.0,0.0,0.0,0.1,0.0,False,50
TMTC2,0.11000000000000001,0,0,0,28.0,4.0,26.09090909090909,1.0,0.0,0.0,0.0,0.4,0.3,0.4,0.0,0.0,0.0,0.0,0.0,0.0,0.2,0.0,False,50
TMOD1,0.11000000000000001,0,0,0,37.0,9.0,31.90909090909091,0.18181818181818182,0.0,0.0,0.0,0.0,0.4,0.3,0.4,0.0,0.0,0.0,0.0,0.0,0.4,0.0,False,50
ELMOD3,0.11000000000000001,1,1,1,32.0,21.0,32.72727272727273,0.0,0.0,0.0,0.0,0.0,0.2,0.0,0.9,0.0,0.0,0.0,0.0,0.0,0.1,0.0,False,50
GDF10,0.11000000000000001,1,1,1,31.0,16.0,33.09090909090909,0.0,0.0,0.0,0.0,0.0,0.7,0.0,0.4,0.0,0.0,0.0,0.0,0.0,0.5,0.0,False,50
RNF213,0.10999999999999999,0,0,0,22.0,8.0,20.363636363636363,1.0,0.6,0.0,0.0,0.0,0.0,0.0,0.0,0.3,0.4,0.2,0.2,0.0,0.0,0.6,False,50
MMP11,0.10999999999999999,0,0,0,17.0,10.0,22.0,1.0,1.0,0.0,0.1,0.0,0.0,0.0,0.0,0.3,0.3,0.2,0.2,0.0,0.0,1.0,False,50
BGN,0.10999999999999999,1,1,1,28.0,1.0,24.181818181818183,0.7857142857142857,0.0,0.3,0.6,0.0,0.0,0.0,0.0,0.1,0.1,0.0,0.0,0.4,0.0,0.0,False,50
LINC00471,0.1,1,1,1,10.5,5.0,13.4,1.0,0.0,0.1,0.0,0.6,0.3,0.0,0.0,0.0,0.0,0.0,0.0,0.0,0.2,0.0,False,50
CANT1,0.1,0,0,0,10.5,3.0,13.8,1.0,0.0,0.0,0.0,0.0,0.0,0.0,0.0,0.3,0.3,0.2,0.2,0.0,0.0,0.0,False,50
CYB561,0.1,0,0,0,16.5,1.0,15.4,1.0,0.0,0.0,0.0,0.0,0.0,0.0,0.0,0.3,0.3,0.2,0.2,0.0,0.0,0.0,False,50
ARRDC1,0.1,0,0,0,18.0,3.0,18.0,1.0,0.1,0.0,0.0,0.0,0.0,0.0,0.0,0.2,0.2,0.3,0.3,0.0,0.0,0.1,False,50
CCNE2,0.1,0,0,0,19.5,1.0,18.1,1.0,0.2,0.0,0.1,0.0,0.0,0.0,0.0,0.1,0.0,0.4,0.4,0.0,0.0,0.2,False,50
RAB11FIP3,0.1,0,0,0,19.5,10.0,19.0,1.0,0.2,0.0,0.0,0.0,0.0,0.0,0.0,0.3,0.3,0.2,0.2,0.0,0.0,0.2,False,50
KLF15,0.1,0,0,0,21.5,4.0,24.4,0.4,0.0,0.3,0.3,0.1,0.0,0.0,0.0,0.1,0.2,0.0,0.0,0.2,0.1,0.0,False,50
LCOR,0.1,1,1,1,23.5,2.0,25.6,0.375,0.0,0.1,0.5,0.2,0.0,0.2,0.0,0.0,0.0,0.0,0.0,0.0,0.0,0.0,False,50
PSRC1,0.1,1,1,1,25.5,17.0,28.9,1.0,0.2,0.0,0.0,0.0,0.0,0.0,0.0,0.5,0.3,0.1,0.1,0.0,0.0,0.2,False,50
CCDC141,0.1,0,0,0,33.5,7.0,30.7,0.0,0.0,0.3,0.1,0.1,0.2,0.0,0.3,0.0,0.0,0.0,0.0,1.0,0.1,0.0,False,50
TSLP,0.1,1,1,1,33.0,20.0,33.2,0.125,0.0,0.0,0.0,0.0,0.2,0.2,0.6,0.0,0.0,0.0,0.0,0.1,0.3,0.0,False,50
LOC90768,0.1,1,1,1,37.5,5.0,33.4,0.2,0.0,0.0,0.0,0.0,0.5,0.2,0.3,0.0,0.0,0.0,0.0,0.0,0.3,0.0,False,50
CREB5,0.1,1,1,1,36.0,27.0,37.1,0.0,0.0,0.1,0.0,0.0,0.5,0.0,0.4,0.0,0.0,0.0,0.0,0.1,0.4,0.0,False,50
LDHD,0.1,0,0,0,41.5,30.0,41.8,0.1111111111111111,0.0,0.0,0.0,0.0,0.4,0.2,0.4,0.0,0.0,0.0,0.0,0.0,0.3,0.0,False,50
LOC102723886,0.09999999999999999,1,1,1,3.0,1.0,9.8,0.1111111111111111,0.0,0.7,0.2,0.1,0.0,0.0,0.0,0.0,0.0,0.0,0.0,0.9,0.0,0.0,False,50
CBFA2T2,0.09000000000000001,0,0,0,11.0,10.0,16.22222222222222,1.0,0.0,0.0,0.0,0.0,0.0,0.0,0.0,0.2,0.1,0.3,0.3,0.0,0.0,0.0,False,50
C11orf80,0.09000000000000001,0,0,0,19.0,5.0,20.22222222222222,1.0,0.3,0.0,0.0,0.0,0.0,0.0,0.0,0.1,0.2,0.3,0.3,0.0,0.0,0.3,False,50
DSP,0.09000000000000001,0,0,0,20.0,7.0,26.0,0.8,0.0,0.0,0.0,0.0,0.1,0.1,0.2,0.2,0.3,0.0,0.0,0.0,0.1,0.0,False,50
TAT,0.09,1,1,1,5.0,2.0,10.444444444444445,1.0,0.0,0.0,0.0,0.6,0.3,0.0,0.0,0.0,0.0,0.0,0.0,0.0,0.3,0.0,False,50
MGEA5,0.09,1,1,1,9.0,2.0,12.88888888888889,0.6363636363636364,0.0,0.2,0.7,0.0,0.0,0.0,0.0,0.0,0.0,0.0,0.0,0.2,0.0,0.0,False,50
LYPD6,0.09,1,1,1,19.0,7.0,24.22222222222222,0.3333333333333333,0.0,0.0,0.2,0.6,0.0,0.1,0.0,0.0,0.0,0.0,0.0,0.0,0.0,0.0,False,50
FHL5,0.09,0,0,0,19.0,14.0,24.444444444444443,0.2,0.0,0.2,0.0,0.1,0.2,0.1,0.1,0.0,0.0,0.1,0.1,0.2,0.2,0.0,False,50
CTHRC1,0.09,1,1,1,31.0,2.0,24.666666666666668,0.6363636363636364,0.0,0.2,0.5,0.1,0.0,0.1,0.0,0.0,0.0,0.0,0.0,0.3,0.0,0.0,False,50
GSPT1,0.09,1,1,1,32.0,6.0,30.0,1.0,0.1,0.0,0.0,0.0,0.0,0.0,0.0,0.5,0.4,0.0,0.0,0.0,0.0,0.1,False,50
GLYAT,0.09,1,1,1,36.0,10.0,30.444444444444443,0.0,0.0,0.1,0.0,0.0,0.2,0.0,0.6,0.0,0.0,0.0,0.0,0.1,0.2,0.0,False,50
IFNLR1,0.09,1,1,1,33.0,13.0,31.0,0.6666666666666666,0.0,0.1,0.1,0.1,0.1,0.5,0.0,0.0,0.0,0.0,0.0,0.0,0.1,0.0,False,50
ST6GALNAC6,0.09,1,1,1,28.0,19.0,31.666666666666668,0.2857142857142857,0.0,0.0,0.0,0.0,0.0,0.5,0.4,0.0,0.0,0.0,0.0,0.1,0.1,0.0,False,50
ADRA1A,0.09,1,1,1,36.0,27.0,38.666666666666664,0.0,0.0,0.0,0.0,0.0,0.3,0.0,0.6,0.0,0.0,0.0,0.0,0.1,0.1,0.0,False,50
CHML,0.08,0,0,0,11.0,1.0,10.75,1.0,0.3,0.0,0.0,0.0,0.0,0.0,0.0,0.2,0.2,0.2,0.2,0.0,0.0,0.3,False,50
LOC100272216,0.08,0,0,0,11.5,6.0,12.375,1.0,0.2,0.0,0.0,0.0,0.0,0.0,0.0,0.2,0.2,0.2,0.2,0.0,0.0,0.2,False,50
PENK,0.08,1,1,1,9.5,4.0,13.125,0.17647058823529413,0.0,0.5,0.3,0.0,0.0,0.0,0.0,0.0,0.0,0.0,0.0,0.9,0.0,0.0,False,50
GLA,0.08,0,0,0,13.0,2.0,15.5,0.6666666666666666,0.0,0.0,0.0,0.4,0.2,0.2,0.0,0.0,0.0,0.0,0.0,0.0,0.2,0.0,False,50
ADAMTS8,0.08,0,0,0,9.5,1.0,16.375,0.7777777777777778,0.0,0.0,0.0,0.2,0.4,0.2,0.0,0.0,0.0,0.0,0.0,0.0,0.3,0.0,False,50
FAM162B,0.08,0,0,0,17.0,4.0,17.125,0.8,0.1,0.0,0.0,0.0,0.0,0.0,0.0,0.2,0.2,0.2,0.2,0.0,0.0,0.1,False,50
PPP2R3C,0.08,0,0,0,13.5,7.0,17.125,1.0,0.0,0.0,0.0,0.0,0.0,0.0,0.0,0.2,0.2,0.2,0.2,0.0,0.0,0.0,False,50
AGPAT5,0.08,0,0,0,15.0,2.0,18.0,0.7142857142857143,0.0,0.1,0.2,0.1,0.0,0.4,0.0,0.0,0.0,0.0,0.0,0.0,0.0,0.0,False,50
LOC283588,0.08,0,0,0,15.5,4.0,18.625,0.6666666666666666,0.0,0.2,0.2,0.2,0.0,0.2,0.0,0.0,0.0,0.0,0.0,0.0,0.0,0.0,False,50
SDC1,0.08,0,0,0,14.5,4.0,19.25,0.9230769230769231,0.8,0.0,0.2,0.0,0.0,0.0,0.0,0.3,0.3,0.0,0.0,0.0,0.0,0.8,False,50
LRRC1,0.08,0,0,0,13.5,8.0,20.625,1.0,0.0,0.0,0.0,0.0,0.0,0.0,0.0,0.1,0.3,0.2,0.2,0.0,0.0,0.0,False,50
HN1L,0.08,0,0,0,22.5,4.0,21.75,1.0,0.2,0.0,0.0,0.0,0.0,0.0,0.0,0.4,0.4,0.0,0.0,0.0,0.0,0.2,False,50
BMP2K,0.08,1,1,1,22.5,7.0,21.875,0.0,0.0,0.0,0.0,0.6,0.0,0.2,0.0,0.0,0.0,0.0,0.0,0.0,0.0,0.0,False,50
TMEM44-AS1,0.08,1,1,1,25.5,3.0,23.5,0.3333333333333333,0.0,0.1,0.2,0.0,0.0,0.5,0.0,0.0,0.0,0.0,0.0,0.0,0.1,0.0,False,50
ZNF555,0.08,0,0,0,22.5,4.0,24.25,0.5,0.0,0.1,0.2,0.4,0.0,0.1,0.0,0.0,0.0,0.0,0.0,0.0,0.0,0.0,False,50
FABP4,0.08,1,1,1,27.5,11.0,27.75,0.7142857142857143,0.2,0.0,0.0,0.0,0.0,0.0,0.0,0.5,0.3,0.0,0.0,0.0,0.0,0.2,False,50
PLA2G2A,0.08,0,0,0,31.0,7.0,29.5,0.25,0.0,0.0,0.0,0.0,0.2,0.2,0.2,0.0,0.2,0.0,0.0,0.0,0.0,0.0,False,50
TRDN,0.08,0,0,0,26.0,22.0,30.75,0.0,0.0,0.3,0.0,0.1,0.2,0.0,0.2,0.0,0.0,0.0,0.0,0.1,0.2,0.0,False,50
MLXIPL,0.08,1,1,1,39.0,11.0,36.0,0.0,0.0,0.0,0.0,0.0,0.1,0.1,0.6,0.0,0.0,0.0,0.0,0.0,0.1,0.0,False,50
SOX4,0.08,0,0,0,40.5,16.0,36.0,0.7142857142857143,0.2,0.0,0.2,0.0,0.0,0.0,0.1,0.2,0.3,0.0,0.0,0.1,0.0,0.2,False,50
ALAS2,0.07999999999999999,1,1,1,13.0,1.0,17.375,0.0,0.0,0.7,0.0,0.1,0.0,0.0,0.0,0.0,0.0,0.0,0.0,0.7,0.0,0.0,False,50
FDXACB1,0.07999999999999999,0,0,0,16.5,6.0,18.375,0.8333333333333334,0.0,0.0,0.0,0.4,0.3,0.1,0.0,0.0,0.0,0.0,0.0,0.0,0.2,0.0,False,50
MT1M,0.07999999999999999,0,0,0,21.0,11.0,19.0,0.6666666666666666,0.0,0.1,0.3,0.0,0.0,0.0,0.0,0.1,0.1,0.1,0.1,0.0,0.0,0.0,False,50
SQLE,0.07999999999999999,0,0,0,17.0,12.0,20.125,1.0,0.1,0.0,0.0,0.0,0.0,0.0,0.0,0.3,0.3,0.1,0.1,0.0,0.0,0.1,False,50
TRMT13,0.07999999999999999,0,0,0,29.0,6.0,26.625,0.625,0.0,0.3,0.4,0.0,0.0,0.1,0.0,0.0,0.0,0.0,0.0,0.0,0.0,0.0,False,50
ZCCHC7,0.07999999999999999,0,0,0,22.5,11.0,27.125,1.0,0.0,0.0,0.0,0.0,0.0,0.0,0.0,0.3,0.3,0.1,0.1,0.0,0.0,0.0,False,50
LOC100506476,0.07999999999999999,1,1,1,28.0,15.0,30.375,0.25,0.0,0.0,0.0,0.0,0.1,0.6,0.1,0.0,0.0,0.0,0.0,0.0,0.5,0.0,False,50
OR9A1P,0.07,0,0,0,10.0,3.0,11.857142857142858,0.8333333333333334,0.0,0.1,0.0,0.3,0.2,0.1,0.0,0.0,0.0,0.0,0.0,0.0,0.2,0.0,False,50
ZNF764,0.06999999999999999,0,0,0,13.0,8.0,17.285714285714285,1.0,0.0,0.0,0.0,0.0,0.0,0.0,0.0,0.2,0.1,0.2,0.2,0.0,0.0,0.0,False,50
SPP1,0.06999999999999999,1,1,1,27.0,9.0,22.571428571428573,0.6666666666666666,0.0,0.0,0.1,0.1,0.0,0.5,0.0,0.0,0.0,0.0,0.0,0.0,0.0,0.0,False,50
TBC1D2,0.06999999999999999,0,0,0,20.0,3.0,23.857142857142858,0.3333333333333333,0.0,0.1,0.2,0.2,0.0,0.2,0.0,0.0,0.0,0.0,0.0,0.0,0.1,0.0,False,50
BMPER,0.06999999999999999,0,0,0,11.0,5.0,25.142857142857142,0.4,0.0,0.0,0.0,0.0,0.2,0.0,0.2,0.1,0.0,0.1,0.1,0.0,0.1,0.0,False,50
SMYD3,0.06999999999999999,1,1,1,30.0,8.0,25.571428571428573,0.5,0.0,0.0,0.5,0.1,0.0,0.1,0.0,0.0,0.0,0.0,0.0,0.0,0.0,0.0,False,50
CACNB3,0.06999999999999999,0,0,0,18.0,16.0,25.857142857142858,1.0,0.6,0.0,0.0,0.0,0.0,0.0,0.0,0.1,0.4,0.1,0.1,0.0,0.0,0.6,False,50
NLGN1,0.06999999999999999,0,0,0,29.0,14.0,26.571428571428573,0.0,0.0,0.1,0.0,0.0,0.3,0.0,0.3,0.0,0.0,0.0,0.0,0.3,0.2,0.0,False,50
HSPA12A,0.06999999999999999,0,0,0,31.0,2.0,28.142857142857142,0.3333333333333333,0.0,0.0,0.1,0.0,0.1,0.1,0.0,0.2,0.2,0.0,0.0,0.0,0.1,0.0,False,50
PIP4K2C,0.06999999999999999,0,0,0,27.0,18.0,29.142857142857142,1.0,0.0,0.0,0.0,0.0,0.0,0.0,0.0,0.2,0.3,0.1,0.1,0.0,0.0,0.0,False,50
GTDC1,0.06999999999999999,0,0,0,31.0,12.0,31.285714285714285,1.0,0.0,0.0,0.2,0.0,0.0,0.1,0.0,0.2,0.2,0.0,0.0,0.0,0.0,0.0,False,50
EMX2,0.06999999999999999,0,0,0,32.0,12.0,32.0,0.0,0.0,0.1,0.0,0.0,0.3,0.1,0.2,0.0,0.0,0.0,0.0,0.0,0.3,0.0,False,50
PYGM,0.06999999999999999,0,0,0,35.0,20.0,33.142857142857146,0.3333333333333333,0.0,0.0,0.0,0.0,0.2,0.0,0.2,0.1,0.0,0.1,0.1,0.0,0.2,0.0,False,50
RBPMS-AS1,0.06999999999999999,1,1,1,36.0,20.0,34.0,0.0,0.0,0.0,0.0,0.0,0.1,0.0,0.6,0.0,0.0,0.0,0.0,0.0,0.2,0.0,False,50
USP43,0.06999999999999999,1,1,1,34.0,15.0,35.285714285714285,0.6,0.0,0.0,0.0,0.2,0.0,0.5,0.0,0.0,0.0,0.0,0.0,0.0,0.0,0.0,False,50
ADH1A,0.06999999999999999,0,0,0,42.0,15.0,39.857142857142854,0.14285714285714285,0.0,0.0,0.0,0.0,0.3,0.0,0.3,0.1,0.0,0.0,0.0,0.0,0.3,0.0,False,50
EPPK1,0.06000000000000001,0,0,0,15.0,12.0,21.5,1.0,0.1,0.1,0.1,0.0,0.0,0.0,0.0,0.2,0.2,0.0,0.0,0.0,0.0,0.1,False,50
LOC101929726,0.06000000000000001,0,0,0,23.0,14.0,22.5,0.0,0.0,0.0,0.0,0.0,0.2,0.2,0.2,0.0,0.0,0.0,0.0,0.0,0.2,0.0,False,50
RANGAP1,0.06000000000000001,0,0,0,23.5,13.0,22.833333333333332,1.0,0.0,0.1,0.1,0.0,0.0,0.0,0.0,0.0,0.0,0.2,0.2,0.0,0.0,0.0,False,50
LOC727820,0.06000000000000001,0,0,0,27.5,3.0,24.833333333333332,0.5,0.0,0.2,0.4,0.0,0.0,0.0,0.0,0.0,0.0,0.0,0.0,0.0,0.0,0.0,False,50
ACVR1C,0.06000000000000001,0,0,0,34.0,3.0,26.666666666666668,0.375,0.1,0.0,0.1,0.0,0.0,0.0,0.1,0.2,0.2,0.0,0.0,0.3,0.1,0.1,False,50
LINC01140,0.06000000000000001,0,0,0,24.5,18.0,27.666666666666668,1.0,0.0,0.0,0.0,0.0,0.0,0.0,0.0,0.2,0.0,0.2,0.2,0.0,0.0,0.0,False,50
NRIP3,0.06000000000000001,0,0,0,30.0,12.0,30.333333333333332,1.0,0.0,0.0,0.0,0.3,0.1,0.2,0.0,0.0,0.0,0.0,0.0,0.0,0.1,0.0,False,50
LRRN1,0.06000000000000001,0,0,0,31.5,17.0,30.666666666666668,1.0,0.0,0.0,0.2,0.4,0.0,0.0,0.0,0.0,0.0,0.0,0.0,0.0,0.0,0.0,False,50
ABHD5,0.06000000000000001,0,0,0,34.5,21.0,34.5,0.4,0.0,0.0,0.2,0.1,0.0,0.3,0.0,0.0,0.0,0.0,0.0,0.0,0.0,0.0,False,50
LOC101929486,0.06,1,1,1,4.0,2.0,5.166666666666667,0.0,0.0,0.6,0.0,0.0,0.0,0.0,0.0,0.0,0.0,0.0,0.0,0.7,0.0,0.0,False,50
MICAL2,0.06,0,0,0,8.0,1.0,6.333333333333333,1.0,0.0,0.0,0.0,0.0,0.0,0.0,0.0,0.2,0.2,0.1,0.1,0.0,0.0,0.0,False,50
TSPAN17,0.06,0,0,0,10.0,8.0,15.0,1.0,0.2,0.0,0.0,0.0,0.0,0.0,0.0,0.2,0.2,0.1,0.1,0.0,0.0,0.2,False,50
PGC,0.06,1,1,1,12.5,5.0,15.833333333333334,0.0,0.0,0.5,0.0,0.1,0.0,0.0,0.0,0.0,0.0,0.0,0.0,0.9,0.0,0.0,False,50
ACACB,0.06,0,0,0,16.0,7.0,16.666666666666668,0.6,0.2,0.0,0.0,0.0,0.0,0.0,0.0,0.2,0.2,0.1,0.1,0.0,0.0,0.2,False,50
CBR4,0.06,0,0,0,16.0,7.0,16.666666666666668,1.0,0.2,0.0,0.0,0.0,0.0,0.0,0.0,0.2,0.2,0.1,0.1,0.0,0.0,0.2,False,50
PDK4,0.06,0,0,0,19.5,7.0,22.166666666666668,0.6,0.2,0.0,0.0,0.0,0.0,0.0,0.0,0.2,0.2,0.1,0.1,0.0,0.0,0.2,False,50
TDRD9,0.06,0,0,0,17.0,9.0,23.333333333333332,1.0,0.0,0.0,0.0,0.4,0.1,0.1,0.0,0.0,0.0,0.0,0.0,0.0,0.0,0.0,False,50
TNK2-AS1,0.06,1,1,1,24.5,3.0,23.666666666666668,0.0,0.0,0.5,0.1,0.0,0.0,0.0,0.0,0.0,0.0,0.0,0.0,0.5,0.0,0.0,False,50
METTL9,0.06,0,0,0,25.0,13.0,25.0,1.0,0.0,0.0,0.0,0.0,0.0,0.0,0.0,0.2,0.2,0.1,0.1,0.0,0.0,0.0,False,50
COMP,0.06,1,1,1,21.5,7.0,25.166666666666668,0.75,0.2,0.1,0.5,0.0,0.0,0.0,0.0,0.0,0.0,0.0,0.0,0.0,0.0,0.2,False,50
LOC105371414,0.06,1,1,1,28.0,9.0,26.333333333333332,0.0,0.0,0.5,0.0,0.1,0.0,0.0,0.0,0.0,0.0,0.0,0.0,0.4,0.0,0.0,False,50
SYN2,0.06,0,0,0,23.0,14.0,27.666666666666668,0.25,0.0,0.0,0.0,0.0,0.1,0.0,0.2,0.0,0.1,0.1,0.1,0.0,0.2,0.0,False,50
AOC4P,0.06,1,1,1,27.0,12.0,28.666666666666668,,0.0,0.0,0.0,0.6,0.0,0.0,0.0,0.0,0.0,0.0,0.0,0.0,0.0,0.0,False,50
CLC,0.06,1,1,1,26.5,19.0,31.333333333333332,0.0,0.0,0.6,0.0,0.0,0.0,0.0,0.0,0.0,0.0,0.0,0.0,0.4,0.0,0.0,False,50
VPS37C,0.06,0,0,0,35.0,21.0,31.833333333333332,1.0,0.1,0.0,0.0,0.0,0.0,0.0,0.0,0.3,0.3,0.0,0.0,0.0,0.0,0.1,False,50
ARHGEF3,0.06,1,1,1,36.0,12.0,32.666666666666664,0.0,0.0,0.0,0.1,0.5,0.0,0.0,0.0,0.0,0.0,0.0,0.0,0.0,0.0,0.0,False,50
GLRA3,0.06,0,0,0,33.5,20.0,34.5,1.0,0.0,0.1,0.0,0.4,0.1,0.0,0.0,0.0,0.0,0.0,0.0,0.0,0.1,0.0,False,50
BHMT2,0.06,0,0,0,38.0,17.0,34.833333333333336,0.5,0.0,0.1,0.0,0.0,0.0,0.0,0.2,0.1,0.0,0.1,0.1,0.0,0.1,0.0,False,50
CASQ2,0.06,0,0,0,39.5,26.0,36.0,0.0,0.0,0.1,0.0,0.0,0.0,0.0,0.4,0.0,0.1,0.0,0.0,0.0,0.1,0.0,False,50
MOCS1,0.06,1,1,1,39.5,34.0,39.0,0.25,0.0,0.0,0.0,0.0,0.0,0.0,0.5,0.1,0.0,0.0,0.0,0.1,0.2,0.0,False,50
ADAM22,0.06,0,0,0,47.0,27.0,42.666666666666664,0.0,0.0,0.0,0.0,0.0,0.3,0.0,0.3,0.0,0.0,0.0,0.0,0.0,0.3,0.0,False,50
DPY19L2P3,0.05,0,0,0,1.0,1.0,2.6,1.0,0.0,0.1,0.0,0.2,0.2,0.0,0.0,0.0,0.0,0.0,0.0,0.1,0.2,0.0,False,50
FANCI,0.05,0,0,0,7.0,1.0,12.4,1.0,0.0,0.0,0.0,0.0,0.0,0.0,0.0,0.2,0.1,0.1,0.1,0.0,0.0,0.0,False,50
MYO5B,0.05,0,0,0,10.0,5.0,13.6,0.8,0.0,0.1,0.1,0.0,0.1,0.1,0.1,0.0,0.0,0.0,0.0,0.0,0.1,0.0,False,50
ADORA3,0.05,0,0,0,17.0,6.0,14.4,0.6666666666666666,0.0,0.0,0.0,0.3,0.1,0.1,0.0,0.0,0.0,0.0,0.0,0.0,0.1,0.0,False,50
SUGP2,0.05,0,0,0,16.0,10.0,15.0,1.0,0.2,0.0,0.0,0.0,0.0,0.0,0.0,0.1,0.2,0.1,0.1,0.0,0.0,0.2,False,50
FAM110A,0.05,0,0,0,11.0,8.0,15.4,1.0,0.0,0.0,0.0,0.0,0.0,0.0,0.0,0.1,0.2,0.1,0.1,0.0,0.0,0.0,False,50
OR2H4P,0.05,1,1,1,11.0,5.0,15.4,0.0,0.0,0.5,0.0,0.0,0.0,0.0,0.0,0.0,0.0,0.0,0.0,0.5,0.0,0.0,False,50
LOC101928433,0.05,0,0,0,8.0,1.0,16.4,0.8,0.0,0.2,0.3,0.0,0.0,0.0,0.0,0.0,0.0,0.0,0.0,0.0,0.0,0.0,False,50
TRHDE,0.05,0,0,0,17.0,2.0,16.4,0.0,0.0,0.0,0.0,0.0,0.2,0.1,0.2,0.0,0.0,0.0,0.0,0.1,0.2,0.0,False,50
SLC29A4,0.05,0,0,0,15.0,10.0,16.6,0.2,0.0,0.0,0.0,0.0,0.2,0.1,0.2,0.0,0.0,0.0,0.0,0.0,0.2,0.0,False,50
SHB,0.05,0,0,0,11.0,4.0,17.2,1.0,0.0,0.0,0.0,0.0,0.0,0.0,0.0,0.2,0.3,0.0,0.0,0.0,0.0,0.0,False,50
LOC101929406,0.05,1,1,1,17.0,3.0,17.8,0.0,0.0,0.5,0.0,0.0,0.0,0.0,0.0,0.0,0.0,0.0,0.0,0.5,0.0,0.0,False,50
LEF1,0.05,0,0,0,12.0,2.0,18.8,0.6,0.0,0.1,0.1,0.0,0.1,0.2,0.0,0.0,0.0,0.0,0.0,0.0,0.0,0.0,False,50
LOC401052,0.05,0,0,0,14.0,7.0,19.0,0.2,0.0,0.2,0.2,0.0,0.0,0.0,0.0,0.1,0.0,0.0,0.0,0.0,0.0,0.0,False,50
WDR90,0.05,0,0,0,14.0,12.0,19.2,1.0,0.7,0.0,0.0,0.0,0.0,0.0,0.0,0.2,0.3,0.0,0.0,0.0,0.0,0.7,False,50
CLDN4,0.05,0,0,0,18.0,9.0,20.0,1.0,0.0,0.0,0.0,0.0,0.0,0.0,0.0,0.1,0.0,0.2,0.2,0.0,0.0,0.0,False,50
ADH1B,0.05,0,0,0,20.0,6.0,22.0,0.75,0.1,0.0,0.1,0.0,0.0,0.0,0.0,0.2,0.2,0.0,0.0,0.0,0.0,0.1,False,50
EZH2,0.05,0,0,0,18.0,6.0,23.2,1.0,0.2,0.0,0.0,0.0,0.0,0.0,0.0,0.2,0.1,0.1,0.1,0.0,0.0,0.2,False,50
MAP3K1,0.05,0,0,0,29.0,8.0,23.2,1.0,0.0,0.0,0.0,0.4,0.0,0.1,0.0,0.0,0.0,0.0,0.0,0.0,0.0,0.0,False,50
TELO2,0.05,0,0,0,30.0,4.0,23.2,1.0,0.5,0.0,0.0,0.0,0.0,0.0,0.0,0.1,0.4,0.0,0.0,0.0,0.0,0.5,False,50
FOXP2,0.05,0,0,0,24.0,6.0,23.8,0.25,0.0,0.0,0.0,0.0,0.1,0.1,0.1,0.1,0.1,0.0,0.0,0.0,0.1,0.0,False,50
MAGI2-AS3,0.05,0,0,0,24.0,15.0,24.4,0.16666666666666666,0.0,0.0,0.0,0.0,0.2,0.1,0.2,0.0,0.0,0.0,0.0,0.1,0.2,0.0,False,50
ESCO1,0.05,0,0,0,20.0,8.0,24.8,0.4,0.0,0.1,0.2,0.0,0.0,0.2,0.0,0.0,0.0,0.0,0.0,0.0,0.0,0.0,False,50
CNNM4,0.05,0,0,0,30.0,16.0,25.4,1.0,0.0,0.0,0.0,0.0,0.0,0.0,0.0,0.0,0.1,0.2,0.2,0.0,0.0,0.0,False,50
LOC100289361,0.05,1,1,1,22.0,21.0,26.0,0.4,0.0,0.0,0.0,0.0,0.0,0.5,0.0,0.0,0.0,0.0,0.0,0.0,0.0,0.0,False,50
RBBP4,0.05,0,0,0,24.0,16.0,26.8,1.0,0.0,0.0,0.0,0.0,0.0,0.0,0.0,0.3,0.2,0.0,0.0,0.0,0.0,0.0,False,50
F2RL2,0.05,0,0,0,29.0,8.0,27.6,0.75,0.0,0.1,0.2,0.1,0.0,0.1,0.0,0.0,0.0,0.0,0.0,0.0,0.0,0.0,False,50
SPATS2,0.05,0,0,0,38.0,8.0,28.6,1.0,0.1,0.0,0.0,0.0,0.0,0.0,0.0,0.3,0.2,0.0,0.0,0.0,0.0,0.1,False,50
PTBP3,0.05,0,0,0,28.0,6.0,29.0,0.5,0.0,0.0,0.3,0.1,0.0,0.1,0.0,0.0,0.0,0.0,0.0,0.0,0.0,0.0,False,50
SEC14L2,0.05,0,0,0,27.0,18.0,29.0,0.5,0.0,0.0,0.2,0.3,0.0,0.0,0.0,0.0,0.0,0.0,0.0,0.0,0.0,0.0,False,50
ST6GALNAC3,0.05,0,0,0,24.0,19.0,29.2,0.2,0.0,0.0,0.0,0.0,0.2,0.1,0.2,0.0,0.0,0.0,0.0,0.0,0.2,0.0,False,50
HDGF,0.05,0,0,0,29.0,16.0,30.0,1.0,0.0,0.0,0.0,0.0,0.0,0.0,0.0,0.1,0.0,0.2,0.2,0.0,0.0,0.0,False,50
CPEB1,0.05,0,0,0,33.0,6.0,30.4,0.3333333333333333,0.0,0.0,0.0,0.0,0.1,0.4,0.0,0.0,0.0,0.0,0.0,0.0,0.1,0.0,False,50
KIAA0907,0.05,0,0,0,30.0,19.0,30.4,0.875,0.5,0.0,0.1,0.0,0.0,0.0,0.0,0.2,0.2,0.0,0.0,0.0,0.0,0.5,False,50
C11orf74,0.05,1,1,1,33.0,16.0,30.8,0.8,0.0,0.0,0.0,0.0,0.0,0.5,0.0,0.0,0.0,0.0,0.0,0.0,0.0,0.0,False,50
GTF2IRD2,0.05,1,1,1,28.0,22.0,31.0,0.9166666666666666,0.7,0.0,0.5,0.0,0.0,0.0,0.0,0.0,0.0,0.0,0.0,0.0,0.0,0.7,False,50
CLMP,0.05,0,0,0,29.0,11.0,31.2,1.0,0.0,0.0,0.0,0.0,0.0,0.0,0.0,0.3,0.2,0.0,0.0,0.0,0.0,0.0,False,50
EGFLAM,0.05,0,0,0,31.0,21.0,32.4,0.3333333333333333,0.0,0.1,0.1,0.0,0.0,0.0,0.0,0.1,0.2,0.0,0.0,0.0,0.0,0.0,False,50
LURAP1,0.05,0,0,0,37.0,13.0,33.0,0.0,0.0,0.3,0.1,0.0,0.1,0.0,0.0,0.0,0.0,0.0,0.0,0.1,0.1,0.0,False,50
ZNF670,0.05,0,0,0,35.0,18.0,33.2,1.0,0.0,0.0,0.2,0.3,0.0,0.0,0.0,0.0,0.0,0.0,0.0,0.0,0.0,0.0,False,50
DTL,0.05,0,0,0,31.0,21.0,33.4,1.0,0.0,0.0,0.0,0.0,0.0,0.0,0.0,0.1,0.2,0.1,0.1,0.0,0.0,0.0,False,50
RBPMS2,0.05,0,0,0,31.0,25.0,34.0,0.4,0.0,0.0,0.0,0.0,0.1,0.1,0.1,0.2,0.0,0.0,0.0,0.0,0.1,0.0,False,50
SETD1B,0.05,0,0,0,42.0,18.0,34.4,1.0,0.0,0.0,0.0,0.0,0.0,0.0,0.0,0.1,0.2,0.1,0.1,0.0,0.0,0.0,False,50
STX1B,0.05,1,1,1,42.0,8.0,35.6,0.0,0.0,0.5,0.0,0.0,0.0,0.0,0.0,0.0,0.0,0.0,0.0,0.4,0.0,0.0,False,50
FTCDNL1,0.05,0,0,0,35.0,26.0,36.0,0.14285714285714285,0.0,0.0,0.0,0.0,0.3,0.1,0.1,0.0,0.0,0.0,0.0,0.1,0.2,0.0,False,50
MYOC,0.05,0,0,0,42.0,26.0,36.4,0.0,0.0,0.0,0.0,0.0,0.3,0.0,0.2,0.0,0.0,0.0,0.0,0.0,0.2,0.0,False,50
CORO2B,0.05,0,0,0,43.0,28.0,38.6,0.0,0.0,0.0,0.0,0.0,0.2,0.0,0.3,0.0,0.0,0.0,0.0,0.0,0.1,0.0,False,50
TMED3,0.05,0,0,0,43.0,30.0,40.2,0.5,0.0,0.0,0.0,0.1,0.0,0.4,0.0,0.0,0.0,0.0,0.0,0.0,0.0,0.0,False,50
CAPN1,0.04,0,0,0,3.0,2.0,2.75,1.0,0.0,0.0,0.0,0.0,0.0,0.0,0.0,0.1,0.1,0.1,0.1,0.0,0.0,0.0,False,50
TLDC1,0.04,0,0,0,8.0,7.0,8.0,1.0,0.0,0.0,0.0,0.0,0.0,0.0,0.0,0.1,0.1,0.1,0.1,0.0,0.0,0.0,False,50
EFNA1,0.04,0,0,0,9.5,7.0,9.5,1.0,0.0,0.0,0.0,0.0,0.0,0.0,0.0,0.0,0.0,0.2,0.2,0.0,0.0,0.0,False,50
RCC2,0.04,0,0,0,9.0,2.0,10.75,1.0,0.2,0.0,0.0,0.0,0.0,0.0,0.0,0.2,0.2,0.0,0.0,0.0,0.0,0.2,False,50
ARFGAP1,0.04,0,0,0,12.5,6.0,12.25,1.0,0.1,0.0,0.0,0.0,0.0,0.0,0.0,0.0,0.0,0.2,0.2,0.0,0.0,0.1,False,50
LINC00537,0.04,0,0,0,6.0,1.0,12.75,0.6666666666666666,0.0,0.1,0.1,0.1,0.0,0.1,0.0,0.0,0.0,0.0,0.0,0.0,0.0,0.0,False,50
LOC101928271,0.04,0,0,0,14.5,7.0,13.5,0.0,0.0,0.4,0.0,0.0,0.0,0.0,0.0,0.0,0.0,0.0,0.0,0.3,0.0,0.0,False,50
LLGL2,0.04,0,0,0,15.5,8.0,14.5,1.0,0.9,0.0,0.0,0.0,0.0,0.0,0.0,0.1,0.1,0.1,0.1,0.0,0.0,0.9,False,50
SMIM20,0.04,0,0,0,15.0,6.0,14.75,1.0,0.0,0.0,0.0,0.0,0.0,0.0,0.0,0.2,0.2,0.0,0.0,0.0,0.0,0.0,False,50
DNMT3A,0.04,0,0,0,14.5,13.0,15.0,1.0,0.2,0.0,0.0,0.0,0.0,0.0,0.0,0.1,0.1,0.1,0.1,0.0,0.0,0.2,False,50
NAT14,0.04,0,0,0,15.0,7.0,16.0,1.0,0.7,0.0,0.0,0.0,0.0,0.0,0.0,0.2,0.2,0.0,0.0,0.0,0.0,0.7,False,50
LINC01088,0.04,0,0,0,10.5,3.0,16.5,0.0,0.0,0.3,0.0,0.1,0.0,0.0,0.0,0.0,0.0,0.0,0.0,0.9,0.0,0.0,False,50
C6orf132,0.04,0,0,0,12.5,8.0,16.75,1.0,0.1,0.0,0.0,0.0,0.0,0.0,0.0,0.1,0.1,0.1,0.1,0.0,0.0,0.1,False,50
ENC1,0.04,0,0,0,11.5,11.0,16.75,0.6666666666666666,0.1,0.0,0.1,0.0,0.0,0.0,0.0,0.0,0.1,0.1,0.1,0.0,0.0,0.1,False,50
EPS8L2,0.04,0,0,0,17.0,11.0,16.75,1.0,0.0,0.0,0.0,0.0,0.0,0.0,0.0,0.1,0.1,0.1,0.1,0.0,0.0,0.0,False,50
GINS2,0.04,0,0,0,12.0,6.0,16.75,1.0,0.0,0.0,0.0,0.0,0.0,0.0,0.0,0.2,0.2,0.0,0.0,0.0,0.0,0.0,False,50
ACSM3,0.04,0,0,0,10.5,4.0,17.75,0.0,0.0,0.2,0.0,0.2,0.0,0.0,0.0,0.0,0.0,0.0,0.0,0.7,0.0,0.0,False,50
LOC101927870,0.04,0,0,0,14.0,4.0,18.25,0.6666666666666666,0.0,0.0,0.0,0.2,0.1,0.1,0.0,0.0,0.0,0.0,0.0,0.0,0.1,0.0,False,50
DDR2,0.04,0,0,0,20.0,10.0,20.0,1.0,0.0,0.0,0.0,0.0,0.0,0.0,0.0,0.2,0.2,0.0,0.0,0.0,0.0,0.0,False,50
GALE,0.04,0,0,0,20.5,15.0,20.0,1.0,0.1,0.0,0.0,0.0,0.0,0.0,0.0,0.0,0.0,0.2,0.2,0.0,0.0,0.1,False,50
FAM76A,0.04,0,0,0,22.0,12.0,20.25,1.0,0.0,0.0,0.0,0.0,0.0,0.0,0.0,0.1,0.1,0.1,0.1,0.0,0.0,0.0,False,50
OCIAD2,0.04,0,0,0,21.0,15.0,21.25,1.0,0.0,0.0,0.0,0.0,0.0,0.0,0.0,0.2,0.2,0.0,0.0,0.0,0.0,0.0,False,50
ARFGEF1,0.04,0,0,0,20.5,17.0,22.25,1.0,0.1,0.0,0.0,0.0,0.0,0.0,0.0,0.2,0.2,0.0,0.0,0.0,0.0,0.1,False,50
PRPS1L1,0.04,0,0,0,23.0,15.0,22.25,0.0,0.0,0.4,0.0,0.0,0.0,0.0,0.0,0.0,0.0,0.0,0.0,0.4,0.0,0.0,False,50
ADRB1,0.04,0,0,0,15.5,14.0,22.75,0.25,0.0,0.1,0.2,0.0,0.0,0.1,0.0,0.0,0.0,0.0,0.0,0.0,0.0,0.0,False,50
BANK1,0.04,0,0,0,19.0,9.0,23.0,0.25,0.0,0.0,0.1,0.0,0.0,0.3,0.0,0.0,0.0,0.0,0.0,0.0,0.0,0.0,False,50
NUSAP1,0.04,0,0,0,20.5,13.0,23.0,1.0,0.2,0.0,0.0,0.0,0.0,0.0,0.0,0.2,0.2,0.0,0.0,0.0,0.0,0.2,False,50
ZNF512B,0.04,0,0,0,21.0,15.0,23.75,1.0,0.0,0.0,0.0,0.0,0.0,0.0,0.0,0.2,0.2,0.0,0.0,0.0,0.0,0.0,False,50
MME,0.04,0,0,0,24.5,12.0,24.25,0.5,0.2,0.0,0.0,0.0,0.0,0.0,0.0,0.1,0.1,0.1,0.1,0.0,0.0,0.2,False,50
CMA1,0.04,0,0,0,24.5,10.0,25.0,0.3333333333333333,0.0,0.1,0.0,0.0,0.0,0.0,0.0,0.0,0.1,0.1,0.1,0.1,0.0,0.0,False,50
HSPB2,0.04,0,0,0,22.0,7.0,25.0,0.75,0.1,0.0,0.0,0.0,0.0,0.0,0.0,0.3,0.1,0.0,0.0,0.0,0.0,0.1,False,50
KIAA1522,0.04,0,0,0,25.0,13.0,25.5,1.0,0.0,0.0,0.0,0.0,0.0,0.0,0.0,0.2,0.2,0.0,0.0,0.0,0.0,0.0,False,50
UPK3B,0.04,0,0,0,27.0,20.0,26.25,,0.0,0.0,0.0,0.4,0.0,0.0,0.0,0.0,0.0,0.0,0.0,0.0,0.0,0.0,False,50
RRM2,0.04,0,0,0,24.0,18.0,26.75,1.0,0.0,0.0,0.0,0.0,0.0,0.0,0.0,0.2,0.2,0.0,0.0,0.0,0.0,0.0,False,50
WNT11,0.04,0,0,0,26.5,7.0,26.75,1.0,0.0,0.0,0.2,0.0,0.0,0.2,0.0,0.0,0.0,0.0,0.0,0.0,0.0,0.0,False,50
ZNF788,0.04,0,0,0,27.0,10.0,26.75,,0.0,0.0,0.0,0.4,0.0,0.0,0.0,0.0,0.0,0.0,0.0,0.0,0.0,0.0,False,50
DCUN1D3,0.04,0,0,0,28.0,18.0,27.0,0.2,0.0,0.1,0.1,0.1,0.0,0.0,0.0,0.1,0.0,0.0,0.0,0.1,0.1,0.0,False,50
LINC00667,0.04,0,0,0,32.5,6.0,27.25,0.4,0.0,0.1,0.1,0.0,0.0,0.2,0.0,0.0,0.0,0.0,0.0,0.1,0.0,0.0,False,50
KANSL1,0.04,0,0,0,30.0,5.0,28.25,0.3333333333333333,0.0,0.1,0.1,0.1,0.0,0.1,0.0,0.0,0.0,0.0,0.0,0.0,0.0,0.0,False,50
NREP,0.04,0,0,0,25.5,19.0,29.0,0.75,0.1,0.0,0.2,0.0,0.0,0.0,0.0,0.1,0.1,0.0,0.0,0.0,0.0,0.1,False,50
ANXA2P3,0.04,0,0,0,29.0,13.0,29.25,0.16666666666666666,0.0,0.2,0.2,0.0,0.0,0.0,0.0,0.0,0.0,0.0,0.0,0.2,0.0,0.0,False,50
LOC100190986,0.04,0,0,0,33.0,13.0,29.25,0.5,0.0,0.0,0.2,0.0,0.0,0.0,0.0,0.1,0.1,0.0,0.0,0.1,0.0,0.0,False,50
SGK494,0.04,0,0,0,29.5,23.0,30.75,1.0,0.0,0.0,0.0,0.0,0.0,0.0,0.0,0.1,0.1,0.1,0.1,0.0,0.0,0.0,False,50
PUS7,0.04,0,0,0,30.5,20.0,31.0,1.0,0.0,0.0,0.0,0.0,0.0,0.0,0.0,0.2,0.2,0.0,0.0,0.0,0.0,0.0,False,50
TRIM11,0.04,0,0,0,27.0,22.0,31.0,1.0,0.8,0.0,0.0,0.0,0.0,0.0,0.0,0.1,0.1,0.1,0.1,0.0,0.0,0.8,False,50
KIF23,0.04,0,0,0,30.0,23.0,31.75,1.0,0.1,0.0,0.0,0.0,0.0,0.0,0.0,0.1,0.1,0.1,0.1,0.0,0.0,0.1,False,50
ARHGAP42,0.04,0,0,0,31.0,21.0,32.0,0.25,0.0,0.0,0.0,0.0,0.0,0.4,0.0,0.0,0.0,0.0,0.0,0.0,0.0,0.0,False,50
TMEM221,0.04,0,0,0,31.0,17.0,32.0,0.0,0.0,0.3,0.0,0.1,0.0,0.0,0.0,0.0,0.0,0.0,0.0,0.1,0.0,0.0,False,50
DNAH17,0.04,0,0,0,34.0,15.0,32.25,0.0,0.0,0.3,0.1,0.0,0.0,0.0,0.0,0.0,0.0,0.0,0.0,0.5,0.0,0.0,False,50
MGC16275,0.04,0,0,0,32.0,24.0,32.75,0.75,0.0,0.0,0.0,0.1,0.2,0.1,0.0,0.0,0.0,0.0,0.0,0.0,0.1,0.0,False,50
BSPRY,0.04,0,0,0,38.0,7.0,33.0,0.6666666666666666,0.0,0.0,0.0,0.1,0.1,0.2,0.0,0.0,0.0,0.0,0.0,0.0,0.0,0.0,False,50
CDC14A,0.04,0,0,0,36.0,10.0,33.0,0.3333333333333333,0.0,0.1,0.2,0.1,0.0,0.0,0.0,0.0,0.0,0.0,0.0,0.0,0.0,0.0,False,50
PUS1,0.04,0,0,0,32.5,29.0,33.25,1.0,0.0,0.0,0.0,0.0,0.0,0.0,0.0,0.2,0.2,0.0,0.0,0.0,0.0,0.0,False,50
TUBBP5,0.04,0,0,0,42.0,5.0,33.5,0.5,0.0,0.1,0.1,0.2,0.0,0.0,0.0,0.0,0.0,0.0,0.0,0.0,0.0,0.0,False,50
KDM2A,0.04,0,0,0,31.5,24.0,34.25,1.0,0.2,0.0,0.0,0.1,0.0,0.0,0.0,0.2,0.1,0.0,0.0,0.0,0.0,0.2,False,50
LIG1,0.04,0,0,0,35.0,25.0,34.25,1.0,0.0,0.0,0.0,0.0,0.0,0.0,0.0,0.2,0.2,0.0,0.0,0.0,0.0,0.0,False,50
KLHL31,0.04,0,0,0,35.5,20.0,34.5,0.25,0.0,0.0,0.0,0.0,0.1,0.2,0.1,0.0,0.0,0.0,0.0,0.0,0.1,0.0,False,50
PAK4,0.04,0,0,0,37.0,18.0,34.5,1.0,0.0,0.0,0.0,0.0,0.0,0.0,0.0,0.2,0.2,0.0,0.0,0.0,0.0,0.0,False,50
KCNIP2,0.04,0,0,0,32.5,24.0,34.75,0.0,0.0,0.0,0.0,0.0,0.0,0.0,0.3,0.0,0.1,0.0,0.0,0.0,0.1,0.0,False,50
EHHADH,0.04,0,0,0,32.5,27.0,35.25,1.0,0.0,0.0,0.0,0.0,0.0,0.0,0.0,0.2,0.0,0.1,0.1,0.0,0.0,0.0,False,50
RPL32P3,0.04,0,0,0,35.5,31.0,35.75,1.0,0.0,0.0,0.0,0.0,0.0,0.0,0.0,0.1,0.3,0.0,0.0,0.0,0.0,0.0,False,50
SPINT2,0.04,0,0,0,40.0,16.0,35.75,0.6666666666666666,0.0,0.1,0.1,0.0,0.0,0.0,0.1,0.1,0.0,0.0,0.0,0.0,0.0,0.0,False,50
CLSTN1,0.04,0,0,0,35.0,26.0,36.0,1.0,0.0,0.0,0.0,0.0,0.0,0.0,0.0,0.2,0.2,0.0,0.0,0.0,0.0,0.0,False,50
TOP2A,0.04,0,0,0,37.5,29.0,36.0,1.0,0.2,0.0,0.0,0.0,0.0,0.0,0.0,0.2,0.2,0.0,0.0,0.0,0.0,0.2,False,50
VAV3,0.04,0,0,0,36.5,23.0,36.25,1.0,0.0,0.0,0.1,0.0,0.0,0.3,0.0,0.0,0.0,0.0,0.0,0.0,0.0,0.0,False,50
ZNF692,0.04,0,0,0,33.5,31.0,36.25,1.0,0.2,0.0,0.0,0.0,0.0,0.0,0.0,0.2,0.2,0.0,0.0,0.0,0.0,0.2,False,50
COL4A5,0.04,0,0,0,37.5,32.0,36.5,0.6666666666666666,0.0,0.0,0.0,0.0,0.0,0.2,0.0,0.1,0.1,0.0,0.0,0.0,0.0,0.0,False,50
KDM5B,0.04,0,0,0,36.0,26.0,36.5,1.0,0.0,0.0,0.0,0.0,0.0,0.0,0.0,0.2,0.2,0.0,0.0,0.0,0.0,0.0,False,50
NPL,0.04,0,0,0,35.5,27.0,37.0,1.0,0.0,0.0,0.0,0.4,0.0,0.0,0.0,0.0,0.0,0.0,0.0,0.0,0.1,0.0,False,50
FFAR4,0.04,0,0,0,37.0,27.0,37.25,0.0,0.0,0.0,0.0,0.0,0.2,0.0,0.2,0.0,0.0,0.0,0.0,0.0,0.1,0.0,False,50
LRFN5,0.04,0,0,0,39.0,24.0,37.25,0.0,0.0,0.1,0.2,0.1,0.0,0.0,0.0,0.0,0.0,0.0,0.0,0.6,0.0,0.0,False,50
LINC00968,0.04,0,0,0,38.0,24.0,37.5,0.0,0.0,0.0,0.0,0.0,0.2,0.0,0.2,0.0,0.0,0.0,0.0,0.4,0.1,0.0,False,50
SNCG,0.04,0,0,0,38.5,25.0,37.5,0.0,0.0,0.0,0.0,0.0,0.3,0.1,0.0,0.0,0.0,0.0,0.0,0.0,0.4,0.0,False,50
ADAMTS9-AS1,0.04,0,0,0,38.5,29.0,38.0,0.0,0.0,0.2,0.0,0.2,0.0,0.0,0.0,0.0,0.0,0.0,0.0,0.5,0.0,0.0,False,50
DLX2,0.04,0,0,0,41.0,23.0,38.25,,0.0,0.0,0.0,0.4,0.0,0.0,0.0,0.0,0.0,0.0,0.0,0.0,0.0,0.0,False,50
SULF1,0.04,0,0,0,39.5,30.0,38.25,0.0,0.0,0.0,0.3,0.1,0.0,0.0,0.0,0.0,0.0,0.0,0.0,0.0,0.0,0.0,False,50
SGK2,0.04,0,0,0,37.5,36.0,39.5,0.0,0.0,0.0,0.0,0.0,0.2,0.0,0.2,0.0,0.0,0.0,0.0,0.0,0.1,0.0,False,50
LOC107985971,0.04,0,0,0,42.0,25.0,39.75,1.0,0.4,0.0,0.0,0.0,0.0,0.0,0.0,0.1,0.3,0.0,0.0,0.0,0.0,0.4,False,50
ZNF780B,0.04,0,0,0,46.0,20.0,40.0,,0.0,0.0,0.0,0.4,0.0,0.0,0.0,0.0,0.0,0.0,0.0,0.0,0.0,0.0,False,50
ALDH1L1,0.04,0,0,0,44.5,27.0,41.0,0.0,0.0,0.0,0.0,0.0,0.1,0.0,0.3,0.0,0.0,0.0,0.0,0.1,0.2,0.0,False,50
HINT3,0.04,0,0,0,46.0,24.0,41.0,0.25,0.0,0.0,0.4,0.0,0.0,0.0,0.0,0.0,0.0,0.0,0.0,0.0,0.0,0.0,False,50
ADGRD1,0.04,0,0,0,47.0,26.0,42.0,0.0,0.0,0.0,0.0,0.0,0.1,0.0,0.3,0.0,0.0,0.0,0.0,0.1,0.1,0.0,False,50
LINC00310,0.04,0,0,0,43.0,33.0,42.25,0.0,0.0,0.0,0.0,0.0,0.2,0.0,0.2,0.0,0.0,0.0,0.0,0.1,0.2,0.0,False,50
ZNF436-AS1,0.04,0,0,0,46.5,26.0,42.25,0.2,0.0,0.1,0.1,0.0,0.1,0.1,0.0,0.0,0.0,0.0,0.0,0.0,0.1,0.0,False,50
GPIHBP1,0.04,0,0,0,42.0,41.0,42.5,,0.0,0.0,0.0,0.0,0.0,0.0,0.4,0.0,0.0,0.0,0.0,0.0,0.0,0.0,False,50
TAF15,0.04,0,0,0,46.5,31.0,42.75,,0.0,0.0,0.0,0.0,0.0,0.0,0.0,0.0,0.4,0.0,0.0,0.0,0.0,0.0,False,50
GRP,0.04,0,0,0,42.0,39.0,43.0,0.3333333333333333,0.0,0.0,0.0,0.1,0.0,0.3,0.0,0.0,0.0,0.0,0.0,0.0,0.0,0.0,False,50
PTPN11,0.04,0,0,0,42.5,38.0,43.0,0.25,0.0,0.0,0.0,0.0,0.1,0.2,0.1,0.0,0.0,0.0,0.0,0.0,0.1,0.0,False,50
KCNE1,0.030000000000000006,0,0,0,6.0,2.0,5.666666666666667,1.0,0.0,0.1,0.0,0.2,0.0,0.0,0.0,0.0,0.0,0.0,0.0,0.0,0.2,0.0,False,50
LINC01410,0.030000000000000006,0,0,0,9.0,3.0,7.666666666666667,0.5,0.0,0.1,0.1,0.1,0.0,0.0,0.0,0.0,0.0,0.0,0.0,0.0,0.0,0.0,False,50
SETD5,0.030000000000000006,0,0,0,3.0,2.0,11.333333333333334,1.0,0.0,0.0,0.0,0.0,0.0,0.0,0.0,0.1,0.2,0.0,0.0,0.0,0.0,0.0,False,50
SCN2A,0.030000000000000006,0,0,0,11.0,8.0,14.333333333333334,1.0,0.0,0.0,0.0,0.2,0.1,0.0,0.0,0.0,0.0,0.0,0.0,0.0,0.1,0.0,False,50
TRIOBP,0.030000000000000006,0,0,0,19.0,4.0,15.0,0.3333333333333333,0.0,0.1,0.2,0.0,0.0,0.0,0.0,0.0,0.0,0.0,0.0,0.0,0.0,0.0,False,50
FAAH2,0.030000000000000006,0,0,0,2.0,1.0,16.333333333333332,1.0,0.2,0.0,0.0,0.0,0.0,0.0,0.0,0.1,0.2,0.0,0.0,0.0,0.0,0.2,False,50
KIAA1107,0.030000000000000006,0,0,0,20.0,10.0,17.666666666666668,0.6666666666666666,0.0,0.1,0.1,0.0,0.0,0.1,0.0,0.0,0.0,0.0,0.0,0.0,0.0,0.0,False,50
CNRIP1,0.030000000000000006,0,0,0,15.0,14.0,19.0,1.0,0.0,0.0,0.0,0.0,0.0,0.0,0.0,0.1,0.0,0.1,0.1,0.0,0.0,0.0,False,50
FAM83H,0.030000000000000006,0,0,0,13.0,12.0,19.0,1.0,0.2,0.0,0.0,0.0,0.0,0.0,0.0,0.1,0.0,0.1,0.1,0.0,0.0,0.2,False,50
MCM2,0.030000000000000006,0,0,0,13.0,9.0,19.0,1.0,0.2,0.0,0.0,0.0,0.0,0.0,0.0,0.1,0.2,0.0,0.0,0.0,0.0,0.2,False,50
RBM12B,0.030000000000000006,0,0,0,6.0,3.0,19.0,1.0,0.2,0.0,0.0,0.0,0.0,0.0,0.0,0.1,0.2,0.0,0.0,0.0,0.0,0.2,False,50
KL,0.030000000000000006,0,0,0,15.0,15.0,19.333333333333332,0.5,0.0,0.0,0.0,0.0,0.1,0.1,0.1,0.0,0.0,0.0,0.0,0.0,0.0,0.0,False,50
RFX6,0.030000000000000006,0,0,0,15.0,6.0,19.333333333333332,1.0,0.0,0.0,0.0,0.2,0.1,0.0,0.0,0.0,0.0,0.0,0.0,0.0,0.0,0.0,False,50
LDB2,0.030000000000000006,0,0,0,9.0,2.0,19.666666666666668,0.6666666666666666,0.1,0.0,0.0,0.0,0.0,0.0,0.0,0.2,0.1,0.0,0.0,0.0,0.0,0.1,False,50
PIR,0.030000000000000006,0,0,0,27.0,4.0,19.666666666666668,0.6666666666666666,0.0,0.1,0.2,0.0,0.0,0.0,0.0,0.0,0.0,0.0,0.0,0.0,0.0,0.0,False,50
LDHB,0.030000000000000006,0,0,0,15.0,12.0,20.0,0.0,0.0,0.1,0.1,0.1,0.0,0.0,0.0,0.0,0.0,0.0,0.0,0.0,0.0,0.0,False,50
CHIT1,0.030000000000000006,0,0,0,21.0,18.0,20.333333333333332,0.6666666666666666,0.0,0.0,0.0,0.1,0.1,0.1,0.0,0.0,0.0,0.0,0.0,0.0,0.1,0.0,False,50
DOCK11,0.030000000000000006,0,0,0,8.0,7.0,20.333333333333332,1.0,0.0,0.0,0.0,0.0,0.0,0.0,0.0,0.1,0.2,0.0,0.0,0.0,0.0,0.0,False,50
SNRPA1,0.030000000000000006,0,0,0,20.0,12.0,20.666666666666668,0.6666666666666666,0.1,0.0,0.1,0.0,0.0,0.0,0.0,0.1,0.1,0.0,0.0,0.0,0.0,0.1,False,50
MGARP,0.030000000000000006,0,0,0,22.0,10.0,21.333333333333332,1.0,0.0,0.0,0.0,0.2,0.1,0.0,0.0,0.0,0.0,0.0,0.0,0.0,0.0,0.0,False,50
MAPK10,0.030000000000000006,0,0,0,17.0,3.0,22.0,0.0,0.0,0.0,0.1,0.0,0.0,0.2,0.0,0.0,0.0,0.0,0.0,0.0,0.0,0.0,False,50
PLA2G5,0.030000000000000006,0,0,0,17.0,8.0,22.333333333333332,0.0,0.0,0.2,0.0,0.1,0.0,0.0,0.0,0.0,0.0,0.0,0.0,0.8,0.0,0.0,False,50
SOGA1,0.030000000000000006,0,0,0,25.0,10.0,22.666666666666668,1.0,0.1,0.1,0.1,0.0,0.0,0.0,0.0,0.0,0.1,0.0,0.0,0.0,0.0,0.1,False,50
TRIM59,0.030000000000000006,0,0,0,23.0,23.0,23.333333333333332,1.0,0.0,0.0,0.0,0.1,0.0,0.0,0.0,0.0,0.0,0.1,0.1,0.0,0.0,0.0,False,50
SGK223,0.030000000000000006,0,0,0,26.0,13.0,24.333333333333332,0.0,0.0,0.0,0.1,0.1,0.0,0.1,0.0,0.0,0.0,0.0,0.0,0.0,0.0,0.0,False,50
COL11A1,0.030000000000000006,0,0,0,23.0,17.0,25.0,0.8571428571428571,0.5,0.0,0.1,0.0,0.0,0.0,0.0,0.1,0.1,0.0,0.0,0.0,0.0,0.5,False,50
AKAP8,0.030000000000000006,0,0,0,24.0,22.0,25.333333333333332,1.0,0.0,0.0,0.0,0.0,0.0,0.0,0.0,0.1,0.0,0.1,0.1,0.0,0.0,0.0,False,50
C1QTNF7,0.030000000000000006,0,0,0,22.0,20.0,25.333333333333332,0.0,0.0,0.0,0.0,0.0,0.1,0.1,0.1,0.0,0.0,0.0,0.0,0.0,0.1,0.0,False,50
TPD52,0.030000000000000006,0,0,0,28.0,18.0,25.333333333333332,1.0,0.0,0.0,0.0,0.0,0.0,0.1,0.0,0.1,0.1,0.0,0.0,0.0,0.1,0.0,False,50
GRHL2,0.030000000000000006,0,0,0,20.0,18.0,26.0,1.0,0.0,0.0,0.0,0.0,0.0,0.0,0.0,0.1,0.2,0.0,0.0,0.0,0.0,0.0,False,50
SOX12,0.030000000000000006,0,0,0,26.0,22.0,26.0,0.5,0.0,0.1,0.1,0.1,0.0,0.0,0.0,0.0,0.0,0.0,0.0,0.0,0.0,0.0,False,50
MED28,0.030000000000000006,0,0,0,28.0,16.0,26.333333333333332,0.5,0.0,0.1,0.1,0.1,0.0,0.0,0.0,0.0,0.0,0.0,0.0,0.0,0.0,0.0,False,50
ZNF563,0.030000000000000006,0,0,0,29.0,14.0,26.333333333333332,0.5,0.0,0.1,0.1,0.1,0.0,0.0,0.0,0.0,0.0,0.0,0.0,0.0,0.0,0.0,False,50
CA4,0.030000000000000006,0,0,0,17.0,16.0,26.666666666666668,0.3333333333333333,0.0,0.0,0.0,0.0,0.0,0.0,0.1,0.0,0.0,0.1,0.1,0.1,0.1,0.0,False,50
CDC42SE1,0.030000000000000006,0,0,0,30.0,12.0,27.333333333333332,1.0,0.0,0.0,0.0,0.0,0.0,0.0,0.0,0.1,0.2,0.0,0.0,0.0,0.0,0.0,False,50
HPD,0.030000000000000006,0,0,0,35.0,11.0,27.333333333333332,0.0,0.0,0.2,0.0,0.1,0.0,0.0,0.0,0.0,0.0,0.0,0.0,0.6,0.0,0.0,False,50
ZNF541,0.030000000000000006,0,0,0,16.0,16.0,27.333333333333332,0.5,0.0,0.0,0.0,0.0,0.1,0.2,0.0,0.0,0.0,0.0,0.0,0.0,0.1,0.0,False,50
MED11,0.030000000000000006,0,0,0,24.0,19.0,28.0,0.5,0.0,0.1,0.1,0.1,0.0,0.0,0.0,0.0,0.0,0.0,0.0,0.0,0.0,0.0,False,50
SRR,0.030000000000000006,0,0,0,29.0,25.0,28.333333333333332,0.5,0.0,0.0,0.1,0.0,0.0,0.0,0.0,0.0,0.0,0.1,0.1,0.0,0.0,0.0,False,50
CENPK,0.030000000000000006,0,0,0,24.0,17.0,28.666666666666668,1.0,0.0,0.0,0.0,0.0,0.0,0.0,0.0,0.1,0.0,0.1,0.1,0.0,0.0,0.0,False,50
OVOL2,0.030000000000000006,0,0,0,29.0,13.0,28.666666666666668,0.5,0.0,0.0,0.0,0.0,0.0,0.1,0.0,0.1,0.1,0.0,0.0,0.0,0.0,0.0,False,50
ZMYM2,0.030000000000000006,0,0,0,19.0,18.0,28.666666666666668,0.3333333333333333,0.0,0.1,0.2,0.0,0.0,0.0,0.0,0.0,0.0,0.0,0.0,0.0,0.0,0.0,False,50
GNG11,0.030000000000000006,0,0,0,32.0,11.0,29.0,0.5,0.2,0.0,0.0,0.0,0.0,0.0,0.0,0.2,0.1,0.0,0.0,0.0,0.0,0.2,False,50
TNMD,0.030000000000000006,0,0,0,28.0,24.0,29.0,0.5,0.0,0.0,0.0,0.0,0.0,0.0,0.1,0.1,0.1,0.0,0.0,0.1,0.0,0.0,False,50
FCGBP,0.030000000000000006,0,0,0,21.0,21.0,29.333333333333332,0.5,0.0,0.1,0.1,0.1,0.0,0.0,0.0,0.0,0.0,0.0,0.0,0.0,0.0,0.0,False,50
ROR2,0.030000000000000006,0,0,0,31.0,12.0,29.333333333333332,0.3333333333333333,0.0,0.1,0.2,0.0,0.0,0.0,0.0,0.0,0.0,0.0,0.0,0.0,0.0,0.0,False,50
AADAC,0.030000000000000006,0,0,0,30.0,16.0,29.666666666666668,0.0,0.0,0.0,0.0,0.0,0.1,0.1,0.1,0.0,0.0,0.0,0.0,0.0,0.1,0.0,False,50
PDE11A,0.030000000000000006,0,0,0,34.0,21.0,29.666666666666668,0.0,0.0,0.0,0.0,0.0,0.1,0.0,0.2,0.0,0.0,0.0,0.0,0.0,0.1,0.0,False,50
BICDL2,0.030000000000000006,0,0,0,25.0,22.0,30.333333333333332,1.0,0.3,0.0,0.0,0.0,0.0,0.0,0.0,0.1,0.2,0.0,0.0,0.0,0.0,0.3,False,50
HS3ST1,0.030000000000000006,0,0,0,28.0,26.0,30.333333333333332,0.0,0.0,0.0,0.0,0.1,0.0,0.2,0.0,0.0,0.0,0.0,0.0,0.0,0.0,0.0,False,50
LOC101928806,0.030000000000000006,0,0,0,36.0,21.0,31.666666666666668,0.5,0.0,0.1,0.1,0.1,0.0,0.0,0.0,0.0,0.0,0.0,0.0,0.0,0.0,0.0,False,50
RABEP2,0.030000000000000006,0,0,0,31.0,24.0,32.333333333333336,1.0,0.0,0.0,0.0,0.0,0.0,0.0,0.0,0.1,0.2,0.0,0.0,0.0,0.0,0.0,False,50
ZNF124,0.030000000000000006,0,0,0,37.0,13.0,32.333333333333336,0.5,0.0,0.0,0.2,0.0,0.0,0.1,0.0,0.0,0.0,0.0,0.0,0.0,0.1,0.0,False,50
RGS17,0.030000000000000006,0,0,0,42.0,10.0,33.0,0.14285714285714285,0.0,0.1,0.1,0.0,0.1,0.0,0.0,0.0,0.0,0.0,0.0,0.4,0.0,0.0,False,50
TRPM8,0.030000000000000006,0,0,0,40.0,11.0,33.333333333333336,1.0,0.0,0.0,0.0,0.2,0.1,0.0,0.0,0.0,0.0,0.0,0.0,0.0,0.1,0.0,False,50
CHSY1,0.030000000000000006,0,0,0,36.0,27.0,33.666666666666664,1.0,0.0,0.0,0.1,0.1,0.0,0.1,0.0,0.0,0.0,0.0,0.0,0.0,0.0,0.0,False,50
FCN2,0.030000000000000006,0,0,0,35.0,27.0,33.666666666666664,0.2,0.0,0.1,0.1,0.1,0.0,0.0,0.0,0.0,0.0,0.0,0.0,0.3,0.0,0.0,False,50
SOBP,0.030000000000000006,0,0,0,32.0,32.0,33.666666666666664,1.0,0.0,0.0,0.0,0.0,0.0,0.0,0.0,0.0,0.1,0.1,0.1,0.0,0.0,0.0,False,50
F2R,0.030000000000000006,0,0,0,43.0,12.0,34.333333333333336,1.0,0.0,0.0,0.0,0.2,0.0,0.1,0.0,0.0,0.0,0.0,0.0,0.0,0.0,0.0,False,50
TCEA2,0.030000000000000006,0,0,0,42.0,11.0,34.333333333333336,0.3333333333333333,0.0,0.0,0.1,0.0,0.0,0.2,0.0,0.0,0.0,0.0,0.0,0.0,0.0,0.0,False,50
KCTD15,0.030000000000000006,0,0,0,36.0,28.0,35.0,1.0,0.2,0.0,0.0,0.0,0.0,0.0,0.0,0.1,0.2,0.0,0.0,0.0,0.0,0.2,False,50
PINLYP,0.030000000000000006,0,0,0,40.0,21.0,35.0,0.3333333333333333,0.0,0.1,0.1,0.0,0.0,0.0,0.0,0.1,0.0,0.0,0.0,0.0,0.0,0.0,False,50
SCN4A,0.030000000000000006,0,0,0,34.0,30.0,35.0,0.0,0.0,0.1,0.0,0.2,0.0,0.0,0.0,0.0,0.0,0.0,0.0,0.4,0.0,0.0,False,50
TSSK4,0.030000000000000006,0,0,0,34.0,25.0,35.333333333333336,0.0,0.0,0.2,0.0,0.1,0.0,0.0,0.0,0.0,0.0,0.0,0.0,0.0,0.0,0.0,False,50
C6,0.030000000000000006,0,0,0,39.0,21.0,35.666666666666664,0.0,0.0,0.1,0.0,0.0,0.1,0.0,0.1,0.0,0.0,0.0,0.0,0.2,0.2,0.0,False,50
DIS3L,0.030000000000000006,0,0,0,29.0,29.0,36.0,1.0,0.0,0.0,0.2,0.0,0.0,0.1,0.0,0.0,0.0,0.0,0.0,0.0,0.0,0.0,False,50
SLC38A1,0.030000000000000006,0,0,0,38.0,32.0,36.0,0.75,0.0,0.1,0.0,0.0,0.0,0.2,0.0,0.0,0.0,0.0,0.0,0.0,0.1,0.0,False,50
WDR34,0.030000000000000006,0,0,0,37.0,25.0,36.333333333333336,1.0,0.0,0.0,0.0,0.0,0.0,0.0,0.0,0.2,0.1,0.0,0.0,0.0,0.0,0.0,False,50
ZNF451,0.030000000000000006,0,0,0,37.0,29.0,36.333333333333336,1.0,0.0,0.0,0.0,0.0,0.0,0.0,0.0,0.1,0.2,0.0,0.0,0.0,0.0,0.0,False,50
LOC101927204,0.030000000000000006,0,0,0,39.0,27.0,37.0,0.8571428571428571,0.6,0.0,0.1,0.0,0.0,0.0,0.0,0.0,0.2,0.0,0.0,0.0,0.0,0.6,False,50
MYH9,0.030000000000000006,0,0,0,38.0,29.0,37.666666666666664,0.5,0.0,0.0,0.1,0.1,0.0,0.1,0.0,0.0,0.0,0.0,0.0,0.0,0.0,0.0,False,50
WISP1,0.030000000000000006,0,0,0,45.0,21.0,38.0,0.8,0.2,0.0,0.1,0.0,0.0,0.2,0.0,0.0,0.0,0.0,0.0,0.0,0.0,0.2,False,50
MSX2,0.030000000000000006,0,0,0,37.0,35.0,38.666666666666664,1.0,0.0,0.0,0.0,0.1,0.0,0.2,0.0,0.0,0.0,0.0,0.0,0.0,0.0,0.0,False,50
PROM2,0.030000000000000006,0,0,0,35.0,34.0,39.0,1.0,0.0,0.0,0.0,0.0,0.0,0.0,0.0,0.2,0.1,0.0,0.0,0.0,0.0,0.0,False,50
RHOXF1,0.030000000000000006,0,0,0,48.0,22.0,39.666666666666664,0.0,0.0,0.0,0.0,0.0,0.2,0.0,0.1,0.0,0.0,0.0,0.0,0.0,0.1,0.0,False,50
DNMT3B,0.030000000000000006,0,0,0,47.0,33.0,43.0,1.0,0.0,0.0,0.0,0.0,0.0,0.0,0.0,0.1,0.2,0.0,0.0,0.0,0.0,0.0,False,50
RACGAP1,0.030000000000000006,0,0,0,42.0,42.0,43.333333333333336,1.0,0.1,0.0,0.1,0.0,0.0,0.0,0.0,0.1,0.1,0.0,0.0,0.0,0.0,0.1,False,50
WDFY3-AS2,0.030000000000000006,0,0,0,45.0,35.0,43.333333333333336,0.3333333333333333,0.0,0.0,0.1,0.0,0.0,0.2,0.0,0.0,0.0,0.0,0.0,0.0,0.0,0.0,False,50
KCNA2,0.030000000000000006,0,0,0,44.0,44.0,44.0,0.0,0.0,0.0,0.0,0.0,0.1,0.0,0.1,0.0,0.1,0.0,0.0,0.1,0.1,0.0,False,50
OFD1,0.030000000000000006,0,0,0,48.0,39.0,45.333333333333336,0.6666666666666666,0.0,0.0,0.0,0.0,0.1,0.1,0.0,0.0,0.1,0.0,0.0,0.0,0.1,0.0,False,50
GPLD1,0.030000000000000006,0,0,0,49.0,42.0,47.0,0.0,0.0,0.0,0.0,0.0,0.1,0.0,0.2,0.0,0.0,0.0,0.0,0.0,0.1,0.0,False,50
ODF3L1,0.03,0,0,0,32.0,5.0,23.0,0.0,0.0,0.3,0.0,0.0,0.0,0.0,0.0,0.0,0.0,0.0,0.0,0.1,0.0,0.0,False,50
MYO18B,0.03,0,0,0,29.0,11.0,24.333333333333332,0.0,0.0,0.3,0.0,0.0,0.0,0.0,0.0,0.0,0.0,0.0,0.0,0.1,0.0,0.0,False,50
AKR1C4,0.03,0,0,0,17.0,14.0,26.333333333333332,0.0,0.0,0.3,0.0,0.0,0.0,0.0,0.0,0.0,0.0,0.0,0.0,0.5,0.0,0.0,False,50
LOC105374690,0.03,0,0,0,23.0,10.0,26.333333333333332,0.0,0.0,0.3,0.0,0.0,0.0,0.0,0.0,0.0,0.0,0.0,0.0,0.3,0.0,0.0,False,50
ZBTB7C,0.03,0,0,0,31.0,11.0,29.333333333333332,,0.0,0.0,0.0,0.3,0.0,0.0,0.0,0.0,0.0,0.0,0.0,0.0,0.0,0.0,False,50
FANCF,0.03,0,0,0,28.0,26.0,32.333333333333336,,0.0,0.0,0.0,0.0,0.0,0.0,0.0,0.0,0.3,0.0,0.0,0.0,0.0,0.0,False,50
ALDH4A1,0.03,0,0,0,35.0,18.0,32.666666666666664,0.0,0.0,0.0,0.0,0.0,0.3,0.0,0.0,0.0,0.0,0.0,0.0,0.0,0.2,0.0,False,50
LINC00445,0.03,0,0,0,36.0,23.0,33.333333333333336,0.0,0.0,0.3,0.0,0.0,0.0,0.0,0.0,0.0,0.0,0.0,0.0,0.6,0.0,0.0,False,50
RAPSN,0.03,0,0,0,28.0,27.0,34.666666666666664,,0.0,0.0,0.0,0.3,0.0,0.0,0.0,0.0,0.0,0.0,0.0,0.0,0.0,0.0,False,50
LOC254028,0.03,0,0,0,41.0,17.0,35.0,0.0,0.0,0.3,0.0,0.0,0.0,0.0,0.0,0.0,0.0,0.0,0.0,0.1,0.0,0.0,False,50
SOWAHA,0.03,0,0,0,35.0,32.0,36.333333333333336,,0.0,0.0,0.0,0.3,0.0,0.0,0.0,0.0,0.0,0.0,0.0,0.0,0.0,0.0,False,50
C4orf19,0.03,0,0,0,42.0,25.0,36.666666666666664,1.0,0.0,0.0,0.0,0.0,0.0,0.3,0.0,0.0,0.0,0.0,0.0,0.0,0.0,0.0,False,50
ZNF718,0.03,0,0,0,42.0,38.0,42.666666666666664,,0.0,0.0,0.0,0.3,0.0,0.0,0.0,0.0,0.0,0.0,0.0,0.0,0.0,0.0,False,50
SBK1,0.02,0,0,0,3.0,2.0,3.0,1.0,0.4,0.0,0.0,0.0,0.0,0.0,0.0,0.1,0.1,0.0,0.0,0.0,0.0,0.4,False,50
CEP83,0.02,0,0,0,3.5,3.0,3.5,0.5,0.0,0.1,0.1,0.0,0.0,0.0,0.0,0.0,0.0,0.0,0.0,0.0,0.0,0.0,False,50
PTPA,0.02,0,0,0,4.0,3.0,4.0,1.0,0.0,0.0,0.0,0.0,0.0,0.0,0.0,0.1,0.1,0.0,0.0,0.0,0.0,0.0,False,50
SGTA,0.02,0,0,0,4.0,2.0,4.0,1.0,0.0,0.1,0.1,0.0,0.0,0.0,0.0,0.0,0.0,0.0,0.0,0.0,0.0,0.0,False,50
ADGRL4,0.02,0,0,0,5.5,5.0,5.5,1.0,0.0,0.0,0.0,0.0,0.0,0.0,0.0,0.1,0.1,0.0,0.0,0.0,0.0,0.0,False,50
WDR53,0.02,0,0,0,5.5,2.0,5.5,1.0,0.0,0.1,0.1,0.0,0.0,0.0,0.0,0.0,0.0,0.0,0.0,0.0,0.0,0.0,False,50
IRS4,0.02,0,0,0,6.5,4.0,6.5,0.0,0.0,0.1,0.0,0.1,0.0,0.0,0.0,0.0,0.0,0.0,0.0,0.0,0.0,0.0,False,50
AOC3,0.02,0,0,0,9.5,4.0,9.5,1.0,0.0,0.0,0.0,0.0,0.0,0.0,0.0,0.1,0.1,0.0,0.0,0.0,0.0,0.0,False,50
PRSS16,0.02,0,0,0,10.0,5.0,10.0,0.5,0.0,0.1,0.1,0.0,0.0,0.0,0.0,0.0,0.0,0.0,0.0,0.0,0.0,0.0,False,50
KIF26B,0.02,0,0,0,10.5,10.0,10.5,0.0,0.0,0.0,0.2,0.0,0.0,0.0,0.0,0.0,0.0,0.0,0.0,0.0,0.0,0.0,False,50
CYP4B1,0.02,0,0,0,11.0,2.0,11.0,0.5,0.0,0.1,0.1,0.0,0.0,0.0,0.0,0.0,0.0,0.0,0.0,0.0,0.0,0.0,False,50
LAMA5,0.02,0,0,0,11.5,7.0,11.5,1.0,0.3,0.0,0.0,0.0,0.0,0.0,0.0,0.1,0.1,0.0,0.0,0.0,0.0,0.3,False,50
TPMT,0.02,0,0,0,11.5,7.0,11.5,,0.0,0.0,0.0,0.2,0.0,0.0,0.0,0.0,0.0,0.0,0.0,0.0,0.0,0.0,False,50
LOC102725438,0.02,0,0,0,12.0,4.0,12.0,0.0,0.0,0.2,0.0,0.0,0.0,0.0,0.0,0.0,0.0,0.0,0.0,0.2,0.0,0.0,False,50
ABCC10,0.02,0,0,0,12.5,10.0,12.5,1.0,0.0,0.0,0.0,0.0,0.0,0.0,0.0,0.0,0.0,0.1,0.1,0.0,0.0,0.0,False,50
ATAD3A,0.02,0,0,0,12.5,8.0,12.5,1.0,0.0,0.0,0.0,0.0,0.0,0.0,0.0,0.1,0.1,0.0,0.0,0.0,0.0,0.0,False,50
MC3R,0.02,0,0,0,12.5,1.0,12.5,1.0,0.0,0.1,0.0,0.1,0.0,0.0,0.0,0.0,0.0,0.0,0.0,0.0,0.0,0.0,False,50
EHD2,0.02,0,0,0,13.5,5.0,13.5,1.0,0.0,0.0,0.0,0.0,0.0,0.0,0.0,0.1,0.1,0.0,0.0,0.0,0.0,0.0,False,50
FREM1,0.02,0,0,0,13.5,13.0,13.5,1.0,0.0,0.0,0.0,0.0,0.0,0.0,0.0,0.0,0.0,0.1,0.1,0.0,0.0,0.0,False,50
TJP3,0.02,0,0,0,13.5,13.0,13.5,1.0,0.0,0.0,0.0,0.0,0.0,0.0,0.0,0.1,0.1,0.0,0.0,0.0,0.0,0.0,False,50
ATG16L2,0.02,0,0,0,14.0,5.0,14.0,1.0,0.0,0.1,0.1,0.0,0.0,0.0,0.0,0.0,0.0,0.0,0.0,0.0,0.0,0.0,False,50
CCL23,0.02,0,0,0,14.0,14.0,14.0,0.0,0.0,0.0,0.0,0.2,0.0,0.0,0.0,0.0,0.0,0.0,0.0,0.1,0.0,0.0,False,50
CHD3,0.02,0,0,0,14.0,14.0,14.0,1.0,0.0,0.0,0.0,0.0,0.0,0.0,0.0,0.0,0.0,0.1,0.1,0.0,0.0,0.0,False,50
GRTP1,0.02,0,0,0,14.0,5.0,14.0,0.5,0.0,0.1,0.1,0.0,0.0,0.0,0.0,0.0,0.0,0.0,0.0,0.0,0.0,0.0,False,50
LOC400965,0.02,0,0,0,14.0,6.0,14.0,,0.0,0.0,0.0,0.2,0.0,0.0,0.0,0.0,0.0,0.0,0.0,0.0,0.0,0.0,False,50
SLC37A1,0.02,0,0,0,14.0,14.0,14.0,1.0,0.0,0.0,0.0,0.0,0.0,0.0,0.0,0.1,0.1,0.0,0.0,0.0,0.0,0.0,False,50
CENPU,0.02,0,0,0,14.5,14.0,14.5,1.0,0.0,0.0,0.0,0.0,0.0,0.0,0.0,0.0,0.0,0.1,0.1,0.0,0.0,0.0,False,50
KIAA1524,0.02,0,0,0,14.5,13.0,14.5,0.0,0.0,0.0,0.1,0.1,0.0,0.0,0.0,0.0,0.0,0.0,0.0,0.0,0.0,0.0,False,50
MTCL1,0.02,0,0,0,14.5,11.0,14.5,0.5,0.0,0.1,0.1,0.0,0.0,0.0,0.0,0.0,0.0,0.0,0.0,0.0,0.0,0.0,False,50
PCBP1-AS1,0.02,0,0,0,14.5,8.0,14.5,0.5,0.0,0.1,0.1,0.0,0.0,0.0,0.0,0.0,0.0,0.0,0.0,0.0,0.0,0.0,False,50
COL6A6,0.02,0,0,0,15.5,15.0,15.5,0.0,0.0,0.1,0.1,0.0,0.0,0.0,0.0,0.0,0.0,0.0,0.0,0.1,0.0,0.0,False,50
ABCA8,0.02,0,0,0,16.0,16.0,16.0,1.0,0.0,0.0,0.0,0.0,0.0,0.0,0.0,0.0,0.0,0.1,0.1,0.0,0.0,0.0,False,50
AP1G2,0.02,0,0,0,16.5,15.0,16.5,1.0,0.0,0.0,0.0,0.0,0.0,0.0,0.0,0.0,0.0,0.1,0.1,0.0,0.0,0.0,False,50
RUSC1-AS1,0.02,0,0,0,16.5,12.0,16.5,1.0,0.0,0.0,0.0,0.0,0.0,0.0,0.0,0.1,0.1,0.0,0.0,0.0,0.0,0.0,False,50
CLK2,0.02,0,0,0,17.0,16.0,17.0,1.0,0.0,0.0,0.0,0.0,0.0,0.0,0.0,0.1,0.1,0.0,0.0,0.0,0.0,0.0,False,50
TMPRSS3,0.02,0,0,0,17.0,8.0,17.0,1.0,0.0,0.1,0.1,0.0,0.0,0.0,0.0,0.0,0.0,0.0,0.0,0.0,0.0,0.0,False,50
C3orf22,0.02,0,0,0,17.5,8.0,17.5,1.0,0.0,0.0,0.0,0.2,0.0,0.0,0.0,0.0,0.0,0.0,0.0,0.0,0.1,0.0,False,50
PLIN2,0.02,0,0,0,17.5,12.0,17.5,1.0,0.0,0.0,0.0,0.0,0.0,0.0,0.0,0.1,0.1,0.0,0.0,0.0,0.0,0.0,False,50
ZNF184,0.02,0,0,0,17.5,17.0,17.5,1.0,0.0,0.0,0.1,0.1,0.0,0.0,0.0,0.0,0.0,0.0,0.0,0.0,0.0,0.0,False,50
ZNF528,0.02,0,0,0,17.5,5.0,17.5,,0.0,0.0,0.0,0.2,0.0,0.0,0.0,0.0,0.0,0.0,0.0,0.0,0.0,0.0,False,50
BICDL1,0.02,0,0,0,18.0,8.0,18.0,1.0,0.1,0.0,0.0,0.0,0.0,0.0,0.0,0.1,0.1,0.0,0.0,0.0,0.0,0.1,False,50
FLG,0.02,0,0,0,18.0,12.0,18.0,0.0,0.0,0.2,0.0,0.0,0.0,0.0,0.0,0.0,0.0,0.0,0.0,0.2,0.0,0.0,False,50
SIX4,0.02,0,0,0,18.0,14.0,18.0,1.0,0.0,0.0,0.0,0.0,0.0,0.0,0.0,0.1,0.1,0.0,0.0,0.0,0.0,0.0,False,50
ZBTB42,0.02,0,0,0,18.0,17.0,18.0,1.0,0.5,0.0,0.0,0.0,0.0,0.0,0.0,0.1,0.1,0.0,0.0,0.0,0.0,0.5,False,50
GINS1,0.02,0,0,0,18.5,17.0,18.5,1.0,0.2,0.0,0.0,0.0,0.0,0.0,0.0,0.0,0.0,0.1,0.1,0.0,0.0,0.2,False,50
KDM4B,0.02,0,0,0,18.5,6.0,18.5,1.0,0.0,0.1,0.1,0.0,0.0,0.0,0.0,0.0,0.0,0.0,0.0,0.0,0.0,0.0,False,50
P2RY12,0.02,0,0,0,18.5,13.0,18.5,1.0,0.0,0.0,0.0,0.0,0.0,0.0,0.0,0.1,0.1,0.0,0.0,0.0,0.0,0.0,False,50
ANLN,0.02,0,0,0,19.0,18.0,19.0,1.0,0.2,0.0,0.0,0.0,0.0,0.0,0.0,0.0,0.0,0.1,0.1,0.0,0.0,0.2,False,50
SPATA8,0.02,0,0,0,19.0,3.0,19.0,,0.0,0.0,0.0,0.2,0.0,0.0,0.0,0.0,0.0,0.0,0.0,0.0,0.0,0.0,False,50
CSK,0.02,0,0,0,19.5,16.0,19.5,1.0,0.0,0.0,0.0,0.0,0.0,0.0,0.0,0.1,0.1,0.0,0.0,0.0,0.0,0.0,False,50
MELK,0.02,0,0,0,19.5,14.0,19.5,1.0,0.0,0.0,0.0,0.0,0.0,0.0,0.0,0.1,0.1,0.0,0.0,0.0,0.0,0.0,False,50
LOC102724938,0.02,0,0,0,20.0,10.0,20.0,0.0,0.0,0.1,0.0,0.1,0.0,0.0,0.0,0.0,0.0,0.0,0.0,0.2,0.0,0.0,False,50
SIGLEC9,0.02,0,0,0,20.0,7.0,20.0,1.0,0.0,0.0,0.0,0.2,0.0,0.0,0.0,0.0,0.0,0.0,0.0,0.0,0.2,0.0,False,50
SKAP2,0.02,0,0,0,20.0,18.0,20.0,0.5,0.1,0.0,0.0,0.0,0.0,0.0,0.0,0.1,0.1,0.0,0.0,0.0,0.0,0.1,False,50
SUSD6,0.02,0,0,0,20.0,19.0,20.0,1.0,0.0,0.0,0.0,0.0,0.0,0.0,0.0,0.0,0.0,0.1,0.1,0.0,0.0,0.0,False,50
BARD1,0.02,0,0,0,20.5,17.0,20.5,1.0,0.0,0.0,0.0,0.0,0.0,0.0,0.0,0.1,0.1,0.0,0.0,0.0,0.0,0.0,False,50
C19orf33,0.02,0,0,0,21.0,6.0,21.0,0.5,0.0,0.1,0.1,0.0,0.0,0.0,0.0,0.0,0.0,0.0,0.0,0.0,0.0,0.0,False,50
KIAA1217,0.02,0,0,0,21.0,19.0,21.0,0.8,0.3,0.1,0.1,0.0,0.0,0.0,0.0,0.0,0.0,0.0,0.0,0.0,0.0,0.3,False,50
KIF18B,0.02,0,0,0,21.0,13.0,21.0,1.0,0.1,0.0,0.0,0.0,0.0,0.0,0.0,0.1,0.1,0.0,0.0,0.0,0.0,0.1,False,50
ME1,0.02,0,0,0,21.0,18.0,21.0,0.5,0.0,0.0,0.2,0.0,0.0,0.0,0.0,0.0,0.0,0.0,0.0,0.0,0.0,0.0,False,50
RBP7,0.02,0,0,0,21.0,15.0,21.0,1.0,0.0,0.0,0.0,0.0,0.0,0.0,0.0,0.1,0.1,0.0,0.0,0.0,0.0,0.0,False,50
TNFAIP8L1,0.02,0,0,0,21.0,15.0,21.0,0.5,0.0,0.1,0.1,0.0,0.0,0.0,0.0,0.0,0.0,0.0,0.0,0.0,0.0,0.0,False,50
CDK1,0.02,0,0,0,21.5,17.0,21.5,1.0,0.1,0.0,0.0,0.0,0.0,0.0,0.0,0.1,0.1,0.0,0.0,0.0,0.0,0.1,False,50
FAM124B,0.02,0,0,0,21.5,18.0,21.5,1.0,0.0,0.0,0.0,0.1,0.1,0.0,0.0,0.0,0.0,0.0,0.0,0.0,0.1,0.0,False,50
KIF20A,0.02,0,0,0,21.5,16.0,21.5,1.0,0.1,0.0,0.0,0.0,0.0,0.0,0.0,0.1,0.1,0.0,0.0,0.0,0.0,0.1,False,50
ATP2A2,0.02,0,0,0,22.0,22.0,22.0,1.0,0.1,0.0,0.0,0.0,0.0,0.0,0.0,0.0,0.0,0.1,0.1,0.0,0.0,0.1,False,50
GPHA2,0.02,0,0,0,22.0,18.0,22.0,0.0,0.0,0.2,0.0,0.0,0.0,0.0,0.0,0.0,0.0,0.0,0.0,0.1,0.0,0.0,False,50
KIF25,0.02,0,0,0,22.0,18.0,22.0,1.0,0.0,0.0,0.0,0.0,0.0,0.0,0.0,0.1,0.1,0.0,0.0,0.0,0.0,0.0,False,50
NAIF1,0.02,0,0,0,22.0,6.0,22.0,0.5,0.0,0.1,0.1,0.0,0.0,0.0,0.0,0.0,0.0,0.0,0.0,0.0,0.0,0.0,False,50
RNF183,0.02,0,0,0,22.0,21.0,22.0,,0.0,0.0,0.0,0.2,0.0,0.0,0.0,0.0,0.0,0.0,0.0,0.0,0.0,0.0,False,50
DGAT2,0.02,0,0,0,22.5,14.0,22.5,1.0,0.0,0.0,0.0,0.0,0.0,0.0,0.0,0.1,0.1,0.0,0.0,0.0,0.0,0.0,False,50
DNASE1L3,0.02,0,0,0,22.5,22.0,22.5,0.5,0.1,0.0,0.0,0.0,0.0,0.0,0.0,0.0,0.0,0.1,0.1,0.0,0.0,0.1,False,50
KRTAP1-3,0.02,0,0,0,22.5,11.0,22.5,0.5,0.0,0.0,0.0,0.2,0.0,0.0,0.0,0.0,0.0,0.0,0.0,0.1,0.1,0.0,False,50
LINC01029,0.02,0,0,0,22.5,6.0,22.5,0.0,0.0,0.2,0.0,0.0,0.0,0.0,0.0,0.0,0.0,0.0,0.0,0.1,0.0,0.0,False,50
ETV6,0.02,0,0,0,23.0,18.0,23.0,0.5,0.0,0.0,0.0,0.0,0.0,0.2,0.0,0.0,0.0,0.0,0.0,0.0,0.0,0.0,False,50
ZIC1,0.02,0,0,0,23.0,9.0,23.0,0.5,0.0,0.1,0.1,0.0,0.0,0.0,0.0,0.0,0.0,0.0,0.0,0.0,0.0,0.0,False,50
FAM83D,0.02,0,0,0,23.5,23.0,23.5,1.0,0.5,0.0,0.0,0.0,0.0,0.0,0.0,0.1,0.1,0.0,0.0,0.0,0.0,0.5,False,50
MUM1,0.02,0,0,0,23.5,15.0,23.5,0.5,0.0,0.1,0.1,0.0,0.0,0.0,0.0,0.0,0.0,0.0,0.0,0.0,0.0,0.0,False,50
PIK3R2,0.02,0,0,0,23.5,17.0,23.5,1.0,0.0,0.0,0.0,0.0,0.0,0.0,0.0,0.1,0.1,0.0,0.0,0.0,0.0,0.0,False,50
RPS24,0.02,0,0,0,23.5,14.0,23.5,0.3333333333333333,0.1,0.0,0.2,0.0,0.0,0.0,0.0,0.0,0.0,0.0,0.0,0.0,0.0,0.1,False,50
CHD4,0.02,0,0,0,24.0,24.0,24.0,1.0,0.0,0.0,0.0,0.0,0.0,0.0,0.0,0.0,0.0,0.1,0.1,0.0,0.0,0.0,False,50
CCDC50,0.02,0,0,0,24.5,15.0,24.5,1.0,0.0,0.0,0.0,0.0,0.0,0.0,0.0,0.1,0.1,0.0,0.0,0.0,0.0,0.0,False,50
GAL,0.02,0,0,0,24.5,21.0,24.5,,0.0,0.0,0.0,0.2,0.0,0.0,0.0,0.0,0.0,0.0,0.0,0.0,0.0,0.0,False,50
STK11IP,0.02,0,0,0,24.5,18.0,24.5,0.5,0.0,0.0,0.0,0.0,0.0,0.1,0.0,0.1,0.0,0.0,0.0,0.0,0.0,0.0,False,50
FNBP1,0.02,0,0,0,25.0,22.0,25.0,0.5,0.0,0.0,0.2,0.0,0.0,0.0,0.0,0.0,0.0,0.0,0.0,0.0,0.0,0.0,False,50
GPC3,0.02,0,0,0,25.0,15.0,25.0,0.5,0.0,0.0,0.1,0.0,0.0,0.0,0.0,0.1,0.0,0.0,0.0,0.0,0.0,0.0,False,50
LRRC8E,0.02,0,0,0,25.0,9.0,25.0,1.0,0.2,0.0,0.0,0.0,0.0,0.0,0.0,0.1,0.1,0.0,0.0,0.0,0.0,0.2,False,50
PDE8B,0.02,0,0,0,25.0,12.0,25.0,1.0,0.0,0.0,0.0,0.0,0.0,0.2,0.0,0.0,0.0,0.0,0.0,0.0,0.0,0.0,False,50
CDC20,0.02,0,0,0,25.5,25.0,25.5,1.0,0.3,0.0,0.0,0.0,0.0,0.0,0.0,0.0,0.0,0.1,0.1,0.0,0.0,0.3,False,50
GHRH,0.02,0,0,0,25.5,20.0,25.5,,0.0,0.0,0.0,0.2,0.0,0.0,0.0,0.0,0.0,0.0,0.0,0.0,0.0,0.0,False,50
PIGZ,0.02,0,0,0,25.5,18.0,25.5,0.0,0.0,0.1,0.1,0.0,0.0,0.0,0.0,0.0,0.0,0.0,0.0,0.0,0.0,0.0,False,50
PLAC9,0.02,0,0,0,25.5,15.0,25.5,1.0,0.0,0.0,0.0,0.0,0.0,0.0,0.0,0.1,0.1,0.0,0.0,0.0,0.0,0.0,False,50
EPS8L1,0.02,0,0,0,26.0,26.0,26.0,1.0,0.0,0.0,0.0,0.0,0.0,0.0,0.0,0.0,0.0,0.1,0.1,0.0,0.0,0.0,False,50
GAS5,0.02,0,0,0,26.0,17.0,26.0,,0.0,0.0,0.0,0.2,0.0,0.0,0.0,0.0,0.0,0.0,0.0,0.0,0.0,0.0,False,50
LMO3,0.02,0,0,0,26.0,14.0,26.0,1.0,0.0,0.0,0.1,0.0,0.0,0.1,0.0,0.0,0.0,0.0,0.0,0.0,0.0,0.0,False,50
MCM4,0.02,0,0,0,26.0,24.0,26.0,1.0,0.0,0.0,0.0,0.0,0.0,0.0,0.0,0.1,0.1,0.0,0.0,0.0,0.0,0.0,False,50
SYCP3,0.02,0,0,0,26.0,13.0,26.0,,0.0,0.0,0.0,0.2,0.0,0.0,0.0,0.0,0.0,0.0,0.0,0.0,0.0,0.0,False,50
BTBD19,0.02,0,0,0,26.5,19.0,26.5,0.5,0.0,0.1,0.1,0.0,0.0,0.0,0.0,0.0,0.0,0.0,0.0,0.0,0.0,0.0,False,50
LOC101927650,0.02,0,0,0,26.5,10.0,26.5,1.0,0.0,0.1,0.0,0.1,0.0,0.0,0.0,0.0,0.0,0.0,0.0,0.0,0.1,0.0,False,50
RUSC1,0.02,0,0,0,26.5,22.0,26.5,1.0,0.0,0.0,0.0,0.0,0.0,0.0,0.0,0.1,0.1,0.0,0.0,0.0,0.0,0.0,False,50
TCEAL7,0.02,0,0,0,26.5,18.0,26.5,0.5,0.0,0.0,0.1,0.0,0.0,0.0,0.0,0.0,0.1,0.0,0.0,0.1,0.0,0.0,False,50
ARHGEF33,0.02,0,0,0,27.0,12.0,27.0,0.0,0.0,0.1,0.0,0.1,0.0,0.0,0.0,0.0,0.0,0.0,0.0,0.1,0.0,0.0,False,50
CLEC4GP1,0.02,0,0,0,27.0,14.0,27.0,0.0,0.0,0.2,0.0,0.0,0.0,0.0,0.0,0.0,0.0,0.0,0.0,0.2,0.0,0.0,False,50
LACE1,0.02,0,0,0,27.0,25.0,27.0,0.5,0.0,0.1,0.1,0.0,0.0,0.0,0.0,0.0,0.0,0.0,0.0,0.0,0.0,0.0,False,50
SDC4,0.02,0,0,0,27.0,20.0,27.0,1.0,0.0,0.0,0.0,0.0,0.0,0.0,0.0,0.1,0.1,0.0,0.0,0.0,0.0,0.0,False,50
SMARCA4,0.02,0,0,0,27.0,25.0,27.0,1.0,0.2,0.0,0.0,0.0,0.0,0.0,0.0,0.1,0.1,0.0,0.0,0.0,0.0,0.2,False,50
STK35,0.02,0,0,0,27.0,27.0,27.0,1.0,0.0,0.0,0.0,0.0,0.0,0.0,0.0,0.0,0.0,0.1,0.1,0.0,0.0,0.0,False,50
STYK1,0.02,0,0,0,27.0,11.0,27.0,0.5,0.0,0.0,0.0,0.0,0.0,0.2,0.0,0.0,0.0,0.0,0.0,0.0,0.0,0.0,False,50
SDCCAG3,0.02,0,0,0,27.5,25.0,27.5,1.0,0.0,0.0,0.0,0.0,0.0,0.0,0.0,0.1,0.1,0.0,0.0,0.0,0.0,0.0,False,50
ZNF385B,0.02,0,0,0,27.5,25.0,27.5,,0.0,0.0,0.0,0.2,0.0,0.0,0.0,0.0,0.0,0.0,0.0,0.0,0.0,0.0,False,50
LOC100132356,0.02,0,0,0,28.0,8.0,28.0,0.5,0.0,0.1,0.1,0.0,0.0,0.0,0.0,0.0,0.0,0.0,0.0,0.0,0.0,0.0,False,50
PPP1R2P9,0.02,0,0,0,28.0,12.0,28.0,0.0,0.0,0.2,0.0,0.0,0.0,0.0,0.0,0.0,0.0,0.0,0.0,0.1,0.0,0.0,False,50
RNPC3,0.02,0,0,0,28.0,17.0,28.0,0.5,0.0,0.1,0.1,0.0,0.0,0.0,0.0,0.0,0.0,0.0,0.0,0.0,0.0,0.0,False,50
UBN1,0.02,0,0,0,28.0,28.0,28.0,1.0,0.0,0.0,0.0,0.0,0.0,0.0,0.0,0.0,0.0,0.1,0.1,0.0,0.0,0.0,False,50
HMGB3,0.02,0,0,0,28.5,26.0,28.5,1.0,0.1,0.0,0.0,0.0,0.0,0.0,0.0,0.1,0.1,0.0,0.0,0.0,0.0,0.1,False,50
KIF11,0.02,0,0,0,29.0,19.0,29.0,1.0,0.1,0.0,0.0,0.0,0.0,0.0,0.0,0.1,0.1,0.0,0.0,0.0,0.0,0.1,False,50
ACAA2,0.02,0,0,0,29.5,20.0,29.5,1.0,0.0,0.0,0.0,0.0,0.0,0.0,0.0,0.1,0.1,0.0,0.0,0.0,0.0,0.0,False,50
ANGPT1,0.02,0,0,0,29.5,26.0,29.5,0.3333333333333333,0.0,0.0,0.0,0.0,0.0,0.0,0.0,0.1,0.1,0.0,0.0,0.1,0.1,0.0,False,50
LINC01104,0.02,0,0,0,29.5,9.0,29.5,,0.0,0.0,0.0,0.2,0.0,0.0,0.0,0.0,0.0,0.0,0.0,0.0,0.0,0.0,False,50
S100A10,0.02,0,0,0,29.5,28.0,29.5,0.3333333333333333,0.0,0.0,0.2,0.0,0.0,0.0,0.0,0.0,0.0,0.0,0.0,0.1,0.0,0.0,False,50
ZNF618,0.02,0,0,0,29.5,11.0,29.5,0.5,0.0,0.0,0.2,0.0,0.0,0.0,0.0,0.0,0.0,0.0,0.0,0.0,0.0,0.0,False,50
ARC,0.02,0,0,0,30.0,24.0,30.0,,0.0,0.0,0.0,0.2,0.0,0.0,0.0,0.0,0.0,0.0,0.0,0.0,0.0,0.0,False,50
AURKA,0.02,0,0,0,30.0,23.0,30.0,1.0,0.0,0.0,0.0,0.0,0.0,0.0,0.0,0.1,0.1,0.0,0.0,0.0,0.0,0.0,False,50
S100P,0.02,0,0,0,30.0,26.0,30.0,0.6,0.3,0.0,0.2,0.0,0.0,0.0,0.0,0.0,0.0,0.0,0.0,0.0,0.0,0.3,False,50
TYRO3,0.02,0,0,0,30.0,29.0,30.0,0.5,0.0,0.0,0.0,0.0,0.0,0.0,0.0,0.0,0.0,0.1,0.1,0.0,0.1,0.0,False,50
HIGD1B,0.02,0,0,0,30.5,15.0,30.5,0.5,0.0,0.0,0.1,0.0,0.0,0.1,0.0,0.0,0.0,0.0,0.0,0.0,0.0,0.0,False,50
MSTN,0.02,0,0,0,30.5,30.0,30.5,,0.0,0.0,0.0,0.2,0.0,0.0,0.0,0.0,0.0,0.0,0.0,0.0,0.0,0.0,False,50
NMT2,0.02,0,0,0,30.5,19.0,30.5,1.0,0.0,0.0,0.0,0.0,0.0,0.0,0.0,0.1,0.1,0.0,0.0,0.0,0.0,0.0,False,50
SYTL1,0.02,0,0,0,30.5,18.0,30.5,0.6666666666666666,0.1,0.1,0.1,0.0,0.0,0.0,0.0,0.0,0.0,0.0,0.0,0.0,0.0,0.1,False,50
UCN,0.02,0,0,0,30.5,24.0,30.5,0.5,0.0,0.1,0.1,0.0,0.0,0.0,0.0,0.0,0.0,0.0,0.0,0.0,0.0,0.0,False,50
WDR11,0.02,0,0,0,30.5,16.0,30.5,0.0,0.0,0.0,0.1,0.1,0.0,0.0,0.0,0.0,0.0,0.0,0.0,0.0,0.0,0.0,False,50
PTRF,0.02,0,0,0,31.0,30.0,31.0,1.0,0.0,0.0,0.0,0.0,0.0,0.0,0.0,0.0,0.0,0.1,0.1,0.0,0.0,0.0,False,50
RTKN,0.02,0,0,0,31.0,24.0,31.0,1.0,0.1,0.0,0.0,0.0,0.0,0.0,0.0,0.1,0.1,0.0,0.0,0.0,0.0,0.1,False,50
SLC12A7,0.02,0,0,0,31.0,30.0,31.0,1.0,0.0,0.0,0.0,0.0,0.0,0.0,0.0,0.0,0.0,0.1,0.1,0.0,0.0,0.0,False,50
CST6,0.02,0,0,0,31.5,28.0,31.5,1.0,0.0,0.0,0.1,0.1,0.0,0.0,0.0,0.0,0.0,0.0,0.0,0.0,0.0,0.0,False,50
KRT8P12,0.02,0,0,0,31.5,30.0,31.5,0.5,0.0,0.1,0.1,0.0,0.0,0.0,0.0,0.0,0.0,0.0,0.0,0.0,0.0,0.0,False,50
MAPT-AS1,0.02,0,0,0,31.5,30.0,31.5,,0.0,0.0,0.0,0.2,0.0,0.0,0.0,0.0,0.0,0.0,0.0,0.0,0.0,0.0,False,50
DDX17,0.02,0,0,0,32.0,15.0,32.0,0.5,0.0,0.0,0.2,0.0,0.0,0.0,0.0,0.0,0.0,0.0,0.0,0.0,0.0,0.0,False,50
F12,0.02,0,0,0,32.0,32.0,32.0,1.0,0.6,0.0,0.0,0.0,0.0,0.0,0.0,0.1,0.1,0.0,0.0,0.0,0.0,0.6,False,50
LYRM1,0.02,0,0,0,32.0,18.0,32.0,0.0,0.0,0.1,0.1,0.0,0.0,0.0,0.0,0.0,0.0,0.0,0.0,0.0,0.0,0.0,False,50
PGBD5,0.02,0,0,0,32.0,27.0,32.0,,0.0,0.0,0.0,0.2,0.0,0.0,0.0,0.0,0.0,0.0,0.0,0.0,0.0,0.0,False,50
PHEX-AS1,0.02,0,0,0,32.0,24.0,32.0,,0.0,0.0,0.0,0.2,0.0,0.0,0.0,0.0,0.0,0.0,0.0,0.0,0.0,0.0,False,50
PILRA,0.02,0,0,0,32.0,20.0,32.0,,0.0,0.0,0.0,0.2,0.0,0.0,0.0,0.0,0.0,0.0,0.0,0.0,0.0,0.0,False,50
C1orf226,0.02,0,0,0,32.5,28.0,32.5,,0.0,0.0,0.0,0.2,0.0,0.0,0.0,0.0,0.0,0.0,0.0,0.0,0.0,0.0,False,50
SAA3P,0.02,0,0,0,32.5,19.0,32.5,0.5,0.0,0.1,0.1,0.0,0.0,0.0,0.0,0.0,0.0,0.0,0.0,0.0,0.0,0.0,False,50
ATP8B5P,0.02,0,0,0,33.0,31.0,33.0,0.0,0.0,0.2,0.0,0.0,0.0,0.0,0.0,0.0,0.0,0.0,0.0,0.2,0.0,0.0,False,50
UHRF1,0.02,0,0,0,33.0,33.0,33.0,1.0,0.0,0.0,0.0,0.0,0.0,0.0,0.0,0.1,0.1,0.0,0.0,0.0,0.0,0.0,False,50
CA7,0.02,0,0,0,33.5,19.0,33.5,,0.0,0.0,0.0,0.2,0.0,0.0,0.0,0.0,0.0,0.0,0.0,0.0,0.0,0.0,False,50
KLB,0.02,0,0,0,33.5,28.0,33.5,0.25,0.0,0.0,0.0,0.0,0.0,0.0,0.1,0.1,0.0,0.0,0.0,0.2,0.1,0.0,False,50
TMEM132A,0.02,0,0,0,33.5,20.0,33.5,1.0,0.0,0.0,0.0,0.0,0.0,0.0,0.0,0.1,0.1,0.0,0.0,0.0,0.0,0.0,False,50
BCOR,0.02,0,0,0,34.0,23.0,34.0,0.5,0.0,0.0,0.2,0.0,0.0,0.0,0.0,0.0,0.0,0.0,0.0,0.0,0.0,0.0,False,50
LOC389831,0.02,0,0,0,34.0,27.0,34.0,0.0,0.0,0.0,0.0,0.1,0.0,0.1,0.0,0.0,0.0,0.0,0.0,0.0,0.0,0.0,False,50
PDE3A,0.02,0,0,0,34.0,25.0,34.0,0.5,0.0,0.1,0.1,0.0,0.0,0.0,0.0,0.0,0.0,0.0,0.0,0.0,0.0,0.0,False,50
SNRNP70,0.02,0,0,0,34.0,23.0,34.0,1.0,0.0,0.0,0.0,0.0,0.0,0.0,0.0,0.1,0.1,0.0,0.0,0.0,0.0,0.0,False,50
VPS13D,0.02,0,0,0,34.0,28.0,34.0,1.0,0.0,0.1,0.1,0.0,0.0,0.0,0.0,0.0,0.0,0.0,0.0,0.0,0.0,0.0,False,50
GDPGP1,0.02,0,0,0,34.5,29.0,34.5,,0.0,0.0,0.0,0.2,0.0,0.0,0.0,0.0,0.0,0.0,0.0,0.0,0.0,0.0,False,50
MMP3,0.02,0,0,0,34.5,19.0,34.5,0.5,0.0,0.1,0.1,0.0,0.0,0.0,0.0,0.0,0.0,0.0,0.0,0.0,0.0,0.0,False,50
SORD,0.02,0,0,0,34.5,21.0,34.5,0.5,0.0,0.0,0.0,0.0,0.0,0.2,0.0,0.0,0.0,0.0,0.0,0.0,0.0,0.0,False,50
RFTN2,0.02,0,0,0,35.0,29.0,35.0,0.0,0.0,0.0,0.0,0.0,0.1,0.0,0.1,0.0,0.0,0.0,0.0,0.0,0.1,0.0,False,50
LOC728730,0.02,0,0,0,35.5,22.0,35.5,0.5,0.0,0.1,0.1,0.0,0.0,0.0,0.0,0.0,0.0,0.0,0.0,0.0,0.0,0.0,False,50
RBM15,0.02,0,0,0,35.5,21.0,35.5,0.5,0.0,0.1,0.1,0.0,0.0,0.0,0.0,0.0,0.0,0.0,0.0,0.0,0.0,0.0,False,50
NOXRED1,0.02,0,0,0,36.0,23.0,36.0,0.0,0.0,0.2,0.0,0.0,0.0,0.0,0.0,0.0,0.0,0.0,0.0,0.0,0.0,0.0,False,50
PLPP7,0.02,0,0,0,36.0,31.0,36.0,0.0,0.0,0.0,0.0,0.0,0.1,0.0,0.1,0.0,0.0,0.0,0.0,0.0,0.1,0.0,False,50
SEL1L2,0.02,0,0,0,36.0,29.0,36.0,0.0,0.0,0.2,0.0,0.0,0.0,0.0,0.0,0.0,0.0,0.0,0.0,0.0,0.0,0.0,False,50
CAT,0.02,0,0,0,36.5,29.0,36.5,1.0,0.0,0.0,0.0,0.0,0.0,0.0,0.0,0.1,0.1,0.0,0.0,0.0,0.0,0.0,False,50
TEFM,0.02,0,0,0,36.5,28.0,36.5,1.0,0.0,0.0,0.0,0.0,0.0,0.0,0.0,0.1,0.1,0.0,0.0,0.0,0.0,0.0,False,50
GALNT6,0.02,0,0,0,37.5,27.0,37.5,0.5,0.2,0.0,0.2,0.0,0.0,0.0,0.0,0.0,0.0,0.0,0.0,0.0,0.0,0.2,False,50
GTF3A,0.02,0,0,0,37.5,34.0,37.5,1.0,0.0,0.0,0.0,0.0,0.0,0.0,0.0,0.1,0.1,0.0,0.0,0.0,0.0,0.0,False,50
THRSP,0.02,0,0,0,37.5,31.0,37.5,1.0,0.0,0.0,0.2,0.0,0.0,0.0,0.0,0.0,0.0,0.0,0.0,0.0,0.0,0.0,False,50
C1orf168,0.02,0,0,0,38.0,26.0,38.0,,0.0,0.0,0.0,0.2,0.0,0.0,0.0,0.0,0.0,0.0,0.0,0.0,0.0,0.0,False,50
CAMK1,0.02,0,0,0,38.0,30.0,38.0,0.0,0.0,0.0,0.0,0.0,0.1,0.1,0.0,0.0,0.0,0.0,0.0,0.0,0.0,0.0,False,50
GPR137B,0.02,0,0,0,38.0,34.0,38.0,0.0,0.0,0.0,0.1,0.1,0.0,0.0,0.0,0.0,0.0,0.0,0.0,0.0,0.0,0.0,False,50
AKR1C1,0.02,0,0,0,38.5,32.0,38.5,0.3333333333333333,0.2,0.0,0.0,0.0,0.0,0.0,0.0,0.1,0.1,0.0,0.0,0.0,0.0,0.2,False,50
CHAMP1,0.02,0,0,0,38.5,32.0,38.5,1.0,0.0,0.0,0.0,0.1,0.0,0.1,0.0,0.0,0.0,0.0,0.0,0.0,0.0,0.0,False,50
LINC01094,0.02,0,0,0,38.5,37.0,38.5,0.5,0.0,0.0,0.2,0.0,0.0,0.0,0.0,0.0,0.0,0.0,0.0,0.0,0.0,0.0,False,50
PDE2A,0.02,0,0,0,38.5,28.0,38.5,0.6666666666666666,0.0,0.0,0.0,0.0,0.0,0.0,0.0,0.2,0.0,0.0,0.0,0.1,0.0,0.0,False,50
RASSF6,0.02,0,0,0,38.5,36.0,38.5,0.5,0.0,0.0,0.2,0.0,0.0,0.0,0.0,0.0,0.0,0.0,0.0,0.0,0.0,0.0,False,50
DCAF8,0.02,0,0,0,39.0,35.0,39.0,1.0,0.0,0.0,0.0,0.0,0.0,0.0,0.0,0.2,0.0,0.0,0.0,0.0,0.0,0.0,False,50
RDH5,0.02,0,0,0,39.0,30.0,39.0,0.5,0.0,0.0,0.0,0.0,0.0,0.2,0.0,0.0,0.0,0.0,0.0,0.0,0.0,0.0,False,50
SCARA5,0.02,0,0,0,39.0,37.0,39.0,1.0,0.0,0.0,0.0,0.0,0.0,0.0,0.0,0.2,0.0,0.0,0.0,0.0,0.0,0.0,False,50
LOC101929398,0.02,0,0,0,39.5,37.0,39.5,0.0,0.0,0.0,0.0,0.0,0.1,0.0,0.1,0.0,0.0,0.0,0.0,0.0,0.1,0.0,False,50
LOC647115,0.02,0,0,0,40.0,39.0,40.0,0.5,0.0,0.1,0.1,0.0,0.0,0.0,0.0,0.0,0.0,0.0,0.0,0.0,0.0,0.0,False,50
SLC6A6,0.02,0,0,0,40.0,33.0,40.0,1.0,0.0,0.0,0.1,0.1,0.0,0.0,0.0,0.0,0.0,0.0,0.0,0.0,0.0,0.0,False,50
A2M-AS1,0.02,0,0,0,41.0,32.0,41.0,0.0,0.0,0.0,0.0,0.0,0.0,0.2,0.0,0.0,0.0,0.0,0.0,0.0,0.0,0.0,False,50
SNX21,0.02,0,0,0,41.0,38.0,41.0,1.0,0.0,0.0,0.0,0.0,0.0,0.0,0.0,0.2,0.0,0.0,0.0,0.0,0.0,0.0,False,50
ASTN2,0.02,0,0,0,43.0,41.0,43.0,0.5,0.0,0.1,0.1,0.0,0.0,0.0,0.0,0.0,0.0,0.0,0.0,0.0,0.0,0.0,False,50
ECHDC1,0.02,0,0,0,43.0,43.0,43.0,1.0,0.0,0.0,0.0,0.0,0.0,0.0,0.0,0.1,0.1,0.0,0.0,0.0,0.0,0.0,False,50
ANGPTL8,0.02,0,0,0,44.0,43.0,44.0,0.0,0.0,0.0,0.0,0.0,0.1,0.0,0.1,0.0,0.0,0.0,0.0,0.0,0.1,0.0,False,50
C4orf46,0.02,0,0,0,44.0,43.0,44.0,1.0,0.0,0.0,0.1,0.1,0.0,0.0,0.0,0.0,0.0,0.0,0.0,0.0,0.0,0.0,False,50
CDC42EP2,0.02,0,0,0,44.0,38.0,44.0,0.0,0.0,0.0,0.0,0.1,0.1,0.0,0.0,0.0,0.0,0.0,0.0,0.0,0.0,0.0,False,50
HCAR3,0.02,0,0,0,44.5,42.0,44.5,0.5,0.0,0.0,0.1,0.0,0.0,0.1,0.0,0.0,0.0,0.0,0.0,0.0,0.0,0.0,False,50
RAB3D,0.02,0,0,0,44.5,39.0,44.5,1.0,0.0,0.0,0.0,0.0,0.0,0.0,0.0,0.1,0.1,0.0,0.0,0.0,0.0,0.0,False,50
KIFC2,0.02,0,0,0,45.0,41.0,45.0,1.0,0.2,0.0,0.0,0.0,0.0,0.0,0.0,0.0,0.2,0.0,0.0,0.0,0.0,0.2,False,50
PLEKHG6,0.02,0,0,0,45.0,40.0,45.0,0.0,0.0,0.0,0.1,0.0,0.0,0.1,0.0,0.0,0.0,0.0,0.0,0.0,0.0,0.0,False,50
EIF2B3,0.02,0,0,0,46.0,42.0,46.0,,0.0,0.0,0.0,0.2,0.0,0.0,0.0,0.0,0.0,0.0,0.0,0.0,0.0,0.0,False,50
MARCKSL1,0.02,0,0,0,48.0,46.0,48.0,1.0,0.0,0.0,0.0,0.0,0.0,0.0,0.0,0.2,0.0,0.0,0.0,0.0,0.0,0.0,False,50
RBMS3-AS3,0.02,0,0,0,48.0,48.0,48.0,0.0,0.0,0.0,0.0,0.0,0.1,0.0,0.1,0.0,0.0,0.0,0.0,0.0,0.0,0.0,False,50
NOVA1,0.02,0,0,0,48.5,47.0,48.5,,0.0,0.0,0.0,0.2,0.0,0.0,0.0,0.0,0.0,0.0,0.0,0.0,0.0,0.0,False,50
ADAM23,0.01,0,0,0,1.0,1.0,1.0,1.0,0.0,0.1,0.0,0.0,0.0,0.0,0.0,0.0,0.0,0.0,0.0,0.0,0.0,0.0,False,50
LOC643355,0.01,0,0,0,1.0,1.0,1.0,,0.0,0.0,0.0,0.1,0.0,0.0,0.0,0.0,0.0,0.0,0.0,0.0,0.0,0.0,False,50
NTNG1,0.01,0,0,0,1.0,1.0,1.0,1.0,0.0,0.1,0.0,0.0,0.0,0.0,0.0,0.0,0.0,0.0,0.0,0.0,0.0,0.0,False,50
UQCRFS1,0.01,0,0,0,1.0,1.0,1.0,,0.0,0.0,0.0,0.1,0.0,0.0,0.0,0.0,0.0,0.0,0.0,0.0,0.0,0.0,False,50
NDUFA4,0.01,0,0,0,2.0,2.0,2.0,,0.0,0.0,0.0,0.1,0.0,0.0,0.0,0.0,0.0,0.0,0.0,0.0,0.0,0.0,False,50
IGLV6-57,0.01,0,0,0,3.0,3.0,3.0,1.0,0.0,0.1,0.0,0.0,0.0,0.0,0.0,0.0,0.0,0.0,0.0,0.0,0.0,0.0,False,50
BPIFA1,0.01,0,0,0,4.0,4.0,4.0,1.0,0.0,0.1,0.0,0.0,0.0,0.0,0.0,0.0,0.0,0.0,0.0,0.0,0.0,0.0,False,50
CATSPERG,0.01,0,0,0,4.0,4.0,4.0,1.0,0.0,0.1,0.0,0.0,0.0,0.0,0.0,0.0,0.0,0.0,0.0,0.0,0.0,0.0,False,50
FAM83C-AS1,0.01,0,0,0,4.0,4.0,4.0,0.0,0.0,0.1,0.0,0.0,0.0,0.0,0.0,0.0,0.0,0.0,0.0,0.1,0.0,0.0,False,50
LOC101929378,0.01,0,0,0,4.0,4.0,4.0,0.0,0.0,0.1,0.0,0.0,0.0,0.0,0.0,0.0,0.0,0.0,0.0,0.2,0.0,0.0,False,50
PIGP,0.01,0,0,0,4.0,4.0,4.0,,0.0,0.0,0.0,0.1,0.0,0.0,0.0,0.0,0.0,0.0,0.0,0.0,0.0,0.0,False,50
ATP5O,0.01,0,0,0,5.0,5.0,5.0,,0.0,0.0,0.0,0.1,0.0,0.0,0.0,0.0,0.0,0.0,0.0,0.0,0.0,0.0,False,50
GRAMD1C,0.01,0,0,0,5.0,5.0,5.0,0.0,0.0,0.0,0.0,0.0,0.0,0.1,0.0,0.0,0.0,0.0,0.0,0.0,0.0,0.0,False,50
LINC00636,0.01,0,0,0,5.0,5.0,5.0,,0.0,0.0,0.0,0.1,0.0,0.0,0.0,0.0,0.0,0.0,0.0,0.0,0.0,0.0,False,50
ZNF785,0.01,0,0,0,5.0,5.0,5.0,1.0,0.0,0.0,0.1,0.0,0.0,0.0,0.0,0.0,0.0,0.0,0.0,0.0,0.0,0.0,False,50
ARPP21,0.01,0,0,0,6.0,6.0,6.0,1.0,0.0,0.1,0.0,0.0,0.0,0.0,0.0,0.0,0.0,0.0,0.0,0.0,0.0,0.0,False,50
CHCHD3,0.01,0,0,0,6.0,6.0,6.0,,0.0,0.0,0.0,0.1,0.0,0.0,0.0,0.0,0.0,0.0,0.0,0.0,0.0,0.0,False,50
IQCH,0.01,0,0,0,6.0,6.0,6.0,1.0,0.0,0.0,0.0,0.1,0.0,0.0,0.0,0.0,0.0,0.0,0.0,0.0,0.1,0.0,False,50
ABLIM3,0.01,0,0,0,7.0,7.0,7.0,1.0,0.0,0.0,0.1,0.0,0.0,0.0,0.0,0.0,0.0,0.0,0.0,0.0,0.0,0.0,False,50
CSHL1,0.01,0,0,0,7.0,7.0,7.0,0.0,0.0,0.1,0.0,0.0,0.0,0.0,0.0,0.0,0.0,0.0,0.0,0.0,0.0,0.0,False,50
CTB-113P19.1,0.01,0,0,0,7.0,7.0,7.0,0.0,0.0,0.1,0.0,0.0,0.0,0.0,0.0,0.0,0.0,0.0,0.0,0.1,0.0,0.0,False,50
FIS1,0.01,0,0,0,7.0,7.0,7.0,,0.0,0.0,0.0,0.1,0.0,0.0,0.0,0.0,0.0,0.0,0.0,0.0,0.0,0.0,False,50
LCN8,0.01,0,0,0,7.0,7.0,7.0,,0.0,0.0,0.0,0.1,0.0,0.0,0.0,0.0,0.0,0.0,0.0,0.0,0.0,0.0,False,50
NPFFR2,0.01,0,0,0,7.0,7.0,7.0,1.0,0.0,0.1,0.0,0.0,0.0,0.0,0.0,0.0,0.0,0.0,0.0,0.0,0.0,0.0,False,50
GLRX5,0.01,0,0,0,8.0,8.0,8.0,,0.0,0.0,0.0,0.1,0.0,0.0,0.0,0.0,0.0,0.0,0.0,0.0,0.0,0.0,False,50
SIGLEC16,0.01,0,0,0,8.0,8.0,8.0,1.0,0.0,0.0,0.0,0.1,0.0,0.0,0.0,0.0,0.0,0.0,0.0,0.0,0.2,0.0,False,50
F2,0.01,0,0,0,9.0,9.0,9.0,0.0,0.0,0.1,0.0,0.0,0.0,0.0,0.0,0.0,0.0,0.0,0.0,0.1,0.0,0.0,False,50
LOC105376292,0.01,0,0,0,9.0,9.0,9.0,0.0,0.0,0.0,0.0,0.1,0.0,0.0,0.0,0.0,0.0,0.0,0.0,0.1,0.0,0.0,False,50
CC2D2A,0.01,0,0,0,10.0,10.0,10.0,,0.0,0.0,0.0,0.1,0.0,0.0,0.0,0.0,0.0,0.0,0.0,0.0,0.0,0.0,False,50
IGSF21,0.01,0,0,0,10.0,10.0,10.0,1.0,0.0,0.1,0.0,0.0,0.0,0.0,0.0,0.0,0.0,0.0,0.0,0.0,0.0,0.0,False,50
SLC25A25,0.01,0,0,0,10.0,10.0,10.0,,0.0,0.0,0.0,0.1,0.0,0.0,0.0,0.0,0.0,0.0,0.0,0.0,0.0,0.0,False,50
TMEM108,0.01,0,0,0,10.0,10.0,10.0,,0.0,0.0,0.0,0.1,0.0,0.0,0.0,0.0,0.0,0.0,0.0,0.0,0.0,0.0,False,50
CSTL1,0.01,0,0,0,11.0,11.0,11.0,,0.0,0.0,0.0,0.1,0.0,0.0,0.0,0.0,0.0,0.0,0.0,0.0,0.0,0.0,False,50
CXCL6,0.01,0,0,0,11.0,11.0,11.0,0.0,0.0,0.1,0.0,0.0,0.0,0.0,0.0,0.0,0.0,0.0,0.0,0.1,0.0,0.0,False,50
LINC01424,0.01,0,0,0,11.0,11.0,11.0,,0.0,0.0,0.0,0.1,0.0,0.0,0.0,0.0,0.0,0.0,0.0,0.0,0.0,0.0,False,50
MMP1,0.01,0,0,0,11.0,11.0,11.0,0.0,0.0,0.0,0.1,0.0,0.0,0.0,0.0,0.0,0.0,0.0,0.0,0.0,0.0,0.0,False,50
BTNL2,0.01,0,0,0,12.0,12.0,12.0,0.0,0.0,0.1,0.0,0.0,0.0,0.0,0.0,0.0,0.0,0.0,0.0,0.1,0.0,0.0,False,50
C17orf77,0.01,0,0,0,12.0,12.0,12.0,,0.0,0.0,0.0,0.1,0.0,0.0,0.0,0.0,0.0,0.0,0.0,0.0,0.0,0.0,False,50
CATSPER1,0.01,0,0,0,12.0,12.0,12.0,,0.0,0.0,0.0,0.1,0.0,0.0,0.0,0.0,0.0,0.0,0.0,0.0,0.0,0.0,False,50
NPTX2,0.01,0,0,0,12.0,12.0,12.0,1.0,0.0,0.1,0.0,0.0,0.0,0.0,0.0,0.0,0.0,0.0,0.0,0.0,0.0,0.0,False,50
TMC7,0.01,0,0,0,12.0,12.0,12.0,1.0,0.0,0.1,0.0,0.0,0.0,0.0,0.0,0.0,0.0,0.0,0.0,0.0,0.0,0.0,False,50
TTC14,0.01,0,0,0,12.0,12.0,12.0,,0.0,0.0,0.0,0.1,0.0,0.0,0.0,0.0,0.0,0.0,0.0,0.0,0.0,0.0,False,50
ARPC1A,0.01,0,0,0,13.0,13.0,13.0,,0.0,0.0,0.0,0.1,0.0,0.0,0.0,0.0,0.0,0.0,0.0,0.0,0.0,0.0,False,50
C10orf55,0.01,0,0,0,13.0,13.0,13.0,1.0,0.0,0.1,0.0,0.0,0.0,0.0,0.0,0.0,0.0,0.0,0.0,0.0,0.0,0.0,False,50
LINC01355,0.01,0,0,0,13.0,13.0,13.0,0.0,0.0,0.0,0.1,0.0,0.0,0.0,0.0,0.0,0.0,0.0,0.0,0.0,0.0,0.0,False,50
LOC100506258,0.01,0,0,0,13.0,13.0,13.0,,0.0,0.0,0.0,0.1,0.0,0.0,0.0,0.0,0.0,0.0,0.0,0.0,0.0,0.0,False,50
RAD9B,0.01,0,0,0,13.0,13.0,13.0,0.0,0.0,0.1,0.0,0.0,0.0,0.0,0.0,0.0,0.0,0.0,0.0,0.1,0.0,0.0,False,50
SOX5,0.01,0,0,0,13.0,13.0,13.0,0.0,0.0,0.0,0.0,0.0,0.0,0.1,0.0,0.0,0.0,0.0,0.0,0.0,0.0,0.0,False,50
ATP5B,0.01,0,0,0,14.0,14.0,14.0,,0.0,0.0,0.0,0.1,0.0,0.0,0.0,0.0,0.0,0.0,0.0,0.0,0.0,0.0,False,50
DCAF7,0.01,0,0,0,14.0,14.0,14.0,1.0,0.0,0.0,0.1,0.0,0.0,0.0,0.0,0.0,0.0,0.0,0.0,0.0,0.0,0.0,False,50
DLG5,0.01,0,0,0,14.0,14.0,14.0,0.0,0.0,0.0,0.1,0.0,0.0,0.0,0.0,0.0,0.0,0.0,0.0,0.0,0.0,0.0,False,50
GABRQ,0.01,0,0,0,14.0,14.0,14.0,1.0,0.0,0.1,0.0,0.0,0.0,0.0,0.0,0.0,0.0,0.0,0.0,0.0,0.0,0.0,False,50
AMBP,0.01,0,0,0,15.0,15.0,15.0,1.0,0.0,0.1,0.0,0.0,0.0,0.0,0.0,0.0,0.0,0.0,0.0,0.0,0.0,0.0,False,50
LINC00616,0.01,0,0,0,15.0,15.0,15.0,0.0,0.0,0.1,0.0,0.0,0.0,0.0,0.0,0.0,0.0,0.0,0.0,0.1,0.0,0.0,False,50
LOC105373876,0.01,0,0,0,15.0,15.0,15.0,0.0,0.0,0.1,0.0,0.0,0.0,0.0,0.0,0.0,0.0,0.0,0.0,0.1,0.0,0.0,False,50
PLCB2,0.01,0,0,0,15.0,15.0,15.0,,0.0,0.0,0.0,0.1,0.0,0.0,0.0,0.0,0.0,0.0,0.0,0.0,0.0,0.0,False,50
PLIN1,0.01,0,0,0,15.0,15.0,15.0,1.0,0.0,0.0,0.0,0.0,0.0,0.0,0.0,0.1,0.0,0.0,0.0,0.0,0.0,0.0,False,50
SLC3A1,0.01,0,0,0,15.0,15.0,15.0,1.0,0.0,0.1,0.0,0.0,0.0,0.0,0.0,0.0,0.0,0.0,0.0,0.0,0.0,0.0,False,50
YPEL1,0.01,0,0,0,15.0,15.0,15.0,,0.0,0.0,0.0,0.1,0.0,0.0,0.0,0.0,0.0,0.0,0.0,0.0,0.0,0.0,False,50
ACTA2-AS1,0.01,0,0,0,16.0,16.0,16.0,,0.0,0.0,0.0,0.1,0.0,0.0,0.0,0.0,0.0,0.0,0.0,0.0,0.0,0.0,False,50
PRSS35,0.01,0,0,0,16.0,16.0,16.0,,0.0,0.0,0.0,0.1,0.0,0.0,0.0,0.0,0.0,0.0,0.0,0.0,0.0,0.0,False,50
SEC11C,0.01,0,0,0,16.0,16.0,16.0,1.0,0.0,0.0,0.1,0.0,0.0,0.0,0.0,0.0,0.0,0.0,0.0,0.0,0.0,0.0,False,50
ALKBH5,0.01,0,0,0,17.0,17.0,17.0,,0.0,0.0,0.0,0.1,0.0,0.0,0.0,0.0,0.0,0.0,0.0,0.0,0.0,0.0,False,50
DISC1,0.01,0,0,0,17.0,17.0,17.0,0.0,0.0,0.1,0.0,0.0,0.0,0.0,0.0,0.0,0.0,0.0,0.0,0.0,0.0,0.0,False,50
LOC101929705,0.01,0,0,0,17.0,17.0,17.0,1.0,0.0,0.1,0.0,0.0,0.0,0.0,0.0,0.0,0.0,0.0,0.0,0.0,0.0,0.0,False,50
MARK1,0.01,0,0,0,17.0,17.0,17.0,1.0,0.0,0.0,0.1,0.0,0.0,0.0,0.0,0.0,0.0,0.0,0.0,0.0,0.0,0.0,False,50
ARHGEF40,0.01,0,0,0,18.0,18.0,18.0,1.0,0.0,0.0,0.0,0.0,0.0,0.0,0.0,0.1,0.0,0.0,0.0,0.0,0.0,0.0,False,50
FRMD1,0.01,0,0,0,18.0,18.0,18.0,0.0,0.0,0.1,0.0,0.0,0.0,0.0,0.0,0.0,0.0,0.0,0.0,0.2,0.0,0.0,False,50
JAK1,0.01,0,0,0,18.0,18.0,18.0,0.0,0.0,0.0,0.1,0.0,0.0,0.0,0.0,0.0,0.0,0.0,0.0,0.0,0.0,0.0,False,50
MALSU1,0.01,0,0,0,18.0,18.0,18.0,,0.0,0.0,0.0,0.1,0.0,0.0,0.0,0.0,0.0,0.0,0.0,0.0,0.0,0.0,False,50
MAS1L,0.01,0,0,0,18.0,18.0,18.0,0.0,0.0,0.1,0.0,0.0,0.0,0.0,0.0,0.0,0.0,0.0,0.0,0.0,0.0,0.0,False,50
FAM69A,0.01,0,0,0,19.0,19.0,19.0,1.0,0.0,0.0,0.1,0.0,0.0,0.0,0.0,0.0,0.0,0.0,0.0,0.0,0.0,0.0,False,50
SLC44A5,0.01,0,0,0,19.0,19.0,19.0,,0.0,0.0,0.0,0.1,0.0,0.0,0.0,0.0,0.0,0.0,0.0,0.0,0.0,0.0,False,50
TGFB1,0.01,0,0,0,19.0,19.0,19.0,,0.0,0.0,0.0,0.1,0.0,0.0,0.0,0.0,0.0,0.0,0.0,0.0,0.0,0.0,False,50
TMEM191A,0.01,0,0,0,19.0,19.0,19.0,,0.0,0.0,0.0,0.1,0.0,0.0,0.0,0.0,0.0,0.0,0.0,0.0,0.0,0.0,False,50
ZDHHC4,0.01,0,0,0,19.0,19.0,19.0,,0.0,0.0,0.0,0.1,0.0,0.0,0.0,0.0,0.0,0.0,0.0,0.0,0.0,0.0,False,50
ZNF48,0.01,0,0,0,19.0,19.0,19.0,,0.0,0.0,0.0,0.0,0.0,0.0,0.0,0.0,0.1,0.0,0.0,0.0,0.0,0.0,False,50
BTF3L4,0.01,0,0,0,20.0,20.0,20.0,,0.0,0.0,0.0,0.1,0.0,0.0,0.0,0.0,0.0,0.0,0.0,0.0,0.0,0.0,False,50
CFAP100,0.01,0,0,0,20.0,20.0,20.0,0.0,0.0,0.1,0.0,0.0,0.0,0.0,0.0,0.0,0.0,0.0,0.0,0.1,0.0,0.0,False,50
FANCC,0.01,0,0,0,20.0,20.0,20.0,1.0,0.0,0.1,0.0,0.0,0.0,0.0,0.0,0.0,0.0,0.0,0.0,0.0,0.0,0.0,False,50
LOC101926944,0.01,0,0,0,20.0,20.0,20.0,0.0,0.0,0.1,0.0,0.0,0.0,0.0,0.0,0.0,0.0,0.0,0.0,0.0,0.0,0.0,False,50
LOC401098,0.01,0,0,0,20.0,20.0,20.0,,0.0,0.0,0.0,0.1,0.0,0.0,0.0,0.0,0.0,0.0,0.0,0.0,0.0,0.0,False,50
MAGI3,0.01,0,0,0,20.0,20.0,20.0,1.0,0.0,0.0,0.1,0.0,0.0,0.0,0.0,0.0,0.0,0.0,0.0,0.0,0.0,0.0,False,50
STAP2,0.01,0,0,0,20.0,20.0,20.0,1.0,0.0,0.0,0.0,0.0,0.0,0.0,0.0,0.1,0.0,0.0,0.0,0.0,0.0,0.0,False,50
TLCD2,0.01,0,0,0,20.0,20.0,20.0,0.0,0.0,0.0,0.1,0.0,0.0,0.0,0.0,0.0,0.0,0.0,0.0,0.0,0.0,0.0,False,50
ABCC8,0.01,0,0,0,21.0,21.0,21.0,,0.0,0.0,0.0,0.1,0.0,0.0,0.0,0.0,0.0,0.0,0.0,0.0,0.0,0.0,False,50
EEF1AKMT1,0.01,0,0,0,21.0,21.0,21.0,0.0,0.0,0.0,0.1,0.0,0.0,0.0,0.0,0.0,0.0,0.0,0.0,0.0,0.0,0.0,False,50
ESD,0.01,0,0,0,21.0,21.0,21.0,,0.0,0.0,0.0,0.1,0.0,0.0,0.0,0.0,0.0,0.0,0.0,0.0,0.0,0.0,False,50
NKX6-1,0.01,0,0,0,21.0,21.0,21.0,,0.0,0.0,0.0,0.1,0.0,0.0,0.0,0.0,0.0,0.0,0.0,0.0,0.0,0.0,False,50
TBXAS1,0.01,0,0,0,21.0,21.0,21.0,1.0,0.0,0.1,0.0,0.0,0.0,0.0,0.0,0.0,0.0,0.0,0.0,0.0,0.0,0.0,False,50
TDRD5,0.01,0,0,0,21.0,21.0,21.0,,0.0,0.0,0.0,0.1,0.0,0.0,0.0,0.0,0.0,0.0,0.0,0.0,0.0,0.0,False,50
C1orf123,0.01,0,0,0,22.0,22.0,22.0,,0.0,0.0,0.0,0.1,0.0,0.0,0.0,0.0,0.0,0.0,0.0,0.0,0.0,0.0,False,50
CNIH3,0.01,0,0,0,22.0,22.0,22.0,1.0,0.0,0.0,0.0,0.1,0.0,0.0,0.0,0.0,0.0,0.0,0.0,0.0,0.1,0.0,False,50
GATA3,0.01,0,0,0,22.0,22.0,22.0,,0.0,0.0,0.0,0.0,0.0,0.0,0.0,0.0,0.1,0.0,0.0,0.0,0.0,0.0,False,50
LOC729173,0.01,0,0,0,22.0,22.0,22.0,0.0,0.0,0.1,0.0,0.0,0.0,0.0,0.0,0.0,0.0,0.0,0.0,0.1,0.0,0.0,False,50
LRP1B,0.01,0,0,0,22.0,22.0,22.0,0.0,0.0,0.0,0.0,0.0,0.0,0.1,0.0,0.0,0.0,0.0,0.0,0.0,0.0,0.0,False,50
PGLYRP2,0.01,0,0,0,22.0,22.0,22.0,,0.0,0.0,0.0,0.1,0.0,0.0,0.0,0.0,0.0,0.0,0.0,0.0,0.0,0.0,False,50
PRKCA-AS1,0.01,0,0,0,22.0,22.0,22.0,0.0,0.0,0.1,0.0,0.0,0.0,0.0,0.0,0.0,0.0,0.0,0.0,0.1,0.0,0.0,False,50
SCN1A,0.01,0,0,0,22.0,22.0,22.0,1.0,0.0,0.1,0.0,0.0,0.0,0.0,0.0,0.0,0.0,0.0,0.0,0.0,0.0,0.0,False,50
SLC25A25-AS1,0.01,0,0,0,22.0,22.0,22.0,1.0,0.0,0.0,0.1,0.0,0.0,0.0,0.0,0.0,0.0,0.0,0.0,0.0,0.0,0.0,False,50
ADCK1,0.01,0,0,0,23.0,23.0,23.0,,0.0,0.0,0.0,0.1,0.0,0.0,0.0,0.0,0.0,0.0,0.0,0.0,0.0,0.0,False,50
APOF,0.01,0,0,0,23.0,23.0,23.0,1.0,0.0,0.0,0.0,0.0,0.1,0.0,0.0,0.0,0.0,0.0,0.0,0.0,0.1,0.0,False,50
LOC101928000,0.01,0,0,0,23.0,23.0,23.0,1.0,0.0,0.0,0.1,0.0,0.0,0.0,0.0,0.0,0.0,0.0,0.0,0.0,0.0,0.0,False,50
MUC17,0.01,0,0,0,23.0,23.0,23.0,,0.0,0.0,0.0,0.1,0.0,0.0,0.0,0.0,0.0,0.0,0.0,0.0,0.0,0.0,False,50
PTPRK,0.01,0,0,0,23.0,23.0,23.0,0.0,0.0,0.0,0.1,0.0,0.0,0.0,0.0,0.0,0.0,0.0,0.0,0.0,0.0,0.0,False,50
SERTAD4,0.01,0,0,0,23.0,23.0,23.0,0.0,0.0,0.0,0.1,0.0,0.0,0.0,0.0,0.0,0.0,0.0,0.0,0.0,0.0,0.0,False,50
UBA52,0.01,0,0,0,23.0,23.0,23.0,,0.0,0.0,0.0,0.1,0.0,0.0,0.0,0.0,0.0,0.0,0.0,0.0,0.0,0.0,False,50
ATP5G3,0.01,0,0,0,24.0,24.0,24.0,,0.0,0.0,0.0,0.1,0.0,0.0,0.0,0.0,0.0,0.0,0.0,0.0,0.0,0.0,False,50
CYLC2,0.01,0,0,0,24.0,24.0,24.0,0.0,0.0,0.1,0.0,0.0,0.0,0.0,0.0,0.0,0.0,0.0,0.0,0.1,0.0,0.0,False,50
HIST1H4G,0.01,0,0,0,24.0,24.0,24.0,0.0,0.0,0.1,0.0,0.0,0.0,0.0,0.0,0.0,0.0,0.0,0.0,0.0,0.0,0.0,False,50
KRT76,0.01,0,0,0,24.0,24.0,24.0,0.0,0.0,0.1,0.0,0.0,0.0,0.0,0.0,0.0,0.0,0.0,0.0,0.0,0.0,0.0,False,50
NKTR,0.01,0,0,0,24.0,24.0,24.0,0.0,0.0,0.0,0.1,0.0,0.0,0.0,0.0,0.0,0.0,0.0,0.0,0.0,0.0,0.0,False,50
ZKSCAN5,0.01,0,0,0,24.0,24.0,24.0,,0.0,0.0,0.0,0.1,0.0,0.0,0.0,0.0,0.0,0.0,0.0,0.0,0.0,0.0,False,50
C22orf39,0.01,0,0,0,25.0,25.0,25.0,0.0,0.0,0.0,0.1,0.0,0.0,0.0,0.0,0.0,0.0,0.0,0.0,0.0,0.0,0.0,False,50
DRG1,0.01,0,0,0,25.0,25.0,25.0,,0.0,0.0,0.0,0.1,0.0,0.0,0.0,0.0,0.0,0.0,0.0,0.0,0.0,0.0,False,50
FAM71D,0.01,0,0,0,25.0,25.0,25.0,0.0,0.0,0.1,0.0,0.0,0.0,0.0,0.0,0.0,0.0,0.0,0.0,0.1,0.0,0.0,False,50
MAN2A2,0.01,0,0,0,25.0,25.0,25.0,,0.0,0.0,0.0,0.1,0.0,0.0,0.0,0.0,0.0,0.0,0.0,0.0,0.0,0.0,False,50
MYT1L,0.01,0,0,0,25.0,25.0,25.0,0.0,0.0,0.1,0.0,0.0,0.0,0.0,0.0,0.0,0.0,0.0,0.0,0.0,0.0,0.0,False,50
SPATA13,0.01,0,0,0,25.0,25.0,25.0,0.0,0.0,0.0,0.0,0.0,0.0,0.1,0.0,0.0,0.0,0.0,0.0,0.0,0.0,0.0,False,50
TRIM40,0.01,0,0,0,25.0,25.0,25.0,0.0,0.0,0.1,0.0,0.0,0.0,0.0,0.0,0.0,0.0,0.0,0.0,0.1,0.0,0.0,False,50
ATP5J,0.01,0,0,0,26.0,26.0,26.0,,0.0,0.0,0.0,0.1,0.0,0.0,0.0,0.0,0.0,0.0,0.0,0.0,0.0,0.0,False,50
CEP350,0.01,0,0,0,26.0,26.0,26.0,0.0,0.0,0.0,0.1,0.0,0.0,0.0,0.0,0.0,0.0,0.0,0.0,0.0,0.0,0.0,False,50
CHMP4C,0.01,0,0,0,26.0,26.0,26.0,0.0,0.0,0.0,0.0,0.0,0.0,0.1,0.0,0.0,0.0,0.0,0.0,0.0,0.0,0.0,False,50
GOPC,0.01,0,0,0,26.0,26.0,26.0,,0.0,0.0,0.0,0.1,0.0,0.0,0.0,0.0,0.0,0.0,0.0,0.0,0.0,0.0,False,50
LOC643711,0.01,0,0,0,26.0,26.0,26.0,1.0,0.0,0.1,0.0,0.0,0.0,0.0,0.0,0.0,0.0,0.0,0.0,0.0,0.0,0.0,False,50
MRPL1,0.01,0,0,0,26.0,26.0,26.0,0.0,0.0,0.0,0.1,0.0,0.0,0.0,0.0,0.0,0.0,0.0,0.0,0.0,0.0,0.0,False,50
POGK,0.01,0,0,0,26.0,26.0,26.0,0.0,0.0,0.0,0.1,0.0,0.0,0.0,0.0,0.0,0.0,0.0,0.0,0.0,0.0,0.0,False,50
SERPINE2,0.01,0,0,0,26.0,26.0,26.0,0.0,0.0,0.0,0.1,0.0,0.0,0.0,0.0,0.0,0.0,0.0,0.0,0.0,0.0,0.0,False,50
TBC1D32,0.01,0,0,0,26.0,26.0,26.0,,0.0,0.0,0.0,0.1,0.0,0.0,0.0,0.0,0.0,0.0,0.0,0.0,0.0,0.0,False,50
TNIK,0.01,0,0,0,26.0,26.0,26.0,1.0,0.0,0.0,0.1,0.0,0.0,0.0,0.0,0.0,0.0,0.0,0.0,0.0,0.0,0.0,False,50
ADH5,0.01,0,0,0,27.0,27.0,27.0,,0.0,0.0,0.0,0.1,0.0,0.0,0.0,0.0,0.0,0.0,0.0,0.0,0.0,0.0,False,50
CD209,0.01,0,0,0,27.0,27.0,27.0,,0.0,0.0,0.0,0.0,0.0,0.0,0.0,0.0,0.1,0.0,0.0,0.0,0.0,0.0,False,50
ENPP7,0.01,0,0,0,27.0,27.0,27.0,,0.0,0.0,0.0,0.1,0.0,0.0,0.0,0.0,0.0,0.0,0.0,0.0,0.0,0.0,False,50
GBX1,0.01,0,0,0,27.0,27.0,27.0,0.0,0.0,0.1,0.0,0.0,0.0,0.0,0.0,0.0,0.0,0.0,0.0,0.0,0.0,0.0,False,50
GUCA1A,0.01,0,0,0,27.0,27.0,27.0,,0.0,0.0,0.0,0.1,0.0,0.0,0.0,0.0,0.0,0.0,0.0,0.0,0.0,0.0,False,50
LINC01119,0.01,0,0,0,27.0,27.0,27.0,0.0,0.0,0.1,0.0,0.0,0.0,0.0,0.0,0.0,0.0,0.0,0.0,0.0,0.0,0.0,False,50
LOC728061,0.01,0,0,0,27.0,27.0,27.0,0.0,0.0,0.0,0.1,0.0,0.0,0.0,0.0,0.0,0.0,0.0,0.0,0.0,0.0,0.0,False,50
LYZL6,0.01,0,0,0,27.0,27.0,27.0,1.0,0.0,0.1,0.0,0.0,0.0,0.0,0.0,0.0,0.0,0.0,0.0,0.0,0.0,0.0,False,50
ODF2,0.01,0,0,0,27.0,27.0,27.0,0.5,0.1,0.0,0.1,0.0,0.0,0.0,0.0,0.0,0.0,0.0,0.0,0.0,0.0,0.1,False,50
ARHGAP24,0.01,0,0,0,28.0,28.0,28.0,0.0,0.0,0.0,0.1,0.0,0.0,0.0,0.0,0.0,0.0,0.0,0.0,0.0,0.0,0.0,False,50
CAPN8,0.01,0,0,0,28.0,28.0,28.0,0.0,0.0,0.0,0.1,0.0,0.0,0.0,0.0,0.0,0.0,0.0,0.0,0.0,0.0,0.0,False,50
CHRNA1,0.01,0,0,0,28.0,28.0,28.0,1.0,0.0,0.0,0.0,0.1,0.0,0.0,0.0,0.0,0.0,0.0,0.0,0.0,0.1,0.0,False,50
DLX1,0.01,0,0,0,28.0,28.0,28.0,,0.0,0.0,0.0,0.1,0.0,0.0,0.0,0.0,0.0,0.0,0.0,0.0,0.0,0.0,False,50
KRTAP4-8,0.01,0,0,0,28.0,28.0,28.0,0.0,0.0,0.1,0.0,0.0,0.0,0.0,0.0,0.0,0.0,0.0,0.0,0.1,0.0,0.0,False,50
LOC101928461,0.01,0,0,0,28.0,28.0,28.0,0.0,0.0,0.1,0.0,0.0,0.0,0.0,0.0,0.0,0.0,0.0,0.0,0.3,0.0,0.0,False,50
POLR2J4,0.01,0,0,0,28.0,28.0,28.0,0.0,0.0,0.0,0.1,0.0,0.0,0.0,0.0,0.0,0.0,0.0,0.0,0.0,0.0,0.0,False,50
SNHG24,0.01,0,0,0,28.0,28.0,28.0,0.0,0.0,0.1,0.0,0.0,0.0,0.0,0.0,0.0,0.0,0.0,0.0,0.2,0.0,0.0,False,50
SRSF6,0.01,0,0,0,28.0,28.0,28.0,0.0,0.0,0.0,0.1,0.0,0.0,0.0,0.0,0.0,0.0,0.0,0.0,0.0,0.0,0.0,False,50
ZNF281,0.01,0,0,0,28.0,28.0,28.0,,0.0,0.0,0.0,0.1,0.0,0.0,0.0,0.0,0.0,0.0,0.0,0.0,0.0,0.0,False,50
ADAMTSL3,0.01,0,0,0,29.0,29.0,29.0,0.0,0.0,0.0,0.0,0.0,0.1,0.0,0.0,0.0,0.0,0.0,0.0,0.0,0.0,0.0,False,50
GAS2L3,0.01,0,0,0,29.0,29.0,29.0,1.0,0.0,0.1,0.0,0.0,0.0,0.0,0.0,0.0,0.0,0.0,0.0,0.0,0.0,0.0,False,50
IL17A,0.01,0,0,0,29.0,29.0,29.0,0.0,0.0,0.1,0.0,0.0,0.0,0.0,0.0,0.0,0.0,0.0,0.0,0.0,0.0,0.0,False,50
LSM6,0.01,0,0,0,29.0,29.0,29.0,,0.0,0.0,0.0,0.1,0.0,0.0,0.0,0.0,0.0,0.0,0.0,0.0,0.0,0.0,False,50
LZTS1,0.01,0,0,0,29.0,29.0,29.0,,0.0,0.0,0.0,0.1,0.0,0.0,0.0,0.0,0.0,0.0,0.0,0.0,0.0,0.0,False,50
OLR1,0.01,0,0,0,29.0,29.0,29.0,,0.0,0.0,0.0,0.1,0.0,0.0,0.0,0.0,0.0,0.0,0.0,0.0,0.0,0.0,False,50
CD300LB,0.01,0,0,0,30.0,30.0,30.0,,0.0,0.0,0.0,0.1,0.0,0.0,0.0,0.0,0.0,0.0,0.0,0.0,0.0,0.0,False,50
ENPP5,0.01,0,0,0,30.0,30.0,30.0,1.0,0.0,0.0,0.0,0.0,0.0,0.1,0.0,0.0,0.0,0.0,0.0,0.0,0.0,0.0,False,50
GPR37L1,0.01,0,0,0,30.0,30.0,30.0,,0.0,0.0,0.0,0.1,0.0,0.0,0.0,0.0,0.0,0.0,0.0,0.0,0.0,0.0,False,50
NFU1,0.01,0,0,0,30.0,30.0,30.0,,0.0,0.0,0.0,0.1,0.0,0.0,0.0,0.0,0.0,0.0,0.0,0.0,0.0,0.0,False,50
RFTN1,0.01,0,0,0,30.0,30.0,30.0,1.0,0.0,0.0,0.0,0.0,0.0,0.0,0.0,0.1,0.0,0.0,0.0,0.0,0.0,0.0,False,50
RGCC,0.01,0,0,0,30.0,30.0,30.0,1.0,0.0,0.0,0.0,0.0,0.0,0.0,0.0,0.1,0.0,0.0,0.0,0.0,0.0,0.0,False,50
TP53I11,0.01,0,0,0,30.0,30.0,30.0,0.0,0.0,0.0,0.1,0.0,0.0,0.0,0.0,0.0,0.0,0.0,0.0,0.0,0.0,0.0,False,50
ACO1,0.01,0,0,0,31.0,31.0,31.0,1.0,0.0,0.0,0.0,0.0,0.0,0.0,0.0,0.1,0.0,0.0,0.0,0.0,0.0,0.0,False,50
CCAR1,0.01,0,0,0,31.0,31.0,31.0,1.0,0.0,0.0,0.1,0.0,0.0,0.0,0.0,0.0,0.0,0.0,0.0,0.0,0.0,0.0,False,50
CHST11,0.01,0,0,0,31.0,31.0,31.0,0.0,0.0,0.0,0.1,0.0,0.0,0.0,0.0,0.0,0.0,0.0,0.0,0.0,0.0,0.0,False,50
CSMD3,0.01,0,0,0,31.0,31.0,31.0,0.0,0.0,0.1,0.0,0.0,0.0,0.0,0.0,0.0,0.0,0.0,0.0,0.2,0.0,0.0,False,50
GNRH2,0.01,0,0,0,31.0,31.0,31.0,0.0,0.0,0.1,0.0,0.0,0.0,0.0,0.0,0.0,0.0,0.0,0.0,0.1,0.0,0.0,False,50
GP2,0.01,0,0,0,31.0,31.0,31.0,,0.0,0.0,0.0,0.1,0.0,0.0,0.0,0.0,0.0,0.0,0.0,0.0,0.0,0.0,False,50
KLHL28,0.01,0,0,0,31.0,31.0,31.0,,0.0,0.0,0.0,0.1,0.0,0.0,0.0,0.0,0.0,0.0,0.0,0.0,0.0,0.0,False,50
LOC153577,0.01,0,0,0,31.0,31.0,31.0,,0.0,0.0,0.0,0.1,0.0,0.0,0.0,0.0,0.0,0.0,0.0,0.0,0.0,0.0,False,50
POU2F1,0.01,0,0,0,31.0,31.0,31.0,0.0,0.0,0.0,0.1,0.0,0.0,0.0,0.0,0.0,0.0,0.0,0.0,0.0,0.0,0.0,False,50
SEPT7P9,0.01,0,0,0,31.0,31.0,31.0,,0.0,0.0,0.0,0.1,0.0,0.0,0.0,0.0,0.0,0.0,0.0,0.0,0.0,0.0,False,50
TIAM1,0.01,0,0,0,31.0,31.0,31.0,0.0,0.0,0.0,0.1,0.0,0.0,0.0,0.0,0.0,0.0,0.0,0.0,0.0,0.0,0.0,False,50
ANKRD30A,0.01,0,0,0,32.0,32.0,32.0,0.0,0.0,0.0,0.1,0.0,0.0,0.0,0.0,0.0,0.0,0.0,0.0,0.0,0.0,0.0,False,50
ERMP1,0.01,0,0,0,32.0,32.0,32.0,1.0,0.0,0.0,0.1,0.0,0.0,0.0,0.0,0.0,0.0,0.0,0.0,0.0,0.0,0.0,False,50
GLYCTK-AS1,0.01,0,0,0,32.0,32.0,32.0,0.0,0.0,0.1,0.0,0.0,0.0,0.0,0.0,0.0,0.0,0.0,0.0,0.0,0.0,0.0,False,50
GPATCH11,0.01,0,0,0,32.0,32.0,32.0,0.0,0.0,0.0,0.0,0.0,0.0,0.1,0.0,0.0,0.0,0.0,0.0,0.0,0.0,0.0,False,50
LOC645321,0.01,0,0,0,32.0,32.0,32.0,,0.0,0.0,0.0,0.1,0.0,0.0,0.0,0.0,0.0,0.0,0.0,0.0,0.0,0.0,False,50
MIF,0.01,0,0,0,32.0,32.0,32.0,1.0,0.0,0.0,0.0,0.0,0.0,0.0,0.0,0.1,0.0,0.0,0.0,0.0,0.0,0.0,False,50
PSMB7,0.01,0,0,0,32.0,32.0,32.0,,0.0,0.0,0.0,0.0,0.0,0.0,0.0,0.0,0.1,0.0,0.0,0.0,0.0,0.0,False,50
PYGL,0.01,0,0,0,32.0,32.0,32.0,1.0,0.0,0.0,0.1,0.0,0.0,0.0,0.0,0.0,0.0,0.0,0.0,0.0,0.0,0.0,False,50
RNF24,0.01,0,0,0,32.0,32.0,32.0,0.0,0.0,0.0,0.1,0.0,0.0,0.0,0.0,0.0,0.0,0.0,0.0,0.0,0.0,0.0,False,50
RSL1D1,0.01,0,0,0,32.0,32.0,32.0,,0.0,0.0,0.0,0.1,0.0,0.0,0.0,0.0,0.0,0.0,0.0,0.0,0.0,0.0,False,50
SOD1,0.01,0,0,0,32.0,32.0,32.0,,0.0,0.0,0.0,0.1,0.0,0.0,0.0,0.0,0.0,0.0,0.0,0.0,0.0,0.0,False,50
ECHDC3,0.01,0,0,0,33.0,33.0,33.0,,0.0,0.0,0.0,0.1,0.0,0.0,0.0,0.0,0.0,0.0,0.0,0.0,0.0,0.0,False,50
FMO2,0.01,0,0,0,33.0,33.0,33.0,1.0,0.0,0.0,0.0,0.0,0.0,0.0,0.0,0.1,0.0,0.0,0.0,0.0,0.0,0.0,False,50
FXYD1,0.01,0,0,0,33.0,33.0,33.0,1.0,0.0,0.0,0.0,0.0,0.0,0.0,0.0,0.1,0.0,0.0,0.0,0.0,0.0,0.0,False,50
GCNT1,0.01,0,0,0,33.0,33.0,33.0,0.0,0.0,0.0,0.1,0.0,0.0,0.0,0.0,0.0,0.0,0.0,0.0,0.0,0.0,0.0,False,50
GNMT,0.01,0,0,0,33.0,33.0,33.0,,0.0,0.0,0.0,0.1,0.0,0.0,0.0,0.0,0.0,0.0,0.0,0.0,0.0,0.0,False,50
LOC101927278,0.01,0,0,0,33.0,33.0,33.0,0.0,0.0,0.1,0.0,0.0,0.0,0.0,0.0,0.0,0.0,0.0,0.0,0.0,0.0,0.0,False,50
MAOA,0.01,0,0,0,33.0,33.0,33.0,0.5,0.1,0.0,0.1,0.0,0.0,0.0,0.0,0.0,0.0,0.0,0.0,0.0,0.0,0.1,False,50
NPR3,0.01,0,0,0,33.0,33.0,33.0,1.0,0.0,0.0,0.0,0.0,0.0,0.0,0.0,0.1,0.0,0.0,0.0,0.0,0.0,0.0,False,50
PKP4,0.01,0,0,0,33.0,33.0,33.0,0.0,0.0,0.0,0.1,0.0,0.0,0.0,0.0,0.0,0.0,0.0,0.0,0.0,0.0,0.0,False,50
PPARG,0.01,0,0,0,33.0,33.0,33.0,1.0,0.0,0.0,0.0,0.0,0.0,0.0,0.0,0.1,0.0,0.0,0.0,0.0,0.0,0.0,False,50
SIGLEC15,0.01,0,0,0,33.0,33.0,33.0,,0.0,0.0,0.0,0.1,0.0,0.0,0.0,0.0,0.0,0.0,0.0,0.0,0.0,0.0,False,50
CCRL2,0.01,0,0,0,34.0,34.0,34.0,,0.0,0.0,0.0,0.1,0.0,0.0,0.0,0.0,0.0,0.0,0.0,0.0,0.0,0.0,False,50
COL1A2,0.01,0,0,0,34.0,34.0,34.0,,0.0,0.0,0.0,0.1,0.0,0.0,0.0,0.0,0.0,0.0,0.0,0.0,0.0,0.0,False,50
CUBN,0.01,0,0,0,34.0,34.0,34.0,0.0,0.0,0.1,0.0,0.0,0.0,0.0,0.0,0.0,0.0,0.0,0.0,0.0,0.0,0.0,False,50
GNG2,0.01,0,0,0,34.0,34.0,34.0,1.0,0.0,0.0,0.0,0.0,0.0,0.0,0.0,0.1,0.0,0.0,0.0,0.0,0.0,0.0,False,50
ITGA1,0.01,0,0,0,34.0,34.0,34.0,1.0,0.0,0.0,0.0,0.0,0.0,0.0,0.0,0.1,0.0,0.0,0.0,0.0,0.0,0.0,False,50
LOC79160,0.01,0,0,0,34.0,34.0,34.0,,0.0,0.0,0.0,0.1,0.0,0.0,0.0,0.0,0.0,0.0,0.0,0.0,0.0,0.0,False,50
MRPL2,0.01,0,0,0,34.0,34.0,34.0,1.0,0.0,0.0,0.1,0.0,0.0,0.0,0.0,0.0,0.0,0.0,0.0,0.0,0.0,0.0,False,50
NPR1,0.01,0,0,0,34.0,34.0,34.0,1.0,0.0,0.0,0.0,0.0,0.0,0.0,0.0,0.1,0.0,0.0,0.0,0.0,0.0,0.0,False,50
PCDH17,0.01,0,0,0,34.0,34.0,34.0,1.0,0.0,0.0,0.1,0.0,0.0,0.0,0.0,0.0,0.0,0.0,0.0,0.0,0.0,0.0,False,50
PKIB,0.01,0,0,0,34.0,34.0,34.0,1.0,0.0,0.0,0.0,0.0,0.0,0.1,0.0,0.0,0.0,0.0,0.0,0.0,0.0,0.0,False,50
PLA2G7,0.01,0,0,0,34.0,34.0,34.0,,0.0,0.0,0.0,0.1,0.0,0.0,0.0,0.0,0.0,0.0,0.0,0.0,0.0,0.0,False,50
SMIM3,0.01,0,0,0,34.0,34.0,34.0,1.0,0.0,0.0,0.0,0.0,0.0,0.0,0.0,0.1,0.0,0.0,0.0,0.0,0.0,0.0,False,50
TNFSF11,0.01,0,0,0,34.0,34.0,34.0,,0.0,0.0,0.0,0.1,0.0,0.0,0.0,0.0,0.0,0.0,0.0,0.0,0.0,0.0,False,50
TRAF4,0.01,0,0,0,34.0,34.0,34.0,1.0,0.0,0.0,0.0,0.0,0.0,0.0,0.0,0.1,0.0,0.0,0.0,0.0,0.0,0.0,False,50
VIT,0.01,0,0,0,34.0,34.0,34.0,1.0,0.0,0.0,0.0,0.0,0.0,0.1,0.0,0.0,0.0,0.0,0.0,0.0,0.0,0.0,False,50
ZNF493,0.01,0,0,0,34.0,34.0,34.0,,0.0,0.0,0.0,0.0,0.0,0.0,0.0,0.0,0.1,0.0,0.0,0.0,0.0,0.0,False,50
CD36,0.01,0,0,0,35.0,35.0,35.0,0.0,0.2,0.0,0.0,0.0,0.0,0.0,0.0,0.0,0.1,0.0,0.0,0.0,0.0,0.2,False,50
GSTM5,0.01,0,0,0,35.0,35.0,35.0,0.0,0.0,0.1,0.0,0.0,0.0,0.0,0.0,0.0,0.0,0.0,0.0,0.2,0.0,0.0,False,50
KIF6,0.01,0,0,0,35.0,35.0,35.0,0.0,0.0,0.0,0.1,0.0,0.0,0.0,0.0,0.0,0.0,0.0,0.0,0.0,0.0,0.0,False,50
LCE2B,0.01,0,0,0,35.0,35.0,35.0,0.0,0.0,0.1,0.0,0.0,0.0,0.0,0.0,0.0,0.0,0.0,0.0,0.0,0.0,0.0,False,50
LPP-AS2,0.01,0,0,0,35.0,35.0,35.0,0.0,0.0,0.0,0.0,0.0,0.1,0.0,0.0,0.0,0.0,0.0,0.0,0.0,0.0,0.0,False,50
MXRA7,0.01,0,0,0,35.0,35.0,35.0,1.0,0.0,0.0,0.0,0.0,0.0,0.0,0.0,0.1,0.0,0.0,0.0,0.0,0.0,0.0,False,50
RWDD2B,0.01,0,0,0,35.0,35.0,35.0,0.0,0.0,0.0,0.1,0.0,0.0,0.0,0.0,0.0,0.0,0.0,0.0,0.0,0.0,0.0,False,50
SPERT,0.01,0,0,0,35.0,35.0,35.0,0.0,0.0,0.1,0.0,0.0,0.0,0.0,0.0,0.0,0.0,0.0,0.0,0.0,0.0,0.0,False,50
THSD7B,0.01,0,0,0,35.0,35.0,35.0,0.0,0.0,0.1,0.0,0.0,0.0,0.0,0.0,0.0,0.0,0.0,0.0,0.0,0.0,0.0,False,50
TRIM72,0.01,0,0,0,35.0,35.0,35.0,,0.0,0.0,0.0,0.1,0.0,0.0,0.0,0.0,0.0,0.0,0.0,0.0,0.0,0.0,False,50
ZNF496,0.01,0,0,0,35.0,35.0,35.0,0.0,0.0,0.0,0.1,0.0,0.0,0.0,0.0,0.0,0.0,0.0,0.0,0.0,0.0,0.0,False,50
ZNF732,0.01,0,0,0,35.0,35.0,35.0,,0.0,0.0,0.0,0.1,0.0,0.0,0.0,0.0,0.0,0.0,0.0,0.0,0.0,0.0,False,50
CEP19,0.01,0,0,0,36.0,36.0,36.0,1.0,0.0,0.0,0.1,0.0,0.0,0.0,0.0,0.0,0.0,0.0,0.0,0.0,0.0,0.0,False,50
FAM229A,0.01,0,0,0,36.0,36.0,36.0,,0.0,0.0,0.0,0.1,0.0,0.0,0.0,0.0,0.0,0.0,0.0,0.0,0.0,0.0,False,50
FOXO1,0.01,0,0,0,36.0,36.0,36.0,1.0,0.0,0.0,0.0,0.0,0.0,0.0,0.0,0.1,0.0,0.0,0.0,0.0,0.0,0.0,False,50
GUF1,0.01,0,0,0,36.0,36.0,36.0,,0.0,0.0,0.0,0.1,0.0,0.0,0.0,0.0,0.0,0.0,0.0,0.0,0.0,0.0,False,50
ITGA7,0.01,0,0,0,36.0,36.0,36.0,1.0,0.0,0.0,0.0,0.0,0.0,0.0,0.0,0.1,0.0,0.0,0.0,0.0,0.0,0.0,False,50
LOC105376072,0.01,0,0,0,36.0,36.0,36.0,0.0,0.0,0.1,0.0,0.0,0.0,0.0,0.0,0.0,0.0,0.0,0.0,0.0,0.0,0.0,False,50
LOC339352,0.01,0,0,0,36.0,36.0,36.0,,0.0,0.0,0.0,0.1,0.0,0.0,0.0,0.0,0.0,0.0,0.0,0.0,0.0,0.0,False,50
PAPD4,0.01,0,0,0,36.0,36.0,36.0,1.0,0.0,0.0,0.1,0.0,0.0,0.0,0.0,0.0,0.0,0.0,0.0,0.0,0.0,0.0,False,50
SH3RF1,0.01,0,0,0,36.0,36.0,36.0,0.0,0.0,0.0,0.1,0.0,0.0,0.0,0.0,0.0,0.0,0.0,0.0,0.0,0.0,0.0,False,50
ZNF708,0.01,0,0,0,36.0,36.0,36.0,,0.0,0.0,0.0,0.1,0.0,0.0,0.0,0.0,0.0,0.0,0.0,0.0,0.0,0.0,False,50
AIFM2,0.01,0,0,0,37.0,37.0,37.0,1.0,0.0,0.0,0.0,0.0,0.0,0.1,0.0,0.0,0.0,0.0,0.0,0.0,0.0,0.0,False,50
DNAJB7,0.01,0,0,0,37.0,37.0,37.0,,0.0,0.0,0.0,0.1,0.0,0.0,0.0,0.0,0.0,0.0,0.0,0.0,0.0,0.0,False,50
DPP3,0.01,0,0,0,37.0,37.0,37.0,1.0,0.2,0.0,0.0,0.0,0.0,0.0,0.0,0.0,0.1,0.0,0.0,0.0,0.0,0.2,False,50
DUBR,0.01,0,0,0,37.0,37.0,37.0,0.0,0.0,0.0,0.1,0.0,0.0,0.0,0.0,0.0,0.0,0.0,0.0,0.0,0.0,0.0,False,50
LIPJ,0.01,0,0,0,37.0,37.0,37.0,0.0,0.0,0.0,0.0,0.0,0.0,0.1,0.0,0.0,0.0,0.0,0.0,0.1,0.0,0.0,False,50
LOC101928111,0.01,0,0,0,37.0,37.0,37.0,0.0,0.0,0.1,0.0,0.0,0.0,0.0,0.0,0.0,0.0,0.0,0.0,0.0,0.1,0.0,False,50
LOC101928762,0.01,0,0,0,37.0,37.0,37.0,1.0,0.0,0.0,0.1,0.0,0.0,0.0,0.0,0.0,0.0,0.0,0.0,0.0,0.0,0.0,False,50
LOC283435,0.01,0,0,0,37.0,37.0,37.0,,0.0,0.0,0.0,0.1,0.0,0.0,0.0,0.0,0.0,0.0,0.0,0.0,0.0,0.0,False,50
P2RX4,0.01,0,0,0,37.0,37.0,37.0,1.0,0.0,0.0,0.0,0.0,0.0,0.1,0.0,0.0,0.0,0.0,0.0,0.0,0.0,0.0,False,50
RNF128,0.01,0,0,0,37.0,37.0,37.0,,0.0,0.0,0.0,0.1,0.0,0.0,0.0,0.0,0.0,0.0,0.0,0.0,0.0,0.0,False,50
ZFYVE9,0.01,0,0,0,37.0,37.0,37.0,,0.0,0.0,0.0,0.1,0.0,0.0,0.0,0.0,0.0,0.0,0.0,0.0,0.0,0.0,False,50
ZNF678,0.01,0,0,0,37.0,37.0,37.0,0.0,0.0,0.0,0.1,0.0,0.0,0.0,0.0,0.0,0.0,0.0,0.0,0.0,0.0,0.0,False,50
ZSWIM7,0.01,0,0,0,37.0,37.0,37.0,,0.0,0.0,0.0,0.1,0.0,0.0,0.0,0.0,0.0,0.0,0.0,0.0,0.0,0.0,False,50
C6orf58,0.01,0,0,0,38.0,38.0,38.0,0.0,0.0,0.1,0.0,0.0,0.0,0.0,0.0,0.0,0.0,0.0,0.0,0.0,0.0,0.0,False,50
CAPNS2,0.01,0,0,0,38.0,38.0,38.0,1.0,0.0,0.1,0.0,0.0,0.0,0.0,0.0,0.0,0.0,0.0,0.0,0.0,0.0,0.0,False,50
CCDC130,0.01,0,0,0,38.0,38.0,38.0,,0.0,0.0,0.0,0.0,0.0,0.0,0.0,0.0,0.1,0.0,0.0,0.0,0.0,0.0,False,50
CFD,0.01,0,0,0,38.0,38.0,38.0,1.0,0.0,0.0,0.0,0.0,0.0,0.0,0.0,0.1,0.0,0.0,0.0,0.0,0.0,0.0,False,50
DBH-AS1,0.01,0,0,0,38.0,38.0,38.0,1.0,0.0,0.1,0.0,0.0,0.0,0.0,0.0,0.0,0.0,0.0,0.0,0.0,0.0,0.0,False,50
HS3ST2,0.01,0,0,0,38.0,38.0,38.0,,0.0,0.0,0.0,0.1,0.0,0.0,0.0,0.0,0.0,0.0,0.0,0.0,0.0,0.0,False,50
IKBKB,0.01,0,0,0,38.0,38.0,38.0,1.0,0.0,0.0,0.1,0.0,0.0,0.0,0.0,0.0,0.0,0.0,0.0,0.0,0.0,0.0,False,50
MYBPC1,0.01,0,0,0,38.0,38.0,38.0,,0.0,0.0,0.0,0.1,0.0,0.0,0.0,0.0,0.0,0.0,0.0,0.0,0.0,0.0,False,50
MYOM1,0.01,0,0,0,38.0,38.0,38.0,0.0,0.0,0.0,0.1,0.0,0.0,0.0,0.0,0.0,0.0,0.0,0.0,0.0,0.1,0.0,False,50
PSMA2,0.01,0,0,0,38.0,38.0,38.0,,0.0,0.0,0.0,0.1,0.0,0.0,0.0,0.0,0.0,0.0,0.0,0.0,0.0,0.0,False,50
RSPH1,0.01,0,0,0,38.0,38.0,38.0,1.0,0.2,0.0,0.0,0.0,0.0,0.0,0.0,0.0,0.1,0.0,0.0,0.0,0.0,0.2,False,50
SERINC2,0.01,0,0,0,38.0,38.0,38.0,1.0,0.0,0.0,0.0,0.0,0.0,0.0,0.0,0.1,0.0,0.0,0.0,0.0,0.0,0.0,False,50
SLC20A1,0.01,0,0,0,38.0,38.0,38.0,,0.0,0.0,0.0,0.0,0.0,0.0,0.0,0.0,0.1,0.0,0.0,0.0,0.0,0.0,False,50
TSTA3,0.01,0,0,0,38.0,38.0,38.0,1.0,0.2,0.0,0.0,0.0,0.0,0.0,0.0,0.1,0.0,0.0,0.0,0.0,0.0,0.2,False,50
USP30,0.01,0,0,0,38.0,38.0,38.0,,0.0,0.0,0.0,0.1,0.0,0.0,0.0,0.0,0.0,0.0,0.0,0.0,0.0,0.0,False,50
ZBTB8A,0.01,0,0,0,38.0,38.0,38.0,0.0,0.0,0.0,0.1,0.0,0.0,0.0,0.0,0.0,0.0,0.0,0.0,0.0,0.0,0.0,False,50
ZNF667-AS1,0.01,0,0,0,38.0,38.0,38.0,0.0,0.0,0.0,0.1,0.0,0.0,0.0,0.0,0.0,0.0,0.0,0.0,0.0,0.0,0.0,False,50
ARL6IP6,0.01,0,0,0,39.0,39.0,39.0,0.0,0.0,0.0,0.1,0.0,0.0,0.0,0.0,0.0,0.0,0.0,0.0,0.0,0.0,0.0,False,50
ASPA,0.01,0,0,0,39.0,39.0,39.0,0.0,0.0,0.0,0.0,0.0,0.0,0.0,0.1,0.0,0.0,0.0,0.0,0.0,0.1,0.0,False,50
CAV2,0.01,0,0,0,39.0,39.0,39.0,1.0,0.0,0.0,0.0,0.0,0.0,0.0,0.0,0.1,0.0,0.0,0.0,0.0,0.0,0.0,False,50
CD300LG,0.01,0,0,0,39.0,39.0,39.0,1.0,0.0,0.0,0.0,0.0,0.0,0.0,0.0,0.1,0.0,0.0,0.0,0.0,0.0,0.0,False,50
CLDN5,0.01,0,0,0,39.0,39.0,39.0,,0.0,0.0,0.0,0.0,0.0,0.0,0.0,0.0,0.1,0.0,0.0,0.0,0.0,0.0,False,50
GPD1,0.01,0,0,0,39.0,39.0,39.0,1.0,0.0,0.0,0.0,0.0,0.0,0.0,0.0,0.1,0.0,0.0,0.0,0.0,0.0,0.0,False,50
KLHDC7A,0.01,0,0,0,39.0,39.0,39.0,1.0,0.0,0.0,0.1,0.0,0.0,0.0,0.0,0.0,0.0,0.0,0.0,0.0,0.0,0.0,False,50
KRT8,0.01,0,0,0,39.0,39.0,39.0,1.0,0.1,0.0,0.0,0.0,0.0,0.0,0.0,0.0,0.1,0.0,0.0,0.0,0.0,0.1,False,50
LOC100506585,0.01,0,0,0,39.0,39.0,39.0,1.0,0.0,0.0,0.0,0.1,0.0,0.0,0.0,0.0,0.0,0.0,0.0,0.0,0.1,0.0,False,50
LOC100507461,0.01,0,0,0,39.0,39.0,39.0,0.0,0.0,0.1,0.0,0.0,0.0,0.0,0.0,0.0,0.0,0.0,0.0,0.0,0.0,0.0,False,50
MFSD13A,0.01,0,0,0,39.0,39.0,39.0,1.0,0.0,0.1,0.0,0.0,0.0,0.0,0.0,0.0,0.0,0.0,0.0,0.0,0.0,0.0,False,50
MYO15A,0.01,0,0,0,39.0,39.0,39.0,1.0,0.0,0.1,0.0,0.0,0.0,0.0,0.0,0.0,0.0,0.0,0.0,0.0,0.0,0.0,False,50
OR51E1,0.01,0,0,0,39.0,39.0,39.0,0.0,0.0,0.0,0.0,0.0,0.0,0.1,0.0,0.0,0.0,0.0,0.0,0.0,0.1,0.0,False,50
PDK2,0.01,0,0,0,39.0,39.0,39.0,0.0,0.0,0.0,0.1,0.0,0.0,0.0,0.0,0.0,0.0,0.0,0.0,0.0,0.0,0.0,False,50
PLCL2,0.01,0,0,0,39.0,39.0,39.0,0.0,0.2,0.0,0.0,0.0,0.0,0.0,0.0,0.0,0.1,0.0,0.0,0.0,0.0,0.2,False,50
PVRL3-AS1,0.01,0,0,0,39.0,39.0,39.0,,0.0,0.0,0.0,0.1,0.0,0.0,0.0,0.0,0.0,0.0,0.0,0.0,0.0,0.0,False,50
SCTR,0.01,0,0,0,39.0,39.0,39.0,0.0,0.0,0.1,0.0,0.0,0.0,0.0,0.0,0.0,0.0,0.0,0.0,0.0,0.0,0.0,False,50
ZFP14,0.01,0,0,0,39.0,39.0,39.0,,0.0,0.0,0.0,0.1,0.0,0.0,0.0,0.0,0.0,0.0,0.0,0.0,0.0,0.0,False,50
APOL6,0.01,0,0,0,40.0,40.0,40.0,0.0,0.0,0.0,0.0,0.0,0.0,0.1,0.0,0.0,0.0,0.0,0.0,0.0,0.0,0.0,False,50
ARHGAP20,0.01,0,0,0,40.0,40.0,40.0,0.0,0.0,0.0,0.0,0.0,0.0,0.0,0.1,0.0,0.0,0.0,0.0,0.0,0.1,0.0,False,50
ARMCX4,0.01,0,0,0,40.0,40.0,40.0,,0.0,0.0,0.0,0.1,0.0,0.0,0.0,0.0,0.0,0.0,0.0,0.0,0.0,0.0,False,50
CYP2J2,0.01,0,0,0,40.0,40.0,40.0,1.0,0.0,0.0,0.0,0.0,0.0,0.1,0.0,0.0,0.0,0.0,0.0,0.0,0.0,0.0,False,50
HS6ST2,0.01,0,0,0,40.0,40.0,40.0,0.0,0.0,0.0,0.1,0.0,0.0,0.0,0.0,0.0,0.0,0.0,0.0,0.0,0.0,0.0,False,50
IQCA1,0.01,0,0,0,40.0,40.0,40.0,,0.0,0.0,0.0,0.1,0.0,0.0,0.0,0.0,0.0,0.0,0.0,0.0,0.0,0.0,False,50
LIMD1,0.01,0,0,0,40.0,40.0,40.0,1.0,0.0,0.0,0.1,0.0,0.0,0.0,0.0,0.0,0.0,0.0,0.0,0.0,0.0,0.0,False,50
LINC00922,0.01,0,0,0,40.0,40.0,40.0,1.0,0.0,0.0,0.1,0.0,0.0,0.0,0.0,0.0,0.0,0.0,0.0,0.0,0.0,0.0,False,50
LOC100653086,0.01,0,0,0,40.0,40.0,40.0,0.0,0.0,0.0,0.0,0.0,0.1,0.0,0.0,0.0,0.0,0.0,0.0,0.0,0.1,0.0,False,50
LOC101930114,0.01,0,0,0,40.0,40.0,40.0,1.0,0.0,0.0,0.0,0.0,0.0,0.0,0.0,0.1,0.0,0.0,0.0,0.0,0.0,0.0,False,50
NUBPL,0.01,0,0,0,40.0,40.0,40.0,0.0,0.0,0.1,0.0,0.0,0.0,0.0,0.0,0.0,0.0,0.0,0.0,0.0,0.0,0.0,False,50
NUP210,0.01,0,0,0,40.0,40.0,40.0,1.0,0.2,0.0,0.0,0.0,0.0,0.0,0.0,0.1,0.0,0.0,0.0,0.0,0.0,0.2,False,50
PFKFB4,0.01,0,0,0,40.0,40.0,40.0,1.0,0.1,0.0,0.0,0.0,0.0,0.0,0.0,0.1,0.0,0.0,0.0,0.0,0.0,0.1,False,50
RMI1,0.01,0,0,0,40.0,40.0,40.0,,0.0,0.0,0.0,0.0,0.0,0.0,0.0,0.0,0.1,0.0,0.0,0.0,0.0,0.0,False,50
SLC19A3,0.01,0,0,0,40.0,40.0,40.0,0.0,0.0,0.0,0.0,0.0,0.0,0.0,0.1,0.0,0.0,0.0,0.0,0.1,0.0,0.0,False,50
SPX,0.01,0,0,0,40.0,40.0,40.0,1.0,0.0,0.0,0.0,0.0,0.0,0.0,0.0,0.1,0.0,0.0,0.0,0.0,0.0,0.0,False,50
STARD3,0.01,0,0,0,40.0,40.0,40.0,,0.0,0.0,0.0,0.0,0.0,0.0,0.0,0.0,0.1,0.0,0.0,0.0,0.0,0.0,False,50
TMPRSS11B,0.01,0,0,0,40.0,40.0,40.0,0.0,0.0,0.1,0.0,0.0,0.0,0.0,0.0,0.0,0.0,0.0,0.0,0.0,0.0,0.0,False,50
UBB,0.01,0,0,0,40.0,40.0,40.0,,0.0,0.0,0.0,0.1,0.0,0.0,0.0,0.0,0.0,0.0,0.0,0.0,0.0,0.0,False,50
ADCK5,0.01,0,0,0,41.0,41.0,41.0,1.0,0.0,0.1,0.0,0.0,0.0,0.0,0.0,0.0,0.0,0.0,0.0,0.0,0.0,0.0,False,50
DACT2,0.01,0,0,0,41.0,41.0,41.0,0.0,0.0,0.1,0.0,0.0,0.0,0.0,0.0,0.0,0.0,0.0,0.0,0.2,0.0,0.0,False,50
GATSL3,0.01,0,0,0,41.0,41.0,41.0,,0.0,0.0,0.0,0.1,0.0,0.0,0.0,0.0,0.0,0.0,0.0,0.0,0.0,0.0,False,50
HS3ST3B1,0.01,0,0,0,41.0,41.0,41.0,,0.0,0.0,0.0,0.1,0.0,0.0,0.0,0.0,0.0,0.0,0.0,0.0,0.0,0.0,False,50
ITGA3,0.01,0,0,0,41.0,41.0,41.0,,0.0,0.0,0.0,0.1,0.0,0.0,0.0,0.0,0.0,0.0,0.0,0.0,0.0,0.0,False,50
LOC105375875,0.01,0,0,0,41.0,41.0,41.0,0.0,0.0,0.1,0.0,0.0,0.0,0.0,0.0,0.0,0.0,0.0,0.0,0.0,0.0,0.0,False,50
PPP2R1B,0.01,0,0,0,41.0,41.0,41.0,1.0,0.0,0.0,0.0,0.0,0.0,0.0,0.0,0.1,0.0,0.0,0.0,0.0,0.0,0.0,False,50
SLC26A3,0.01,0,0,0,41.0,41.0,41.0,,0.0,0.0,0.0,0.1,0.0,0.0,0.0,0.0,0.0,0.0,0.0,0.0,0.0,0.0,False,50
STARD6,0.01,0,0,0,41.0,41.0,41.0,0.0,0.0,0.1,0.0,0.0,0.0,0.0,0.0,0.0,0.0,0.0,0.0,0.1,0.0,0.0,False,50
TIPRL,0.01,0,0,0,41.0,41.0,41.0,,0.0,0.0,0.0,0.1,0.0,0.0,0.0,0.0,0.0,0.0,0.0,0.0,0.0,0.0,False,50
TPBG,0.01,0,0,0,41.0,41.0,41.0,0.0,0.0,0.0,0.1,0.0,0.0,0.0,0.0,0.0,0.0,0.0,0.0,0.0,0.0,0.0,False,50
ZNF442,0.01,0,0,0,41.0,41.0,41.0,,0.0,0.0,0.0,0.1,0.0,0.0,0.0,0.0,0.0,0.0,0.0,0.0,0.0,0.0,False,50
ZNF792,0.01,0,0,0,41.0,41.0,41.0,0.0,0.0,0.0,0.1,0.0,0.0,0.0,0.0,0.0,0.0,0.0,0.0,0.0,0.0,0.0,False,50
CCDC158,0.01,0,0,0,42.0,42.0,42.0,0.0,0.0,0.1,0.0,0.0,0.0,0.0,0.0,0.0,0.0,0.0,0.0,0.0,0.0,0.0,False,50
COPS4,0.01,0,0,0,42.0,42.0,42.0,,0.0,0.0,0.0,0.1,0.0,0.0,0.0,0.0,0.0,0.0,0.0,0.0,0.0,0.0,False,50
DDIT4L,0.01,0,0,0,42.0,42.0,42.0,1.0,0.0,0.0,0.1,0.0,0.0,0.0,0.0,0.0,0.0,0.0,0.0,0.0,0.0,0.0,False,50
DNTTIP2,0.01,0,0,0,42.0,42.0,42.0,0.0,0.0,0.0,0.1,0.0,0.0,0.0,0.0,0.0,0.0,0.0,0.0,0.0,0.0,0.0,False,50
ERBB3,0.01,0,0,0,42.0,42.0,42.0,1.0,0.0,0.0,0.0,0.0,0.0,0.0,0.0,0.1,0.0,0.0,0.0,0.0,0.0,0.0,False,50
GYG2,0.01,0,0,0,42.0,42.0,42.0,0.0,0.0,0.0,0.1,0.0,0.0,0.0,0.0,0.0,0.0,0.0,0.0,0.0,0.0,0.0,False,50
HOXB3,0.01,0,0,0,42.0,42.0,42.0,,0.0,0.0,0.0,0.1,0.0,0.0,0.0,0.0,0.0,0.0,0.0,0.0,0.0,0.0,False,50
IER3,0.01,0,0,0,42.0,42.0,42.0,1.0,0.0,0.0,0.0,0.0,0.0,0.0,0.0,0.1,0.0,0.0,0.0,0.0,0.0,0.0,False,50
MREG,0.01,0,0,0,42.0,42.0,42.0,1.0,0.0,0.0,0.0,0.0,0.0,0.1,0.0,0.0,0.0,0.0,0.0,0.0,0.0,0.0,False,50
PAIP1,0.01,0,0,0,42.0,42.0,42.0,1.0,0.0,0.0,0.0,0.0,0.0,0.0,0.0,0.1,0.0,0.0,0.0,0.0,0.0,0.0,False,50
PRG4,0.01,0,0,0,42.0,42.0,42.0,0.0,0.0,0.1,0.0,0.0,0.0,0.0,0.0,0.0,0.0,0.0,0.0,0.1,0.0,0.0,False,50
REEP1,0.01,0,0,0,42.0,42.0,42.0,1.0,0.0,0.0,0.1,0.0,0.0,0.0,0.0,0.0,0.0,0.0,0.0,0.0,0.0,0.0,False,50
RNASE2,0.01,0,0,0,42.0,42.0,42.0,,0.0,0.0,0.0,0.1,0.0,0.0,0.0,0.0,0.0,0.0,0.0,0.0,0.0,0.0,False,50
SYT1,0.01,0,0,0,42.0,42.0,42.0,1.0,0.0,0.1,0.0,0.0,0.0,0.0,0.0,0.0,0.0,0.0,0.0,0.0,0.0,0.0,False,50
TMEM72-AS1,0.01,0,0,0,42.0,42.0,42.0,0.0,0.0,0.1,0.0,0.0,0.0,0.0,0.0,0.0,0.0,0.0,0.0,0.0,0.0,0.0,False,50
ZBED3-AS1,0.01,0,0,0,42.0,42.0,42.0,0.0,0.0,0.0,0.0,0.0,0.1,0.0,0.0,0.0,0.0,0.0,0.0,0.0,0.0,0.0,False,50
ACKR4,0.01,0,0,0,43.0,43.0,43.0,1.0,0.0,0.0,0.0,0.0,0.0,0.1,0.0,0.0,0.0,0.0,0.0,0.0,0.0,0.0,False,50
ATP6V0D2,0.01,0,0,0,43.0,43.0,43.0,,0.0,0.0,0.0,0.1,0.0,0.0,0.0,0.0,0.0,0.0,0.0,0.0,0.0,0.0,False,50
CCDC121,0.01,0,0,0,43.0,43.0,43.0,,0.0,0.0,0.0,0.1,0.0,0.0,0.0,0.0,0.0,0.0,0.0,0.0,0.0,0.0,False,50
CYHR1,0.01,0,0,0,43.0,43.0,43.0,0.5,0.1,0.0,0.1,0.0,0.0,0.0,0.0,0.0,0.0,0.0,0.0,0.0,0.0,0.1,False,50
DIRAS3,0.01,0,0,0,43.0,43.0,43.0,,0.0,0.0,0.0,0.1,0.0,0.0,0.0,0.0,0.0,0.0,0.0,0.0,0.0,0.0,False,50
IGF1R,0.01,0,0,0,43.0,43.0,43.0,1.0,0.0,0.0,0.1,0.0,0.0,0.0,0.0,0.0,0.0,0.0,0.0,0.0,0.0,0.0,False,50
KLK11,0.01,0,0,0,43.0,43.0,43.0,,0.0,0.0,0.0,0.1,0.0,0.0,0.0,0.0,0.0,0.0,0.0,0.0,0.0,0.0,False,50
NGDN,0.01,0,0,0,43.0,43.0,43.0,,0.0,0.0,0.0,0.1,0.0,0.0,0.0,0.0,0.0,0.0,0.0,0.0,0.0,0.0,False,50
PDIA4,0.01,0,0,0,43.0,43.0,43.0,1.0,0.1,0.0,0.0,0.0,0.0,0.0,0.0,0.1,0.0,0.0,0.0,0.0,0.0,0.1,False,50
SGCZ,0.01,0,0,0,43.0,43.0,43.0,0.0,0.0,0.1,0.0,0.0,0.0,0.0,0.0,0.0,0.0,0.0,0.0,0.1,0.0,0.0,False,50
TBX15,0.01,0,0,0,43.0,43.0,43.0,1.0,0.0,0.0,0.0,0.0,0.0,0.0,0.0,0.1,0.0,0.0,0.0,0.0,0.0,0.0,False,50
AKAP12,0.01,0,0,0,44.0,44.0,44.0,0.0,0.0,0.0,0.0,0.0,0.0,0.0,0.1,0.0,0.0,0.0,0.0,0.0,0.1,0.0,False,50
CA3,0.01,0,0,0,44.0,44.0,44.0,0.0,0.0,0.0,0.0,0.1,0.0,0.0,0.0,0.0,0.0,0.0,0.0,0.1,0.0,0.0,False,50
DLD,0.01,0,0,0,44.0,44.0,44.0,,0.0,0.0,0.0,0.1,0.0,0.0,0.0,0.0,0.0,0.0,0.0,0.0,0.0,0.0,False,50
EPHX1,0.01,0,0,0,44.0,44.0,44.0,1.0,0.0,0.0,0.1,0.0,0.0,0.0,0.0,0.0,0.0,0.0,0.0,0.0,0.0,0.0,False,50
FBXL16,0.01,0,0,0,44.0,44.0,44.0,1.0,0.9,0.0,0.0,0.0,0.0,0.0,0.0,0.0,0.1,0.0,0.0,0.0,0.0,0.9,False,50
FJX1,0.01,0,0,0,44.0,44.0,44.0,1.0,0.0,0.1,0.0,0.0,0.0,0.0,0.0,0.0,0.0,0.0,0.0,0.0,0.0,0.0,False,50
IKZF4,0.01,0,0,0,44.0,44.0,44.0,1.0,0.0,0.0,0.1,0.0,0.0,0.0,0.0,0.0,0.0,0.0,0.0,0.0,0.0,0.0,False,50
KRAS,0.01,0,0,0,44.0,44.0,44.0,,0.0,0.0,0.0,0.1,0.0,0.0,0.0,0.0,0.0,0.0,0.0,0.0,0.0,0.0,False,50
LINC01082,0.01,0,0,0,44.0,44.0,44.0,0.0,0.0,0.1,0.0,0.0,0.0,0.0,0.0,0.0,0.0,0.0,0.0,0.0,0.0,0.0,False,50
NKAPL,0.01,0,0,0,44.0,44.0,44.0,1.0,0.0,0.0,0.0,0.0,0.0,0.1,0.0,0.0,0.0,0.0,0.0,0.0,0.0,0.0,False,50
PEBP4,0.01,0,0,0,44.0,44.0,44.0,,0.0,0.0,0.0,0.1,0.0,0.0,0.0,0.0,0.0,0.0,0.0,0.0,0.0,0.0,False,50
POP5,0.01,0,0,0,44.0,44.0,44.0,,0.0,0.0,0.0,0.1,0.0,0.0,0.0,0.0,0.0,0.0,0.0,0.0,0.0,0.0,False,50
PRKRA,0.01,0,0,0,44.0,44.0,44.0,1.0,0.3,0.0,0.0,0.0,0.0,0.0,0.0,0.0,0.1,0.0,0.0,0.0,0.0,0.3,False,50
SNHG17,0.01,0,0,0,44.0,44.0,44.0,0.0,0.0,0.0,0.1,0.0,0.0,0.0,0.0,0.0,0.0,0.0,0.0,0.0,0.0,0.0,False,50
VDR,0.01,0,0,0,44.0,44.0,44.0,1.0,0.0,0.1,0.0,0.0,0.0,0.0,0.0,0.0,0.0,0.0,0.0,0.0,0.0,0.0,False,50
ZNF92,0.01,0,0,0,44.0,44.0,44.0,,0.0,0.0,0.0,0.1,0.0,0.0,0.0,0.0,0.0,0.0,0.0,0.0,0.0,0.0,False,50
CDCA4,0.01,0,0,0,45.0,45.0,45.0,,0.0,0.0,0.0,0.0,0.0,0.0,0.0,0.0,0.1,0.0,0.0,0.0,0.0,0.0,False,50
CYP4F62P,0.01,0,0,0,45.0,45.0,45.0,,0.0,0.0,0.0,0.1,0.0,0.0,0.0,0.0,0.0,0.0,0.0,0.0,0.0,0.0,False,50
EME2,0.01,0,0,0,45.0,45.0,45.0,,0.0,0.0,0.0,0.0,0.0,0.0,0.0,0.0,0.1,0.0,0.0,0.0,0.0,0.0,False,50
ERICH1-AS1,0.01,0,0,0,45.0,45.0,45.0,0.0,0.0,0.1,0.0,0.0,0.0,0.0,0.0,0.0,0.0,0.0,0.0,0.0,0.0,0.0,False,50
GYPC,0.01,0,0,0,45.0,45.0,45.0,1.0,0.0,0.0,0.0,0.0,0.0,0.0,0.0,0.1,0.0,0.0,0.0,0.0,0.0,0.0,False,50
LINC00271,0.01,0,0,0,45.0,45.0,45.0,,0.0,0.0,0.0,0.1,0.0,0.0,0.0,0.0,0.0,0.0,0.0,0.0,0.0,0.0,False,50
N4BP2L2,0.01,0,0,0,45.0,45.0,45.0,1.0,0.0,0.0,0.1,0.0,0.0,0.0,0.0,0.0,0.0,0.0,0.0,0.0,0.0,0.0,False,50
NPY5R,0.01,0,0,0,45.0,45.0,45.0,1.0,0.0,0.0,0.0,0.0,0.0,0.1,0.0,0.0,0.0,0.0,0.0,0.0,0.0,0.0,False,50
PJA1,0.01,0,0,0,45.0,45.0,45.0,,0.0,0.0,0.0,0.1,0.0,0.0,0.0,0.0,0.0,0.0,0.0,0.0,0.0,0.0,False,50
POLR2H,0.01,0,0,0,45.0,45.0,45.0,,0.0,0.0,0.0,0.0,0.0,0.0,0.0,0.0,0.1,0.0,0.0,0.0,0.0,0.0,False,50
STRA6,0.01,0,0,0,45.0,45.0,45.0,1.0,0.0,0.1,0.0,0.0,0.0,0.0,0.0,0.0,0.0,0.0,0.0,0.0,0.0,0.0,False,50
UHMK1,0.01,0,0,0,45.0,45.0,45.0,0.0,0.0,0.0,0.1,0.0,0.0,0.0,0.0,0.0,0.0,0.0,0.0,0.0,0.0,0.0,False,50
USP46-AS1,0.01,0,0,0,45.0,45.0,45.0,0.0,0.0,0.0,0.0,0.0,0.1,0.0,0.0,0.0,0.0,0.0,0.0,0.0,0.0,0.0,False,50
ZDHHC23,0.01,0,0,0,45.0,45.0,45.0,1.0,0.0,0.0,0.1,0.0,0.0,0.0,0.0,0.0,0.0,0.0,0.0,0.0,0.0,0.0,False,50
ZMYND15,0.01,0,0,0,45.0,45.0,45.0,,0.0,0.0,0.0,0.1,0.0,0.0,0.0,0.0,0.0,0.0,0.0,0.0,0.0,0.0,False,50
CNTFR-AS1,0.01,0,0,0,46.0,46.0,46.0,0.0,0.0,0.0,0.0,0.0,0.0,0.0,0.1,0.0,0.0,0.0,0.0,0.1,0.0,0.0,False,50
DEFB122,0.01,0,0,0,46.0,46.0,46.0,1.0,0.0,0.1,0.0,0.0,0.0,0.0,0.0,0.0,0.0,0.0,0.0,0.0,0.0,0.0,False,50
EID2B,0.01,0,0,0,46.0,46.0,46.0,0.0,0.0,0.0,0.1,0.0,0.0,0.0,0.0,0.0,0.0,0.0,0.0,0.0,0.0,0.0,False,50
ERN1,0.01,0,0,0,46.0,46.0,46.0,1.0,0.0,0.0,0.0,0.0,0.0,0.0,0.0,0.1,0.0,0.0,0.0,0.0,0.0,0.0,False,50
ID2-AS1,0.01,0,0,0,46.0,46.0,46.0,,0.0,0.0,0.0,0.1,0.0,0.0,0.0,0.0,0.0,0.0,0.0,0.0,0.0,0.0,False,50
MDH1,0.01,0,0,0,46.0,46.0,46.0,,0.0,0.0,0.0,0.1,0.0,0.0,0.0,0.0,0.0,0.0,0.0,0.0,0.0,0.0,False,50
NPR2,0.01,0,0,0,46.0,46.0,46.0,,0.0,0.0,0.0,0.0,0.0,0.0,0.1,0.0,0.0,0.0,0.0,0.0,0.0,0.0,False,50
NUDT16L1,0.01,0,0,0,46.0,46.0,46.0,,0.0,0.0,0.0,0.0,0.0,0.0,0.0,0.0,0.1,0.0,0.0,0.0,0.0,0.0,False,50
PDE10A,0.01,0,0,0,46.0,46.0,46.0,,0.0,0.0,0.0,0.1,0.0,0.0,0.0,0.0,0.0,0.0,0.0,0.0,0.0,0.0,False,50
PLPP1,0.01,0,0,0,46.0,46.0,46.0,1.0,0.0,0.0,0.0,0.0,0.0,0.0,0.0,0.1,0.0,0.0,0.0,0.0,0.0,0.0,False,50
RASL11B,0.01,0,0,0,46.0,46.0,46.0,1.0,0.0,0.0,0.1,0.0,0.0,0.0,0.0,0.0,0.0,0.0,0.0,0.0,0.0,0.0,False,50
RNASE1,0.01,0,0,0,46.0,46.0,46.0,1.0,0.0,0.0,0.0,0.0,0.0,0.0,0.0,0.1,0.0,0.0,0.0,0.0,0.0,0.0,False,50
SH3BP4,0.01,0,0,0,46.0,46.0,46.0,,0.0,0.0,0.0,0.0,0.0,0.0,0.0,0.0,0.1,0.0,0.0,0.0,0.0,0.0,False,50
SLC16A2,0.01,0,0,0,46.0,46.0,46.0,1.0,0.0,0.0,0.0,0.0,0.0,0.1,0.0,0.0,0.0,0.0,0.0,0.0,0.0,0.0,False,50
SLC16A7,0.01,0,0,0,46.0,46.0,46.0,1.0,0.0,0.0,0.0,0.0,0.0,0.0,0.0,0.1,0.0,0.0,0.0,0.0,0.0,0.0,False,50
THCAT158,0.01,0,0,0,46.0,46.0,46.0,,0.0,0.0,0.0,0.1,0.0,0.0,0.0,0.0,0.0,0.0,0.0,0.0,0.0,0.0,False,50
TMEM120B,0.01,0,0,0,46.0,46.0,46.0,0.0,0.0,0.0,0.0,0.0,0.0,0.1,0.0,0.0,0.0,0.0,0.0,0.0,0.0,0.0,False,50
TP53AIP1,0.01,0,0,0,46.0,46.0,46.0,,0.0,0.0,0.0,0.1,0.0,0.0,0.0,0.0,0.0,0.0,0.0,0.0,0.0,0.0,False,50
ABCB7,0.01,0,0,0,47.0,47.0,47.0,1.0,0.0,0.0,0.0,0.0,0.0,0.1,0.0,0.0,0.0,0.0,0.0,0.0,0.0,0.0,False,50
APOLD1,0.01,0,0,0,47.0,47.0,47.0,,0.0,0.0,0.0,0.1,0.0,0.0,0.0,0.0,0.0,0.0,0.0,0.0,0.0,0.0,False,50
BAIAP2,0.01,0,0,0,47.0,47.0,47.0,,0.0,0.0,0.0,0.0,0.0,0.0,0.0,0.0,0.1,0.0,0.0,0.0,0.0,0.0,False,50
C6orf10,0.01,0,0,0,47.0,47.0,47.0,1.0,0.0,0.1,0.0,0.0,0.0,0.0,0.0,0.0,0.0,0.0,0.0,0.0,0.0,0.0,False,50
CDC25B,0.01,0,0,0,47.0,47.0,47.0,,0.0,0.0,0.0,0.0,0.0,0.0,0.0,0.0,0.1,0.0,0.0,0.0,0.0,0.0,False,50
CPA2,0.01,0,0,0,47.0,47.0,47.0,0.0,0.0,0.0,0.0,0.0,0.1,0.0,0.0,0.0,0.0,0.0,0.0,0.0,0.1,0.0,False,50
CTSH,0.01,0,0,0,47.0,47.0,47.0,1.0,0.0,0.0,0.0,0.0,0.0,0.1,0.0,0.0,0.0,0.0,0.0,0.0,0.0,0.0,False,50
EML5,0.01,0,0,0,47.0,47.0,47.0,,0.0,0.0,0.0,0.1,0.0,0.0,0.0,0.0,0.0,0.0,0.0,0.0,0.0,0.0,False,50
F8,0.01,0,0,0,47.0,47.0,47.0,1.0,0.0,0.0,0.0,0.0,0.0,0.0,0.0,0.1,0.0,0.0,0.0,0.0,0.0,0.0,False,50
FLJ27354,0.01,0,0,0,47.0,47.0,47.0,0.0,0.0,0.1,0.0,0.0,0.0,0.0,0.0,0.0,0.0,0.0,0.0,0.2,0.0,0.0,False,50
GHR,0.01,0,0,0,47.0,47.0,47.0,1.0,0.0,0.0,0.0,0.0,0.0,0.0,0.0,0.1,0.0,0.0,0.0,0.0,0.0,0.0,False,50
KIAA0930,0.01,0,0,0,47.0,47.0,47.0,1.0,0.0,0.0,0.1,0.0,0.0,0.0,0.0,0.0,0.0,0.0,0.0,0.0,0.0,0.0,False,50
LAMA4,0.01,0,0,0,47.0,47.0,47.0,1.0,0.0,0.0,0.0,0.0,0.0,0.0,0.0,0.1,0.0,0.0,0.0,0.0,0.0,0.0,False,50
LOC100133461,0.01,0,0,0,47.0,47.0,47.0,0.0,0.0,0.1,0.0,0.0,0.0,0.0,0.0,0.0,0.0,0.0,0.0,0.1,0.0,0.0,False,50
NDUFB6,0.01,0,0,0,47.0,47.0,47.0,,0.0,0.0,0.0,0.1,0.0,0.0,0.0,0.0,0.0,0.0,0.0,0.0,0.0,0.0,False,50
OSGIN2,0.01,0,0,0,47.0,47.0,47.0,1.0,0.0,0.0,0.1,0.0,0.0,0.0,0.0,0.0,0.0,0.0,0.0,0.0,0.0,0.0,False,50
RAF1,0.01,0,0,0,47.0,47.0,47.0,1.0,0.0,0.0,0.0,0.0,0.0,0.0,0.0,0.1,0.0,0.0,0.0,0.0,0.0,0.0,False,50
RBM39,0.01,0,0,0,47.0,47.0,47.0,,0.0,0.0,0.0,0.0,0.0,0.0,0.0,0.0,0.1,0.0,0.0,0.0,0.0,0.0,False,50
SHTN1,0.01,0,0,0,47.0,47.0,47.0,0.0,0.0,0.0,0.1,0.0,0.0,0.0,0.0,0.0,0.0,0.0,0.0,0.0,0.0,0.0,False,50
TFAP2A,0.01,0,0,0,47.0,47.0,47.0,,0.0,0.0,0.0,0.0,0.0,0.0,0.1,0.0,0.0,0.0,0.0,0.0,0.0,0.0,False,50
TMEM170B,0.01,0,0,0,47.0,47.0,47.0,0.0,0.0,0.1,0.0,0.0,0.0,0.0,0.0,0.0,0.0,0.0,0.0,0.0,0.0,0.0,False,50
TRPS1,0.01,0,0,0,47.0,47.0,47.0,1.0,0.3,0.0,0.0,0.0,0.0,0.0,0.0,0.1,0.0,0.0,0.0,0.0,0.0,0.3,False,50
ARHGEF16,0.01,0,0,0,48.0,48.0,48.0,1.0,0.0,0.1,0.0,0.0,0.0,0.0,0.0,0.0,0.0,0.0,0.0,0.0,0.0,0.0,False,50
C11orf88,0.01,0,0,0,48.0,48.0,48.0,,0.0,0.0,0.0,0.1,0.0,0.0,0.0,0.0,0.0,0.0,0.0,0.0,0.0,0.0,False,50
C2CD3,0.01,0,0,0,48.0,48.0,48.0,,0.0,0.0,0.0,0.0,0.0,0.0,0.0,0.0,0.1,0.0,0.0,0.0,0.0,0.0,False,50
C8orf58,0.01,0,0,0,48.0,48.0,48.0,,0.0,0.0,0.0,0.1,0.0,0.0,0.0,0.0,0.0,0.0,0.0,0.0,0.0,0.0,False,50
CCDC18-AS1,0.01,0,0,0,48.0,48.0,48.0,1.0,0.1,0.0,0.0,0.0,0.0,0.0,0.0,0.0,0.1,0.0,0.0,0.0,0.0,0.1,False,50
CFL2,0.01,0,0,0,48.0,48.0,48.0,1.0,0.0,0.0,0.0,0.0,0.0,0.0,0.0,0.1,0.0,0.0,0.0,0.0,0.0,0.0,False,50
COX7A1,0.01,0,0,0,48.0,48.0,48.0,0.5,0.1,0.0,0.0,0.0,0.0,0.0,0.0,0.1,0.0,0.0,0.0,0.0,0.0,0.1,False,50
CYP2A7P1,0.01,0,0,0,48.0,48.0,48.0,0.0,0.0,0.1,0.0,0.0,0.0,0.0,0.0,0.0,0.0,0.0,0.0,0.0,0.0,0.0,False,50
GPR65,0.01,0,0,0,48.0,48.0,48.0,,0.0,0.0,0.0,0.1,0.0,0.0,0.0,0.0,0.0,0.0,0.0,0.0,0.0,0.0,False,50
IZUMO1,0.01,0,0,0,48.0,48.0,48.0,1.0,0.0,0.1,0.0,0.0,0.0,0.0,0.0,0.0,0.0,0.0,0.0,0.0,0.0,0.0,False,50
LAMP5,0.01,0,0,0,48.0,48.0,48.0,0.0,0.0,0.0,0.0,0.0,0.0,0.1,0.0,0.0,0.0,0.0,0.0,0.0,0.0,0.0,False,50
NSD1,0.01,0,0,0,48.0,48.0,48.0,1.0,0.0,0.1,0.0,0.0,0.0,0.0,0.0,0.0,0.0,0.0,0.0,0.0,0.0,0.0,False,50
RALY,0.01,0,0,0,48.0,48.0,48.0,,0.0,0.0,0.0,0.0,0.0,0.0,0.0,0.0,0.1,0.0,0.0,0.0,0.0,0.0,False,50
RUNX2,0.01,0,0,0,48.0,48.0,48.0,1.0,0.0,0.0,0.1,0.0,0.0,0.0,0.0,0.0,0.0,0.0,0.0,0.0,0.0,0.0,False,50
SCRN2,0.01,0,0,0,48.0,48.0,48.0,1.0,0.0,0.0,0.0,0.0,0.0,0.0,0.0,0.1,0.0,0.0,0.0,0.0,0.0,0.0,False,50
SYT5,0.01,0,0,0,48.0,48.0,48.0,,0.0,0.0,0.0,0.1,0.0,0.0,0.0,0.0,0.0,0.0,0.0,0.0,0.0,0.0,False,50
WWC3,0.01,0,0,0,48.0,48.0,48.0,,0.0,0.0,0.0,0.1,0.0,0.0,0.0,0.0,0.0,0.0,0.0,0.0,0.0,0.0,False,50
ZG16B,0.01,0,0,0,48.0,48.0,48.0,,0.0,0.0,0.0,0.0,0.0,0.0,0.0,0.0,0.1,0.0,0.0,0.0,0.0,0.0,False,50
ZNF207,0.01,0,0,0,48.0,48.0,48.0,,0.0,0.0,0.0,0.0,0.0,0.0,0.0,0.0,0.1,0.0,0.0,0.0,0.0,0.0,False,50
ADGRE2,0.01,0,0,0,49.0,49.0,49.0,,0.0,0.0,0.0,0.1,0.0,0.0,0.0,0.0,0.0,0.0,0.0,0.0,0.0,0.0,False,50
ALDH5A1,0.01,0,0,0,49.0,49.0,49.0,0.0,0.0,0.0,0.1,0.0,0.0,0.0,0.0,0.0,0.0,0.0,0.0,0.0,0.0,0.0,False,50
COPG2,0.01,0,0,0,49.0,49.0,49.0,,0.0,0.0,0.0,0.1,0.0,0.0,0.0,0.0,0.0,0.0,0.0,0.0,0.0,0.0,False,50
FADS3,0.01,0,0,0,49.0,49.0,49.0,0.0,0.0,0.0,0.0,0.0,0.0,0.1,0.0,0.0,0.0,0.0,0.0,0.0,0.0,0.0,False,50
GPBAR1,0.01,0,0,0,49.0,49.0,49.0,1.0,0.0,0.0,0.0,0.0,0.0,0.0,0.0,0.1,0.0,0.0,0.0,0.0,0.0,0.0,False,50
HELQ,0.01,0,0,0,49.0,49.0,49.0,0.0,0.0,0.0,0.1,0.0,0.0,0.0,0.0,0.0,0.0,0.0,0.0,0.0,0.0,0.0,False,50
IER5L,0.01,0,0,0,49.0,49.0,49.0,1.0,0.0,0.0,0.0,0.0,0.0,0.0,0.0,0.1,0.0,0.0,0.0,0.0,0.0,0.0,False,50
KIF24,0.01,0,0,0,49.0,49.0,49.0,1.0,0.0,0.1,0.0,0.0,0.0,0.0,0.0,0.0,0.0,0.0,0.0,0.0,0.0,0.0,False,50
LRRC34,0.01,0,0,0,49.0,49.0,49.0,0.0,0.0,0.0,0.0,0.0,0.0,0.1,0.0,0.0,0.0,0.0,0.0,0.0,0.0,0.0,False,50
NDN,0.01,0,0,0,49.0,49.0,49.0,1.0,0.0,0.0,0.0,0.0,0.0,0.0,0.0,0.1,0.0,0.0,0.0,0.0,0.0,0.0,False,50
ZFP37,0.01,0,0,0,49.0,49.0,49.0,,0.0,0.0,0.0,0.1,0.0,0.0,0.0,0.0,0.0,0.0,0.0,0.0,0.0,0.0,False,50
ATP13A4-AS1,0.01,0,0,0,50.0,50.0,50.0,0.0,0.0,0.1,0.0,0.0,0.0,0.0,0.0,0.0,0.0,0.0,0.0,0.7,0.0,0.0,False,50
BEX2,0.01,0,0,0,50.0,50.0,50.0,0.0,0.0,0.0,0.0,0.0,0.0,0.1,0.0,0.0,0.0,0.0,0.0,0.0,0.0,0.0,False,50
CSN1S1,0.01,0,0,0,50.0,50.0,50.0,,0.0,0.0,0.0,0.0,0.0,0.0,0.0,0.0,0.1,0.0,0.0,0.0,0.0,0.0,False,50
DLGAP4-AS1,0.01,0,0,0,50.0,50.0,50.0,0.0,0.0,0.1,0.0,0.0,0.0,0.0,0.0,0.0,0.0,0.0,0.0,0.0,0.0,0.0,False,50
E2F7,0.01,0,0,0,50.0,50.0,50.0,,0.0,0.0,0.0,0.0,0.0,0.0,0.0,0.0,0.1,0.0,0.0,0.0,0.0,0.0,False,50
FBXO32,0.01,0,0,0,50.0,50.0,50.0,,0.0,0.0,0.0,0.0,0.0,0.0,0.0,0.0,0.1,0.0,0.0,0.0,0.0,0.0,False,50
LARP6,0.01,0,0,0,50.0,50.0,50.0,1.0,0.0,0.0,0.0,0.0,0.0,0.0,0.0,0.1,0.0,0.0,0.0,0.0,0.0,0.0,False,50
LOC100507336,0.01,0,0,0,50.0,50.0,50.0,0.0,0.0,0.1,0.0,0.0,0.0,0.0,0.0,0.0,0.0,0.0,0.0,0.2,0.0,0.0,False,50
NECTIN4,0.01,0,0,0,50.0,50.0,50.0,1.0,0.9,0.0,0.0,0.0,0.0,0.0,0.0,0.0,0.1,0.0,0.0,0.0,0.0,0.9,False,50
PRIM2,0.01,0,0,0,50.0,50.0,50.0,,0.0,0.0,0.0,0.1,0.0,0.0,0.0,0.0,0.0,0.0,0.0,0.0,0.0,0.0,False,50
PRMT9,0.01,0,0,0,50.0,50.0,50.0,1.0,0.0,0.0,0.1,0.0,0.0,0.0,0.0,0.0,0.0,0.0,0.0,0.0,0.0,0.0,False,50
QKI,0.01,0,0,0,50.0,50.0,50.0,1.0,0.0,0.0,0.0,0.0,0.0,0.0,0.0,0.1,0.0,0.0,0.0,0.0,0.0,0.0,False,50
RPS6KB2,0.01,0,0,0,50.0,50.0,50.0,,0.0,0.0,0.0,0.0,0.0,0.0,0.0,0.0,0.1,0.0,0.0,0.0,0.0,0.0,False,50
SEMA3A,0.01,0,0,0,50.0,50.0,50.0,0.0,0.0,0.0,0.0,0.0,0.1,0.0,0.0,0.0,0.0,0.0,0.0,0.0,0.0,0.0,False,50
SLC4A4,0.01,0,0,0,50.0,50.0,50.0,,0.0,0.0,0.0,0.0,0.0,0.0,0.0,0.0,0.1,0.0,0.0,0.0,0.0,0.0,False,50
SLITRK6,0.01,0,0,0,50.0,50.0,50.0,0.0,0.0,0.0,0.1,0.0,0.0,0.0,0.0,0.0,0.0,0.0,0.0,0.0,0.0,0.0,False,50
SPATA1,0.01,0,0,0,50.0,50.0,50.0,,0.0,0.0,0.0,0.1,0.0,0.0,0.0,0.0,0.0,0.0,0.0,0.0,0.0,0.0,False,50
SPSB1,0.01,0,0,0,50.0,50.0,50.0,0.0,0.0,0.0,0.1,0.0,0.0,0.0,0.0,0.0,0.0,0.0,0.0,0.0,0.0,0.0,False,50
TAF4,0.01,0,0,0,50.0,50.0,50.0,0.0,0.0,0.0,0.1,0.0,0.0,0.0,0.0,0.0,0.0,0.0,0.0,0.0,0.0,0.0,False,50
THSD4,0.01,0,0,0,50.0,50.0,50.0,1.0,0.0,0.0,0.1,0.0,0.0,0.0,0.0,0.0,0.0,0.0,0.0,0.0,0.0,0.0,False,50
TUSC5,0.01,0,0,0,50.0,50.0,50.0,1.0,0.0,0.0,0.0,0.0,0.0,0.0,0.0,0.1,0.0,0.0,0.0,0.0,0.0,0.0,False,50
ZNF629,0.01,0,0,0,50.0,50.0,50.0,,0.0,0.0,0.0,0.0,0.0,0.0,0.0,0.0,0.1,0.0,0.0,0.0,0.0,0.0,False,50
ADGRL3,0.0,0,0,0,,,,0.0,0.0,0.0,0.0,0.0,0.0,0.0,0.0,0.0,0.0,0.0,0.0,0.1,0.0,0.0,False,50
ADIRF,0.0,0,0,0,,,,0.0,0.1,0.0,0.0,0.0,0.0,0.0,0.0,0.0,0.0,0.0,0.0,0.0,0.0,0.1,False,50
AKR1C3,0.0,0,0,0,,,,0.0,0.1,0.0,0.0,0.0,0.0,0.0,0.0,0.0,0.0,0.0,0.0,0.0,0.0,0.1,False,50
AKR1D1,0.0,0,0,0,,,,0.0,0.0,0.0,0.0,0.0,0.0,0.0,0.0,0.0,0.0,0.0,0.0,0.1,0.0,0.0,False,50
ANGPTL4,0.0,0,0,0,,,,0.0,0.1,0.0,0.0,0.0,0.0,0.0,0.0,0.0,0.0,0.0,0.0,0.0,0.0,0.1,False,50
AP1M2,0.0,0,0,0,,,,1.0,0.1,0.0,0.0,0.0,0.0,0.0,0.0,0.0,0.0,0.0,0.0,0.0,0.0,0.1,False,50
AQP9,0.0,0,0,0,,,,1.0,0.0,0.0,0.0,0.0,0.0,0.0,0.0,0.0,0.0,0.0,0.0,0.0,0.1,0.0,False,50
BAIAP2L1,0.0,0,0,0,,,,1.0,0.1,0.0,0.0,0.0,0.0,0.0,0.0,0.0,0.0,0.0,0.0,0.0,0.0,0.1,False,50
BCORP1,0.0,0,0,0,,,,0.0,0.0,0.0,0.0,0.0,0.0,0.0,0.0,0.0,0.0,0.0,0.0,0.1,0.0,0.0,False,50
BRMS1,0.0,0,0,0,,,,1.0,0.1,0.0,0.0,0.0,0.0,0.0,0.0,0.0,0.0,0.0,0.0,0.0,0.0,0.1,False,50
BTF3P12,0.0,0,0,0,,,,0.0,0.0,0.0,0.0,0.0,0.0,0.0,0.0,0.0,0.0,0.0,0.0,0.1,0.0,0.0,False,50
BUB1B,0.0,0,0,0,,,,1.0,0.1,0.0,0.0,0.0,0.0,0.0,0.0,0.0,0.0,0.0,0.0,0.0,0.0,0.1,False,50
C2CD4B,0.0,0,0,0,,,,0.0,0.0,0.0,0.0,0.0,0.0,0.0,0.0,0.0,0.0,0.0,0.0,0.1,0.0,0.0,False,50
C3orf52,0.0,0,0,0,,,,1.0,0.1,0.0,0.0,0.0,0.0,0.0,0.0,0.0,0.0,0.0,0.0,0.0,0.0,0.1,False,50
C6orf223,0.0,0,0,0,,,,0.0,0.0,0.0,0.0,0.0,0.0,0.0,0.0,0.0,0.0,0.0,0.0,0.1,0.0,0.0,False,50
CENPF,0.0,0,0,0,,,,1.0,0.2,0.0,0.0,0.0,0.0,0.0,0.0,0.0,0.0,0.0,0.0,0.0,0.0,0.2,False,50
CEP112,0.0,0,0,0,,,,0.0,0.0,0.0,0.0,0.0,0.0,0.0,0.0,0.0,0.0,0.0,0.0,0.1,0.0,0.0,False,50
CEP55,0.0,0,0,0,,,,1.0,0.1,0.0,0.0,0.0,0.0,0.0,0.0,0.0,0.0,0.0,0.0,0.0,0.0,0.1,False,50
CFAP44,0.0,0,0,0,,,,1.0,0.1,0.0,0.0,0.0,0.0,0.0,0.0,0.0,0.0,0.0,0.0,0.0,0.0,0.1,False,50
CGN,0.0,0,0,0,,,,1.0,0.6,0.0,0.0,0.0,0.0,0.0,0.0,0.0,0.0,0.0,0.0,0.0,0.0,0.6,False,50
CTNNA3,0.0,0,0,0,,,,0.0,0.0,0.0,0.0,0.0,0.0,0.0,0.0,0.0,0.0,0.0,0.0,0.1,0.0,0.0,False,50
CYTH2,0.0,0,0,0,,,,1.0,0.2,0.0,0.0,0.0,0.0,0.0,0.0,0.0,0.0,0.0,0.0,0.0,0.0,0.2,False,50
DCSTAMP,0.0,0,0,0,,,,1.0,0.0,0.0,0.0,0.0,0.0,0.0,0.0,0.0,0.0,0.0,0.0,0.0,0.1,0.0,False,50
DEFB132,0.0,0,0,0,,,,0.0,0.0,0.0,0.0,0.0,0.0,0.0,0.0,0.0,0.0,0.0,0.0,0.0,0.1,0.0,False,50
DIRC3,0.0,0,0,0,,,,0.0,0.0,0.0,0.0,0.0,0.0,0.0,0.0,0.0,0.0,0.0,0.0,0.1,0.0,0.0,False,50
DLGAP5,0.0,0,0,0,,,,1.0,0.1,0.0,0.0,0.0,0.0,0.0,0.0,0.0,0.0,0.0,0.0,0.0,0.0,0.1,False,50
EBF2,0.0,0,0,0,,,,0.0,0.0,0.0,0.0,0.0,0.0,0.0,0.0,0.0,0.0,0.0,0.0,0.1,0.0,0.0,False,50
EIF3C,0.0,0,0,0,,,,1.0,0.5,0.0,0.0,0.0,0.0,0.0,0.0,0.0,0.0,0.0,0.0,0.0,0.0,0.5,False,50
EVL,0.0,0,0,0,,,,1.0,0.2,0.0,0.0,0.0,0.0,0.0,0.0,0.0,0.0,0.0,0.0,0.0,0.0,0.2,False,50
EXOC7,0.0,0,0,0,,,,1.0,0.1,0.0,0.0,0.0,0.0,0.0,0.0,0.0,0.0,0.0,0.0,0.0,0.0,0.1,False,50
FAM166B,0.0,0,0,0,,,,0.0,0.0,0.0,0.0,0.0,0.0,0.0,0.0,0.0,0.0,0.0,0.0,0.1,0.0,0.0,False,50
FBXL22,0.0,0,0,0,,,,0.0,0.0,0.0,0.0,0.0,0.0,0.0,0.0,0.0,0.0,0.0,0.0,0.1,0.0,0.0,False,50
FGFR3,0.0,0,0,0,,,,1.0,0.4,0.0,0.0,0.0,0.0,0.0,0.0,0.0,0.0,0.0,0.0,0.0,0.0,0.4,False,50
FOXA1,0.0,0,0,0,,,,1.0,0.2,0.0,0.0,0.0,0.0,0.0,0.0,0.0,0.0,0.0,0.0,0.0,0.0,0.2,False,50
FOXO6,0.0,0,0,0,,,,1.0,0.1,0.0,0.0,0.0,0.0,0.0,0.0,0.0,0.0,0.0,0.0,0.0,0.0,0.1,False,50
GFRA2,0.0,0,0,0,,,,0.0,0.0,0.0,0.0,0.0,0.0,0.0,0.0,0.0,0.0,0.0,0.0,0.2,0.0,0.0,False,50
GJB2,0.0,0,0,0,,,,1.0,0.1,0.0,0.0,0.0,0.0,0.0,0.0,0.0,0.0,0.0,0.0,0.0,0.0,0.1,False,50
GREM2,0.0,0,0,0,,,,0.0,0.0,0.0,0.0,0.0,0.0,0.0,0.0,0.0,0.0,0.0,0.0,0.1,0.0,0.0,False,50
HAO2,0.0,0,0,0,,,,0.0,0.0,0.0,0.0,0.0,0.0,0.0,0.0,0.0,0.0,0.0,0.0,0.1,0.0,0.0,False,50
HAPLN4,0.0,0,0,0,,,,1.0,0.0,0.0,0.0,0.0,0.0,0.0,0.0,0.0,0.0,0.0,0.0,0.0,0.1,0.0,False,50
HELLS,0.0,0,0,0,,,,1.0,0.4,0.0,0.0,0.0,0.0,0.0,0.0,0.0,0.0,0.0,0.0,0.0,0.0,0.4,False,50
HPGD,0.0,0,0,0,,,,0.0,0.0,0.0,0.0,0.0,0.0,0.0,0.0,0.0,0.0,0.0,0.0,0.4,0.0,0.0,False,50
HS6ST1,0.0,0,0,0,,,,1.0,0.3,0.0,0.0,0.0,0.0,0.0,0.0,0.0,0.0,0.0,0.0,0.0,0.0,0.3,False,50
IFNA10,0.0,0,0,0,,,,0.0,0.0,0.0,0.0,0.0,0.0,0.0,0.0,0.0,0.0,0.0,0.0,0.1,0.0,0.0,False,50
IGSF9,0.0,0,0,0,,,,1.0,0.4,0.0,0.0,0.0,0.0,0.0,0.0,0.0,0.0,0.0,0.0,0.0,0.0,0.4,False,50
IQGAP3,0.0,0,0,0,,,,1.0,0.2,0.0,0.0,0.0,0.0,0.0,0.0,0.0,0.0,0.0,0.0,0.0,0.0,0.2,False,50
ITGB1BP1,0.0,0,0,0,,,,0.0,0.0,0.0,0.0,0.0,0.0,0.0,0.0,0.0,0.0,0.0,0.0,0.1,0.0,0.0,False,50
KIF2C,0.0,0,0,0,,,,1.0,0.2,0.0,0.0,0.0,0.0,0.0,0.0,0.0,0.0,0.0,0.0,0.0,0.0,0.2,False,50
LINC00900,0.0,0,0,0,,,,1.0,0.0,0.0,0.0,0.0,0.0,0.0,0.0,0.0,0.0,0.0,0.0,0.0,0.1,0.0,False,50
LOC100506142,0.0,0,0,0,,,,0.0,0.0,0.0,0.0,0.0,0.0,0.0,0.0,0.0,0.0,0.0,0.0,0.1,0.0,0.0,False,50
LOC101928409,0.0,0,0,0,,,,0.0,0.0,0.0,0.0,0.0,0.0,0.0,0.0,0.0,0.0,0.0,0.0,0.1,0.0,0.0,False,50
LOC101928429,0.0,0,0,0,,,,1.0,0.0,0.0,0.0,0.0,0.0,0.0,0.0,0.0,0.0,0.0,0.0,0.0,0.1,0.0,False,50
LOC101928716,0.0,0,0,0,,,,1.0,0.0,0.0,0.0,0.0,0.0,0.0,0.0,0.0,0.0,0.0,0.0,0.0,0.1,0.0,False,50
LOC101928909,0.0,0,0,0,,,,0.0,0.0,0.0,0.0,0.0,0.0,0.0,0.0,0.0,0.0,0.0,0.0,0.1,0.0,0.0,False,50
LOC101929210,0.0,0,0,0,,,,0.0,0.0,0.0,0.0,0.0,0.0,0.0,0.0,0.0,0.0,0.0,0.0,0.1,0.0,0.0,False,50
LOC102723845,0.0,0,0,0,,,,0.0,0.0,0.0,0.0,0.0,0.0,0.0,0.0,0.0,0.0,0.0,0.0,0.1,0.0,0.0,False,50
LOC105370424,0.0,0,0,0,,,,0.0,0.0,0.0,0.0,0.0,0.0,0.0,0.0,0.0,0.0,0.0,0.0,0.1,0.0,0.0,False,50
LOC284080,0.0,0,0,0,,,,0.0,0.0,0.0,0.0,0.0,0.0,0.0,0.0,0.0,0.0,0.0,0.0,0.1,0.0,0.0,False,50
LOC653581,0.0,0,0,0,,,,0.0,0.0,0.0,0.0,0.0,0.0,0.0,0.0,0.0,0.0,0.0,0.0,0.1,0.0,0.0,False,50
MMP8,0.0,0,0,0,,,,1.0,0.0,0.0,0.0,0.0,0.0,0.0,0.0,0.0,0.0,0.0,0.0,0.0,0.1,0.0,False,50
MOP-1,0.0,0,0,0,,,,1.0,0.0,0.0,0.0,0.0,0.0,0.0,0.0,0.0,0.0,0.0,0.0,0.0,0.1,0.0,False,50
MS4A6E,0.0,0,0,0,,,,1.0,0.0,0.0,0.0,0.0,0.0,0.0,0.0,0.0,0.0,0.0,0.0,0.0,0.1,0.0,False,50
NACA,0.0,0,0,0,,,,1.0,0.2,0.0,0.0,0.0,0.0,0.0,0.0,0.0,0.0,0.0,0.0,0.0,0.0,0.2,False,50
NEUROG2,0.0,0,0,0,,,,0.0,0.0,0.0,0.0,0.0,0.0,0.0,0.0,0.0,0.0,0.0,0.0,0.1,0.0,0.0,False,50
NNMT,0.0,0,0,0,,,,0.0,0.0,0.0,0.0,0.0,0.0,0.0,0.0,0.0,0.0,0.0,0.0,0.1,0.0,0.0,False,50
NOL4L,0.0,0,0,0,,,,1.0,0.1,0.0,0.0,0.0,0.0,0.0,0.0,0.0,0.0,0.0,0.0,0.0,0.0,0.1,False,50
NTS,0.0,0,0,0,,,,0.0,0.0,0.0,0.0,0.0,0.0,0.0,0.0,0.0,0.0,0.0,0.0,0.1,0.0,0.0,False,50
NUF2,0.0,0,0,0,,,,1.0,0.1,0.0,0.0,0.0,0.0,0.0,0.0,0.0,0.0,0.0,0.0,0.0,0.0,0.1,False,50
NXF5,0.0,0,0,0,,,,0.0,0.0,0.0,0.0,0.0,0.0,0.0,0.0,0.0,0.0,0.0,0.0,0.1,0.0,0.0,False,50
OPN5,0.0,0,0,0,,,,0.0,0.0,0.0,0.0,0.0,0.0,0.0,0.0,0.0,0.0,0.0,0.0,0.1,0.0,0.0,False,50
PCDHGA9,0.0,0,0,0,,,,0.0,0.0,0.0,0.0,0.0,0.0,0.0,0.0,0.0,0.0,0.0,0.0,0.2,0.0,0.0,False,50
PDCD6,0.0,0,0,0,,,,1.0,0.2,0.0,0.0,0.0,0.0,0.0,0.0,0.0,0.0,0.0,0.0,0.0,0.0,0.2,False,50
PLCH1-AS1,0.0,0,0,0,,,,0.0,0.0,0.0,0.0,0.0,0.0,0.0,0.0,0.0,0.0,0.0,0.0,0.1,0.0,0.0,False,50
PLPP2,0.0,0,0,0,,,,1.0,0.2,0.0,0.0,0.0,0.0,0.0,0.0,0.0,0.0,0.0,0.0,0.0,0.0,0.2,False,50
PRC1,0.0,0,0,0,,,,1.0,0.7,0.0,0.0,0.0,0.0,0.0,0.0,0.0,0.0,0.0,0.0,0.0,0.0,0.7,False,50
PROK2,0.0,0,0,0,,,,0.0,0.0,0.0,0.0,0.0,0.0,0.0,0.0,0.0,0.0,0.0,0.0,0.1,0.0,0.0,False,50
PTBP1,0.0,0,0,0,,,,1.0,0.2,0.0,0.0,0.0,0.0,0.0,0.0,0.0,0.0,0.0,0.0,0.0,0.0,0.2,False,50
RAB15,0.0,0,0,0,,,,1.0,0.8,0.0,0.0,0.0,0.0,0.0,0.0,0.0,0.0,0.0,0.0,0.0,0.0,0.8,False,50
RAB25,0.0,0,0,0,,,,1.0,0.2,0.0,0.0,0.0,0.0,0.0,0.0,0.0,0.0,0.0,0.0,0.0,0.0,0.2,False,50
RAB26,0.0,0,0,0,,,,1.0,0.2,0.0,0.0,0.0,0.0,0.0,0.0,0.0,0.0,0.0,0.0,0.0,0.0,0.2,False,50
RAP1GAP,0.0,0,0,0,,,,1.0,0.1,0.0,0.0,0.0,0.0,0.0,0.0,0.0,0.0,0.0,0.0,0.0,0.0,0.1,False,50
RECQL4,0.0,0,0,0,,,,1.0,0.1,0.0,0.0,0.0,0.0,0.0,0.0,0.0,0.0,0.0,0.0,0.0,0.0,0.1,False,50
RGL2,0.0,0,0,0,,,,1.0,0.1,0.0,0.0,0.0,0.0,0.0,0.0,0.0,0.0,0.0,0.0,0.0,0.0,0.1,False,50
RORB,0.0,0,0,0,,,,0.0,0.0,0.0,0.0,0.0,0.0,0.0,0.0,0.0,0.0,0.0,0.0,0.1,0.0,0.0,False,50
RPS8,0.0,0,0,0,,,,0.0,0.0,0.0,0.0,0.0,0.0,0.0,0.0,0.0,0.0,0.0,0.0,0.1,0.0,0.0,False,50
S100A14,0.0,0,0,0,,,,1.0,0.3,0.0,0.0,0.0,0.0,0.0,0.0,0.0,0.0,0.0,0.0,0.0,0.0,0.3,False,50
S1PR1,0.0,0,0,0,,,,0.0,0.0,0.0,0.0,0.0,0.0,0.0,0.0,0.0,0.0,0.0,0.0,0.1,0.0,0.0,False,50
SAPCD2,0.0,0,0,0,,,,1.0,0.4,0.0,0.0,0.0,0.0,0.0,0.0,0.0,0.0,0.0,0.0,0.0,0.0,0.4,False,50
SDPR,0.0,0,0,0,,,,0.0,0.1,0.0,0.0,0.0,0.0,0.0,0.0,0.0,0.0,0.0,0.0,0.0,0.0,0.1,False,50
SEMA3F,0.0,0,0,0,,,,1.0,0.1,0.0,0.0,0.0,0.0,0.0,0.0,0.0,0.0,0.0,0.0,0.0,0.0,0.1,False,50
SERPINB10,0.0,0,0,0,,,,0.0,0.0,0.0,0.0,0.0,0.0,0.0,0.0,0.0,0.0,0.0,0.0,0.1,0.0,0.0,False,50
SGCG,0.0,0,0,0,,,,0.0,0.0,0.0,0.0,0.0,0.0,0.0,0.0,0.0,0.0,0.0,0.0,0.0,0.1,0.0,False,50
SLAMF9,0.0,0,0,0,,,,1.0,0.0,0.0,0.0,0.0,0.0,0.0,0.0,0.0,0.0,0.0,0.0,0.0,0.1,0.0,False,50
SLC16A10,0.0,0,0,0,,,,1.0,0.0,0.0,0.0,0.0,0.0,0.0,0.0,0.0,0.0,0.0,0.0,0.0,0.1,0.0,False,50
SLC26A6,0.0,0,0,0,,,,1.0,0.1,0.0,0.0,0.0,0.0,0.0,0.0,0.0,0.0,0.0,0.0,0.0,0.0,0.1,False,50
TAPBP,0.0,0,0,0,,,,1.0,0.1,0.0,0.0,0.0,0.0,0.0,0.0,0.0,0.0,0.0,0.0,0.0,0.0,0.1,False,50
TMEM125,0.0,0,0,0,,,,1.0,0.2,0.0,0.0,0.0,0.0,0.0,0.0,0.0,0.0,0.0,0.0,0.0,0.0,0.2,False,50
TRIM45,0.0,0,0,0,,,,1.0,0.5,0.0,0.0,0.0,0.0,0.0,0.0,0.0,0.0,0.0,0.0,0.0,0.0,0.5,False,50
UBE2T,0.0,0,0,0,,,,1.0,0.2,0.0,0.0,0.0,0.0,0.0,0.0,0.0,0.0,0.0,0.0,0.0,0.0,0.2,False,50
WDR54,0.0,0,0,0,,,,1.0,0.1,0.0,0.0,0.0,0.0,0.0,0.0,0.0,0.0,0.0,0.0,0.0,0.0,0.1,False,50
ZFAS1,0.0,0,0,0,,,,1.0,0.3,0.0,0.0,0.0,0.0,0.0,0.0,0.0,0.0,0.0,0.0,0.0,0.0,0.3,False,50
